time,status,q_yH,dq_yH,ddq_yH,q_phiO,dq_phiO,ddq_phiO
0.0,PASSED,-0.27585698309713513,0.0,0.0,2.709419015542968,0.0,0.0
0.0010002000400080016,PASSED,-0.2758554873594148,0.002229671135925285,3.716118559875475,2.709411092559093,-0.011810659192592898,-19.68443198765483
0.002000400080016003,PASSED,-0.2758514104556523,0.005929650585076151,3.6892200420011254,2.7093894971110903,-0.031409485440247964,-19.5417557543219
0.0030006001200240046,PASSED,-0.27584364770723335,0.009601709602739202,3.6606183347710037,2.7093483779790435,-0.05085996476632012,-19.389628373905662
0.004000800160032006,PASSED,-0.2758322278763325,0.013244159685207688,3.6303379142668084,2.709287888101533,-0.07015284564815119,-19.228382553781355
0.005001000200040008,PASSED,-0.2758171813998129,0.01685533915558486,3.5984071744507546,2.7092081895549587,-0.08927913078431818,-19.058220191090747
0.006001200240048009,PASSED,-0.2757985403597378,0.020433618129800827,3.564860174059433,2.7091094533887268,-0.10822991050633018,-18.8791527426262
0.007001400280056011,PASSED,-0.2757763384532235,0.023977397504968745,3.5297255092402424,2.7089918594563085,-0.12699643548379458,-18.691439800689846
0.008001600320064013,PASSED,-0.2757506109616589,0.027485107568236276,3.493033099285722,2.7088555962423406,-0.14557019863945717,-18.49531205897771
0.009001800360072015,PASSED,-0.27572139471931706,0.0309552113120121,3.4548175067692237,2.7087008606859655,-0.16394283001266985,-18.29084424936929
0.010002000400080016,PASSED,-0.27568872808138134,0.034386204526049687,3.4151103522165,2.708527858000552,-0.18210612138156154,-18.078256115239988
0.011002200440088018,PASSED,-0.2756526508914107,0.03777661465726515,3.373943317214784,2.7083368014899425,-0.20005209601129798,-17.857786972734075
0.012002400480096018,PASSED,-0.27561320444827053,0.04112500292991952,3.331351576280749,2.7081279123614697,-0.2177729472949857,-17.629560824323455
0.01300260052010402,PASSED,-0.27557043147255234,0.044429964941201466,3.287368967949414,2.7079014195358457,-0.23526103917516902,-17.393779250756534
0.014002800560112022,PASSED,-0.2755243760725061,0.04769012986603456,3.242028896088881,2.7076575594541286,-0.2525089594205438,-17.15068090845362
0.015003000600120024,PASSED,-0.2754750837095125,0.050904161762634605,3.1953672302741554,2.707396575881935,-0.2695094872642701,-16.90042580057475
0.016003200640128026,PASSED,-0.2754226011631186,0.05407076032134799,3.1474194443395396,2.707118719711093,-0.2862555836401413,-16.643210092735565
0.017003400680136026,PASSED,-0.2753669764956603,0.05718866038414493,3.098220475101877,2.706824248758849,-0.30274042884951186,-16.379268620460508
0.01800360072014403,PASSED,-0.2753082590164985,0.06025663272025123,3.0478069101092458,2.70651342756488,-0.3189574079928157,-16.108786158532638
0.01900380076015203,PASSED,-0.27524649924589395,0.06327348474238811,2.9962154301553046,2.7061865271862215,-0.3349000986281173,-15.831960286480895
0.020004000800160033,PASSED,-0.27518174887854197,0.06623806026376643,2.943482248860304,2.7058438249903247,-0.350562295623493,-15.54902146797224
0.021004200840168033,PASSED,-0.27511406074679556,0.06914923994101979,2.8896446295154203,2.7054856044463813,-0.3659380066606448,-15.260170749938137
0.022004400880176037,PASSED,-0.27504348878359924,0.07200594187317208,2.8347401339101914,2.705112154915096,-0.38102144088862216,-14.965609880003537
0.023004600920184037,PASSED,-0.27497008798515843,0.07480712151128445,2.778805974247154,2.7047237714371177,-0.39580702415981467,-14.665565531985187
0.024004800960192037,PASSED,-0.2748939143733674,0.07755177189682244,2.7218799930652327,2.704320754520198,-0.4102893996204721,-14.360248746438915
0.02500500100020004,PASSED,-0.2748150249580227,0.08023892411553465,2.664000369143532,2.703903409925361,-0.4244634185680689,-14.049865748368612
0.02600520104020804,PASSED,-0.27473347769884177,0.08286764728838371,2.6052050419860624,2.703472048452134,-0.438324149088414,-13.734640368329407
0.027005401080216044,PASSED,-0.27464933146731435,0.08543704868021468,2.5455322917275756,2.703026985723096,-0.45186687854753815,-13.414788852987346
0.028005601120224044,PASSED,-0.2745626460084068,0.08794627401268539,2.485020692966118,2.7025685419678243,-0.46508710685036453,-13.090521269385771
0.029005801160232048,PASSED,-0.27447348190214527,0.09039450747927698,2.4237086490085726,2.702097041806459,-0.47798055067484524,-12.762058861210631
0.030006001200240048,PASSED,-0.2743819005250979,0.09278097177082276,2.3616347199039276,2.701612814032974,-0.49054314625091827,-12.429620052647927
0.03100620124024805,PASSED,-0.27428796401178174,0.09510492825776949,2.2988376649752977,2.7011161913983748,-0.5027710445471091,-12.093417125219482
0.03200640128025605,PASSED,-0.2741917352160141,0.09736567699464986,2.2353561181504196,2.700607510393904,-0.514660612769027,-11.753668953050068
0.033006601320264055,PASSED,-0.2740932776722321,0.0995625566828515,2.1712287349024226,2.70008711103444,-0.5262084365814937,-11.410593718744444
0.03400680136027205,PASSED,-0.27399265555680224,0.10169494474141648,2.106494274340024,2.699555336642227,-0.537411316669204,-11.06440433368754
0.035007001400280055,PASSED,-0.27388993364934044,0.10376225727648153,2.041191375548405,2.6990125336310364,-0.5482662686119959,-10.715317015528093
0.03600720144028806,PASSED,-0.2737851772940653,0.10576394899115345,1.9753586074209228,2.6984590512909574,-0.5587705242004746,-10.363547970445849
0.03700740148029606,PASSED,-0.2736784523612044,0.10769951316289868,1.9090345479614463,2.6978952415738915,-0.5689215288876431,-10.009309164983831
0.03800760152030406,PASSED,-0.2735698252084751,0.10956848156282667,1.8422576345723611,2.697321458879902,-0.5787169406893019,-9.652813559442073
0.03900780156031206,PASSED,-0.27345936264265935,0.11137042431877449,1.7750661701981296,2.696738059844543,-0.5881546306068376,-9.294274156264814
0.040008001600320066,PASSED,-0.2733471318812933,0.113104949811454,1.7074983743337524,2.696145403127292,-0.5972326805135341,-8.933900406984305
0.04100820164032806,PASSED,-0.2732332005144909,0.11477170453925528,1.6395922967796364,2.695543849201182,-0.6059493815062059,-8.571901383130285
0.042008401680336066,PASSED,-0.27311763646692083,0.11637037293409162,1.5713857935408249,2.6949337601437793,-0.6143032335054239,-8.208485743276468
0.04300860172034407,PASSED,-0.2730005079599556,0.1179006771887095,1.502916562002586,2.694315499429583,-0.6222929433266867,-7.843859206586991
0.04400880176035207,PASSED,-0.27288188347401204,0.119362377065826,1.4342220871924434,2.6936894317239926,-0.6299174226487045,-7.478226065638591
0.04500900180036007,PASSED,-0.27276183171109974,0.1207552696666583,1.3653396099255393,2.693055922678887,-0.6371757869870742,-7.111789853523739
0.04600920184036807,PASSED,-0.27264042155759804,0.12207918919723591,1.2963061443456563,2.6924153387299854,-0.6440673537169387,-6.744751314091695
0.04700940188037608,PASSED,-0.2725177220472757,0.12333400672485387,1.2271584497994814,2.6917680468960365,-0.6505916398009103,-6.377309263891561
0.048009601920384073,PASSED,-0.2723938023245736,0.12451962989853646,1.1579329896046588,2.6911144145799355,-0.6567483602468354,-6.009661233947463
0.04900980196039208,PASSED,-0.2722687316081644,0.12563600266344688,1.0886659484475716,2.6904548093718788,-0.6625374259917931,-5.642002085631258
0.05001000200040008,PASSED,-0.27214257915480705,0.12668310496423626,1.0193932023506183,2.6897895988546043,-0.6679589414786161,-5.274524420950751
0.051010202040408084,PASSED,-0.2720154142235124,0.12766095242132847,0.950150293586591,2.6891191504108627,-0.6730132026237754,-4.9074189612983465
0.05201040208041608,PASSED,-0.27188730604003386,0.1285695959975415,0.8809724312973657,2.688443831033103,-0.677700694610837,-4.540874004237315
0.053010602120424084,PASSED,-0.2717583237617,0.12940912165214982,0.8118944701489802,2.6877640071355526,-0.6820220892669533,-4.1750750907022125
0.05401080216043209,PASSED,-0.2716285364426024,0.1301796499762695,0.7429508934334546,2.687080044368673,-0.6859782427180927,-3.810205691430899
0.05501100220044009,PASSED,-0.27149801299915427,0.1308813358139948,0.6741758005865458,2.686392307436128,-0.68957019297873,-3.446446640108247
0.05601120224044809,PASSED,-0.2713668221760337,0.13151436787231632,0.6056028968115169,2.6857011599142844,-0.692799157201035,-3.083975943769643
0.05701140228045609,PASSED,-0.2712350325125239,0.13207896831811294,0.5372654784533937,2.685006964074325,-0.6956665291000869,-2.7229692025733567
0.058011602320464095,PASSED,-0.27110271230926547,0.13257539235721805,0.4691964128728899,2.684310080707041,-0.6981738763139475,-2.3635992213851886
0.05901180236047209,PASSED,-0.2709699295954323,0.13300392780535983,0.4014281383210303,2.683610868950336,-0.7003229375677175,-2.006035942026612
0.060012002400480095,PASSED,-0.270836752096344,0.13336489464747012,0.3339926446364325,2.6829096861195234,-0.7021156198806783,-1.6504465602504927
0.0610122024404881,PASSED,-0.27070324720152644,0.13365864458077029,0.2669214590759873,2.682206887540444,-0.7035539957602289,-1.2969954257507106
0.0620124024804961,PASSED,-0.27056948193323277,0.13388556054917689,0.200245641293624,2.681502826385464,-0.7046403002649108,-0.9458438906358674
0.0630126025205041,PASSED,-0.2704355229154356,0.13404605626853103,0.13399577139453223,2.6807978535123906,-0.7053769280508633,-0.5971503828301375
0.0640128025605121,PASSED,-0.27030143634330184,0.13414057573610574,0.068201931694825,2.680092317306361,-0.7057664304153805,-0.2510703523085889
0.0650130026005201,PASSED,-0.2701672879531596,0.13416959273407583,0.0028937088202553225,2.6793865635247185,-0.7058115122719828,0.09224380720177781
0.06601320264052811,PASSED,-0.27003314299296843,0.13413361032269888,-0.061899824841760584,2.67868093514494,-0.7055150290760649,0.4326427883952262
0.06701340268053611,PASSED,-0.2698990661933021,0.13403316032051465,-0.12615012041255458,2.67797577221564,-0.7048799837312295,0.7699803824622508
0.0680136027205441,PASSED,-0.2697651217388535,0.13386880277897378,-0.18982915562639538,2.6772714117106604,-0.7039095235075132,1.104113451218969
0.0690138027605521,PASSED,-0.26963137324046976,0.13364112544827858,-0.2529094474077393,2.6765681873863345,-0.7026069368300305,1.4349021616584452
0.07001400280056011,PASSED,-0.26949788370772776,0.1333507432318496,-0.3153640624431489,2.6758664296418666,-0.7009756501494702,1.7622096931617148
0.07101420284056811,PASSED,-0.269364715522057,0.13299829763426088,-0.37716662101904885,2.6751664653829397,-0.6990192247403519,2.0859025530892747
0.07201440288057612,PASSED,-0.269231930410418,0.13258445620370052,-0.43829130358788926,2.6744686178885226,-0.6967413534222222,2.4058504948234103
0.07301460292058412,PASSED,-0.2690995894195437,0.1321099119645456,-0.49871286286627303,2.6737732066808886,-0.6941458574006952,2.721926372662555
0.07401480296059212,PASSED,-0.26896775289075175,0.13157538284153988,-0.558406629765346,2.6730805473989254,-0.6912366829518332,3.0340064996617424
0.07501500300060011,PASSED,-0.268836480435333,0.13098161108204134,-0.6173485126539968,2.6723909516746844,-0.6880178981257312,3.3419703770621227
0.07601520304060812,PASSED,-0.2687058309105236,0.13032936266924333,-0.6755150128940067,2.671704727013225,-0.6844936895217963,3.645700755183424
0.07701540308061612,PASSED,-0.26857586239606696,0.12961942672794297,-0.7328832269046393,2.6710221766757596,-0.6806683589339326,3.945083809650551
0.07801560312062412,PASSED,-0.26844663217137005,0.12885261492830383,-0.7894308481288047,2.670343599566102,-0.6765463200361355,4.240008956561631
0.07901580316063213,PASSED,-0.26831819669326107,0.12802976088231507,-0.8451361778953628,2.66966929012044,-0.6721320950856962,4.530368946357734
0.08001600320064013,PASSED,-0.26819061157435176,0.12715171953564264,-0.8999781258571588,2.6689995382004366,-0.6674303115661844,4.816059901614499
0.08101620324064814,PASSED,-0.26806393156201025,0.12621936655573562,-0.9539362159402313,2.6683346289896726,-0.6624456988425583,5.096981271633892
0.08201640328065612,PASSED,-0.2679382105179484,0.12523359771488832,-1.0069905907853645,2.667674842893407,-0.6571830848639407,5.373035783273408
0.08301660332066413,PASSED,-0.26781350139842713,0.12419532826963044,-1.05912201490622,2.6670204554417203,-0.6516473927540207,5.644129661017716
0.08401680336067213,PASSED,-0.2676898562350843,0.12310549233775472,-1.1103118765220332,2.6663717371959565,-0.6458436375129468,5.910172294444762
0.08501700340068014,PASSED,-0.2675673261163872,0.12196504227128419,-1.1605421931028743,2.66572895365858,-0.6397769226259341,6.171076615391437
0.08601720344068814,PASSED,-0.2674459611697145,0.12077494802549117,-1.2097956142531172,2.6650923651862874,-0.6334524367802457,6.426758665886502
0.08701740348069614,PASSED,-0.26732581054406745,0.11953619652849594,-1.2580554188233004,2.664462226906571,-0.626875450440904,6.677138121645092
0.08801760352070415,PASSED,-0.2672069223934163,0.11824979104561405,-1.3053055255876183,2.6638387886375323,-0.6200513125555402,6.922137727842642
0.08901780356071214,PASSED,-0.2670893438606808,0.11691675054268237,-1.3515304878277117,2.6632222948111046,-0.6129854472288201,7.161683725971629
0.09001800360072014,PASSED,-0.26697312106234766,0.11553810905017052,-1.396715495634586,2.66261298439956,-0.6056833503528218,7.3957056426827394
0.09101820364072814,PASSED,-0.2668582990737274,0.11411491502217716,-1.4408463828992204,2.6620110908453722,-0.5981505863092292,7.62413631086579
0.09201840368073615,PASSED,-0.26674492191484955,0.1126482306970949,-1.4839096198709463,2.661416841994394,-0.5903927846431464,7.846911902894038
0.09301860372074415,PASSED,-0.26663303253699927,0.11113913145692182,-1.5258923203744812,2.6608304600323334,-0.5824156367685285,8.063971855767214
0.09401880376075215,PASSED,-0.2665226728098938,0.10958870518678572,-1.5667822366438289,2.660252161424547,-0.5742248926576267,8.275258947658175
0.09501900380076016,PASSED,-0.26641388350950035,0.10799805163334754,-1.606567764634407,2.659682156859116,-0.565826357556582,8.480719203302423
0.09601920384076815,PASSED,-0.26630670430649483,0.1063682817635809,-1.6452379398547807,2.659120651193193,-0.5572258887401671,8.680301891823184
0.09701940388077615,PASSED,-0.26620117375536134,0.10470051712530284,-1.682782437226912,2.658567843402628,-0.5484293922208395,8.873959604330278
0.09801960392078415,PASSED,-0.26609732928413077,0.10299588920811749,-1.7191915704909764,2.6580239265348444,-0.5394428194960629,9.061648138407554
0.09901980396079216,PASSED,-0.2659952071847592,0.10125553880332525,-1.7544562943264088,2.657489087664934,-0.5302721643766801,9.243326440032831
0.10002000400080016,PASSED,-0.2658948426041435,0.09948061536805354,-1.7885681959019069,2.656963507855006,-0.520923459708046,9.418956821034792
0.10102020404080816,PASSED,-0.26579626953577296,0.09767227639013781,-1.8215194992582584,2.6564473621166997,-0.511402774203806,9.588504626376796
0.10202040408081617,PASSED,-0.26569952081201587,0.09583168675408865,-1.853303060576426,2.6559408193769163,-0.501716209294124,9.751938431885343
0.10302060412082417,PASSED,-0.26560462809703844,0.09396001810882927,-1.8839123683813612,2.655444042446709,-0.49186989590030217,9.909230035112751
0.10402080416083216,PASSED,-0.2655116218803533,0.09205844824053304,-1.9133415349061598,2.6549571879933227,-0.48186999133611674,10.060354250233797
0.10502100420084017,PASSED,-0.26542053147099637,0.09012816044556676,-1.9415853016730196,2.654480406515352,-0.47172267623057096,10.20528900908714
0.10602120424084817,PASSED,-0.26533138499232817,0.08817034290554886,-1.9686390322478462,2.6540138423210267,-0.46143415134441124,10.344015470874782
0.10702140428085617,PASSED,-0.26524420937745713,0.08618618806954231,-1.9944987051790077,2.653557633509573,-0.4510106345248796,10.476517718636215
0.10802160432086418,PASSED,-0.26515903036528127,0.08417689203598708,-2.0191609191393693,2.653111911955631,-0.4404583577152691,10.602782870259952
0.10902180436087218,PASSED,-0.2650758724971452,0.08214365393869612,-2.0426228827253436,2.6526768032967345,-0.4297835638385239,10.722801214401981
0.11002200440088018,PASSED,-0.26499475911410814,0.08008767533878113,-2.064882411374771,2.652252426923789,-0.4189925038125559,10.8365659003453
0.11102220444088817,PASSED,-0.26491571235481937,0.07801015961911537,-2.085937925193096,2.6518388959745423,-0.40809143364061073,10.944073019678468
0.11202240448089618,PASSED,-0.26483875315399696,0.07591231138219864,-2.1057884447324713,2.6514363173300426,-0.3970866113578095,11.045321791549808
0.11302260452090418,PASSED,-0.2647639012415049,0.07379533585503902,-2.124433582111066,2.6510447916139963,-0.3859842941638498,11.140314128899693
0.11402280456091218,PASSED,-0.2646911751420248,0.0716604382969873,-2.1418735420121475,2.650664413195081,-0.3747907355369161,11.229054958956358
0.11502300460092019,PASSED,-0.26462059217531614,0.06950882341233018,-2.1581091130871055,2.6502952701921254,-0.3635121822903109,11.31155210503782
0.11602320464092819,PASSED,-0.26455216845706114,0.06734169477004809,-2.1731416617454125,2.6499374444821306,-0.3521548718098795,11.387816064027193
0.1170234046809362,PASSED,-0.2644859189002888,0.06516025422596539,-2.1869731323075423,2.6495910117111516,-0.3407250292131633,11.457860285175467
0.11802360472094418,PASSED,-0.2644218572173712,0.0629657013536595,-2.1996060323047857,2.6492560413079542,-0.32922886452106437,11.521700963381166
0.11902380476095219,PASSED,-0.264359995922589,0.060759232878650746,-2.211043436811397,2.648932596500439,-0.31767256998163373,11.579356923463623
0.12002400480096019,PASSED,-0.2643003463352577,0.05854204211923149,-2.22128897449117,2.6486207343348123,-0.3060623173172423,11.630849825009989
0.1210242048409682,PASSED,-0.2642429185834103,0.05631531843476212,-2.2303468244548363,2.648320505697456,-0.2944042549981329,11.676203981842301
0.1220244048809762,PASSED,-0.26418772160802956,0.05408024667848352,-2.2382217108277707,2.6480319553394684,-0.2827045056448993,11.715446267494473
0.1230246049209842,PASSED,-0.2641347631678229,0.051838006657539314,-2.2449188943551603,2.6477551219038475,-0.2709691633919351,11.748606243277411
0.1240248049609922,PASSED,-0.26408404984453465,0.04958977259973416,-2.2504441667717985,2.6474900379552775,-0.2592042912603319,11.7757160571537
0.1250250050010002,PASSED,-0.26403558704878743,0.047336712627968305,-2.254803841761903,2.647236730012483,-0.24741591865110557,11.796810310608068
0.1260252050410082,PASSED,-0.263989379026447,0.045079988239667426,-2.258004752660192,2.646995218583129,-0.2356100388122172,11.811926191075184
0.1270254050810162,PASSED,-0.263945428865502,0.04282075379506879,-2.2600542392242717,2.646765518201204,-0.22379260634734713,11.821103314066663
0.1280256051210242,PASSED,-0.26390373850345333,0.04056015601277303,-2.260960144343418,2.6465476374668935,-0.21196953476547076,11.824383760416174
0.1290258051610322,PASSED,-0.2638643087352036,0.03829933347212199,-2.2607308048561183,2.646341579088856,-0.20014669408837354,11.821811954884602
0.1300260052010402,PASSED,-0.2638271392214408,0.03603941612294076,-2.259375045397983,2.646147339928904,-0.18832990848012868,11.813434710485026
0.13102620524104822,PASSED,-0.26379222849750705,0.0337815248045181,-2.256902167105789,2.645964911049035,-0.1765249538854304,11.799301184173768
0.13202640528105622,PASSED,-0.2637595739827459,0.03152677077187712,-2.253321942997763,2.6457942777607806,-0.1647375557487719,11.77946277164835
0.13302660532106422,PASSED,-0.263729171990319,0.02927625522870523,-2.248644609954648,2.645635419676814,-0.1529733867952824,11.753973074716967
0.13402680536107223,PASSED,-0.263701017737485,0.027031068870131326,-2.242880857653407,2.645488310764827,-0.14123806474541464,11.722888033301645
0.13502700540108023,PASSED,-0.2636751053563313,0.024792291434573295,-2.236041820827781,2.6453529194035714,-0.12953715016777612,11.686265607196445
0.1360272054410882,PASSED,-0.26365142790495155,0.022560991261806704,-2.2281390740591362,2.6452292084410742,-0.11787614438645584,11.644165897402841
0.1370274054810962,PASSED,-0.26362997737905874,0.020338224860558363,-2.219184619374476,2.6451171352549654,-0.10626048731552688,11.596651186613048
0.1380276055211042,PASSED,-0.26361074472402696,0.018125036486031507,-2.2091908779617784,2.6450166518148777,-0.0946955554319778,11.543785681506458
0.13902780556111222,PASSED,-0.2635937198473518,0.0159224577245563,-2.1981706838174935,2.644927704746882,-0.08318665979406262,11.48563560885434
0.14002800560112022,PASSED,-0.2635788916315211,0.013731507087500571,-2.186137272547888,2.644850235399916,-0.07173904402685602,11.422269206108098
0.14102820564112822,PASSED,-0.2635662479472862,0.011553189616675279,-2.1731042696768976,2.6447841799141387,-0.06035788242856571,11.353756526411782
0.14202840568113623,PASSED,-0.26355577566732663,0.009388496494022628,-2.1590856913031535,2.6447294692912346,-0.049048278059736265,11.280169597107891
0.14302860572114423,PASSED,-0.263547460680296,0.007238404664551451,-2.1440959215831943,2.6446860294665346,-0.03781526091818126,11.201582171186415
0.14402880576115223,PASSED,-0.2635412879052423,0.005103876469611614,-2.128149710510933,2.6446537813829747,-0.026663786166721243,11.118069804975743
0.14502900580116024,PASSED,-0.2635372413063925,0.002985859283948129,-2.1112621690985205,2.644632641066831,-0.015598732331857507,11.029709854789063
0.14602920584116824,PASSED,-0.26353530390829105,0.0008852851675800187,-2.0934487478811707,2.6446225197051785,-0.004624899617031434,10.936581288184081
0.14702940588117624,PASSED,-0.26353545781128407,-0.0011969294733765257,-2.074725236340127,2.6446233237250185,0.006252991703055233,10.838764674688392
0.14802960592118425,PASSED,-0.2635376842073382,-0.003259884219204631,-2.055107752153424,2.6446349548740886,0.01703030300597579,10.736342388408664
0.14902980596119225,PASSED,-0.2635419633961859,-0.005302694956268741,-2.0346127270045673,2.6446573103032063,0.027702478810925166,10.629398082643187
0.15003000600120023,PASSED,-0.2635482748017859,-0.007324494187971974,-2.0132569015023445,2.6446902826502128,0.038265048303807406,10.518017099708278
0.15103020604120823,PASSED,-0.2635565969890897,-0.009324431335518888,-1.9910573115766292,2.6447337601253866,0.04871362687466966,10.40228621829824
0.15203040608121624,PASSED,-0.2635669076811039,-0.011301673029123962,-1.9680312816240357,2.6447876265983075,0.05904391747170091,10.282293516186593
0.15303060612122424,PASSED,-0.2635791837762392,-0.013255403389468581,-1.9441964128250107,2.644851761686172,0.06925171205840872,10.158128633721976
0.15403080616123224,PASSED,-0.2635934013659337,-0.015184824297086053,-1.9195705708124473,2.644926040843401,0.0793328928966231,10.029882307875972
0.15503100620124025,PASSED,-0.2636095357525433,-0.017089155653730533,-1.8941718805325056,2.6450103354526204,0.08928343384125866,9.897646702475283
0.15603120624124825,PASSED,-0.2636275614674871,-0.018967635633428126,-1.868018712474314,2.645104512916873,0.09909940162674385,9.76151517415848
0.15703140628125625,PASSED,-0.2636474522896377,-0.020819520921174044,-1.8411296712603218,2.6452084367530655,0.10877695701784655,9.62158220239885
0.15803160632126426,PASSED,-0.26366918126394656,-0.022644086943263354,-1.81352358930863,2.645321966686579,0.11831235595673402,9.477943429879875
0.15903180636127226,PASSED,-0.26369272072029476,-0.024440628088303586,-1.785219515527967,2.645444958746986,0.12770195066949194,9.330695568009967
0.16003200640128026,PASSED,-0.26371804229255663,-0.02620845791306667,-1.7562366975864945,2.6455772653648744,0.1369421907361872,9.17993639915217
0.16103220644128827,PASSED,-0.2637451169378684,-0.02794690934346625,-1.7265945856083111,2.6457187354696647,0.1460296240616504,9.025764609670512
0.16203240648129627,PASSED,-0.2637739149560898,-0.029655334863407597,-1.6963128094967024,2.645869214588418,0.1549608978192163,8.868279856162827
0.16303260652130427,PASSED,-0.26380440600944843,-0.03133310668979527,-1.6654111709816461,2.64602854494557,0.16373275939677506,8.707582725156085
0.16403280656131225,PASSED,-0.26383655914235704,-0.032979616941526735,-1.6339096388980026,2.646196565563536,0.17234205721280255,8.543774543275077
0.16503300660132025,PASSED,-0.2638703428013924,-0.034594277796855775,-1.601828332949724,2.6463731123641527,0.18078574151796972,8.376957479761883
0.16603320664132826,PASSED,-0.26390572485542607,-0.03617652163839207,-1.5691875139273483,2.6465580182709063,0.18906086520252227,8.207234487746293
0.16703340668133626,PASSED,-0.2639426726158958,-0.03772580118866319,-1.5360075745002961,2.6467511133118613,0.19716458442417215,8.034709044252248
0.16803360672134426,PASSED,-0.26398115285720747,-0.03924158963622523,-1.5023090296032005,2.646952224723311,0.20509415931141103,7.859485449230019
0.16903380676135227,PASSED,-0.2640211318372568,-0.0407233807501271,-1.4681125034343092,2.647161177054035,0.21284695460708536,7.68166852663718
0.17003400680136027,PASSED,-0.26406257531806104,-0.042170688983897656,-1.4334387206613903,2.6473777922701363,0.22042044012340492,7.501363509441187
0.17103420684136827,PASSED,-0.2641054485864889,-0.04358304956840803,-1.3983084937430383,2.647601889860428,0.22781219133032568,7.318676338573802
0.17203440688137628,PASSED,-0.2641497164750789,-0.044960018595966995,-1.3627427167695811,2.647833286942291,0.2350198898253704,7.133713266025327
0.17303460692138428,PASSED,-0.2641953433829361,-0.04630117309339512,-1.3267623512004918,2.6480717983679707,0.24204132366914605,6.946580895609191
0.17403480696139229,PASSED,-0.2642422932966957,-0.04760611108269078,-1.2903884146924436,2.64831723683126,0.24887438780332694,6.757386293228647
0.1750350070014003,PASSED,-0.2642905298115441,-0.04887445163413119,-1.2536419759390585,2.6485694129745125,0.2555170843607359,6.566236733529186
0.1760352070414083,PASSED,-0.264340016152286,-0.05010583490659379,-1.2165441368116188,2.648828135495935,0.2619675228750874,6.373239701566353
0.1770354070814163,PASSED,-0.264390715194448,-0.05129992217940005,-1.1791160301360328,2.6490932112571453,0.2682239205657285,6.178503016690955
0.17803560712142427,PASSED,-0.26444258948540805,-0.05245639587252972,-1.1413788017920976,2.6493644453908733,0.27428460244555863,5.982134455256222
0.17903580716143228,PASSED,-0.26449560126553984,-0.05357495955631467,-1.1033536051135229,2.649641641408839,0.2801480014359747,5.784242013855974
0.18003600720144028,PASSED,-0.2645497124893631,-0.05465533795301268,-1.0650615910876633,2.649924601309708,0.28581265849490334,5.58493375564376
0.18103620724144828,PASSED,-0.26460488484668837,-0.055697276925505634,-1.0265238934298146,2.6502131256870607,0.2912772225304657,5.384317555508041
0.1820364072814563,PASSED,-0.2646610797837468,-0.05670054345676427,-0.9877616231445208,2.6505070138373985,0.2965404504407811,5.182501480186902
0.1830366073214643,PASSED,-0.26471825852429454,-0.057664925620716484,-0.9487958578240135,2.650806063868052,0.30160120703555526,4.97959333783236
0.1840368073614723,PASSED,-0.2647763820906816,-0.05859023254062179,-0.9096476279595023,2.651110072805014,0.3064584648571689,4.7757008108011645
0.1850370074014803,PASSED,-0.2648354113248757,-0.05947629433924635,-0.870337912401264,2.6514188367005924,0.3111113040266785,4.57093140864866
0.1860372074414883,PASSED,-0.2648953069094303,-0.06032296207901297,-0.8308876246768615,2.651732150740868,0.3155589120232249,4.365392388478131
0.1870374074814963,PASSED,-0.2649560293883878,-0.061130107690467964,-0.7913176026404104,2.6520498093529223,0.3198005834225574,4.159190739902054
0.1880376075215043,PASSED,-0.2650175391881079,-0.06189762389425993,-0.7516486045596731,2.652371606311734,0.3238357195330685,3.952433024250486
0.1890378075615123,PASSED,-0.26507979663801046,-0.06262542411036014,-0.7119012904605754,2.6526973348467475,0.32766382803769767,3.745225491548283
0.19003800760152031,PASSED,-0.2651427619912254,-0.06331344235881999,-0.6720962204593619,2.6530267877480527,0.3312845226295081,3.5376739919850992
0.19103820764152832,PASSED,-0.2652063954451374,-0.06396163315268963,-0.6322538428098229,2.6533597574721064,0.3346975224770407,3.329883751230968
0.1920384076815363,PASSED,-0.26527065716181847,-0.06456997137848969,-0.5923944811268842,2.653696036246991,0.3379026517415635,3.1219596067173696
0.1930386077215443,PASSED,-0.2653355072883371,-0.06513845216954448,-0.5525383310067237,2.6540354161771127,0.34089983904151844,2.9140057621133075
0.1940388077615523,PASSED,-0.26540090597693594,-0.06566709076960248,-0.5127054460921866,2.654377689347343,0.34368911681558895,2.706125782042028
0.1950390078015603,PASSED,-0.26546681340506867,-0.06615592238721985,-0.47291573196750025,2.654722647926519,0.3462706206888725,2.4984226007779466
0.1960392078415683,PASSED,-0.2655331897952864,-0.0666050020413573,-0.43318893558410526,2.6550700842702897,0.3486445888019648,2.2909984546352917
0.1970394078815763,PASSED,-0.26559999543496543,-0.06701440439789487,-0.3935446371731981,2.6554197910232222,0.3508113610249004,2.083954735135816
0.19803960792158432,PASSED,-0.26566719069586725,-0.06738422359708121,-0.3540022405284298,2.655771561220171,0.3527713782038989,1.8773921415736599
0.19903980796159232,PASSED,-0.2657347360535223,-0.06771457307396284,-0.3145809677837622,2.6561251883868287,0.3545251813512611,1.671410484554453
0.20004000800160032,PASSED,-0.2658025921064282,-0.06800558536804345,-0.27529984494520776,2.656480466639435,0.35607341073719967,1.466108653528026
0.20104020804160833,PASSED,-0.2658707195950554,-0.06825741192610385,-0.23617770013719008,2.6568371907835884,0.3574168049906368,1.261584653376603
0.20204040808161633,PASSED,-0.2659390794206506,-0.06847022289675099,-0.19723315098710462,2.657195156412129,0.3585562001629828,1.0579355183256212
0.20304060812162433,PASSED,-0.26600763266383026,-0.06864420691593599,-0.15848459798360415,2.657554160002025,0.35949252868559883,0.8552571921430274
0.20404080816163234,PASSED,-0.26607634060295693,-0.06877957088539785,-0.11995021711401788,2.657913999010284,0.3602268183902503,0.653644712990342
0.20504100820164034,PASSED,-0.26614516473228916,-0.06887653974337425,-0.0816479518846708,2.6582744719687375,0.36076019136172577,0.45319181046549667
0.20604120824164834,PASSED,-0.2662140667798982,-0.0689353562265383,-0.043595504016955285,2.6586353785777925,0.36109386285687683,0.2539912849414381
0.20704140828165632,PASSED,-0.2662830087253438,-0.06895628062548786,-0.005810328904646185,2.6589965197989844,0.36122914014286855,0.05613462002528449
0.20804160832166432,PASSED,-0.2663519528171015,-0.0689395905337362,0.031690372189206124,2.6593576979463847,0.3611674212688168,-0.14028787010319205
0.20904180836167233,PASSED,-0.2664208615897343,-0.06888558058669483,0.06888966360949247,2.6597187167767724,0.3609101938517466,-0.3351871150482388
0.21004200840168033,PASSED,-0.266489697880801,-0.06879456219530095,0.10577087658347657,2.6600793815785364,0.36045903377317456,-0.5284753875878817
0.21104220844168833,PASSED,-0.2665584248474957,-0.0686668632755507,0.14231761519475936,2.660439499259312,0.3598156038945245,-0.720066206024891
0.21204240848169634,PASSED,-0.26662700598301015,-0.06850282796568526,0.17851377297922458,2.660798878432234,0.3589816526654417,-0.9098745777881523
0.21304260852170434,PASSED,-0.2666954051326131,-0.0683028163399758,0.2143435275296234,2.6611573295008695,0.3579590127599574,-1.097816790615087
0.21404280856171234,PASSED,-0.2667635865094402,-0.06806720411817124,0.24979135132116503,2.661514664742705,0.35674959965253106,-1.2838106519672168
0.21504300860172035,PASSED,-0.26683151470998845,-0.06779638236541632,0.28484202037743106,2.6618706983912057,0.3553554101298881,-1.4677754364268005
0.21604320864172835,PASSED,-0.26689915472930803,-0.06749075718636284,0.31948061817085066,2.662225246716399,0.35377852082702427,-1.6496318804885475
0.21704340868173636,PASSED,-0.2669664719758871,-0.06715074941555073,0.35369253923960897,2.6625781281039393,0.35202108669052556,-1.829302307172106
0.21804360872174436,PASSED,-0.26703343228622306,-0.06677679430242277,0.38746349572018646,2.6629291631326364,0.35008533940452,-2.006710605227818
0.21904380876175236,PASSED,-0.26710000193907474,-0.06636934118745587,0.42077952779802363,2.663278174650402,0.3479735858136936,-2.1817822478921083
0.22004400880176037,PASSED,-0.26716614766939045,-0.06592885317596218,0.4536270006241421,2.6636249878485923,0.34568820629946817,-2.354444358447604
0.22104420884176834,PASSED,-0.2672318366819067,-0.06545580680727962,0.4859926140548537,2.6639694303347095,0.3432316531162289,-2.5246257331003945
0.22204440888177635,PASSED,-0.2672970366644126,-0.06495069171718283,0.5178634074580902,2.6643113322034364,0.34060644871589274,-2.692256845160007
0.22304460892178435,PASSED,-0.2673617158006754,-0.0644140102962995,0.5492267631668057,2.664650526105977,0.33781518404096283,-2.857269894776496
0.22404480896179235,PASSED,-0.26742584278302234,-0.0638462773451108,0.5800704098699839,2.6649868473176817,0.33486051679652445,-3.019598810879689
0.22504500900180036,PASSED,-0.26748938682457457,-0.06324801972340276,0.6103824296000772,2.665320133803889,0.331745169637439,-3.1791793912226427
0.22604520904180836,PASSED,-0.26755231767112986,-0.06261977599688405,0.6401512577977824,2.6656502262840345,0.328471928437583,-3.335949072278251
0.22704540908181636,PASSED,-0.2676146056126881,-0.06196209607858404,0.66936569196815,2.6659769682939256,0.32504364046778206,-3.4898472348160867
0.22804560912182437,PASSED,-0.2676762214946186,-0.06127554086806436,0.6980148895540468,2.6663002062461967,0.32146321249359533,-3.6408151337672305
0.22904580916183237,PASSED,-0.26773713672846355,-0.060560681886569045,0.7260883761228231,2.6666197894889425,0.3177336090155341,-3.788795707590554
0.23004600920184037,PASSED,-0.2677973233023751,-0.05981810090877942,0.7535760455674937,2.6669355703624245,0.31385785030665964,-3.933734043063778
0.23104620924184838,PASSED,-0.26785675379118384,-0.059048389592750175,0.7804681630037414,2.6672474042539456,0.3098390105285973,-4.0755769347280815
0.23204640928185638,PASSED,-0.26791540136609376,-0.05825214910485003,0.8067553711644116,2.66755514965078,0.3056802158643091,-4.214273150661545
0.23304660932186438,PASSED,-0.2679732398040036,-0.05742998974444573,0.8324286865642354,2.667858668191171,0.30138464249345287,-4.34977351765268
0.2340468093618724,PASSED,-0.2680302434964497,-0.05658253056586051,0.8574795065992129,2.6681578247134055,0.29695551469027953,-4.482030660187081
0.23504700940188036,PASSED,-0.2680863874581705,-0.05571039899699681,0.8818996103733575,2.668452487302886,0.29239610284264667,-4.610999305930006
0.23604720944188837,PASSED,-0.2681416473352882,-0.054814230456323554,0.9056811608731955,2.6687425273372662,0.2877097214607254,-4.736636099248819
0.23704740948189637,PASSED,-0.26819599941310857,-0.053894667970397055,0.9288167026287053,2.6690278195295516,0.2828997271618169,-4.858899765348229
0.23804760952190437,PASSED,-0.2682494206235345,-0.052952361787340516,0.9512991700084279,2.6693082419692287,0.277969516685297,-4.977750950634229
0.23904780956191238,PASSED,-0.2683018885520945,-0.05198796898904954,0.9731218838126826,2.6695836761613387,0.27292252484089485,-5.093152440247458
0.24004800960192038,PASSED,-0.2683533814445832,-0.051002153105023484,0.9942785508349721,2.6698540070635475,0.2677622224694527,-5.205068992238689
0.24104820964192838,PASSED,-0.2684038782133136,-0.04999558372299807,1.014763269485701,2.67011912312117,0.2624921144440659,-5.313467380818905
0.2420484096819364,PASSED,-0.268453358442981,-0.048968936099590694,1.0345705260218236,2.6703789163001312,0.2571157375592179,-5.418316554200727
0.2430486097219444,PASSED,-0.26850180239613725,-0.047922890770609856,1.0536951976201803,2.6706332821179,0.2516366585009081,-5.519587394382576
0.2440488097619524,PASSED,-0.26854919101827474,-0.04685813316161867,1.0721325499051972,2.670882119672313,0.24605847176606713,-5.617252961813272
0.2450490098019604,PASSED,-0.26859550594252196,-0.04577535319886978,1.0898782379780265,2.671125331668395,0.24038479763057016,-5.711288251286118
0.2460492098419684,PASSED,-0.2686407294939487,-0.04467524491888302,1.106928307992582,2.671362824443057,0.23461928004834767,-5.801670469513423
0.2470494098819764,PASSED,-0.2686848446934822,-0.043558506079741544,1.1232791932407373,2.6715945079877357,0.22876558453225995,-5.888378880470537
0.2480496099219844,PASSED,-0.26872783526143523,-0.04242583777340694,1.1389277150638568,2.6718202959689705,0.2228273961752404,-5.971394674718942
0.24904980996199239,PASSED,-0.2687696856206461,-0.041277944038415205,1.153871081610319,2.6720401057469005,0.21680841753891733,-6.050701277392503
0.2500500100020004,PASSED,-0.2688103808992322,-0.0401155314737883,1.168106886637957,2.6722538583916773,0.21071236651209424,-6.126284193110137
0.2510502100420084,PASSED,-0.2688499069329581,-0.03893930885367547,1.18163310909608,2.6724614786978265,0.20454297434387664,-6.198130818289243
0.2520504100820164,PASSED,-0.2688882502672197,-0.03774998674443136,1.1944481093427952,2.672662895196523,0.19830398354388978,-6.266230787785241
0.2530506101220244,PASSED,-0.26892539815864575,-0.03654827712391763,1.2065506279610276,2.6728580401658104,0.191999145755852,-6.330575788206116
0.2540508101620324,PASSED,-0.26896133857631954,-0.03533489300107962,1.2179397860893368,2.6730468496387902,0.18563221983301942,-6.391159345916922
0.2550510102020404,PASSED,-0.2689960602026213,-0.03411054803795913,1.2286150811412544,2.6732292634097172,0.17920696970509686,-6.447977315926272
0.2560512102420484,PASSED,-0.26902955243369503,-0.03287595617619817,1.2385763821741025,2.673405225038098,0.17272716232806853,-6.501027417763004
0.2570514102820564,PASSED,-0.26906180537954133,-0.03163183126410208,1.2478239320440747,2.673574681850722,0.166196565724943,-6.550309393367165
0.2580516103220644,PASSED,-0.26909280986373885,-0.03037888668528775,1.2563583433278285,2.6737375849417155,0.15961894696273624,-6.5958250080998795
0.2590518103620724,PASSED,-0.26912255742279806,-0.029117834993755465,1.2641805903352528,2.6738938891705573,0.1529980701034734,-6.637578093371427
0.2600520104020804,PASSED,-0.2691510403051491,-0.027849387549886265,1.2712920128918337,2.674043553158106,0.14633769423478774,-6.675574385561833
0.26105221044208843,PASSED,-0.26917825146976765,-0.026574254158295865,1.2776943107227798,2.6741865392806674,0.13964157155490892,-6.7098215427567975
0.26205241048209643,PASSED,-0.26920418458444234,-0.025293142712248914,1.2833895362630638,2.6743228136620822,0.13291344536347,-6.740329290560299
0.26305261052210444,PASSED,-0.2692288340236866,-0.024006758840739162,1.2883800950075406,2.6744523461638754,0.1261570481097795,-6.767109229110577
0.26405281056211244,PASSED,-0.2692521948662991,-0.02271580555708287,1.2926687427554542,2.6745751103734774,0.11937609953659171,-6.790174802572609
0.26505301060212044,PASSED,-0.269274262892577,-0.02142098291459212,1.2962585756476144,2.6746910835905258,0.11257430472921127,-6.809541477252323
0.26605321064212845,PASSED,-0.26929503458118514,-0.0201229876652972,1.2991530317264497,2.674800246811313,0.1057553522652267,-6.825226455139414
0.26705341068213645,PASSED,-0.26931450710568644,-0.018822512922011148,1.301355884325787,2.674902584711319,0.0989229123470004,-6.837248893617538
0.26805361072214445,PASSED,-0.26933267833073654,-0.017520247825719898,1.302871237601559,2.6749980856259414,0.09208063496524571,-6.845629707179455
0.26905381076215246,PASSED,-0.2693495468079497,-0.01621687721861531,1.3037035201066043,2.675086741529383,0.08523214811029181,-6.850391620136867
0.27005401080216046,PASSED,-0.269365111771437,-0.014913081319065324,1.303857485845577,2.67516854801175,0.07838105596775602,-6.851559157468425
0.2710542108421684,PASSED,-0.26937937313302546,-0.013609535404330813,1.3033382006604675,2.6752435042543725,0.07153093715823323,-6.849158577559025
0.2720544108821764,PASSED,-0.2693923314771602,-0.012306909497915054,1.3021510435859538,2.675311613003396,0.06468534303308938,-6.843217823533717
0.2730546109221844,PASSED,-0.2694039880554966,-0.01100586805965293,1.3003017013795706,2.6753728805416386,0.057847795949096704,-6.833766590965324
0.2740548109621924,PASSED,-0.2694143447811864,-0.009707069683821118,1.2977961587999727,2.6754273166587597,0.05102178757105474,-6.820836236093063
0.2750550110022004,PASSED,-0.2694234042228645,-0.00841116680252157,1.2946406962992685,2.675474934619791,0.04421077729047511,-6.804459643570671
0.2760552110422084,PASSED,-0.26943116959834046,-0.0071188053930752076,1.290841884877757,2.675515751132009,0.037418190565205095,-6.78467144640291
0.27705541108221643,PASSED,-0.2694376447680015,-0.005830624691445591,1.2864065794641895,2.6755497863102313,0.0306474173254303,-6.761507768689386
0.27805561112222443,PASSED,-0.26944283422793264,-0.004547256913577496,1.2813419101373653,2.675577063640522,0.023901810451289526,-6.735006277775034
0.27905581116223244,PASSED,-0.26944674310275885,-0.0032693269801593334,1.2756552822720282,2.6755976099423924,0.017184684259873823,-6.705206133842822
0.28005601120224044,PASSED,-0.26944937713821665,-0.001997452247692759,1.2693543659296056,2.675611455329465,0.01049931297694605,-6.672148048984407
0.28105621124224844,PASSED,-0.2694507426934603,-0.000732242247881333,1.2624470890659727,2.675618633168701,0.0038489293255283296,-6.635874053039931
0.28205641128225645,PASSED,-0.2694508467331088,0.0005257015689108475,1.2549416352763192,2.6756191800381757,-0.0027632768879083413,-6.5964276537011655
0.28305661132226445,PASSED,-0.26944969681904046,0.0017757860839043324,1.2468464348049286,2.6756131356834687,-0.009334160182242335,-6.553853721422546
0.28405681136227245,PASSED,-0.269447301101941,0.0030174267520506285,1.2381701570405415,2.675600542972659,-0.015860620761412803,-6.5081984843357485
0.28505701140228046,PASSED,-0.2694436683126117,0.004250047838844989,1.22892170663024,2.6755814478500457,-0.02233960574464609,-6.459509315831648
0.28605721144228846,PASSED,-0.26943880775304435,0.0054730826513386295,1.219110216402574,2.675555899288533,-0.02876811050325729,-6.407835053797568
0.28705741148229647,PASSED,-0.2694327292872697,0.006685973759828162,1.2087450365475043,2.675523949240797,-0.03514317990114894,-6.3532256272877055
0.28805761152230447,PASSED,-0.26942544333198526,0.007888173215768648,1.1978357355358078,2.6754856525892072,-0.04146190944150998,-6.2957321490766045
0.28905781156231247,PASSED,-0.2694169608469703,0.009079142762162023,1.1863920869650861,2.6754410670945994,-0.04772144644868139,-6.235406912567955
0.2900580116023205,PASSED,-0.2694072933252943,0.010258354034825142,1.174424063128474,2.6753902533438922,-0.05391899120284747,-6.172303315231489
0.2910582116423285,PASSED,-0.2693964527833258,0.011425288759416022,1.161941832232487,2.6753332746966247,-0.060051797981949484,-6.1064757550156985
0.2920584116823365,PASSED,-0.2693844517505483,0.012579438942358126,1.1489557500818497,2.6752701972304167,-0.066117176120025,-6.03797972678205
0.2930586117223445,PASSED,-0.2693713032591911,0.013720307049931877,1.1354763459016866,2.6752010896854204,-0.07211249102133158,-5.966871684322937
0.2940588117623525,PASSED,-0.2693570208336806,0.014847406184841136,1.1215143275809747,2.6751260234077936,-0.07803516508594639,-5.893208984809416
0.2950590118023605,PASSED,-0.26934161847992055,0.015960260256170578,1.107080567161754,2.6750450722922334,-0.08388267864001842,-5.817049933580431
0.2960592118423685,PASSED,-0.26932511067440784,0.017058404137016214,1.0921860899682223,2.6749583127236147,-0.0896525708274725,-5.738453690036502
0.2970594118823765,PASSED,-0.2693075123531903,0.018141383820352144,1.0768420789144033,2.6748658235177563,-0.09534244044670388,-5.657480238694653
0.2980596119223845,PASSED,-0.2692888389006746,0.019208756566426306,1.0610598575139971,2.6747676858614073,-0.10094994669711486,-5.574190258221843
0.29905981196239245,PASSED,-0.26926910613829114,0.02026009103999336,1.044850884269094,2.6746639832514116,-0.10647281000318325,-5.488645337966066
0.30006001200240046,PASSED,-0.26924833031302225,0.021294967444782684,1.0282267518028134,2.6745548014331773,-0.11190881270063759,-5.4009076037798325
0.30106021204240846,PASSED,-0.2692265280858027,0.02231297764831077,1.011199171344935,2.6744402283384323,-0.11725579967198102,-5.3110398830525005
0.30206041208241646,PASSED,-0.26920371651979763,0.023313725298356954,0.9937799691803492,2.674320354022334,-0.12251167903556356,-5.219105683935897
0.30306061212242447,PASSED,-0.26917991306856637,0.02429682593581262,0.9759810829725474,2.674195270599971,-0.12767442270979834,-5.125169001100706
0.30406081216243247,PASSED,-0.2691551355641196,0.02526190709756975,0.9578145476135219,2.6740650721822856,-0.13274206695281424,-5.029294404292711
0.3050610122024405,PASSED,-0.26912940220487547,0.0262086084120642,0.9392924924150636,2.6739298548114876,-0.13771271287398007,-4.9315469324146175
0.3060612122424485,PASSED,-0.26910273154352393,0.027136581689465367,0.9204271340585731,2.673789716395946,-0.14258452693888274,-4.831992153228051
0.3070614122824565,PASSED,-0.26907514247480435,0.02804549100449663,0.9012307690130543,2.673644756644681,-0.14735574132817034,-4.7306958799939745
0.3080616123224645,PASSED,-0.26904665422320545,0.02893501276956133,0.8817157624324575,2.673495077001402,-0.15202465436767346,-4.62772447917589
0.3090618123624725,PASSED,-0.2690172863305932,0.029804835803724488,0.861894548650292,2.673340780578212,-0.15658963089606537,-4.523144561202574
0.3100620124024805,PASSED,-0.2689870586437744,0.030654661394390388,0.8417796186763098,2.673181972088973,-0.16104910250677798,-4.41702297705264
0.3110622124424885,PASSED,-0.26895599130200376,0.03148420334890105,0.8213835117335629,2.673018757782388,-0.1654015678538095,-4.3094269270174195
0.3120624124824965,PASSED,-0.2689241047244392,0.03229318804300063,0.8007188156769197,2.6728512453748365,-0.16964559289372758,-4.200423781851903
0.3130626125225045,PASSED,-0.2688914195975551,0.0330813544610461,0.7797981529578377,2.67267954398301,-0.17377981102320214,-4.090081027889719
0.3140628125625125,PASSED,-0.26885795686251934,0.03384845422615123,0.7586341732033203,2.6725037640563563,-0.1778029232813183,-3.9784664116004347
0.3150630126025205,PASSED,-0.2688237377025396,0.03459425162959146,0.7372395569315084,2.6723240173094363,-0.18171369841235693,-3.8656476106640936
0.3160632126425285,PASSED,-0.2687887835301882,0.03531852364861546,0.7156269937523191,2.6721404166541447,-0.18551097296553332,-3.7516925148512357
0.3170634126825365,PASSED,-0.2687531159747108,0.03602105995699509,0.6938091847978382,2.671953076131906,-0.18919365134309898,-3.636668952708623
0.3180636127225445,PASSED,-0.2687167568693261,0.03670166293352722,0.6717988376883219,2.6717621108458625,-0.1927607057227041,-3.5206446642027847
0.3190638127625525,PASSED,-0.2686797282385229,0.03736014766070528,0.6496086535045498,2.671567636893053,-0.1962111761085443,-3.403687533598494
0.3200640128025605,PASSED,-0.26864205228536175,0.03799634191469653,0.627251320982381,2.6713697712966744,-0.19954417023107818,-3.285865181824151
0.32106421284256853,PASSED,-0.26860375137878745,0.03861008615363491,0.6047395175757112,2.671168631938436,-0.2027588633627342,-3.167245098210608
0.32206441288257653,PASSED,-0.2685648480409584,0.039201233497208464,0.582085894238779,2.670964337491043,-0.20585449824688354,-3.047894741441881
0.32306461292258454,PASSED,-0.2685253649346001,0.03976964969807624,0.5593030719537703,2.6707570073508378,-0.20883038492004857,-2.9278812943138095
0.32406481296259254,PASSED,-0.2684853248503886,0.04031521310897981,0.5364036368700995,2.670546761570657,-0.21168590042075752,-2.807271638305724
0.32506501300260054,PASSED,-0.2684447506943703,0.040837814645358544,0.5134001360511716,2.670333720792912,-0.21442048858869692,-2.68613252102848
0.32606521304260855,PASSED,-0.268403665475424,0.04133735773734896,0.490305062616573,2.6701180061829475,-0.2170336597911431,-2.5645303233913674
0.32706541308261655,PASSED,-0.26836209229277214,0.04181375827795944,0.46713085927308334,2.669899739362701,-0.2195249905525029,-2.442531053338765
0.3280656131226245,PASSED,-0.26832005432354633,0.042266944568100005,0.44388991071887396,2.669679042344686,-0.221894123249522,-2.320200459472702
0.3290658131626325,PASSED,-0.2682775748104134,0.04269685725071833,0.42059453055130486,2.669456037466351,-0.22414076572958305,-2.19760382711992
0.3300660132026405,PASSED,-0.26823467704926846,0.04310344924057027,0.39725696271902866,2.669230847324853,-0.2262646908311151,-2.0748059511401444
0.3310662132426485,PASSED,-0.26819138437699913,0.043486685652751,0.37388937848854636,2.669003594712236,-0.2282657360033413,-1.9518713196168782
0.3320664132826565,PASSED,-0.26814772015932914,0.043846543718992013,0.35050385807597867,2.668774402551062,-0.23014380286704966,-1.8288638931026375
0.3330666133226645,PASSED,-0.2681037077787439,0.04418301270086335,0.32711239773491024,2.6685433938305727,-0.23189885658670073,-1.7058469373500371
0.3340668133626725,PASSED,-0.2680593706225064,0.044496093800970894,0.3037269016893118,2.668310691543333,-0.23353092541377768,-1.5828834202282356
0.3350670134026805,PASSED,-0.2680147320707658,0.044785800064744793,0.2803591718302914,2.6680764186224275,-0.23504010018585475,-1.4600356733095898
0.33606721344268853,PASSED,-0.2679698154847676,0.045052156276413825,0.2570209048948692,2.6678406978792415,-0.23642653361793112,-1.3373652712542303
0.33706741348269653,PASSED,-0.2679246441951671,0.045295198853372014,0.23372369166706802,2.667603651941841,-0.23769043972926587,-1.21493333805511
0.33806761352270454,PASSED,-0.2678792414904529,0.04551497573503029,0.21047900831909233,2.6673654031939775,-0.2388320932638823,-1.0928003323239364
0.33906781356271254,PASSED,-0.26783363060548615,0.045711546262639256,0.18729820713554804,2.667126073714733,-0.23985182897162594,-0.971025958023436
0.34006801360272054,PASSED,-0.26778783471015866,0.04588498105800966,0.16419252086030223,2.666885785218882,-0.24075004086861557,-0.8496691896337687
0.34106821364272855,PASSED,-0.2677418768981753,0.046035361899250435,0.14117305482775608,2.6666446589979165,-0.24152718161412287,-0.7287884494230213
0.34206841368273655,PASSED,-0.26769578017596646,0.0461627815859042,0.11825077453777603,2.66640281586181,-0.24218376176721215,-0.6084412888667934
0.34306861372274455,PASSED,-0.2676495674517334,0.04626734380374467,0.09543651337559457,2.6661603760815535,-0.24272034891186323,-0.48868438184062435
0.34406881376275256,PASSED,-0.26760326152463154,0.04634916298751699,0.07274096403679958,2.665917459332434,-0.2431375669835452,-0.3695738649095438
0.34506901380276056,PASSED,-0.2675568850740971,0.046408364172527264,0.05017466565925857,2.6656741846381204,-0.2434360954788634,-0.25116491559066273
0.34606921384276856,PASSED,-0.2675104606493189,0.04644508284746699,0.02774801446004541,2.665430670315577,-0.24361666850387736,-0.133511764629487
0.34706941388277657,PASSED,-0.2674640106588621,0.046459464802862734,0.005471249352879041,2.665187033920777,-0.2436800740533225,-0.016668072655574993
0.34806961392278457,PASSED,-0.26741755736044626,0.04645166597275234,-0.01664554975257607,2.6649433921953207,-0.24362715310678756,0.09931362599532086
0.3490698139627926,PASSED,-0.267371122850881,0.046421852274980996,-0.038592463117189064,2.6646998610138857,-0.24345879869714426,0.21438159874194448
0.3500700140028006,PASSED,-0.26732472905616533,0.046370199447486576,-0.06035973707923355,2.6644565553325963,-0.24317595507369485,0.32848497325438714
0.3510702140428086,PASSED,-0.26727839772175177,0.04629689288006416,-0.08193778765120731,2.664213589138289,-0.24277961676392804,0.44157386744177535
0.3520704140828166,PASSED,-0.2672321504029803,0.04620212744303138,-0.10331720328716719,2.663971075398718,-0.24227082760244092,0.5535993575173556
0.3530706141228246,PASSED,-0.26718600845568524,0.046086107313520475,-0.12448874699339754,2.663729126013688,-0.2416506798325141,0.6645133781997926
0.3540708141628326,PASSED,-0.2671399930269772,0.045949045798322284,-0.1454433606680646,2.66348785176717,-0.2409203130993045,0.7742689698827426
0.3550710142028406,PASSED,-0.2670941250462057,0.04579116515097411,-0.16617217180158847,2.663247362280371,-0.2400809134729112,0.8828200640670512
0.35607121424284854,PASSED,-0.2670484252161028,0.04561269638963476,-0.18666648769784921,2.663007765965796,-0.2391337124908656,0.9901215940312846
0.35707141428285655,PASSED,-0.2670029140041122,0.04541387911166053,-0.20691780482515093,2.662769169982332,-0.23807998608163633,1.0961296193612644
0.35807161432286455,PASSED,-0.26695761163390636,0.0451949613017586,-0.22691781328644006,2.6625316801913264,-0.23692105358100815,1.2008010881394526
0.35907181436287255,PASSED,-0.26691253807709453,0.04495619914079669,-0.246658392745564,2.6622954011136892,-0.2356582767410469,1.304094007842487
0.36007201440288056,PASSED,-0.2668677130451229,0.04469785681337555,-0.26613161720484946,2.6620604358880717,-0.2342930585797588,1.405967596918506
0.36107221444288856,PASSED,-0.26682315598137174,0.044420206308772886,-0.28532976286787415,2.6618268862300507,-0.23282684239609688,1.5063819081575276
0.36207241448289657,PASSED,-0.2667788860534489,0.04412352722237053,-0.3042453020920195,2.661594852392398,-0.23126111074067854,1.605298153592187
0.36307261452290457,PASSED,-0.26673492214568484,0.04380810655540377,-0.3228709102165749,2.6613644331264266,-0.2295973842253403,1.7026787565023187
0.3640728145629126,PASSED,-0.2666912828518288,0.04347423851082645,-0.34119946748447844,2.6611357256444053,-0.2278372205110095,1.7984870195497868
0.3650730146029206,PASSED,-0.2666479864679498,0.04312222428847285,-0.3592240589330167,2.6609088255830553,-0.22598221326642964,1.8926873945999374
0.3660732146429286,PASSED,-0.26660505098554294,0.04275237187848714,-0.37693797735416334,2.6606838269681705,-0.2240339909377277,1.9852456181032825
0.3670734146829366,PASSED,-0.26656249408484395,0.04236499585259756,-0.3943347249132074,2.660460822180307,-0.22199421573214606,2.0761282639005403
0.3680736147229446,PASSED,-0.2665203331283528,0.04196041715402617,-0.41140801434350655,2.6602399019216234,-0.21986458249908666,2.165303212498624
0.3690738147629526,PASSED,-0.2664785851545684,0.041538962885084005,-0.42815177200792637,2.6600211551837942,-0.21764681757740192,2.25273939447551
0.3700740148029606,PASSED,-0.2664372668719346,0.04110096609653816,-0.44456013290445684,2.6598046692170825,-0.21534267768354562,2.3384068934435094
0.3710742148429686,PASSED,-0.26639639465300063,0.04064676557189994,-0.4606274524607369,2.6595905295005147,-0.21295394879878174,2.4222768789774487
0.3720744148829766,PASSED,-0.2663559845287958,0.040176705611416695,-0.4763482991649072,2.6593788197132042,-0.21048244501479108,2.5043217206661343
0.3730746149229846,PASSED,-0.2663160521834189,0.03969113581913453,-0.49171745436033626,2.6591696217067997,-0.20793000739365355,2.5845148881184223
0.3740748149629926,PASSED,-0.26627661294884597,0.039190410882942804,-0.5067299240793286,2.6589630154790767,-0.20529850285067902,2.662830979545258
0.3750750150030006,PASSED,-0.266237681799953,0.03867489035815715,-0.521380925256531,2.6587590791486635,-0.20258982300517414,2.7392457561446606
0.3760752150430086,PASSED,-0.2661992733497587,0.03814493844981478,-0.5356658970662797,2.658557888930921,-0.19980588301121557,2.813736152501165
0.3770754150830166,PASSED,-0.2661614018448842,0.03760092379220954,-0.5495804979645345,2.6583595191149496,-0.19694862045333167,2.8862801614724005
0.3780756151230246,PASSED,-0.26612408116123315,0.037043219231305234,-0.5631206028641429,2.658164042041773,-0.1940199941614781,2.9568570454409535
0.3790758151630326,PASSED,-0.2660873247998899,0.03647220160494222,-0.576282308695607,2.6579715280836185,-0.1910219831021884,3.0254470685222423
0.38007601520304063,PASSED,-0.2660511458832382,0.0358882515213781,-0.5890619334764563,2.657782045624392,-0.18795658521480754,3.0920317666199146
0.38107621524304863,PASSED,-0.2660155571512991,0.03529175314238116,-0.6014560093439276,2.6575956610412717,-0.18482581623842387,3.1565937828928394
0.38207641528305664,PASSED,-0.26598057095828864,0.03468309396195783,-0.6134612944762572,2.65741243868744,-0.18163170864421732,3.219116801749009
0.38307661532306464,PASSED,-0.2659461992693956,0.03406266458539116,-0.625074764626941,2.6572324408759846,-0.1783763104202803,3.2795858387290298
0.3840768153630726,PASSED,-0.26591245365777827,0.033430858512850235,-0.6362936111502484,2.6570557278649,-0.17506168396091354,3.337986873125227
0.3850770154030806,PASSED,-0.2658793453017807,0.032788071918203675,-0.6471152503107732,2.6568823578432594,-0.17168990496200096,3.394307082770819
0.3860772154430886,PASSED,-0.2658468849823675,0.032134703430800916,-0.6575373121307485,2.656712386918513,-0.16826306122292706,3.448534843275935
0.3870774154830966,PASSED,-0.26581508308077717,0.031471153918365996,-0.6675576459710449,2.6565458691048907,-0.16478325157818635,3.5006595123838866
0.3880776155231046,PASSED,-0.265783949576393,0.03079782626812042,-0.6771743197619341,2.6563828563129697,-0.1612525847603815,3.550671688085463
0.3890778155631126,PASSED,-0.26575349404483095,0.0301151251714022,-0.6863856146890716,2.656223398340332,-0.15767317824703997,3.5985630635122803
0.3900780156031206,PASSED,-0.265723725656244,0.029423456907505804,-0.6951900300346129,2.656067542863342,-0.1540471572083123,3.6443263555379173
0.3910782156431286,PASSED,-0.26569465317384144,0.028723229128558455,-0.7035862782225017,2.6559153354300635,-0.1503766533347239,3.687955552288724
0.3920784156831366,PASSED,-0.26566628495262257,0.028014850645770955,-0.7115732858308327,2.655766819454224,-0.1466638037915615,3.7294455370781683
0.3930786157231446,PASSED,-0.2656386289383241,0.027298731216741763,-0.7191501911614347,2.6556220362103367,-0.1429107501015961,3.768792458556859
0.3940788157631526,PASSED,-0.26561169266657886,0.02657528133466328,-0.7263163426898569,2.6554810248298764,-0.13911963702886304,3.805993482183856
0.3950790158031606,PASSED,-0.26558548326228615,0.0258449120171374,-0.7330713007498987,2.6553438222985424,-0.13529261156564443,3.8410467839084617
0.39607921584316863,PASSED,-0.2655600074391907,0.02510803459760257,-0.7394148320581146,2.655210463454604,-0.13143182182187446,3.8739517170109634
0.39707941588317663,PASSED,-0.26553527149967043,0.024365060518875645,-0.7453469098394649,2.655080980988318,-0.1275394159275525,3.9047086791959953
0.39807961592318464,PASSED,-0.26551128133473,0.023616401126798567,-0.7508677135688191,2.6549554054423905,-0.1236175410466612,3.9333190153548245
0.39907981596319264,PASSED,-0.26548804242419977,0.022862467465722843,-0.7559776260803275,2.654833765213501,-0.11966834230572714,3.9597852246535616
0.40008001600320064,PASSED,-0.2654655598371373,0.02210367007771846,-0.7606772292870877,2.6547160865548425,-0.11569396174951135,3.9841107772572397
0.40108021604320865,PASSED,-0.26544383823243123,0.02134041880082037,-0.7649673086387518,2.6546023935797405,-0.1116965372944256,4.006300240304786
0.40208041608321665,PASSED,-0.2654228818596031,0.020573122570394335,-0.7688488449508947,2.6544927082662326,-0.10767820177482579,4.026359039129811
0.40308061612322466,PASSED,-0.26540269455980836,0.01980218922377838,-0.7723230143926622,2.6543870504627063,-0.10364108189716474,4.044293770015202
0.40408081616323266,PASSED,-0.2653832797670317,0.019028025305239643,-0.7753911879694576,2.654285437894502,-0.09958729723313357,4.060111926708486
0.40508101620324066,PASSED,-0.26536464050947633,0.018251035872429894,-0.7780549293699438,2.6541878861715262,-0.09551895927862467,4.073821973042521
0.40608121624324867,PASSED,-0.26534677941114443,0.017471624308198173,-0.7803159874729072,2.65409440879683,-0.09143817045487106,4.085433390894331
0.40708141628325667,PASSED,-0.26532969869360645,0.016690192132068113,-0.7821763019014997,2.654005017176146,-0.08734702316236977,4.0949565602392575
0.4080816163232647,PASSED,-0.26531340017795724,0.01590713881371413,-0.7836379959889725,2.6539197206284006,-0.0832475988207027,4.102402862618934
0.4090818163632727,PASSED,-0.26529788528695614,0.015122861590957413,-0.7847033739352122,2.653838526397125,-0.07914196696905622,4.107784510998216
0.4100820164032807,PASSED,-0.2652831550473493,0.014337755289674719,-0.7853749195143486,2.653761439662839,-0.07503218430505275,4.111114766006981
0.4110822164432887,PASSED,-0.2652692100923706,0.01355221214467918,-0.7856552953163355,2.65368846355632,-0.07092029378260063,4.11240769341553
0.4120824164832967,PASSED,-0.2652560506644203,0.012766621624438194,-0.7855473368574192,2.653619599172758,-0.06680832379254607,4.111678187813919
0.41308261652330464,PASSED,-0.26524367661791626,0.011981370259830685,-0.785054049774239,2.6535548455868505,-0.062698287157988,4.108942265720861
0.41408281656331264,PASSED,-0.26523208742231785,0.011196841472368923,-0.7841786125867786,2.6534941998687023,-0.05859218035469022,4.104216495015728
0.41508301660332064,PASSED,-0.2652212821653171,0.010413415408301733,-0.7829243650541309,2.653437657100628,-0.05449198269267642,4.097518440012517
0.41608321664332865,PASSED,-0.26521125955619657,0.009631468774611365,-0.7812948127811935,2.653385210394794,-0.05039965534989717,4.0888666112904035
0.41708341668333665,PASSED,-0.2652020179293491,0.00885137467633351,-0.7792936219422937,2.6533368509116597,-0.046317140674369144,4.078280051686436
0.41808361672334465,PASSED,-0.26519355524795807,0.008073502459180648,-0.7769246139599075,2.6532925678792636,-0.04224636136414755,4.065778815911699
0.41908381676335266,PASSED,-0.26518586910783376,0.007298217555237606,-0.7741917639317979,2.6532523486132913,-0.03818921959113297,4.0513837444164915
0.42008401680336066,PASSED,-0.26517895674140396,0.006525881328978631,-0.7710992011437604,2.6532161785379254,-0.03414759631390261,4.035116299106283
0.42108421684336866,PASSED,-0.2651728150218551,0.005756850928477081,-0.7676512000734098,2.653184041207471,-0.030123350509579535,4.0169988078009355
0.42208441688337667,PASSED,-0.26516744046742013,0.004991479141915465,-0.7638521775537537,2.6531559183287223,-0.02611831837498433,3.9970543524580524
0.42308461692338467,PASSED,-0.2651628292458119,0.004230114251467246,-0.7597066990445285,2.653131789784062,-0.022134312661199015,3.9753066213368267
0.4240848169633927,PASSED,-0.2651589771787966,0.0034730998953204227,-0.7552194608816866,2.653111633655281,-0.018173121959872005,3.9517800879871245
0.4250850170034007,PASSED,-0.26515587974690485,0.0027207749340636724,-0.7503952948401261,2.6530954262481172,-0.014236509943297265,3.9264999689664872
0.4260852170434087,PASSED,-0.2651535320942778,0.001973473314315954,-0.7452391696861133,2.653083142117436,-0.010326214778101533,3.8994919626818962
0.4270854170834167,PASSED,-0.2651519290336436,0.001231523940483933,-0.7397561765959593,2.653074754093122,-0.006443948431042494,3.870782603310466
0.4280856171234247,PASSED,-0.26515106505142183,0.0004952505508093861,-0.7339515317269384,2.6530702333065936,-0.0025913959884249506,3.8403990021555936
0.4290858171634327,PASSED,-0.2651509343129517,-0.00023502840677732976,-0.7278305748265674,2.653069549217957,0.0012297849029128303,3.8083688174592387
0.4300860172034407,PASSED,-0.26515153066784153,-0.0009589998942732831,-0.7213987626088774,2.6530726696437807,0.005017964670531261,3.774720401057892
0.4310862172434487,PASSED,-0.2651528476554339,-0.0016763563962419452,-0.7146616615418521,2.6530795607854607,0.008771542426080487,3.739482658543449
0.4320864172834567,PASSED,-0.2651548785103866,-0.0023867960339291495,-0.7076249551174392,2.653090187258159,0.012488946490229845,3.7026850012199652
0.4330866173234647,PASSED,-0.2651576161683615,-0.0030900226735401607,-0.7002944292733929,2.6531045121203287,0.01616863498805807,3.664357495567067
0.4340868173634727,PASSED,-0.26516105327182077,-0.0037857460287307257,-0.6926759724686788,2.653122496903746,0.019809096355529285,3.6245306154073162
0.4350870174034807,PASSED,-0.26516518217592616,-0.004473681763335133,-0.6847755760282269,2.6531441016441,0.02340884986364024,3.5832354365800554
0.4360872174434887,PASSED,-0.26516999495453647,-0.0051535515888268945,-0.6765993251341171,2.653169284912076,0.026966446135132847,3.5405034947676377
0.4370874174834967,PASSED,-0.2651754834063014,-0.005825083356550287,-0.668153396116244,2.653198003844912,0.03048046757317121,3.496366733552181
0.4380876175235047,PASSED,-0.26518163906084646,-0.00648801114836385,-0.659444055611776,2.6532302141784663,0.03394952888746397,3.4508577014531516
0.43908781756351273,PASSED,-0.2651884531850463,-0.00714207536340548,-0.6504776546615323,2.6532658702796863,0.03737227749380149,3.404009209593759
0.44008801760352073,PASSED,-0.2651959167893822,-0.007787022799711781,-0.6412606240694805,2.6533049251795497,0.04074739393002512,3.3558545873102155
0.4410882176435287,PASSED,-0.2652040206343804,-0.008422606732856226,-0.6317994725277534,2.653347330606398,0.0440735923051229,3.3064275669561543
0.4420884176835367,PASSED,-0.26521275523712684,-0.009048586991438097,-0.6221007826179499,2.6533930370196748,0.047349620650130084,3.2557621970412067
0.4430886177235447,PASSED,-0.2652221108778552,-0.009664730028354928,-0.6121712064494177,2.6534419936440385,0.05057426128019505,3.2038929187474716
0.4440888177635527,PASSED,-0.2652320776066041,-0.010270808987433924,-0.6020174608320498,2.6534941485038295,0.0537463311695918,3.150854536496268
0.4450890178035607,PASSED,-0.26524264524994035,-0.010866603767619682,-0.5916463264215641,2.653549448457875,0.05686468226415581,3.0966821332758396
0.4460892178435687,PASSED,-0.26525380341774274,-0.011451901082765297,-0.5810646409616474,2.6536078392346205,0.05992820178524126,3.0414111129585235
0.4470894178835767,PASSED,-0.26526554151004533,-0.012026494517851209,-0.5702792978354201,2.653669265467562,0.06293581255078037,2.985077200592847
0.4480896179235847,PASSED,-0.2652778487239333,-0.012590184580110136,-0.5592972385412665,2.653733670730941,0.06588647319658034,2.9277162759380313
0.4490898179635927,PASSED,-0.26529071406049004,-0.01314277874892032,-0.5481254556561315,2.653800997575733,0.06877917847844606,2.8693646191508244
0.4500900180036007,PASSED,-0.26530412633179135,-0.013684091520732486,-0.5367709825828542,2.6538711875658496,0.07161295948766598,2.810058602599319
0.4510902180436087,PASSED,-0.26531807416794073,-0.014213944447180205,-0.5252408890242972,2.6539441813145865,0.07438688385091578,2.749834870350132
0.4520904180836167,PASSED,-0.26533254602414524,-0.014732166175200376,-0.5135422873507552,2.6540199185212616,0.07710005594732322,2.6887302471123173
0.4530906181236247,PASSED,-0.26534753018782586,-0.015238592480051244,-0.5016823165176107,2.654098338008057,0.07975161708841653,2.6267817370806483
0.4540908181636327,PASSED,-0.2653630147857592,-0.015733066292218205,-0.48966814259986574,2.654179377757007,0.08234074564729026,2.564026440069115
0.45509101820364073,PASSED,-0.2653789877912473,-0.016215437726097178,-0.47750696139837495,2.6542629749471485,0.08486665721710906,2.500501656318591
0.45609121824364873,PASSED,-0.2653954370313113,-0.016685564101830034,-0.4652059852891727,2.6543490659917968,0.08732860474151048,2.436244769789947
0.45709141828365674,PASSED,-0.26541235019390486,-0.017143309961441134,-0.4527724424923856,2.6544375865759466,0.08972587861520011,2.3712932762893932
0.45809161832366474,PASSED,-0.2654297148351447,-0.0175885470853847,-0.4402135782443509,2.6545284716937356,0.09205780672787846,2.305684670270973
0.45909181836367274,PASSED,-0.26544751838655356,-0.018021154503583228,-0.4275366448346511,2.6546216556859994,0.09432375455491362,2.2394565982112935
0.46009201840368075,PASSED,-0.26546574816231255,-0.018441018501947896,-0.414748900718012,2.6547170722778954,0.09652312525343829,2.1726467654002537
0.46109221844368875,PASSED,-0.2654843913665183,-0.018848032625164424,-0.401857604882203,2.65481465461652,0.09865535957959932,2.1052927000015575
0.46209241848369675,PASSED,-0.2655034351004429,-0.019242097679030852,-0.3888700198559148,2.6549143353086055,0.10071993599027058,2.0374322177843935
0.46309261852370476,PASSED,-0.2655228663697913,-0.019623121725443404,-0.3757933974503078,2.655016046458152,0.10271637061375068,1.9691028939438953
0.46409281856371276,PASSED,-0.26554267209195365,-0.019991020074267687,-0.36263498307360037,2.6551197197040786,0.10464421715963007,1.9003423138364084
0.46509301860372076,PASSED,-0.26556283910324846,-0.02034571527450254,-0.3494020116756887,2.6552252862578434,0.10650306697350802,1.8311881472389953
0.46609321864372877,PASSED,-0.2655833541661535,-0.020687137099424817,-0.33610170042000775,2.655332676940972,0.10829254890745067,1.7616777917450939
0.46709341868373677,PASSED,-0.26560420397652046,-0.021015222527613092,-0.3227412467004492,2.655441822222553,0.11001232922432969,1.6918486669682697
0.4680936187237448,PASSED,-0.26562537517077034,-0.02132991572294105,-0.30932782774629625,2.6555526522566186,0.11166211156813123,1.6217381283570578
0.4690938187637528,PASSED,-0.26564685433306573,-0.021631168010711844,-0.29586859445379227,2.6556650969194227,0.11324163678494781,1.5513832757895847
0.4700940188037607,PASSED,-0.26566862800245705,-0.021918937847441235,-0.28237066491312346,2.6557790858465924,0.11475068278886338,1.4808211559995683
0.47109421884376873,PASSED,-0.26569068267999835,-0.022193190790341984,-0.2688411282258347,2.655894548470154,0.11618906448406281,1.4100887213326618
0.47209441888377673,PASSED,-0.26571300483583116,-0.02245389946391761,-0.2552870371421527,2.6560114140553566,0.11755663349081673,1.3392225303680774
0.47309461892378474,PASSED,-0.26573558091623095,-0.022701043520608335,-0.2417154030564407,2.6561296117373736,0.11885327802472907,1.2682592029418398
0.47409481896379274,PASSED,-0.26575839735061463,-0.022934609599227707,-0.22813319566133122,2.656249070557766,0.1200789227177084,1.1972350196709807
0.47509501900380074,PASSED,-0.2657814405585048,-0.02315459128153876,-0.2145473400775308,2.656369719500751,0.1212335283082462,1.1261859711156836
0.47609521904380875,PASSED,-0.2658046969564483,-0.023360989044452038,-0.20096471147044165,2.656491487529257,0.12231709148954571,1.0551479880887413
0.47709541908381675,PASSED,-0.26582815296488554,-0.023553810208615023,-0.18739213262467957,2.656614303620704,0.12332964464029142,0.9841565925170244
0.47809561912382476,PASSED,-0.26585179501496714,-0.023733068885357898,-0.17383637282166997,2.6567380968025645,0.12427125552941995,0.9132470868695275
0.47909581916383276,PASSED,-0.2658756095553162,-0.02389878591997558,-0.16030414248169048,2.656862796187608,0.12514202704507824,0.8424544681841016
0.48009601920384076,PASSED,-0.2658995830587311,-0.024050988830775673,-0.14680208967902847,2.656988331008901,0.12594209693805428,0.771813509503953
0.48109621924384877,PASSED,-0.2659237020288286,-0.024189711748017904,-0.1333368022843723,2.6571146306544433,0.12667163742820695,0.7013584772517982
0.48209641928385677,PASSED,-0.26594795300662066,-0.02431499534715039,-0.11991479703123296,2.6572416247015465,0.1273308549406231,0.6311235358590377
0.4830966193238648,PASSED,-0.2659723225770269,-0.024426886781041525,-0.10654252513106902,2.657369242950825,0.12791998976085223,0.5611423431425431
0.4840968193638728,PASSED,-0.2659967973753149,-0.02452543960824417,-0.09322636191703265,2.657497415459875,0.12843931563338373,0.4914482254574713
0.4850970194038808,PASSED,-0.2660213640934694,-0.024610713719687045,-0.079972611126769,2.6576260725765444,0.12888913939670468,0.422074121896593
0.4860972194438888,PASSED,-0.2660460094864859,-0.024682775261864912,-0.06678749621193063,2.6577551449718864,0.12926980067479582,0.3530527155541424
0.4870974194838968,PASSED,-0.26607072037858637,-0.02474169655758134,-0.053677162052760505,2.6578845636726527,0.12958167137843118,0.28441602902281315
0.4880976195239048,PASSED,-0.2660954836693545,-0.024787556024550968,-0.04064767024754385,2.658014260093426,0.12982515530407368,0.21619585672231734
0.4890978195639128,PASSED,-0.2661202863397882,-0.02482043809089506,-0.027704997075124863,2.6581441660683107,0.1300006877856634,0.14842356483464703
0.4900980196039208,PASSED,-0.26614511545826647,-0.024840433108636747,-0.014855031519398638,2.6582742138822155,0.13010873520684726,0.08112999208334631
0.4910982196439288,PASSED,-0.2661699581864287,-0.024847637264841422,-0.0021035726615230973,2.6584043363016416,0.13014979447534739,0.014345452778008937
0.4920984196839368,PASSED,-0.2661948017849637,-0.024842152490405372,0.010543672501099334,2.658534466605071,0.1301243926899018,-0.05189994426130275
0.4930986197239448,PASSED,-0.26621963361930606,-0.024824086365589894,0.023081093025066193,2.6586645386128414,0.13003308661342294,-0.11757683129057284
0.4940988197639528,PASSED,-0.2662444411652383,-0.024793552025141843,0.03550317206337338,2.658794486716563,0.12987646211567,-0.18265627539455637
0.4950990198039608,PASSED,-0.26626921201439624,-0.024750668061247802,0.04780449178115371,2.6589242459080245,0.1296551337655891,-0.24710973320515278
0.4960992198439688,PASSED,-0.2662939338796747,-0.024695558421309712,0.059979738709382606,2.659053751807605,0.129369744302777,-0.31090928255002565
0.4970994198839768,PASSED,-0.266318594600533,-0.024628352306828995,0.07202369832827263,2.6591829406921663,0.12902096406260105,-0.37402754525986354
0.49809961992398477,PASSED,-0.26634318214819763,-0.02454918407229089,0.08393125867799389,2.6593117495224132,0.1286094904900643,-0.4364375907213488
0.4990998199639928,PASSED,-0.26636768463075944,-0.024458193114912815,0.09569742317812513,2.6594401159697307,0.128136047615923,-0.49811306308790154
0.5001000200040008,PASSED,-0.2663920902981648,-0.02435552376931031,0.1073172938854293,2.6595679784424555,0.12760138544503347,-0.5590282427573522
0.5011002200440088,PASSED,-0.26641638754709784,-0.024241325199383712,0.11878608728737912,2.659695276111599,0.12700627941855924,-0.6191578822855082
0.5021004200840168,PASSED,-0.26644056492575324,-0.024115751285538636,0.13009913155020927,2.65982194893601,0.12635152988426518,-0.678477302299794
0.5031006201240248,PASSED,-0.2664646111384965,-0.023978960512053553,0.14125186810832996,2.659947937686951,0.12563796146336467,-0.7369624999676594
0.5041008201640328,PASSED,-0.26648851505041143,-0.02383111585435111,0.1522398507651894,2.6600731839720986,0.12486642246781084,-0.7945899926112987
0.5051010202040408,PASSED,-0.26651226569173264,-0.02367238466284075,0.1630587520071445,2.6601976302589425,0.1240377843342075,-0.8513368942646996
0.5061012202440488,PASSED,-0.26653585226216153,-0.0235029385450296,0.1737043616804896,2.6603212198975976,0.12315294100703941,-0.9071809491036922
0.5071014202840568,PASSED,-0.2665592641350653,-0.023322953248532275,0.1841725863752117,2.6604438971429913,0.12221280829804511,-0.9621005489213744
0.5081016203240648,PASSED,-0.2665824908615564,-0.02313260854155374,0.1944594540474263,2.660565607176449,0.12121832330330226,-1.0160746252904762
0.5091018203640728,PASSED,-0.266605522174452,-0.02293208809045439,0.2045611158006306,2.660686296126655,0.12017044378129245,-1.0690827864893684
0.5101020204040808,PASSED,-0.2666283479921124,-0.022721579339144846,0.21447384164881866,2.660805911089967,0.11907014746535297,-1.1211053355729086
0.5111022204440888,PASSED,-0.26665095842215686,-0.022501273387375488,0.22419402518305048,2.660924400150135,0.11791843150248431,-1.1721230477324942
0.5121024204840968,PASSED,-0.26667334376505614,-0.02227136486458119,0.23371818786846332,2.6610417123973296,0.11671631175865897,-1.2221175412205632
0.5131026205241048,PASSED,-0.26669549451760066,-0.02203205180541125,0.2430429733709253,2.6611577979465624,0.11546482216052587,-1.2710709694081326
0.5141028205641128,PASSED,-0.26671740137624333,-0.021783535526141283,0.25216514986932526,2.6612726079554383,0.11416501409835317,-1.318966124015741
0.5151030206041208,PASSED,-0.2667390552403166,-0.021526020496168675,0.26108161670813346,2.661386094641251,0.11281795571515646,-1.3657865559840183
0.5161032206441288,PASSED,-0.26676044721512254,-0.021259714210804085,0.269789397802227,2.6614982112974213,0.1114247312451984,-1.411516412607446
0.5171034206841368,PASSED,-0.2667815686148957,-0.020984827065806885,0.2782856431271776,2.661608912309272,0.10998644039067025,-1.4561404824752946
0.5181036207241448,PASSED,-0.2668024109656379,-0.02070157222703838,0.2865676358627255,2.6617181531691303,0.10850419761075027,-1.4996443115497913
0.5191038207641528,PASSED,-0.26682296600782435,-0.02041016550142458,0.29463278544784866,2.6618258904907615,0.10697913145000977,-1.5420140602009649
0.5201040208041608,PASSED,-0.26684322569898083,-0.020110825209600548,0.3024786294081536,2.661932082023124,0.10541238388877494,-1.5832365619240785
0.5211042208441689,PASSED,-0.26686318221613203,-0.019803772055516963,0.31010283720053805,2.6620366866634533,0.10380510964476285,-1.6232993654040955
0.5221044208841769,PASSED,-0.2668828279581192,-0.019489228995149748,0.31750320914500313,2.6621396644696596,0.10215847548797559,-1.6621906843760277
0.5231046209241849,PASSED,-0.2669021555477887,-0.019167421108619853,0.32467767145315773,2.662240976672048,0.10047365957527915,-1.699899398243398
0.5241048209641929,PASSED,-0.26692115783405024,-0.01883857547003389,0.33162428334117033,2.6623405856843605,0.09875185076534164,-1.7364150844002508
0.5251050210042009,PASSED,-0.2669398278938047,-0.01850292101444167,0.3383412370929235,2.66243845511412,0.09699424790910127,-1.7717280374671283
0.5261052210442089,PASSED,-0.26695815903374215,-0.018160688410608344,0.3448268483269241,2.66253454977231,0.09520205919953145,-1.8058291576383017
0.5271054210842169,PASSED,-0.2669761447920087,-0.01781210993020984,0.35107956844622834,2.6626288356823484,0.09337650147220872,-1.8387101071123528
0.5281056211242249,PASSED,-0.26699377893974485,-0.01745741931598395,0.35709797807899474,2.6627212800883893,0.09151879949725594,-1.870363220179729
0.5291058211642329,PASSED,-0.26701105548249215,-0.017096851653980876,0.3628807846191194,2.6628118514629455,0.08963018534851691,-1.900781434445248
0.5301060212042409,PASSED,-0.2670279686614711,-0.01673064324298842,0.36842682857467995,2.6629005195138085,0.08771189767631966,-1.9299584973652677
0.5311062212442489,PASSED,-0.26704451295472953,-0.016359031465022524,0.3737350775600372,2.662987255190304,0.08576518101936167,-1.9578887633531596
0.5321064212842569,PASSED,-0.2670606830781619,-0.015982254657521965,0.3788046274609096,2.6630720306888573,0.08379128517356074,-1.9845672340994482
0.5331066213242649,PASSED,-0.2670764739863994,-0.015600551983342262,0.38363470532556365,2.6631548194578856,0.08179146448073828,-2.0099896653044707
0.5341068213642729,PASSED,-0.2670918808735724,-0.015214163303773186,0.3882246623980844,2.6632355962019956,0.07976697711852278,-2.0341524934895263
0.5351070214042809,PASSED,-0.2671068991739458,-0.014823329052557444,0.3925739770941811,2.6633143368855383,0.07771908450683183,-2.0570526904918696
0.5361072214442889,PASSED,-0.26712152456242605,-0.014428290105881212,0.39668225973093607,2.6633910187354606,0.07564905059024316,-2.0786880673198707
0.5371074214842969,PASSED,-0.2671357529549429,-0.014029287658554282,0.40054923905759177,2.6634656202435076,0.07355814114177033,-2.099057035908127
0.5381076215243049,PASSED,-0.2671495805087052,-0.013626563100108884,0.40417477137060165,2.6635381211677553,0.07144762317326375,-2.118158590238856
0.5391078215643129,PASSED,-0.267163003622332,-0.013220357887496911,0.4075588401062206,2.66360850253347,0.0693187642152972,-2.1359925364516776
0.5401080216043209,PASSED,-0.2671760189358595,-0.012810913422717318,0.41070154789517527,2.6636767466333406,0.06717283168902485,-2.1525591861527973
0.5411082216443288,PASSED,-0.2671886233306254,-0.012398470931399454,0.41360312026632334,2.6637428370270166,0.06501109224898287,-2.167859609301458
0.5421084216843368,PASSED,-0.26720081392903067,-0.011983271340245799,0.4162639050785433,2.663806758540048,0.06283481115361006,-2.181895419420369
0.5431086217243448,PASSED,-0.26721258809418097,-0.011565555155749458,0.4186843707748728,2.6638684972621283,0.0606452515896372,-2.194668993674523
0.5441088217643528,PASSED,-0.26722394342940714,-0.011145562346498203,0.4208651015688447,2.6639280405447496,0.05844367406686282,-2.2061832088409457
0.5451090218043608,PASSED,-0.2672348777776682,-0.010723532224416663,0.42280680242333846,2.6639853769981996,0.05623133580852287,-2.2164416246726297
0.5461092218443688,PASSED,-0.2672453892208354,-0.010299703326138705,0.42451029551437186,2.6640404964879414,0.05400949007802584,-2.225448467713282
0.5471094218843768,PASSED,-0.267255476078861,-0.009874313299843928,0.4259765134817145,2.6640933901303625,0.05177938557534959,-2.2332085259848955
0.5481096219243848,PASSED,-0.2672651369088315,-0.009447598789967973,0.42720650747211864,2.664144050287942,0.04954226589476055,-2.2397271169917987
0.5491098219643928,PASSED,-0.26727437050390696,-0.009019795322282422,0.4282014411611737,2.6641924705637776,0.047299368839168576,-2.2450103479921006
0.5501100220044008,PASSED,-0.2672831758921483,-0.00859113719489729,0.4289625848677727,2.6642386457955434,0.045051925846848834,-2.2490647552048357
0.5511102220444088,PASSED,-0.267291552335234,-0.008161857367684872,0.42949132210884944,2.664282572048828,0.042801161437477094,-2.251897512149685
0.5521104220844169,PASSED,-0.26729949932706665,-0.007732187351416106,0.4297891457087104,2.6643242466099233,0.040548292617528334,-2.2535163584814715
0.5531106221244249,PASSED,-0.2673070165922724,-0.007302357103439019,0.42985764948933824,2.6643636679780203,0.0382945282969016,-2.2539296287235717
0.5541108221644329,PASSED,-0.2673141040845938,-0.006872594921338778,0.42969853717417733,2.664400835856836,0.03604106872977383,-2.253146192730575
0.5551110222044409,PASSED,-0.26732076198517785,-0.006443127337729347,0.42931361456626704,2.664435751145689,0.033789104976275915,-2.251175460676137
0.5561112222444489,PASSED,-0.26732699070076166,-0.006014179020118811,0.42870478630671566,2.664468415930035,0.03153981836086743,-2.248027385230054
0.5571114222844569,PASSED,-0.26733279086175615,-0.005585972669876926,0.42787405953199686,2.6644988334714403,0.029294379899942852,-2.243712511387596
0.5581116223244649,PASSED,-0.2673381633202309,-0.005158728922830159,0.4268235387232811,2.6645270081970525,0.027053949825451066,-2.238241783227917
0.5591118223644729,PASSED,-0.26734310914780063,-0.004732666253125949,0.42555542369149635,2.664552945688521,0.02481967703832875,-2.2316267897185815
0.5601120224044809,PASSED,-0.26734762963341663,-0.004308000878758633,0.42407200815119606,2.6645766526704358,0.022592698603337184,-2.2238795318402285
0.5611122224444889,PASSED,-0.2673517262810632,-0.0038849466672289975,0.42237568044859425,2.664598136998237,0.02037413926576715,-2.2150125413899033
0.5621124224844969,PASSED,-0.26735540080736264,-0.003463715045038931,0.4204689166843815,2.6646174076456584,0.01816511096267421,-2.205038810894968
0.5631126225245049,PASSED,-0.2673586551390901,-0.0030445149095685987,0.4183542813276332,2.664634474691674,0.015966712338586642,-2.1939718328826294
0.5641128225645129,PASSED,-0.2673614914105994,-0.0026275525394201826,0.41603442936227064,2.6646493493069796,0.013780028282537432,-2.1818255381602616
0.5651130226045209,PASSED,-0.26736391196116394,-0.002213031510915803,0.41351209459911864,2.6646620437400084,0.011606129474862547,-2.168614320684634
0.5661132226445289,PASSED,-0.26736591933223175,-0.0018011526151018667,0.41079009662381477,2.6646725713025097,0.009446071954783286,-2.1543529863423436
0.5671134226845369,PASSED,-0.2673675162646001,-0.001392113775441768,0.4078713350176213,2.6646809463546783,0.007300896668054875,-2.139056820319122
0.5681136227245449,PASSED,-0.2673687056955086,-0.0009861099691562134,0.40475878713084346,2.664687184289869,0.00517162906445963,-2.1227414591126594
0.5691138227645529,PASSED,-0.2673694907556551,-0.0005833331510848944,0.4014555053649696,2.6646913015188733,0.0030592786648766758,-2.1054230265631504
0.5701140228045609,PASSED,-0.26736987476613583,-0.00018397217849478814,0.39796461740686406,2.6646933154538255,0.0009648386953650201,-2.087117931477326
0.5711142228445689,PASSED,-0.2673698612353113,0.00021178726277787304,0.3942893238498593,2.664693244491685,-0.0011107143215510291,-2.0678430738751983
0.5721144228845769,PASSED,-0.2673694538556009,0.0006037627268146009,0.39043289082797356,2.664691107997354,-0.003166420957092696,-2.0476156766526463
0.5731146229245849,PASSED,-0.26736865650020863,0.0009917750761439612,0.3863986549969514,2.664686926286417,-0.005201339205346893,-2.0264532959885657
0.5741148229645929,PASSED,-0.267367473219781,0.0013756485496166895,0.3821900191232464,2.6646807206075462,-0.007214544824838921,-2.0043738351610028
0.5751150230046009,PASSED,-0.2673659082390006,0.0017552108239271148,0.3778104444352109,2.6646725131245215,-0.00920513175199272,-1.981395655148998
0.5761152230446089,PASSED,-0.2673639659531168,0.0021302930760524518,0.37326345725208754,2.664662326897956,-0.011172212354912048,-1.9575372347662172
0.5771154230846169,PASSED,-0.26736165092441605,0.0025007300429874786,0.36855264005698624,2.6646501858666727,-0.013114917755147757,-1.932817510548702
0.5781156231246249,PASSED,-0.26735896787863445,0.0028663600772347248,0.3636816303740859,2.6646361148287983,-0.015032398168372459,-1.9072556816753674
0.579115823164633,PASSED,-0.2673559217013137,0.0032270252032169534,0.3586541230543241,2.6646201394225373,-0.016923823169405987,-1.88087121393897
0.580116023204641,PASSED,-0.2673525174341049,0.0035825711684334552,0.3534738599912875,2.664602286106665,-0.018788381980109282,-1.853683875212848
0.581116223244649,PASSED,-0.26734876027101956,0.0039328474933433355,0.3481446348556081,2.66458258214078,-0.020625283695415244,-1.8257136087013675
0.582116423284657,PASSED,-0.26734465555463294,0.00427770752075615,0.34267028911761926,2.6645610555652444,-0.022433757605462436,-1.7969807776110758
0.583116623324665,PASSED,-0.2673402087722404,0.00461700845907035,0.337054704445253,2.664537735180928,-0.024213053397673243,-1.7675058019439631
0.584116823364673,PASSED,-0.2673354255519696,0.004950611426200869,0.33130180892069633,2.664512650528679,-0.025962441360830285,-1.7373094039657602
0.585117023404681,PASSED,-0.26733031165885046,0.005278381491294557,0.32541556920901515,2.664485831868613,-0.027681212632693797,-1.706412517128675
0.586117223444689,PASSED,-0.2673248729908464,0.005600187711232156,0.31939998708998896,2.664457310159151,-0.029368679417083696,-1.6748362958973797
0.587117423484697,PASSED,-0.2673191155748473,0.005915903168105813,0.31325910339610297,2.664427117035889,-0.03102417513692507,-1.6426020024707024
0.588117623524705,PASSED,-0.26731304556262864,0.006225405002599174,0.3069969885581997,2.6643952847902757,-0.032647054617310045,-1.6097311323278267
0.589117823564713,PASSED,-0.2673066692267773,0.00652857444496855,0.3006177449101601,2.6643618463481307,-0.03423669426315844,-1.5762453215287733
0.590118023604721,PASSED,-0.26729999295658763,0.0068252968442154794,0.29412550213810845,2.6643268352479765,-0.035792492226219975,-1.5421663907500403
0.591118223644729,PASSED,-0.2672930232539294,0.007115461694818809,0.2875244162468112,2.6642902856192445,-0.03731386852088543,-1.507516230609078
0.592118423684737,PASSED,-0.26728576672909055,0.007398962661514748,0.28081866699535674,2.6642522321603583,-0.038800265124293895,-1.4723168519413823
0.593118623724745,PASSED,-0.2672782300965961,0.007675697600908266,0.2740124543256272,2.6642127101166677,-0.04025114616069591,-1.4365904927090962
0.594118823764753,PASSED,-0.26727042017100744,0.007945568580388519,0.267109996250002,2.664171755258294,-0.04166599797016941,-1.4003593539831098
0.595119023804761,PASSED,-0.2672623438627011,0.008208481897629127,0.26011553123434866,2.6641294038578756,-0.04304432915750166,-1.3636457428983273
0.596119223844769,PASSED,-0.2672540081736331,0.008464348094307038,0.25303330697361825,2.6640856926682255,-0.04438567073318516,-1.326472130873614
0.597119423884777,PASSED,-0.26724542019308845,0.008713081967993601,0.24586758482852933,2.6640406588999204,-0.04568957616577607,-1.288860967069096
0.5981196239247849,PASSED,-0.26723658709341885,0.008954602585131166,0.2386226386769224,2.6639943401988324,-0.046955621389877,-1.2508347287888184
0.5991198239647929,PASSED,-0.2672275161257714,0.009188833287916183,0.23130274552374655,2.6639467746236107,-0.04818340489053391,-1.212416015235633
0.6001200240048009,PASSED,-0.2672182146158095,0.00941570169976241,0.2239121893945479,2.6638980006231288,-0.04937254773922125,-1.1736274043218082
0.6011202240448089,PASSED,-0.26720868995942965,0.009635139730688103,0.21645525861312184,2.663848057013909,-0.05052269357154794,-1.1344914509966186
0.6021204240848169,PASSED,-0.26719894961847485,0.00984708357781919,0.20893623947639503,2.6637969829575288,-0.051633508624745986,-1.0950307879989984
0.6031206241248249,PASSED,-0.2671890011164474,0.01005147372530814,0.2013594194973238,2.6637448179380496,-0.052704681714103904,-1.0552679569305323
0.6041208241648329,PASSED,-0.2671788520342241,0.01024825494099345,0.19372907981063334,2.663691601739429,-0.0537359242226598,-1.0152255429728003
0.6051210242048409,PASSED,-0.26716851000577446,0.010437376272207567,0.18604949881643856,2.6636373744229758,-0.05472697007690313,-0.9749260617570178
0.6061212242448489,PASSED,-0.2671579827138858,0.01061879103862448,0.17832494481722747,2.663582176304832,-0.05567757569518091,-0.9343919892916269
0.6071214242848569,PASSED,-0.2671472778858954,0.010792456822251339,0.17055967616661516,2.6635260479335123,-0.05658751992827167,-0.8936457289568553
0.6081216243248649,PASSED,-0.2671364032894335,0.010958335457273484,0.16275794092583282,2.6634690300674833,-0.057456604022858494,-0.8527096716734712
0.6091218243648729,PASSED,-0.26712536672817894,0.011116393015764534,0.15492397020119322,2.663411163652829,-0.05828465152666798,-0.8116060585668277
0.610122024404881,PASSED,-0.26711417603762844,0.01126659979295293,0.14706198184652963,2.663352489800984,-0.05907150820295437,-0.7703570880994349
0.611122224444889,PASSED,-0.2671028390808825,0.011408930289621599,0.13917617321676043,2.663293049766567,-0.05981704194087487,-0.7289848378012103
0.612122424484897,PASSED,-0.26709136374445047,0.011543363192033425,0.1312707218752022,2.6632328849253097,-0.06052114265060209,-0.6875112910112301
0.613122624524905,PASSED,-0.26707975793407446,0.011669881351929052,0.12334978524257754,2.663172036752096,-0.06118372214170993,-0.64595829117224
0.614122824564913,PASSED,-0.26706802957057757,0.011788471761776265,0.11541749291697043,2.663110546799127,-0.061804713995412285,-0.6043475620557668
0.615123024604921,PASSED,-0.2670561865857349,0.011899125529697175,0.10747795125686954,2.6630484566742227,-0.062384073425180986,-0.5627006749106515
0.616123224644929,PASSED,-0.2670442369181713,0.012001837853524242,0.09953523887386422,2.6629858080192523,-0.06292177714250012,-0.5210390789247912
0.617123424684937,PASSED,-0.26703218850928756,0.012096607990447728,0.09159340228990202,2.662922642488732,-0.06341782318542197,-0.4793840189199045
0.618123624724945,PASSED,-0.26702004929921574,0.012183439226631123,0.08365645877905677,2.6628590017285827,-0.0638722307391022,-0.437756576853793
0.619123824764953,PASSED,-0.26700782722280714,0.012262338844485163,0.07572839057069797,2.662794927355039,-0.06428504001123031,-0.39617773564434394
0.620124024804961,PASSED,-0.26699553020565325,0.012333318088369544,0.06781314609350046,2.662730460933774,-0.06465631198627657,-0.35466813464752445
0.621124224844969,PASSED,-0.2669831661601419,0.012396392128876365,0.05991463678236959,2.6626656439591883,-0.06498612824375415,-0.3132483393642903
0.622124424884977,PASSED,-0.266970742981551,0.012451580023284104,0.052036732824651405,2.662600517833894,-0.06527459081621699,-0.27193872786188567
0.623124624924985,PASSED,-0.26695826854418037,0.012498904678002444,0.044183269314130975,2.662535123848443,-0.06552182187246963,-0.23075927517980538
0.624124824964993,PASSED,-0.26694575069752446,0.012538392806780376,0.036358035087134255,2.6624695031612253,-0.0657279635689469,-0.1897299773422709
0.625125025005001,PASSED,-0.26693319726248627,0.012570074887386689,0.02856477761909991,2.662403696778623,-0.06589317783724048,-0.14887046226109982
0.626125225045009,PASSED,-0.26692061602763595,0.012593985117174668,0.020807197900562863,2.662337745535391,-0.06601764605823464,-0.1082000601495012
0.627125425085017,PASSED,-0.2669080147455134,0.012610161368106098,0.013088952952008234,2.6622716900752796,-0.0661015688856122,-0.06773800552959014
0.628125625125025,PASSED,-0.26689540112897847,0.012618645139007812,0.005413649534849784,2.6622055708318877,-0.06614516602655471,-0.02750323121779929
0.629125825165033,PASSED,-0.26688278284760825,0.012619481506199372,-0.002215154370633893,2.662139428009814,-0.0661486758633099,0.012485759553206882
0.630126025205041,PASSED,-0.2668701675241448,0.012612719073965028,-0.009793950810150021,2.6620733015660294,-0.06611235527282801,0.052210477767684366
0.631126225245049,PASSED,-0.26685756273099365,0.012598409922015916,-0.017319286041750412,2.6620072311915495,-0.06603647937250046,0.09165284870080129
0.632126425285057,PASSED,-0.2668449759867741,0.012576609553611007,-0.02478775664701572,2.661941256293374,-0.06592134114856395,0.13079514076030765
0.633126625325065,PASSED,-0.2668324147529239,0.012547376840201697,-0.03219601791750541,2.661875415976715,-0.06576725122171045,0.16961978424895463
0.634126825365073,PASSED,-0.26681988643035837,0.0125107739665813,-0.03954077742232446,2.6618097490275163,-0.0655745375775609,0.20810955074994883
0.635127025405081,PASSED,-0.2668073983561858,0.012466866373858868,-0.046818802922507716,2.661744293895271,-0.06534354520947812,0.24624757963802185
0.636127225445089,PASSED,-0.26679495780048085,0.012415722700133752,-0.05402692092685509,2.661679088676151,-0.06507463581638298,0.2840172687332075
0.637127425485097,PASSED,-0.2667825719631157,0.012357414724022579,-0.06116201290071929,2.661614171096443,-0.06476818753106364,0.32140229637676354
0.638127625525105,PASSED,-0.2667702479706514,0.012292017302560257,-0.0682210271700586,2.6615495784962833,-0.06442459459193936,0.358386700955961
0.639127825565113,PASSED,-0.26675799287329016,0.012219608308611204,-0.07520097180171582,2.661485347813759,-0.06404426694562548,0.3949549432191692
0.640128025605121,PASSED,-0.26674581364188926,0.012140268571369569,-0.08209891420158386,2.6614215155692973,-0.06362762999623808,0.4310916201662162
0.6411282256451291,PASSED,-0.2667337171650383,0.012054081811205299,-0.08891199080606056,2.6613581178503942,-0.0631751242893847,0.46678176464482
0.6421284256851371,PASSED,-0.26672171024619956,0.011961134574973685,-0.09563739984864916,2.661295190296708,-0.06268720505272486,0.5020108846698272
0.6431286257251451,PASSED,-0.26670979960091445,0.0118615161715332,-0.10227240583504289,2.661232768085454,-0.06216434196010017,0.5367645645946056
0.6441288257651531,PASSED,-0.26669799185407433,0.011755318605141363,-0.10881434009636796,2.6611708859171923,-0.06160701876216454,0.571028953496311
0.6451290258051611,PASSED,-0.26668629353725914,0.011642636508681414,-0.1152606007023381,2.6611095780019225,-0.06101573289078259,0.6047904833057131
0.6461292258451691,PASSED,-0.2666747110861425,0.011523567075644687,-0.12160865459298827,2.6610488780455728,-0.060390995129161025,0.6380359471654714
0.6471294258851771,PASSED,-0.2666632508379659,0.011398209991195164,-0.1278560376872156,2.66098881923682,-0.05973332926523879,0.6707524750934168
0.6481296259251851,PASSED,-0.2666519190290808,0.01126666736377182,-0.13400035391409537,2.660929434234293,-0.05904327169590005,0.7029276321689715
0.6491298259651931,PASSED,-0.26664072179256176,0.01112904365414846,-0.14003928009620084,2.6608707551541326,-0.0583213710656573,0.7345492956252538
0.6501300260052011,PASSED,-0.26662966515588826,0.01098544560540786,-0.14597056117019971,2.660812813557924,-0.05756818791699135,0.7656057173597528
0.6511302260452091,PASSED,-0.26661875503869886,0.01083598217153914,-0.1517920156677332,2.660755640441004,-0.056784294290751304,0.796085565493573
0.6521304260852171,PASSED,-0.2666079972506161,0.01068076444499849,-0.1575015337892588,2.6606992662211355,-0.05597027336152366,0.8259778383836944
0.6531306261252251,PASSED,-0.2665973974891435,0.010519905586287875,-0.16309707532485102,2.66064372072758,-0.05512671904570893,0.8552719674354233
0.6541308261652331,PASSED,-0.2665869613376353,0.010353520748853954,-0.1685766788399653,2.6605890331905426,-0.05425423561354803,0.8839577419778804
0.655131026205241,PASSED,-0.266576694263339,0.010181727007016807,-0.17393845050193435,2.660535232230971,-0.053353437368255124,0.9120252475029255
0.656131226245249,PASSED,-0.26656660161551166,0.010004643282852676,-0.1791805732722619,2.660482345850802,-0.052424948158844555,0.9394651840156747
0.657131426285257,PASSED,-0.2665566886236095,0.00982239027130588,-0.18430130372981435,2.6604304014235303,-0.05146940104373616,0.9662684025035378
0.658131626325265,PASSED,-0.26654696039555165,0.009635090366399573,-0.18929897235730653,2.6603794256852082,-0.050487437952133236,0.9924262176691707
0.659131826365273,PASSED,-0.26653742191605917,0.009442867586229978,-0.19417198537778677,2.6603294447258254,-0.049479709184501716,1.0179304676064231
0.660132026405281,PASSED,-0.26652807804506756,0.00924584749854786,-0.19891882255167184,2.66028048398107,-0.04844687308415106,1.0427731888468126
0.661132226445289,PASSED,-0.2665189335162147,0.009044157146439646,-0.2035380384792443,2.6602325682244885,-0.04738959568414219,1.0669468741169192
0.662132426485297,PASSED,-0.2665099929354041,0.008837924971346072,-0.20802826616979622,2.660185721560044,-0.04630855022229588,1.0904445203325532
0.663132626525305,PASSED,-0.26650126077944314,0.008627280739042387,-0.2123882097262772,2.660139967415058,-0.04520441679364929,1.1132593675226208
0.664132826565313,PASSED,-0.2664927413947562,0.00841235546511794,-0.2166166500565593,2.660095328533554,-0.04407788198926016,1.1353850956334688
0.665133026605321,PASSED,-0.2664844389961742,0.008193281337232239,-0.22071244643846116,2.660051826969989,-0.042929638444237375,1.1568158446156644
0.666133226645329,PASSED,-0.2664763576657983,0.007970191641385967,-0.2246745287848113,2.660009484083387,-0.04176038445801297,1.177546080630221
0.667133426685337,PASSED,-0.26646850135194017,0.007743220686946233,-0.22850190487634722,2.6599683205318594,-0.040570823634670246,1.1975706518177323
0.668133626725345,PASSED,-0.26646087386813666,0.00751250372963222,-0.23219365893912156,2.6599283562675216,-0.039361664454810846,1.2168848652205133
0.669133826765353,PASSED,-0.26645347889224036,0.007278176897293934,-0.23574894793772883,2.659889610531796,-0.03813361989256788,1.235484360257935
0.670134026805361,PASSED,-0.2664463199655848,0.007040377115454196,-0.23916700444107805,2.6598521018511234,-0.03688740702586026,1.2533652043407455
0.671134226845369,PASSED,-0.26643940049222536,0.006799242030859547,-0.2424471380303633,2.6598158480330523,-0.03562374663780763,1.270523843860562
0.6721344268853771,PASSED,-0.2664327237382538,0.006554909938462205,-0.2455887286419953,2.65978086616271,-0.034343362858367005,1.2869570698273298
0.6731346269253851,PASSED,-0.26642629283118857,0.006307519705860996,-0.24859123524068388,2.659747172599694,-0.033046982721153265,1.3026621821380262
0.6741348269653931,PASSED,-0.2664201107594388,0.006057210699038779,-0.25145418787657187,2.6597147829753083,-0.03173533582721629,1.3176367018029367
0.6751350270054011,PASSED,-0.26641418037184195,0.00580412271001227,-0.2541771897931318,2.6596837121902217,-0.030409153947766346,1.33187866454795
0.6761352270454091,PASSED,-0.2664085043772761,0.005548395881605744,-0.2567599208154544,2.6596539744124854,-0.029069170618689733,1.345386438762388
0.6771354270854171,PASSED,-0.2664030853443441,0.005290170635270751,-0.2592021300146864,2.659625583075954,-0.02771612077483668,1.3581587805801625
0.6781356271254251,PASSED,-0.26639792570113235,0.005029587598171247,-0.26150364182271546,2.659598550879056,-0.02635074039933727,1.3701947721122483
0.6791358271654331,PASSED,-0.2663930277350402,0.00476678753139529,-0.2636643500781181,2.659572889783969,-0.02497376610943869,1.3814939684228016
0.6801360272054411,PASSED,-0.2663883935926827,0.004501911257597782,-0.2656842229437704,2.659548611016161,-0.02358593477395422,1.3920562468589173
0.6811362272454491,PASSED,-0.26638402527986427,0.004235099589607374,-0.26756329802149925,2.6595257250642956,-0.022187983194633835,1.4018818009613687
0.6821364272854571,PASSED,-0.2663799246616231,0.003966493261318904,-0.26930168179978436,2.6595042416805117,-0.02078064771400161,1.41097126707946
0.6831366273254651,PASSED,-0.26637609346234664,0.003696232855553016,-0.2708995550766237,2.6594841698810754,-0.019364663809873416,1.419325662160682
0.6841368273654731,PASSED,-0.2663725332659559,0.0034244587356042277,-0.27235716319689734,2.659465517947378,-0.01794076580284272,1.4269462369440382
0.6851370274054811,PASSED,-0.26636924551615976,0.003151310976782422,-0.27367482257174436,2.659448293427318,-0.016509686461832606,1.4338347437208285
0.6861372274454891,PASSED,-0.2663662315167776,0.0028769292971237274,-0.27485291771666115,2.6594325031370123,-0.015072156635395679,1.4399932149143295
0.6871374274854971,PASSED,-0.2663634924321289,0.0026014529911465643,-0.2758918981508306,2.659418153162877,-0.013628904946817238,1.4454240043545128
0.6881376275255051,PASSED,-0.26636102928749184,0.0023250208619171107,-0.2767922832818687,2.6594052488640507,-0.01218065741246343,1.4501298876866686
0.6891378275655131,PASSED,-0.26635884296962614,0.0020477711556462098,-0.27755465493025605,2.6593937948751694,-0.01072813708418944,1.4541139553322056
0.6901380276055211,PASSED,-0.2663569342273628,0.0017698414972760301,-0.27817966066346184,2.6593837951094703,-0.009272063763870254,1.4573795636438405
0.6911382276455291,PASSED,-0.26635530367225857,0.001491368823785992,-0.27866801537442204,2.659375252762242,-0.007813153635595461,1.4599305046954294
0.6921384276855371,PASSED,-0.266353951779314,0.0012124893229689352,-0.2790204911121466,2.6593681703145986,-0.006352118922775496,1.4617708515696552
0.6931386277255451,PASSED,-0.26635287888775494,0.0009333383697052714,-0.2792379280313419,2.6593625495375943,-0.00488966758494921,1.462904995330706
0.6941388277655531,PASSED,-0.2663520852018763,0.0006540504634947346,-0.2793212249966668,2.65935839149665,-0.0034265029978327024,1.4633376483070422
0.6951390278055611,PASSED,-0.26635157079194716,0.0003747591685997233,-0.27927134149390764,2.6593556965562954,-0.001963323631586731,1.4630738448719247
0.6961392278455691,PASSED,-0.2663513355951766,9.559705354856882e-05,-0.27908929742265237,2.659354464385245,-0.0005008227180257605,1.462118959353668
0.6971394278855771,PASSED,-0.26635137941673837,-0.0001833043680586266,-0.2787761710635574,2.6593546939617565,0.0009603120173494646,1.460478586056263
0.6981396279255851,PASSED,-0.26635170193085533,-0.00046181469573182703,-0.27833309874629575,2.6593563835793197,0.002419398681943236,1.4581587169521104
0.6991398279655932,PASSED,-0.26635230268194043,-0.0007398046987837564,-0.2777612725890185,2.6593595308526177,0.0038757615096768816,1.455165568254669
0.7001400280056012,PASSED,-0.26635318108579453,-0.001017146372450106,-0.27706194105123694,2.659364132723799,0.005328731133713425,1.4515056612244603
0.7011402280456092,PASSED,-0.26635433643086065,-0.0012937129938988857,-0.27623640838047525,2.6593701854690446,0.006777644916243601,1.4471858634006538
0.7021404280856172,PASSED,-0.26635576787953125,-0.0015693791750395027,-0.2752860296473783,2.6593776847053934,0.00822184717774896,1.4422131935751643
0.7031406281256252,PASSED,-0.2663574744695104,-0.001844020915400026,-0.27421221416928643,2.6593866253978646,0.00966068948430734,1.4365950485471888
0.7041408281656332,PASSED,-0.2663594551152276,-0.0021175156556981433,-0.27301642438400464,2.659397001866851,0.011093530959046763,1.4303390922009134
0.7051410282056412,PASSED,-0.2663617086093027,-0.002389742326888677,-0.2717001690615531,2.6594088077957654,0.012519738487759738,1.4234531530543482
0.7061412282456492,PASSED,-0.26636423362406203,-0.002660581399704794,-0.2702650086524935,2.659422036238958,0.013938686987114255,1.4159453968879632
0.7071414282856572,PASSED,-0.2663670287131023,-0.002929914934404518,-0.2687125520645445,2.6594366796298963,0.015349759717141804,1.407824285453938
0.7081416283256652,PASSED,-0.26637009231290293,-0.003197626627160668,-0.2670444532172199,2.6594527297895705,0.01675234844693158,1.3990983593470006
0.7091418283656732,PASSED,-0.2663734227444857,-0.003463601856548344,-0.26526241350131424,2.659470177935153,0.018145853696916438,1.3897765104101036
0.7101420284056812,PASSED,-0.26637701821511905,-0.0037277277284506545,-0.2633681775029744,2.6594890146889125,0.019529685074681245,1.3798679560012759
0.7111422284456892,PASSED,-0.2663808768200669,-0.003989893119314399,-0.2613635331042576,2.6595092300873255,0.02090326139345051,1.3693818939479223
0.7121424284856971,PASSED,-0.26638499654438125,-0.004249988719701608,-0.25925031190917575,2.6595308135904294,0.022266010884861156,1.3583278897191242
0.7131426285257051,PASSED,-0.2663893752647359,-0.004507907074788845,-0.25703038387261085,2.6595537540914025,0.023617371534644497,1.3467158231594842
0.7141428285657131,PASSED,-0.2663940107513016,-0.004763542624919173,-0.2547056609688075,2.659578039926335,0.024956791188610543,1.3345555411704155
0.7151430286057211,PASSED,-0.26639890066966004,-0.005016791743799665,-0.252278090821613,2.6596036588842176,0.02628372773325407,1.3218572136256006
0.7161432286457291,PASSED,-0.26640404258275635,-0.005267552776914511,-0.24974966131033544,2.659630598217127,0.02759764939791608,1.3086312986862845
0.7171434286857371,PASSED,-0.26640943395288874,-0.005515726077670766,-0.2471223937202018,2.6596588446506004,0.02889803487278232,1.294888258986213
0.7181436287257451,PASSED,-0.2664150721437334,-0.005761214041789008,-0.24439834438360308,2.6596883843942036,0.030184373469023626,1.280638821078031
0.7191438287657531,PASSED,-0.2664209544224042,-0.0060039211417371955,-0.2415796036579114,2.65971920315226,0.03145616534874624,1.2658939188190157
0.7201440288057611,PASSED,-0.26642707796154513,-0.00624375395889042,-0.23866829281676727,2.6597512861347785,0.032712921692938664,1.2506646277746911
0.7211442288457691,PASSED,-0.266433439841455,-0.00648062121507698,-0.23566656509975595,2.6597846180685236,0.03395416481246669,1.234962114030248
0.7221444288857771,PASSED,-0.26644003705224206,-0.006714433801724486,-0.23257660101267316,2.6598191832082554,0.035179428335693645,1.2187977960247591
0.7231446289257851,PASSED,-0.2664468664960087,-0.006945104809271943,-0.22940061190397953,2.6598549653481163,0.036388257377343074,1.202183205399204
0.7241448289657931,PASSED,-0.2664539249890631,-0.007172549554152782,-0.2261408335320778,2.6598919478331795,0.037580208656843125,1.185129995567281
0.7251450290058011,PASSED,-0.2664612092641582,-0.007396685603826612,-0.22279952710166329,2.659930113571104,0.03875485060720828,1.167649920230405
0.7261452290458091,PASSED,-0.26646871597275573,-0.007617432803155435,-0.219378980813596,2.6599694450439615,0.03991176356800016,1.149754987832868
0.7271454290858171,PASSED,-0.2664764416873137,-0.007834713296171041,-0.21588150115027854,2.6600099243201534,0.041050539867348405,1.1314571736918344
0.7281456291258251,PASSED,-0.26648438290359794,-0.008048451548730096,-0.21230942016490456,2.6600515330664645,0.04217078390821921,1.1127686189901196
0.7291458291658331,PASSED,-0.26649253604301276,-0.008258574369193968,-0.20866508732985004,2.6600942525602282,0.043272112347839155,1.0937016533731596
0.7301460292058412,PASSED,-0.26650089745495376,-0.008465010926946664,-0.2049508713679278,2.6601380637015852,0.04435415414916051,1.07426856662016
0.7311462292458492,PASSED,-0.26650946341917786,-0.008667692772029834,-0.20116916089333062,2.660182947025856,0.0454165506734081,1.054481829332543
0.7321464292858572,PASSED,-0.26651823014819154,-0.008866553850289925,-0.1973223565045962,2.6602288827159923,0.046458955804374556,1.0343539987223962
0.7331466293258652,PASSED,-0.26652719378965434,-0.009061530518706049,-0.19341287635714138,2.660275850615108,0.04748103598270781,1.0138976314071573
0.7341468293658732,PASSED,-0.26653635042879753,-0.00925256156092437,-0.1894431527924399,2.6603238302391126,0.04848247031868987,0.9931254723653334
0.7351470294058812,PASSED,-0.26654569609085615,-0.009439588198822246,-0.18541562796816535,2.6603728007893763,0.0494629506365442,0.972050214846988
0.7361472294458892,PASSED,-0.2665552267435126,-0.009622554103043097,-0.1813327550559759,2.6604227411654984,0.050422181538702655,0.9506846936994401
0.7371474294858972,PASSED,-0.2665649382993519,-0.009801405405243421,-0.17719700029655702,2.6604736299781067,0.051359880477281114,0.9290417684978057
0.7381476295259052,PASSED,-0.2665748266183252,-0.009976090705529553,-0.17301083361251512,2.6605254455617127,0.05227577776541078,0.9071343012175742
0.7391478295659132,PASSED,-0.26658488751022236,-0.010146561079271341,-0.16877673382797137,2.660578165987619,0.053169616648677656,0.884975271299746
0.7401480296059212,PASSED,-0.2665951167371507,-0.010312770084646362,-0.16449718640638428,2.660631769076857,0.05404115334160302,0.8625776406757688
0.7411482296459292,PASSED,-0.26660551001601984,-0.010474673767500473,-0.16017468048593156,2.6606862324131355,0.05489015699458753,0.8399543278570109
0.7421484296859372,PASSED,-0.2666160630210303,-0.010632230663208215,-0.1558117058556155,2.660741533355858,0.055716409802449046,0.8171184611978405
0.7431486297259452,PASSED,-0.26662677138616514,-0.010785401800592297,-0.1514107584030579,2.660797649053117,0.05651970698627459,0.7940829989106843
0.7441488297659532,PASSED,-0.2666376307076834,-0.010934150703288141,-0.14697433222437098,2.6608545564547077,0.05729985672551848,0.7708608994660262
0.7451490298059612,PASSED,-0.26664863654661414,-0.011078443387724205,-0.14250491924385897,2.6609122323251606,0.058056680274376826,0.747465315119887
0.7461492298459692,PASSED,-0.26665978443124894,-0.011218248362889203,-0.13800501244575736,2.6609706532567388,0.058790011894343776,0.7239091565316517
0.7471494298859772,PASSED,-0.26667106985963335,-0.01135353662799857,-0.133477100218443,2.661029795682475,0.059499698835448686,0.7002054641537547
0.7481496299259852,PASSED,-0.2666824883020538,-0.011484281667213513,-0.1289236652126088,2.6610896358891356,0.060185601332734845,0.6763671860410965
0.7491498299659932,PASSED,-0.26669403520352114,-0.011610459445446291,-0.12434718691288942,2.6611501500302173,0.06084759260179735,0.6524073244101111
0.7501500300060012,PASSED,-0.26670570598624743,-0.011732048402446734,-0.1197501370588129,2.661211314138866,0.06148555876046993,0.6283387148475723
0.7511502300460092,PASSED,-0.2667174960521165,-0.011849029443469227,-0.11513497699827938,2.661273104140796,0.06209939881038477,0.6041742732930154
0.7521504300860172,PASSED,-0.2667294007851458,-0.011961385932094035,-0.1105041630424932,2.661335495867156,0.06268902463145776,0.5799268529262855
0.7531506301260252,PASSED,-0.26674141555393927,-0.012069103680028023,-0.10586013786165137,2.661398465067347,0.06325436087583038,0.5556091720035085
0.7541508301660332,PASSED,-0.2667535357141297,-0.012172170935645887,-0.10120533412200418,2.6614619874217844,0.06379534491862161,0.5312339566497483
0.7551510302060412,PASSED,-0.2667657566108088,-0.01227057837125028,-0.09654216992598386,2.661526038554606,0.06431192683799604,0.5068138945241986
0.7561512302460492,PASSED,-0.2667780735809458,-0.012364319071490269,-0.09187305378266092,2.6615905940463205,0.06480406932255293,0.48236154457869207
0.7571514302860572,PASSED,-0.2667904819557904,-0.012453388517194946,-0.08720037365268865,2.6616556294463707,0.0652717475702488,0.4578893831073009
0.7581516303260653,PASSED,-0.2668029770632623,-0.012537784569723806,-0.08252650511297649,2.66172112028563,0.06571494924694193,0.4334098724170337
0.7591518303660733,PASSED,-0.2668155542303234,-0.01261750745564765,-0.07785380646442015,2.661787042088813,0.0661336743984046,0.4089353374930898
0.7601520304060813,PASSED,-0.2668282087853337,-0.012692559748729024,-0.07318461749267631,2.661853370386797,0.06652793532691653,0.3844779891911363
0.7611522304460893,PASSED,-0.26684093606038833,-0.012762946349559774,-0.06852125638946449,2.661920080728864,0.06689775653830272,0.36005002618290743
0.7621524304860973,PASSED,-0.2668537313936355,-0.012828674467208917,-0.06386602515559449,2.6619871486948163,0.06724317461557237,0.3356634446608157
0.7631526305261053,PASSED,-0.26686659013157427,-0.012889753598887096,-0.05922120269323484,2.6620545499070074,0.067564238089551,0.31133016019049714
0.7641528305661133,PASSED,-0.26687950763133034,-0.012946195505966719,-0.054589043337214954,2.6621222600422643,0.06786100738582108,0.2870620536564544
0.7651530306061213,PASSED,-0.2668924792629108,-0.012998014193351051,-0.049971783415742786,2.6621902548436878,0.06813355467331036,0.26287077671118025
0.7661532306461293,PASSED,-0.266905500411434,-0.01304522588450174,-0.04537162964065399,2.662258510132331,0.06838196370837288,0.23876787396338986
0.7671534306861373,PASSED,-0.26691856647933626,-0.013087848996743711,-0.04079076730951639,2.6623270018187584,0.0686063297663095,0.2147648472521097
0.7681536307261452,PASSED,-0.266931672888553,-0.013125904116454227,-0.03623135464451702,2.6623957059144687,0.06880675948828954,0.19087297179869495
0.7691538307661532,PASSED,-0.26694481508267404,-0.0131594139713493,-0.031695521728778035,2.6624645985431976,0.06898337072829841,0.1671034188156568
0.7701540308061612,PASSED,-0.26695798852907104,-0.01318840340331564,-0.027185372124713596,2.6625336559520596,0.06913629241976187,0.1434672065620145
0.7711542308461692,PASSED,-0.2669711887209984,-0.01321289934133959,-0.02270298195677522,2.6626028545225653,0.06926566444511655,0.11997523788314342
0.7721544308861772,PASSED,-0.26698441117966415,-0.01323293077063025,-0.018250394179915547,2.662672170781475,0.06937163746533183,0.09663820843672581
0.7731546309261852,PASSED,-0.26699765145627224,-0.013248528703184163,-0.013829624803245563,2.662741581411509,0.06945437276491363,0.07346669367850231
0.7741548309661932,PASSED,-0.26701090513403375,-0.013259726148009889,-0.009442658174044324,2.6628110632619024,0.06951404211415131,0.050471119610436994
0.7751550310062012,PASSED,-0.2670241678301471,-0.01326655807762145,-0.005091443903241798,2.662880593358786,0.06955082758388854,0.02766170315510678
0.7761552310462092,PASSED,-0.26703743519774664,-0.013269061397340045,-0.0007779035954972019,2.6629501489154066,0.0695649213643068,0.005048498593680025
0.7771554310862172,PASSED,-0.2670507029278183,-0.013267274912132651,0.0034960777426532863,2.6630197073421935,0.0695565256498105,-0.017358523222928586
0.7781556311262252,PASSED,-0.2670639667510814,-0.013261239291261452,0.007728649623567573,2.663089246256632,0.0695258524178974,-0.03954970437324345
0.7791558311662332,PASSED,-0.26707722243983717,-0.013250997035706926,0.011917992841830208,2.663158743492959,0.0694731232274769,-0.061515514452005066
0.7801560312062412,PASSED,-0.2670904658097817,-0.013236592442009545,0.01606232760108352,2.6632281771116992,0.0693985691090371,-0.08324652109829395
0.7811562312462492,PASSED,-0.26710369272178386,-0.01321807156626034,0.020159907847953767,2.663297525408991,0.06930243032981859,-0.10473361796533927
0.7821564312862572,PASSED,-0.2671168990836267,-0.013195482188365202,0.02420902459326192,2.663366766925743,0.06918495618602268,-0.12596782768295048
0.7831566313262652,PASSED,-0.2671300808517127,-0.013168873774918597,0.028208006015496657,2.663435880456594,0.06904640487302209,-0.14694030321233353
0.7841568313662732,PASSED,-0.267143234032731,-0.013138297440458755,0.03215522008940483,2.6635048450586716,0.06888704323717246,-0.16764252427449955
0.7851570314062812,PASSED,-0.26715635468528715,-0.013103805910961306,0.03604906910281084,2.6635736400601697,0.0687071465851153,-0.18806607057892794
0.7861572314462892,PASSED,-0.26716943892149436,-0.013065453484085368,0.03988799872468646,2.6636422450687065,0.06850699850763965,-0.20820274874012476
0.7871574314862972,PASSED,-0.2671824829085258,-0.01302329598980194,0.04367049132258903,2.663710639979496,0.06828689064999179,-0.2280445969196913
0.7881576315263052,PASSED,-0.26719548287012707,-0.012977390751349868,0.04739506987172859,2.663778804983305,0.06804712251073836,-0.2475838341425747
0.7891578315663133,PASSED,-0.2672084350880894,-0.012927796544921337,0.051060297466399375,2.663846720574206,0.06778800124712912,-0.26681288325366814
0.7901580316063213,PASSED,-0.2672213359036818,-0.012874573558512774,0.05466477903667326,2.663914367557117,0.06750984144060307,-0.2857244220409759
0.7911582316463293,PASSED,-0.26723418171904273,-0.012817783351264189,0.05820715938986252,2.663981727055126,0.06721296488917884,-0.3043113043463946
0.7921584316863373,PASSED,-0.2672469689985305,-0.012757488812251026,0.061686125428696975,2.6640487805166058,0.06689770040599315,-0.3225666024118818
0.7931586317263453,PASSED,-0.26725969427003193,-0.012693754118112186,0.06510040661226783,2.664115509722112,0.06656438359418271,-0.34048361807613875
0.7941588317663533,PASSED,-0.26727235412622913,-0.01262664469147822,0.06844877331510024,2.664181896791055,0.0662133566091994,-0.3580558962547456
0.7951590318063613,PASSED,-0.267284945225824,-0.012556227157994938,0.07173004026206815,2.6642479241881625,0.06584496796278784,-0.3752771465161163
0.7961592318463693,PASSED,-0.26729746429472023,-0.01248256930402145,0.07494306311443644,2.6643135747296967,0.06545957227313381,-0.39214138507930146
0.7971594318863773,PASSED,-0.2673099081271618,-0.012405740033354469,0.0780867423686765,2.6643788315894827,0.06505753007565454,-0.4086427390792632
0.7981596319263853,PASSED,-0.26732227358682953,-0.01232580932404566,0.08116002060223043,2.6644436783046754,0.0646392075654452,-0.42477569096272433
0.7991598319663933,PASSED,-0.26733455760789254,-0.012242848184338526,0.0841618857770724,2.664508098781324,0.06420497636467005,-0.4405348739834052
0.8001600320064013,PASSED,-0.26734675719601797,-0.012156928610088503,0.08709136656532679,2.6645720772997032,0.06375521334387563,-0.45591511866844797
0.8011602320464093,PASSED,-0.26735886942933534,-0.012068123540042454,0.08994753903319525,2.6646355985193906,0.06329030031642945,-0.47091163329799607
0.8021604320864173,PASSED,-0.2673708914593577,-0.011976506811222027,0.09272952201191553,2.6646986474841685,0.06281062388013162,-0.48551963829770173
0.8031606321264253,PASSED,-0.2673828205118589,-0.011882153116689859,0.09543647621233693,2.6647612096266275,0.06231657514592743,-0.4997347981418448
0.8041608321664333,PASSED,-0.26739465388770584,-0.01178513795978149,0.09806761070572102,2.664823270772596,0.06180854949808928,-0.5135528809690162
0.8051610322064413,PASSED,-0.26740638896364705,-0.011685537608781577,0.1006221778627088,2.664884817145308,0.06128694641207292,-0.5269698893812543
0.8061612322464493,PASSED,-0.2674180231930565,-0.011583429055182505,0.10309947075664676,2.664945835369332,0.06075216915311715,-0.539982172005442
0.8071614322864573,PASSED,-0.26742955410663355,-0.011478889967875055,0.10549883167465123,2.6650063124742944,0.060204624589188065,-0.55258615854485
0.8081616323264653,PASSED,-0.2674409793130573,-0.011371998646846414,0.10781964726463172,2.6650662358983506,0.05964472297132358,-0.564778590744245
0.8091618323664733,PASSED,-0.26745229649959795,-0.01126283398200953,0.11006134321838605,2.665125593491415,0.05907287763044016,-0.5765565076428865
0.8101620324064813,PASSED,-0.2674635034326823,-0.011151475407344518,0.11222339562943273,2.66518437351818,0.058489504807510855,-0.5879170331202517
0.8111622324464893,PASSED,-0.26747459795841577,-0.011038002854787404,0.1143053238422346,2.665242564660893,0.05789502343450586,-0.5988575995948192
0.8121624324864973,PASSED,-0.2674855780030596,-0.01092249671250045,0.11630668791677017,2.665300156021886,0.057289854816130366,-0.6093759642292745
0.8131626325265053,PASSED,-0.2674964415734643,-0.010805037780370067,0.11822709493945763,2.6653571371258957,0.056674422468578844,-0.6194699364330228
0.8141628325665133,PASSED,-0.267507186757458,-0.010685707223158864,0.12006619872570144,2.665413497922138,0.056049151899195244,-0.6291376580173175
0.8151630326065213,PASSED,-0.26751781172419187,-0.010564586530165143,0.1218236891723989,2.6654692287861543,0.05541447030982266,-0.6383775436094304
0.8161632326465293,PASSED,-0.267528314724441,-0.010441757469907938,0.12349930764707523,2.66552432052142,0.054770806397543746,-0.6471881580585718
0.8171634326865373,PASSED,-0.2675386940908617,-0.010317302044888354,0.12509283660125783,2.665578764360748,0.05411859017980884,-0.6555682575191223
0.8181636327265454,PASSED,-0.26754894823820524,-0.01019130245098112,0.12660409877788584,2.6656325519674287,0.05345825267463425,-0.6635170036115684
0.8191638327665534,PASSED,-0.26755907566348874,-0.010063841033307054,0.12803296360485222,2.665685675436164,0.05279022570209347,-0.671033618493578
0.8201640328065614,PASSED,-0.26756907494612236,-0.009935000241816958,0.12937934341359147,2.665738127293779,0.052114941731230664,-0.6781175391089458
0.8211642328465694,PASSED,-0.26757894474799404,-0.009804862590061605,0.13064319064986313,2.6657899004996817,0.051432833545204115,-0.6847686173049415
0.8221644328865774,PASSED,-0.26758868381351175,-0.00967351061377903,0.13182450003771487,2.6658409884461403,0.05074433407916,-0.6909866985368999
0.8231646329265854,PASSED,-0.2675982909696033,-0.00954102682595925,0.13292331300782276,2.665891384958292,0.05004987620862066,-0.6967719852076313
0.8241648329665934,PASSED,-0.26760776512567463,-0.00940749367722293,0.13393970588865362,2.665941084293977,0.04934989249911522,-0.702124859037321
0.8251650330066013,PASSED,-0.26761710527352595,-0.009272993514767656,0.1348738001663541,2.6659900811433053,0.048644814982375655,-0.707045955207728
0.8261652330466093,PASSED,-0.26762631048722707,-0.009137608539136826,0.13572575927381372,2.6660383706280544,0.0479350749814067,-0.7115360314764386
0.8271654330866173,PASSED,-0.26763537992295183,-0.009001420765270971,0.13649578359388123,2.666085948300813,0.04722110286543425,-0.7155961723031178
0.8281656331266253,PASSED,-0.26764431281877177,-0.008864511982551072,0.1371841154705754,2.666132810143939,0.04650332783220663,-0.7192276071772944
0.8291658331666333,PASSED,-0.2676531084944105,-0.00872696371384667,0.13779103752695304,2.666178952568291,0.045782177725666506,-0.7224317727820053
0.8301660332066413,PASSED,-0.2676617663509571,-0.008588857175520789,0.13831687219183184,2.6662243724117447,0.04505807879401088,-0.7252103709047095
0.8311662332466493,PASSED,-0.267670285870542,-0.008450273240624525,0.1387619766992192,2.6662690669375344,0.044331455525349985,-0.7275652004983554
0.8321664332866573,PASSED,-0.26767866661597234,-0.008311292399008447,0.13912675156064802,2.6663130338323433,0.04360273040023147,-0.7294984081986235
0.8331666333266653,PASSED,-0.2676869082303308,-0.008171994718598186,0.13941163297666878,2.6663562712042417,0.042872323722687074,-0.7310121904415793
0.8341668333666733,PASSED,-0.26769501043653543,-0.00803245980991858,0.13961709248156123,2.6663987775803872,0.04214065342250739,-0.7321090400050767
0.8351670334066813,PASSED,-0.26770297303686263,-0.00789276678724567,0.1397436428004748,2.6664405519045427,0.04140813482186934,-0.7327916410600365
0.8361672334466893,PASSED,-0.2677107959124335,-0.0077529942327130815,0.1397918290206662,2.666481593534408,0.04067518049396997,-0.7330627857922696
0.8371674334866973,PASSED,-0.2677184790226639,-0.007613220160898742,0.13976223367678767,2.666521902238751,0.03994220005686232,-0.7329255379845693
0.8381676335267053,PASSED,-0.26772602240467863,-0.007473521982870963,0.1396554742617736,2.6665614781943505,0.039209599951992705,-0.7323831494596315
0.8391678335667133,PASSED,-0.26773342617269114,-0.007333976471491997,0.1394722027904267,2.6666003219827568,0.03847778330540363,-0.7314389780087024
0.8401680336067213,PASSED,-0.26774069051734795,-0.007194659727152601,0.13921310537204235,2.666638434586875,0.03774714974639464,-0.7300966130091718
0.8411682336467293,PASSED,-0.26774781570503964,-0.007055647144404916,0.13887890099811287,2.666675817387358,0.037018095184405846,-0.7283598613085422
0.8421684336867373,PASSED,-0.2677548020771785,-0.006917013378716756,0.1384703421481897,2.6667124721588316,0.036291011675406284,-0.726232607460234
0.8431686337267453,PASSED,-0.2677616500494434,-0.006778832314470582,0.13798821231149902,2.6667484010659464,0.035566287256334525,-0.7237189601461178
0.8441688337667533,PASSED,-0.2677683601109925,-0.006641177032485954,0.1374333284333805,2.666783606659265,0.03484430575127192,-0.7208232016735996
0.8451690338067613,PASSED,-0.26777493282364495,-0.006504119779970788,0.1368065352363579,2.6668180918709607,0.034125446592127434,-0.7175497974584008
0.8461692338467693,PASSED,-0.2677813688210311,-0.00636773193860559,0.13610871211775727,2.6668518600103894,0.03341008472303335,-0.7139032501845418
0.8471694338867773,PASSED,-0.2677876688077135,-0.006232083996440943,0.1353407621959058,2.6668849147594744,0.0326985903977853,-0.7098883752903922
0.8481696339267853,PASSED,-0.2677938335582776,-0.006097245518205657,0.13450362226153978,2.666917260167953,0.03199132900633952,-0.7055100688827158
0.8491698339667934,PASSED,-0.26779986391639465,-0.005963285115823155,0.1335982557964753,2.666948900648446,0.03128866095701635,-0.7007733696167933
0.8501700340068014,PASSED,-0.26780576079385543,-0.005830270422059491,0.13262565240845628,2.6669798409714196,0.030590941552422708,-0.6956834279115447
0.8511702340468094,PASSED,-0.26781152516957774,-0.005698268063690786,0.13158682900886964,2.667010086259964,0.02989852079191209,-0.6902456489099988
0.8521704340868174,PASSED,-0.26781715808858625,-0.005567343633703366,0.1304828306397879,2.667039641984454,0.029211743251108545,-0.6844654687325674
0.8531706341268254,PASSED,-0.26782266066096766,-0.005437561667211168,0.1293147237271381,2.6670685139570676,0.028530947988408745,-0.6783484586779573
0.8541708341668334,PASSED,-0.26782803406079925,-0.005308985616071459,0.12808360274808978,2.6670967083261643,0.027856468356295398,-0.6719004144036054
0.8551710342068414,PASSED,-0.26783327952505404,-0.005181677824690168,0.12679058380342556,2.667124231570543,0.02718863188678217,-0.6651271729196422
0.8561712342468494,PASSED,-0.26783839835248185,-0.005055699506698814,0.12543680744997293,2.667151090493573,0.026527760211337965,-0.6580346771272482
0.8571714342868574,PASSED,-0.2678433919024675,-0.004931110723110659,0.12402343434694325,2.6671772922172057,0.025874168902962007,-0.6506290625417642
0.8581716343268654,PASSED,-0.2678482615938665,-0.0048079703592093445,0.12255165027089507,2.6672028441758595,0.025228167341389374,-0.6429165609265471
0.8591718343668734,PASSED,-0.26785300890381997,-0.0046863361042776275,0.12102265803893152,2.667227754110192,0.024590058638990525,-0.6349034633803874
0.8601720344068814,PASSED,-0.267857635366548,-0.004566264431672445,0.11943768231601751,2.667252030060792,0.02396013956180881,-0.6265961530492676
0.8611722344468894,PASSED,-0.2678621425721239,-0.004447810578465539,0.11779796713416422,2.667275680361721,0.023338700343069743,-0.6180012625322667
0.8621724344868974,PASSED,-0.2678665321652288,-0.00433102852703999,0.11610477428647153,2.667298713633979,0.02272602461629405,-0.6091253696046453
0.8631726345269054,PASSED,-0.2678708058438882,-0.004215970986819004,0.11435938417732791,2.667321138778885,0.02212238939499092,-0.5999751224354504
0.8641728345669134,PASSED,-0.2678749653581907,-0.004102689378229376,0.11256309153116098,2.667342964971333,0.021528064877768975,-0.5905574470796063
0.8651730346069214,PASSED,-0.26787901250899027,-0.00399123381526613,0.1107172105846363,2.6673642016529855,0.02094331438442646,-0.580879190851116
0.8661732346469294,PASSED,-0.2678829491465919,-0.003881653089025435,0.10882307001140043,2.667384858525369,0.020368394340392545,-0.5709472794891117
0.8671734346869374,PASSED,-0.267886777169423,-0.0037739946557343923,0.10688200881080451,2.667404945542902,0.019803554139204958,-0.560768815653243
0.8681736347269454,PASSED,-0.2678904985226896,-0.003668304619946027,0.10489538710673911,2.667424472905827,0.01924903604742671,-0.5503509425282529
0.8691738347669534,PASSED,-0.26789411519701906,-0.0035646277218359893,0.10286457211223717,2.667443451053087,0.0187050751925541,-0.5397007964355148
0.8701740348069614,PASSED,-0.2678976292270901,-0.003463007326452322,0.10079094423128741,2.667461890655133,0.01817189949175418,-0.5288256370428527
0.8711742348469694,PASSED,-0.26790104269025095,-0.0033634854105795216,0.09867589696714203,2.667479802606662,0.01764972953994097,-0.5177328283267829
0.8721744348869774,PASSED,-0.2679043577051259,-0.003266102551457754,0.09652083389151812,2.6674971980193027,0.01713877859741521,-0.5064296853250762
0.8731746349269854,PASSED,-0.2679075764302115,-0.0031708979180250264,0.09432716646020035,2.667514088214224,0.01663925251424488,-0.4949236817338364
0.8741748349669934,PASSED,-0.26791070106246345,-0.0030779092616395904,0.09209631633559301,2.6675304847147374,0.016151349712419934,-0.48322221521902436
0.8751750350070014,PASSED,-0.26791373383587397,-0.002987172906120655,0.08982971497449704,2.667546399238799,0.01567526109751211,-0.4713328813670239
0.8761752350470094,PASSED,-0.2679166770200418,-0.002898723741492316,0.08752879773089949,2.6675618436915207,0.015211170051744988,-0.4592631553671838
0.8771754350870175,PASSED,-0.2679195329187344,-0.0028125952170424268,0.0851950089292155,2.6675768301575937,0.014759252385535679,-0.447020673437392
0.8781756351270255,PASSED,-0.26792230386844396,-0.0027288193340513334,0.08282979903234551,2.6675913708937182,0.014319676296956043,-0.4346130320077978
0.8791758351670335,PASSED,-0.26792499223693755,-0.0026474266417108685,0.08043462121254398,2.6676054783209806,0.013892602367178918,-0.42204786162334373
0.8801760352070415,PASSED,-0.2679276004218024,-0.0025684462323582297,0.07801093477936866,2.667619165017214,0.013478183519174975,-0.409332838924341
0.8811762352470495,PASSED,-0.267930130848987,-0.002491905736738201,0.07556020284713519,2.667632443709329,0.013076564989265878,-0.39647565723226563
0.8821764352870574,PASSED,-0.2679325859713386,-0.0024178313222521426,0.07308388891200665,2.667645327265637,0.01268788433503287,-0.3834839855668374
0.8831766353270654,PASSED,-0.2679349682671389,-0.00234624769042685,0.07058346043415012,2.6676578286881503,0.012312271411721682,-0.3703655484740839
0.8841768353670734,PASSED,-0.2679372802386367,-0.00227717807487544,0.06806038562958308,2.6676699611048766,0.0119498483558007,-0.3571280608855795
0.8851770354070814,PASSED,-0.2679395244105804,-0.0022106442406593456,0.06551613327376797,2.6676817377621145,0.011600729605607929,-0.3437792097308967
0.8861772354470894,PASSED,-0.26794170332874956,-0.002146666485249342,0.06295217016749383,2.667693172016728,0.01126502186734712,-0.3303267572807506
0.8871774354870974,PASSED,-0.26794381955848773,-0.0020852636387516904,0.06036996405109076,2.667704277328452,0.010942824156831794,-0.3167783460050399
0.8881776355271054,PASSED,-0.26794587568323525,-0.0020264530646998623,0.05777098071898567,2.6677150672521757,0.010634227783477133,-0.3031417249210733
0.8891778355671134,PASSED,-0.2679478743030649,-0.0019702506633152445,0.05515668182837245,2.667725555430252,0.010339316351874803,-0.28942456938983413
0.8901780356071214,PASSED,-0.2679498180332198,-0.0019166708746456863,0.05252852656368206,2.6677357555848187,0.010058165819073844,-0.27563450840837556
0.8911782356471294,PASSED,-0.26795170950265457,-0.0018657266811504208,0.04988797144965422,2.667745681510137,0.009790844483504445,-0.2617792203434158
0.8921784356871374,PASSED,-0.2679535513525808,-0.00181742961273427,0.04723646639381542,2.6677553470649493,0.00953741299863628,-0.24786632788466464
0.8931786357271454,PASSED,-0.2679553462350172,-0.00177178975289547,0.044575455468789084,2.66776476616486,0.0092979244246807,-0.23390340466952284
0.8941788357671534,PASSED,-0.2679570968113451,-0.0017288157425056074,0.04190638033724488,2.66777395277476,0.009072424265921504,-0.21989799481897665
0.8951790358071614,PASSED,-0.26795880575087017,-0.00168851478741321,0.0392306715958322,2.6677829209012542,0.008860950458680879,-0.20585768218839015
0.8961792358471694,PASSED,-0.2679604757293912,-0.0016508926665146193,0.036549753767096765,2.6677916845851635,0.008663533459412719,-0.19178987732134078
0.8971794358871774,PASSED,-0.2679621094277761,-0.0016159537379594998,0.03386504508046795,2.667800257894038,0.008480196282707402,-0.17770204296129966
0.8981796359271854,PASSED,-0.2679637095305461,-0.0015837009482515217,0.03117795279298454,2.667808654914721,0.008310954496779073,-0.16360161457301473
0.8991798359671934,PASSED,-0.2679652787244693,-0.0015541358420711998,0.02848987510521372,2.6678168897459615,0.008155816312262915,-0.14949589781158978
0.9001800360072014,PASSED,-0.2679668196971628,-0.0015272585716248936,0.02580220067370097,2.6678249764910755,0.00801478265084444,-0.13539217048973032
0.9011802360472094,PASSED,-0.26796833513570595,-0.00150306790664147,0.02311630785657192,2.6678329292506713,0.00788784717065678,-0.12129768665294775
0.9021804360872174,PASSED,-0.2679698277252636,-0.0014815612458874887,0.02043356268558782,2.6678407621154046,0.0077749963010351735,-0.10721965826738045
0.9031806361272254,PASSED,-0.267971300147721,-0.0014627346290102983,0.017755319671592176,2.6678484891588266,0.007676209363640695,-0.09316512347921171
0.9041808361672334,PASSED,-0.267972755080331,-0.0014465827490457652,0.015082920159827313,2.667856124430277,0.007591458623494007,-0.07914115125833948
0.9051810362072414,PASSED,-0.26797419519437304,-0.0014330989638753583,0.012417695177459684,2.667863681947835,0.007520709288355907,-0.06515479105793966
0.9061812362472494,PASSED,-0.26797562315382617,-0.0014222753112104534,0.009760957656534636,2.6678711756913627,0.007463919667252142,-0.051212841134314915
0.9071814362872574,PASSED,-0.2679770416140551,-0.0014141025224517173,0.007114009493537126,2.6678786195956055,0.007421041230648823,-0.03732216691599012
0.9081816363272655,PASSED,-0.2679784532205112,-0.0014085700360800591,0.004478137623738792,2.667886027543367,0.0073920186126021385,-0.02348958546714718
0.9091818363672735,PASSED,-0.26797986060744766,-0.0014056660139812568,0.0018546117488446457,2.6678934133587737,0.0073767897777325,-0.009721667804633228
0.9101820364072815,PASSED,-0.26798126639665043,-0.0014053773569652223,-0.0007553128058389475,2.6679007908006054,0.007375286079429607,0.003974948031601077
0.9111822364472895,PASSED,-0.2679826731961851,-0.0014076897201402735,-0.0033503967545260244,2.667908173555728,0.00738743231040127,0.017593752931704978
0.9121824364872975,PASSED,-0.2679840835991602,-0.0014125875305185532,-0.005929419460782112,2.667915575232587,0.007413146816754127,0.03112834196695809
0.9131826365273055,PASSED,-0.26798550018250705,-0.001420054003296125,-0.008491174988764696,2.667923009354826,0.00745234161968355,0.044572443571064976
0.9141828365673135,PASSED,-0.26798692550577746,-0.0014300711604607462,-0.011034478615192288,2.6679304893549562,0.00750492244430453,0.05791974532092499
0.9151830366073215,PASSED,-0.2679883621099594,-0.0014426198485540194,-0.013558161078660619,2.6679380285681527,0.007570788842275822,0.07116416640487234
0.9161832366473295,PASSED,-0.2679898125163103,-0.001457679756395278,-0.01606107234965715,2.6679456402261295,0.007649834327978328,0.08429969856759471
0.9171834366873375,PASSED,-0.26799127922521027,-0.001475229436046943,-0.01854208451967013,2.6679533374511233,0.007741946424250132,0.09732036140794381
0.9181836367273455,PASSED,-0.26799276471503336,-0.0014952463201817257,-0.02100008387819106,2.667961133249972,0.007847006776399205,0.1102203459764952
0.9191838367673535,PASSED,-0.26799427144103966,-0.00151770674313257,-0.023433982332613436,2.6679690405082996,0.007964891288995024,0.12299395700870028
0.9201840368073615,PASSED,-0.2679958018342865,-0.0015425859615228227,-0.02584270909534577,2.6679770719848013,0.00809547019050002,0.13563553116919533
0.9211842368473695,PASSED,-0.26799735830056076,-0.0015698581734492109,-0.028225213813749973,2.667985240305656,0.008238608179142707,0.14813962695834543
0.9221844368873775,PASSED,-0.26799894321933193,-0.0015994965412881406,-0.030580470522382632,2.6679935579590084,0.008394164491723902,0.16050076966309362
0.9231846369273855,PASSED,-0.2680005589427262,-0.00163147321213702,-0.032907471066544305,2.6680020372896216,0.008561993067314057,0.1727137795415296
0.9241848369673935,PASSED,-0.26800220779452216,-0.001665759339063163,-0.03520523083254199,2.6680106904935763,0.008741942619473924,0.18477340057209096
0.9251850370074015,PASSED,-0.2680038920691691,-0.0017023251052386518,-0.03747278973745338,2.6680195296131424,0.00893385675960054,0.19667463316296424
0.9261852370474095,PASSED,-0.2680056140308263,-0.0017411397441825243,-0.039709205081485364,2.668028566531742,0.009137574160394814,0.20841257921514933
0.9271854370874175,PASSED,-0.2680073759124265,-0.0017821715631907227,-0.04191356162600717,2.668037812969012,0.009352928583213614,0.2199823185545653
0.9281856371274255,PASSED,-0.2680091799147609,-0.0018253879675542714,-0.04408496618857652,2.668047280476042,0.00957974909417886,0.2313793059056969
0.9291858371674335,PASSED,-0.2680110282055878,-0.00187075548219558,-0.04622254694312985,2.6680569804306673,0.00981786014465782,0.2425988801944706
0.9301860372074415,PASSED,-0.2680129229187655,-0.0019182397762049603,-0.04832545872021408,2.668066924032942,0.010067081668656271,0.25363661986777175
0.9311862372474495,PASSED,-0.26801486615340736,-0.0019678056865728363,-0.05039287813298445,2.6680771223007085,0.010327229275685005,0.2644882651360424
0.9321864372874575,PASSED,-0.26801685997306235,-0.002019417242031738,-0.052424007009513066,2.6680875860652837,0.010598114311290627,0.275149549252012
0.9331866373274655,PASSED,-0.2680189064049189,-0.002073037687750443,-0.05441807152483331,2.668098325967299,0.010879544003296077,0.2856164538410766
0.9341868373674735,PASSED,-0.2680210074390333,-0.002128629509707207,-0.05637432224471695,2.6681093524526553,0.011171321638856754,0.2958850900404129
0.9351870374074815,PASSED,-0.26802316502758317,-0.0021861544590710334,-0.05829203410989948,2.6681206757686033,0.011473246626116422,0.3059515854058383
0.9361872374474896,PASSED,-0.2680253810841452,-0.002245573577798071,-0.06017050847179596,2.668132305959953,0.011785114629888831,0.31581228268345657
0.9371874374874976,PASSED,-0.2680276574829982,-0.002306847223170515,-0.06200906997287585,2.6681442528654316,0.012106717780500079,0.325463729229776
0.9381876375275056,PASSED,-0.26802999605845135,-0.0023699350929900563,-0.06380706971731911,2.6681565261141573,0.012437844735438904,0.3349024387448595
0.9391878375675135,PASSED,-0.26803239860419736,-0.002434796251867184,-0.06556388498366704,2.6681691351222367,0.012778280775629744,0.3441251078214941
0.9401880376075215,PASSED,-0.26803486687269173,-0.002501389155552699,-0.06727891615341253,2.668182089089534,0.013127808071160122,0.35312875400296784
0.9411882376475295,PASSED,-0.26803740257455716,-0.002569671676896492,-0.06895159147071375,2.6681953969965226,0.013486205705410148,0.36191022108139614
0.9421884376875375,PASSED,-0.26804000737801337,-0.002639601132142154,-0.07058136442896043,2.6682090676013197,0.013853249811323218,0.37046669580085384
0.9431886377275455,PASSED,-0.26804268290833355,-0.0027111343065122926,-0.07216771433092378,2.668223109436823,0.014228713789573718,0.3787954998835941
0.9441888377675535,PASSED,-0.2680454307473256,-0.002784227479342276,-0.07371014516268959,2.6682375308079944,0.014612368367750716,0.38689396370593426
0.9451890378075615,PASSED,-0.2680482524328404,-0.00285883645113346,-0.07520818954351309,2.6682523397892797,0.015003981738456858,0.3947596420396114
0.9461892378475695,PASSED,-0.26805114945830494,-0.0029349165691002054,-0.07666140358223361,2.668267544222172,0.01540331976437156,0.4023902818314301
0.9471894378875775,PASSED,-0.26805412327228234,-0.0030124227525336784,-0.07806937000096632,2.668283151712895,0.015810146048008174,0.40978361817340714
0.9481896379275855,PASSED,-0.26805717527805745,-0.0030913095201737604,-0.07943169939949203,2.6682991696302296,0.01622422205533964,0.41693760010350533
0.9491898379675935,PASSED,-0.26806030683324866,-0.0031715310153662057,-0.08074802572108065,2.6683156051034924,0.016645307343978726,0.4238504143294755
0.9501900380076015,PASSED,-0.2680635192494458,-0.0032530410319703655,-0.08201801052621217,2.668332465020617,0.017073159606705253,0.4305201616578981
0.9511902380476095,PASSED,-0.26806681379187397,-0.0033357930413146397,-0.08324134188964842,2.668349756026409,0.017507534831466432,0.4369452668300327
0.9521904380876175,PASSED,-0.2680701916790831,-0.003419740217062809,-0.08441773165384996,2.668367484520913,0.017948187485450566,0.44312424542020207
0.9531906381276255,PASSED,-0.26807365408266437,-0.0035048354618789634,-0.08554692025769102,2.66838565665792,0.018394870585157624,0.4490556692316331
0.9541908381676335,PASSED,-0.2680772021269915,-0.0035910314333384113,-0.08662867226061972,2.668404278343624,0.018847335870448453,0.4547383626636289
0.9551910382076415,PASSED,-0.26808083688898865,-0.0036782805692268717,-0.08766277830702117,2.668423355235385,0.019305333923055983,0.4601711792367945
0.9561912382476495,PASSED,-0.26808455939792375,-0.0037665351140383128,-0.08864905581438748,2.668442892740664,0.01976861431928794,0.46535320756206944
0.9571914382876575,PASSED,-0.2680883706352275,-0.003855747144013158,-0.0895873460818167,2.6684628960160603,0.020236925747866275,0.47028357592251707
0.9581916383276655,PASSED,-0.2680922715343381,-0.003945868592271704,-0.09047751637636559,2.668483369966509,0.020710016150241154,0.474961620009782
0.9591918383676735,PASSED,-0.26809626298057154,-0.004036851275768656,-0.09131946157734336,2.66850431924458,0.021187632841190466,0.47938673824233513
0.9601920384076815,PASSED,-0.2681003458110167,-0.004128646919235797,-0.0921130980603391,2.668525748249953,0.021669522679307836,0.48355857136739494
0.9611922384476895,PASSED,-0.2681045208144568,-0.004221207180260697,-0.09285836966793888,2.668547661128981,0.02215543215253602,0.48747674113538436
0.9621924384876975,PASSED,-0.268108788731314,-0.004314483674858203,-0.09355524455055089,2.6685700617744095,0.022645107510594405,0.4911411026737137
0.9631926385277055,PASSED,-0.26811315025362137,-0.0044084280029272485,-0.09420371708137482,2.668592953825225,0.023138294954037648,0.49455167062293287
0.9641928385677135,PASSED,-0.2681176060250172,-0.004502991771285384,-0.0948038025426417,2.668616340666628,0.02363474070746038,0.4977084752892649
0.9651930386077215,PASSED,-0.26812215664076566,-0.004598126618648181,-0.09535554390956778,2.668640225430127,0.024134191125884517,0.5006117138473856
0.9661932386477295,PASSED,-0.2681268026478006,-0.004693784241028796,-0.09585900802797906,2.668664610993778,0.02463639290401667,0.5032618209886641
0.9671934386877376,PASSED,-0.2681315445447941,-0.004789916414508513,-0.09631428378087561,2.668689499982537,0.025141093151705155,0.5056591988217003
0.9681936387277456,PASSED,-0.2681363827822489,-0.004886475018890629,-0.09672148478294329,2.6687148947687347,0.025648039476186997,0.5078044082552681
0.9691938387677536,PASSED,-0.2681413177626144,-0.00498341206276806,-0.0970807499404233,2.6687407974727018,0.02615698021157743,0.5096982868138793
0.9701940388077616,PASSED,-0.2681463498404261,-0.005080679705636141,-0.09739223815318515,2.668767209963458,0.026667664437943887,0.5113415194015059
0.9711942388477696,PASSED,-0.26815147932246836,-0.00517823028042517,-0.09765613254625838,2.668794133859614,0.02717984216827232,0.5127352042797144
0.9721944388877776,PASSED,-0.2681567064679601,-0.005276016318602365,-0.09787264193115308,2.6688215705302896,0.027693264435675182,0.5138803094849558
0.9731946389277856,PASSED,-0.26816203148876294,-0.005373990570340086,-0.09804199160876606,2.6688495210962406,0.028207683418553578,0.514778098474021
0.9741948389677936,PASSED,-0.2681674545496124,-0.005472106027752161,-0.09816443461427966,2.668877986431042,0.02872285257297831,0.5154298583918756
0.9751950390078016,PASSED,-0.2681729757683704,-0.00557031594755385,-0.09824024325996239,2.668906967162422,0.029238526721949643,0.5158370093576343
0.9761952390478096,PASSED,-0.26817859521630044,-0.005668573871649195,-0.09826971131893525,2.668936463673686,0.02975446217235609,0.5160010777723222
0.9771954390878176,PASSED,-0.2681843129183635,-0.005766833648676753,-0.09825315416663909,2.6689664761052776,0.030270416860506712,0.515923761736159
0.9781956391278256,PASSED,-0.26819012885353555,-0.005865049455728045,-0.09819090897439527,2.6689970043564304,0.030786150428306513,0.5156067718422217
0.9791958391678336,PASSED,-0.26819604295514665,-0.005963175819473353,-0.0980833335925843,2.669028048086936,0.03130142431780102,0.5150519679293635
0.9801960392078416,PASSED,-0.2682020551112389,-0.006061167634079394,-0.09793080194834551,2.669059606719027,0.03181600193343365,0.5142613807681471
0.9811962392478496,PASSED,-0.2682081651649467,-0.006158980184233574,-0.09773371562473687,2.669091679439356,0.03232964871405735,0.5132370471940718
0.9821964392878576,PASSED,-0.2682143729148951,-0.006256569163911407,-0.09749248904656231,2.6691242652010825,0.0328421322040961,0.5119811186018653
0.9831966393278656,PASSED,-0.268220678115619,-0.006353890694651777,-0.09720755853624158,2.669157362726058,0.03335322221013641,0.5104959309992777
0.9841968393678736,PASSED,-0.2682270804780009,-0.006450901345867375,-0.09687937966850267,2.669190970507126,0.03386269089969467,0.508783861930903
0.9851970394078816,PASSED,-0.26823357966972755,-0.006547558152970811,-0.09650842539339148,2.6692250868105036,0.03437031284383253,0.5068473322758402
0.9861972394478896,PASSED,-0.2682401753157651,-0.0066438186358090245,-0.0960951878014289,2.669259709678255,0.03487586513228551,0.504688925904408
0.9871974394878976,PASSED,-0.26824686699885253,-0.006739640816495721,-0.09564017594354217,2.669294836930902,0.03537912755175071,0.5023114151723976
0.9881976395279056,PASSED,-0.26825365426001224,-0.006834983236317269,-0.0951439157402186,2.669330466170059,0.03587988254116584,0.4997173722436127
0.9891978395679136,PASSED,-0.2682605365990789,-0.006929804974365951,-0.09460695292099011,2.669366594781217,0.03637791533805799,0.4969097466578329
0.9901980396079216,PASSED,-0.2682675134752438,-0.007024065662592452,-0.09402984509684036,2.6694032199366027,0.036873014164932286,0.49389154701860216
0.9911982396479296,PASSED,-0.268274584307617,-0.007117725502352603,-0.09341316953569212,2.6694403385980907,0.037364970133833254,0.49066558348920436
0.9921984396879376,PASSED,-0.2682817484758052,-0.007210745282273856,-0.09275752017829261,2.669477947520243,0.03785357742088689,0.48723508942990873
0.9931986397279456,PASSED,-0.2682890053205048,-0.007303086390879678,-0.09206350089084012,2.6695160432534126,0.03833863343562138,0.48360329827088455
0.9941988397679536,PASSED,-0.26829635414411057,-0.007394710832568018,-0.09133173555333976,2.669554622146921,0.038819938731679264,0.47977329458253853
0.9951990398079616,PASSED,-0.26830379421133965,-0.007485581244561846,-0.09056286295415458,2.669593680352321,0.03929729715171131,0.475748503665057
0.9961992398479695,PASSED,-0.26831132474986896,-0.0075756609073655045,-0.08975752936999355,2.6696332138267462,0.039770515997826716,0.47153240774896044
0.9971994398879775,PASSED,-0.2683189449509875,-0.007664913760719301,-0.08891640267633175,2.6696732183363,0.04023940594937149,0.46712831407531175
0.9981996399279855,PASSED,-0.2683266539702619,-0.00775330441789719,-0.08804016017892832,2.6697136894595603,0.04070378120109996,0.46253987683057635
0.9991998399679936,PASSED,-0.26833445092821456,-0.007840798175094298,-0.08712948854256058,2.669754622591112,0.041163459580196404,0.4577707139403625
1.0002000400080016,PASSED,-0.26834233491101545,-0.00792736102734121,-0.08618509471647874,2.669796012945173,0.04161826252858835,0.45282443802632094
1.0012002400480096,PASSED,-0.2683503049711854,-0.008012959680145685,-0.08520769152980692,2.669837855559279,0.042068015201998245,0.4477048303322741
1.0022004400880176,PASSED,-0.2683583601283115,-0.008097561558287726,-0.08419800255019969,2.6698801452980208,0.04251254655374706,0.44241569935984626
1.0032006401280256,PASSED,-0.2683664993697737,-0.00818113481947279,-0.08315676694163972,2.6699228768568433,0.04295168933707434,0.436960839305577
1.0042008401680336,PASSED,-0.2683747216514822,-0.008263648364829564,-0.08208473096686568,2.669966044765915,0.04338528021099186,0.43134423032547997
1.0052010402080416,PASSED,-0.2683830258986257,-0.008345071848449874,-0.08098265205594038,2.6700096433940366,0.04381315978751916,0.42556980732850747
1.0062012402480496,PASSED,-0.2683914110064291,-0.00842537568643866,-0.07985129527734762,2.6700536669526103,0.044235172649806635,0.4196415655934671
1.0072014402880576,PASSED,-0.26839987584092095,-0.008504531067764836,-0.07869143869206194,2.6700981094996536,0.044651167424451924,0.41356358067983556
1.0082016403280656,PASSED,-0.26840841923971,-0.008582509962807,-0.07750386594223192,2.670142964943871,0.045060996847244586,0.4073399842012066
1.0092018403680736,PASSED,-0.2684170400127704,-0.00865928513002005,-0.07628936806026176,2.670188227048755,0.04546451776760528,0.4009748778003533
1.0102020404080816,PASSED,-0.2684257369432347,-0.00873483012581331,-0.07504874761525833,2.6702338894367443,0.045861591203898947,0.3944724752892156
1.0112022404480896,PASSED,-0.2684345087881948,-0.008809119311402772,-0.07378281090559696,2.6702799455934176,0.04625208240982218,0.3878370263459232
1.0122024404880976,PASSED,-0.26844335427951044,-0.008882127859708907,-0.07249237323982471,2.6703263888717212,0.04663586087256536,0.38107275367467597
1.0132026405281056,PASSED,-0.2684522721246233,-0.008953831760679693,-0.07117825279142767,2.6703732124962363,0.04701280035743394,0.37418397233117784
1.0142028405681136,PASSED,-0.26846126100737894,-0.00902420782992879,-0.06984128022087635,2.6704204095674844,0.04738277896972802,0.3671750389360216
1.0152030406081216,PASSED,-0.2684703195888531,-0.009093233712454397,-0.06848228406209418,2.6704679730662493,0.04774567913986035,0.3600502575965387
1.0162032406481296,PASSED,-0.26847944650818434,-0.00916088788733319,-0.06710210208992384,2.670515895857942,0.04810138766968594,0.35281404464495764
1.0172034406881376,PASSED,-0.2684886403834115,-0.009227149674601318,-0.0657015773869321,2.670564170696984,0.048449795775902305,0.345470813930624
1.0182036407281456,PASSED,-0.2684978998123148,-0.009291999236966934,-0.06428155235140369,2.670612790231217,0.048790799087565256,0.33802497681784605
1.0192038407681536,PASSED,-0.2685072233732617,-0.00935541758501734,-0.06284287851640744,2.670661747006328,0.049124297655848775,0.3304809625939776
1.0202040408081616,PASSED,-0.2685166096260564,-0.009417386580860696,-0.061386407394657144,2.6707110334703033,0.04945019601635014,0.3228432924396176
1.0212042408481696,PASSED,-0.26852605711279137,-0.009477888939193636,-0.0599129922917949,2.670760641977892,0.04976840317435349,0.31511640171251626
1.0222044408881776,PASSED,-0.2685355643587029,-0.009536908231457137,-0.05842349224463684,2.6708105647950813,0.050078832590795055,0.30730475959426845
1.0232046409281856,PASSED,-0.2685451298730276,-0.009594428887058734,-0.0569187645062372,2.6708607941035907,0.050381402252233996,0.2994129293353902
1.0242048409681936,PASSED,-0.2685547521498612,-0.009650436194682557,-0.05539966970221235,2.670911322005371,0.05067603465427235,0.2914453838403389
1.0252050410082016,PASSED,-0.26856442966901856,-0.009704916303452039,-0.05386706814766335,2.6709621405271027,0.050962656762226936,0.28340659069741486
1.0262052410482096,PASSED,-0.2685741608968945,-0.009757856223840898,-0.0523218218829902,2.671013241624727,0.05124120009839971,0.2753011664896811
1.0272054410882177,PASSED,-0.2685839442873248,-0.009809243827893744,-0.05076479216607994,2.6710646171879344,0.05151160068166337,0.2671335277796515
1.0282056411282257,PASSED,-0.2685937782824474,-0.009859067847774312,-0.049196838356893896,2.6711162590446995,0.05177379903320914,0.25890823405650504
1.0292058411682337,PASSED,-0.2686036613135628,-0.009907317876204219,-0.04761882181191613,2.6711681589657768,0.05202774020096296,0.25062979021870274
1.0302060412082417,PASSED,-0.2686135918019938,-0.009953984365928542,-0.04603160166592543,2.6712203086692194,0.0522733737379037,0.242302701422117
1.0312062412482497,PASSED,-0.26862356815994376,-0.009999058625693837,-0.04443603183154363,2.671272699824865,0.05251065366623804,0.23393141294248734
1.0322064412882577,PASSED,-0.26863358879135324,-0.010042532820773402,-0.042832970578246386,2.6713253240588464,0.05273953853375649,0.22552050390242556
1.0332066413282657,PASSED,-0.26864365209275404,-0.010084399969763999,-0.041223267932162494,2.6713781729580495,0.0529599913372562,0.21707433656456068
1.0342068413682737,PASSED,-0.26865375645412076,-0.010124653940300817,-0.039607772273257034,2.6714312380745953,0.05317197952285028,0.20859741828042702
1.0352070414082817,PASSED,-0.26866390025971976,-0.01016328944804449,-0.037987331390613596,2.6714845109302856,0.053375475015630135,0.20009420911281012
1.0362072414482897,PASSED,-0.2686740818889541,-0.01020030205240533,-0.03636278634099081,2.671537983021031,0.053570454131972034,0.19156905449462538
1.0372074414882977,PASSED,-0.26868429971720476,-0.010235688150678778,-0.03473497289508959,2.671591645821274,0.053756897597722154,0.1830264065871152
1.0382076415283057,PASSED,-0.268694552116668,-0.010269444976240747,-0.03310472733988715,2.671645490788373,0.05393479053453447,0.1744706236291051
1.0392078415683137,PASSED,-0.26870483745718743,-0.010301570592364235,-0.03147287531255557,2.671699509366972,0.0541041224051907,0.16590603534097292
1.0402080416083217,PASSED,-0.2687151541070817,-0.010332063886395895,-0.029840239844397837,2.6717536929933416,0.05426488699454156,0.15733695869077144
1.0412082416483297,PASSED,-0.2687255004339662,-0.010360924565804057,-0.02820763911734187,2.6718080330996936,0.05441708240538386,0.14876771227665997
1.0422084416883377,PASSED,-0.26873587480556954,-0.010388153150973963,-0.0265758825382791,2.671862521118465,0.054560711001533514,0.1402025187316644
1.0432086417283457,PASSED,-0.26874627559054337,-0.010413750968751962,-0.024945774604474683,2.671917148486566,0.0546957793681945,0.13164559861387126
1.0442088417683537,PASSED,-0.268756701159266,-0.010437720146821839,-0.023318113713478993,2.671971906649598,0.05482229830554657,0.12310116317753497
1.0452090418083617,PASSED,-0.26876714988463885,-0.010460063605916472,-0.02169368934873599,2.672026787066044,0.05494028278582793,0.11457335835057506
1.0462092418483697,PASSED,-0.2687776201428762,-0.010480785051881625,-0.0200732837094297,2.6720817812114026,0.05504975188580439,0.10606626106038165
1.0472094418883777,PASSED,-0.2687881103142865,-0.010499888968989787,-0.01845767270731747,2.672136880582299,0.055150728775655994,0.09758397571241585
1.0482096419283857,PASSED,-0.2687986187840468,-0.010517380611813922,-0.016847622902015937,2.672192076700543,0.055243240671978146,0.08913051006197856
1.0492098419683937,PASSED,-0.26880914394296773,-0.010533265995151973,-0.01524389029541065,2.6722473611171624,0.05532731879790246,0.08070986983253901
1.0502100420084017,PASSED,-0.26881968418825103,-0.010547551887378243,-0.013647226846842619,2.672302725416364,0.05540299831043222,0.07232594099457001
1.0512102420484097,PASSED,-0.2688302379242377,-0.01056024580118611,-0.012058371781883619,2.672358161219472,0.055470318279401576,0.0639826542858896
1.0522104420884177,PASSED,-0.2688408035631464,-0.010571355981490374,-0.01047805265251676,2.67241366018881,0.05552932165052883,0.055683849021502876
1.0532106421284257,PASSED,-0.2688513795258033,-0.010580891399221248,-0.008906994449780025,2.6724692140315294,0.05558005515573233,0.047433275991505736
1.0542108421684337,PASSED,-0.2688619642423615,-0.010588861740323929,-0.007345905537945471,2.6725248145033955,0.055622569285035846,0.039234698178178026
1.0552110422084418,PASSED,-0.26887255615301037,-0.01059527739362307,-0.005795485139937553,2.672580453412511,0.055656918240643956,0.031091793894733773
1.0562112422484498,PASSED,-0.2688831537086746,-0.010600149442381733,-0.004256424504479638,2.672636122622996,0.05568315986935485,0.023008185255009136
1.0572114422884578,PASSED,-0.26889375537170274,-0.010603489653477639,-0.0027294021568577465,2.6726918140586,0.055701355595563336,0.014987420177473305
1.0582116423284658,PASSED,-0.26890435961654413,-0.010605310464607809,-0.0012150837790448432,2.6727475197062605,0.05571157037731481,0.00703302280081862
1.0592118423684738,PASSED,-0.26891496493041567,-0.010605624974543445,0.0002858726266383368,2.6728032316196195,0.05571387267215711,-0.000851523796719666
1.0602120424084818,PASSED,-0.26892556981395593,-0.010604446931060848,0.001772824053235922,2.6728589419224553,0.05570833432883232,-0.008662889676842018
1.0612122424484898,PASSED,-0.26893617278186865,-0.010601790718736558,0.0032451378383255903,2.672914642812066,0.05569503053478777,-0.01639773028969139
1.0622124424884978,PASSED,-0.2689467723635533,-0.010597671347186123,0.004702194025175184,2.672970326562587,0.05567403978822768,-0.024052757407024592
1.0632126425285058,PASSED,-0.2689573671037242,-0.010592104438746556,0.006143384715827237,2.673025985528252,0.0556454438090409,-0.03162479370661247
1.0642128425685138,PASSED,-0.26896795556301695,-0.010585106216358739,0.007568114169145528,2.673081612146582,0.05560932746486293,-0.03911071115888208
1.0652130426085218,PASSED,-0.26897853631858204,-0.010576693489761554,0.00897580154920705,2.673137198941506,0.055565778712858435,-0.04650744590158432
1.0662132426485298,PASSED,-0.26898910796466585,-0.010566883643212704,0.010365876548612684,2.673192738526414,0.05551488853634279,-0.053811996925016835
1.0672134426885378,PASSED,-0.26899966911317863,-0.010555694623090035,0.011737782505373022,2.6732482236071693,0.05545675090105396,-0.06102139419804483
1.0682136427285458,PASSED,-0.26901021839424916,-0.010543144923032625,0.013090978425432167,2.673303646984996,0.05539146260884969,-0.0681328908750927
1.0692138427685538,PASSED,-0.26902075445676593,-0.010529253571315435,0.014424933911695699,2.673359001559358,0.055319123306334775,-0.07514357694146877
1.0702140428085618,PASSED,-0.2690312759689049,-0.01051404011755497,0.015739133659643273,2.673414280330718,0.05523983539478267,-0.08205080129251499
1.0712142428485698,PASSED,-0.2690417816186434,-0.010497524617773809,0.017033077195504485,2.673469476403252,0.05515370390792639,-0.08885194389878576
1.0722144428885778,PASSED,-0.2690522701142601,-0.010479727621267752,0.01830627604642508,2.673524582987489,0.05506083651206464,-0.09554436383704606
1.0732146429285858,PASSED,-0.26906274018482085,-0.010460670156468356,0.019558257301374928,2.673579593402859,0.05496134338835594,-0.10212563028980738
1.0742148429685938,PASSED,-0.26907319058065077,-0.010440373716071961,0.020788562459739545,2.673634501080189,0.054855337146695035,-0.10859331590830969
1.0752150430086018,PASSED,-0.2690836200737911,-0.010418860242505237,0.021996747638048004,2.6736892995641037,0.05474293278862576,-0.11494505284324197
1.0762152430486098,PASSED,-0.2690940274584425,-0.010396152115063046,0.023182380644950814,2.673743982515377,0.05462424762796134,-0.12117856587853287
1.0772154430886178,PASSED,-0.26910441155139325,-0.010372272133416153,0.02434504898152376,2.6737985437131724,0.0544994011623754,-0.12729173205754307
1.0782156431286258,PASSED,-0.2691147711924327,-0.010347243502684981,0.025484351897604517,2.673852977057239,0.05436851505063524,-0.13328236486190778
1.0792158431686338,PASSED,-0.26912510524475064,-0.010321089820947059,0.02659990163146615,2.6739072765699987,0.0542317130214934,-0.13914847199513608
1.0802160432086418,PASSED,-0.2691354125953205,-0.010293835061736046,0.027691330930708698,2.6739614363985935,0.054089120786875736,-0.1448880763660111
1.0812162432486496,PASSED,-0.2691456921552689,-0.010265503560000328,0.028758282272392598,2.674015450816818,0.0539408659665509,-0.15049931629738655
1.0822164432886576,PASSED,-0.26915594286022904,-0.010236119997703208,0.02980041564693848,2.6740693142269913,0.0537870780011425,-0.1559803981490769
1.0832166433286656,PASSED,-0.26916616367068014,-0.010205709387612127,0.030817406387176838,2.6741230211617473,0.053627888093161345,-0.16132958120254107
1.0842168433686736,PASSED,-0.2691763535722705,-0.01017429705839554,0.031808944436192824,2.674176566285737,0.05346342910087198,-0.16654526634725786
1.0852170434086816,PASSED,-0.26918651157612594,-0.010141908639583128,0.032774735063228894,2.6742299443972755,0.05329383549280712,-0.17162583587659053
1.0862172434486896,PASSED,-0.2691966367191433,-0.010108570046619591,0.033714498230410506,2.6742831504298787,0.053119243239403466,-0.17656986508836778
1.0872174434886976,PASSED,-0.26920672806426776,-0.010074307464350033,0.03462797162899027,2.674336179453725,0.05293978970604257,-0.1813759788759193
1.0882176435287056,PASSED,-0.2692167847007555,-0.01003914733253503,0.035514905272342884,2.6743890266770625,0.05275561365870513,-0.1860427596451167
1.0892178435687137,PASSED,-0.26922680574442087,-0.010003116331082489,0.036375065572673275,2.6744416874475045,0.05256685511772236,-0.19056906187454517
1.0902180436087217,PASSED,-0.26923679033786807,-0.009966241363238135,0.03720823602547542,2.674494157253256,0.05237365524493211,-0.19495374673405735
1.0912182436487297,PASSED,-0.2692467376507073,-0.009928549540558402,0.0380142137825679,2.6745464317242735,0.052176156373529785,-0.19919562118116532
1.0922184436887377,PASSED,-0.26925664687975603,-0.009890068169212049,0.038792809722209096,2.6745985066333113,0.05197450183274561,-0.20329382051952247
1.0932186437287457,PASSED,-0.2692665172492246,-0.00985082473229459,0.0395438550476263,2.6746503778969233,0.05176883587215803,-0.20724738729962158
1.0942188437687537,PASSED,-0.2692763480108864,-0.009810846875156818,0.04026719186453716,2.6747020415763556,0.05155930364598556,-0.21105545208770804
1.0952190438087617,PASSED,-0.2692861384442328,-0.009770162392154806,0.04096267709366348,2.674753493878381,0.0513460510838709,-0.21471730213262616
1.0962192438487697,PASSED,-0.26929588785661324,-0.009728799208414145,0.04163018817199036,2.674804731156039,0.05112922480054645,-0.21823227078565122
1.0972194438887777,PASSED,-0.2693055955833592,-0.009686785365611234,0.04226961255686032,2.674855749909287,0.05090897203225909,-0.2215997666218378
1.0982196439287857,PASSED,-0.26931526098789405,-0.009644149008426557,0.042880853603218944,2.674906546785612,0.05068544060283363,-0.22481920462787058
1.0992198439687937,PASSED,-0.2693248834618267,-0.009600918367508628,0.043463832461069385,2.6749571185805077,0.05045877875774119,-0.22789027206881515
1.1002200440088017,PASSED,-0.26933446242503134,-0.009557121745052221,0.0440184824532985,2.67500746223791,0.05022913511550881,-0.2308125556747617
1.1012202440488097,PASSED,-0.26934399732571096,-0.009512787499780748,0.044544753816925034,2.6750575748505554,0.04999665867024664,-0.2335857049871033
1.1022204440888177,PASSED,-0.26935348764044714,-0.00946794403285748,0.045042608994163645,2.6751074536602277,0.04976149858690987,-0.2362096689032214
1.1032206441288257,PASSED,-0.26936293287423413,-0.009422619772152066,0.04551202851291369,2.6751570960579643,0.04952380417429952,-0.23868424174845007
1.1042208441688337,PASSED,-0.2693723325604988,-0.009376843157504105,0.045953005404659006,2.6752064995841613,0.049283724867027014,-0.24100935095520767
1.1052210442088417,PASSED,-0.26938168626110554,-0.009330642627044949,0.04636554716215406,2.6752556619286096,0.04904141005983834,-0.24318511134430734
1.1062212442488497,PASSED,-0.2693909935663469,-0.009284046602214232,0.046749676609758734,2.6753045809304608,0.04879700906772124,-0.24521157929896023
1.1072214442888577,PASSED,-0.26940025409491963,-0.009237083472903666,0.047105431111106204,2.6753532545781034,0.04855067107513458,-0.24708893477844793
1.1082216443288657,PASSED,-0.2694094674938869,-0.0091897815845488,0.047432859850709816,2.6754016810089762,0.04830254502036742,-0.2488174680929735
1.1092218443688737,PASSED,-0.26941863343862554,-0.00914216922271806,0.04773202981742608,2.675449858509292,0.04805277952162602,-0.2503975191736803
1.1102220444088817,PASSED,-0.26942775163276017,-0.009094274599352388,0.04800301906450027,2.6754977855137154,0.04780152286413591,-0.25182941636773115
1.1112222444488897,PASSED,-0.2694368218080827,-0.009046125840291038,0.04824591905924841,2.6755454606049325,0.04754892285615663,-0.25311373572031165
1.1122224444888977,PASSED,-0.26944584372445846,-0.008997750969707372,0.048460838266610864,2.675592882513178,0.04729512677178704,-0.2542509834691123
1.1132226445289057,PASSED,-0.26945481716971886,-0.008949177897645984,0.048647894591240144,2.6756400501156654,0.04704028131449779,-0.25524177316932356
1.1142228445689137,PASSED,-0.2694637419595401,-0.00890043440697916,0.048807221383880134,2.6756869624359783,0.04678453253758758,-0.256086779404139
1.1152230446089217,PASSED,-0.26947261793730926,-0.008851548138981516,0.048938965740151275,2.6757336186433456,0.04652802571304062,-0.25678685464217355
1.1162232446489297,PASSED,-0.26948144497397664,-0.008802546581405243,0.049043285467018916,2.675780018051906,0.04627090535431537,-0.25734269478063354
1.1172234446889378,PASSED,-0.269490222967896,-0.008753457055969445,0.04912035208165038,2.675826160119838,0.04601331509501198,-0.2577553023185637
1.1182236447289458,PASSED,-0.2694989518446508,-0.00870430670369366,0.04917035240520636,2.675872044448499,0.045755397632123856,-0.2580255699345078
1.1192238447689538,PASSED,-0.2695076315568692,-0.008655122474438748,0.04919348048804931,2.6759176707814207,0.04549729465779865,-0.2581545772523307
1.1202240448089618,PASSED,-0.26951626208402607,-0.00860593111468141,0.04918994593686665,2.6759630390032907,0.045239146789509334,-0.2581433956473107
1.1212242448489698,PASSED,-0.26952484343223226,-0.008556759153102887,0.04915997200629573,2.676008149138853,0.044981093537163626,-0.2579931568113061
1.1222244448889778,PASSED,-0.2695333756340133,-0.008507632891237004,0.04910378843893994,2.6760530013517574,0.044723273218833855,-0.2577050926754187
1.1232246449289858,PASSED,-0.2695418587480748,-0.008458578391435517,0.049021640709848664,2.6760975959433146,0.04446582286090552,-0.2572805347635989
1.1242248449689938,PASSED,-0.2695502928590573,-0.008409621463500288,0.04891378608548388,2.6761419333512344,0.04420887821585161,-0.25672071858079115
1.1252250450090018,PASSED,-0.26955867807727923,-0.008360787654729829,0.048780490560440565,2.6761860141482616,0.0439525736519637,-0.25602712742597916
1.1262252450490098,PASSED,-0.269567014538469,-0.008312102240524541,0.04862202996851667,2.6762298390407864,0.04369704208202821,-0.25520119827517607
1.1272254450890178,PASSED,-0.26957530240348615,-0.008263590210552566,0.048438696640947555,2.6762734088673863,0.04344241497108768,-0.25424438605076893
1.1282256451290258,PASSED,-0.26958354185803146,-0.00821527625885213,0.048230788406763835,2.6763167245973003,0.0431888222158139,-0.25315833475578
1.1292258451690338,PASSED,-0.269591733112347,-0.008167184776162913,0.04799861221085257,2.676359787328854,0.04293639208712709,-0.25194465797417587
1.1302260452090418,PASSED,-0.26959987640090577,-0.008119339836601588,0.0477424911283062,2.676402598287845,0.04268525125537587,-0.2506049476025894
1.1312262452490498,PASSED,-0.26960797198209147,-0.00807176518837913,0.04746275295189328,2.676445158825859,0.042435524666364625,-0.24914101661700547
1.1322264452890578,PASSED,-0.26961602013786795,-0.008024484246070322,0.04715973521341664,2.6764874704185324,0.04218733547409461,-0.24755464270535305
1.1332266453290658,PASSED,-0.2696240211734402,-0.007977520079234579,0.04683378791729332,2.676529534663785,0.04194080508059214,-0.2458475607005513
1.1342268453690738,PASSED,-0.2696319754169047,-0.007930895403199264,0.04648526811399417,2.676571353279978,0.041696053011516666,-0.24402174132542345
1.1352270454090818,PASSED,-0.269639883218892,-0.007884632572096031,0.046114539762724255,2.6766129281040465,0.04145319687610354,-0.24207906480492222
1.1362272454490898,PASSED,-0.26964774495219973,-0.00783875356845314,0.04572197956300293,2.67665426108956,0.041212352349648596,-0.24002150088830126
1.1372274454890978,PASSED,-0.2696555610114173,-0.007793279994655694,0.04530796995374218,2.6766953543047767,0.040973633136428475,-0.23785102144133868
1.1382276455291058,PASSED,-0.2696633318125426,-0.007748233066561714,0.04487290018747183,2.676736209930609,0.0407371508698757,-0.2355697632937302
1.1392278455691138,PASSED,-0.26967105779259,-0.007703633603850505,0.04441717106036722,2.6767768302585813,0.04050301511968161,-0.2331797414609981
1.1402280456091218,PASSED,-0.26967873940919135,-0.007659502022428957,0.043941188329003816,2.6768172176887326,0.040271333370019445,-0.2306830884629429
1.1412282456491298,PASSED,-0.2696863771401892,-0.007615858329275376,0.043445363036633294,2.6768573747274775,0.04004221090670957,-0.22808204654115574
1.1422284456891378,PASSED,-0.26969397148322266,-0.007572722112572373,0.042930119147249125,2.676897303985435,0.03981575083372216,-0.22537875728491683
1.1432286457291458,PASSED,-0.26970152295530603,-0.007530112535638535,0.04239588212489876,2.6769370081752184,0.03959205405716887,-0.22257545606554674
1.1442288457691538,PASSED,-0.26970903209240177,-0.007488048332293641,0.04184308415822411,2.6769764901091864,0.039371219181570494,-0.21967448862027097
1.1452290458091618,PASSED,-0.26971649944898585,-0.007446547797948814,0.041272167802562446,2.6770157526971707,0.03915334252696468,-0.2166780985961775
1.1462292458491699,PASSED,-0.26972392559760777,-0.0074056287848175825,0.04068357668367796,2.6770547989441527,0.03893851809974341,-0.2135886463046583
1.1472294458891779,PASSED,-0.2697313111284442,-0.00736530869624282,0.04007776316881942,2.6770936319479315,0.03872683753185966,-0.21040851560315985
1.1482296459291859,PASSED,-0.26973865664884716,-0.007325604480973337,0.03945518333659062,2.677132254896744,0.038518390067344734,-0.20714009712278098
1.1492298459691939,PASSED,-0.2697459627828872,-0.007286532627886259,0.03881629958740372,2.6771706710668672,0.03831326254845301,-0.20378580007101849
1.1502300460092019,PASSED,-0.26975323017089087,-0.007248109161376066,0.03816157779205176,2.677208883820186,0.038111539363389256,-0.20034810839224987
1.1512302460492099,PASSED,-0.2697604594689737,-0.007210349636232127,0.03749149004519682,2.6772468966017446,0.03791330243403136,-0.1968294766683267
1.1522304460892179,PASSED,-0.26976765134856906,-0.00717326913376799,0.03680651074343155,2.6772847129372637,0.03771863120293852,-0.19323240070917674
1.1532306461292259,PASSED,-0.26977480649595204,-0.007136882257145363,0.03610712054209127,2.677322336430646,0.037527602598388415,-0.18955940711072106
1.1542308461692339,PASSED,-0.26978192561176007,-0.007101203128437172,0.035393800818925,2.6773597707614525,0.03734029100998192,-0.18581304260367063
1.1552310462092419,PASSED,-0.2697890094105092,-0.007066245383881472,0.03466704038021644,2.6773970196823664,0.0371567682902892,-0.18199583775208467
1.1562312462492499,PASSED,-0.26979605862010725,-0.007032022171103523,0.033927327709772394,2.6774340870166276,0.0369771037164351,-0.17811039792210914
1.157231446289258,PASSED,-0.2698030739813643,-0.006998546147444264,0.033175154292251006,2.6774709766554605,0.03680136397562227,-0.1741593027399905
1.158231646329266,PASSED,-0.2698100562474992,-0.0069658294746043885,0.03241101853828983,2.677507692555488,0.03662961317413697,-0.17014513398217673
1.159231846369274,PASSED,-0.2698170061836447,-0.006933883817761263,0.031635415713015945,2.677544238736118,0.03646191279457477,-0.16607054328220744
1.160232046409282,PASSED,-0.26982392456634924,-0.00690272034429139,0.03084884530777855,2.6775806192769394,0.0362983217025275,-0.16193812455731132
1.16123224644929,PASSED,-0.2698308121830773,-0.006872349719750477,0.030051810696336133,2.6776168383150867,0.03613889613507584,-0.1577505293812349
1.162232446489298,PASSED,-0.269837669831708,-0.006842782107251399,0.02924481370090459,2.6776529000425944,0.03598368966106999,-0.15351043708893308
1.163232646529306,PASSED,-0.26984449832003155,-0.00681402716655004,0.028428358701662295,2.6776888087037762,0.03583275324525453,-0.14922040163315373
1.164232846569314,PASSED,-0.2698512984652453,-0.0067860940524218155,0.027602951079266795,2.677724568592552,0.03568613517634243,-0.1448831804313988
1.165233046609322,PASSED,-0.2698580710934482,-0.00675899141349154,0.02676909749761388,2.6777601840497933,0.03554388104719648,-0.1405014282889738
1.16623324664933,PASSED,-0.2698648170391347,-0.006732727391813538,0.025927304464926842,2.677795659460678,0.03540603385753906,-0.1360776972363895
1.167233446689338,PASSED,-0.2698715371446883,-0.006707309623819699,0.02507807701311502,2.6778309992520097,0.035272633908230155,-0.1316147840239091
1.168233646729346,PASSED,-0.26987823225987506,-0.006682745238362079,0.024221924420622064,2.6778662078895583,0.03514371879932344,-0.12711532549524998
1.169233846769354,PASSED,-0.26988490324133657,-0.006659040857278243,0.023359352192643654,2.677901289875408,0.03501932354250049,-0.122581877708079
1.170234046809362,PASSED,-0.26989155095208417,-0.0066362025978552504,0.022490864243225262,2.6779362497452674,0.034899480431107306,-0.11801726718323878
1.17123424684937,PASSED,-0.2698981762609927,-0.006614236070858078,0.021616968833136775,2.6779710920658477,0.03478421911377158,-0.1134240174373901
1.172234446889378,PASSED,-0.2699047800422963,-0.006593146382183737,0.020738168568476073,2.678005821432175,0.0346735666076139,-0.10880483197121141
1.173234646929386,PASSED,-0.26991136317508396,-0.00657293813625814,0.019854964163677696,2.6780404424649555,0.03456754724979282,-0.10416237505432688
1.174234846969394,PASSED,-0.2699179265427976,-0.006553615434728762,0.01896785977317766,2.678074959807933,0.034466182761090355,-0.09949923113455718
1.175235047009402,PASSED,-0.2699244710327311,-0.006535181878581219,0.018077353730452977,2.678109378125252,0.034369492234891295,-0.09481805624205733
1.17623524704941,PASSED,-0.2699309975355313,-0.006517640572272895,0.017183941360239263,2.678143702098836,0.03427749213197814,-0.0901214673605455
1.177235447089418,PASSED,-0.26993750694470103,-0.006500994123857689,0.01628811978518367,2.6781779364257705,0.03419019630965343,-0.08541205896749507
1.178235647129426,PASSED,-0.2699440001561045,-0.006485244646758459,0.015390381975263101,2.678212085815708,0.034107616038335,-0.08069241288571191
1.179235847169434,PASSED,-0.26995047806747524,-0.006470393765445334,0.014491214205032497,2.678246154988263,0.03402975998258641,-0.0759651509905106
1.180236047209442,PASSED,-0.26995694157792705,-0.006456442615944186,0.013591106365226709,2.6782801486704626,0.03395663427448319,-0.07123274617836045
1.18123624724945,PASSED,-0.2699633915874673,-0.006443391848763803,0.01269054105715379,2.6783140715941682,0.033888242478405696,-0.06649782934357953
1.182236447289458,PASSED,-0.2699698289965143,-0.006431241633772545,0.01178999761399529,2.6783479284935474,0.03382458561585365,-0.06176288469102093
1.183236647329466,PASSED,-0.26997625470541725,-0.00641999166287239,0.010889953090928661,2.6783817241025383,0.03376566221032621,-0.05703041941839156
1.184236847369474,PASSED,-0.2699826696139809,-0.006409641154189756,0.009990879077102485,2.6784154631523647,0.03371146830139734,-0.05230290193585683
1.185237047409482,PASSED,-0.269989074620993,-0.00640018885526328,0.009093245492727196,2.67844915036903,0.03366199742182129,-0.04758286466949475
1.18623724744949,PASSED,-0.2699954706237568,-0.006391633047642618,0.008197515705950188,2.6784827904708735,0.03361724067500612,-0.04287266824562328
1.187237447489498,PASSED,-0.2700018585176269,-0.006383971552276718,0.007304148472532729,2.678516388166128,0.033577186759294865,-0.03817474735499808
1.188237647529506,PASSED,-0.27000823919555106,-0.006377201733401275,0.006413599144048699,2.6785499481504864,0.0335418219089827,-0.03349158561693233
1.189237847569514,PASSED,-0.2700146135476145,-0.006371320501357112,0.00552632064423939,2.678583475104745,0.03351113003901665,-0.028825392865469146
1.190238047609522,PASSED,-0.27002098246059175,-0.006366324321608283,0.004642752485220465,2.6786169736924035,0.033485092694582184,-0.024178645480463074
1.19123824764953,PASSED,-0.27002734681750135,-0.006362209217641925,0.0037633382871164757,2.6786504485573484,0.03346368906427569,-0.019553620190519427
1.192238447689538,PASSED,-0.2700337074971673,-0.0063589707749701465,0.0028885122615531895,2.6786839043215425,0.0334468961004413,-0.014952526263635189
1.193238647729546,PASSED,-0.2700400653737852,-0.006356604149530943,0.002018700890969707,2.678717345582726,0.03343468843778263,-0.0103777535886978
1.194238847769554,PASSED,-0.27004642131649426,-0.0063551040721623545,0.0011543283536681725,2.678750776912182,0.033427038477976734,-0.005831430617362694
1.1952390478095618,PASSED,-0.27005277618895546,-0.006354464854210458,0.00029581101738112935,2.6787842028525084,0.03342391645860625,-0.0013157452058983451
1.1962392478495698,PASSED,-0.2700591308489351,-0.006354680393729189,-0.0005564398761380362,2.678817627915432,0.033425290408812196,0.003167080480510886
1.1972394478895778,PASSED,-0.27006548614789505,-0.0063557441820793455,-0.0014020206661703295,2.6788510565796444,0.03343112620503397,0.007614940049271608
1.1982396479295858,PASSED,-0.2700718429305891,-0.006357649310803756,-0.0022405340965706085,2.6788844932886757,0.033441387639065394,0.012025763352866488
1.1992398479695938,PASSED,-0.27007820203466587,-0.006360388476804089,-0.0030715872695076312,2.6789179424488228,0.03345603644790393,0.016397505828980134
1.2002400480096018,PASSED,-0.2700845642902782,-0.006363953989887661,-0.0038947969596151164,2.67895140842707,0.033475032284561224,0.020728057209500418
1.2012402480496098,PASSED,-0.2700909305196997,-0.0063683377803022065,-0.0047097860511655125,2.678984895549091,0.03349833282604166,0.0250155309943893
1.2022404480896178,PASSED,-0.2700973015369477,-0.0063735314045014375,-0.00551618296460815,2.679018408097246,0.033525893792789245,0.029257923916379443
1.2032406481296258,PASSED,-0.2701036781474139,-0.006379526052354124,-0.006313624444738441,2.6790519503086503,0.03355766895852911,0.03345332695552584
1.2042408481696338,PASSED,-0.27011006114750163,-0.006386312556083768,-0.007101756586249317,2.6790855263732647,0.033593610224487674,0.03759989196059072
1.2052410482096418,PASSED,-0.27011645132427115,-0.006393881396116445,-0.007880228996960982,2.679119140432024,0.03363366763959719,0.04169576387546154
1.2062412482496498,PASSED,-0.2701228494550914,-0.006402222707787594,-0.008648700120608987,2.6791527965749986,0.03367778942148665,0.04573912723213975
1.2072414482896578,PASSED,-0.2701292563073007,-0.006411326292065591,-0.00940684038292105,2.6791864988396155,0.033725922036804905,0.049728274042330364
1.2082416483296659,PASSED,-0.2701356726378737,-0.006421181620402031,-0.01015432030545138,2.679220251208912,0.0337780102441171,0.05366149615877838
1.2092418483696739,PASSED,-0.27014209919309745,-0.006431777843629357,-0.01089082517524334,2.6792540576098114,0.03383399706817866,0.05753704266342232
1.2102420484096819,PASSED,-0.27014853670825445,-0.006443103800381463,-0.01161604447001412,2.679287921911466,0.03389382389753572,0.06135335381948327
1.2112422484496899,PASSED,-0.2701549859073142,-0.006455148024484167,-0.01232967719116524,2.6793218479236374,0.033957430563585016,0.06510887420249432
1.2122424484896979,PASSED,-0.27016144750263293,-0.006467898753481707,-0.013031430201789306,2.6793558393951056,0.03402475528963832,0.06880196062050965
1.2132426485297059,PASSED,-0.27016792219466107,-0.00648134393709638,-0.013721019223262488,2.679389900012127,0.03409573476785191,0.07243115660898634
1.2142428485697139,PASSED,-0.2701744106716597,-0.006495471244923904,-0.014398166897032435,2.679424033396952,0.034170304277761264,0.07599507877627665
1.2152430486097219,PASSED,-0.2701809136094247,-0.006510268075059978,-0.015062605628767657,2.6794582431063683,0.03424839764163719,0.07949222060902134
1.2162432486497299,PASSED,-0.27018743167101994,-0.006525721563627043,-0.015714077192598222,2.679492532630285,0.034329947250794364,0.08292120152261441
1.2172434486897379,PASSED,-0.2701939655065186,-0.006541818592060279,-0.01635232926032629,2.6795269053903814,0.03441488422100524,0.08628081600305551
1.2182436487297459,PASSED,-0.27020051575275345,-0.006558545795647642,-0.016977119805388706,2.6795613647387913,0.03450313837507276,0.0895697127771629
1.219243848769754,PASSED,-0.27020708303307545,-0.006575889573489293,-0.017588216532492214,2.6795959139568275,0.034594638231471186,0.09278661881259719
1.220244048809762,PASSED,-0.2702136679571212,-0.006593836096698027,-0.01818539432622668,2.67963055625375,0.03468931113349463,0.0959304241640182
1.22124424884977,PASSED,-0.27022027112058955,-0.006612371316386324,-0.0187684365963431,2.6796652947656057,0.03478708331214012,0.0990000149664698
1.222244448889778,PASSED,-0.2702268931050261,-0.006631480973204039,-0.01933713696529635,2.6797001325540744,0.03488787982249389,0.10199417394530183
1.223244648929786,PASSED,-0.27023353447761783,-0.006651150607085363,-0.019891298492008838,2.6797350726054003,0.03499162467908362,0.10491197835269099
1.224244848969794,PASSED,-0.2702401957909953,-0.006671365564444429,-0.020430729937104184,2.6797701178293365,0.03509824090773664,0.10775239551990651
1.225245049009802,PASSED,-0.2702468775830451,-0.006692111008047113,-0.020955252713071217,2.679805271058169,0.03520765053611146,0.11051445027810355
1.22624524904981,PASSED,-0.2702535803767303,-0.006713371926424284,-0.02146469548657181,2.679840535045762,0.035319774673145364,0.11319726153778027
1.227245449089818,PASSED,-0.2702603046799201,-0.006735133142069536,-0.021958895751040604,2.679875912466659,0.03543453356535592,0.11579997932573272
1.228245649129826,PASSED,-0.27026705098522913,-0.006757379320805055,-0.022437700725172007,2.6799114059152416,0.03555184662926257,0.11832178696060465
1.229245849169834,PASSED,-0.2702738197698646,-0.006780094980666646,-0.022900965952537426,2.6799470179049107,0.03567163248521056,0.1207619019395858
1.230246049209842,PASSED,-0.2702806114954838,-0.0068032645014906865,-0.02334855740504271,2.6799827508673535,0.03579380905496935,0.12311968163825066
1.23124624924985,PASSED,-0.27028742660805966,-0.006826872133168645,-0.023780347859902743,2.6800186071518066,0.03591829354273672,0.1253943585201266
1.232246449289858,PASSED,-0.2702942655377558,-0.006850902005112242,-0.02419622133272656,2.6800545890244263,0.03604500253141135,0.12758540877763827
1.233246649329866,PASSED,-0.27030112869881046,-0.00687533813532015,-0.02459606945802871,2.680090698667655,0.036173852028866305,0.1296922232398301
1.234246849369874,PASSED,-0.27030801648942965,-0.0069001644395444576,-0.02497979406849338,2.6801269381796575,0.03630475746282937,0.13171424111188024
1.235247049409882,PASSED,-0.27031492929168915,-0.00692536473979644,-0.025347304374307513,2.6801633095738175,0.036437633805810124,0.1336510775599986
1.23624724944989,PASSED,-0.27032186747144554,-0.006950922773700045,-0.025698520256468835,2.6801998147782466,0.036572395568332715,0.13550221916432192
1.237247449489898,PASSED,-0.27032883137825603,-0.006976822203316805,-0.026033369190287082,2.6802364556353777,0.03670895684757842,0.1372673192999614
1.238247649529906,PASSED,-0.27033582134530804,-0.007003046624637402,-0.026351789407470846,2.680273233901575,0.03684723140684117,0.138946052571282
1.239247849569914,PASSED,-0.27034283768935635,-0.007029579575212401,-0.02665372468668476,2.68031015124682,0.03698713270600167,0.14053813021997658
1.240248049609922,PASSED,-0.27034988071067034,-0.007056404544235822,-0.026939131914577374,2.6803472092544074,0.03712857391635302,0.14204326377226026
1.24124824964993,PASSED,-0.2703569506929896,-0.0070835049816371,-0.02720797439241178,2.680384409420732,0.03727146802723036,0.14346134228073815
1.242248449689938,PASSED,-0.2703640479034882,-0.007110864304782239,-0.027460222313624355,2.6804217531550814,0.037415727855765836,0.14479215270530643
1.243248649729946,PASSED,-0.27037117259274807,-0.0071384659093569,-0.02769585941535115,2.6804592417795017,0.037561266077577746,0.14603560121631654
1.244248849769954,PASSED,-0.27037832499474057,-0.00716629317765501,-0.027914874219949353,2.680496876528687,0.03770799530453479,0.1471916441175254
1.245249049809962,PASSED,-0.27038550532681754,-0.007194329486181877,-0.028117264731478107,2.6805346585499477,0.037855828142201224,0.14826030003237156
1.24624924984997,PASSED,-0.2703927137897099,-0.0072225582149132,-0.0283030380645522,2.6805725889031806,0.038004677173873604,0.14924151943238823
1.247249449889978,PASSED,-0.27039995056753563,-0.007250962756261318,-0.028472210203829725,2.6806106685609166,0.03815445504476498,0.15013543853070196
1.248249649929986,PASSED,-0.2704072158278157,-0.007279526522283135,-0.02862480323380841,2.6806488984084016,0.038305074539890224,0.1509421995216173
1.249249849969994,PASSED,-0.2704145097214988,-0.007308232954051333,-0.02876085079112458,2.6806872792437217,0.038456448561720785,0.15166190336986088
1.250250050010002,PASSED,-0.2704218323829936,-0.007337065529745897,-0.028880392296855777,2.6807258117779704,0.038608490194949184,0.1522947864674206
1.25125025005001,PASSED,-0.27042918393021054,-0.00736600777199732,-0.028983475554469368,2.6807644966354656,0.038761112792861444,0.15284113887548306
1.252250450090018,PASSED,-0.2704365644646103,-0.007395043257435097,-0.029070158693314453,2.680803334353996,0.038914229959247294,0.15330118472610754
1.253250650130026,PASSED,-0.2704439740712614,-0.007424155623852314,-0.0291405048998205,2.680842325385132,0.039067755617428285,0.15367530715091776
1.254250850170034,PASSED,-0.2704514128189053,-0.007453328577339539,-0.02919458587882877,2.680881470094556,0.03922160407218671,0.15396388649675574
1.255251050210042,PASSED,-0.2704588807600294,-0.007482545901850204,-0.029232483598555452,2.6809207687624363,0.03937568999316188,0.1541672772941096
1.25625125025005,PASSED,-0.270466377930948,-0.007511791466217074,-0.029254284879078107,2.680960221583873,0.03952992853240491,0.15428604720897632
1.257251450290058,PASSED,-0.2704739043518909,-0.00754104923065007,-0.02926008413560784,2.6809998286693313,0.039684235304122815,0.15432058805719195
1.258251650330066,PASSED,-0.2704814600270993,-0.007570303256095316,-0.029249986318338663,2.681039590045172,0.039838526440296985,0.15427150158548522
1.259251850370074,PASSED,-0.27048904494492937,-0.007599537710754981,-0.029224100220549866,2.6810795056541705,0.03999271864807763,0.15413934524407918
1.260252050410082,PASSED,-0.27049665907796355,-0.00762873687688379,-0.02918254340098203,2.6811195753561026,0.04014672921476113,0.15392471430977847
1.26125225045009,PASSED,-0.2705043023831284,-0.007657885158785737,-0.02912544090258967,2.6811597989283733,0.04030047608858094,0.15362831349317072
1.262252450490098,PASSED,-0.27051197480182,-0.007686967090190072,-0.029052925072164427,2.681200176066659,0.04045387787844117,0.15325077410493335
1.263252650530106,PASSED,-0.2705196762600364,-0.007715967340005626,-0.02896513297781428,2.6812407063856134,0.04060685390249464,0.15279285735249712
1.264252850570114,PASSED,-0.2705274066685169,-0.007744870719868017,-0.028862211118774732,2.6812813894195813,0.04075932423054211,0.15225530851079616
1.265253050610122,PASSED,-0.27053516592288773,-0.007773662191280517,-0.028744311608317967,2.681322224623381,0.04091120972317798,0.15163894871924835
1.26625325065013,PASSED,-0.2705429539038154,-0.007802326871379164,-0.028611592425532715,2.6813632113730916,0.041062432045983234,0.15094457219592475
1.267253450690138,PASSED,-0.2705507704771651,-0.007830850039636078,-0.02846421881116662,2.6814043489668835,0.041212913700550594,0.15017304281499053
1.268253650730146,PASSED,-0.270558615494167,-0.007859217144653857,-0.0283023624888537,2.681445636625906,0.04136257812320588,0.14932534254882868
1.269253850770154,PASSED,-0.2705664887915876,-0.007887413809886517,-0.028126200395196116,2.681487073495165,0.04151134962394055,0.14840227285856292
1.270254050810162,PASSED,-0.2705743901919081,-0.007915425839507361,-0.02793591577127866,2.681528658644477,0.04165915346382681,0.14740488457138293
1.27125425085017,PASSED,-0.2705823195035081,-0.00794323922501539,-0.02773169866586192,2.68157039106941,0.04180591590463608,0.1463341449678636
1.272254450890178,PASSED,-0.27059027652085543,-0.007970840150499665,-0.027513743363217758,2.6816122696923026,0.04195156420921218,0.14519107764825737
1.273254650930186,PASSED,-0.2705982610247019,-0.007998214998499443,-0.027282251090817774,2.6816542933632777,0.042096026681091504,0.1439767347000342
1.274254850970194,PASSED,-0.2706062727822843,-0.008025350355204764,-0.027037427114989156,2.681696460861294,0.04223923268568959,0.1426921845301273
1.275255051010202,PASSED,-0.27061431154753063,-0.008052233015996507,-0.026779483242912468,2.681738770895236,0.04238111269155069,0.141338553415074
1.27625525105021,PASSED,-0.2706223770612725,-0.008078849991298797,-0.02650863667521064,2.681781222105025,0.042521598306582115,0.1399169894423249
1.277255451090218,PASSED,-0.27063046905146143,-0.008105188510099127,-0.026225106883743497,2.6818238130627505,0.042660622264108404,0.13842860291560874
1.278255651130226,PASSED,-0.2706385872333913,-0.008131236026421256,-0.025929122614387453,2.6818665422738466,0.04279811849033756,0.13687464177152234
1.279255851170234,PASSED,-0.27064673130992467,-0.0081569802232548,-0.025620912979645832,2.6819094081782713,0.0429340221206898,0.13525628940605489
1.280256051210242,PASSED,-0.27065490097172423,-0.00818240901677334,-0.025300713877800824,2.681952409151718,0.04306826948801921,0.13357475261164067
1.2812562512502501,PASSED,-0.27066309589748927,-0.008207510562493883,-0.02496876694903724,2.6819955435068707,0.043200798211316616,0.1318313704212566
1.2822564512902581,PASSED,-0.2706713157541952,-0.008232273257294621,-0.02462531336853941,2.6820388094946495,0.04333154717006826,0.13002735097190904
1.2832566513302661,PASSED,-0.2706795601973386,-0.0082566857450113,-0.024270603948773478,2.682082205305497,0.04346045651126008,0.12816400133840755
1.2842568513702741,PASSED,-0.2706878288711857,-0.008280736920616642,-0.023904890043054877,2.6821257290706946,0.043587467745815615,0.1262427233669522
1.2852570514102821,PASSED,-0.2706961214090247,-0.008304415932456193,-0.023528426370549686,2.682169378863671,0.043712523690098884,0.1242647582274831
1.2862572514502901,PASSED,-0.27070443743342243,-0.008327712187958134,-0.02314147492287034,2.6822131527013595,0.0438355685014599,0.12223151345003051
1.2872574514902981,PASSED,-0.27071277655648335,-0.008350615355580605,-0.022744296088874457,2.6822570485455657,0.04395654776357859,0.12014442789780248
1.2882576515303061,PASSED,-0.27072113838011375,-0.008373115368653063,-0.022337157728180197,2.6823010643043323,0.04407540839882033,0.11800477347103379
1.2892578515703141,PASSED,-0.27072952249628746,-0.008395202428762238,-0.021920328363170854,2.6823451978333575,0.04419209874656412,0.11581406392563669
1.2902580516103221,PASSED,-0.2707379284873159,-0.008416867008869323,-0.021494081269693325,2.6823894469373957,0.04430656860135063,0.11357371536042307
1.2912582516503301,PASSED,-0.2707463559261205,-0.008438099855513031,-0.021058690226384964,2.682433809371708,0.04441876917864261,0.1112851519130316
1.2922584516903382,PASSED,-0.270754804376508,-0.00845889199197979,-0.02061443396034129,2.6824782828434888,0.04452865312697449,0.10894981261110871
1.2932586517303462,PASSED,-0.27076327339344824,-0.008479234721042459,-0.0201615924642208,2.6825228650133375,0.04463617458953707,0.10656922919689729
1.2942588517703542,PASSED,-0.270771762523355,-0.00849911962701008,-0.01970044830322261,2.6825675534967326,0.044741289196473556,0.10414485876287209
1.2952590518103622,PASSED,-0.2707802713043682,-0.008518538577815258,-0.019231285806482874,2.6826123458655,0.04484395401736876,0.1016781289834193
1.2962592518503702,PASSED,-0.2707887992666392,-0.008537483727297929,-0.018754391933464072,2.6826572396493433,0.0449441276913472,0.0991707039751181
1.2972594518903782,PASSED,-0.27079734593261695,-0.008555947517206055,-0.018270055224567743,2.682702232337313,0.04504177033483532,0.09662393649678797
1.2982596519303862,PASSED,-0.27080591081733746,-0.008573922679072568,-0.017778566294475964,2.682747321379351,0.045136843565527614,0.09403942682262678
1.2992598519703942,PASSED,-0.27081449342871333,-0.008591402234791674,-0.01728021533552455,2.6827925041878027,0.04522931057942101,0.09141873860726077
1.3002600520104022,PASSED,-0.2708230932678261,-0.008608379499028583,-0.016775296837832535,2.682837778138957,0.04531913608371344,0.08876334808254327
1.3012602520504102,PASSED,-0.2708317098292188,-0.008624848080671712,-0.016264104846657655,2.6828831405745803,0.045406286311546855,0.08607481433399815
1.3022604520904182,PASSED,-0.27084034260119044,-0.008640801882825294,-0.015746933691533703,2.6829285888034704,0.04549072908360532,0.0833547438747792
1.3032606521304262,PASSED,-0.27084899106609145,-0.008656235104242294,-0.015224079900643612,2.6829741201030046,0.04557243375840739,0.08060462875360329
1.3042608521704342,PASSED,-0.2708576547006198,-0.008671142241155852,-0.014695841588834363,2.6830197317206976,0.045651371237980555,0.07782604678620915
1.3052610522104422,PASSED,-0.27086633297611723,-0.00868551808589865,-0.014162513512104792,2.6830654208757605,0.04572751400748676,0.07502058465286847
1.3062612522504502,PASSED,-0.2708750253588675,-0.008699357728749645,-0.01362439574359036,2.683111184760674,0.04580083612825068,0.07218981150461537
1.3072614522904582,PASSED,-0.27088373131039334,-0.008712656558182819,-0.013081785226226647,2.6831570205427324,0.04587131318151444,0.0693352144365305
1.3082616523304662,PASSED,-0.27089245028775505,-0.008725410260350603,-0.012534980128825158,2.6832029253656398,0.0459389223616996,0.06645849068424156
1.309261852370474,PASSED,-0.27090118174384814,-0.008737614819651553,-0.011984278749033241,2.6832488963510497,0.046003642422018313,0.06356110674168401
1.310262052410482,PASSED,-0.27090992512770135,-0.00874926651827363,-0.011429978537436334,2.6832949306001512,0.04606545365454279,0.06064464971299834
1.31126225245049,PASSED,-0.2709186798847745,-0.008760361936281892,-0.010872377655479298,2.6833410251952303,0.04612433795528491,0.05771073476153842
1.312262452490498,PASSED,-0.2709274454572558,-0.008770897950434344,-0.010311771817100445,2.683387177201226,0.046180278761238855,0.05476085341554638
1.313262652530506,PASSED,-0.2709362212843584,-0.008780871734080736,-0.009748458199253447,2.6834333836673037,0.0462332610659015,0.05179660549405403
1.314262852570514,PASSED,-0.2709450068026172,-0.008790280757103863,-0.0091827329057104,2.6834796416284057,0.04628327143602615,0.04881954654504774
1.315263052610522,PASSED,-0.2709538014461833,-0.008799122783305538,-0.008614888398985809,2.6835259481068086,0.04633029797938387,0.04583120789950765
1.31626325265053,PASSED,-0.270962604647119,-0.008807395870294879,-0.008045219382907915,2.6835723001136684,0.04637433034465976,0.042833136860139835
1.317263452690538,PASSED,-0.2709714158356907,-0.008815098369232372,-0.007474018640549795,2.6836186946505656,0.04641535973107756,0.03982688612291956
1.318263652730546,PASSED,-0.270980234440661,-0.008822228922189377,-0.006901575834640944,2.683665128711046,0.0464533788743839,0.03681398142861691
1.319263852770554,PASSED,-0.2709890598895793,-0.008828786460509124,-0.006328179976485866,2.683711599282139,0.04648838201665137,0.03379591616004717
1.320264052810562,PASSED,-0.2709978916090706,-0.008834770204415041,-0.005754119858869679,2.6837581033458955,0.04652036493576258,0.03077425441198985
1.32126425285057,PASSED,-0.27100672902512324,-0.00884017966082623,-0.005179680779402416,2.6838046378808764,0.04654932490661419,0.027750448478028395
1.322264452890578,PASSED,-0.27101557156337436,-0.008845014620908606,-0.0046051462843575966,2.68385119986369,0.04657526072041464,0.024726057348731813
1.323264652930586,PASSED,-0.27102441864939314,-0.008849275158086489,-0.0040307977735689424,2.6838977862704465,0.04659817262691942,0.021702472608819506
1.324264852970594,PASSED,-0.27103326970896296,-0.008852961627198966,-0.003456916671750372,2.6839443940782712,0.04661806237164562,0.018681259471125502
1.325265053010602,PASSED,-0.27104212416836054,-0.00885607466111933,-0.0028837787527723354,2.6839910202667574,0.0466349331738514,0.015663830695557778
1.32626525305061,PASSED,-0.2710509814546327,-0.008858615167779239,-0.0023116585980004025,2.6840376618194375,0.04664878968632973,0.012651633666847418
1.327265453090618,PASSED,-0.2710598409958714,-0.008860584329386814,-0.0017408302806254466,2.684084315725221,0.04665963801154941,0.009646119588235616
1.328265653130626,PASSED,-0.2710687022214856,-0.008861983599051331,-0.0011715625871097507,2.684130978979824,0.04666748566875934,0.006648682291065842
1.329265853170634,PASSED,-0.2710775645624706,-0.00886281469649505,-0.0006041206814561695,2.6841776485872018,0.04667234160792912,0.0036607770889275815
1.330266053210642,PASSED,-0.2710864274516744,-0.008863079607690833,-3.8771538665571605e-05,2.6842243215609387,0.04667421615998291,0.0006837353636974358
1.33126625325065,PASSED,-0.2710952903240617,-0.008862780581332323,0.0005242249566269217,2.6842709949256456,0.046673121032150065,-0.0022810366305379064
1.332266453290658,PASSED,-0.2711041526169742,-0.008861920123240436,0.001084613515394668,2.6843176657183245,0.04666906931023789,-0.005232178766607907
1.333266653330666,PASSED,-0.27111301377038793,-0.008860500996359459,0.001642135791365148,2.684364330989733,0.04666207542323859,-0.008168359154436923
1.334266853370674,PASSED,-0.2711218732271679,-0.008858526216909652,0.002196541888766793,2.684410987805726,0.0466521551375625,-0.011088236690519494
1.335267053410682,PASSED,-0.27113073043331853,-0.008855999048480317,0.0027475861230464096,2.684457633248555,0.04663932549949345,-0.013990572321391411
1.33626725345069,PASSED,-0.271139584838231,-0.008852923000805566,0.0032950220425511396,2.684504264418208,0.046623604900054225,-0.016873950851118043
1.337267453490698,PASSED,-0.2711484358949272,-0.0088493018268801,0.003838608514075049,2.684550878433662,0.04660501297997423,-0.019737232899254966
1.338267653530706,PASSED,-0.2711572830603,-0.00884513951682432,0.0043781110835836344,2.684597472434166,0.046583570614687576,-0.022579120211591877
1.339267853570714,PASSED,-0.2711661257953493,-0.00884044029467221,0.004913296197793206,2.684644043580483,0.046559299959936115,-0.02539834444471726
1.340268053610722,PASSED,-0.2711749635654146,-0.008835208616295607,0.005443933162476551,2.6846905890561112,0.04653222435952731,-0.02819377105152741
1.34126825365073,PASSED,-0.271183795840404,-0.008829449164665671,0.0059697972749108725,2.684737106068496,0.04650236834381493,-0.030964178819615457
1.342268453690738,PASSED,-0.27119262209501815,-0.008823166842844527,0.006490671518634545,2.6847835918502163,0.046469757654134324,-0.033708363587933735
1.343268653730746,PASSED,-0.27120144180897127,-0.008816366774023872,0.007006333688666553,2.6848300436601336,0.046434419146103474,-0.036425270992789534
1.3442688537707541,PASSED,-0.27121025446720703,-0.008809054296511616,0.00751657339465095,2.684876458784546,0.046396380809498206,-0.03911371368026482
1.3452690538107621,PASSED,-0.27121905956011055,-0.008801234955975824,0.008021185296548774,2.684922834538295,0.04635567176257867,-0.04177260241237832
1.3462692538507701,PASSED,-0.2712278565837164,-0.00879291450479743,0.00851996176629453,2.684969168265881,0.04631232220277135,-0.04440086473727985
1.3472694538907781,PASSED,-0.2712366450399112,-0.008784098897141183,0.009012704916212392,2.6850154573425042,0.04626636335416254,-0.046997504523180064
1.3482696539307861,PASSED,-0.2712454244366329,-0.008774794282261756,0.009499221521569415,2.6850616991751406,0.046217827515832546,-0.049561394201189365
1.3492698539707941,PASSED,-0.2712541942880647,-0.008765007001565938,0.00997932014532001,2.6851078912035513,0.04616674799784757,-0.05209160050751142
1.3502700540108021,PASSED,-0.27126295411482443,-0.008754743584343139,0.010452815274453974,2.6851540309012925,0.046113159071118896,-0.054587144209436535
1.3512702540508101,PASSED,-0.27127170344414964,-0.008744010741998527,0.010919527058049107,2.685200115776679,0.04605709598266698,-0.057047051280227565
1.3522704540908181,PASSED,-0.27128044181007743,-0.008732815362931029,0.011379280407131287,2.685246143373749,0.04599859493872597,-0.05947037238153307
1.3532706541308261,PASSED,-0.2712891687536199,-0.008721164509514913,0.011831902088769823,2.6852921112731716,0.045937693018887844,-0.0618562848091944
1.3542708541708341,PASSED,-0.2712978838229347,-0.008709065411851756,0.012277228046080793,2.685338017093168,0.0458744282176715,-0.0642038121544534
1.3552710542108422,PASSED,-0.27130658657348994,-0.00869652546204265,0.012715097651118815,2.6853838584903693,0.0458088393968446,-0.06651215994186764
1.3562712542508502,PASSED,-0.27131527656822557,-0.008683552211527312,0.013145352424817486,2.6854296331606657,0.04574096621273816,-0.0687805335495027
1.3572714542908582,PASSED,-0.27132395337770826,-0.00867015336455441,0.013567843338288647,2.6854753388400376,0.04567084917102338,-0.07100804715828979
1.3582716543308662,PASSED,-0.27133261658028207,-0.008656336772338041,0.013982424801756686,2.6855209733053473,0.04559852956408768,-0.07319398012065
1.3592718543708742,PASSED,-0.27134126576221407,-0.008642110430115387,0.014388953836583115,2.6855665343750923,0.04552404937895122,-0.07533765514699393
1.3602720544108822,PASSED,-0.27134990051783425,-0.008627482470606938,0.01478729662302774,2.6856120199101765,0.04544745139952204,-0.07743819561731062
1.3612722544508902,PASSED,-0.2713585204496711,-0.008612461158505818,0.015177322419847,2.6856574278145913,0.045368779086312906,-0.07949505827035115
1.3622724544908982,PASSED,-0.2713671251685811,-0.008597054886032587,0.015558905842151232,2.6857027560361315,0.04528807654883014,-0.08150752362438429
1.3632726545309062,PASSED,-0.27137571429387375,-0.008581272168345434,0.01593192558382121,2.685748002567033,0.04520538857501583,-0.08347494060758541
1.3642728545709142,PASSED,-0.2713842874534309,-0.00856512163646678,0.016296269408540082,2.6857931654446174,0.045120760560521986,-0.08539673041802512
1.3652730546109222,PASSED,-0.2713928442838211,-0.008548612033050603,0.016651826087933756,2.685838242751895,0.04503423848613857,-0.08727230369367088
1.3662732546509302,PASSED,-0.27140138443040845,-0.008531752207990323,0.0169984910418447,2.6858832326181328,0.044945868894727466,-0.08910111655605292
1.3672734546909382,PASSED,-0.27140990754745625,-0.00851455111126931,0.017336167173793358,2.6859281332194196,0.044855698884134265,-0.09088260661795731
1.3682736547309462,PASSED,-0.2714184132982256,-0.008497017788772088,0.017664759379508056,2.685972942779163,0.04476377602342268,-0.09261636344068086
1.3692738547709542,PASSED,-0.271426901355068,-0.008479161377148547,0.017984179786230667,2.6860176595686087,0.04467014838659667,-0.09430181908289174
1.3702740548109622,PASSED,-0.2714353713995132,-0.008460991097453595,0.018294346300766755,2.6860622819072844,0.044574864503568845,-0.09593859232444822
1.3712742548509702,PASSED,-0.2714438231223518,-0.008442516250791789,0.01859518023583028,2.6861068081634496,0.04447797330157188,-0.0975262751119773
1.3722744548909782,PASSED,-0.27145225622371216,-0.008423746212916198,0.018886609635431456,2.6861512367544926,0.04437952411308431,-0.09906446407130413
1.3732746549309862,PASSED,-0.27146067041313177,-0.008404690427926494,0.019168568559216656,2.6861955661473265,0.04427956665992808,-0.10055277921286138
1.3742748549709942,PASSED,-0.2714690654096241,-0.008385358404072476,0.019440994050551032,2.6862397948587224,0.044178150962310404,-0.10199097655420523
1.3752750550110022,PASSED,-0.27147744094173937,-0.008365759707962642,0.01970383081602072,2.6862839214556544,0.04407532737590809,-0.10337865963438737
1.3762752550510102,PASSED,-0.2714857967476203,-0.00834590395910798,0.019957027547090053,2.6863279445555723,0.043971146537662334,-0.10471562398665701
1.3772754550910182,PASSED,-0.2714941325750525,-0.008325800825060072,0.020200538381786756,2.6863718628266935,0.04386565932907409,-0.10600159832262783
1.3782756551310262,PASSED,-0.27150244818150987,-0.008305460015605007,0.020434323503915823,2.68641567498823,0.04375891687111117,-0.10723636438977216
1.3792758551710342,PASSED,-0.27151074333419395,-0.008284891277597916,0.020658347675873136,2.686459379810603,0.04365097047065081,-0.1084197578407552
1.3802760552110422,PASSED,-0.27151901781006904,-0.008264104390316288,0.020872580352133196,2.6865029761156327,0.043541871613882836,-0.10955158938610696
1.3812762552510502,PASSED,-0.2715272713958912,-0.008243109159630353,0.021076997575133975,2.6865464627766853,0.043431671925360175,-0.11063175461369991
1.3822764552910582,PASSED,-0.2715355038882327,-0.008221915412748212,0.021271579753476103,2.686589838718823,0.043320423161136365,-0.11166010396387746
1.3832766553310663,PASSED,-0.27154371509350067,-0.008200532993427415,0.02145631236567871,2.6866331029188757,0.04320817713483878,-0.11263664118671737
1.3842768553710743,PASSED,-0.2715519048279511,-0.008178971756636906,0.021631186407060396,2.6866762544055507,0.04309498575236356,-0.11356121000087624
1.3852770554110823,PASSED,-0.2715600729176978,-0.008157241563855383,0.0217961970311639,2.6867192922594585,0.04298090095563208,-0.11443385455188444
1.3862772554510903,PASSED,-0.2715682191987154,-0.008135352276951517,0.021951346819002102,2.6867622156131366,0.04286597465342931,-0.11525460063669396
1.3872774554910983,PASSED,-0.27157634351683835,-0.008113313754097528,0.022096640210648444,2.68680502365106,0.042750258790950985,-0.11602337037275441
1.3882776555311063,PASSED,-0.2715844457277546,-0.008091135845159532,0.022232088089562018,2.686847715609591,0.04263380524799565,-0.11674032467706083
1.3892778555711143,PASSED,-0.27159252569699366,-0.008068828385132317,0.022357707985650448,2.6868902907769354,0.04251666580648569,-0.11740551939856288
1.3902780556111223,PASSED,-0.2716005832999109,-0.008046401190553845,0.0224735189736853,2.6869327484930494,0.04239889218797649,-0.11801901791629217
1.3912782556511303,PASSED,-0.27160861842166567,-0.008023864054748992,0.022579547025634323,2.6869750881495356,0.042280535988723826,-0.11858098681023894
1.3922784556911383,PASSED,-0.27161663095719574,-0.008001226741996227,0.02267582323751852,2.6870173091895055,0.0421616486285346,-0.1190916091085535
1.3932786557311463,PASSED,-0.27162462081118616,-0.00797849898335307,0.022762382246914126,2.687059411107429,0.04204228139169975,-0.11955098865237843
1.3942788557711543,PASSED,-0.27163258789803385,-0.007955690472537595,0.02283926319451314,2.6871013934489296,0.04192248533924873,-0.11995942831678254
1.3952790558111623,PASSED,-0.2716405321418072,-0.007932810860240329,0.0229065116991003,2.687143255810596,0.04180231131427421,-0.1203170894130082
1.3962792558511703,PASSED,-0.2716484534762013,-0.007909869749285814,0.02296417712479122,2.6871849978397364,0.041681809932407166,-0.12062424350307761
1.3972794558911783,PASSED,-0.27165635184448844,-0.007886876692224353,0.02301231035257508,2.687226619234121,0.04156103151346326,-0.12088120257111029
1.3982796559311863,PASSED,-0.27166422719946415,-0.007863841184808137,0.023050972125309103,2.6872681197417023,0.04144002609013007,-0.1210882371745873
1.3992798559711943,PASSED,-0.27167207950338873,-0.007840772661155241,0.023080224671289104,2.687309499160313,0.04131884340177129,-0.12124565581490805
1.4002800560112023,PASSED,-0.2716799087279247,-0.007817680491898326,0.023100132313998597,2.687350757337329,0.04119753281529588,-0.12135387358241762
1.4012802560512103,PASSED,-0.27168771485406945,-0.00779457397791354,0.02311076843197814,2.68739189416933,0.04107614334687007,-0.12141319832140123
1.4022804560912183,PASSED,-0.271695497872084,-0.007771462346131361,0.02311220734897862,2.6874329096017084,0.04095472363547936,-0.12142405343690531
1.4032806561312263,PASSED,-0.2717032577814176,-0.007748354746598717,0.023104527655088546,2.6874738036282952,0.04083332190923624,-0.1213868414472567
1.4042808561712343,PASSED,-0.2717109945906277,-0.0077252602472758815,0.023087813767998774,2.6875145762909196,0.04071198595433048,-0.12130203054475568
1.4052810562112423,PASSED,-0.2717187083172969,-0.007702187830489683,0.02306215213166365,2.687555227678996,0.04059076313414085,-0.12117001328622198
1.4062812562512503,PASSED,-0.2717263989879446,-0.00767914638890241,0.023027634557679776,2.6875957579290395,0.040469700325248464,-0.12099133929650432
1.4072814562912583,PASSED,-0.27173406663793614,-0.007656144721948637,0.022984355217833242,2.6876361672241997,0.04034884389965471,-0.12076648312526006
1.4082816563312663,PASSED,-0.2717417113113871,-0.007633191531808249,0.02293241342209095,2.6876764557937567,0.040228239750401205,-0.12049592667232834
1.4092818563712743,PASSED,-0.27174933306106414,-0.007610295419440937,0.022871911664125433,2.6877166239126065,0.040107933233662,-0.12018024345045555
1.4102820564112823,PASSED,-0.2717569319482825,-0.007587464881279611,0.02280295582612765,2.6877566719007087,0.03998796912453996,-0.11982001956974953
1.4112822564512904,PASSED,-0.27176450804279956,-0.007564708306176363,0.022725654621329222,2.6877966001225424,0.03986839166811343,-0.11941574766437595
1.4122824564912984,PASSED,-0.27177206142270527,-0.00754203397108676,0.02264012206845207,2.687836408986518,0.03974924451355361,-0.11896809249011102
1.4132826565313064,PASSED,-0.2717795921743086,-0.007519450037757103,0.02254647417046054,2.687876098944389,0.03963057068726436,-0.11847764882201456
1.4142828565713144,PASSED,-0.27178710039202114,-0.007496964550267327,0.02244482970265167,2.6879156704906415,0.03951241262565284,-0.11794500347120125
1.4152830566113224,PASSED,-0.27179458617823743,-0.007474585431154833,0.022335312052390074,2.6879551241618542,0.03939481210211904,-0.11737087024220152
1.4162832566513304,PASSED,-0.2718020496432118,-0.00745232047826405,0.02221804678304554,2.687994460536066,0.03927781024173873,-0.11675585380570432
1.4172834566913384,PASSED,-0.2718094909049325,-0.007430177361841467,0.022093162848941434,2.688033680232106,0.03916144751915748,-0.11610063509827907
1.4182836567313464,PASSED,-0.27181691008899284,-0.007408163622416179,0.021960790476185967,2.688072783908908,0.03904576367903998,-0.11540597679698139
1.4192838567713544,PASSED,-0.2718243073284588,-0.007386286666093538,0.021821066886945812,2.6881117722648353,0.03893079780683597,-0.1146724691420326
1.4202840568113624,PASSED,-0.271831682763735,-0.007364553763463117,0.02167412645940387,2.6881506460369553,0.038816588266100134,-0.11390092179835609
1.4212842568513704,PASSED,-0.27183903654242675,-0.007342972046648386,0.021520110384948655,2.6881894060003235,0.038703172654966186,-0.11309207069100512
1.4222844568913784,PASSED,-0.2718463688192004,-0.0073215485059900855,0.02135916084053671,2.6882280529672515,0.03859058787679096,-0.11224658316469756
1.4232846569313862,PASSED,-0.2718536797556405,-0.007300289987949339,0.02119142284088553,2.6882665877865475,0.03847887005440266,-0.11136531520403557
1.4242848569713942,PASSED,-0.271860969520105,-0.00727920319318644,0.021017042710909314,2.6883050113427593,0.03836805452620786,-0.11044900352197343
1.4252850570114022,PASSED,-0.27186823828757783,-0.0072582946735919255,0.020836170850251277,2.6883433245553965,0.03825817587673788,-0.10949841343530638
1.4262852570514102,PASSED,-0.27187548623951907,-0.00723757083035306,0.020648958164606962,2.68838152837815,0.03814926789744322,-0.10851435653423258
1.4272854570914182,PASSED,-0.2718827135637138,-0.007217037912128017,0.02045555826533265,2.6884196237980844,0.03804136355175698,-0.10749767178756925
1.4282856571314262,PASSED,-0.27188992045411764,-0.007196702012199989,0.02025612770315667,2.6884576118348313,0.0379344949947284,-0.10644914718925694
1.4292858571714342,PASSED,-0.2718971071107012,-0.007176569067431696,0.02005082281171659,2.688495493539767,0.037828693571937806,-0.10536960652482633
1.4302860572114422,PASSED,-0.2719042737392926,-0.007156644856293581,0.019839803355713538,2.688533269995194,0.03772398979150619,-0.1042598963694604
1.4312862572514502,PASSED,-0.2719114205514177,-0.0071369349964828625,0.019623230780721677,2.688570942313485,0.03762041329538074,-0.10312089596277725
1.4322864572914582,PASSED,-0.2719185477641392,-0.007117444943877836,0.019401267154563244,2.688608511636249,0.037517992896077865,-0.10195340152960607
1.4332866573314662,PASSED,-0.2719256555998938,-0.007098179991134608,0.019174076469004913,2.6886459791334603,0.03741675653683608,-0.1007583310499111
1.4342868573714742,PASSED,-0.271932744286328,-0.007079145265787151,0.01894182459975744,2.688683346002612,0.03731673129470941,-0.09953651617784208
1.4352870574114822,PASSED,-0.2719398140561328,-0.007060345728926769,0.018704678367465515,2.688720613467821,0.03721794335850949,-0.09828888288130568
1.4362872574514902,PASSED,-0.27194686514687616,-0.007041786173893798,0.018462806143307482,2.688757782778976,0.03712041806073744,-0.09701624103254851
1.4372874574914982,PASSED,-0.27195389780083523,-0.007023471226020217,0.018216375693762357,2.688794855210822,0.037024179814838826,-0.09571958247599142
1.4382876575315062,PASSED,-0.2719609122648275,-0.007005405340900289,0.017965558070705157,2.6888318320621005,0.036929252165237805,-0.09439969435104245
1.4392878575715142,PASSED,-0.2719679087900397,-0.006987592801952354,0.01771052619942004,2.6888687146546237,0.03683565774526197,-0.09305757039235366
1.4402880576115222,PASSED,-0.27197488763185745,-0.006970037722565449,0.017451448178560584,2.688905504332395,0.03674341827790242,-0.0916940653376861
1.4412882576515302,PASSED,-0.27198184904969275,-0.0069527440436810495,0.017188499354958846,2.6889422024606877,0.03665255459420331,-0.09031009594006663
1.4422884576915382,PASSED,-0.2719887933068116,-0.006935715531757645,0.016921853635702432,2.688978810425145,0.03656308660204812,-0.08890658963193004
1.4432886577315462,PASSED,-0.2719957206701602,-0.006918955780556917,0.016651682910747072,2.689015329630867,0.03647503330172324,-0.0874844407868522
1.4442888577715542,PASSED,-0.2720026314101916,-0.00690246821040006,0.01637816165426193,2.6890517615014815,0.036388412761298505,-0.08604460684998994
1.4452890578115622,PASSED,-0.2720095258006908,-0.006886256065608346,0.0161014668833495,2.6890881074782382,0.03630324214112116,-0.08458796239556984
1.4462892578515703,PASSED,-0.2720164041186006,-0.006870322416325248,0.015821770882931956,2.6891243690190887,0.036219537692565654,-0.08311543932879932
1.4472894578915783,PASSED,-0.2720232666438461,-0.006854670157805494,0.015539250277635759,2.6891605475977514,0.03613731471051296,-0.08162801053528379
1.4482896579315863,PASSED,-0.27203011365915986,-0.006839302009780641,0.015254079856329044,2.689196644702806,0.03605658759391218,-0.0801265206444486
1.4492898579715943,PASSED,-0.2720369454499065,-0.006824220516404835,0.014966435722122069,2.6892326618367584,0.03597736982140274,-0.07861194041943699
1.4502900580116023,PASSED,-0.2720437623039078,-0.00680942804752962,0.014676490977278769,2.6892686005151116,0.035899673908969996,-0.07708522710827452
1.4512902580516103,PASSED,-0.27205056451126725,-0.006794926797389541,0.014384422915278777,2.6893044622654703,0.035823511508427816,-0.0755471828314507
1.4522904580916183,PASSED,-0.2720573523641951,-0.006780718784782525,0.014090405734840139,2.6893402486265794,0.035748893307658694,-0.07399887939423384
1.4532906581316263,PASSED,-0.2720641261568342,-0.006766805855515427,0.013794611621937762,2.689375961147436,0.03567582907004268,-0.07244114309720592
1.4542908581716343,PASSED,-0.27207088618508485,-0.006753189680033531,0.013497218055201009,2.6894116013863556,0.03560432768519632,-0.07087487934579006
1.4552910582116423,PASSED,-0.2720776327464319,-0.006739871755508079,0.013198395505617822,2.689447170910058,0.035534397089753485,-0.0693010728408712
1.4562912582516503,PASSED,-0.2720843661397709,-0.006726853406587309,0.01289831786420631,2.689482671292756,0.035466044307187174,-0.06772058904993708
1.4572914582916583,PASSED,-0.27209108666523546,-0.006714135784724517,0.012597157861848894,2.689518104115238,0.03539927547338438,-0.06613433030469165
1.4582916583316663,PASSED,-0.27209779462402556,-0.006701719870554152,0.012295085042708868,2.6895534709639737,0.035334095817055586,-0.06454320701152387
1.4592918583716743,PASSED,-0.2721044903182361,-0.0066896064737801955,0.011992271261455465,2.689588773430205,0.03527050965452399,-0.06294813287831444
1.4602920584116823,PASSED,-0.2721111740506866,-0.006677796233328903,0.011688886577852213,2.689624013109043,0.0352085204035672,-0.061349996342445555
1.4612922584516903,PASSED,-0.2721178461247521,-0.006666289620723259,0.011385096624171443,2.6896591915985817,0.0351481306060933,-0.05974966489486623
1.4622924584916983,PASSED,-0.2721245068441945,-0.006655086939050008,0.011081071705969954,2.6896943104990103,0.03508934191722257,-0.058148038187966385
1.4632926585317063,PASSED,-0.2721311565129957,-0.0066441883239475984,0.010776977366703093,2.6897293714117247,0.035032155096189635,-0.05654600959624584
1.4642928585717143,PASSED,-0.2721377954351912,-0.006633593746914571,0.010472976810578374,2.689764375938468,0.03497657005863002,-0.054944389535192754
1.4652930586117223,PASSED,-0.27214442391470584,-0.006623303015348228,0.01016923473685228,2.689799325680435,0.03492258582268191,-0.05334413355672742
1.4662932586517303,PASSED,-0.27215104225519,-0.006613315772352738,0.009865915167915858,2.6898342222374385,0.03487020056727204,-0.05174600331195457
1.4672934586917383,PASSED,-0.27215765075985743,-0.0066036315008979295,0.009563175646069993,2.689869067207039,0.034819411634652894,-0.05015088549061665
1.4682936587317463,PASSED,-0.2721642497313254,-0.006594249525145555,0.009261175823243555,2.6899038621837006,0.034770215486639805,-0.04855965636141336
1.4692938587717543,PASSED,-0.27217083947145504,-0.00658516900879533,0.008960076701546246,2.6899386087579513,0.03472260776880005,-0.04697309215865381
1.4702940588117623,PASSED,-0.2721774202811947,-0.0065763889606449836,0.008660029116213674,2.6899733085155626,0.03467658333031535,-0.045392002702059536
1.4712942588517703,PASSED,-0.2721839924604234,-0.006567908234880237,0.008361190197101074,2.690007963036711,0.03463213615130443,-0.043817296550162345
1.4722944588917783,PASSED,-0.2721905563077981,-0.00655972553145593,0.008063712242444556,2.6900425738951865,0.03458925943474645,-0.042249663229843894
1.4732946589317863,PASSED,-0.27219711212060066,-0.006551839400185685,0.00776774395544621,2.690077142657573,0.03454794559714399,-0.04068995385086616
1.4742948589717944,PASSED,-0.2722036601945882,-0.006544248241582162,0.007473435035574247,2.6901116708824677,0.03450818623863743,-0.039138961610344955
1.4752950590118024,PASSED,-0.272210200823845,-0.006536950308694709,0.007180931455372405,2.690146160119693,0.034469972197069196,-0.03759742820683783
1.4762952590518104,PASSED,-0.27221673430063587,-0.006529943709505295,0.006890377678774639,2.69018061190953,0.034433293556823126,-0.036066114938891065
1.4772954590918184,PASSED,-0.2722232609152626,-0.006523226409143711,0.006601915483456252,2.6902150277819565,0.03439813963160595,-0.034545798736044686
1.4782956591318264,PASSED,-0.2722297809559215,-0.006516796231542111,0.006315685680364131,2.690249409255892,0.03436449898010883,-0.03303722000451687
1.4792958591718344,PASSED,-0.2722362947085641,-0.00651065086226083,0.006031825015224052,2.69028375783847,0.03433235946165361,-0.03154105075567295
1.4802960592118424,PASSED,-0.27224280245675925,-0.006504787850301603,0.0057504699218961855,2.6903180750243068,0.03430170820061323,-0.030058067896857346
1.4812962592518504,PASSED,-0.2722493044815582,-0.0064992046107149384,0.005471752696509979,2.6903523622947842,0.034272531589754775,-0.028588972832852368
1.4822964592918584,PASSED,-0.2722558010613616,-0.006493898426774819,0.005195804769191489,2.6903866211173595,0.03424481537045341,-0.027134383613708984
1.4832966593318664,PASSED,-0.2722622924717889,-0.006488866452525977,0.004922753901941186,2.6904208529448708,0.0342185445881129,-0.02569504815836785
1.4842968593718744,PASSED,-0.2722687789855508,-0.006484105715482242,0.00465272580493267,2.6904550592148517,0.034193703577355856,-0.02427165248949103
1.4852970594118824,PASSED,-0.2722752608723232,-0.006479613118661824,0.0043858441640742835,2.6904892413488875,0.03417027607558802,-0.022864734620065382
1.4862972594518904,PASSED,-0.2722817383986246,-0.006475385443190173,0.00412222967670242,2.690523400751947,0.03414824515688222,-0.021475041429621082
1.4872974594918984,PASSED,-0.2722882118276957,-0.006471419351798973,0.003861999200866537,2.690557538811769,0.034127593250021675,-0.02010315048116357
1.4882976595319064,PASSED,-0.2722946814193815,-0.006467711390267055,0.0036052697526189415,2.690591656898217,0.034108302183179826,-0.018749677748977858
1.4892978595719144,PASSED,-0.27230114743001654,-0.0064642579907347635,0.003352152718739621,2.690625756362691,0.0340903531955645,-0.017415194192899212
1.4902980596119224,PASSED,-0.2723076101123122,-0.0064610554747148285,0.0031027582207328905,2.6906598385375173,0.03407372691257056,-0.01610034219463108
1.4912982596519304,PASSED,-0.2723140697152474,-0.006458100054996432,0.0028571940501714416,2.6906939047353884,0.034058403410123284,-0.014805609282368608
1.4922984596919384,PASSED,-0.2723205264839616,-0.006455387839176024,0.0026155636672331277,2.690727956248786,0.03404436221187243,-0.013531590896508546
1.4932986597319464,PASSED,-0.2723269806596507,-0.0064529148321740394,0.0023779692251519836,2.690761994349429,0.03403158226315843,-0.01227885392566833
1.4942988597719544,PASSED,-0.2723334324794665,-0.006450676939753896,0.0021445078834714327,2.6907960202877543,0.03402004202584389,-0.011047826240460155
1.4952990598119624,PASSED,-0.27233988217641764,-0.006448669970198302,0.0019152773370104334,2.690830035292381,0.03400971943881779,-0.00983909421654294
1.4962992598519704,PASSED,-0.2723463299792747,-0.006446889637815501,0.0016903690799953647,2.690864040569622,0.03400059192072217,-0.008653134014996431
1.4972994598919784,PASSED,-0.2723527761124779,-0.006445331566716795,0.001469872444512903,2.6908980373029787,0.033992636431767025,-0.0074903922485637315
1.4982996599319864,PASSED,-0.27235922079604713,-0.006443991292463691,0.0012538754588318492,2.6909320266526864,0.033985829476185635,-0.006351331136615784
1.4992998599719944,PASSED,-0.272365664245496,-0.006442864265458418,0.0010424613695672348,2.6909660097552432,0.033980147083920685,-0.005236433017173504
1.5003000600120024,PASSED,-0.2723721066717483,-0.006441945855107535,0.0008357096717601764,2.6909999877229773,0.03397556486162642,-0.004146081812307596
1.5013002600520104,PASSED,-0.2723785482810573,-0.006441231350997843,0.0006337004016478429,2.6910339616436163,0.033972058012149406,-0.0030806945868293444
1.5023004600920185,PASSED,-0.2723849892749285,-0.006440715966756481,0.0004365068011721815,2.6910679325798847,0.033969601323301526,-0.002040685021917269
1.5033006601320265,PASSED,-0.27239142985004555,-0.006440394844292884,0.0002441995718800983,2.6911019015691,0.03396816918667219,-0.0010264377009391703
1.5043008601720345,PASSED,-0.2723978701981985,-0.006440263054805328,5.684943133922297e-05,2.6911358696228134,0.0339677356611566,-3.825072535519784e-05
1.5053010602120425,PASSED,-0.2724043105062163,-0.0064403156032165594,-0.00012548030627837557,2.691169837726432,0.0339682744282595,0.0009234456550570826
1.5063012602520505,PASSED,-0.27241075095590106,-0.0064405474309464925,-0.00030272601236866345,2.691203806838881,0.03396975881382369,0.0018583455036158196
1.5073014602920585,PASSED,-0.2724171917239666,-0.006440953419084004,-0.0004748295542734891,2.691237777892278,0.03397216187019015,0.00276619694169113
1.5083016603320665,PASSED,-0.27242363298197964,-0.0064415283915733364,-0.0006417344460381353,2.6912717517916227,0.03397545632968095,0.0036466345235409616
1.5093018603720745,PASSED,-0.27243007489630383,-0.006442267117932377,-0.0008033876343763463,2.691305729414497,0.03397961460783571,0.004499373908900671
1.5103020604120825,PASSED,-0.2724365176280473,-0.006443164316912566,-0.0009597398773971749,2.6913397116107967,0.033984608895644204,0.0053242304082214515
1.5113022604520905,PASSED,-0.2724429613330135,-0.0064442146595105375,-0.0011107444116868414,2.69137369920245,0.03399041110308497,0.006120858795796153
1.5123024604920985,PASSED,-0.2724494061616544,-0.006445412771683647,-0.001256357347391835,2.6914076929832,0.033996992907498226,0.006889101491558738
1.5133026605321065,PASSED,-0.2724558522590279,-0.006446753238070692,-0.0013965390801474336,2.6914416937183465,0.034004325767867695,0.007628699621409465
1.5143028605721145,PASSED,-0.27246229976475755,-0.006448230605011543,-0.0015312521813210472,2.691475702144563,0.03401238094967742,0.008339503268609653
1.5153030606121225,PASSED,-0.27246874881299565,-0.006449839383205144,-0.0016604622017886337,2.6915097189696775,0.034021129515902825,0.009021274863272631
1.5163032606521305,PASSED,-0.2724751995323897,-0.006451574051260288,-0.0017841386240481328,2.6915437448725035,0.03403054235248332,0.00967387772530322
1.5173034606921385,PASSED,-0.27248165204605157,-0.0064534290589701535,-0.0019022537670765076,2.6915777805026817,0.03404059022297192,0.010297198997470678
1.5183036607321465,PASSED,-0.2724881064715302,-0.0064553988299646285,-0.0020147824794074154,2.6916118264805244,0.03405124372526432,0.01089103782235373
1.5193038607721545,PASSED,-0.272494562920787,-0.006457477764838858,-0.002121703137442311,2.6916458833968915,0.034062473330990724,0.011455317662428252
1.5203040608121625,PASSED,-0.2725010215001747,-0.006459660245008475,-0.002222998191065942,2.6916799518130765,0.03407424943696956,0.011989964856438332
1.5213042608521705,PASSED,-0.27250748231041905,-0.0064619406349010165,-0.002318651026858317,2.691714032260709,0.034086542327477105,0.012494840941628118
1.5223044608921785,PASSED,-0.2725139454466038,-0.00646431328488174,-0.0024086492833008386,2.691748125241669,0.03409932220542477,0.012969902618355155
1.5233046609321865,PASSED,-0.27252041099815827,-0.006466772535383383,-0.002492984647206944,2.691782231228032,0.034112559248361075,0.013415136481603475
1.5243048609721945,PASSED,-0.2725268790488488,-0.0064693127192380255,-0.002571649992932094,2.691816350662011,0.03412622357062905,0.013830446125558797
1.5253050610122025,PASSED,-0.27253334967677223,-0.00647192816425318,-0.00264464169663603,2.6918504839559216,0.034140285246963255,0.014215829806632416
1.5263052610522105,PASSED,-0.272539822954353,-0.006474613196910566,-0.0027119599645514083,2.691884631492181,0.034154714390479866,0.014571352656593616
1.5273054610922185,PASSED,-0.27254629894834315,-0.0064773621456373975,-0.0027736079016849563,2.6919187936232847,0.03416948107717146,0.014896909381584124
1.5283056611322265,PASSED,-0.27255277771982533,-0.006480169342489824,-0.0028295894862548545,2.6919529706718364,0.034184555407718344,0.015192611323754455
1.5293058611722345,PASSED,-0.2725592593242182,-0.0064830291266355245,-0.0028799139186647996,2.6919871629305714,0.034199907554653006,0.015458504008587148
1.5303060612122426,PASSED,-0.27256574381128545,-0.006485935848462154,-0.002924593765271953,2.6920213706624017,0.034215507708389784,0.015694586888903336
1.5313062612522506,PASSED,-0.2725722312251474,-0.006488883870676643,-0.00296364118063432,2.692055594100472,0.03423132612361454,0.015900967448649432
1.5323064612922586,PASSED,-0.2725787216042952,-0.006491867571326807,-0.002997073629849828,2.6920898334482493,0.03424733318345793,0.01607778810654155
1.5333066613322666,PASSED,-0.27258521498160854,-0.006494881348342723,-0.0030249126066253214,2.6921240888795923,0.03426349931735918,0.016225031097737905
1.5343068613722746,PASSED,-0.2725917113843752,-0.0064979196204869175,-0.0030471785025735134,2.692158360538872,0.034279795077176496,0.016342912297024864
1.5353070614122826,PASSED,-0.2725982108343142,-0.006500976830207392,-0.003063897199074026,2.692192648541087,0.03429619117964942,0.016431562590180193
1.5363072614522904,PASSED,-0.27260471334760117,-0.00650404744767826,-0.0030750976520636164,2.69222695297199,0.034312658433108954,0.01649104737243903
1.5373074614922984,PASSED,-0.2726112189348968,-0.006507125972667894,-0.003080809881348873,2.6922612738882474,0.03432916781645753,0.016521607332657288
1.5383076615323064,PASSED,-0.27261772760137754,-0.00651020693627543,-0.003081066091661094,2.6922956113175878,0.03434569049733892,0.01652339658054312
1.5393078615723144,PASSED,-0.2726242393467691,-0.006513284905135006,-0.003075904038187655,2.692329965258992,0.034362197806664045,0.016496584488187443
1.5403080616123224,PASSED,-0.27263075416538274,-0.006516354483385046,-0.003065361057941384,2.6923643356828713,0.03437866126923582,0.016441381294154792
1.5413082616523304,PASSED,-0.2726372720461538,-0.006519410314704508,-0.00304947816047671,2.6923987225312755,0.034395052629437366,0.016358012806468064
1.5423084616923384,PASSED,-0.2726437929726829,-0.006522447085201079,-0.0030282987206327852,2.6924331257181056,0.03441134385068274,0.01624669353797052
1.5433086617323464,PASSED,-0.27265031692327946,-0.006525459526029879,-0.003001868900913768,2.6924675451293467,0.03442750713131135,0.0161076720223765
1.5443088617723544,PASSED,-0.27265684387100797,-0.006528442415651885,-0.002970236769399019,2.69250198062331,0.0344435149220224,0.01594120317016331
1.5453090618123624,PASSED,-0.2726633737837363,-0.006531390581833628,-0.002933452456638174,2.692536432030883,0.0344593399259529,0.015747537770738593
1.5463092618523704,PASSED,-0.27266990662418644,-0.006534298904559387,-0.002891569571839832,2.6925708991557995,0.034474955123018576,0.015526969928948513
1.5473094618923784,PASSED,-0.27267644234998767,-0.006537162317911293,-0.0028446425386182707,2.6926053817749165,0.03449033378330477,0.015279787191031364
1.5483096619323864,PASSED,-0.27268298091373194,-0.0065399758127861135,-0.002792729765621883,2.692639879638509,0.03450544946916965,0.015006284980757631
1.5493098619723944,PASSED,-0.27268952226303117,-0.006542734438089441,-0.0027358889951315042,2.692674392470568,0.034520276048520766,0.014706775598023457
1.5503100620124024,PASSED,-0.2726960663405773,-0.0065454333038204,-0.0026741835548441417,2.692708919969117,0.03453478771319648,0.01438159072750627
1.5513102620524104,PASSED,-0.2727026130842038,-0.0065480675831936,-0.002607676585437628,2.6927434618065416,0.0345489589926813,0.014031071989703988
1.5523104620924184,PASSED,-0.2727091624269498,-0.006550632513724415,-0.0025364331610674682,2.692778017629912,0.034562764734989426,0.013655522520401711
1.5533106621324264,PASSED,-0.2727157142971259,-0.00655312340022259,-0.0024605220562475653,2.692812587061341,0.03457618015664849,0.013255354418164667
1.5543108621724344,PASSED,-0.2727222686183818,-0.0065555356163131545,-0.0023800121134417485,2.692847169698343,0.03458918085512074,0.012830927841643901
1.5553110622124424,PASSED,-0.2727288253097766,-0.006557864606085207,-0.002294974877792981,2.692881765114192,0.034601742759391284,0.012382555223144853
1.5563112622524504,PASSED,-0.27273538428585004,-0.00656010588640652,-0.0022054839503256973,2.6929163728583045,0.03461384219703579,0.011910692592078791
1.5573114622924584,PASSED,-0.2727419454566962,-0.006562255049029076,-0.0021116150707091853,2.6929509924566273,0.0346254559151154,0.011415735071305024
1.5583116623324664,PASSED,-0.27274850872803863,-0.006564307761023482,-0.002013443276870488,2.69298562341203,0.034636561022193965,0.010898021750073698
1.5593118623724744,PASSED,-0.2727550740013073,-0.006566259767207455,-0.0019110481220411574,2.693020265204708,0.03464713503636975,0.010358009126253096
1.5603120624124824,PASSED,-0.27276164117371726,-0.006568106892974439,-0.001804510863612462,2.6930549172926064,0.034657155937851014,0.009796163051261002
1.5613122624524904,PASSED,-0.272768210138349,-0.006569845043534424,-0.0016939103575668146,2.693089579111834,0.034666602100377975,0.009212828844091466
1.5623124624924984,PASSED,-0.27277478078422995,-0.0065714702068952946,-0.00157933202974042,2.6931242500770938,0.03467545231279072,0.008608468125176481
1.5633126625325064,PASSED,-0.27278135299641815,-0.0065729784561364794,-0.0014608607154805537,2.693158929582126,0.034683685852581934,0.007983587568571898
1.5643128625725145,PASSED,-0.2727879266560864,-0.006574365948102461,-0.001338579466315643,2.6931936170001523,0.034691282429108856,0.007338569165819731
1.5653130626125225,PASSED,-0.27279450164060903,-0.006575628927206498,-0.0012125788625187764,2.6932283116843254,0.03469822218056395,0.0066738729812739475
1.5663132626525305,PASSED,-0.2728010778236488,-0.006576763726918402,-0.0010829469448263471,2.6932630129681994,0.03470448575376457,0.0059900400135134155
1.5673134626925385,PASSED,-0.2728076550752463,-0.00657776676895329,-0.0009497720949300525,2.6932977201661847,0.034710054246064,0.005287460490040291
1.5683136627325465,PASSED,-0.27281423326190907,-0.006578634565174675,-0.0008131456390231684,2.693332432574038,0.034714909225932525,0.004566659454190379
1.5693138627725545,PASSED,-0.2728208122467035,-0.006579363720457484,-0.0006731617119991613,2.693367149469329,0.034719032758012254,0.003828113830088067
1.5703140628125625,PASSED,-0.2728273918893467,-0.006579950932129088,-0.000529911644672677,2.6934018701119222,0.03472240737336233,0.003072283030061023
1.5713142628525705,PASSED,-0.2728339720462998,-0.006580392990561762,-0.0003834896246752344,2.693436593744489,0.03472501613092621,0.0022997405864289442
1.5723144628925785,PASSED,-0.2728405525708623,-0.0065806867815170434,-0.0002339918423522046,2.6934713195929887,0.03472684257752735,0.0015109172776193005
1.5733146629325865,PASSED,-0.2728471333132677,-0.006580829287148327,-8.151482390358406e-05,2.693506046867174,0.034727870735503055,0.0007063184410930426
1.5743148629725945,PASSED,-0.2728537141207791,-0.006580817584740566,7.384722887054575e-05,2.693540774761099,0.03472808517327703,-0.00011348267076664445
1.5753150630126025,PASSED,-0.2728602948377863,-0.006580648849667868,0.00023199363525038823,2.6935755024536276,0.03472747096467035,-0.000948025897294664
1.5763152630526105,PASSED,-0.272866875305904,-0.00658032035647716,0.0003928262276792326,2.6936102291089603,0.034726013692816804,-0.0017967691577038458
1.5773154630926185,PASSED,-0.2728734553640697,-0.0065798294766677016,0.0005562488639786136,2.693644953877129,0.034723699449179794,-0.0026592266232064823
1.5783156631326265,PASSED,-0.2728800348486434,-0.006579173682201267,0.0007221582014051716,2.6936796758945447,0.03472051487547525,-0.0035348050921091396
1.5793158631726345,PASSED,-0.27288661359350697,-0.006578350545696462,0.0008904553737376331,2.6937143942845125,0.03471644714336916,-0.004423016782077641
1.5803160632126425,PASSED,-0.27289319143016433,-0.006577357739039673,0.0010610408454900183,2.693749108157762,0.034711483924387436,-0.005323353781480758
1.5813162632526505,PASSED,-0.27289976818784295,-0.006576193036115144,0.0012338109772205969,2.693783816612973,0.03470561343511024,-0.006235246274338883
1.5823164632926585,PASSED,-0.2729063436935945,-0.006574854312231021,0.0014086658220576664,2.693818518737324,0.034698824458371635,-0.007158130381463412
1.5833166633326665,PASSED,-0.2729129177723967,-0.006573339543857862,0.0015855034072277284,2.6938532136070084,0.03469110626556596,-0.008091567755154653
1.5843168633726745,PASSED,-0.2729194902472551,-0.006571646809985161,0.0017642208496827963,2.6938879002877916,0.03468244868760784,-0.009034918093424223
1.5853170634126825,PASSED,-0.2729260609393057,-0.006569774292499473,0.0019447152430251673,2.693922577835535,0.03467284211457081,-0.009987676332774137
1.5863172634526905,PASSED,-0.27293262966791704,-0.006567720275063208,0.0021268855650911707,2.693957245296749,0.03466227745032721,-0.010949322850812827
1.5873174634926985,PASSED,-0.27293919625079327,-0.0065654831443601415,0.002310627461715974,2.693991901709121,0.03465074613999218,-0.011919301991183021
1.5883176635327065,PASSED,-0.2729457605040762,-0.0065630613899211815,0.0024958390904560646,2.6940265461020676,0.03463824019066051,-0.012897047558660205
1.5893178635727145,PASSED,-0.272952322242449,-0.0065604536040955825,0.0026824169823610067,2.694061177497278,0.03462475215117558,-0.01388203410244207
1.5903180636127225,PASSED,-0.2729588812792382,-0.006557658481942249,0.00287025893398123,2.694095794909244,0.03461027508417456,-0.014873755600065377
1.5913182636527305,PASSED,-0.272965437426517,-0.006554674821291692,0.0030592617949407666,2.694130397345818,0.03459480262127095,-0.015871601105971606
1.5923184636927386,PASSED,-0.2729719904952076,-0.006551501522483531,0.0032493234836405527,2.69416498380874,0.03457832893547219,-0.01687507559394449
1.5933186637327466,PASSED,-0.27297854029518404,-0.00654813758890127,0.0034403403146750543,2.6941995532941903,0.03456084872113285,-0.01788364016960546
1.5943188637727546,PASSED,-0.2729850866353741,-0.006544582125102523,0.0036322127881262692,2.6942341047933183,0.034542357220666134,-0.01889674066479913
1.5953190638127626,PASSED,-0.2729916293238616,-0.006540834337934515,0.0038248367545948535,2.6942686372927964,0.03452285023599573,-0.019913814007478495
1.5963192638527706,PASSED,-0.2729981681679883,-0.006536893536642323,0.00401811098392444,2.6943031497753354,0.03450232406397874,-0.0209344106899978
1.5973194638927786,PASSED,-0.2730047029744547,-0.00653275913048777,0.00421193626830569,2.694337641220242,0.03448077556345758,-0.021957893741952363
1.5983196639327866,PASSED,-0.27301123354942197,-0.006528430630120062,0.004406209767309574,2.6943721106039358,0.03445820213148939,-0.02298379078568827
1.5993198639727946,PASSED,-0.27301775969861136,-0.006523907646466065,0.004600832911787588,2.6944065569004816,0.03443460165950942,-0.024011592776154857
1.6003200640128026,PASSED,-0.273024281227405,-0.006519189889898203,0.004795705671912461,2.69444097908213,0.03440997260462499,-0.02504069628994052
1.6013202640528106,PASSED,-0.2730307979409453,-0.006514277170430047,0.0049907286656507436,2.694475376119825,0.034384313927979235,-0.026070663549636386
1.6023204640928186,PASSED,-0.27303730964423345,-0.00650916939633963,0.005185804373594252,2.6945097469837385,0.034357625104108745,-0.0271009307510541
1.6033206641328266,PASSED,-0.2730438161422279,-0.006503866573785083,0.005380834675181631,2.6945440906437805,0.03432990614101848,-0.028130984649722954
1.6043208641728346,PASSED,-0.27305031723994194,-0.006498368806324913,0.005575722650163313,2.6945784060701263,0.03430115756200586,-0.029160308587878377
1.6053210642128426,PASSED,-0.2730568127425405,-0.006492676293907937,0.005770372261517368,2.6946126922337053,0.034271380366123615,-0.03018845407848602
1.6063212642528506,PASSED,-0.2730633024554358,-0.00648678933149647,0.005964689178100504,2.694646948106738,0.034240576101343734,-0.031214805247477998
1.6073214642928586,PASSED,-0.27306978618438305,-0.006480708309875838,0.006158576582319345,2.694681172663205,0.03420874678944183,-0.032238983004857565
1.6083216643328666,PASSED,-0.27307626373557464,-0.006474433713470794,0.006351942953525828,2.6947153648793774,0.034175894947669316,-0.0332604142842887
1.6093218643728746,PASSED,-0.2730827349157333,-0.00646796611833616,0.006544696588705685,2.6947495237342864,0.03414202360462907,-0.03427862887754929
1.6103220644128826,PASSED,-0.27308919953220484,-0.006461306194110931,0.006736742649577387,2.6947836482102234,0.03410713624967093,-0.035293172345203176
1.6113222644528906,PASSED,-0.27309565739304953,-0.006454454701486241,0.0069279926080988334,2.694817737293217,0.03407123686179123,-0.03630353156936392
1.6123224644928986,PASSED,-0.27310210830713266,-0.006447412489688059,0.00711835792490393,2.6948517899735203,0.034034329912221765,-0.037309228236205395
1.6133226645329066,PASSED,-0.2731085520842136,-0.006440180497271669,0.007307748744046511,2.6948858052460674,0.0339964203103927,-0.03830985089097044
1.6143228645729146,PASSED,-0.2731149885350345,-0.0064327597518327685,0.007496076568804284,2.694919782110955,0.03395751344460374,-0.03930487572094634
1.6153230646129226,PASSED,-0.27312141747140717,-0.006425151365828607,0.007683258961066079,2.6949537195738897,0.03391761516888673,-0.04029387571438329
1.6163232646529306,PASSED,-0.273127838706299,-0.006417356537400134,0.0078692080734101,2.6949876166466598,0.03387673178570934,-0.04127638815273553
1.6173234646929386,PASSED,-0.27313425205391784,-0.006409376549935213,0.00805384039259464,2.6950214723475576,0.033834870015395646,-0.0422520250876639
1.6183236647329466,PASSED,-0.2731406573297953,-0.00640121276820157,0.008237075961009643,2.695055285701844,0.03379203704603957,-0.04322026553501881
1.6193238647729546,PASSED,-0.2731470543508691,-0.006392866639194312,0.008418831038089769,2.6950890557421703,0.03374824050160959,-0.04418073035995327
1.6203240648129626,PASSED,-0.273153442935564,-0.00638433969066082,0.008599026863759322,2.695122781509005,0.03370348839008616,-0.045133032299080035
1.6213242648529707,PASSED,-0.2731598229038708,-0.006375633527845371,0.00877758678324321,2.6951564620510653,0.033657789176345536,-0.046076668034994606
1.6223244648929787,PASSED,-0.27316619407742554,-0.006366749834605937,0.008954430876893824,2.6951900964257143,0.033611151723034825,-0.047011310161181756
1.6233246649329867,PASSED,-0.27317255627958503,-0.006357690370686072,0.009129485948511934,2.695223683699374,0.033563585269788795,-0.047936548635940754
1.6243248649729947,PASSED,-0.27317890933550315,-0.006348456969794718,0.009302677519915271,2.695257222947933,0.033515099498722646,-0.048851919352959676
1.6253250650130027,PASSED,-0.2731852530722038,-0.006339051538985703,0.009473933001746962,2.6952907132571173,0.03346570444145393,-0.04975714921255836
1.6263252650530107,PASSED,-0.27319158731865417,-0.0063294760573967684,0.009643180647061026,2.695324153722886,0.03341541049921219,-0.05065180426117509
1.6273254650930187,PASSED,-0.27319791190583465,-0.006319732573785046,0.009810352254829804,2.695357543451805,0.03336422849208278,-0.051535475708240096
1.6283256651330267,PASSED,-0.2732042266668089,-0.006309823205256326,0.009975379377981354,2.6953908815614107,0.03331216956579453,-0.052407893341592585
1.6293258651730347,PASSED,-0.2732105314367909,-0.006299750136113328,0.010138195653008037,2.6954241671805588,0.033259245193923884,-0.05326869089002251
1.6303260652130427,PASSED,-0.27321682605321157,-0.006289515616032361,0.010298736366272314,2.6954573994497983,0.033205467272981584,-0.054117407643813474
1.6313262652530507,PASSED,-0.2732231103557829,-0.006279121958123004,0.010456938938080189,2.6954905775216833,0.03315084797559074,-0.0549538905555437
1.6323264652930587,PASSED,-0.27322938418656095,-0.0062685715376102095,0.010612741562603868,2.695523700561126,0.033095399792583774,-0.055777711307912405
1.6333266653330667,PASSED,-0.2732356473900072,-0.006257866790238842,0.010766084577210074,2.6955567677457117,0.03303913559457785,-0.056588522471271614
1.6343268653730747,PASSED,-0.273241899813048,-0.006247010210432379,0.010916909959298374,2.695589778266021,0.03298206852701927,-0.057386097616774746
1.6353270654130827,PASSED,-0.27324814130513203,-0.006236004349295678,0.011065161921635557,2.6956227313259227,0.032924212004534416,-0.05817013906357725
1.6363272654530907,PASSED,-0.2732543717182871,-0.006224851813574219,0.011210784921341277,2.6956556261428837,0.03286557979255386,-0.058940260591886666
1.6373274654930987,PASSED,-0.27326059090717403,-0.006213555263404674,0.01135372700168132,2.6956884619482486,0.03280618592078411,-0.059696279221655935
1.6383276655331067,PASSED,-0.2732667987291396,-0.006202117410639011,0.011493936608315849,2.6957212379875286,0.03274604467067217,-0.06043789737213032
1.6393278655731147,PASSED,-0.27327299504426733,-0.006190541017522661,0.011631364121704842,2.695753953520652,0.03268517060133908,-0.061164850640389304
1.6403280656131227,PASSED,-0.27327917971542665,-0.006178828893869333,0.011765963341077573,2.6957866078222477,0.03262357855026715,-0.06187685135961967
1.6413282656531307,PASSED,-0.27328535260832015,-0.00616698389644275,0.011897686816919172,2.6958192001818753,0.03256128356731801,-0.06257373734217239
1.6423284656931387,PASSED,-0.2732915135915295,-0.006155008927029798,0.012026491143640251,2.695851729904284,0.03249830095043044,-0.0632552032511732
1.6433286657331467,PASSED,-0.2732976625365587,-0.006142906929438897,0.012152335222409561,2.695884196309629,0.03243464623843064,-0.0639210511655365
1.6443288657731547,PASSED,-0.2733037993178766,-0.006130680888870669,0.012275177465438119,2.6959165987337026,0.03237033516670101,-0.06457108543902902
1.6453290658131627,PASSED,-0.2733099238129565,-0.006118333830346545,0.012394979229914718,2.695948936528151,0.03230538369556487,-0.06520506160086885
1.6463292658531707,PASSED,-0.27331603590231485,-0.006105868815258847,0.012511705659553327,2.6959812090606565,0.032239807961630916,-0.06582284882268206
1.6473294658931787,PASSED,-0.2733221354695477,-0.00609328894119817,0.012625319661426401,2.6960134157151625,0.032173624320819466,-0.06642416880395968
1.6483296659331867,PASSED,-0.27332822240136506,-0.006080597339723076,0.012735789350872483,2.6960455558920264,0.032106849286064866,-0.06700894538836606
1.6493298659731948,PASSED,-0.273334296587624,-0.006067797173586608,0.01284308399352998,2.696077629008214,0.03203949953188985,-0.06757696003277473
1.6503300660132025,PASSED,-0.2733403579213596,-0.006054891635865122,0.01294717354012522,2.6961096344974593,0.031971591928950376,-0.0681280315439467
1.6513302660532105,PASSED,-0.27334640629881374,-0.0060418839481863485,0.013048030437871666,2.6961415718104056,0.031903143449627726,-0.06866211117512644
1.6523304660932185,PASSED,-0.2733524416194629,-0.006028777358074988,0.013145629893686237,2.696173440414777,0.031834171242703775,-0.06917893742317188
1.6533306661332265,PASSED,-0.2733584637860433,-0.006015575137794182,0.013239947205552943,2.69620523979548,0.03176469257191103,-0.06967849303913734
1.6543308661732345,PASSED,-0.27336447270457426,-0.0060022805820301355,0.013330961469708363,2.6962369694547634,0.03169472482456158,-0.07016058355632086
1.6553310662132426,PASSED,-0.27337046828438033,-0.005988897006617425,0.013418651374711031,2.696268628912307,0.031624285499330176,-0.07062515301479638
1.6563312662532506,PASSED,-0.2733764504381111,-0.0059754277463189235,0.01350299958102893,2.696300217705333,0.03155339217706334,-0.07107210176820675
1.6573314662932586,PASSED,-0.273382419081759,-0.005961876152450627,0.013583990059808058,2.6963317353887204,0.0314820625767855,-0.07150126595092667
1.6583316663332666,PASSED,-0.27338837413467576,-0.005948245592566939,0.013661606432942506,2.6963631815350637,0.03141031445297183,-0.07191269572217154
1.6593318663732746,PASSED,-0.273394315519587,-0.005934539447295769,0.0137358378299874,2.6963945557347695,0.03133816563424027,-0.0723062340711427
1.6603320664132826,PASSED,-0.2734002431626042,-0.0059207611083077075,0.013806673093444504,2.696425857596115,0.03126563405179786,-0.07268181468993032
1.6613322664532906,PASSED,-0.27340615699323606,-0.005906913978330899,0.01387410123238455,2.696457086745311,0.031192737654915485,-0.07303945167733536
1.6623324664932986,PASSED,-0.27341205694439724,-0.00589300146734795,0.013938117483324962,2.696488242826544,0.031119494432765935,-0.07337906913102411
1.6633326665333066,PASSED,-0.27341794295241534,-0.005879026991244636,0.013998715183307725,2.696519325502016,0.031045922429346978,-0.07370062627757813
1.6643328665733146,PASSED,-0.27342381495703666,-0.0058649939719063425,0.014055888774948923,2.696550334451979,0.030972039710709068,-0.074004113544803
1.6653330666133226,PASSED,-0.27342967290142933,-0.005850905832372885,0.014109640039130561,2.696581269374749,0.030897864341939654,-0.07428953891915259
1.6663332666533306,PASSED,-0.2734355167321857,-0.005836765996988669,0.014159965614272144,2.6966121299867174,0.03082341439998022,-0.07455687731961921
1.6673334666933386,PASSED,-0.27344134639932177,-0.0058225778901312905,0.014206867686117083,2.6966429160223524,0.030748707967344673,-0.07480613617950174
1.6683336667333466,PASSED,-0.27344716185627616,-0.005808344932674117,0.014250350637879208,2.6966736272341914,0.030673763107359853,-0.07503734252169583
1.6693338667733546,PASSED,-0.2734529630599063,-0.005794070541485413,0.014290418222585113,2.6967042633928284,0.03059859786552958,-0.07525050803598976
1.6703340668133626,PASSED,-0.2734587499704835,-0.005779758127938716,0.01432707709610335,2.6967348242868754,0.030523230242280965,-0.07544570005703435
1.6713342668533706,PASSED,-0.273464522551686,-0.005765411095226009,0.014360336457110327,2.6967653097229416,0.03044767821778183,-0.07562290746053729
1.6723344668933786,PASSED,-0.27347028077059093,-0.00575103283770867,0.014390204890825401,2.696795719525579,0.030371959717394183,-0.07578222900571617
1.6733346669333866,PASSED,-0.27347602459766374,-0.005736626738345068,0.014416695678786935,2.696826053537236,0.03029609260068036,-0.07592370851922418
1.6743348669733946,PASSED,-0.2734817540067464,-0.005722196167537375,0.014439820893631236,2.696856311618191,0.03022009466891521,-0.07604741392909654
1.6753350670134026,PASSED,-0.2734874689750444,-0.005707744482211264,0.01445959494776542,2.6968864936464816,0.030143983645493033,-0.07615342975089809
1.6763352670534106,PASSED,-0.2734931694831115,-0.0056932750224118365,0.014476036367201676,2.6969165995178366,0.030067777183228044,-0.07624181727437995
1.6773354670934186,PASSED,-0.27349885551483294,-0.005678791111166605,0.01448916116391684,2.6969466291455784,0.029991492832756438,-0.0763127059364225
1.6783356671334266,PASSED,-0.2735045270574079,-0.005664296053454197,0.0144989887447361,2.696976582460523,0.029915148024475605,-0.07636620984377639
1.6793358671734346,PASSED,-0.27351018410132905,-0.005649793132307817,0.014505542747476119,2.697006459410895,0.029838760128563013,-0.07640235329179879
1.6803360672134426,PASSED,-0.27351582664036167,-0.0056352856094069835,0.014508843003071696,2.6970362599622,0.029762346375921032,-0.07642135220877266
1.6813362672534506,PASSED,-0.27352145467152117,-0.005620776724109427,0.014508913493880412,2.6970659840971134,0.029685923851649698,-0.07642330564637155
1.6823364672934586,PASSED,-0.2735270681950486,-0.0056062696889341065,0.014505782962947475,2.6970956318153396,0.02960950953180374,-0.07640832931234909
1.6833366673334667,PASSED,-0.2735326672143848,-0.005591767690432438,0.014499475527482783,2.697125203133508,0.029533120285528933,-0.07637652424977372
1.6843368673734747,PASSED,-0.2735382517361438,-0.005577273889035139,0.01449001864384488,2.6971546980849936,0.029456772773809106,-0.07632817003319782
1.6853370674134827,PASSED,-0.27354382177008413,-0.005562791414109981,0.014477445779366301,2.697184116719788,0.02938048351888011,-0.07626331152619654
1.6863372674534907,PASSED,-0.27354937732907864,-0.00554832336458934,0.014461785348158248,2.6972134591043373,0.02930426893191935,-0.07618210391714249
1.6873374674934987,PASSED,-0.2735549184290838,-0.005533872808969469,0.014443069134345662,2.6972427253213853,0.02922814521580983,-0.0760847909044314
1.6883376675335067,PASSED,-0.27356044508910676,-0.005519442781103909,0.014421333686370424,2.697271915469788,0.029152128374763022,-0.07597154114172625
1.6893378675735147,PASSED,-0.2735659573311718,-0.005505036280858455,0.01439661128484425,2.6973010296643425,0.029076234273883485,-0.07584247403807791
1.6903380676135227,PASSED,-0.27357145518028486,-0.005490656272588004,0.01436893959418891,2.6973300680356087,0.02900047860129803,-0.07569780495037098
1.6913382676535307,PASSED,-0.2735769386643975,-0.0054763056830150125,0.014338356225527477,2.697359030729703,0.028924876789714764,-0.07553781600519142
1.6923384676935387,PASSED,-0.2735824078143691,-0.005461987401406246,0.014304898530924728,2.6973879179081135,0.028849444110496735,-0.07536258802658805
1.6933386677335467,PASSED,-0.27358786266392826,-0.00544770427726986,0.01426860787335927,2.6974167297474914,0.028774195651097647,-0.07517237364742504
1.6943388677735547,PASSED,-0.27359330324963266,-0.00543345911940147,0.01422952453174443,2.6974454664394405,0.028699146236558993,-0.07496744179947247
1.6953390678135627,PASSED,-0.27359872961082826,-0.005419254695682085,0.014187689844479323,2.6974741281902896,0.02862431047253505,-0.07474797884025908
1.6963392678535707,PASSED,-0.27360414178960685,-0.005405093730576613,0.01414314861280088,2.6975027152209003,0.028549702808302,-0.07451412116157283
1.6973394678935787,PASSED,-0.273609539830763,-0.005390978904747846,0.014095943972744622,2.6975312277663988,0.028475337383304534,-0.07426629422140017
1.6983396679335867,PASSED,-0.27361492378174984,-0.005376912855005783,0.01404612025494178,2.697559666075979,0.028401228123863927,-0.07400456958674814
1.6993398679735947,PASSED,-0.2736202936926335,-0.005362898171484225,0.013993725699304462,2.697588030412639,0.02832738875393541,-0.07372923682302708
1.7003400680136027,PASSED,-0.27362564961604724,-0.005348937397495717,0.013938806181311098,2.6976163210529513,0.02825383269998274,-0.07344059870575896
1.7013402680536107,PASSED,-0.27363099160714377,-0.00533503302923819,0.01388140964167014,2.697644538286804,0.02818057314742615,-0.0731388551238117
1.7023404680936187,PASSED,-0.27363631972354774,-0.005321187514474924,0.01382158484433016,2.6976726824171573,0.028107623062239944,-0.07282423856113432
1.7033406681336267,PASSED,-0.273641634025306,-0.005307403250810913,0.013759382877130272,2.697700753759775,0.028034995108318278,-0.07249709749535653
1.7043408681736347,PASSED,-0.2736469345748386,-0.005293682585742352,0.013694853196181711,2.697728752642967,0.02796270168716501,-0.07215763692521372
1.7053410682136427,PASSED,-0.27365222143688717,-0.005280027816252347,0.013628047019220782,2.697756679407321,0.027890754960358463,-0.07180612006077135
1.7063412682536507,PASSED,-0.2736574946784642,-0.005266441186774237,0.013559017784034583,2.697784534405434,0.02781916679752406,-0.07144285801682451
1.7073414682936587,PASSED,-0.2736627543688005,-0.005252924889663255,0.013487816662279078,2.69781231800163,0.027747948775160427,-0.07106813192816952
1.7083416683336667,PASSED,-0.27366800057929225,-0.005239481063633466,0.013414498941463222,2.6978400305716845,0.027677112214788815,-0.07068217933390566
1.7093418683736747,PASSED,-0.27367323338344746,-0.005226111793637107,0.013339117366290927,2.6978676725025443,0.027606668149089107,-0.07028532327691057
1.7103420684136827,PASSED,-0.27367845285683173,-0.005212819109980118,0.013261727850785872,2.6978952441920323,0.027536627298440607,-0.06987786889623256
1.7113422684536908,PASSED,-0.2736836590770131,-0.005199604987516702,0.013182385538503419,2.6979227460485724,0.02746700012704595,-0.06946003972694681
1.7123424684936988,PASSED,-0.27368885212350674,-0.005186471345689941,0.013101146018932664,2.697950178490883,0.027397796787642374,-0.06903220585466158
1.7133426685337068,PASSED,-0.27369403207771903,-0.005173420047504932,0.013018066295725952,2.6979775419476812,0.027329027111102203,-0.06859465699717386
1.7143428685737148,PASSED,-0.2736991990228905,-0.005160452898740859,0.012933203742971116,2.6980048368573986,0.027260700679643868,-0.06814761443244338
1.7153430686137228,PASSED,-0.2737043530440395,-0.005147571648446036,0.012846614662725554,2.698032063667857,0.02719282673469517,-0.06769149862620205
1.7163432686537308,PASSED,-0.27370949422790375,-0.005134777987570437,0.012758358350846233,2.6980592228359956,0.0271254142212955,-0.06722652324864994
1.7173434686937388,PASSED,-0.2737146226628832,-0.005122073548887075,0.012668492238372523,2.698086314827534,0.02705847179009483,-0.06675303650201754
1.7183436687337468,PASSED,-0.2737197384389813,-0.005109459906714471,0.01257707546209208,2.698113340116682,0.026992007761752434,-0.06627135623598238
1.7193438687737548,PASSED,-0.273724841647746,-0.005096938576470906,0.012484166764545493,2.6981402991858214,0.026926030152813318,-0.06578177740786759
1.7203440688137628,PASSED,-0.2737299323822117,-0.005084511014869406,0.012389824826137246,2.698167192525207,0.02686054669400493,-0.06528457974206753
1.7213442688537708,PASSED,-0.27373501073683876,-0.005072178617899619,0.012294111732221745,2.6981940206326347,0.026795564757839275,-0.06478017378137614
1.7223444688937788,PASSED,-0.27374007680745455,-0.005059942722921102,0.012197083809380364,2.698220784013147,0.026731091427625087,-0.06426876783606124
1.7233446689337868,PASSED,-0.27374513069119366,-0.005047804607737501,0.012098802766413608,2.698247483178696,0.02666713347594742,-0.06375074090540614
1.7243448689737948,PASSED,-0.27375017248643774,-0.005035765488579224,0.011999330086186434,2.6982741186478445,0.026603697333030665,-0.06322641092432289
1.7253450690138028,PASSED,-0.27375520229275524,-0.005023826522134745,0.0118987240166763,2.698300690945442,0.02654078913792143,-0.06269605123250761
1.7263452690538108,PASSED,-0.2737602202108414,-0.005011988805892714,0.011797044392267052,2.6983272006023014,0.026478414697346693,-0.0621600334695547
1.7273454690938188,PASSED,-0.27376522634245753,-0.0050002533750804915,0.011694355092192013,2.6983536481548844,0.02641657948754045,-0.06161866069736923
1.7283456691338268,PASSED,-0.2737702207903708,-0.004988621204894825,0.011590713581317197,2.698380034144988,0.02635528869802406,-0.061072208729076746
1.7293458691738348,PASSED,-0.2737752036582936,-0.004977093211383103,0.011486180131990419,2.6984063591194105,0.026294547165882348,-0.06052108108346884
1.7303460692138428,PASSED,-0.27378017505082314,-0.004965670248452143,0.011380818130273227,2.698432623629647,0.026234359418447508,-0.059965525002422325
1.7313462692538508,PASSED,-0.2737851350733809,-0.0049543531099258,0.01127468545705497,2.6984588282315576,0.0261747296771162,-0.05940588555056383
1.7323464692938588,PASSED,-0.2737900838321523,-0.004943142530051348,0.011167842819383619,2.698484973485062,0.026115661834701317,-0.05884248032442865
1.7333466693338668,PASSED,-0.27379502143402623,-0.004932039182032014,0.011060351485967774,2.6985110599538076,0.026057159455320462,-0.0582756454184712
1.7343468693738748,PASSED,-0.27379994798653506,-0.004921043679019935,0.010952270696152797,2.6985370882048576,0.02599922579850342,-0.057705664416086835
1.7353470694138828,PASSED,-0.27380486359779455,-0.004910156574778012,0.01084365993910321,2.698563058808371,0.025941863806993266,-0.05713287623953264
1.7363472694538908,PASSED,-0.27380976837644366,-0.004899378362256301,0.01073458091011866,2.6985889723372924,0.025885076102996608,-0.056557589168074136
1.7373474694938988,PASSED,-0.2738146624315854,-0.004888709475691886,0.01062509033394576,2.6986148293670325,0.02582886499571753,-0.055980119353078325
1.7383476695339068,PASSED,-0.2738195458727271,-0.004878150290264181,0.010515248823544541,2.6986406304751496,0.025773232475506832,-0.05540078744911446
1.7393478695739149,PASSED,-0.2738244188097213,-0.004867701121059632,0.01040511612521813,2.698666376241051,0.02571818023971386,-0.05481986802220864
1.7403480696139229,PASSED,-0.2738292813527069,-0.004857362224968295,0.010294749402082947,2.698692067245661,0.025663709645150724,-0.05423774559041959
1.7413482696539309,PASSED,-0.2738341336120507,-0.004847133801368793,0.01018420639778092,2.6987177040711345,0.025609821764629042,-0.05365463714252612
1.7423484696939389,PASSED,-0.27383897569828913,-0.004837015990338653,0.01007354745171229,2.6987432873005344,0.025556517368892744,-0.05307090146548141
1.7433486697339469,PASSED,-0.2738438077220706,-0.004827008874983152,0.009962827291360218,2.6987688175175286,0.025503796891186297,-0.05248686186708767
1.7443488697739549,PASSED,-0.2738486297940979,-0.004817112481293764,0.009852104621406942,2.698794295306095,0.02545166049804827,-0.05190274731866103
1.7453490698139629,PASSED,-0.27385344202507134,-0.004807326778396061,0.009741435081899072,2.698819721250201,0.02540010803400297,-0.05131894186305479
1.7463492698539709,PASSED,-0.27385824452563234,-0.004797651678972141,0.00963087565193525,2.698845095933535,0.025349139060541367,-0.0507356611939719
1.7473494698939789,PASSED,-0.27386303740630735,-0.004788087040057133,0.009520481090388838,2.698870419939182,0.025298752841310963,-0.0501532579213574
1.7483496699339869,PASSED,-0.2738678207774523,-0.00477863266394914,0.009410306119729091,2.698895693849345,0.025248948329639396,-0.04957201417170155
1.7493498699739949,PASSED,-0.2738725947491976,-0.004769288297297592,0.009300407006094477,2.698920918245053,0.02519972422014684,-0.04899217303978806
1.750350070014003,PASSED,-0.2738773594313941,-0.004760053633416373,0.009190835131302132,2.698946093705871,0.02515107890513383,-0.048414076328492976
1.751350270054011,PASSED,-0.27388211493355846,-0.0047509283116298085,0.009081646223406402,2.6989712208096086,0.025103010474309236,-0.04783800048865932
1.752350470094019,PASSED,-0.273886861364821,-0.004741911918519083,0.008972891035605083,2.698996300132054,0.025055516779180654,-0.04726415822186632
1.753350670134027,PASSED,-0.2738915988338721,-0.00473300398864025,0.008864622440986973,2.6990213322466943,0.025008595389373407,-0.0466928775308332
1.754350870174035,PASSED,-0.27389632744891096,-0.004724204004412132,0.008756892086205503,2.699046317724418,0.024962243540583486,-0.04612449629598177
1.755351070214043,PASSED,-0.27390104731759396,-0.004715511397453031,0.008649750207697616,2.699071257133274,0.024916458268954406,-0.04555912185114529
1.756351270254051,PASSED,-0.2739057585469844,-0.004706925550010629,0.008543245598871088,2.6990961510381855,0.02487123634494324,-0.04499712545118527
1.757351470294059,PASSED,-0.2739104612435022,-0.004698445793552286,0.008437430364656755,2.699121000000696,0.024826574218320678,-0.044438794070144706
1.758351670334067,PASSED,-0.27391515551287526,-0.004690071411130557,0.008332350459777935,2.699145804578701,0.024782468120770878,-0.04388429986956822
1.759351870374075,PASSED,-0.2739198414600907,-0.004681801638780701,0.00822805360990897,2.6991705653261966,0.0247389140438396,-0.04333392830575176
1.760352070414083,PASSED,-0.27392451918934746,-0.004673635664355205,0.008124588302553002,2.699195282793034,0.02469590770461469,-0.04278794650434679
1.761352270454091,PASSED,-0.2739291888040097,-0.0046655726293687244,0.008021999442433148,2.6992199575246594,0.024653444568563925,-0.042246595748371814
1.762352470494099,PASSED,-0.2739338504065603,-0.004657611630166328,0.007920332375706251,2.69924459006188,0.02461151988509877,-0.04171007527634454
1.763352670534107,PASSED,-0.27393850409855625,-0.004649751718052864,0.007819631938634638,2.6992691809406275,0.02457012866656379,-0.04117864737406427
1.7643528705741147,PASSED,-0.27394314998058394,-0.004641991900749597,0.007719940879688758,2.6992937306917106,0.024529265656611846,-0.04065258500386242
1.7653530706141227,PASSED,-0.27394778815221593,-0.0046343311424715304,0.007621303210317821,2.6993182398406006,0.024488925408784005,-0.040132023043829
1.7663532706541307,PASSED,-0.2739524187119684,-0.0046267683658077225,0.007523758966134357,2.6993427089071926,0.024449102247344458,-0.03961725370335488
1.7673534706941387,PASSED,-0.27395704175725905,-0.004619302451808614,0.0074273506877588075,2.6993671384055977,0.024409790262505053,-0.039108472263440226
1.7683536707341467,PASSED,-0.2739616573843672,-0.004611932241412897,0.007332116867690231,2.699391528843921,0.02437098335099195,-0.03860587101287553
1.7693538707741547,PASSED,-0.2739662656883929,-0.004604656535978133,0.007238097812813464,2.6994158807240467,0.02433267518508708,-0.038109695832868856
1.7703540708141627,PASSED,-0.2739708667632188,-0.004597474098643346,0.007145330349435865,2.6994401945414395,0.02429485923683677,-0.037620116528599784
1.7713542708541707,PASSED,-0.2739754607014719,-0.0045903836547627735,0.007053852901329041,2.6994644707849433,0.024257528797701496,-0.03713732087306103
1.7723544708941787,PASSED,-0.2739800475944865,-0.004583383893253485,0.006963700581262573,2.6994887099365785,0.0242206769401325,-0.03666154869962177
1.7733546709341867,PASSED,-0.27398462753226827,-0.004576473467937712,0.006874908472113471,2.69951291247136,0.024184296557922046,-0.03619293788433711
1.7743548709741948,PASSED,-0.2739892006034592,-0.004569650997615707,0.006787511555267433,2.6995370788571043,0.02414838037284821,-0.0357316832001689
1.7753550710142028,PASSED,-0.2739937668953035,-0.0045629150673164535,0.006701542795244367,2.6995612095542567,0.02411292091966591,-0.03527796650372677
1.7763552710542108,PASSED,-0.2739983264936145,-0.004556264230221679,0.006617033294460452,2.6995853050157095,0.02407791055560089,-0.03483196243921247
1.7773554710942188,PASSED,-0.2740028794827428,-0.004549697007711587,0.006534015320513205,2.6996093656866362,0.02404334147827172,-0.03439382058913812
1.7783556711342268,PASSED,-0.27400742594554506,-0.004543211890134049,0.0064525190822210836,2.6996333920043285,0.024009205731194465,-0.03396369806933051
1.7793558711742348,PASSED,-0.2740119659633542,-0.004536807339025116,0.006372572460075912,2.6996573843980323,0.023975495183685587,-0.033541780468574346
1.7803560712142428,PASSED,-0.2740164996159503,-0.004530481787652749,0.0062942039805595484,2.6996813432887987,0.023942201561444998,-0.033128183421932585
1.7813562712542508,PASSED,-0.2740210269815328,-0.004524233641012241,0.006217441747140059,2.6997052690893417,0.023909316468702053,-0.03272303229028446
1.7823564712942588,PASSED,-0.27402554813669366,-0.004518061278613386,0.006142309499997703,2.699729162203881,0.02387683132984702,-0.03232654323153234
1.7833566713342668,PASSED,-0.2740300631563915,-0.004511963054591697,0.006068833702817316,2.6997530230280193,0.023844737452262576,-0.03193876715304637
1.7843568713742748,PASSED,-0.2740345721139269,-0.004505937298184325,0.005997038210408229,2.6997768519486085,0.02381302604567995,-0.03155983286901512
1.7853570714142828,PASSED,-0.2740390750809189,-0.00449998231656238,0.0059269438963036256,2.6998006493436146,0.023781688141196102,-0.031189952227067195
1.7863572714542908,PASSED,-0.27404357212728214,-0.00449409639415544,0.005858574747363905,2.6998244155820146,0.023750714688579682,-0.03082911954264888
1.7873574714942988,PASSED,-0.2740480633212055,-0.004488277794440589,0.005791949693174916,2.69984815102367,0.023720096539729587,-0.030477501721727352
1.7883576715343068,PASSED,-0.2740525487291317,-0.004482524761435774,0.005727088545909299,2.699871856019222,0.0236898243993015,-0.030135232898997163
1.7893578715743148,PASSED,-0.2740570284157379,-0.00447683551991619,0.005664010168699605,2.6998955309099872,0.02365988889154153,-0.029802357667283036
1.7903580716143228,PASSED,-0.27406150244391747,-0.004471208277038066,0.005602731351074717,2.69991917602787,0.02363028057638385,-0.029478953484607374
1.7913582716543308,PASSED,-0.27406597087476275,-0.0044656412236089345,0.005543268147835158,2.699942791695257,0.023600989876802942,-0.029165196978442845
1.7923584716943388,PASSED,-0.27407043376754886,-0.004460132534330213,0.005485636699310379,2.6999663782249446,0.023572007153527585,-0.02886107413996573
1.7933586717343468,PASSED,-0.274074891179719,-0.004454680369537298,0.005429850188650679,2.699989935920047,0.02354332270484226,-0.02856669838222898
1.7943588717743548,PASSED,-0.27407934316687,-0.004449282876955844,0.005375920843322757,2.700013465073933,0.02351492673471278,-0.02828215129431765
1.7953590718143628,PASSED,-0.2740837897827401,-0.004443938191186516,0.005323862386664012,2.7000369659701557,0.02348680939865916,-0.028007459226489208
1.7963592718543708,PASSED,-0.2740882310791966,-0.004438644435258746,0.005273684955173636,2.700060438882382,0.023458960782402963,-0.027742720942668126
1.7973594718943788,PASSED,-0.2740926671062254,-0.004433399723219231,0.005225396762408776,2.7000838840743526,0.023431370929575795,-0.027487940750168756
1.7983596719343868,PASSED,-0.2740970979119215,-0.0044282021594407766,0.005179008455817986,2.7001073017998065,0.023404029813203497,-0.02724323345371711
1.7993598719743948,PASSED,-0.2741015235424803,-0.004423049839515493,0.005134527571595286,2.70013069230246,0.02337692738546185,-0.027008557266934245
1.8003600720144028,PASSED,-0.2741059440421901,-0.00441794085339912,0.005091958479557277,2.7001540558159487,0.023350053559370563,-0.026784005307526483
1.8013602720544108,PASSED,-0.27411035945342566,-0.004412873284734645,0.0050513087877521725,2.7001773925637993,0.023323398190214197,-0.02656961172225586
1.8023604720944189,PASSED,-0.27411476981664307,-0.004407845211356445,0.00501258310516515,2.700200702759413,0.023296951156336624,-0.026365315314452995
1.8033606721344269,PASSED,-0.2741191751703752,-0.0044028547087999826,0.004975782190660671,2.700223986606022,0.02327070227873033,-0.0261712524675255
1.8043608721744349,PASSED,-0.2741235755512285,-0.004397899849262824,0.004940911101490256,2.700247244296684,0.023244641350376356,-0.025987378944938903
1.8053610722144429,PASSED,-0.274127970993881,-0.0043929787027341734,0.004907970146757072,2.7002704760142677,0.023218758205059076,-0.025813656232175054
1.8063612722544509,PASSED,-0.27413236153108056,-0.004388089339140948,0.004876959224203936,2.7002936819314454,0.0231930426367887,-0.02565017629585227
1.8073614722944589,PASSED,-0.2741367471936454,-0.004383229828872196,0.004847877631783995,2.7003168622106983,0.0231674844428519,-0.0254968723640983
1.8083616723344669,PASSED,-0.27414112801046453,-0.004378398243066781,0.004820724587835896,2.700340017004308,0.02314207343855123,-0.025353758925058464
1.8093618723744749,PASSED,-0.2741455040084999,-0.004373592655764412,0.0047954957787234445,2.700363146454378,0.023116799447395274,-0.025220812643217527
1.8103620724144829,PASSED,-0.274149875212789,-0.004368811144377585,0.004772188458896582,2.7003862506928407,0.023091652306884012,-0.025098025756618635
1.8113622724544909,PASSED,-0.2741542416464488,-0.0043640517902069,0.004750797978543281,2.700409329841486,0.02306662188595336,-0.024985351046674865
1.8123624724944989,PASSED,-0.2741586033306808,-0.004359312680351942,0.0047313177725671245,2.700432384011977,0.023041698071240346,-0.024882790490576144
1.813362672534507,PASSED,-0.2741629602847769,-0.004354591908615601,0.004713741045524205,2.7004554133058893,0.02301687078827502,-0.024790277948495396
1.814362872574515,PASSED,-0.27416731252612553,-0.004349887574669992,0.00469806254566366,2.700478417814737,0.022992129998464818,-0.02470779771800468
1.815363072614523,PASSED,-0.2741716600702204,-0.004345197787590166,0.004684270102601317,2.700501397620027,0.022967465714584218,-0.024635274655669
1.816363272654531,PASSED,-0.27417600293066846,-0.0043405206660523474,0.004672355827964014,2.7005243527932894,0.022942867982001167,-0.024572704534638706
1.817363472694539,PASSED,-0.27418034111919953,-0.004335854336938657,0.004662311304175512,2.700547283396134,0.02291832690210046,-0.024519996811415853
1.818363672734547,PASSED,-0.2741846746456775,-0.00433119693985572,0.004654120935444584,2.700570189480314,0.022893832658773566,-0.024477074337212648
1.819363872774555,PASSED,-0.27418900351811076,-0.00432654662595704,0.004647775874169653,2.7005930710877744,0.022869375467411645,-0.02444393604506195
1.820364072814563,PASSED,-0.2741933277426654,-0.004321901558053307,0.004643262590109041,2.7006159282507247,0.022844945619442836,-0.02442045591797094
1.821364272854571,PASSED,-0.2741976473236781,-0.004317259914102202,0.004640564858436085,2.7006387609917004,0.022820533487353342,-0.0244065828705091
1.822364472894579,PASSED,-0.2742019622636699,-0.0043126198861369565,0.004639670036452656,2.700661569323647,0.022796129514848443,-0.024402232261160253
1.823364672934587,PASSED,-0.27420627256336166,-0.00430797968040553,0.004640562861409399,2.7006843532499896,0.02277172421765658,-0.02440734047899722
1.824364872974595,PASSED,-0.2742105782216894,-0.0043033375206425264,0.004643224364064205,2.7007071127647233,0.022747308210425893,-0.02442178506514225
1.825365073014603,PASSED,-0.27421487923582116,-0.004298691647754864,0.0046476385700605395,2.7007298478524926,0.022722872191802367,-0.024445507662445878
1.826365273054611,PASSED,-0.27421917560117415,-0.004294040318961725,0.004653788941858072,2.7007525584886927,0.022698406950635228,-0.024478396836937127
1.827365473094619,PASSED,-0.27422346731143304,-0.004289381811125884,0.0046616537651634335,2.700775244639558,0.02267390338109538,-0.0245203513417834
1.828365673134627,PASSED,-0.274227754358569,-0.004284714420769473,0.004671214750575159,2.700797906262265,0.02264935247313512,-0.024571279039246358
1.829365873174635,PASSED,-0.27423203673285923,-0.004280036463472817,0.004682452327376367,2.700820543305033,0.02262474531995733,-0.024631069270149544
1.830366073214643,PASSED,-0.2742363144229075,-0.004275346276011603,0.004695344217106279,2.7008431557072394,0.022600073138929623,-0.02469958886608051
1.831366273254651,PASSED,-0.27424058741566554,-0.004270642217455208,0.004709868115920195,2.7008657433995245,0.022575327249896898,-0.02477675581049494
1.832366473294659,PASSED,-0.27424485569645457,-0.004265922668285642,0.0047260032053286155,2.700888306303908,0.02255049908254582,-0.02486244171147023
1.833366673334667,PASSED,-0.2742491192489881,-0.004261186031811293,0.004743725320361624,2.700910844333909,0.02252558020231583,-0.02495650590899672
1.834366873374675,PASSED,-0.2742533780553952,-0.004256430735647355,0.004763010059656807,2.700933357394673,0.022500562302148978,-0.02505882967209104
1.835367073414683,PASSED,-0.27425763209624426,-0.004251655231413305,0.004783833683644256,2.700955845383086,0.02247543717577933,-0.025169324168025604
1.836367273454691,PASSED,-0.27426188135056817,-0.004246857995419355,0.004806170867487982,2.7009783081879286,0.02245019678860889,-0.025287762505383934
1.837367473494699,PASSED,-0.2742661257958885,-0.004242037529375907,0.004829996160753318,2.7010007456899765,0.022424833210315166,-0.02541412215261429
1.838367673534707,PASSED,-0.2742703654082423,-0.0042371923617778,0.0048552818896765645,2.70102315776216,0.02239933864245412,-0.025548198333341314
1.839367873574715,PASSED,-0.2742746001622076,-0.004232321046939231,0.004882003471164291,2.7010455442697,0.02237370547006893,-0.02568982175308745
1.840368073614723,PASSED,-0.27427883003093145,-0.004227422166907114,0.004910131072752894,2.7010679050702406,0.022347926179576524,-0.02583893631861613
1.841368273654731,PASSED,-0.27428305498615635,-0.004222494331807665,0.004939637783913029,2.7010902400140036,0.022321993407004977,-0.02599533007350348
1.842368473694739,PASSED,-0.27428727499824895,-0.004217536179257585,0.004970495727524256,2.7011125489439376,0.022295899977833527,-0.026158828570076523
1.843368673734747,PASSED,-0.27429149003622844,-0.0042125463764096085,0.005002674261612335,2.7011348316958563,0.02226963882171985,-0.02632937447607658
1.844368873774755,PASSED,-0.2742957000677957,-0.00420752361965737,0.005036145079322853,2.701157088098606,0.022243203034536835,-0.026506728987638777
1.845369073814763,PASSED,-0.2742999050593627,-0.004202466634633767,0.005070878319790312,2.701179317974219,0.022216585910191832,-0.02669072124991048
1.846369273854771,PASSED,-0.2743041049760825,-0.004197374177652019,0.005106842756385508,2.701201521138066,0.02218978084983569,-0.02688128642695882
1.847369473894779,PASSED,-0.27430829978188004,-0.004192245036147064,0.00514400733733495,2.7012236973990187,0.022162781420644304,-0.02707819103433451
1.848369673934787,PASSED,-0.2743124894394824,-0.00418707802729712,0.00518234319168393,2.701245846559615,0.022135581397786448,-0.02728124407353468
1.849369873974795,PASSED,-0.27431667391045067,-0.0041818720010099114,0.0052218150175569345,2.701267968416229,0.022108174695666952,-0.027490340816796573
1.850370074014803,PASSED,-0.27432085315521126,-0.004176625838766364,0.00526239372754166,2.7012900627592265,0.02208055536881641,-0.027705317539708656
1.851370274054811,PASSED,-0.2743250271330878,-0.004171338453214541,0.005304046768012733,2.70131212937314,0.022052717683312316,-0.02792593081368396
1.852370474094819,PASSED,-0.274329195802334,-0.004166008791012558,0.0053467391579630815,2.701334168036845,0.022024656081604574,-0.02815204897045052
1.853370674134827,PASSED,-0.27433335912016554,-0.004160635830901537,0.005390440746392226,2.7013561785237212,0.021996365129850825,-0.028383553609281593
1.854370874174835,PASSED,-0.274337517042794,-0.004155218584615091,0.005435116646482553,2.701378160601836,0.02196783960614159,-0.028620170442534613
1.855371074214843,PASSED,-0.27434166952545924,-0.004149756097419977,0.00548073422753568,2.701400114034121,0.021939074488066347,-0.028861749830381988
1.856371274254851,PASSED,-0.2743458165224636,-0.004144247448744833,0.005527258306883826,2.7014220385785395,0.021910064870349327,-0.02910819630811567
1.857371474294859,PASSED,-0.27434995798720513,-0.004138691751084999,0.0055746572284676825,2.7014439339882723,0.021880806056391033,-0.029359225725083937
1.858371674334867,PASSED,-0.27435409387221205,-0.004133088151363692,0.005622894716534093,2.701465800011897,0.021851293560334287,-0.02961467627785246
1.859371874374875,PASSED,-0.27435822412917676,-0.004127435831713293,0.005671936272974967,2.7014876363935674,0.0218215230299912,-0.02987443305323971
1.860372074414883,PASSED,-0.2743623487089902,-0.0041217340069325805,0.005721750452537979,2.701509442873195,0.02179149030794725,-0.03013824803775804
1.861372274454891,PASSED,-0.2743664675617763,-0.004115981927678012,0.005772298455922737,2.7015312191866303,0.021761191441061603,-0.030405946117573572
1.862372474494899,PASSED,-0.27437058063692715,-0.004110178879980339,0.005823547192172438,2.701552965065853,0.021730622644178223,-0.030677364060585903
1.863372674534907,PASSED,-0.2743746878831375,-0.004104324183431548,0.005875462786538062,2.701574680239148,0.021699780310670727,-0.030952313138770508
1.864372874574915,PASSED,-0.2743787892484396,-0.004098417192738806,0.005928009296878002,2.7015963644312913,0.021668661023924014,-0.03123060248533918
1.865373074614923,PASSED,-0.2743828846802386,-0.004092457298949262,0.005981150117988633,2.7016180173637427,0.021637261569988214,-0.03151202156943955
1.866373274654931,PASSED,-0.2743869741253472,-0.004086443927366082,0.0060348525599747595,2.7016396387548256,0.021605578901131066,-0.03179643371562283
1.867373474694939,PASSED,-0.27439105753002146,-0.004080376537962116,0.006089080633291969,2.701661228319905,0.021573610136395187,-0.03208365208272002
1.868373674734947,PASSED,-0.27439513483999556,-0.004074254627136729,0.006143797620116933,2.7016827857715904,0.021541352633452058,-0.03237340351673484
1.869373874774955,PASSED,-0.274399206000517,-0.004068077726096346,0.006198969987226659,2.7017043108199124,0.021508803910571053,-0.03266560245718684
1.870374074814963,PASSED,-0.27440327095638206,-0.004061845400595265,0.006254562510317951,2.7017258031725087,0.02147596164355067,-0.03296004339585095
1.871374274854971,PASSED,-0.27440732965197095,-0.004055557252412924,0.00631053863035487,2.7017472625348113,0.021442823732496,-0.03325648949388097
1.872374474894979,PASSED,-0.27441138203128285,-0.00404921291817728,0.006366864639170726,2.701768688610235,0.021409388265335862,-0.0335547856043095
1.873374674934987,PASSED,-0.27441542803797114,-0.004042812069589626,0.0064235045533089915,2.701790081100356,0.021375653477431568,-0.03385478943761757
1.874374874974995,PASSED,-0.27441946761537844,-0.004036354413439894,0.006480423880681315,2.701811439705104,0.021341617815782376,-0.03415624312357266
1.8753750750150031,PASSED,-0.27442350070657134,-0.004029839691016501,0.006537588118533598,2.7018327641229485,0.021307279933475903,-0.03445897509507515
1.8763752750550111,PASSED,-0.27442752725437575,-0.004023267679233045,0.006594960893404225,2.701854054051077,0.02127263862276514,-0.03476286778788442
1.8773754750950191,PASSED,-0.27443154720141094,-0.004016638188803272,0.0066525101206867596,2.7018753091855774,0.021237692865323614,-0.03506768387728797
1.878375675135027,PASSED,-0.2744355604901247,-0.004009951064954338,0.006710199667764687,2.7018965292216284,0.02120244186873459,-0.035373205063515385
1.879375875175035,PASSED,-0.27443956706282724,-0.004003206188176904,0.006767994850546264,2.7019177138536774,0.021166884985199235,-0.035679335849919606
1.880376075215043,PASSED,-0.274443566861726,-0.003996403472312078,0.006825863207679507,2.701938862775619,0.021131021735306614,-0.03598585925442348
1.881376275255051,PASSED,-0.2744475598289591,-0.003989542864800777,0.006883770380383077,2.7019599756809756,0.021094851852614917,-0.03629256498321232
1.882376475295059,PASSED,-0.2744515459066295,-0.003982624347848979,0.006941681332740736,2.701981052263088,0.021058375251536185,-0.0365992918090767
1.883376675335067,PASSED,-0.27445552503683873,-0.00397564793663804,0.00699956446307145,2.702002092215266,0.02102159196786417,-0.03690594491396925
1.884376875375075,PASSED,-0.2744594971617197,-0.003968613678800981,0.007057386753051091,2.7020230952309996,0.02098450227862647,-0.03721218545352025
1.885377075415083,PASSED,-0.27446346222347046,-0.003961521656516048,0.007115112639519345,2.7020440610041065,0.02094710662155179,-0.0375179714887857
1.886377275455091,PASSED,-0.27446742016438663,-0.003954371983888632,0.007172712619347086,2.702064989228915,0.020909405553200106,-0.037823132926943594
1.887377475495099,PASSED,-0.274471370926894,-0.003947164806374728,0.007230154110275796,2.7020858796004403,0.020871399869010546,-0.03812738503129811
1.888377675535107,PASSED,-0.27447531445358103,-0.0039399003035609165,0.007287401949502109,2.7021067318145557,0.020833090530455643,-0.03843064090397284
1.889377875575115,PASSED,-0.2744792506872303,-0.00393257868541466,0.007344428944091945,2.702127545568147,0.020794478594344787,-0.03873279958211379
1.890378075615123,PASSED,-0.2744831795708505,-0.0039252001932097505,0.00740120104545529,2.7021483205593007,0.02075556536113106,-0.0390335223014657
1.891378275655131,PASSED,-0.2744871010477076,-0.0039177651005995896,0.007457686986631365,2.7021690564874485,0.020716352283727583,-0.03933278080481327
1.892378475695139,PASSED,-0.27449101506135576,-0.0039102737107435896,0.007513858435578625,2.7021897530535464,0.020676840925624964,-0.039630409634488696
1.893378675735147,PASSED,-0.2744949215556677,-0.003902726357299438,0.007569683449867106,2.702210409960233,0.020637033073981886,-0.03992614631547083
1.894378875775155,PASSED,-0.27449882047486485,-0.0038951234041422022,0.0076251329621482705,2.7022310269119783,0.020596930646023824,-0.0402199490531177
1.895379075815163,PASSED,-0.27450271176354746,-0.003887465245070141,0.007680176478669966,2.7022516036152577,0.020556535702959122,-0.04051160573909236
1.896379275855171,PASSED,-0.2745065953667234,-0.003879752302070347,0.007734787347210246,2.702272139778696,0.02051585048967426,-0.04080095164870531
1.897379475895179,PASSED,-0.27451047122983735,-0.003871985026048136,0.007788935138877586,2.7022926351132197,0.020474877379289276,-0.041087882875837436
1.898379675935187,PASSED,-0.27451433929879954,-0.003864163897666905,0.007842590542799777,2.702313089332215,0.0204336188987217,-0.04137221236207085
1.899379875975195,PASSED,-0.27451819952001316,-0.0038562894231231907,0.007895730544323961,2.7023335021516734,0.020392077740947263,-0.04165378804934814
1.900380076015203,PASSED,-0.27452205184040235,-0.0038483621368592155,0.007948323410408688,2.7023538732903285,0.020350256710342834,-0.04193252564114865
1.901380276055211,PASSED,-0.27452589620743933,-0.0038403826013278576,0.008000343611991246,2.702374202469816,0.020308158778130303,-0.04220820326011793
1.902380476095219,PASSED,-0.2745297325691709,-0.003832351403610911,0.008051767120250602,2.702394489414804,0.020265787064578673,-0.04248072041263239
1.903380676135227,PASSED,-0.2745335608742445,-0.0038242691573695396,0.008102565655451642,2.7024147338531317,0.020223144788854765,-0.042749979264763704
1.904380876175235,PASSED,-0.27453738107193426,-0.003816136502638293,0.008152714115110564,2.702434935515943,0.020180235325262873,-0.04301578647665004
1.905381076215243,PASSED,-0.2745411931121654,-0.003807954102387854,0.008202191007324649,2.7024550941378305,0.020137062205231343,-0.043278009068113014
1.906381276255251,PASSED,-0.2745449969455397,-0.0037997226453891494,0.008250967659624376,2.702475209456956,0.02009362905345845,-0.04353658024274021
1.907381476295259,PASSED,-0.274548792523359,-0.0037914428445334097,0.00829902298648353,2.7024952812151786,0.020049939617335304,-0.04379134004341194
1.908381676335267,PASSED,-0.274552579797649,-0.0037831154344144338,0.008346334873970504,2.7025153091581844,0.0200059978048884,-0.04404212738256538
1.909381876375275,PASSED,-0.2745563587211822,-0.0037747411734488034,0.008392878360069828,2.7025352930356026,0.0199618076180566,-0.04428889313128947
1.910382076415283,PASSED,-0.2745601292475005,-0.003766320842688073,0.008438632361170945,2.702555232601132,0.019917373171788946,-0.044531481691892465
1.911382276455291,PASSED,-0.274563891330937,-0.0037578552437841496,0.00848357659909207,2.702575127612642,0.019872698702957214,-0.0447697935916218
1.912382476495299,PASSED,-0.27456764492663716,-0.0037493451996968214,0.008527689079485885,2.7025949778323057,0.019827788572546686,-0.045003688289800274
1.913382676535307,PASSED,-0.27457138999058006,-0.003740791554469931,0.00857094932516031,2.7026147830266978,0.019782647239854192,-0.045233095627629116
1.914382876575315,PASSED,-0.2745751264795982,-0.0037321951715284267,0.008613338685734278,2.702634542966904,0.01973727925865156,-0.04545790491930622
1.915383076615323,PASSED,-0.2745788543513971,-0.003723556933562588,0.0086548374859079,2.702654257428622,0.01969168929729546,-0.04567799898062733
1.916383276655331,PASSED,-0.27458257356457483,-0.0037148777426213126,0.008695426578187027,2.702673926192266,0.01964588212507464,-0.04589328771428413
1.917383476695339,PASSED,-0.27458628407863966,-0.0037061585179666845,0.008735090038922746,2.702693549043062,0.019599862598263434,-0.04610368620915569
1.918383676735347,PASSED,-0.2745899858540284,-0.003697400196801087,0.008773808583380385,2.7027131257711483,0.019553635679004273,-0.046309074625834425
1.919383876775355,PASSED,-0.2745936788521236,-0.0036886037338744286,0.008811565822176966,2.7027326561716576,0.019507206407210934,-0.04650940323833715
1.920384076815363,PASSED,-0.27459736303527016,-0.003679770099324927,0.008848347034384888,2.7027521400448076,0.019460579902799858,-0.046704571859572656
1.921384276855371,PASSED,-0.27460103836679095,-0.0036709002789382422,0.008884135954885103,2.7027715771959935,0.019413761396791625,-0.046894462107334084
1.922384476895379,PASSED,-0.27460470481100285,-0.003661995274900572,0.00891891609286111,2.7027909674358583,0.01936675617558918,-0.04707906059918246
1.923384676935387,PASSED,-0.2746083623332308,-0.003653056102122604,0.008952677234706087,2.7028103105803765,0.019319569595775528,-0.04725825928996412
1.924384876975395,PASSED,-0.27461201089982257,-0.0036440837899913746,0.008985402062245112,2.702829606450927,0.019272207115292102,-0.04743196127906822
1.925385077015403,PASSED,-0.2746156504781618,-0.0036350793820789,0.009017078479294149,2.7028488548743734,0.019224674251703332,-0.04760013179523893
1.926385277055411,PASSED,-0.2746192810366812,-0.003626043933270968,0.009047695693690357,2.70286805568312,0.01917697657065718,-0.047762713880093226
1.927385477095419,PASSED,-0.2746229025448746,-0.0036169785103100454,0.009077241139076951,2.7028872087151794,0.019129119714092185,-0.04791961835493125
1.928385677135427,PASSED,-0.2746265149733087,-0.0036078841923476014,0.009105702511355509,2.7029063138142426,0.019081109399591074,-0.0480707785985653
1.929385877175435,PASSED,-0.2746301182936339,-0.003598762068620239,0.009133071204700279,2.702925370829727,0.01903295137774576,-0.04821618400981271
1.930386077215443,PASSED,-0.274633712478595,-0.0035896132380561973,0.009159336803602447,2.702944379616836,0.018984651452592552,-0.04835575258213976
1.931386277255451,PASSED,-0.27463729750204036,-0.0035804388090846795,0.009184490416795374,2.702963340036613,0.01893621550217743,-0.04848941563710157
1.932386477295459,PASSED,-0.2746408733389316,-0.0035712398998008553,0.009208521861843892,2.702982251955984,0.018887649430534864,-0.04861717564621775
1.933386677335467,PASSED,-0.27464443996535154,-0.003562017635347363,0.009231426181257087,2.703001115247804,0.01883895917673409,-0.048738972570476734
1.934386877375475,PASSED,-0.2746479973585123,-0.0035527731486518083,0.00925319370508621,2.7030199297909068,0.01879015075635608,-0.048854718916363546
1.935387077415483,PASSED,-0.27465154549676246,-0.0035435075797675556,0.009273819003696643,2.7030386954701244,0.018741230180571895,-0.04896448036273244
1.936387277455491,PASSED,-0.2746550843595935,-0.003534222074922064,0.009293295406688438,2.7030574121763413,0.01869220350339763,-0.049068141715288685
1.937387477495499,PASSED,-0.2746586139276458,-0.0035249177857643536,0.009311618325058377,2.70307607980652,0.018643076846199085,-0.04916566752071456
1.9383876775355071,PASSED,-0.27466213418271385,-0.0035155958689625415,0.009328782452981351,2.7030946982637203,0.018593856303335918,-0.049257126424803996
1.9393878775755151,PASSED,-0.27466564510775093,-0.00350625748549013,0.009344784152032179,2.7031132674571356,0.018544548009562165,-0.04934240533972526
1.9403880776155231,PASSED,-0.2746691466868734,-0.0034969038005804587,0.009359618748096722,2.7031317873021066,0.018495158146451324,-0.04942150162491278
1.9413882776555311,PASSED,-0.2746726389053636,-0.003487535981463291,0.009373286029881711,2.703150257720142,0.018445692878364624,-0.04949444572789881
1.9423884776955391,PASSED,-0.27467612174967304,-0.003478155198798537,0.009385780421335211,2.703168678638943,0.01839615840069154,-0.04956116563653694
1.9433886777355471,PASSED,-0.2746795952074245,-0.0034687626251935903,0.009397102394020624,2.7031870499923927,0.018346560910148958,-0.04962170714661424
1.9443888777755551,PASSED,-0.27468305926741354,-0.003459359433427221,0.009407251347934567,2.7032053717205877,0.018296906614631573,-0.049676021097898884
1.9453890778155631,PASSED,-0.27468651391960935,-0.0034499467979231782,0.009416224941448677,2.7032236437698263,0.018247201725500557,-0.049724134486433494
1.9463892778555711,PASSED,-0.27468995915515537,-0.0034405258930976113,0.009424024748312523,2.703241866092624,0.018197452457422252,-0.049766023806218335
1.9473894778955791,PASSED,-0.27469339496636885,-0.003431097892343393,0.009430651424822748,2.7032600386476977,0.01814766501045318,-0.04980172907763631
1.9483896779355871,PASSED,-0.27469682134673984,-0.0034216639678698174,0.009436106506077364,2.703278161399981,0.018097845597977363,-0.049831201407937765
1.9493898779755952,PASSED,-0.2747002382909301,-0.003412225290898786,0.009440390614333835,2.7032962343205913,0.018048000402990264,-0.049854524039871964
1.9503900780156032,PASSED,-0.274703645794771,-0.0034027830299704093,0.009443507804405253,2.703314257386847,0.017998135615325688,-0.04987163008104477
1.9513902780556112,PASSED,-0.27470704385526057,-0.0033933383497756317,0.009445461788359541,2.7033322305822267,0.017948257395245467,-0.04988261341301257
1.9523904780956192,PASSED,-0.2747104324705608,-0.0033838924130124657,0.009446253413037068,2.703350153896375,0.01789837188960156,-0.04988743379784096
1.9533906781356272,PASSED,-0.2747138116399935,-0.003374446377798987,0.009445889747106279,2.7033680273250735,0.017848485239218257,-0.049886128106942595
1.9543908781756352,PASSED,-0.27471718136403606,-0.003365001396850263,0.00944437508313615,2.703385850870208,0.017798603522446537,-0.0498787758815678
1.9553910782156432,PASSED,-0.27472054164431703,-0.0033555586193198023,0.009441712495343833,2.703403624539766,0.01774873283058757,-0.04986530251056731
1.9563912782556512,PASSED,-0.27472389248360995,-0.0033461191873678693,0.009437911589658541,2.7034213483477862,0.017698879216610855,-0.04984582162081261
1.9573914782956592,PASSED,-0.274727233885828,-0.0033366842369823087,0.009432976249495711,2.703439022314339,0.01764904867057392,-0.04982036231434968
1.9583916783356672,PASSED,-0.27473056585601713,-0.003327254898438909,0.00942691340600191,2.7034566464654914,0.01759924718435458,-0.049788902156003345
1.9593918783756752,PASSED,-0.27473388840034924,-0.0033178322936614772,0.009419732358385512,2.703474220833265,0.01754948070207976,-0.04975153568735986
1.9603920784156832,PASSED,-0.2747372015261145,-0.0033084175368767446,0.009411439735630375,2.7034917454555956,0.017499755099285905,-0.049708314198188754
1.9613922784556912,PASSED,-0.2747405052417137,-0.003299011735140717,0.0094020430696253,2.7035092203763047,0.017450076250700546,-0.04965920484346858
1.9623924784956992,PASSED,-0.27474379955664885,-0.003289615985108332,0.009391554674224895,2.7035266456450318,0.017400449957779673,-0.049604351639146935
1.9633926785357072,PASSED,-0.27474708448151475,-0.0032802313743012287,0.009379981562355666,2.7035440213172084,0.017350881970787865,-0.04954374389357966
1.9643928785757152,PASSED,-0.2747503600279897,-0.0032708589824532,0.009367332038476967,2.703561347453991,0.017301378004724265,-0.049477447510284905
1.9653930786157232,PASSED,-0.2747536262088246,-0.003261499876734112,0.009353621506162767,2.703578624122221,0.017251943710047873,-0.04940552612046277
1.9663932786557312,PASSED,-0.27475688303783324,-0.0032521551138498116,0.009338857136392327,2.7035958513943545,0.01720258467366402,-0.04932804322610823
1.9673934786957392,PASSED,-0.2747601305298809,-0.0032428257410645374,0.009323049884528633,2.7036130293484213,0.0171533064418082,-0.04924502427562167
1.9683936787357472,PASSED,-0.27476336870087326,-0.003233512792356439,0.00930621459047851,2.7036301580679543,0.017104114490697427,-0.049156569000879044
1.9693938787757552,PASSED,-0.2747665975677441,-0.003224217289450912,0.009288361782225613,2.7036472376419267,0.01705501421925036,-0.04906273974452753
1.9703940788157632,PASSED,-0.27476981714844345,-0.0032149402431921967,0.009269502576375308,2.703664268164697,0.017006010988519775,-0.04896355805463135
1.9713942788557712,PASSED,-0.27477302746192483,-0.0032056826504461874,0.0092496528590983,2.703681249735918,0.016957110056653592,-0.0488591810738854
1.9723944788957792,PASSED,-0.2747762285281318,-0.003196445493975004,0.009228825545906724,2.703698182460506,0.016908316647502482,-0.04874956120259841
1.9733946789357872,PASSED,-0.2747794203679848,-0.003187229744401174,0.009207032259112036,2.7037150664485297,0.01685963589146603,-0.0486348859256877
1.9743948789757952,PASSED,-0.274782603003367,-0.0031780363576784983,0.009184289698385495,2.7037319018151624,0.01681107283337175,-0.04851517287334287
1.9753950790158032,PASSED,-0.27478577645710994,-0.003168866274407855,0.009160612318814902,2.703748688680599,0.016762632477051242,-0.048390478618619
1.9763952790558112,PASSED,-0.2747889407529793,-0.003159720421595841,0.009136013140814024,2.703765427169972,0.016714319715463603,-0.04826095023365363
1.9773954790958193,PASSED,-0.2747920959156593,-0.003150599710238452,0.009110510168439763,2.703782117413281,0.0166661393638959,-0.0481266191237364
1.9783956791358273,PASSED,-0.2747952419707375,-0.003141505035683198,0.009084117479796469,2.703798759545309,0.0166180961833729,-0.04798755478917693
1.9793958791758353,PASSED,-0.2747983789446892,-0.003132437278177046,0.00905685085705582,2.7038153537055334,0.01657019481783253,-0.04784390604116276
1.9803960792158433,PASSED,-0.2748015068648614,-0.0031233973009304468,0.009028728172961959,2.7038319000380535,0.016522439838879042,-0.04769569422837478
1.9813962792558513,PASSED,-0.2748046257594559,-0.003114385950724555,0.008999764894511887,2.703848398691493,0.016474835743791022,-0.047543028994448816
1.9823964792958593,PASSED,-0.2748077356575134,-0.0031054040578961223,0.008969978117712538,2.703864849818911,0.01642738690934216,-0.047386038085134946
1.9833966793358673,PASSED,-0.2748108365888958,-0.003096452435459603,0.008939385315724002,2.7038812535777232,0.016380097648434035,-0.04722474279011245
1.9843968793758753,PASSED,-0.27481392858426934,-0.0030875318785488267,0.008908004640810482,2.7038976101295957,0.01633297217786889,-0.047059289081827445
1.9853970794158833,PASSED,-0.27481701167508693,-0.0030786431654366885,0.0088758520930239,2.7039139196403674,0.01628601461104387,-0.04688975198715252
1.9863972794558913,PASSED,-0.27482008589357004,-0.003069787055529332,0.008842948450243972,2.703930182279942,0.016239228968131767,-0.046716236862072366
1.9873974794958993,PASSED,-0.27482315127269114,-0.0030609642906121145,0.00880930922853337,2.7039463982222043,0.01619261918431292,-0.04653881512336161
1.9883976795359073,PASSED,-0.27482620784615497,-0.0030521755943816987,0.008774954231671102,2.703962567644914,0.016146189089151386,-0.04635761518697887
1.9893978795759153,PASSED,-0.2748292556483802,-0.003043421670592404,0.008739903494377154,2.703978690729612,0.016099942404871496,-0.04617273034182794
1.9903980796159233,PASSED,-0.27483229471448034,-0.003034703205147855,0.008704173411329095,2.7039947676615212,0.016053882772013143,-0.04598423453603191
1.9913982796559313,PASSED,-0.2748353250802454,-0.003026020865183486,0.008667784333062614,2.704010798629447,0.016008013724003317,-0.04579225699235706
1.992398479695939,PASSED,-0.2748383467821218,-0.0030173752971768453,0.008630757122359535,2.7040267838256704,0.01596233867684106,-0.045596907275530396
1.993398679735947,PASSED,-0.2748413598571939,-0.003008767129040833,0.008593108811780511,2.7040427234458493,0.015916860958311522,-0.04539825936554395
1.994398879775955,PASSED,-0.2748443643431638,-0.003000196969641877,0.008554859790406023,2.704058617688921,0.01587158380731748,-0.04519641207971084
1.995399079815963,PASSED,-0.2748473602783319,-0.002991665406893249,0.0085160313874431,2.704074466756988,0.01582651032486561,-0.044991529366643204
1.996399279855971,PASSED,-0.2748503477015772,-0.0029831730088253367,0.008476642521557854,2.7040902708552155,0.0157816435169432,-0.04478366029291426
1.997399479895979,PASSED,-0.2748533266523368,-0.0029747203246799528,0.008436711894601509,2.7041060301917312,0.01573698630967651,-0.04457290524920706
1.998399679935987,PASSED,-0.27485629717058646,-0.0029663078824002788,0.008396262536389237,2.7041217449775155,0.015692541495042032,-0.04435942089132796
1.999399879975995,PASSED,-0.2748592592968197,-0.0029579361894864964,0.008355313165378292,2.7041374154262887,0.015648311746316146,-0.04414330061558951
2.000400080016003,PASSED,-0.27486221307202785,-0.0029496057338205058,0.00831388399973263,2.7041530417544135,0.015604299668864572,-0.043924595342229034
2.001400280056011,PASSED,-0.27486515853767957,-0.002941316982559613,0.008271996101666302,2.704168624180778,0.015560507734189781,-0.04370349422982983
2.002400480096019,PASSED,-0.2748680957357,-0.002933070381587494,0.008229670885754154,2.7041841629266967,0.0155169382992113,-0.043480062144250785
2.003400680136027,PASSED,-0.27487102470845054,-0.0029248663570962735,0.008186926894865214,2.7041996582157917,0.015473593631265528,-0.04325440514678577
2.004400880176035,PASSED,-0.2748739454987081,-0.0029167053142755174,0.008143786771350052,2.704215110273885,0.015430475868868762,-0.043026667230085976
2.005401080216043,PASSED,-0.27487685814964413,-0.002908587636978363,0.008100270981023684,2.704230519328899,0.015387587058090858,-0.04279690647644767
2.006401280256051,PASSED,-0.2748797627048042,-0.002900513689349682,0.00805639872711931,2.7042458856107334,0.015344929127333833,-0.04256528027740761
2.007401480296059,PASSED,-0.274882659208087,-0.0028924838140814125,0.008012192962370084,2.7042612093511624,0.015302503884061472,-0.042331885268996124
2.008401680336067,PASSED,-0.2748855477037236,-0.002884498332705438,0.007967673651710867,2.7042764907837245,0.015260313048286274,-0.04209680277933397
2.009401880376075,PASSED,-0.27488842823625675,-0.0028765575470330704,0.007922860352805995,2.7042917301436122,0.015218358219290757,-0.041860179806304666
2.010402080416083,PASSED,-0.27489130085051994,-0.0028686617370849822,0.007877776344942574,2.704306927667555,0.015176640867122771,-0.04162213374243861
2.011402280456091,PASSED,-0.27489416559161656,-0.002860811162324295,0.007832440371183436,2.704322083593723,0.01513516238750371,-0.041382710203474206
2.012402480496099,PASSED,-0.2748970225048994,-0.0028530060621029664,0.007786873454758821,2.7043371981616033,0.015093924047580767,-0.041142093069253996
2.013402680536107,PASSED,-0.2748998716359495,-0.0028452466540843466,0.007741097727859808,2.7043522716119046,0.015052926997610974,-0.04090035457015087
2.014402880576115,PASSED,-0.27490271303055597,-0.002837533135962275,0.00769513171821319,2.7043673041864316,0.015012172292560817,-0.04065760537016364
2.015403080616123,PASSED,-0.2749055467346951,-0.0028298656847643047,0.0076489975178082705,2.704382296127985,0.014971660869669515,-0.04041396790539448
2.016403280656131,PASSED,-0.27490837279450975,-0.002822244456681664,0.007602715125862262,2.7043972476802596,0.014931393567722257,-0.04016952464183228
2.017403480696139,PASSED,-0.27491119125628893,-0.0028146695875682784,0.007556305105067913,2.7044121590877177,0.014891371102827502,-0.039924425063370524
2.018403680736147,PASSED,-0.2749140021664476,-0.0028071411934778023,0.007509786747414605,2.704427030595502,0.01485159409732116,-0.039678725801653915
2.019403880776155,PASSED,-0.2749168055715061,-0.002799659369473258,0.007463182175964246,2.704441862449307,0.014812063054648838,-0.039432587252769664
2.020404080816163,PASSED,-0.2749196015180701,-0.0027922241907491784,0.007416509756155819,2.704456654895289,0.014772778374769598,-0.03918607496355458
2.021404280856171,PASSED,-0.2749223900528105,-0.002784835712563471,0.0073697904720749635,2.70447140817996,0.014733740375043483,-0.03893928290115464
2.022404480896179,PASSED,-0.2749251712224435,-0.0027774939701816492,0.007323043654987341,2.704486122550065,0.014694949223634542,-0.0386923970807972
2.023404680936187,PASSED,-0.2749279450737108,-0.0027701989796781127,0.0072762884025696735,2.704500798252494,0.0146564050062613,-0.038445430901538104
2.024404880976195,PASSED,-0.2749307116533601,-0.0027629507366931307,0.007229546039923845,2.7045154355341734,0.014618107732869673,-0.038198501718352214
2.025405081016203,PASSED,-0.274933471008125,-0.0027557492173927865,0.00718283480729079,2.7045300346419583,0.014580057260026067,-0.03795178692710846
2.026405281056211,PASSED,-0.27493622318470656,-0.0027485943799920825,0.007136172462979708,2.7045445958225374,0.014542253367738926,-0.0377052958604985
2.027405481096219,PASSED,-0.2749389682297533,-0.002741486162248842,0.0070895812634140945,2.7045591193223215,0.014504695744979089,-0.037459174026063205
2.028405681136227,PASSED,-0.2749417061898427,-0.002734424483355417,0.007043077313432905,2.704573605387361,0.014467383972602759,-0.03721350460984028
2.029405881176235,PASSED,-0.27494443711146216,-0.002727409244127407,0.006996680504394947,2.7045880542632186,0.014430317505149047,-0.03696844268296006
2.030406081216243,PASSED,-0.2749471610409905,-0.002720440326751056,0.006950408624321547,2.704602466194898,0.014393495738893721,-0.03672398197023723
2.0314062812562512,PASSED,-0.27494987802467946,-0.002713517594910834,0.0069042806508222,2.7046168414267324,0.014356917972334893,-0.03648028961788813
2.0324064812962592,PASSED,-0.27495258810863565,-0.0027066408942777453,0.0068583139546000834,2.704631180202292,0.014320583370611645,-0.0362374764601531
2.0334066813362672,PASSED,-0.2749552913388024,-0.0026998100527566584,0.006812526565411083,2.7046454827642834,0.014284491024732376,-0.03599559215868171
2.0344068813762752,PASSED,-0.27495798776094216,-0.002693024880649411,0.006766935801805013,2.7046597493544633,0.014248639956434416,-0.03575471905747923
2.0354070814162832,PASSED,-0.2749606774206189,-0.0026862851706535343,0.006721559458591533,2.7046739802135424,0.014213029061679176,-0.035515011887080394
2.0364072814562912,PASSED,-0.27496336036318086,-0.0026795906984701232,0.0066764139999575785,2.7046881755810936,0.014177657148637491,-0.03527651381142035
2.0374074814962992,PASSED,-0.2749660366337435,-0.0026729412227983287,0.006631516786353162,2.7047023356954654,0.014142522965653338,-0.03503929576597353
2.0384076815363072,PASSED,-0.27496870627717285,-0.002666336486035399,0.006586883413980558,2.7047164607936858,0.014107625139084904,-0.034803513770072576
2.0394078815763153,PASSED,-0.27497136933806887,-0.002659776213788442,0.006542531468941942,2.7047305511113806,0.014072962215604123,-0.03456919662125584
2.0404080816163233,PASSED,-0.2749740258607493,-0.0026532601156834716,0.006498475862322192,2.7047446068826915,0.014038532686342522,-0.03433641768849785
2.0414082816563313,PASSED,-0.27497667588923375,-0.00264678788576681,0.006454732619554494,2.704758628340176,0.014004334912021495,-0.034105345409380455
2.0424084816963393,PASSED,-0.2749793194672278,-0.002640359202267916,0.00641131741845329,2.704772615714744,0.013970367198759437,-0.033875958497176235
2.0434086817363473,PASSED,-0.2749819566381079,-0.0026339737282235504,0.006368245128307165,2.704786569235563,0.01393662778632516,-0.033648381725677384
2.0444088817763553,PASSED,-0.2749845874449063,-0.0026276311118814404,0.006325530484645546,2.7048004891299833,0.01390311479508828,-0.03342273091101409
2.0454090818163633,PASSED,-0.2749872119302957,-0.00262133098681046,0.00628318812853707,2.7048143756234575,0.013869826292485,-0.03319901706478921
2.0464092818563713,PASSED,-0.2749898301365756,-0.0026150729721100227,0.00624123241503731,2.7048282289394714,0.013836760288916903,-0.032977327903637235
2.0474094818963793,PASSED,-0.27499244210565743,-0.002608856672756924,0.006199677311805982,2.704842049299453,0.013803914672250131,-0.032757809175527584
2.0484096819363873,PASSED,-0.27499504787905105,-0.0026026816804731014,0.006158535598501261,2.704855836922714,0.01377128728814679,-0.03254043405521778
2.0494098819763953,PASSED,-0.2749976474978511,-0.00259654757335415,0.006117821465918054,2.7048695920263737,0.013738875930154987,-0.032325307282859705
2.0504100820164033,PASSED,-0.27500024100272386,-0.002590453916007581,0.006077547933670082,2.704883314825285,0.013706678277458043,-0.03211254963966709
2.0514102820564113,PASSED,-0.27500282843389406,-0.0025844002611144423,0.00603772619945112,2.7048970055319743,0.013674691968964686,-0.03190214772915168
2.0524104820964193,PASSED,-0.2750054098311328,-0.0025783861484407035,0.005998370323263824,2.7049106643565617,0.013642914580035451,-0.03169421639595352
2.0534106821364273,PASSED,-0.275007985233745,-0.002572411105738366,0.0059594909550531976,2.7049242915067078,0.013611343604809785,-0.03148881444547069
2.0544108821764353,PASSED,-0.2750105546805574,-0.0025664746490564557,0.00592110049981465,2.7049378871875525,0.013579976500139916,-0.031285964819467355
2.0554110822164433,PASSED,-0.2750131182099074,-0.0025605762832985367,0.005883209263321509,2.704951451601642,0.013548810642338203,-0.031085786456545646
2.0564112822564513,PASSED,-0.27501567585963166,-0.0025547155021797773,0.005845829022384493,2.7049649849488815,0.013517843349897212,-0.03088829643062046
2.0574114822964593,PASSED,-0.2750182276670552,-0.002548891788713329,0.00580896976249022,2.7049784874264686,0.013487071900819806,-0.03069355084192989
2.0584116823364673,PASSED,-0.2750207736689808,-0.002543104615443736,0.0057726422743284095,2.7049919592288427,0.013456493503606235,-0.030501628127999055
2.0594118823764753,PASSED,-0.27502331390167944,-0.002537353445395656,0.0057368552305803585,2.7050054005476323,0.013426105316597567,-0.03031255959578183
2.0604120824164833,PASSED,-0.27502584840087974,-0.0025316377318070475,0.005701619160627615,2.7050188115715983,0.013395904452710636,-0.030126400081029046
2.0614122824564913,PASSED,-0.2750283772017591,-0.002525956918424929,0.005666942863112022,2.7050321924865877,0.013365887971189634,-0.029943202480983658
2.0624124824964993,PASSED,-0.2750309003389345,-0.002520310440298654,0.005632834968384279,2.705045543475488,0.013336052888882876,-0.029763002190607533
2.0634126825365073,PASSED,-0.2750334178464536,-0.0025146977239889436,0.005599303870594206,2.7050588647181693,0.013306396162983866,-0.029585875037947587
2.0644128825765153,PASSED,-0.27503592975778657,-0.0025091181880327884,0.005566357346529976,2.705072156391463,0.013276914736907772,-0.029411793434858727
2.0654130826165233,PASSED,-0.27503843610581846,-0.002503571243046989,0.0055340034119789215,2.705085418669091,0.013247605483587818,-0.029240893243347443
2.0664132826565313,PASSED,-0.2750409369228409,-0.0024980562921381342,0.005502249240105143,2.7050986517216495,0.013218465243703176,-0.029073137645504916
2.0674134826965394,PASSED,-0.27504343224054534,-0.002492572731551945,0.005471101483578566,2.705111855716559,0.013189490840291272,-0.028908580589505295
2.0684136827365474,PASSED,-0.27504592209001644,-0.0024871199510187944,0.005440566566199055,2.705125030818025,0.013160679028459197,-0.028747299327124068
2.0694138827765554,PASSED,-0.27504840650172485,-0.0024816973333045707,0.005410651812906705,2.705138177187018,0.013132026558304961,-0.0285892507056433
2.0704140828165634,PASSED,-0.2750508855055218,-0.002476304256040318,0.0053813608984837015,2.705151294981227,0.013103530141186488,-0.028434528060357744
2.0714142828565714,PASSED,-0.2750533591306331,-0.0024709400912265264,0.005352700757330204,2.705164384355027,0.01307518642879587,-0.028283168610792195
2.0724144828965794,PASSED,-0.27505582740565365,-0.0024656042049022667,0.0053246767022126955,2.7051774454594733,0.013046992107532405,-0.028135089698578992
2.0734146829365874,PASSED,-0.27505829035854246,-0.002460295958963697,0.005297292096141224,2.7051904784422476,0.013018943792360372,-0.027990465487670854
2.0744148829765954,PASSED,-0.2750607480166184,-0.0024550147111003424,0.005270551708163897,2.705203483447648,0.012991038058981252,-0.02784924530675052
2.0754150830166034,PASSED,-0.27506320040655563,-0.002449759814520897,0.005244459826966016,2.705216460616563,0.012963271514646772,-0.027711410352967005
2.0764152830566114,PASSED,-0.27506564755437957,-0.002444530618283656,0.005219020510757308,2.7052294100864587,0.012935640729544676,-0.027577034934846426
2.0774154830966194,PASSED,-0.27506808948546374,-0.0024393264690447977,0.005194235057592287,2.7052423319913377,0.01290814220447378,-0.027446185161592914
2.0784156831366274,PASSED,-0.27507052622452655,-0.0024341467103925376,0.005170107715371504,2.7052552264617553,0.012880772499439145,-0.027318718283331656
2.0794158831766354,PASSED,-0.27507295779562824,-0.0024289906823924817,0.005146641523178685,2.705268093624775,0.012853528135527629,-0.02719479433030674
2.0804160832166434,PASSED,-0.2750753842221689,-0.0024238577238844894,0.005123836497867982,2.7052809336039685,0.012826405572339312,-0.02707440909365891
2.0814162832566514,PASSED,-0.27507780552688604,-0.0024187471716808464,0.0051016960074930584,2.7052937465194145,0.012799401342180727,-0.026957444201868182
2.0824164832966594,PASSED,-0.27508022173185315,-0.002413658360340435,0.005080221562356784,2.705306532487667,0.012772511921280165,-0.02684407203302317
2.0834166833366674,PASSED,-0.2750826328584783,-0.002408590624131637,0.0050594126397582265,2.7053192916217683,0.012745733761322391,-0.026734218574275336
2.0844168833766754,PASSED,-0.27508503892750297,-0.0024035432962578244,0.005039271363181911,2.7053320240312346,0.012719063365610808,-0.026627847136452932
2.0854170834166834,PASSED,-0.2750874399590021,-0.0023985157096594006,0.005019796755250898,2.7053447298220505,0.012692497194067258,-0.026525054481615944
2.0864172834566914,PASSED,-0.27508983597238285,-0.0023935071966178275,0.005000990565787863,2.7053574090966785,0.012666031708807248,-0.026425772445603336
2.0874174834966994,PASSED,-0.2750922269863857,-0.0023885170903032472,0.004982850147108704,2.7053700619540444,0.012639663392286931,-0.026330012570127057
2.0884176835367074,PASSED,-0.27509461301908406,-0.002383544724366342,0.0049653764634361355,2.7053826884895544,0.012613388719795558,-0.02623777910553414
2.0894178835767154,PASSED,-0.2750969940878857,-0.002378589433026147,0.00494856792470092,2.705395288795089,0.012587204164577868,-0.02614907262579456
2.0904180836167234,PASSED,-0.2750993702095334,-0.0023736505525496707,0.004932422177659983,2.705407862959015,0.012561106218725535,-0.026063861336694298
2.0914182836567314,PASSED,-0.2751017414001066,-0.0023687274199821915,0.004916939494025609,2.7054204110661826,0.01253509137039428,-0.025982172994294114
2.0924184836967394,PASSED,-0.27510410767502363,-0.0023638193749563477,0.004902115380389415,2.7054329331979554,0.012509156137954615,-0.025903938736577963
2.0934186837367474,PASSED,-0.2751064690490429,-0.002358925759414557,0.004887948982724723,2.705445429432198,0.012483297029689613,-0.025829221283952482
2.0944188837767554,PASSED,-0.2751088255362662,-0.0023540459173367724,0.004874437474490495,2.705457899843306,0.012457510574599295,-0.025757944294558258
2.0954190838167635,PASSED,-0.2751111771501413,-0.002349179196269759,0.004861576795361982,2.705470344502213,0.01243179333225227,-0.02569010771533609
2.0964192838567715,PASSED,-0.2751135239034647,-0.0023443249469977125,0.0048493642565036,2.70548276347641,0.012406141861866903,-0.025625712165388753
2.0974194838967795,PASSED,-0.27511586580838554,-0.0023394825232905866,0.004837796674207409,2.70549515682996,0.012380552736891301,-0.025564733515746382
2.0984196839367875,PASSED,-0.27511820287640903,-0.0023346512834543855,0.0048268686108643806,2.7055075246235236,0.012355022577599807,-0.025507109808662255
2.0994198839767955,PASSED,-0.2751205351184006,-0.002329830589936069,0.004816576789951583,2.705519866914371,0.012329548001762914,-0.025452886522379824
2.1004200840168035,PASSED,-0.27512286254459034,-0.002325019809181663,0.0048069167307094145,2.705532183756418,0.012304125656702978,-0.02540198408497171
2.1014202840568115,PASSED,-0.2751251851645773,-0.002320218312742134,0.00479788291207525,2.705544475200238,0.01227875222763657,-0.025354392387364984
2.1024204840968195,PASSED,-0.2751275029873349,-0.0023154254777584256,0.004789469698130786,2.7055567412930936,0.012253424406067446,-0.025310107690296513
2.1034206841368275,PASSED,-0.2751298160212159,-0.002310640685902999,0.004781673293623908,2.7055689820789652,0.012228138923075938,-0.025269066525646918
2.1044208841768355,PASSED,-0.27513212427395783,-0.002305863324654367,0.004774486551970154,2.705581197598584,0.01220289255840705,-0.025231230097716877
2.1054210842168435,PASSED,-0.27513442775268915,-0.002301092788291225,0.0047679029039232705,2.705593387889447,0.012177682078903261,-0.025196645774504135
2.1064212842568515,PASSED,-0.2751367264639347,-0.0022963284759515775,0.004761918630130618,2.7056055529858667,0.012152504311173968,-0.025165182365821093
2.1074214842968595,PASSED,-0.27513902041362276,-0.0022915697942785663,0.004756523701598758,2.7056176929189997,0.012127356141536734,-0.025136827818173925
2.1084216843368675,PASSED,-0.27514130960709116,-0.002286816156548438,0.004751713749148438,2.7056298077168695,0.012102234432574025,-0.025111629725731856
2.1094218843768755,PASSED,-0.2751435940490942,-0.0022820669819131043,0.004747481892790719,2.7056418974044254,0.012077136126553605,-0.02508942355021421
2.1104220844168835,PASSED,-0.27514587374380994,-0.002277321698337173,0.004743818031358192,2.7056539620035536,0.012052058201124392,-0.025070260015213716
2.1114222844568915,PASSED,-0.2751481486948474,-0.00227257974085816,0.00474071711078247,2.705666001533143,0.012026997657861511,-0.025054065427993325
2.1124224844968995,PASSED,-0.27515041890525416,-0.002267840550961964,0.0047381717531377035,2.7056780160091027,0.012001951544850264,-0.025040811400083258
2.1134226845369075,PASSED,-0.2751526843775242,-0.002263103579118484,0.004736171903708097,2.7056900054444153,0.011976916954232935,-0.025030443428826116
2.1144228845769155,PASSED,-0.27515494511360616,-0.0022583682849892824,0.004734708946196529,2.705701969849178,0.011951891027904126,-0.025022914928797414
2.1154230846169235,PASSED,-0.2751572011149111,-0.002253634134206719,0.004733778673474208,2.7057139092306466,0.011926870941613864,-0.025018200531237392
2.1164232846569315,PASSED,-0.27515945238232176,-0.00224890060265658,0.0047333668012496475,2.705725823593277,0.011901853917218819,-0.025016240304252153
2.1174234846969395,PASSED,-0.27516169891620046,-0.0022441671754652136,0.004733467451444427,2.7057377129387694,0.011876837223225904,-0.02501699645202283
2.1184236847369475,PASSED,-0.27516394071639866,-0.0022394333449057757,0.004734072631434044,2.7057495772661277,0.011851818190119628,-0.025020390875779654
2.1194238847769555,PASSED,-0.27516617778226565,-0.0022346986139185772,0.004735169891041194,2.7057614165716957,0.011826794181725494,-0.025026420073038916
2.1204240848169635,PASSED,-0.27516841011265797,-0.002229962494908698,0.004736751755770979,2.7057732308492057,0.011801762601735885,-0.025035019933988358
2.1214242848569715,PASSED,-0.2751706377059491,-0.0022252245089779375,0.004738808714087019,2.705785020089841,0.011776720938582022,-0.02504609196711465
2.1224244848969795,PASSED,-0.27517286056003876,-0.002220484187296249,0.004741330326756781,2.7057967842822728,0.011751666706754009,-0.02505965840194848
2.1234246849369875,PASSED,-0.2751750786723631,-0.002215741071475808,0.004744306149563146,2.7058085234127214,0.011726597464652901,-0.02507563123387875
2.1244248849769956,PASSED,-0.27517729203990454,-0.002210994712681965,0.004747727223362774,2.7058202374650047,0.011701510853406804,-0.025093931254243317
2.1254250850170036,PASSED,-0.2751795006592017,-0.002206244671985479,0.004751583011901761,2.705831926420591,0.011676404547076963,-0.025114556380235267
2.1264252850570116,PASSED,-0.2751817045263603,-0.002201490522209144,0.004755860952623672,2.7058435902586626,0.01165127628075908,-0.02513740627631576
2.1274254850970196,PASSED,-0.2751839036370632,-0.0021967318455610083,0.004760553778476732,2.7058552289561564,0.011626123843356238,-0.025162458153858053
2.1284256851370276,PASSED,-0.2751860979865807,-0.0021919682341994744,0.004765649750238812,2.705866842487835,0.011600945084034836,-0.025189626766429937
2.1294258851770356,PASSED,-0.27518828756978236,-0.002187199293450496,0.004771134748137999,2.705878430826334,0.011575737909444394,-0.02521887313978351
2.1304260852170436,PASSED,-0.2751904723811464,-0.002182424637615647,0.004777003225990311,2.7058899939422183,0.011550500270929876,-0.025250148764340164
2.1314262852570516,PASSED,-0.27519265241477203,-0.002177643892248858,0.004783240127321823,2.705901531804051,0.011525230200927099,-0.02528335082839939
2.1324264852970596,PASSED,-0.27519482766438974,-0.0021728566950836017,0.004789835190546165,2.705913044378438,0.011499925774405277,-0.025318476984104856
2.1334266853370676,PASSED,-0.2751969981233727,-0.0021680626942158893,0.004796777985823159,2.7059245316301004,0.011474585126294533,-0.025355428861835595
2.1344268853770756,PASSED,-0.2751991637847483,-0.0021632615489917744,0.00480405671630907,2.7059359935219227,0.011449206458413656,-0.025394160560236065
2.1354270854170836,PASSED,-0.275201324641209,-0.002158452930876737,0.0048116590475226085,2.7059474300150224,0.011423788032096833,-0.02543460348788173
2.1364272854570916,PASSED,-0.27520348068512435,-0.002153636522436351,0.004819574702295136,2.7059588410688087,0.011398328170250271,-0.02547670075235043
2.1374274854970996,PASSED,-0.2752056319085524,-0.0021488120180475734,0.004827790846432796,2.7059702266410337,0.011372825241137875,-0.025520414685759517
2.1384276855371076,PASSED,-0.2752077783032512,-0.002143979123316764,0.00483629732039309,2.705981586687869,0.011347277697879708,-0.025565628973106228
2.1394278855771156,PASSED,-0.2752099198606907,-0.0021391375561586974,0.00484508038318296,2.7059929211639617,0.011321684058009646,-0.025612313801364597
2.1404280856171236,PASSED,-0.27521205657206427,-0.002134287046073972,0.004854129885754609,2.7060042300224927,0.011296042869280824,-0.025660438680462423
2.1414282856571316,PASSED,-0.27521418842830075,-0.0021294273340630616,0.0048634334276806395,2.706015513215244,0.011270352768500995,-0.025709875512740732
2.1424284856971396,PASSED,-0.2752163154200763,-0.0021245581736798634,0.004872978353543838,2.7060267706926537,0.011244612452287495,-0.025760610014005276
2.1434286857371476,PASSED,-0.275218437537826,-0.0021196793297297385,0.004882754347845656,2.7060380024038952,0.011218820677672811,-0.02581255101513717
2.1444288857771556,PASSED,-0.27522055477175617,-0.0021147905793193885,0.004892747785352508,2.7060492082969234,0.011192976264604745,-0.025865654436685922
2.1454290858171636,PASSED,-0.2752226671118562,-0.002109891711707395,0.004902947496421622,2.7060603883185443,0.01116707808917431,-0.025919856092930862
2.1464292858571716,PASSED,-0.2752247745479105,-0.0021049825276592085,0.00491334174936344,2.706071542414486,0.01114112511003198,-0.025975061175262177
2.1474294858971796,PASSED,-0.27522687706951043,-0.0021000628402510356,0.004923917847378754,2.7060826705294483,0.011115116333511199,-0.02603125341779143
2.1484296859371876,PASSED,-0.27522897466606644,-0.0020951324747031388,0.004934664014909083,2.706093772607174,0.01108905082219565,-0.026088349914056005
2.1494298859771956,PASSED,-0.27523106732682007,-0.0020901912680390353,0.0049455684302322014,2.7061048485905137,0.011062927728731029,-0.02614625583166438
2.1504300860172036,PASSED,-0.2752331550408559,-0.0020852390690346734,0.004956619387114661,2.7061158984214866,0.011036746251389172,-0.026204958348652187
2.1514302860572116,PASSED,-0.2752352377971135,-0.002080275738974829,0.004967803841663474,2.706126922041342,0.01101050564057077,-0.026264379131564916
2.1524304860972197,PASSED,-0.2752373155843996,-0.002075301151209702,0.004979110380769459,2.7061379193906303,0.010984205241798613,-0.026324411865885005
2.1534306861372277,PASSED,-0.2752393883913998,-0.0020703151898388917,0.004990528697504539,2.706148890409259,0.010957844446494915,-0.026385050928907743
2.1544308861772357,PASSED,-0.2752414562066906,-0.0020653177523307018,0.005002043381980422,2.7061598350365546,0.010931422687122242,-0.02644623166851787
2.1554310862172437,PASSED,-0.27524351901875144,-0.0020603087477406626,0.005013645395411656,2.7061707532113335,0.010904939497645287,-0.02650782801591301
2.1564312862572517,PASSED,-0.2752455768159763,-0.002055288095851484,0.0050253228850230015,2.7061816448719593,0.010878394465542009,-0.026569834828186714
2.1574314862972597,PASSED,-0.2752476295866855,-0.002050255729277119,0.005037062367259877,2.706192509956404,0.010851787208680774,-0.02663220488326823
2.1584316863372677,PASSED,-0.2752496773191378,-0.002045211592375453,0.005048853257937311,2.7062033484023136,0.010825117442956372,-0.0266948062851605
2.1594318863772757,PASSED,-0.27525172000154174,-0.0020401556407533814,0.005060683864827732,2.7062141601470717,0.010798384949843096,-0.026757617665352954
2.1604320864172837,PASSED,-0.2752537576220672,-0.0020350878413593087,0.00507254308023632,2.7062249451278517,0.010771589527657523,-0.02682062519905188
2.1614322864572917,PASSED,-0.2752557901688574,-0.0020300081733489817,0.005084417963720879,2.706235703281687,0.010744731069346987,-0.0268836803848598
2.1624324864972992,PASSED,-0.27525781763004,-0.00202491662730562,0.005096298096455297,2.7062464345455357,0.010717809554593201,-0.02694673766640594
2.1634326865373072,PASSED,-0.27525983999373854,-0.0020198132041754713,0.005108173152611335,2.706257138856321,0.010690824953071823,-0.027009844091360587
2.1644328865773153,PASSED,-0.27526185724808383,-0.0020146979170287487,0.0051200298094637295,2.7062678161510165,0.01066377734156206,-0.027072789788695244
2.1654330866173233,PASSED,-0.27526386938122527,-0.002009570790513914,0.005131857651748576,2.7062784663666877,0.010636666873908424,-0.027135586230261695
2.1664332866573313,PASSED,-0.2752658763813417,-0.0020044318592093665,0.005143647073079638,2.7062890894405576,0.01060949370662245,-0.027198221323120567
2.1674334866973393,PASSED,-0.2752678782366528,-0.0019992811693001376,0.005155385133328788,2.7062996853100643,0.010582258085802645,-0.027260553817594114
2.1684336867373473,PASSED,-0.27526987493542954,-0.001994118778002302,0.005167062074173986,2.7063102539129162,0.010554960329303907,-0.027322558286166577
2.1694338867773553,PASSED,-0.27527186646600543,-0.001988944752887425,0.005178667142011921,2.7063207951871564,0.010527600786919479,-0.027384198449935955
2.1704340868173633,PASSED,-0.275273852816787,-0.001983759172343045,0.005190189479292025,2.70633130907121,0.0105001798667153,-0.02744540137367243
2.1714342868573713,PASSED,-0.27527583397626426,-0.001978562125278347,0.0052016187883021665,2.706341795503947,0.010472698048847933,-0.027506095529828623
2.1724344868973793,PASSED,-0.2752778099330215,-0.001973353710946128,0.005212944694830587,2.7063522544247385,0.010445155865184916,-0.027566242418476897
2.1734346869373873,PASSED,-0.27527978067574704,-0.001968134038732605,0.005224157225984707,2.7063626857734984,0.01041755387084154,-0.027625828959974747
2.1744348869773953,PASSED,-0.275281746193244,-0.0019629032283940907,0.005235245746867611,2.7063730894907576,0.010389892717535137,-0.027684702870688027
2.1754350870174033,PASSED,-0.27528370647444006,-0.0019576614095227003,0.005246200954405721,2.7063834655176993,0.010362173095955798,-0.027742900718439815
2.1764352870574113,PASSED,-0.27528566150839723,-0.0019524087213225877,0.005257013030583444,2.7063938137962156,0.010334395716515659,-0.02780036525460672
2.1774354870974193,PASSED,-0.2752876112843219,-0.0019471453131175809,0.005267671654622445,2.706404134268972,0.010306561397736136,-0.027856954462799788
2.1784356871374273,PASSED,-0.2752895557915741,-0.0019418713433062224,0.0052781685825159285,2.706414426879442,0.010278670977640594,-0.027912730517370633
2.1794358871774353,PASSED,-0.2752914950196773,-0.0019365869797430117,0.005288493550340223,2.706424691571963,0.010250725315595427,-0.027967616397031412
2.1804360872174433,PASSED,-0.27529342895832737,-0.001931292399836613,0.00529863747710395,2.706434928291788,0.01022272537814176,-0.02802148482475701
2.1814362872574513,PASSED,-0.27529535759740204,-0.0019259877900105558,0.005308591392026254,2.7064451369851286,0.010194672148064878,-0.02807439357829862
2.1824364872974593,PASSED,-0.27529728092696937,-0.001920673344688136,0.005318347942681852,2.706455317599208,0.010166566640963918,-0.028126249449403732
2.1834366873374673,PASSED,-0.27529919893729704,-0.0019153492680388745,0.0053278957869812675,2.706465470082305,0.010138409953824087,-0.028176978933449347
2.1844368873774753,PASSED,-0.2753011116188609,-0.0019100157728464007,0.005337228129468681,2.7064755943837997,0.010110203205999358,-0.02822659375224747
2.1854370874174833,PASSED,-0.27530301896235276,-0.001904673078514094,0.005346338467532221,2.7064856904542136,0.010081947550781319,-0.028275029528568918
2.1864372874574913,PASSED,-0.27530492095868975,-0.0018993214148637632,0.005355213772196312,2.706495758245262,0.010053644217122884,-0.02832220307834511
2.1874374874974993,PASSED,-0.27530681759902137,-0.0018939610189189838,0.005363850726501295,2.7065057977098963,0.01002529446417654,-0.028368119525010605
2.1884376875375073,PASSED,-0.27530870887473796,-0.0018885921342409876,0.0053722406456593865,2.7065158088023327,0.009996899559601792,-0.028412761274571156
2.1894378875775153,PASSED,-0.2753105947774783,-0.001883215013744908,0.005380373729693103,2.7065257914781107,0.009968460858577782,-0.028455994190301606
2.1904380876175233,PASSED,-0.27531247529913705,-0.0018778299172675505,0.00538824497580021,2.7065357456941177,0.009939979739348516,-0.028497869255243977
2.1914382876575313,PASSED,-0.27531435043187213,-0.0018724371112283774,0.005395846748088218,2.706545671408641,0.009911457599542242,-0.028538320173628312
2.1924384876975394,PASSED,-0.27531622016811175,-0.0018670368694934851,0.005403171726095116,2.706555568581396,0.009882895899103565,-0.028577287282044676
2.1934386877375474,PASSED,-0.2753180845005614,-0.0018616294732701213,0.00541021255487628,2.706565437173562,0.009854296118365444,-0.028614776375505985
2.1944388877775554,PASSED,-0.2753199434222109,-0.0018562152097692313,0.005416964131565881,2.7065752771478375,0.009825659794439431,-0.02865068895968575
2.1954390878175634,PASSED,-0.2753217969263401,-0.0018507943721586494,0.005423419929925981,2.706585088468437,0.009796988460046422,-0.02868509801522505
2.1964392878575714,PASSED,-0.27532364500652634,-0.0018453672613863868,0.005429571333820168,2.706594871101165,0.009768283710005078,-0.028717851392088187
2.1974394878975794,PASSED,-0.2753254876566496,-0.0018399341832880266,0.005435415941386953,2.7066046250134184,0.009739547178745993,-0.028748984503749218
2.1984396879375874,PASSED,-0.27532732487089884,-0.001834495449031061,0.005440946467351129,2.7066143501742412,0.009710780508888963,-0.028778460092551552
2.1994398879775954,PASSED,-0.2753291566437777,-0.0018290513766182162,0.005446156376507325,2.7066240465543294,0.009681985367042364,-0.028806263015961044
2.2004400880176034,PASSED,-0.27533098297011005,-0.0018236022893937298,0.005451041123139101,2.706633714126088,0.009653163486219009,-0.02883229269495366
2.2014402880576114,PASSED,-0.2753328038450451,-0.0018181485146738104,0.005455597117772878,2.706643352863633,0.00962431659228598,-0.02885662809174782
2.2024404880976194,PASSED,-0.2753346192640625,-0.001812690385321321,0.005459817508967446,2.706652962742841,0.009595446443695081,-0.028879162256999595
2.2034406881376274,PASSED,-0.27533642922297746,-0.0018072282399883694,0.005463697215607573,2.7066625437413525,0.00956655483259036,-0.028899910336538718
2.2044408881776354,PASSED,-0.2753382337179451,-0.0018017624204221775,0.005467234466581437,2.706672095838621,0.009537643579383274,-0.028918815120782506
2.2054410882176434,PASSED,-0.27534003274546504,-0.0017962932730634384,0.005470422620177734,2.7066816190159124,0.009508714508440107,-0.028935908158090357
2.2064412882576514,PASSED,-0.2753418263023856,-0.0017908211492264471,0.005473257981533527,2.706691113256351,0.009479769484222397,-0.028951101590790566
2.2074414882976594,PASSED,-0.2753436143859077,-0.0017853464034426334,0.005475737652000217,2.706700578544914,0.009450810376879223,-0.028964444511428544
2.2084416883376674,PASSED,-0.2753453969935889,-0.0017798693936009094,0.0054778579682069044,2.706710014868477,0.009421839087474146,-0.028975852667509214
2.2094418883776754,PASSED,-0.27534717412334664,-0.0017743904819353079,0.005479614130531465,2.706719422215817,0.009392857539102384,-0.028985345507931103
2.2104420884176834,PASSED,-0.275348945773462,-0.0017689100336509243,0.005481004386951794,2.7067288005776424,0.009363867660358157,-0.028992900901756036
2.2114422884576914,PASSED,-0.2753507119425822,-0.001763428416240875,0.005482026092114442,2.7067381499465903,0.009334871387202733,-0.0289985213245342
2.2124424884976994,PASSED,-0.27535247262972445,-0.0017579460011605702,0.005482674405764994,2.706747470317264,0.00930587070008521,-0.029002130979518377
2.2134426885377074,PASSED,-0.2753542278342777,-0.00175246316170881,0.0054829494824237745,2.706756761686233,0.009276867577232787,-0.029003784101024735
2.2144428885777154,PASSED,-0.2753559775560059,-0.001746980273707944,0.005482847013161005,2.7067660240520546,0.009247863996191074,-0.02900344566883862
2.2154430886177234,PASSED,-0.27535772179504964,-0.001741497715227578,0.005482366125169816,2.706775257415276,0.00921886196302726,-0.029001091493799088
2.2164432886577314,PASSED,-0.2753594605519287,-0.0017360158663207088,0.005481504094668897,2.706784461778459,0.009189863503356398,-0.028996705122237214
2.2174434886977394,PASSED,-0.2753611938275437,-0.0017305351085739435,0.0054802601814963195,2.7067936371461743,0.009160870620879015,-0.028990334047480668
2.2184436887377474,PASSED,-0.27536292162317755,-0.0017250558252915878,0.005478632016262215,2.706802783525021,0.009131885345159288,-0.028981903501224378
2.2194438887777554,PASSED,-0.2753646439404972,-0.0017195784012918264,0.005476618655427488,2.706811900923635,0.009102909732921919,-0.028971418061465512
2.2204440888177635,PASSED,-0.2753663607815545,-0.0017141032217340335,0.005474220159369834,2.706820989352686,0.009073945808372282,-0.028958928875083934
2.2214442888577715,PASSED,-0.2753680721487876,-0.0017086306732537878,0.005471434027496083,2.706830048824885,0.009044995607498435,-0.028944382206355524
2.2224444888977795,PASSED,-0.27536977804502133,-0.0017031611435099558,0.005468260221389548,2.706839079355005,0.009016061217049136,-0.028927729277929384
2.2234446889377875,PASSED,-0.27537147847346793,-0.0016976950196976044,0.005464699539659461,2.7068480809598547,0.008987144664197113,-0.02890910190141948
2.2244448889777955,PASSED,-0.2753731734377273,-0.001692232689549297,0.005460750554072812,2.706857053658304,0.008958247989067775,-0.028888390614618446
2.2254450890178035,PASSED,-0.2753748629417875,-0.0016867745416096868,0.005456412863301765,2.7068659974712803,0.00892937328639332,-0.028865577381013516
2.2264452890578115,PASSED,-0.2753765469900244,-0.0016813209636657393,0.0054516879977116505,2.7068749124217564,0.008900522583135532,-0.028840787175636547
2.2274454890978195,PASSED,-0.2753782255872012,-0.0016758723422034155,0.005446577105398624,2.706883798534769,0.008871697930282509,-0.028813896637947596
2.2284456891378275,PASSED,-0.2753798987384686,-0.0016704290650521355,0.005441077181867717,2.706892655837389,0.008842901382725666,-0.02878498150277057
2.2294458891778355,PASSED,-0.27538156644936346,-0.0016649915183871383,0.005435192987083595,2.7069014843587547,0.008814134995481462,-0.028753991071825212
2.2304460892178435,PASSED,-0.2753832287258086,-0.001659560086753898,0.005428924064011846,2.7069102841300245,0.008785400785694921,-0.028721022263017836
2.2314462892578515,PASSED,-0.2753848855741111,-0.0016541351543720292,0.005422271260440144,2.7069190551844127,0.008756700802364145,-0.028685957375950116
2.2324464892978595,PASSED,-0.2753865370009615,-0.0016487171042337905,0.005415236056771373,2.7069277975571504,0.008728037077326589,-0.028648903478625486
2.2334466893378675,PASSED,-0.27538818301343215,-0.0016433063170435318,0.005407821279250145,2.7069365112855004,0.008699411613945333,-0.028609836649677093
2.2344468893778755,PASSED,-0.2753898236189758,-0.0016379031724569027,0.005400026791548125,2.7069451964087325,0.008670826427941331,-0.0285687522402181
2.2354470894178835,PASSED,-0.2753914588254233,-0.0016325080477451097,0.005391856658623229,2.7069538529681254,0.00864228352529391,-0.028525669585557974
2.2364472894578915,PASSED,-0.27539308864098233,-0.0016271213184752605,0.005383311010666382,2.706962481006943,0.008613784877479644,-0.028480633300070137
2.2374474894978995,PASSED,-0.2753947130742344,-0.0016217433576370666,0.00537439405654541,2.706971080570447,0.008585332482839811,-0.028433568866339732
2.2384476895379075,PASSED,-0.2753963321341331,-0.0016163745357587335,0.005365107092858206,2.7069796517058546,0.00855692829420474,-0.028384601814220516
2.2394478895779155,PASSED,-0.2753979458300011,-0.0016110152211172256,0.005355453007274122,2.7069881944623404,0.00852857423985155,-0.028333689379168917
2.2404480896179235,PASSED,-0.27539955417152795,-0.0016056657788301057,0.0053454351403505315,2.706996708891027,0.008500272289351827,-0.0282807912467583
2.2414482896579315,PASSED,-0.27540115716876645,-0.001600326570681812,0.005335056820256129,2.7070051950449607,0.008472024352694079,-0.028226033598407883
2.2424484896979395,PASSED,-0.2754027548321305,-0.0015949979561434135,0.005324319683826464,2.707013652979096,0.008443832305459462,-0.02816938965875596
2.2434486897379475,PASSED,-0.27540434717239093,-0.0015896802910553341,0.005313228690914657,2.7070220827502776,0.00841569805283142,-0.02811082794089944
2.2444488897779555,PASSED,-0.27540593420067283,-0.0015843739271492975,0.005301787382785004,2.707030484417236,0.008387623478511352,-0.028050405239515373
2.2454490898179635,PASSED,-0.2754075159284515,-0.0015790792133626977,0.005289998055809543,2.7070388580405456,0.008359610390244139,-0.027988210285678165
2.2464492898579715,PASSED,-0.27540909236754907,-0.0015737964946298795,0.005277865850823942,2.7070472036826243,0.008331660630048475,-0.02792412680232286
2.2474494898979795,PASSED,-0.27541066353013033,-0.0015685261113970142,0.005265394820892862,2.707055521407702,0.008303776022747622,-0.027858260966539827
2.2484496899379876,PASSED,-0.2754122294286991,-0.0015632684007130693,0.005252587925979555,2.7070638112818046,0.008275958324147728,-0.027790657022127796
2.2494498899779956,PASSED,-0.27541379007609346,-0.001558023694990555,0.005239450920204019,2.707072073372733,0.008248209306575242,-0.02772125793938923
2.2504500900180036,PASSED,-0.2754153454854822,-0.001552792322347964,0.005225987124182298,2.7070803077500347,0.008220530718460226,-0.027650141565434612
2.2514502900580116,PASSED,-0.2754168956703596,-0.0015475746064188534,0.005212201799062802,2.7070885144849837,0.008192924255964004,-0.02757734311674413
2.2524504900980196,PASSED,-0.2754184406445413,-0.0015423708659847483,0.005198099524133129,2.7070966936505574,0.00816539161717511,-0.027502835903661857
2.2534506901380276,PASSED,-0.2754199804221594,-0.0015371814152763785,0.005183684831194009,2.7071048453214117,0.008137934478511778,-0.027426673836445266
2.2544508901780356,PASSED,-0.2754215150176578,-0.0015320065635100447,0.005168963056426928,2.707112969573845,0.008110554451278229,-0.02734892949828635
2.2554510902180436,PASSED,-0.27542304444578675,-0.001526846614638561,0.005153939414854411,2.707121066485786,0.008083253156170618,-0.027269538847162694
2.2564512902580516,PASSED,-0.27542456872159826,-0.0015217018676915218,0.005138618635162803,2.707129136136766,0.008056032203250263,-0.027188562302482847
2.2574514902980596,PASSED,-0.2754260878604405,-0.001516572616380964,0.005123006427487905,2.707137178607876,0.008028893113645904,-0.027106107805610166
2.2584516903380676,PASSED,-0.2754276018779525,-0.0015114591486153715,0.005107108657662115,2.707145193981753,0.00800183741679756,-0.02702208954349944
2.2594518903780756,PASSED,-0.27542911079005894,-0.0015063617474426719,0.005090929516058095,2.707153182342547,0.00797486664016421,-0.026936568026582553
2.2604520904180836,PASSED,-0.2754306146129641,-0.001501280689860973,0.005074476292125903,2.7071611437758913,0.007947982228011652,-0.026849641569874527
2.2614522904580916,PASSED,-0.27543211336314655,-0.001496216246936391,0.0050577540128866234,2.7071690783688687,0.007921185610627435,-0.026761267927111455
2.2624524904980996,PASSED,-0.2754336070573533,-0.0014911686845455357,0.005040767976167746,2.707176986209984,0.00789447821393489,-0.02667148253616934
2.2634526905381076,PASSED,-0.2754350957125939,-0.001486138261881435,0.005023525789389142,2.707184867389139,0.007867861413642473,-0.026580345463249486
2.2644528905781156,PASSED,-0.27543657934613414,-0.0014811252323324179,0.005006032055435859,2.7071927219975866,0.007841336531993133,-0.02648790577340104
2.2654530906181236,PASSED,-0.2754380579754904,-0.001476129843713947,0.004988292993827443,2.7072005501279137,0.007814904895782874,-0.02639412316816032
2.2664532906581316,PASSED,-0.2754395316184235,-0.00147115233714254,0.004970315623126766,2.7072083518739953,0.0077885677874309145,-0.02629909847449225
2.2674534906981396,PASSED,-0.27544100029293206,-0.0014661929471055273,0.004952106312937043,2.7072161273309723,0.007762326435542024,-0.026202854165155574
2.2684536907381476,PASSED,-0.27544246401724637,-0.0014612519022142556,0.004933670610161842,2.7072238765952124,0.007736182063275546,-0.026105384334026305
2.2694538907781556,PASSED,-0.2754439228098223,-0.00145632942515324,0.004915014694917878,2.707231599764276,0.007710135847887079,-0.026006769424760236
2.2704540908181636,PASSED,-0.27544537668933405,-0.0014514257306949415,0.00489614763388563,2.7072392969368853,0.00768418892295129,-0.025907028609808792
2.2714542908581716,PASSED,-0.27544682567466866,-0.0014465410280896324,0.004877072586258092,2.7072469682128855,0.0076583424041573095,-0.025806178916762634
2.2724544908981796,PASSED,-0.27544826978491843,-0.0014416755202458491,0.004857798015466697,2.707254613693211,0.007632597359691323,-0.025704288165467493
2.2734546909381876,PASSED,-0.2754497090393749,-0.001436829402010692,0.004838331714950688,2.7072622334798564,0.007606954829962328,-0.02560135743801391
2.2744548909781956,PASSED,-0.2754511434575217,-0.00143200286253665,0.004818677980102382,2.707269827675832,0.007581415818666634,-0.02549744720081452
2.2754550910182036,PASSED,-0.2754525730590282,-0.0014271960846259917,0.00479884453102918,2.707277396385129,0.007555981281155813,-0.025392597717492124
2.2764552910582116,PASSED,-0.2754539978637422,-0.0014224092424774087,0.004778840560285233,2.7072849397126895,0.007530652153588304,-0.025286814134185587
2.2774554910982197,PASSED,-0.27545541789168343,-0.001417642504798706,0.004758669090980845,2.707292457764363,0.007505429330154765,-0.025180162966440864
2.2784556911382277,PASSED,-0.2754568331630367,-0.0014128960340594157,0.004738338504829765,2.7072999506468767,0.007480313661594917,-0.025072672288786204
2.2794558911782357,PASSED,-0.2754582436981445,-0.0014081699831376758,0.0047178591996800716,2.7073074184677974,0.007455305976698609,-0.024964359967989156
2.2804560912182437,PASSED,-0.2754596495175004,-0.0014034645001139872,0.004697232239694474,2.7073148613354845,0.007430407043143321,-0.024855315946819317
2.2814562912582517,PASSED,-0.27546105064174214,-0.0013987797266569446,0.004676467601941628,2.707322279359067,0.007405617612394883,-0.024745507282851607
2.2824564912982597,PASSED,-0.275462447091644,-0.0013941157942526034,0.004655575605941335,2.7073296726484024,0.007380938405617144,-0.024635006440996778
2.2834566913382677,PASSED,-0.2754638388881107,-0.0013894728301564615,0.004634556422941961,2.707337041314029,0.007356370068730016,-0.024523890517883656
2.2844568913782757,PASSED,-0.2754652260521692,-0.0013848509543111166,0.004613422126946348,2.7073443854671413,0.007331913242493399,-0.02441211671577044
2.2854570914182837,PASSED,-0.2754666086049627,-0.0013802502778786025,0.004592179302892656,2.7073517052195517,0.007307568543921251,-0.02429975314306632
2.2864572914582917,PASSED,-0.27546798656774263,-0.0013756709060165086,0.0045708335682277165,2.7073590006836414,0.00728333650141828,-0.024186902076240184
2.2874574914982997,PASSED,-0.27546935996186217,-0.0013711129375112488,0.004549391796614419,2.707366271972335,0.007259217638315692,-0.024073503786819026
2.2884576915383077,PASSED,-0.27547072880876894,-0.0013665764626740661,0.004527863530894762,2.7073735191990562,0.007235212460040678,-0.02395962793381252
2.2894578915783157,PASSED,-0.2754720931299978,-0.0013620615650964433,0.004506253608774798,2.707380742477693,0.007211321389787787,-0.02384536513227731
2.2904580916183237,PASSED,-0.27547345294716397,-0.0013575683219421686,0.004484569517941118,2.707387941922563,0.0071875448389471346,-0.023730674646235596
2.2914582916583317,PASSED,-0.27547480828195564,-0.0013530968026100648,0.004462819208212216,2.7073951176483617,0.007163883179224474,-0.0236156497736117
2.2924584916983397,PASSED,-0.2754761591561272,-0.0013486470694983885,0.0044410090473188755,2.7074022697701525,0.0071403367510437495,-0.02350028045213262
2.2934586917383477,PASSED,-0.275477505591492,-0.0013442191781224875,0.004419146261622721,2.7074093984032936,0.007116905832067985,-0.023384677991520376
2.2944588917783557,PASSED,-0.27547884760991537,-0.001339813177339911,0.004397237129879087,2.7074165036634326,0.0070935906875167825,-0.023268788924323536
2.2954590918183637,PASSED,-0.2754801852333074,-0.001335429107815297,0.004375291121104187,2.7074235856664552,0.007070391557452416,-0.02315269082439449
2.2964592918583717,PASSED,-0.27548151848361646,-0.0013310670044627132,0.004353311506903738,2.7074306445284404,0.007047308589949555,-0.023036485288506336
2.2974594918983797,PASSED,-0.2754828473828215,-0.0013267268949638227,0.004331308160214966,2.70743768036564,0.007024341945957526,-0.02292008312771174
2.2984596919383877,PASSED,-0.2754841719529259,-0.0013224087994683743,0.004309287052270705,2.707444693294433,0.0070014917586741455,-0.022803590053826185
2.2994598919783957,PASSED,-0.27548549221595,-0.0013181127319310726,0.00428725452732252,2.707451683431289,0.006978758069959339,-0.02268708782212706
2.3004600920184037,PASSED,-0.27548680819392424,-0.0013138386991408773,0.004265218298777543,2.7074586508927347,0.0069561409246250636,-0.022570517009041474
2.3014602920584117,PASSED,-0.2754881199088829,-0.0013095867011525416,0.00424318444804116,2.7074655957953166,0.006933640344423582,-0.022453955663108226
2.3024604920984197,PASSED,-0.27548942738285676,-0.0013053567315136777,0.00422115976607934,2.7074725182555603,0.006911256267956914,-0.0223374903357094
2.3034606921384277,PASSED,-0.27549073063786655,-0.0013011487763780608,0.004199152048641606,2.7074794183899455,0.006888988634079889,-0.02222106290456794
2.3044608921784357,PASSED,-0.2754920296959164,-0.0012969628161613725,0.004177165662053242,2.7074862963148605,0.00686683735369052,-0.02210475871256858
2.3054610922184438,PASSED,-0.2754933245789873,-0.0012927988245776617,0.004155208864815866,2.707493152146578,0.0068448022737004205,-0.0219886275084541
2.3064612922584518,PASSED,-0.27549461530903013,-0.0012886567675818477,0.0041332890831461125,2.7074999860012032,0.006822883209111657,-0.02187268930897031
2.3074614922984598,PASSED,-0.2754959019079596,-0.0012845366060614985,0.004111409811818058,2.7075067979946574,0.0068010799701624935,-0.02175693870929154
2.3084616923384678,PASSED,-0.27549718439764753,-0.0012804382945081068,0.004089579381107362,2.707513588242639,0.006779392319130525,-0.02164145924708686
2.3094618923784758,PASSED,-0.27549846279991674,-0.0012763617800209777,0.004067804557810107,2.707520356860579,0.006757819953965762,-0.021526302443213918
2.3104620924184838,PASSED,-0.27549973713653453,-0.001272307004021245,0.004046090294347755,2.707527103963623,0.006736362582218507,-0.021411417949948695
2.3114622924584918,PASSED,-0.27550100742920663,-0.0012682739023938388,0.004024442516112038,2.70753382966659,0.0067150198752294575,-0.0212968996817845
2.3124624924984998,PASSED,-0.2755022736995709,-0.0012642624036666235,0.00400286953461788,2.707540534083936,0.006693791429319365,-0.021182810062297525
2.313462692538508,PASSED,-0.2755035359691915,-0.0012602724310385033,0.003981374690455501,2.7075472173297324,0.006672676851114865,-0.02106909029930271
2.314462892578516,PASSED,-0.2755047942595526,-0.001256303902135668,0.003959965044421809,2.707553879517631,0.006651675725292968,-0.02095581617029238
2.315463092618524,PASSED,-0.27550604859205263,-0.0012523567277980048,0.0039386471998243125,2.7075605207608238,0.006630787549861856,-0.020843081604991848
2.316463292658532,PASSED,-0.2755072989879986,-0.0012484308136278786,0.003917425483660881,2.707567141172022,0.0066100118322065275,-0.020730808355552355
2.31746349269854,PASSED,-0.2755085454686001,-0.0012445260599561396,0.0038963057971244794,2.707573740863428,0.006589348071470994,-0.020619062322186153
2.318463692738548,PASSED,-0.27550978805496384,-0.0012406423604532507,0.003875295306731814,2.7075803199466892,0.006568795673861886,-0.0205079544670551
2.319463892778556,PASSED,-0.275511026768088,-0.001236779603777609,0.003854397588248315,2.707586878532892,0.0065483540633804556,-0.020397381157681076
2.320464092818564,PASSED,-0.27551226162885667,-0.001232937673877356,0.00383361810825622,2.7075934167325113,0.006528022640116008,-0.020287451335627316
2.321464292858572,PASSED,-0.275513492658035,-0.0012291164486024555,0.0038129633859967644,2.707599934655391,0.006507800726933333,-0.020178221080706882
2.32246449289858,PASSED,-0.2755147198762633,-0.0012253158004107978,0.003792438062098115,2.707606432410725,0.006487687675179787,-0.020069605535440693
2.323464692938588,PASSED,-0.2755159433040521,-0.0012215355970088986,0.003772046961766408,2.707612910107015,0.006467682792086177,-0.019961734799056607
2.324464892978596,PASSED,-0.2755171629617774,-0.0012177757017240033,0.0037517941669814796,2.707619367852052,0.006447785323810771,-0.01985462392630664
2.325465093018604,PASSED,-0.2755183788696751,-0.0012140359717499288,0.003731687178803245,2.707625805752882,0.006427994527347433,-0.019748244821358615
2.326465293058612,PASSED,-0.27551959104783685,-0.0012103162601316243,0.0037117279113053677,2.707632223915797,0.006408309652233997,-0.019642628641487945
2.32746549309862,PASSED,-0.2755207995162047,-0.0012066164153524206,0.0036919226911363,2.7076386224462903,0.006388729863944453,-0.0195378947215812
2.328465693138628,PASSED,-0.2755220042945668,-0.0012029362812323184,0.003672275072746317,2.7076450014490434,0.0063692543342032054,-0.019433953087691504
2.329465893178636,PASSED,-0.275523205402553,-0.001199275696739523,0.003652790772828163,2.707651361027905,0.006349882250555379,-0.019330837354584206
2.330466093218644,PASSED,-0.2755244028596297,-0.0011956344966444145,0.00363347297662854,2.7076577012858523,0.006330612703463856,-0.01922868691614804
2.331466293258652,PASSED,-0.27552559668509674,-0.0011920125121838445,0.0036143254498643513,2.7076640223249866,0.006311444798076104,-0.019127384368822525
2.33246649329866,PASSED,-0.2755267868980821,-0.001188409569389405,0.0035953543574895955,2.707670324246494,0.0062923776391391436,-0.01902700864905023
2.333466693338668,PASSED,-0.27552797351753844,-0.0011848254908412674,0.0035765613419027364,2.707676607150643,0.006273410279333859,-0.01892759390944112
2.334466893378676,PASSED,-0.2755291565622391,-0.001181260095442996,0.0035579514358507467,2.7076828711367456,0.006254541746657394,-0.018829158521148234
2.335467093418684,PASSED,-0.2755303360507739,-0.00117771319756546,0.0035395288386590386,2.7076891163031456,0.0062357710714797485,-0.01873168628197708
2.336467293458692,PASSED,-0.2755315120015461,-0.0011741846087718875,0.0035212954301812338,2.7076953427471997,0.006217097262300276,-0.01863522444446966
2.3374674934987,PASSED,-0.2755326844327679,-0.0011706741368756697,0.003503256206908467,2.707701550565252,0.006198519283820566,-0.01853981450320103
2.338467693538708,PASSED,-0.275533853362458,-0.0011671815858206162,0.003485414287150435,2.707707739852627,0.00618003611254135,-0.01844540912989373
2.339467893578716,PASSED,-0.2755350188084372,-0.0011637067562214887,0.0034677731404454265,2.707713910703599,0.00616164669919943,-0.018352082816604
2.340468093618724,PASSED,-0.27553618078832615,-0.0011602494465853294,0.0034503339666352682,2.70772006321138,0.006143349955503354,-0.01825985094905783
2.341468293658732,PASSED,-0.27553733931954155,-0.0011568094516981257,0.003433102167582466,2.707726197468113,0.006125144817615361,-0.018168662513949354
2.34246849369874,PASSED,-0.2755384944192934,-0.0011533865625733798,0.0034160804295216497,2.7077323135648386,0.006107030176720171,-0.0180786264826826
2.343468693738748,PASSED,-0.27553964610458226,-0.0011499805688616723,0.003399269233164957,2.7077384115914946,0.006089004905316246,-0.017989701351419852
2.344468893778756,PASSED,-0.2755407943921964,-0.001146591257288315,0.0033826731334855612,2.707744491636888,0.006071067883310134,-0.01790190244257296
2.345469093818764,PASSED,-0.2755419392987092,-0.0011432184107930423,0.003366295403130878,2.707750553788695,0.006053217967596161,-0.017815257894906514
2.346469293858772,PASSED,-0.27554308084047663,-0.0011398618113653983,0.0033501354439861627,2.707756598133444,0.00603545400437381,-0.017729766773980027
2.34746949389878,PASSED,-0.2755442190336351,-0.0011365212383974107,0.003334197983988741,2.707762624756491,0.006017774810740861,-0.01764547820559541
2.348469693938788,PASSED,-0.275545353894099,-0.0011331964682630056,0.003318484901349124,2.70776863374203,0.00600017922136841,-0.01756233015035306
2.349469893978796,PASSED,-0.2755464854375587,-0.0011298872761510183,0.0033029969190794214,2.707774625173061,0.005982666045784093,-0.017480405873625898
2.350470094018804,PASSED,-0.2755476136794787,-0.0011265934355606693,0.0032877363711953074,2.70778059913139,0.0059652340666376796,-0.017399694661604195
2.351470294058812,PASSED,-0.2755487386350956,-0.0011233147171608717,0.0032727064188656442,2.7077865556976173,0.005947882085454823,-0.017320172197025394
2.35247049409882,PASSED,-0.27554986031941636,-0.0011200508904651812,0.003257906880240634,2.7077924949511316,0.005930608891862444,-0.01724187452261364
2.353470694138828,PASSED,-0.275550978747217,-0.001116801724351985,0.0032433389351663876,2.7077984169700913,0.005913413236344222,-0.017164842848626703
2.354470894178836,PASSED,-0.27555209393304086,-0.001113566985064401,0.0032290061891959787,2.7078043218314334,0.005896293900454731,-0.017088997916732282
2.355471094218844,PASSED,-0.2755532058911973,-0.0011103464376776256,0.003214908185161494,2.7078102096108525,0.005879249649885621,-0.017014419004028673
2.356471294258852,PASSED,-0.27555431463576063,-0.0011071398470723509,0.0032010455520168042,2.7078160803827953,0.005862279210284954,-0.016941119998426367
2.35747149429886,PASSED,-0.275555420180569,-0.0011039469764837623,0.003187420612969964,2.7078219342204615,0.005845381344409668,-0.016869029793193872
2.358471694338868,PASSED,-0.2755565225392232,-0.0011007675876205842,0.0031740343633169547,2.7078277711957983,0.0058285548101349935,-0.01679820392899444
2.359471894378876,PASSED,-0.27555762172508613,-0.0010976014426400855,0.00316088539195318,2.7078335913794898,0.005811798320011667,-0.016728680919545456
2.360472094418884,PASSED,-0.27555871775128205,-0.0010944483028510854,0.0031479760536981885,2.7078393948409567,0.005795110613923702,-0.016660389533578495
2.361472294458892,PASSED,-0.27555981063069585,-0.001091307927665479,0.003135307940211523,2.7078451816483544,0.00577849044119398,-0.016593361527150727
2.3624724944989,PASSED,-0.2755609003759726,-0.001088180077703939,0.003122877975759205,2.7078509518685694,0.0057619365152363705,-0.01652763557791512
2.363472694538908,PASSED,-0.27556198699951745,-0.0010850645131991606,0.0031106888574580277,2.707856705567218,0.005745447564808418,-0.016463160327977636
2.364472894578916,PASSED,-0.27556307051349505,-0.0010819609927910196,0.003098741441929754,2.707862442808642,0.005729022326618727,-0.01639995676416624
2.365473094618924,PASSED,-0.2755641509298298,-0.001078869276430979,0.003087032972114668,2.707868163655913,0.005712659521648114,-0.0163380371082442
2.366473294658932,PASSED,-0.2755652282602055,-0.0010757891241915552,0.0030755650842963556,2.7078738681708314,0.005696357880341766,-0.016277377438417673
2.36747349469894,PASSED,-0.275566302516066,-0.0010727202952494094,0.003064338180712078,2.7078795564139218,0.0056801161278191145,-0.016218002578806318
2.368473694738948,PASSED,-0.2755673737086151,-0.0010696625502620398,0.003053349525141354,2.7078852284444435,0.00566393300020381,-0.016159877639636288
2.369473894778956,PASSED,-0.27556844184881674,-0.0010666156495972169,0.0030426014246104282,2.707890884320387,0.0056478072326731415,-0.01610302745802388
2.370474094818964,PASSED,-0.2755695069473961,-0.0010635793545623615,0.0030320907750187574,2.707896524098472,0.005631737545488764,-0.0160474603352796
2.371474294858972,PASSED,-0.2755705690148397,-0.0010605534267539558,0.0030218191639970944,2.7079021478341625,0.005615722694167675,-0.015993111978295203
2.37247449489898,PASSED,-0.2755716280613962,-0.0010575376289455425,0.00301178357135721,2.7079077555816586,0.005599761420231399,-0.01594004857492951
2.373474694938988,PASSED,-0.2755726840970775,-0.001054531724859308,0.0030019844294858753,2.7079133473939105,0.005583852461120548,-0.01588823280146455
2.374474894978996,PASSED,-0.27557373713165945,-0.0010515354784116418,0.0029924211264529712,2.707918923322619,0.005567994584027068,-0.015837639954825015
2.375475095019004,PASSED,-0.27557478717468287,-0.0010485486556914764,0.0029830904493069617,2.7079244834182328,0.005552186532973655,-0.015788325119138268
2.376475295059012,PASSED,-0.2755758342354549,-0.0010455710235840435,0.0029739932128501415,2.707930027729981,0.005536427094217667,-0.015740181180554088
2.37747549509902,PASSED,-0.27557687832305017,-0.0010426023495820006,0.0029651278615043645,2.707935556305842,0.005520715023204126,-0.015693330902197072
2.378475695139028,PASSED,-0.27557791944631216,-0.001039642403883794,0.002956490922674509,2.7079410691925814,0.005505049092982351,-0.01564766310149346
2.379475895179036,PASSED,-0.2755789576138546,-0.0010366909574290647,0.0029480834760991777,2.7079465664357514,0.005489428125464649,-0.015603170461838947
2.380476095219044,PASSED,-0.27557999283406326,-0.0010337477827434694,0.0029399021585928315,2.70795204807969,0.005473850891450829,-0.015559943048474856
2.381476295259052,PASSED,-0.27558102511509747,-0.0010308126544778795,0.002931945670254637,2.707957514167542,0.005458316187641709,-0.015517877649547937
2.38247649529906,PASSED,-0.27558205446489203,-0.001027885349240498,0.002924211615466392,2.7079629647412604,0.005442822861811261,-0.015476957951047183
2.383476695339068,PASSED,-0.2755830808911589,-0.0010249656446642383,0.0029166998834550648,2.707968399841619,0.005427369719430613,-0.015437265333716319
2.384476895379076,PASSED,-0.27558410440138925,-0.0010220533208025457,0.002909406513851237,2.7079738195082252,0.005411955588564884,-0.01539870788707175
2.385477095419084,PASSED,-0.27558512500285565,-0.0010191481610466679,0.0029023285838954073,2.7079792237795264,0.00539657933968612,-0.015361276206558678
2.386477295459092,PASSED,-0.27558614270261406,-0.0010162499491831196,0.002895467383316757,2.7079846126928264,0.005381239825368517,-0.015325006391633112
2.3874774954991,PASSED,-0.2755871575075062,-0.0010133584717650652,0.0028888174412126755,2.7079899862842916,0.005365935902441144,-0.015289867284533522
2.388477695539108,PASSED,-0.2755881694241618,-0.0010104735190074247,0.002882376301925761,2.7079953445889693,0.005350666471301241,-0.015255807043484611
2.389477895579116,PASSED,-0.27558917845900094,-0.0010075948817523733,0.002876144557135326,2.708000687640795,0.005335430428178709,-0.015222867175230798
2.3904780956191236,PASSED,-0.2755901846182368,-0.0010047223542238991,0.0028701161760335027,2.708006015472609,0.005320226670579346,-0.015191017882117006
2.3914782956591316,PASSED,-0.2755911879078782,-0.0010018557341221247,0.0028642893856016707,2.7080113281161684,0.005305054132906599,-0.015160217533167103
2.3924784956991396,PASSED,-0.27559218833373195,-0.0009989948202306718,0.0028586635620204766,2.7080166256021685,0.005289911768015594,-0.015130463129562647
2.3934786957391476,PASSED,-0.27559318590140597,-0.0009961394146385076,0.0028532336122601004,2.7080219079602443,0.005274798505936919,-0.015101794711415274
2.3944788957791556,PASSED,-0.275594180616312,-0.0009932893237424914,0.0028479957518535316,2.708027175218988,0.005259713310525057,-0.015074129212160005
2.3954790958191636,PASSED,-0.27559517248366827,-0.0009904443546738932,0.0028429512797616564,2.7080324274059833,0.005244655204482772,-0.015047423929034095
2.3964792958591716,PASSED,-0.27559616150850297,-0.000987604318676547,0.0028380924757358205,2.7080376645477897,0.005229623154851309,-0.015021800099747644
2.3974794958991796,PASSED,-0.2755971476956567,-0.0009847690306686923,0.002833418362600398,2.7080428866699866,0.0052146161748473615,-0.014997099940080793
2.3984796959391876,PASSED,-0.27559813104978603,-0.000981938307234493,0.0028289268152651803,2.7080480937971734,0.005199633329284666,-0.014973342644439091
2.3994798959791956,PASSED,-0.2755991115753665,-0.000979111969202342,0.0028246121767415604,2.7080532859529916,0.005184673641887706,-0.014950583898641349
2.4004800960192036,PASSED,-0.27560008927669577,-0.0009762898407258771,0.0028204726762802584,2.708058463160145,0.005169736181513977,-0.014928711357120665
2.4014802960592116,PASSED,-0.2756010641578971,-0.0009734717485008134,0.0028165052575860245,2.7080636254404107,0.005154820051756249,-0.01490774202479964
2.4024804960992197,PASSED,-0.2756020362229225,-0.0009706575234080379,0.002812704982901745,2.7080687728146566,0.005139924332477931,-0.014887704113995493
2.4034806961392277,PASSED,-0.27560300547555644,-0.0009678469993554769,0.002809070099000653,2.708073905302867,0.005125048151797829,-0.014868498390840775
2.4044808961792357,PASSED,-0.27560397191941904,-0.0009650400136398517,0.0028055961267082923,2.708079022924158,0.005110190666931906,-0.014850142515977034
2.4054810962192437,PASSED,-0.27560493555796955,-0.000962236407536137,0.002802279421718967,2.7080841256967907,0.0050953510150220935,-0.014832658172368259
2.4064812962592517,PASSED,-0.2756058963945103,-0.0009594360255394383,0.0027991170466851747,2.7080892136381993,0.005080528378305942,-0.014815955745340715
2.4074814962992597,PASSED,-0.27560685443218985,-0.0009566387160771516,0.0027961044060211162,2.7080942867650015,0.005065721964993904,-0.014800051689836358
2.4084816963392677,PASSED,-0.2756078096740071,-0.0009538443310066722,0.0027932388467848198,2.708099345093019,0.005050930973621892,-0.014784951160129584
2.4094818963792757,PASSED,-0.2756087621228146,-0.0009510527257545501,0.00279051618901361,2.7081043886373024,0.005036154646753609,-0.014770577340383957
2.4104820964192837,PASSED,-0.27560971178132254,-0.0009482637602341697,0.0027879317412915884,2.7081094174121545,0.005021392258786817,-0.014756928384398058
2.4114822964592917,PASSED,-0.27561065865210255,-0.0009454772977442658,0.0027854829889790524,2.7081144314311327,0.005006643058073906,-0.014744048931920736
2.4124824964992997,PASSED,-0.27561160273759133,-0.0009426932048926455,0.0027831660933810834,2.7081194307070904,0.004991906349648714,-0.014731814754039266
2.4134826965393077,PASSED,-0.2756125440400946,-0.0009399113528074799,0.0027809760796885584,2.70812441525218,0.004977181462630315,-0.014720268527971456
2.4144828965793157,PASSED,-0.27561348256179125,-0.0009371316168303998,0.002778909242007803,2.708129385077891,0.004962467727028913,-0.014709380317023544
2.4154830966193237,PASSED,-0.2756144183047369,-0.0009343538754631748,0.002776962784036472,2.7081343401950533,0.004947764497239139,-0.014699129438273534
2.4164832966593317,PASSED,-0.2756153512708678,-0.0009315780110787221,0.0027751321180635,2.708139280613865,0.004933071151302936,-0.014689490268155806
2.4174834966993397,PASSED,-0.2756162814620052,-0.0009288039111536878,0.0027734117963481193,2.7081442063439165,0.004918387095183463,-0.0146804333536851
2.4184836967393477,PASSED,-0.27561720887985913,-0.0009260314662775373,0.002771800262685394,2.708149117394216,0.004903711760690395,-0.014671935252657657
2.4194838967793557,PASSED,-0.27561813352603237,-0.0009232605709404558,0.002770292053345511,2.7081540137731936,0.0048890445729814535,-0.014664022679797512
2.4204840968193637,PASSED,-0.2756190554020244,-0.0009204911243435276,0.0027688829593166446,2.7081588954887397,0.004874384998599795,-0.014656608849566133
2.4214842968593717,PASSED,-0.2756199745092359,-0.000917723029447999,0.002767569519670003,2.7081637625482164,0.0048597325375077886,-0.014649695920299667
2.4224844968993797,PASSED,-0.2756208908489721,-0.0009149561926263429,0.0027663483563134337,2.708168614958489,0.004845086692386306,-0.014643277922271434
2.4234846969393877,PASSED,-0.27562180442244766,-0.0009121905256010145,0.0027652128046716483,2.7081734527259322,0.004830446976782612,-0.014637340724641443
2.4244848969793957,PASSED,-0.27562271523079,-0.0009094259434788799,0.002764161667110048,2.7081782758564676,0.004815812958888746,-0.014631802673346973
2.4254850970194037,PASSED,-0.27562362327504397,-0.0009066623650868321,0.00276318954200645,2.708183084355576,0.004801184212302894,-0.01462670919418882
2.4264852970594117,PASSED,-0.27562452855617575,-0.0009038997143565246,0.0027622915225080963,2.7081878782283204,0.004786560315457509,-0.014622021946182614
2.4274854970994197,PASSED,-0.27562543107507675,-0.0009011379183730372,0.00276146562414024,2.7081926574793744,0.004771940900938177,-0.014617676234764747
2.4284856971394277,PASSED,-0.275626330832568,-0.0008983769083785491,0.0027607062413867356,2.7081974221130314,0.004757325600780887,-0.014613716105642228
2.4294858971794357,PASSED,-0.27562722782940424,-0.0008956166210130912,0.0027600081148386954,2.708202172133238,0.004742714066966487,-0.01461007895356966
2.4304860972194438,PASSED,-0.27562812206627774,-0.0008928569952448538,0.0027593708705032243,2.708206907543612,0.004728105995459706,-0.014606733208923708
2.4314862972594518,PASSED,-0.2756290135438227,-0.0008900979749451736,0.002758786585798184,2.708211628347457,0.004713501074596927,-0.014603712632015632
2.4324864972994598,PASSED,-0.2756299022626192,-0.0008873395086538961,0.002758252761596941,2.708216334547798,0.004698899035240364,-0.014600923839595279
2.4334866973394678,PASSED,-0.27563078822319725,-0.0008845815477763338,0.00275776628820608,2.70822102614739,0.004684299630101139,-0.01459839267231232
2.4344868973794758,PASSED,-0.27563167142604095,-0.0008818240483736868,0.0027573214789410098,2.7082257031487496,0.0046697026174256345,-0.014596092677631714
2.4354870974194838,PASSED,-0.2756325518715925,-0.0008790669712764695,0.0027569141760682946,2.7082303655541633,0.004655107781132027,-0.014593998704259257
2.4364872974594918,PASSED,-0.2756334295602561,-0.0008763102798373283,0.002756542947856512,2.7082350133657265,0.004640514946675949,-0.014592058290622895
2.4374874974994998,PASSED,-0.2756343044924021,-0.0008735539420834781,0.0027562009578459105,2.708239646585349,0.004625923939585853,-0.014590306289745033
2.438487697539508,PASSED,-0.2756351766683712,-0.0008707979310815902,0.0027558843645826663,2.7082442652147853,0.004611334602483778,-0.014588690976962042
2.439487897579516,PASSED,-0.2756360460884778,-0.0008680422221387297,0.002755591995045542,2.708248869255653,0.004596746821533921,-0.014587174265120477
2.440488097619524,PASSED,-0.2756369127530148,-0.000865286795305608,0.0027553167251723742,2.7082534587094536,0.0045821604909671194,-0.014585768101256115
2.441488297659532,PASSED,-0.2756377766622567,-0.0008625316350765653,0.0027550558982897427,2.7082580335775903,0.0045675755121640125,-0.014584452604340919
2.44248849769954,PASSED,-0.27563863781646414,-0.0008597767287478224,0.002754806615711698,2.708262593861397,0.004552991835734956,-0.014583158978865073
2.443488697739548,PASSED,-0.27563949621588746,-0.0008570220680341435,0.0027545634456572926,2.7082671395621483,0.004538409415633254,-0.014581927516926028
2.444488897779556,PASSED,-0.27564035186077046,-0.0008542676487426367,0.0027543231887398505,2.708271670681088,0.00452382821483443,-0.014580716320088389
2.445489097819564,PASSED,-0.27564120475135434,-0.000851513469735547,0.0027540828859892665,2.708276187219448,0.004509248249056946,-0.01457946541574719
2.446489297859572,PASSED,-0.27564205488788157,-0.0008487595344108431,0.002753836950513984,2.708280689178462,0.004494669525440214,-0.01457822908405424
2.44748949789958,PASSED,-0.27564290227059957,-0.0008460058496355608,0.002753583325127867,2.7082851765593894,0.004480092066116151,-0.014576946150735126
2.448489697939588,PASSED,-0.2756437468997642,-0.0008432524252140718,0.0027533184857296863,2.708289649363543,0.004465515956245779,-0.01457555235013091
2.449489897979596,PASSED,-0.2756445887756435,-0.0008404992757176696,0.002753036836850531,2.708294107592292,0.0044509412519800244,-0.014574138876170125
2.450490098019604,PASSED,-0.2756454278985216,-0.0008377464189839188,0.0027527366650176794,2.7082985512470925,0.004436368034016595,-0.014572604021603191
2.451490298059612,PASSED,-0.27564626426870203,-0.0008349938757992338,0.002752414197796423,2.7083029803295053,0.0044217964452328735,-0.01457091195846557
2.45249049809962,PASSED,-0.2756470978865111,-0.0008322416707974807,0.0027520655377244845,2.7083073948412126,0.004407226603389007,-0.014569128434132784
2.453490698139628,PASSED,-0.2756479287523016,-0.0008294898326432142,0.0027516865652944767,2.7083117947840374,0.004392658645968902,-0.014567176744086908
2.454490898179636,PASSED,-0.27564875686645657,-0.0008267383929053413,0.0027512751862585412,2.7083161801599553,0.004378092751499825,-0.014565039619069908
2.455491098219644,PASSED,-0.2756495822293918,-0.0008239873858727782,0.00275082826343285,2.708320550971126,0.004363529111655379,-0.014562706661363887
2.456491298259652,PASSED,-0.27565040484156,-0.0008212368504064846,0.002750340268200588,2.7083249072199003,0.004348967919072024,-0.014560183198016028
2.45749149829966,PASSED,-0.27565122470345377,-0.0008184868283728999,0.00274980987717422,2.7083292489088384,0.0043344093913547386,-0.014557424063465177
2.458491698339668,PASSED,-0.2756520418156087,-0.0008157373636787323,0.0027492345721632882,2.7083335760407357,0.004319853782373629,-0.014554398926206802
2.459491898379676,PASSED,-0.2756528561786069,-0.0008129885045031988,0.0027486089111136347,2.7083378886186207,0.004305301324452826,-0.014551163917199787
2.460492098419684,PASSED,-0.2756536677930797,-0.0008102403021745945,0.0027479312735980395,2.708342186645801,0.004290752303869108,-0.014547591694729033
2.461492298459692,PASSED,-0.2756544766597111,-0.0008074928104686482,0.00274719866084529,2.708346470125842,0.004276206997721507,-0.014543782449515473
2.4624924984997,PASSED,-0.27565528277924045,-0.0008047460861075593,0.0027464081612512924,2.708350739062624,0.004261665711913586,-0.014539621380191712
2.463492698539708,PASSED,-0.2756560861524658,-0.0008020001897348813,0.002745555180295711,2.70835499346032,0.004247128766840561,-0.014535160868247257
2.464492898579716,PASSED,-0.27565688678024625,-0.0007992551836044842,0.0027446400971314682,2.708359233323441,0.00423259649013551,-0.01453035392958618
2.465493098619724,PASSED,-0.27565768466350543,-0.0007965111332226831,0.002743657238247688,2.7083634586568257,0.004218069223687292,-0.014525208127306588
2.466493298659732,PASSED,-0.2756584798032336,-0.00079376810740196,0.002742604875706649,2.708367669465681,0.004203547348222406,-0.014519653689939632
2.46749349869974,PASSED,-0.2756592722004911,-0.0007910261770841928,0.002741480612474212,2.708371865755572,0.004189031227257167,-0.014513765815438659
2.468493698739748,PASSED,-0.2756600618564101,-0.0007882854153889557,0.002740282417079082,2.708376047532454,0.004174521243610097,-0.014507462201492231
2.469493898779756,PASSED,-0.27566084877219804,-0.0007855458988966626,0.0027390058757689635,2.708380214802675,0.004160017818945114,-0.014500732973974908
2.470494098819764,PASSED,-0.2756616329491396,-0.0007828077063128252,0.0027376503892164446,2.7083843675729926,0.004145521356812514,-0.014493614905017015
2.471494298859772,PASSED,-0.27566241438859923,-0.0007800709183055694,0.002736213085948698,2.708388505850592,0.004131032288004824,-0.014486038076138215
2.47249449889978,PASSED,-0.2756631930920238,-0.0007773356187481974,0.002734690538320876,2.7083926296430882,0.004116551061382425,-0.014478018986574293
2.473494698939788,PASSED,-0.27566396906094465,-0.0007746018932159009,0.0027330821949468646,2.7083967389585473,0.004102078121633827,-0.014469553589948649
2.474494898979796,PASSED,-0.27566474229697985,-0.0007718698292029022,0.0027313852250332275,2.708400833805499,0.004087613944730554,-0.014460592445489763
2.475495099019804,PASSED,-0.27566551280183654,-0.000769139517401195,0.0027295961861565675,2.7084049141929376,0.004073159002696944,-0.014451175092356766
2.476495299059812,PASSED,-0.2756662805773127,-0.0007664110493045362,0.00272771603699354,2.7084089801303426,0.0040587137754101435,-0.014441262083095801
2.47749549909982,PASSED,-0.2756670456252997,-0.000763684519431803,0.002725739096559651,2.708413031627686,0.004044278773076128,-0.014430829167962398
2.478495699139828,PASSED,-0.2756678079477837,-0.0007609600237991815,0.002723666656662552,2.708417068695441,0.004029854497343659,-0.014419906775475146
2.479495899179836,PASSED,-0.2756685675468482,-0.0007582376599692771,0.0027214952787322326,2.7084210913446065,0.004015441479552661,-0.014408425134678085
2.480496099219844,PASSED,-0.27566932442467507,-0.0007555175279115554,0.002719223243714682,2.7084250995866888,0.0040010402325794895,-0.014396461532168512
2.481496299259852,PASSED,-0.2756700785835469,-0.0007527997290264809,0.0027168493126480137,2.708429093433733,0.0039866512877522456,-0.014383933690626686
2.48249649929986,PASSED,-0.2756708300258484,-0.0007500843660942612,0.0027143720119342327,2.708433072898332,0.003972275222299208,-0.014370819961311836
2.483496699339868,PASSED,-0.2756715787540682,-0.0007473715439243828,0.0027117889418411616,2.7084370379936153,0.003957912557703853,-0.0143572276847171
2.484496899379876,PASSED,-0.2756723247708003,-0.0007446613688104822,0.0027090992286067862,2.708440988733287,0.003943563868643384,-0.01434299664430195
2.485497099419884,PASSED,-0.27567306807874525,-0.0007419539476859128,0.002706302388544654,2.7084449251315976,0.003929229726758781,-0.014328238711470273
2.486497299459892,PASSED,-0.275673808680712,-0.0007392493898302892,0.002703394833676245,2.708448847203391,0.0039149107096423585,-0.014312869386389858
2.4874974994999,PASSED,-0.275674546579619,-0.0007365478054787246,0.002700377363490305,2.7084527549640782,0.0039006073981124032,-0.014296939625666274
2.488497699539908,PASSED,-0.2756752817784952,-0.0007338493055217762,0.002697248352587082,2.7084566484296553,0.0038863203702651714,-0.014280419994942084
2.489497899579916,PASSED,-0.27567601428048183,-0.0007311540028515255,0.00269400554869325,2.7084605276167224,0.003872050245571912,-0.01426326115880417
2.490498099619924,PASSED,-0.27567674408883264,-0.0007284620108382298,0.0026906496563638286,2.708464392542469,0.0038577976145027972,-0.01424554434265479
2.491498299659932,PASSED,-0.2756774712069157,-0.0007257734437526429,0.0026871787050687305,2.7084682432246883,0.0038435630664240645,-0.014227217236117983
2.49249849969994,PASSED,-0.27567819563821394,-0.0007230884173351328,0.00268359155913772,2.7084720796817856,0.003829347237166461,-0.014208237271927819
2.493498699739948,PASSED,-0.27567891738632605,-0.000720407047787799,0.002679888206131363,2.708475901932784,0.003815150746079605,-0.014188660296807676
2.494498899779956,PASSED,-0.2756796364549673,-0.0007177294515960959,0.002676068182084116,2.7084797099973175,0.0038009741861215435,-0.014168493065564168
2.495499099819964,PASSED,-0.2756803528479704,-0.0007150557469857703,0.00267212889581986,2.708483503895641,0.00378681819067186,-0.014147663705762382
2.496499299859972,PASSED,-0.2756810665692859,-0.0007123860522838849,0.0026680719059289093,2.7084872836486413,0.003772683408629995,-0.01412619426593424
2.49749949989998,PASSED,-0.27568177762298296,-0.0007097204857643471,0.0026638962619436094,2.708491049277823,0.00375857043652994,-0.014104157322801928
2.498499699939988,PASSED,-0.2756824860132497,-0.0007070591670760373,0.0026596003058874263,2.708494800805332,0.0037444799206978,-0.014081421505031715
2.499499899979996,PASSED,-0.2756831917443938,-0.0007044022160502639,0.002655184839030741,2.7084985382539415,0.003730412511399531,-0.014058067827093741
2.500500100020004,PASSED,-0.27568389482084277,-0.0007017497522168565,0.0026506498296583175,2.708502261647059,0.00371636881375074,-0.014034117529923618
2.501500300060012,PASSED,-0.2756845952471442,-0.0006991018961674024,0.002645993529317867,2.7085059710087305,0.003702349478305677,-0.014009480721822804
2.50250050010002,PASSED,-0.275685293027966,-0.0006964587682886156,0.0026412174450991177,2.7085096663636405,0.003688355160917364,-0.013984208499305978
2.503500700140028,PASSED,-0.2756859881680966,-0.0006938204890978002,0.002636320354626445,2.7085133477371053,0.003674386467949888,-0.013958349279589187
2.504500900180036,PASSED,-0.27568668067244484,-0.0006911871789161815,0.0026313033996136696,2.70851701515509,0.003660444055748409,-0.013931787482738826
2.505501100220044,PASSED,-0.27568737054604026,-0.0006885589585476507,0.002626165014475549,2.7085206686441885,0.003646528571303118,-0.013904615753658874
2.506501300260052,PASSED,-0.2756880577940329,-0.0006859359486368304,0.0026209065083834474,2.7085243082316395,0.0036326406334817474,-0.013876819199844997
2.50750150030006,PASSED,-0.2756887424216929,-0.0006833182688812694,0.002615528587012584,2.7085279339453154,0.003618780885690849,-0.013848366851600213
2.508501700340068,PASSED,-0.27568942443441075,-0.000680706039574572,0.0026100297864871877,2.7085315458137282,0.0036049499756684662,-0.013819272136237794
2.509501900380076,PASSED,-0.27569010383769676,-0.0006780993806902838,0.002604411616155573,2.7085351438660243,0.003591148526205207,-0.013789567681273127
2.510502100420084,PASSED,-0.27569078063718083,-0.000675498411402418,0.002598674402339297,2.7085387281319777,0.0035773771616048377,-0.013759229213100618
2.511502300460092,PASSED,-0.2756914548386119,-0.0006729032503563781,0.002592818808506914,2.7085422986420045,0.0035636365354336065,-0.013728224143318453
2.5125025005001,PASSED,-0.2756921264478575,-0.0006703140161456758,0.002586844478832253,2.708545855427141,0.003549927262191598,-0.01369663930780256
2.513502700540108,PASSED,-0.2756927954709034,-0.0006677308268466087,0.0025807525125571057,2.708549398519048,0.0035362499485978717,-0.013664429784341764
2.514502900580116,PASSED,-0.27569346191385286,-0.0006651537993290791,0.002574544187511137,2.7085529279500156,0.0035226052467747697,-0.01363154984894262
2.515503100620124,PASSED,-0.27569412578292596,-0.0006625830501699594,0.0025682191401919783,2.7085564437529506,0.0035089937658500793,-0.013598101641855445
2.516503300660132,PASSED,-0.27569478708445894,-0.0006600186954162341,0.002561778496080935,2.7085599459613734,0.0034954160984475907,-0.013564044576243797
2.51750350070014,PASSED,-0.2756954458249033,-0.0006574608496637967,0.002555223923341523,2.7085634346094136,0.003481872870489332,-0.013529350212934882
2.518503700740148,PASSED,-0.27569610201082523,-0.0006549096270999971,0.0025485549907717678,2.7085669097318155,0.0034683646975420114,-0.01349405477024411
2.519503900780156,PASSED,-0.2756967556489043,-0.0006523651408548736,0.0025417737480246906,2.7085703713639124,0.0034548921480637993,-0.013458212616857548
2.520504100820164,PASSED,-0.27569740674593285,-0.0006498275031116802,0.0025348804066391262,2.7085738195416513,0.003441455844079759,-0.013421698228828643
2.521504300860172,PASSED,-0.2756980553088147,-0.0006472968248924283,0.002527876760993584,2.7085772543015536,0.0034280563673582945,-0.013384662383221875
2.52250450090018,PASSED,-0.2756987013445643,-0.0006447732159747891,0.002520763688736469,2.7085806756807376,0.0034146942860705715,-0.013347027224057456
2.523504700940188,PASSED,-0.27569934486030545,-0.0006422567857081977,0.0025135413184947946,2.7085840837168944,0.0034013701922235287,-0.013308804929033078
2.524504900980196,PASSED,-0.27569998586327005,-0.0006397476413275089,0.0025062130888182173,2.7085874784482913,0.0033880846527988362,-0.013270029088465847
2.525505101020204,PASSED,-0.2757006243607971,-0.000637245888730199,0.0024987789363042955,2.7085908599137656,0.0033748382296980707,-0.01323068577563131
2.526505301060212,PASSED,-0.2757012603603312,-0.0006347516338000388,0.002491238926063959,2.708594228152707,0.0033616314755440203,-0.01319079973966309
2.52750550110022,PASSED,-0.2757018938694211,-0.0006322649796304788,0.0024835976652241446,2.708597583205063,0.0033484649441541986,-0.013150352489927486
2.528505701140228,PASSED,-0.2757025248957188,-0.0006297860282304714,0.002475853889863031,2.7086009251113254,0.003335339179603689,-0.013109372590897667
2.529505901180236,PASSED,-0.27570315344697727,-0.0006273148807505381,0.0024680098733134955,2.7086042539125232,0.003322254707873761,-0.013067871155947392
2.530506101220244,PASSED,-0.2757037795310499,-0.0006248516362735684,0.002460067546073837,2.708607569650215,0.003309212058411853,-0.013025834999215252
2.531506301260252,PASSED,-0.27570440315588823,-0.0006223963922876261,0.0024520282791877417,2.7086108723664797,0.003296211748795151,-0.012983292695025357
2.53250650130026,PASSED,-0.2757050243295405,-0.0006199492446835077,0.002443893820738854,2.7086141621039106,0.0032832542871170543,-0.012940241000144936
2.533506701340268,PASSED,-0.2757056430601506,-0.0006175102884714683,0.0024356644729063106,2.708617438905607,0.003270340177132408,-0.0128966893076465
2.534506901380276,PASSED,-0.2757062593559554,-0.0006150796156352314,0.0024273450784573084,2.7086207028151583,0.003257469900827608,-0.01285266763623576
2.535507101420284,PASSED,-0.27570687322528387,-0.0006126573170814853,0.0024189342039386778,2.7086239538766463,0.0032446439472075686,-0.012808144275908269
2.536507301460292,PASSED,-0.2757074846765548,-0.0006102434823883019,0.0024104350193464557,2.7086271921346285,0.0032318627942781427,-0.012763158698438375
2.5375075015003,PASSED,-0.2757080937182755,-0.0006078381987741401,0.0024018493440388024,2.708630417634123,0.003219126884588492,-0.012717743683792512
2.538507701540308,PASSED,-0.27570870035903927,-0.0006054415513457677,0.0023931794845948534,2.7086336304206164,0.003206436689665909,-0.012671829081776631
2.539507901580316,PASSED,-0.27570930460752424,-0.0006030536240601739,0.002384425819593219,2.708636830540034,0.0031937926502664193,-0.012625512944632312
2.540508101620324,PASSED,-0.2757099064724908,-0.0006006744982443352,0.0023755924800024702,2.7086400180387464,0.0031811951898555848,-0.012578758721635972
2.541508301660332,PASSED,-0.2757105059627803,-0.0005983042536218875,0.0023666793840776855,2.7086431929635433,0.0031686447345733973,-0.012531586322555617
2.54250850170034,PASSED,-0.2757111030873125,-0.0005959429679328502,0.002357689892343627,2.7086463553616373,0.0031561416984678026,-0.012484002627620977
2.543508701740348,PASSED,-0.275711697855084,-0.0005935907168641925,0.0023486251862002714,2.7086495052806465,0.0031436864837546506,-0.012436022770172575
2.544508901780356,PASSED,-0.2757122902751657,-0.0005912475735140321,0.002339488792800563,2.708652642768582,0.003131279474680584,-0.012387666609995358
2.545509101820364,PASSED,-0.27571288035670116,-0.0005889136097559348,0.002330280401628395,2.708655767873842,0.003118921052921787,-0.012338925191332138
2.546509301860372,PASSED,-0.27571346810890446,-0.0005865888951239981,0.0023210041188090314,2.70865888064519,0.0031066115797033496,-0.01228983856984063
2.54750950190038,PASSED,-0.2757140535410577,-0.0005842734962879209,0.0023116619809226808,2.7086619811317623,0.003094351424107793,-0.012240366946033667
2.548509701940388,PASSED,-0.27571463666250945,-0.0005819674786566953,0.0023022547314274383,2.7086650693830423,0.003082140929506357,-0.012190579705037952
2.549509901980396,PASSED,-0.27571521748267175,-0.0005796709049947473,0.0022927862822949593,2.708668145448846,0.0030699804083626023,-0.012140482102899225
2.550510102020404,PASSED,-0.27571579601101875,-0.0005773838357882982,0.0022832578225521587,2.708671209379323,0.0030578702014185943,-0.012090023504747595
2.551510302060412,PASSED,-0.2757163722570839,-0.0005751063294532542,0.002273672010038439,2.7086742612249353,0.0030458106215202506,-0.0120392841607407
2.55251050210042,PASSED,-0.275716946230458,-0.0005728384422504043,0.002264030664724384,2.7086773010364533,0.0030338019540481066,-0.011988256346412636
2.553510702140428,PASSED,-0.2757175179407867,-0.0005705802279137847,0.0022543367845495837,2.7086803288649293,0.0030218444801297303,-0.011936952299684995
2.554510902180436,PASSED,-0.27571808739776854,-0.0005683317381051773,0.002244591824646055,2.708683344761703,0.0030099384889655883,-0.011885350407113788
2.555511102220444,PASSED,-0.2757186546111523,-0.0005660930218741985,0.00223479916853416,2.708686348778381,0.0029980842404498972,-0.011833513921408816
2.556511302260452,PASSED,-0.2757192195907348,-0.0005638641261932354,0.002224960022582281,2.7086893409668185,0.0029862819622092245,-0.01178145445351545
2.55751150230046,PASSED,-0.2757197823463589,-0.0005616450960543347,0.0022150768831130942,2.7086923213791243,0.002974531917796479,-0.01172910438556558
2.558511702340468,PASSED,-0.2757203428879106,-0.0005594359731184152,0.00220515363779041,2.708695290067621,0.002962834313718043,-0.011676603873682571
2.559511902380476,PASSED,-0.27572090122531695,-0.0005572367972343168,0.0021951907149705715,2.7086982470848646,0.00295118935921983,-0.011623854914566837
2.560512102420484,PASSED,-0.27572145736854387,-0.0005550476064431271,0.0021851908420023915,2.7087011924836095,0.0029395972757740333,-0.011570902466617164
2.561512302460492,PASSED,-0.27572201132759344,-0.0005528684358410888,0.0021751571087290284,2.7087041263168032,0.00292805822813484,-0.011517811087578095
2.5625125025005002,PASSED,-0.2757225631125018,-0.0005506993175384704,0.002165092431877848,2.7087070486375726,0.0029165723875031434,-0.011464526994442446
2.5635127025405082,PASSED,-0.27572311273333655,-0.0005485402823206843,0.0021549970750582895,2.7087099594992132,0.002905139935034055,-0.01141106945218532
2.5645129025805162,PASSED,-0.2757236602001945,-0.0005463913585612867,0.0021448748822905186,2.708712858955172,0.0028937610026893374,-0.011357507606405899
2.5655131026205242,PASSED,-0.2757242055231992,-0.0005442525710302045,0.002134729296943346,2.708715747059045,0.0028824357287884263,-0.01130378476391398
2.5665133026605322,PASSED,-0.27572474871249864,-0.0005421239431844917,0.002124560211559167,2.708718623864548,0.0028711642419620488,-0.011249954868019888
2.5675135027005402,PASSED,-0.27572528977826266,-0.0005400054961775265,0.002114371537236017,2.708721489425522,0.0028599466487779926,-0.011196018728080067
2.5685137027405482,PASSED,-0.27572582873068086,-0.0005378972480594182,0.0021041658386895708,2.7087243437959105,0.0028487830508192877,-0.011141984112454734
2.5695139027805562,PASSED,-0.27572636557995994,-0.0005357992148355279,0.002093944814024041,2.7087271870297402,0.0028376735205965327,-0.0110878942962879
2.5705141028205643,PASSED,-0.2757269003363214,-0.0005337114102624659,0.002083711079087397,2.708730019181131,0.0028266181492981116,-0.011033689299843665
2.5715143028605723,PASSED,-0.2757274330099991,-0.0005316338450985935,0.0020734678870623314,2.708732840304253,0.0028156169831961998,-0.010979483969957578
2.5725145029005803,PASSED,-0.2757279636112369,-0.0005295665287901615,0.0020632152560119137,2.7087356504533373,0.00280467006004845,-0.010925215932944998
2.5735147029405883,PASSED,-0.2757284921502866,-0.0005275094678052981,0.00205295813743106,2.7087384496826625,0.0027937774494063623,-0.010870873781516296
2.5745149029805963,PASSED,-0.27572901863740484,-0.000525462665476137,0.002042698456981146,2.70874123804652,0.002782939140072904,-0.01081659970141952
2.5755151030206043,PASSED,-0.27572954308285164,-0.0005234261242372405,0.002032436426839938,2.708744015599233,0.002772155145453867,-0.010762257897449574
2.5765153030606123,PASSED,-0.2757300654968871,-0.0005213998434927838,0.002022176956201064,2.7087467823951137,0.0027614254806956236,-0.010707935998772403
2.5775155031006203,PASSED,-0.27573058588977,-0.0005193838199302449,0.002011921300097507,2.7087495384884734,0.0027507501121496383,-0.010653656910794267
2.5785157031406283,PASSED,-0.27573110427175496,-0.00051737804860591,0.0020016713404931823,2.7087522839336002,0.002740129016607157,-0.010599387963605829
2.5795159031806363,PASSED,-0.2757316206530899,-0.0005153825218665311,0.00199143033863609,2.7087550187847516,0.0027295621686587654,-0.01054515460491522
2.5805161032206443,PASSED,-0.2757321350440144,-0.000513397229776412,0.0019811999244409018,2.7087577430961356,0.002719049499863158,-0.010491011589401522
2.5815163032606523,PASSED,-0.27573264745475684,-0.0005114221604238902,0.001970982304575825,2.7087604569218997,0.002708590940784851,-0.010436924070910701
2.5825165033006603,PASSED,-0.27573315789553243,-0.0005094572994258885,0.001960780126952317,2.7087631603161295,0.0026981864403219803,-0.0103828847241779
2.5835167033406683,PASSED,-0.27573366637654095,-0.0005075026298873557,0.0019505958129199788,2.7087658533328205,0.0026878358927486913,-0.01032898947269608
2.5845169033806763,PASSED,-0.2757341729079643,-0.0005055581331024243,0.0019404307662723166,2.708768536025878,0.002677539190456031,-0.010275177505969664
2.5855171034206843,PASSED,-0.27573467749996466,-0.0005036237883272405,0.0019302874477913697,2.708771208449108,0.002667296253238731,-0.010221443691520045
2.5865173034606923,PASSED,-0.275735180162682,-0.0005016995719929039,0.001920168925366886,2.708773870656188,0.0026571069315160243,-0.010167907076832013
2.5875175035007003,PASSED,-0.27573568090623196,-0.000499785458840799,0.0019100759699301542,2.708776522700675,0.0026469710880879763,-0.010114467662192303
2.5885177035407083,PASSED,-0.27573617974070375,-0.0004978814215169861,0.0019000115597348753,2.7087791646359816,0.002636888599171322,-0.010061169752962736
2.5895179035807163,PASSED,-0.27573667667615814,-0.0004959874302588452,0.0018899777237448591,2.7087817965153773,0.0026268593030518315,-0.010008047030508012
2.5905181036207243,PASSED,-0.27573717172262524,-0.000494103453607789,0.0018799759359303075,2.708784418391958,0.002616883009821254,-0.009955124030623713
2.5915183036607323,PASSED,-0.2757376648901023,-0.0004922294575063022,0.001870009545191065,2.70878703031866,0.0026069595692806685,-0.009902318213893053
2.5925185037007403,PASSED,-0.27573815618855213,-0.0004903654063050492,0.0018600789719609237,2.7087896323482226,0.002597088782456739,-0.009849765897286627
2.5935187037407483,PASSED,-0.2757386456279004,-0.000488511262465656,0.0018501870843479857,2.7087922245331986,0.0025872704350531715,-0.009797401741088549
2.5945189037807563,PASSED,-0.27573913321803434,-0.00048666698597498733,0.0018403360948825184,2.7087948069259347,0.0025775043401568254,-0.009745223666517713
2.5955191038207643,PASSED,-0.2757396189688002,-0.000484832535029689,0.001830527512242154,2.7087973795785594,0.0025677902666239884,-0.009693306777049781
2.5965193038607723,PASSED,-0.27574010289000195,-0.0004830078665576644,0.0018207624452128653,2.708799942542979,0.0025581279760837875,-0.009641613048967792
2.5975195039007803,PASSED,-0.2757405849913986,-0.0004811929346596165,0.0018110448666046701,2.7088024958708643,0.0025485172435307977,-0.009590145555671847
2.5985197039407884,PASSED,-0.27574106528270304,-0.0004793876918498673,0.0018013747718454978,2.7088050396136336,0.0025389578037837784,-0.00953896920791769
2.5995199039807964,PASSED,-0.2757415437735798,-0.0004775920894392415,0.0017917541698126596,2.70880757382246,0.0025294494037754545,-0.009488020541927792
2.6005201040208044,PASSED,-0.2757420204736434,-0.0004758060762364294,0.0017821858914783884,2.708810098548243,0.0025199917770657053,-0.009437364154963117
2.6015203040608124,PASSED,-0.2757424953924565,-0.0004740295993100077,0.001772670949717258,2.7088126138416144,0.002510584638243772,-0.009386988599913897
2.6025205041008204,PASSED,-0.2757429685395284,-0.00047226260497630683,0.001763209923023213,2.7088151197529213,0.0025012277059954942,-0.009336894680520258
2.6035207041408284,PASSED,-0.2757434399243129,-0.00047050503653849344,0.001753807447673535,2.7088176163322117,0.002491920673138565,-0.009287124974534464
2.6045209041808364,PASSED,-0.275743909556207,-0.0004687568359518558,0.0017444626792804483,2.7088201036292396,0.00248266323923104,-0.00923763986285224
2.6055211042208444,PASSED,-0.27574437744454916,-0.0004670179447986218,0.0017351768025363487,2.708822581693449,0.002473455099072089,-0.009188473689682852
2.6065213042608524,PASSED,-0.2757448435986178,-0.00046528830165383094,0.001725954039627245,2.7088250505739646,0.0024642959227068957,-0.00913964481553321
2.6075215043008604,PASSED,-0.2757453080276294,-0.0004635678437149481,0.0017167938717199591,2.70882751031958,0.002455185368096535,-0.009091161140245649
2.6085217043408684,PASSED,-0.27574577074073753,-0.0004618565077079015,0.0017076974305976248,2.708829960978761,0.002446123117537954,-0.00904297683747127
2.6095219043808764,PASSED,-0.2757462317470309,-0.00046015422793785343,0.0016986679963483936,2.7088324025996284,0.002437108818969159,-0.008995179723010541
2.6105221044208844,PASSED,-0.2757466910555321,-0.00045846093723652493,0.0016897058379819535,2.7088348352299487,0.0024281420983365606,-0.008947747905656422
2.6115223044608924,PASSED,-0.2757471486751963,-0.0004567765678403656,0.0016808117682775567,2.708837258917136,0.002419222617457893,-0.008900636194008372
2.6125225045009004,PASSED,-0.2757476046149096,-0.00045510104997890824,0.0016719885902438756,2.708839673708241,0.002410350014313656,-0.008853914444389271
2.6135227045409084,PASSED,-0.2757480588834881,-0.0004534343127136364,0.0016632363819571569,2.708842079649938,0.0024015238856584463,-0.008807604795756763
2.6145229045809164,PASSED,-0.27574851148967616,-0.0004517762841494129,0.0016545566857343284,2.708844476788525,0.0023927438643301375,-0.008761632350010783
2.6155231046209244,PASSED,-0.27574896244214564,-0.00045012689069985,0.0016459512921153468,2.7088468651699165,0.002384009575855573,-0.008716059224266475
2.6165233046609324,PASSED,-0.27574941174949436,-0.0004484860578973201,0.0016374204761396497,2.7088492448396333,0.0023753206031087715,-0.008670915095158657
2.61752350470094,PASSED,-0.2757498594202451,-0.0004468537103711286,0.001628965559559288,2.708851615842798,0.0023666765487363505,-0.00862614722392935
2.618523704740948,PASSED,-0.2757503054628443,-0.00044522977084143425,0.00162058884311769,2.7088539782241297,0.0023580770200692645,-0.008581782962523482
2.619523904780956,PASSED,-0.2757507498856612,-0.00044361416158497446,0.0016122895320212867,2.7088563320279437,0.002349521600682191,-0.008537843670106902
2.620524104820964,PASSED,-0.2757511926969867,-0.0004420068043791529,0.0016040689883550588,2.7088586772981347,0.00234100986208143,-0.008494335221197481
2.621524304860972,PASSED,-0.27575163390503243,-0.00044040761862104266,0.0015959302712803955,2.7088610140781766,0.0023325413861363317,-0.008451236427699215
2.62252450490098,PASSED,-0.27575207351792974,-0.00043881652385889433,0.0015878710893936553,2.708863342411123,0.0023241157574081964,-0.008408556928425938
2.623524704940988,PASSED,-0.2757525115437287,-0.0004372334388330639,0.001579894316788316,2.7088656623396,0.0023157325388530356,-0.008366326306317388
2.624524904980996,PASSED,-0.2757529479903975,-0.00043565828052189527,0.0015720009740888081,2.7088679739057904,0.002307391277813751,-0.00832455086126233
2.625525105021004,PASSED,-0.27575338286582146,-0.00043409096612829893,0.0015641900066013558,2.7088702771514455,0.0022990915511912273,-0.008283177130031297
2.626525305061012,PASSED,-0.27575381617780215,-0.0004325314114325631,0.001556464488492089,2.7088725721178673,0.002290832909737497,-0.008242284336195234
2.62752550510102,PASSED,-0.27575424793405684,-0.00043097953152069205,0.001548823527457043,2.708874858845919,0.0022826148996502107,-0.008201827254680211
2.628525705141028,PASSED,-0.27575467814221777,-0.0004294352414670549,0.0015412677377572197,2.7088771373760085,0.002274437077362264,-0.008161818976791167
2.629525905181036,PASSED,-0.2757551068098315,-0.0004278984548913503,0.0015337991343361995,2.7088794077480935,0.0022662989852442117,-0.008122274212225817
2.630526105221044,PASSED,-0.2757555339443582,-0.0004263690851911361,0.0015264167441328442,2.7088816700016682,0.002258200154050133,-0.008083202515314034
2.631526305261052,PASSED,-0.2757559595531712,-0.0004248470454019585,0.0015191218192074933,2.7088839241757725,0.0022501401337736903,-0.00804456545052822
2.63252650530106,PASSED,-0.27575638364355654,-0.00042333224782863186,0.0015119147427394171,2.708886170308983,0.0022421184646310532,-0.008006404937375906
2.633526705341068,PASSED,-0.27575680622271226,-0.0004218246042885895,0.00150479607157762,2.7088884084394125,0.0022341346690023327,-0.00796872275628343
2.634526905381076,PASSED,-0.2757572272977481,-0.0004203240262742564,0.0014977659761701214,2.7088906386047005,0.0022261882772510394,-0.007931504414633531
2.635527105421084,PASSED,-0.2757576468756852,-0.00041883042503242893,0.0014908247522656772,2.708892860842018,0.0022182788244888524,-0.007894751660556719
2.636527305461092,PASSED,-0.27575806496345573,-0.0004173437113855764,0.0014839729099104095,2.708895075188072,0.0022104058444641665,-0.007858465600772638
2.6375275055011,PASSED,-0.27575848156790234,-0.0004158637956809021,0.0014772109011835053,2.708897281679089,0.0022025688529397195,-0.0078226754735636
2.638527705541108,PASSED,-0.27575889669577824,-0.0004143905883311805,0.0014705383154137192,2.708899480350826,0.002194767377826481,-0.007787341539688418
2.639527905581116,PASSED,-0.27575931035374673,-0.0004129239992580529,0.0014639562449367965,2.70890167123856,0.0021870009463942322,-0.007752491360622286
2.640528105621124,PASSED,-0.2757597225483812,-0.0004114639385830177,0.0014574636284341693,2.708903854377092,0.002179269072790428,-0.00771812843259256
2.641528305661132,PASSED,-0.2757601332861648,-0.0004100103161530542,0.0014510616309830646,2.708906029800751,0.002171571292783186,-0.007684214390341798
2.64252850570114,PASSED,-0.27576054257349053,-0.00040856304149870386,0.0014447500032617408,2.7089081975433777,0.002163907115724434,-0.0076508188376917426
2.643528705741148,PASSED,-0.2757609504166612,-0.0004071220243762982,0.001438528535168347,2.70891035763835,0.0021562760719885878,-0.007617860334615627
2.644528905781156,PASSED,-0.27576135682188924,-0.0004056871747245641,0.0014323970627779087,2.7089125101185556,0.0021486776853892526,-0.007585404109148223
2.645529105821164,PASSED,-0.2757617617952968,-0.000404258402064391,0.0014263563917699235,2.708914655016406,0.002141111461712595,-0.00755343672166413
2.646529305861172,PASSED,-0.275762165342916,-0.00040283561628465004,0.0014204053717217196,2.7089167923638406,0.00213357694341033,-0.007521906022665093
2.64752950590118,PASSED,-0.27576256747068867,-0.0004014187275101945,0.0014145443762779918,2.7089189221923187,0.002126073651859563,-0.007490881902835303
2.648529705941188,PASSED,-0.2757629681844669,-0.0004000076458061846,0.0014087732558312565,2.7089210445328193,0.0021186010904414095,-0.007460347761698547
2.649529905981196,PASSED,-0.27576336749001296,-0.0003986022816534503,0.001403091417336371,2.708923159415853,0.0021111588048849227,-0.007430244086345722
2.650530106021204,PASSED,-0.27576376539299974,-0.00039720254554447405,0.0013974992367361786,2.708925266871454,0.0021037463277538684,-0.007400632494192976
2.651530306061212,PASSED,-0.2757641618990106,-0.0003958083480638227,0.0013919963099281252,2.708927366929184,0.002096363163408299,-0.0073715189131536765
2.65253050610122,PASSED,-0.27576455701354036,-0.0003944196012363309,0.0013865805058675383,2.7089294596181306,0.0020890088511432256,-0.007342841166353049
2.653530706141228,PASSED,-0.275764950741995,-0.0003930362161476723,0.0013812548105194059,2.7089315449669193,0.0020816829411061714,-0.007314622617521323
2.654530906181236,PASSED,-0.2757653430896924,-0.00039165810474044084,0.0013760158050393886,2.7089336230037033,0.0020743849456185746,-0.007286910734313409
2.655531106221244,PASSED,-0.2757657340618626,-0.0003902851796076722,0.0013708646845881625,2.7089356937561675,0.0020671143937366744,-0.007259645980291962
2.656531306261252,PASSED,-0.27576612366364833,-0.0003889173536078529,0.0013658002099733418,2.7089377572515447,0.002059870856738158,-0.007232797677333056
2.65753150630126,PASSED,-0.2757665119001054,-0.00038755454022415504,0.0013608221661808545,2.7089398135165994,0.0020526538559761894,-0.007206469485058777
2.658531706341268,PASSED,-0.2757668987762036,-0.0003861966531865473,0.0013559302852256517,2.7089418625776434,0.0020454629238115998,-0.007180573950944013
2.659531906381276,PASSED,-0.2757672842968264,-0.0003848436069527747,0.0013511235328037875,2.7089439044605292,0.002038297627704204,-0.007155110878363868
2.660532106421284,PASSED,-0.2757676684667727,-0.0003834953174574046,0.0013464001370810184,2.7089459391906665,0.0020311575204865874,-0.007130104777117931
2.661532306461292,PASSED,-0.27576805129075643,-0.00038215169941494524,0.001341763312711595,2.708947966793006,0.002024042130818769,-0.007105579594951827
2.6625325065013,PASSED,-0.2757684327734079,-0.0003808126695855328,0.0013372075072129654,2.70894998729207,0.0020169510449901834,-0.0070814233176752376
2.663532706541308,PASSED,-0.2757688129192741,-0.00037947814584392525,0.0013327345645373291,2.708952000711923,0.0020098838125207777,-0.007057771903891805
2.664532906581316,PASSED,-0.27576919173281955,-0.00037814804514735225,0.001328344784596767,2.708954007076201,0.002002839979814067,-0.007034539908590832
2.665533106621324,PASSED,-0.27576956921842716,-0.0003768222864387979,0.0013240346578594004,2.708956006408112,0.0019958191564299955,-0.007011679034391498
2.666533306661332,PASSED,-0.27576994538039884,-0.0003755007897830274,0.0013198046543778361,2.7089579987304298,0.001988820894259859,-0.0069893175939667795
2.66753350670134,PASSED,-0.27577032022295633,-0.0003741834746449663,0.0013156554605166242,2.7089599840655008,0.0019818447472839387,-0.006967366563889756
2.668533706741348,PASSED,-0.2757706937502424,-0.00037287026254576754,0.0013115831916535152,2.7089619624352586,0.0019748903406903557,-0.006945766613377864
2.669533906781356,PASSED,-0.2757710659663209,-0.00037156107576192014,0.0013075891786433042,2.708963933861221,0.0019679572522459535,-0.006924636331751918
2.670534106821364,PASSED,-0.2757714368751787,-0.00037025583696408804,0.0013036718772912637,2.708965898364487,0.0019610450355334375,-0.006903936966358639
2.671534306861372,PASSED,-0.27577180648072597,-0.00036895446999761207,0.0012998303592657388,2.7089678559657613,0.0019541533330484796,-0.0068835461640247095
2.67253450690138,PASSED,-0.275772174786797,-0.00036765689991247506,0.0012960632357179025,2.7089698066853427,0.0019472817446606165,-0.006863616537088581
2.673534706941388,PASSED,-0.275772541797152,-0.0003663630528594667,0.0012923695978685633,2.708971750543137,0.0019404298416696956,-0.006844093960142386
2.674534906981396,PASSED,-0.275772907515477,-0.00036507285516524106,0.0012887497584637036,2.708973687558654,0.0019335972585751815,-0.006824909184095187
2.675535107021404,PASSED,-0.27577327194538587,-0.0003637862349793825,0.0012852004707884083,2.708975617751029,0.0019267836350914129,-0.006806099683550832
2.676535307061412,PASSED,-0.27577363509042063,-0.00036250312155432983,0.0012817220612288465,2.7089775411390096,0.0019199885589362062,-0.006787727136310825
2.67753550710142,PASSED,-0.27577399695405314,-0.0003612234446506652,0.0012783134652884698,2.7089794577409756,0.0019132116704118113,-0.006769662783117574
2.678535707141428,PASSED,-0.2757743575396856,-0.00035994713550909196,0.0012749729257631836,2.7089813675749377,0.001906452626222652,-0.006751965126520384
2.679535907181436,PASSED,-0.27577471685065225,-0.0003586741267523009,0.0012716993108096717,2.7089832706585466,0.0018997110431603881,-0.006734661686092941
2.680536107221444,PASSED,-0.27577507489022013,-0.0003574043517098123,0.0012684921969411801,2.7089851670090956,0.0018929865726681505,-0.00671767636300064
2.681536307261452,PASSED,-0.2757754316615904,-0.00035613774480789225,0.0012653500385726038,2.7089870566435303,0.0018862788834723978,-0.006701031084253903
2.68253650730146,PASSED,-0.2757757871678994,-0.00035487424208988783,0.0012622711709589646,2.7089889395784543,0.0018795876258541888,-0.006684741974179268
2.683536707341468,PASSED,-0.2757761414122199,-0.00035361378054720425,0.0012592551238332543,2.7089908158301306,0.0018729124556269216,-0.006668789062659241
2.684536907381476,PASSED,-0.2757764943975625,-0.00035235629885021623,0.0012562994124244943,2.7089926854145014,0.0018662530724016671,-0.006653112666984494
2.685537107421484,PASSED,-0.2757768461268767,-0.00035110173612286095,0.0012534049373090837,2.7089945483471722,0.0018596091346691035,-0.006637821109616148
2.686537307461492,PASSED,-0.275777196603052,-0.00034985003297035043,0.0012505686293114316,2.7089964046434445,0.0018529803297464725,-0.006622794131307514
2.6875375075015002,PASSED,-0.27577754582891933,-0.0003486011320720554,0.001247789077617394,2.708998254318296,0.001846366359417702,-0.006608087793745402
2.6885377075415082,PASSED,-0.2757778938072527,-0.00034735497653421837,0.0012450665113168846,2.709000097386419,0.0018397669294226734,-0.006593658129217455
2.6895379075815162,PASSED,-0.27577824054076955,-0.00034611151033968156,0.0012423993166833947,2.709001933862191,0.001833181725852322,-0.00657956719777406
2.6905381076215242,PASSED,-0.2757785860321331,-0.0003448706805290407,0.001239783473279093,2.7090037637597106,0.0018266104729257335,-0.0065657100791316906
2.6915383076615322,PASSED,-0.2757789302839531,-0.00034363243425243394,0.0012372214788251945,2.7090055870927943,0.0018200529102333771,-0.00655213110117276
2.6925385077015402,PASSED,-0.27577927329878715,-0.00034239671917549034,0.0012347108090225434,2.709007403874975,0.0018135087337607047,-0.006538873387005387
2.6935387077415482,PASSED,-0.27577961507914217,-0.00034116348602741993,0.0012322480407690396,2.709009214119527,0.0018069776936390893,-0.006525817944688775
2.6945389077815562,PASSED,-0.275779955627476,-0.00033993268666156586,0.001229833582577402,2.709011017839453,0.0018004595390401688,-0.006513045701741463
2.6955391078215643,PASSED,-0.2757802949461982,-0.0003387042727348721,0.0012274674894380056,2.7090128150475152,0.0017939540145714746,-0.006500510313329209
2.6965393078615723,PASSED,-0.2757806330376719,-0.00033747819859195413,0.0012251452452380104,2.7090146057562143,0.0017874608674347196,-0.006488238352372233
2.6975395079015803,PASSED,-0.2757809699042151,-0.0003362544205205332,0.0012228666222095603,2.709016389977824,0.0017809798762106906,-0.006476159805133549
2.6985397079415883,PASSED,-0.27578130554810165,-0.00033503289458122396,0.0012206321507089507,2.709018167724374,0.0017745108030252758,-0.006464348772269215
2.6995399079815963,PASSED,-0.2757816399715633,-0.00033381357892644565,0.0012184379908245643,2.7090199390076815,0.0017680534287719592,-0.006452724574014623
2.7005401080216043,PASSED,-0.2757819731767906,-0.0003325964339140571,0.001216283026764604,2.709021703839338,0.0017616075465132078,-0.006441320715243007
2.7015403080616123,PASSED,-0.27578230516593455,-0.0003313814203525164,0.001214167251391413,2.709023462230728,0.0017551729404539204,-0.006430129621983862
2.7025405081016203,PASSED,-0.27578263594110786,-0.00033016850020582185,0.0012120887435633318,2.7090252141930344,0.0017487494153943456,-0.006419122017968672
2.7035407081416283,PASSED,-0.27578296550438647,-0.0003289576379287292,0.001210044632778888,2.709026959737242,0.0017423367820379012,-0.006408307582095099
2.7045409081816363,PASSED,-0.2757832938578108,-0.00032774879892562845,0.0012080352499820384,2.7090286988741528,0.0017359348585949486,-0.006397667350191029
2.7055411082216443,PASSED,-0.27578362100338755,-0.0003265419493940898,0.0012060590525764276,2.709030431614386,0.0017295434638627447,-0.006387212986879171
2.7065413082616523,PASSED,-0.27578394694309044,-0.00032533705762638026,0.0012041135777982408,2.709032157968388,0.001723162428966646,-0.006376916168911942
2.7075415083016603,PASSED,-0.2757842716788624,-0.0003241340935565033,0.0012021977312627098,2.7090338779464367,0.00171679159187069,-0.006366784380652274
2.7085417083416683,PASSED,-0.2757845952126164,-0.0003229330277256795,0.0012003112305312043,2.7090355915586612,0.0017104308072149544,-0.006356784839124475
2.7095419083816763,PASSED,-0.27578491754623724,-0.0003217338326531844,0.0011984509671376983,2.7090372988150393,0.0017040799301721121,-0.006346938511987475
2.7105421084216843,PASSED,-0.2757852386815827,-0.00032053648234342525,0.0011966165381734227,2.709038999725394,0.0016977387958849457,-0.006337264803952459
2.7115423084616923,PASSED,-0.27578555862048504,-0.00031934095136681165,0.0011948072689070572,2.7090406942994307,0.001691407305066511,-0.006327641494756225
2.7125425085017003,PASSED,-0.27578587736475246,-0.00031814721700202,0.0011930190953812689,2.7090423825467123,0.0016850853244644982,-0.006318206673517059
2.7135427085417083,PASSED,-0.27578619491617046,-0.0003169552570970908,0.0011912537779610896,2.7090440644766924,0.0016787727210726437,-0.006308867870746397
2.7145429085817163,PASSED,-0.2757865112765033,-0.0003157650506779738,0.0011895081798876659,2.709045740098706,0.001672469408072003,-0.006299609753903555
2.7155431086217243,PASSED,-0.27578682644749514,-0.00031457657898023296,0.0011877807096429159,2.7090474094219834,0.0016661752751611727,-0.006290481682115203
2.7165433086617323,PASSED,-0.2757871404308718,-0.0003133898240147156,0.0011860711361002998,2.7090490724556586,0.0016598902208040064,-0.006281436140533468
2.7175435087017403,PASSED,-0.2757874532283419,-0.00031220476904330225,0.001184377528288678,2.7090507292087733,0.0016536141688081414,-0.006272462566086188
2.7185437087417483,PASSED,-0.2757877648415983,-0.0003110213993151609,0.0011826978613763855,2.709052379690282,0.0016473470298337789,-0.006263589913213304
2.7195439087817563,PASSED,-0.27578807527231936,-0.0003098397012319182,0.001181031564486879,2.709054023909076,0.0016410887451870735,-0.0062547478023672245
2.7205441088217643,PASSED,-0.2757883845221704,-0.00030865966183465444,0.001179377952448393,2.7090556618739616,0.00163483923559552,-0.006246017451010873
2.7215443088617723,PASSED,-0.27578869259280514,-0.00030748127058263824,0.0011777334517280682,2.709057293593691,0.0016285984393724405,-0.0062373154044584765
2.7225445089017803,PASSED,-0.2757889994858669,-0.0003063045179117667,0.0011760988169670992,2.7090589190769605,0.0016223663237275843,-0.006228649138454767
2.7235447089417884,PASSED,-0.2757893052029897,-0.0003051293944595507,0.001174473209048658,2.7090605383324218,0.0016161428357181187,-0.00622004725680604
2.7245449089817964,PASSED,-0.27578960974580025,-0.0003039558941724915,0.0011728516723995257,2.7090621513686752,0.001609927918458728,-0.006211497261113841
2.7255451090218044,PASSED,-0.2757899131159185,-0.0003027840112654362,0.001171237063492462,2.709063758194302,0.0016037215737526908,-0.006202909669319644
2.7265453090618124,PASSED,-0.2757902153149593,-0.00030161374024921,0.0011696269847153301,2.709065358817844,0.0015975237671996354,-0.006194404475545888
2.7275455091018204,PASSED,-0.2757905163445338,-0.0003004450787315981,0.0011680178728763395,2.709066953247827,0.0015913344574797208,-0.006185913216160443
2.7285457091418284,PASSED,-0.2757908162062502,-0.00029927802481042226,0.0011664112867088947,2.709068541492763,0.001585153664635133,-0.006177379263539463
2.7295459091818364,PASSED,-0.27579111490171576,-0.0002981125771045031,0.0011648053187260183,2.709070123561158,0.0015789813832843183,-0.006168882742331551
2.7305461092218444,PASSED,-0.27579141243253735,-0.000296948736472921,0.0011631975068194405,2.7090716994615156,0.001572817592440261,-0.0061603962452080555
2.7315463092618524,PASSED,-0.2757917088003229,-0.00029578650472021953,0.0011615879166229001,2.7090732692023463,0.0015666623186987485,-0.006151858739048954
2.7325465093018604,PASSED,-0.2757920040066828,-0.00029462588441091133,0.0011599752377650704,2.7090748327921688,0.0015605155784281872,-0.0061433279582359885
2.7335467093418684,PASSED,-0.2757922980532309,-0.00029346688009951354,0.0011583570271529136,2.709076390239526,0.001554377382603613,-0.006134774402133295
2.7345469093818764,PASSED,-0.27579259094158565,-0.00029230949679456906,0.0011567341568055093,2.7090779415529855,0.0015482477718816968,-0.006126168268438021
2.7355471094218844,PASSED,-0.27579288267337126,-0.00029115374041334695,0.001155104530833135,2.7090794867411416,0.0015421267740471643,-0.006117550878595255
2.7365473094618924,PASSED,-0.27579317325021896,-0.00028999961910986406,0.0011534658185827832,2.7090810258126266,0.00153601442039541,-0.006108888833860689
2.7375475095019004,PASSED,-0.27579346267376814,-0.00028884714163376657,0.001151818581107291,2.7090825587761156,0.0015299107679955912,-0.006100161443791094
2.7385477095419084,PASSED,-0.27579375094566716,-0.00028769631687774664,0.0011501622059616279,2.709084085640336,0.0015238158732089144,-0.006091383681933852
2.7395479095819164,PASSED,-0.2757940380675747,-0.00028654715601766185,0.0011484932961669703,2.7090856064140656,0.001517729778752346,-0.006082568306324692
2.7405481096219244,PASSED,-0.2757943240411609,-0.00028539967170496816,0.0011468116570448796,2.709087121106141,0.0015116525486879521,-0.006073671236439798
2.7415483096619324,PASSED,-0.27579460886810797,-0.0002842538754241437,0.0011451193633442163,2.709088629725467,0.001505584263184913,-0.0060646950141052015
2.7425485097019404,PASSED,-0.2757948925501118,-0.0002831097817218857,0.001143409928200527,2.7090901322810192,0.001499524990001569,-0.006055658629503262
2.7435487097419484,PASSED,-0.27579517508888235,-0.00028196740604280473,0.0011416861796680203,2.7090916287818505,0.0014934748033078001,-0.006046538736612576
2.7445489097819564,PASSED,-0.2757954564861452,-0.0002808267632173238,0.0011399472560229022,2.7090931192370897,0.0014874337878423294,-0.006037333284709975
2.7455491098219644,PASSED,-0.2757957367436421,-0.0002796878704049509,0.0011381898499395564,2.709094603655959,0.0014814020414568119,-0.006028021786055848
2.7465493098619724,PASSED,-0.27579601586313224,-0.00027855074588679733,0.001136414296962908,2.709096082047765,0.0014753796485087857,-0.006018640389339314
2.7475495099019804,PASSED,-0.2757962938463927,-0.00027741540740341877,0.001134621274322244,2.7090975544219207,0.0014693667124545664,-0.006009133164139322
2.7485497099419884,PASSED,-0.2757965706952199,-0.0002762818749567073,0.001132806561637614,2.7090990207879306,0.0014633633394517092,-0.005999532895335542
2.7495499099819964,PASSED,-0.27579684641143004,-0.000275150169209195,0.001130971871428768,2.709100481155407,0.0014573696249690505,-0.005989835540873934
2.7505501100220044,PASSED,-0.2757971209968601,-0.0002740203105677913,0.0011291164880536074,2.709101935534073,0.0014513856908751348,-0.005979999795943777
2.7515503100620124,PASSED,-0.27579739445336887,-0.00027289232183601726,0.0011272368942543951,2.709103383933771,0.001445411664239151,-0.0059700445293436
2.7525505101020205,PASSED,-0.2757976667828375,-0.00027176622568524924,0.0011253356551104434,2.7091048263644555,0.0014394476459998942,-0.005960000712532448
2.7535507101420285,PASSED,-0.27579793798717017,-0.0002706420449575708,0.0011234107760570962,2.709106262836208,0.0014334937674918488,-0.0059497970383875585
2.7545509101820365,PASSED,-0.27579820806829525,-0.0002695198052027981,0.0011214590739163429,2.709107693359236,0.0014275501701106895,-0.005939464276340345
2.7555511102220445,PASSED,-0.2757984770281657,-0.0002683995308258118,0.0011194845790329527,2.7091091179438758,0.001421616969213005,-0.005929025311914074
2.7565513102620525,PASSED,-0.27579874486875994,-0.00026728124730595535,0.0011174828137388427,2.7091105366006,0.0014156943049436867,-0.005918423574254518
2.7575515103020605,PASSED,-0.2757990115920825,-0.0002661649818501003,0.0011154538839325207,2.7091119493400218,0.001409782334416616,-0.00590766849561491
2.7585517103420685,PASSED,-0.27579927720016456,-0.0002650507611525185,0.0011133985733481294,2.709113356172891,0.0014038811785618722,-0.005896814094163452
2.7595519103820765,PASSED,-0.27579954169506493,-0.0002639386125171028,0.0011113153434606378,2.7091147571101084,0.001397990991935403,-0.005885768314672977
2.7605521104220845,PASSED,-0.2757998050788702,-0.00026282856493540623,0.0011092024071871433,2.7091161521627174,0.0013921119337272213,-0.005874584803854123
2.7615523104620925,PASSED,-0.2758000673536956,-0.00026172064702930113,0.0011070615720503757,2.709117541341918,0.001386244145423519,-0.005863257303601153
2.7625525105021005,PASSED,-0.27580032852168573,-0.00026061488806901383,0.0011048905524452298,2.7091189246590646,0.001380387790097663,-0.0058517540073592215
2.7635527105421085,PASSED,-0.27580058858501455,-0.00025951131831059455,0.0011026892290685849,2.7091203021256645,0.0013745430225163132,-0.005840109964009793
2.7645529105821165,PASSED,-0.2758008475458867,-0.0002584099683569714,0.0011004571033261432,2.709121673753388,0.001368710001674114,-0.005828294760992239
2.7655531106221245,PASSED,-0.275801105406537,-0.0002573108684741103,0.0010981950692177194,2.7091230395540653,0.001362888896544925,-0.005816312041320006
2.7665533106621325,PASSED,-0.2758013621692318,-0.00025621405049521564,0.0010958999186792193,2.7091243995396974,0.0013570798762080527,-0.005804159200573373
2.7675535107021405,PASSED,-0.27580161783626894,-0.0002551195468018714,0.0010935728764541815,2.7091257537224496,0.0013512831046200524,-0.005791846512951907
2.7685537107421485,PASSED,-0.2758018724099784,-0.0002540273887694721,0.0010912148030293562,2.709127102114653,0.0013454987447507577,-0.005779368773523509
2.7695539107821565,PASSED,-0.27580212589272235,-0.00025293760891795567,0.0010888232171745705,2.7091284447288198,0.0013397269878741894,-0.005766682278597924
2.7705541108221645,PASSED,-0.2758023782868958,-0.00025185024079892195,0.0010863980536064738,2.7091297815776243,0.0013339679942040606,-0.005753867931149389
2.7715543108621725,PASSED,-0.27580262959492724,-0.0002507653180882231,0.0010839391487604572,2.709131112673927,0.0013282219404437694,-0.005740844313052055
2.7725545109021805,PASSED,-0.2758028798192779,-0.0002496828729604392,0.0010814491137995075,2.7091324380307586,0.0013224890172237164,-0.005727642491387087
2.7735547109421885,PASSED,-0.2758031289624435,-0.00024860294003732587,0.0010789221293225292,2.709133757661333,0.0013167693917428623,-0.005714280807165453
2.7745549109821965,PASSED,-0.275803377026953,-0.00024752555418308854,0.0010763616708471745,2.709135071579036,0.0013110632373210048,-0.005700736831652231
2.7755551110222045,PASSED,-0.2758036240153701,-0.0002464507485372831,0.0010737682957776171,2.709136379797445,0.001305370759396602,-0.005686971986236449
2.7765553110622125,PASSED,-0.2758038699302928,-0.00024537855789221244,0.0010711388779327145,2.7091376823303133,0.0012996921274064635,-0.005673071992740049
2.7775555111022205,PASSED,-0.27580411477435357,-0.0002443090173413294,0.0010684749995166034,2.7091389791915774,0.0012940275121394883,-0.005658977449798417
2.7785557111422285,PASSED,-0.2758043585502198,-0.000243242161804601,0.001065775894869562,2.7091402703953653,0.0012883771275461404,-0.005644656022381361
2.7795559111822365,PASSED,-0.2758046012605938,-0.00024217802585432377,0.0010630426538823445,2.709141555955982,0.0012827411422897878,-0.005630204745666679
2.7805561112222446,PASSED,-0.27580484290821283,-0.00024111664454598133,0.0010602737446491254,2.7091428358879193,0.0012771197292643069,-0.005615551878690044
2.7815563112622526,PASSED,-0.27580508349584937,-0.00024005805357310347,0.0010574691250303232,2.7091441102058593,0.0012715131021163663,-0.005600677327440935
2.7825565113022606,PASSED,-0.27580532302631106,-0.0002390022878991362,0.0010546300399252295,2.7091453789246662,0.0012659214333508558,-0.005585663057556875
2.7835567113422686,PASSED,-0.27580556150244084,-0.0002379493824219466,0.0010517557686992368,2.7091466420593915,0.001260344898600222,-0.005570449212684609
2.7845569113822766,PASSED,-0.27580579892711676,-0.00023689937283717576,0.0010488454621519264,2.7091478996252816,0.0012547837157627687,-0.005555005253966014
2.7855571114222846,PASSED,-0.27580603530325226,-0.00023585229438800035,0.0010459004405243965,2.7091491516377526,0.0012492380397166717,-0.0055394565741843154
2.7865573114622926,PASSED,-0.275806270633796,-0.00023480818216464782,0.0010429200785712451,2.7091503981124267,0.0012437080674515906,-0.005523649392345607
2.7875575115023006,PASSED,-0.2758065049217317,-0.0002337670711281322,0.0010399050084785601,2.7091516390650954,0.0012381939965883182,-0.005507685177223719
2.7885577115423086,PASSED,-0.2758067381700783,-0.00023272899655275606,0.0010368542866412344,2.7091528745117492,0.0012326960005659502,-0.0054915365857975545
2.7895579115823166,PASSED,-0.27580697038188956,-0.00023169399345020474,0.0010337689798247214,2.7091541044685568,0.001227214266139248,-0.005475199653972254
2.7905581116223246,PASSED,-0.2758072015602544,-0.00023066209663423484,0.0010306487067333278,2.709155328951869,0.0012217489735807862,-0.005458687828121288
2.7915583116623326,PASSED,-0.27580743170829636,-0.00022963334054212057,0.0010274943490348814,2.7091565479782336,0.0012163003257891492,-0.005441954433980911
2.7925585117023406,PASSED,-0.27580766082917335,-0.00022860775962844367,0.0010243052901049295,2.709157761564371,0.0012108684915384071,-0.005425087461916251
2.7935587117423486,PASSED,-0.27580788892607794,-0.0002275853887534951,0.0010210812648443503,2.7091589697271794,0.0012054536309817226,-0.005408042619863281
2.7945589117823566,PASSED,-0.27580811600223687,-0.00022656626146857486,0.0010178246316375123,2.709160172483754,0.00120005597094754,-0.005390738310395153
2.7955591118223646,PASSED,-0.27580834206091065,-0.00022555041143487305,0.0010145336350780062,2.709161369851352,0.0011946756611437433,-0.005373357466064256
2.7965593118623726,PASSED,-0.27580856710539364,-0.0002245378728990845,0.0010112084695956278,2.7091625618474255,0.0011893128738926365,-0.005355740441135672
2.7975595119023806,PASSED,-0.27580879113901363,-0.0002235286787418549,0.0010078512823189039,2.7091637484895905,0.0011839678081540957,-0.005337949270144133
2.7985597119423886,PASSED,-0.2758090141651314,-0.0002225228617770756,0.0010044607530862236,2.7091649297956457,0.0011786406233548535,-0.005320008485308001
2.7995599119823966,PASSED,-0.2758092361871408,-0.00022152045513742857,0.0010010372306875814,2.7091661057835643,0.001173331495653473,-0.005301873845428849
2.8005601120224046,PASSED,-0.275809457208468,-0.0002205214908828216,0.0009975822705532043,2.709167276471484,0.0011680405943489767,-0.005283586277207991
2.8015603120624126,PASSED,-0.2758096772325714,-0.0002195260009226418,0.000994095086597587,2.7091684418777238,0.0011627680968742111,-0.005265104939803761
2.8025605121024206,PASSED,-0.2758098962629412,-0.00021853401723177196,0.000990576093718005,2.7091696020207645,0.0011575141663654363,-0.005246480888088756
2.8035607121424286,PASSED,-0.27581011430309893,-0.0002175455706498021,0.0009870269074710857,2.709170756919252,0.001152278957228211,-0.0052276946366497734
2.8045609121824366,PASSED,-0.2758103313565972,-0.0002165606918694751,0.0009834466955642935,2.7091719065920015,0.0011470626507492422,-0.005208714373848544
2.8055611122224446,PASSED,-0.2758105474270192,-0.00021557941186927155,0.0009798355366296791,2.709173051057988,0.001141865404370246,-0.00518960104909465
2.8065613122624526,PASSED,-0.2758107625179781,-0.00021460175992225417,0.0009761962206091658,2.7091741903363404,0.0011366873537554444,-0.005170350325272851
2.8075615123024606,PASSED,-0.2758109766331169,-0.00021362776541215201,0.000972526703097454,2.709175324446358,0.0011315286887317293,-0.005150874822676606
2.8085617123424687,PASSED,-0.2758111897761077,-0.00021265745793666978,0.0009688279904054425,2.7091764534074794,0.0011263895459864047,-0.005131321360423134
2.8095619123824767,PASSED,-0.2758114019506513,-0.00021169086554515107,0.0009651019922608731,2.7091775772393083,0.0011212700654973447,-0.0051115865748181805
2.8105621124224847,PASSED,-0.27581161316047687,-0.00021072801607619417,0.0009613477867542225,2.7091786959615893,0.0011161704166868225,-0.005091690300991528
2.8115623124624927,PASSED,-0.2758118234093411,-0.0002097689371320426,0.0009575663824164621,2.709179809594217,0.0011110907354771502,-0.00507167514879307
2.8125625125025007,PASSED,-0.2758120327010277,-0.00020881365552562737,0.0009537584224144529,2.7091809181572275,0.0011060311544038434,-0.005051518356316065
2.8135627125425087,PASSED,-0.2758122410393472,-0.00020786219748882687,0.0009499244463911986,2.7091820216708045,0.0011009918327321683,-0.0050311905485807655
2.8145629125825167,PASSED,-0.2758124484281362,-0.0002069145890474364,0.0009460644380566665,2.7091831201552603,0.0010959728929838069,-0.005010772548215205
2.8155631126225247,PASSED,-0.27581265487125634,-0.00020597085492632215,0.0009421805764859215,2.709184213631047,0.0010909744638438927,-0.004990200201046467
2.8165633126625327,PASSED,-0.27581286037259445,-0.00020503101993801093,0.0009382712628614039,2.7091853021187506,0.0010859966959289244,-0.004969479724249292
2.8175635127025407,PASSED,-0.27581306493606145,-0.00020409510800321014,0.0009343390494270742,2.709186385639078,0.0010810396944750914,-0.004948682606888643
2.8185637127425487,PASSED,-0.275813268565592,-0.00020316314231368492,0.0009303834495906458,2.709187464212869,0.001076103590465255,-0.004927718278468585
2.8195639127825567,PASSED,-0.2758134712651436,-0.00020223514542195762,0.0009264058531517718,2.7091885378610794,0.0010711885115289896,-0.004906652708130057
2.8205641128225647,PASSED,-0.27581367303869614,-0.00020131113964175852,0.0009224057315639799,2.7091896066047867,0.0010662945622595351,-0.004885480310337153
2.8215643128625727,PASSED,-0.27581387389025114,-0.00020039114617378186,0.0009183852922517734,2.709190670465184,0.0010614218644042462,-0.004864176218590039
2.8225645129025807,PASSED,-0.2758140738238312,-0.00019947518545553413,0.0009143443355783212,2.7091917294635715,0.0010565705242573924,-0.0048427827656965985
2.8235647129425887,PASSED,-0.2758142728434792,-0.00019856327793342792,0.0009102829797914675,2.709192783621362,0.0010517406466669591,-0.004821274140257822
2.8245649129825967,PASSED,-0.2758144709532577,-0.00019765544279741349,0.0009062032401630488,2.7091938329600658,0.0010469323334049885,-0.004799672676446104
2.8255651130226047,PASSED,-0.27581466815724814,-0.00019675169809777512,0.0009021056726218953,2.709194877501303,0.001042145689225273,-0.004777958515228643
2.8265653130626127,PASSED,-0.2758148644595502,-0.00019585206226195687,0.000897989277949133,2.709195917266782,0.0010373808021136594,-0.004756172842536898
2.8275655131026207,PASSED,-0.2758150598642813,-0.0001949565526539109,0.0008938564947772119,2.7091969522783064,0.0010326377605370841,-0.004734287399267608
2.8285657131426287,PASSED,-0.2758152543755753,-0.00019406518490346701,0.0008897085875549792,2.7091979825577743,0.0010279166673228923,-0.004712297090808076
2.8295659131826367,PASSED,-0.2758154479975823,-0.0001931779753076639,0.0008855436013018962,2.70919900812716,0.0010232175884086199,-0.004690266796581876
2.8305661132226447,PASSED,-0.2758156407344678,-0.0001922949390187623,0.0008813647473013821,2.709200029008524,0.0010185406018655221,-0.004668133040774997
2.8315663132626527,PASSED,-0.27581583259041176,-0.00019141608947967576,0.0008771727336099693,2.7092010452240025,0.0010138857997857083,-0.004645914772506477
2.8325665133026607,PASSED,-0.27581602356960805,-0.0001905414407839055,0.0008729660038771278,2.7092020567958093,0.001009253248204106,-0.004623642787666306
2.8335667133426687,PASSED,-0.2758162136762636,-0.00018967100556639062,0.0008687480266067209,2.7092030637462186,0.0010046429958158283,-0.004601325455352057
2.8345669133826767,PASSED,-0.2758164029145975,-0.00018880479519838288,0.0008645185956084099,2.70920406609758,0.0010000551285528955,-0.004578895134653532
2.8355671134226847,PASSED,-0.27581659128884056,-0.00018794282144556922,0.0008602771909504614,2.7092050638722984,0.0009954897052402083,-0.004556442098042891
2.8365673134626928,PASSED,-0.27581677880323435,-0.00018708509465973716,0.0008560265157531465,2.7092060570928345,0.0009909467569220404,-0.004533952464918193
2.8375675135027008,PASSED,-0.2758169654620303,-0.00018623162391286216,0.0008517669009562481,2.7092070457817052,0.0009864263541892082,-0.004511369578107982
2.8385677135427088,PASSED,-0.2758171512694889,-0.0001853824182891963,0.0008474981054722643,2.709208029961475,0.0009819285497829754,-0.0044887609583159176
2.8395679135827168,PASSED,-0.27581733622987953,-0.0001845374862252461,0.0008432213696021552,2.709209009654753,0.0009774533680044861,-0.004466128991938317
2.8405681136227248,PASSED,-0.27581752034747864,-0.00018369683415186258,0.0008389392092377283,2.7092099848841915,0.0009730008562812047,-0.004443433544176729
2.8415683136627328,PASSED,-0.27581770362657,-0.00018286046912481774,0.000834648905582922,2.7092109556724697,0.0009685710452996166,-0.00442072927319559
2.8425685137027408,PASSED,-0.27581788607144303,-0.0001820283966803416,0.0008303548037382466,2.7092119220423116,0.0009641639732007478,-0.0043979673159841885
2.8435687137427488,PASSED,-0.2758180676863926,-0.0001812006211507451,0.0008260560135020298,2.7092128840164613,0.0009597796609932123,-0.004375208801902963
2.844568913782757,PASSED,-0.27581824847571806,-0.00018037714737951775,0.0008217522763775444,2.7092138416176854,0.0009554181178608708,-0.00435243268596734
2.8455691138227643,PASSED,-0.2758184284437222,-0.0001795579782173497,0.0008174470860283782,2.7092147948687737,0.0009510793800054936,-0.00432960796831707
2.8465693138627723,PASSED,-0.27581860759471083,-0.00017874311594879227,0.0008131390569101508,2.7092157437925324,0.0009467634604904962,-0.004306793879451
2.8475695139027803,PASSED,-0.2758187859329919,-0.0001779325626520635,0.0008088294566078675,2.709216688411776,0.0009424703513243984,-0.0042839860238624485
2.8485697139427884,PASSED,-0.2758189634628743,-0.0001771263188177641,0.0008045200860938094,2.7092176287493204,0.000938200058137385,-0.004261164629113892
2.8495699139827964,PASSED,-0.2758191401886678,-0.00017632438468562317,0.0008002101628390047,2.7092185648279954,0.000933952606784555,-0.00423830916864068
2.8505701140228044,PASSED,-0.2758193161146816,-0.00017552675950688258,0.0007959018560083072,2.7092194966706202,0.0009297279711488971,-0.004215519947002879
2.8515703140628124,PASSED,-0.27581949124522365,-0.00017473344171414716,0.0007915950838868136,2.709220424300013,0.0009255261375743062,-0.004192709326316128
2.8525705141028204,PASSED,-0.2758196655846003,-0.0001739444292377024,0.0007872907381500889,2.709221347738979,0.0009213471171217769,-0.004169894536671272
2.8535707141428284,PASSED,-0.275819839137115,-0.00017315971856537302,0.0007829906284488933,2.709222267010308,0.0009171908759976379,-0.004147138849117438
2.8545709141828364,PASSED,-0.2758200119070678,-0.00017237930611230354,0.0007786936694831907,2.709223182136776,0.0009130573933352688,-0.00412437853787032
2.8555711142228444,PASSED,-0.2758201838987544,-0.00017160318741007348,0.0007744020573946424,2.709224093141134,0.0009089466606566415,-0.004101635439131892
2.8565713142628524,PASSED,-0.2758203551164656,-0.0001708313564546056,0.0007701168875166948,2.709225000046108,0.0009048586360872504,-0.004078950656230337
2.8575715143028604,PASSED,-0.2758205255644862,-0.00017006380748840449,0.0007658370186574138,2.7092259028743886,0.0009007932811701627,-0.0040562910909925755
2.8585717143428684,PASSED,-0.27582069524709457,-0.00016930053354480108,0.000761565226900756,2.7092268016486334,0.0008967505686657006,-0.004033660113441787
2.8595719143828764,PASSED,-0.2758208641685617,-0.0001685415266267962,0.0007573013787409543,2.7092276963914625,0.0008927304596830053,-0.004011074895530957
2.8605721144228844,PASSED,-0.2758210323331504,-0.0001677867783887676,0.0007530461442203827,2.7092285871254567,0.0008887329078639299,-0.003988536434771756
2.8615723144628924,PASSED,-0.2758211997451147,-0.00016703627976467737,0.0007488002773367937,2.709229473873144,0.0008847578581506406,-0.0039660585656343
2.8625725145029004,PASSED,-0.2758213664086991,-0.00016629002080253407,0.0007445647520142815,2.709230356657002,0.0008808052594035769,-0.003943625534683397
2.8635727145429084,PASSED,-0.27582153232813755,-0.0001655479902349736,0.0007403411112579572,2.7092312354994563,0.0008768750620976671,-0.003921245153394059
2.8645729145829164,PASSED,-0.27582169750765306,-0.00016481017700396706,0.0007361279775055828,2.7092321104228714,0.0008729671965542254,-0.003898945803473557
2.8655731146229244,PASSED,-0.2758218619514568,-0.00016407656931883782,0.0007319274902116867,2.7092329814495537,0.000869081604833809,-0.003876688998378171
2.8665733146629324,PASSED,-0.27582202566374747,-0.00016334715373219448,0.0007277409842644689,2.7092338486017367,0.0008652182168800438,-0.003854520590689606
2.8675735147029404,PASSED,-0.2758221886487105,-0.00016262191672880482,0.000723567682806445,2.7092347119015914,0.000861376960804741,-0.0038324130650450755
2.8685737147429484,PASSED,-0.2758223509105173,-0.00016190084432405005,0.000719408886053678,2.709235571371208,0.0008575577587693435,-0.0038103946822991967
2.8695739147829564,PASSED,-0.27582251245332484,-0.00016118392137362225,0.000715265660010542,2.709236427032601,0.0008537605291698245,-0.003788452877665802
2.8705741148229644,PASSED,-0.2758226732812746,-0.00016047113201641996,0.0007111384886634359,2.7092372789077075,0.0008499851999699147,-0.0037665800814058042
2.8715743148629724,PASSED,-0.275822833398492,-0.00015976246013939534,0.0007070274692654092,2.7092381270183776,0.0008462316777377995,-0.0037448169992549407
2.8725745149029804,PASSED,-0.2758229928090861,-0.00015905788888552483,0.0007029337769406017,2.70923897138637,0.0008424998643185983,-0.0037231443658318933
2.8735747149429884,PASSED,-0.2758231515171484,-0.00015835740037892896,0.0006988583263660998,2.7092398120333594,0.0008387896843118924,-0.0037015371006219595
2.8745749149829964,PASSED,-0.2758233095267525,-0.0001576609761137072,0.0006948015577921845,2.7092406489809138,0.0008351010242147918,-0.0036800754280863447
2.8755751150230044,PASSED,-0.2758234668419533,-0.000156968597675803,0.0006907630246455153,2.7092414822505164,0.0008314337921200034,-0.0036586698725897147
2.8765753150630125,PASSED,-0.2758236234667866,-0.00015628024532861177,0.000686745228888363,2.709242311863536,0.0008277878861158217,-0.0036373967585763335
2.8775755151030205,PASSED,-0.2758237794052683,-0.00015559589850877773,0.0006827478804644598,2.7092431378412436,0.0008241631889724761,-0.003616230733191911
2.8785757151430285,PASSED,-0.27582393466139377,-0.00015491553706335024,0.0006787704887361764,2.709243960204801,0.0008205596049223505,-0.0035951529280813413
2.8795759151830365,PASSED,-0.2758240892391373,-0.00015423913930060715,0.0006748159454144005,2.7092447789752567,0.0008169770153002993,-0.0035742140846975958
2.8805761152230445,PASSED,-0.2758242431424518,-0.00015356668335927894,0.0006708826052707895,2.709245594173548,0.0008134152968224741,-0.003553388073243571
2.8815763152630525,PASSED,-0.27582439637526757,-0.000152898146664713,0.0006669727540960116,2.7092464058204864,0.0008098743343300638,-0.0035326787718548084
2.8825765153030605,PASSED,-0.2758245489414925,-0.00015223350633988847,0.0006630853719769135,2.7092472139367723,0.0008063540140512127,-0.003512081283515351
2.8835767153430685,PASSED,-0.2758247008450108,-0.00015157273848737365,0.0006592228395401013,2.7092480185429797,0.0008028542064608868,-0.003491625128199453
2.8845769153830765,PASSED,-0.27582485208968327,-0.00015091581937017555,0.0006553833023034224,2.7092488196595497,0.0007993747684915637,-0.003471313196738641
2.8855771154230845,PASSED,-0.27582500267934573,-0.00015026272391456533,0.0006515702244814653,2.709249617306804,0.0007959155930780747,-0.003451083557989308
2.8865773154630925,PASSED,-0.27582515261780977,-0.00014961342719752585,0.0006477810454114762,2.7092504115049283,0.0007924765431665015,-0.0034310274806289643
2.8875775155031005,PASSED,-0.275825301908861,-0.00014896790380370536,0.0006440182927598486,2.7092512022739714,0.0007890574623389692,-0.003411116392134707
2.8885777155431085,PASSED,-0.27582545055625945,-0.00014832612718577225,0.0006402821680485935,2.709251989633849,0.0007856582317602461,-0.003391306703115156
2.8895779155831165,PASSED,-0.2758255985637388,-0.00014768807094791216,0.0006365722844010785,2.7092527736043355,0.0007822787132942548,-0.003371659641242206
2.8905781156231245,PASSED,-0.27582574593500575,-0.00014705370814190925,0.0006328898204040897,2.7092535542050613,0.0007789187438526153,-0.0033521759752376365
2.8915783156631325,PASSED,-0.27582589267373986,-0.00014642301085742321,0.0006292355938740218,2.709254331455516,0.000775578193792425,-0.0033327994501587805
2.8925785157031405,PASSED,-0.27582603878359296,-0.00014579595167795538,0.0006256082365303518,2.7092551053750396,0.0007722569169745716,-0.0033135950629831273
2.8935787157431485,PASSED,-0.2758261842681887,-0.00014517250225280678,0.0006220102175607484,2.709255875982827,0.000768954752500367,-0.0032945440816855936
2.8945789157831565,PASSED,-0.27582632913112254,-0.0001445526336401788,0.00061844087600619,2.7092566432979144,0.0007656715484185297,-0.003275644081938387
2.8955791158231645,PASSED,-0.27582647337596045,-0.00014393631655607028,0.0006149012228433475,2.709257407339194,0.0007624071634416944,-0.003256878906766533
2.8965793158631725,PASSED,-0.2758266170062395,-0.00014332352193791237,0.0006113902150342971,2.7092581681253978,0.0007591614337990439,-0.0032382967999064725
2.8975795159031805,PASSED,-0.2758267600254671,-0.0001427142198215145,0.0006079100506402749,2.709258925675104,0.0007559341997263347,-0.003219858921244311
2.8985797159431885,PASSED,-0.27582690243712055,-0.00014210837988984221,0.0006044598523602839,2.709259680006727,0.0007527253015209504,-0.003201591061477601
2.8995799159831965,PASSED,-0.27582704424464677,-0.00014150597166492777,0.0006010404732839208,2.7092604311385213,0.0007495345756514787,-0.0031834824081344126
2.9005801160232045,PASSED,-0.2758271854514622,-0.00014090696447133247,0.0005976516738028655,2.709261179088585,0.000746361869266193,-0.0031655223700534324
2.9015803160632125,PASSED,-0.27582732606095206,-0.00014031132709817434,0.0005942945060616402,2.7092619238748474,0.0007432070122955826,-0.0031477467043148607
2.9025805161032205,PASSED,-0.27582746607647063,-0.00013971902815955965,0.0005909685603167214,2.709262665515071,0.0007400698259219709,-0.003130146153142814
2.9035807161432285,PASSED,-0.27582760550134033,-0.00013913003586365856,0.00058767478629066,2.7092634040268533,0.0007369501584273692,-0.0031126817222411427
2.9045809161832365,PASSED,-0.275827744338852,-0.00013854431858575377,0.0005844122723141877,2.709264139427625,0.0007338478433283113,-0.0030954040169356885
2.9055811162232446,PASSED,-0.27582788259226426,-0.0001379618439690697,0.0005811828462639631,2.7092648717346455,0.0007307626935154843,-0.003078313676754399
2.9065813162632526,PASSED,-0.27582802026480363,-0.0001373825794429763,0.0005779856459797292,2.7092656009649994,0.000727694542094239,-0.0030613765842391317
2.9075815163032606,PASSED,-0.27582815735966404,-0.00013680649263453652,0.0005748209167464435,2.7092663271356066,0.0007246432328693237,-0.0030445976520328648
2.9085817163432686,PASSED,-0.2758282938800067,-0.0001362335507356621,0.000571689220293071,2.70926705026321,0.0007216085771202725,-0.0030280278137302568
2.9095819163832766,PASSED,-0.27582842982895994,-0.00013566372059631255,0.0005685907520538747,2.7092677703643755,0.0007185903905119402,-0.003011625804733601
2.9105821164232846,PASSED,-0.27582856520961907,-0.00013509696922346401,0.0005655251200449444,2.7092684874554998,0.0007155885238091296,-0.0029953606348619793
2.9115823164632926,PASSED,-0.2758287000250461,-0.00013453326333058078,0.0005624930747754554,2.709269201552798,0.0007126027845309457,-0.0029793250403985032
2.9125825165033006,PASSED,-0.27582883427826976,-0.0001339725692809563,0.0005594946995238324,2.7092699126723123,0.000709632988574719,-0.002963443233445663
2.9135827165433086,PASSED,-0.27582896797228507,-0.00013341485354694706,0.0005565297569994899,2.709270620829906,0.0007066789769149766,-0.0029477239439401897
2.9145829165833166,PASSED,-0.27582910111005365,-0.0001328600826762894,0.0005535982797630991,2.7092713260412635,0.0007037405584130537,-0.002932214873911639
2.9155831166233246,PASSED,-0.2758292336945033,-0.0001323082226382287,0.0005507012102590642,2.709272028321891,0.0007008175513406334,-0.0029168685380925024
2.9165833166633326,PASSED,-0.27582936572852795,-0.00013175923962552936,0.000547837547659488,2.7092727276871194,0.0006979097929100195,-0.00290168502562816
2.9175835167033406,PASSED,-0.27582949721498784,-0.00013121309997826436,0.0005450077136686245,2.709273424152092,0.0006950170847604966,-0.0028867235654524877
2.9185837167433486,PASSED,-0.2758296281567089,-0.00013066976921127796,0.0005422128025316058,2.709274117731783,0.0006921392579868448,-0.0028718955791179252
2.9195839167833566,PASSED,-0.27582975855648345,-0.0001301292136630017,0.0005394507121060247,2.7092748084409743,0.0006892761289328472,-0.0028572847039174455
2.9205841168233646,PASSED,-0.2758298884170697,-0.0001295913995612045,0.0005367230282580006,2.709275496294276,0.0006864275128099551,-0.002842837068875268
2.9215843168633726,PASSED,-0.27583001774119154,-0.00012905629215273224,0.0005340303286151182,2.7092761813061212,0.0006835932485098388,-0.0028285491209436154
2.9225845169033806,PASSED,-0.2758301465315392,-0.0001285238579075078,0.000531370189630635,2.7092768634907465,0.0006807731235135759,-0.002814508913142483
2.9235847169433886,PASSED,-0.2758302747907687,-0.00012799406291319777,0.000528744864096273,2.709277542862229,0.0006779669830687208,-0.002800561465996537
2.9245849169833966,PASSED,-0.27583040252150204,-0.0001274668726332067,0.0005261538905875976,2.709278219434452,0.000675174651458964,-0.0027868450389304297
2.9255851170234046,PASSED,-0.2758305297263272,-0.00012694225348224697,0.0005235959912077905,2.709278893221124,0.0006723959205656971,-0.0027733214628245665
2.9265853170634126,PASSED,-0.2758306564077985,-0.00012642017178603196,0.0005210721662198377,2.709279564235767,0.0006696306237995319,-0.0027599469683922658
2.9275855171034206,PASSED,-0.27583078256843613,-0.00012590059318262574,0.0005185828948638189,2.709280232491739,0.00066687860988329,-0.00274672521480834
2.9285857171434286,PASSED,-0.2758309082107267,-0.00012538348437781825,0.0005161260781032334,2.709280898002203,0.0006641396617561136,-0.0027337634020883853
2.9295859171834366,PASSED,-0.27583103333712294,-0.00012486881166565194,0.0005137038015417135,2.70928156078015,0.0006614136010269816,-0.0027209256138275707
2.9305861172234446,PASSED,-0.27583115795004426,-0.0001243565411966808,0.0005113149139240801,2.709282220838395,0.0006587002879257166,-0.0027082380928898117
2.9315863172634526,PASSED,-0.2758312820518765,-0.00012384664025227572,0.0005089582980591118,2.7092828781895757,0.0006559995209699531,-0.0026957861976793325
2.9325865173034606,PASSED,-0.27583140564497216,-0.00012333907500058092,0.0005066365541185893,2.7092835328461513,0.0006533111097203828,-0.0026834946174976977
2.9335867173434687,PASSED,-0.2758315287316506,-0.00012283381238608896,0.0005043466547408685,2.709284184820402,0.0006506349020610899,-0.002671349687156438
2.9345869173834767,PASSED,-0.2758316513141982,-0.0001223308199097753,0.0005020896906955367,2.7092848341244418,0.0006479707270126878,-0.0026593919558991685
2.9355871174234847,PASSED,-0.2758317733948682,-0.00012183006426675398,0.0004998662779051852,2.7092854807702023,0.0006453183854806023,-0.0026476412495429757
2.9365873174634927,PASSED,-0.2758318949758817,-0.00012133151330158197,0.0004976740900165482,2.7092861247694473,0.0006426777206860823,-0.002636013824504484
2.9375875175035007,PASSED,-0.2758320160594268,-0.00012083513448411155,0.0004955153024396565,2.7092867661337663,0.0006400485716069071,-0.002624572582289058
2.9385877175435087,PASSED,-0.2758321366476597,-0.00012034089525101701,0.0004933885201977978,2.7092874048745785,0.000637430747307465,-0.0026133254442108856
2.9395879175835167,PASSED,-0.27583225674270434,-0.00011984876431285864,0.0004912925501320769,2.70928804100313,0.0006348240812212976,-0.0026022265141385703
2.9405881176235247,PASSED,-0.2758323763466529,-0.00011935870982538637,0.0004892291123657533,2.70928867453051,0.0006322284315528962,-0.0025912651045766756
2.9415883176635327,PASSED,-0.27583249546156596,-0.0001188706997628379,0.0004871973626702606,2.7092893054676246,0.0006296436001865978,-0.0025805422074460494
2.9425885177035407,PASSED,-0.27583261408947274,-0.00011838470338461064,0.00048519572193192673,2.709289933825223,0.0006270694218983737,-0.0025699356754094035
2.9435887177435487,PASSED,-0.2758327322323714,-0.00011790069005030419,0.0004832250758894705,2.709290559613889,0.0006245057658679605,-0.0025594696004156542
2.9445889177835567,PASSED,-0.2758328498922293,-0.00011741862820163719,0.00048128636385202613,2.709291182844042,0.0006219524408749404,-0.0025492285880898496
2.9455891178235647,PASSED,-0.27583296707098315,-0.00011693848796926006,0.000479376144727205,2.709291803525937,0.0006194092761876795,-0.002539122086708504
2.9465893178635727,PASSED,-0.27583308377053967,-0.00011646023972239931,0.0004774963149497746,2.709292421669675,0.0006168761506003139,-0.002529127921136986
2.9475895179035807,PASSED,-0.27583319999277534,-0.0001159838526036834,0.0004756476545600081,2.709293037285196,0.0006143528869973872,-0.0025193540574532827
2.9485897179435887,PASSED,-0.2758333157395372,-0.00011550929773436457,0.0004738263458247165,2.7092936503822793,0.0006118393069333395,-0.0025097307351107097
2.9495899179835967,PASSED,-0.275833431012643,-0.00011503654657697577,0.00047203436509821086,2.709294260970552,0.0006093352880353449,-0.0025002110065838676
2.9505901180236047,PASSED,-0.2758335458138814,-0.00011456556910327674,0.00047027287943292615,2.7092948690594874,0.0006068406714464501,-0.002490886977102151
2.9515903180636127,PASSED,-0.2758336601450125,-0.00011409633735929898,0.00046853765367428244,2.709295474658412,0.0006043552949891524,-0.002481702777427986
2.9525905181036207,PASSED,-0.27583377400776804,-0.00011362882379058649,0.0004668308454046646,2.70929607777649,0.0006018790091289681,-0.0024726745820215596
2.9535907181436287,PASSED,-0.27583388740385184,-0.000113162999765231,0.0004651528119893878,2.7092966784227523,0.0005994116863688499,-0.0024637548788493577
2.9545909181836367,PASSED,-0.2758340003349402,-0.00011269883823322736,0.00046350067867979606,2.7092972766060726,0.0005969531659443736,-0.0024550307882277352
2.9555911182236447,PASSED,-0.27583411280268216,-0.00011223631258154049,0.0004618756336916,2.7092978723351853,0.0005945032961117064,-0.002446429195626822
2.9565913182636527,PASSED,-0.2758342248087,-0.00011177539551940449,0.00046027801443225915,2.709298465618684,0.0005920619615773342,-0.0024379380935357284
2.9575915183036607,PASSED,-0.2758343363545895,-0.0001113160611160054,0.00045870532937700387,2.7092990564650186,0.0005896290043641432,-0.0024296366262944284
2.9585917183436687,PASSED,-0.2758344474419204,-0.00011085828370816256,0.00045715879348672337,2.7092996448825053,0.0005872042878546166,-0.0024214364316814253
2.9595919183836767,PASSED,-0.27583455807223684,-0.00011040203732737401,0.00045563810565640205,2.7093002308793177,0.0005847876852560161,-0.0024133800432129867
2.9605921184236847,PASSED,-0.2758346682470577,-0.00010994729751258375,0.0004541409542128262,2.709300814463506,0.0005823790645005404,-0.002405447896984306
2.9615923184636928,PASSED,-0.275834777967877,-0.00010949403945928308,0.0004526694526925671,2.7093013956429743,0.0005799782793682891,-0.0023976766224293945
2.9625925185037008,PASSED,-0.2758348872361645,-0.00010904223879072487,0.0004512214791353042,2.709301974425515,0.0005775852234162477,-0.0023899755051161238
2.9635927185437088,PASSED,-0.27583499605336587,-0.00010859187193510321,0.00044979710661256957,2.709302550818783,0.0005751997685270234,-0.0023824411452964918
2.9645929185837168,PASSED,-0.27583510442090325,-0.00010814291554150528,0.00044839591825486383,2.709303124830306,0.0005728217613372705,-0.0023750512193903882
2.9655931186237248,PASSED,-0.27583521234017566,-0.00010769534663897243,0.0004470175587181696,2.709303696467499,0.0005704511193683401,-0.0023677024686237186
2.9665933186637328,PASSED,-0.27583531981255965,-0.00010724914316337494,0.00044566075351702277,2.70930426573765,0.0005680877146524902,-0.0023605395473339963
2.9675935187037408,PASSED,-0.2758354268394093,-0.00010680428261080823,0.00044432708526652784,2.709304832647928,0.0005657313987220052,-0.002353500185919093
2.9685937187437488,PASSED,-0.2758355334220571,-0.0001063607436467591,0.00044301354990419355,2.7093053972053944,0.0005633820988553076,-0.0023464996538834185
2.969593918783757,PASSED,-0.27583563956181417,-0.00010591850561216476,0.00044172102438777794,2.70930595941699,0.0005610396933579053,-0.0023396760597480834
2.970594118823765,PASSED,-0.27583574525997084,-0.00010547754723904983,0.0004404499389330371,2.7093065192895494,0.0005587040479027997,-0.0023329583853438805
2.971594318863773,PASSED,-0.27583585051779713,-0.0001050378486681851,0.0004391976588191949,2.7093070768297984,0.0005563750850456605,-0.002326299171669325
2.972594518903781,PASSED,-0.275835955336543,-0.00010459939045419057,0.00043796525077809985,2.7093076320443585,0.0005540526980768787,-0.002319778833523648
2.973594718943789,PASSED,-0.2758360597174391,-0.00010416215310201443,0.0004367520864414625,2.7093081849397453,0.0005517367633466979,-0.0023133719946189274
2.974594918983797,PASSED,-0.27583616366169705,-0.00010372611784481548,0.000435557371037285,2.7093087355223804,0.0005494272038543498,-0.0023070178241675833
2.975595119023805,PASSED,-0.27583626717051,-0.00010329126678146084,0.0004343801915662203,2.7093092837985764,0.0005471239148390505,-0.002300803142720294
2.976595319063813,PASSED,-0.27583637024505325,-0.0001028575821049354,0.00043322099983157073,2.709309829774559,0.0005448267921616567,-0.002294669033842782
2.977595519103821,PASSED,-0.2758364728864845,-0.00010242504631496392,0.00043207898339807745,2.7093103734564634,0.0005425357705733295,-0.002288589957983671
2.978595719143829,PASSED,-0.2758365750959443,-0.00010199364246501599,0.0004309537609811766,2.7093109148503296,0.0005402507445531586,-0.002282650061628968
2.979595919183837,PASSED,-0.27583667687455676,-0.00010156335492638672,0.0004298433903946513,2.709311453962106,0.0005379716078667633,-0.002276794436239709
2.980596119223845,PASSED,-0.27583677822343006,-0.00010113416754881439,0.0004287500356907801,2.7093119907976675,0.0005356983175649594,-0.002270954212179959
2.981596319263853,PASSED,-0.27583687914365673,-0.00010070606466539069,0.0004276714485789823,2.7093125253627943,0.0005334307711565912,-0.0022652745391603404
2.982596519303861,PASSED,-0.27583697963631404,-0.0001002790318115653,0.0004266071239896567,2.709313057663197,0.0005311688788714808,-0.002259637449077101
2.983596719343869,PASSED,-0.275837079702465,-9.985305485441861e-05,0.0004255568459180457,2.709313587704505,0.0005289125918404115,-0.002254053419064145
2.984596919383877,PASSED,-0.2758371793431584,-9.942811952399613e-05,0.0004245209867587729,2.7093141154922686,0.0005266618159442076,-0.002248590880963758
2.985597119423885,PASSED,-0.27583727855942936,-9.900421260702539e-05,0.00042349753711205937,2.7093146410319764,0.0005244164852341113,-0.0022431572628513335
2.986597319463893,PASSED,-0.27583737735229996,-9.858132145294008e-05,0.0004224868987341292,2.7093151643290336,0.0005221765332662468,-0.002237815104540234
2.987597519503901,PASSED,-0.2758374757227798,-9.815943362889494e-05,0.0004214884409191678,2.709315685388793,0.0005199418985392445,-0.0022325144753103515
2.988597719543909,PASSED,-0.2758375736718662,-9.773853697824608e-05,0.0004205021238019921,2.7093162042165333,0.0005177125136522445,-0.002227298494793128
2.989597919583917,PASSED,-0.27583767120054486,-9.731862035563277e-05,0.000419526288487504,2.7093167208174767,0.0005154883134872489,-0.002222134611797303
2.990598119623925,PASSED,-0.2758377683097905,-9.689967311717678e-05,0.0004185612051016239,2.7093172351967856,0.0005132692541114659,-0.0022170092184400354
2.991598319663933,PASSED,-0.275837865000567,-9.648168440636608e-05,0.00041760704795009356,2.7093177473595613,0.0005110552647838385,-0.002211976067085558
2.992598519703941,PASSED,-0.27583796127382826,-9.606464441505877e-05,0.000416661953545469,2.7093182573108603,0.000508846303286694,-0.0022069517838502893
2.993598719743949,PASSED,-0.27583805713051845,-9.564854406034081e-05,0.0004157259554996363,2.70931876505568,0.0005066423212391685,-0.002202002223309107
2.994598919783957,PASSED,-0.2758381525715724,-9.52333739347079e-05,0.00041479957238841323,2.7093192705989737,0.0005044432609015042,-0.0021970990805675297
2.995599119823965,PASSED,-0.27583824759791653,-9.481912591656381e-05,0.0004138803153145562,2.7093197739456434,0.0005022490806072496,-0.0021922344367127367
2.996599319863973,PASSED,-0.27583834221046877,-9.440579185981925e-05,0.0004129698843645461,2.709320275100554,0.0005000597489638187,-0.0021873964479095735
2.997599519903981,PASSED,-0.27583843641013944,-9.399336427354829e-05,0.00041206605420855707,2.709320774068528,0.0004978752194569156,-0.002182618212898744
2.998599719943989,PASSED,-0.27583853019783156,-9.358183612779144e-05,0.0004111695401223416,2.709321270854345,0.0004956954435877239,-0.0021778809733870043
2.999599919983997,PASSED,-0.2758386235744414,-9.317120102835913e-05,0.000410278805638965,2.7093217654627515,0.0004935203999250567,-0.002173152122187517
3.000600120024005,PASSED,-0.2758387165408588,-9.276145252044358e-05,0.0004093949760999472,2.7093222578984606,0.0004913500579619161,-0.002168468523776172
3.001600320064013,PASSED,-0.2758388090979677,-9.235258510693296e-05,0.0004085157051177374,2.709322748166154,0.0004891843768334463,-0.0021638228649320706
3.002600520104021,PASSED,-0.2758389012466469,-9.19445940961082e-05,0.0004076412146294278,2.7093232362704858,0.000487023335649976,-0.0021591867291623924
3.003600720144029,PASSED,-0.27583899298776987,-9.153747387642481e-05,0.0004067728897193793,2.7093237222160833,0.00048486691447271536,-0.0021545774759929096
3.004600920184037,PASSED,-0.27583908432220583,-9.113122049894514e-05,0.00040590703598650637,2.7093242060075493,0.0004827150805546116,-0.0021500048795110548
3.005601120224045,PASSED,-0.27583917525081997,-9.072583099192272e-05,0.0004050444877130407,2.7093246876494637,0.00048056781380467675,-0.0021454413302173132
3.006601320264053,PASSED,-0.2758392657744737,-9.032130080581844e-05,0.00040418731836510064,2.7093251671463907,0.0004784251061453848,-0.0021408852120083284
3.007601520304061,PASSED,-0.2758393558940254,-8.991762702698574e-05,0.00040333141914443166,2.7093256445028757,0.0004762869357357565,-0.002136360541374953
3.008601720344069,PASSED,-0.27583944561033064,-8.951480830246057e-05,0.0004024769281123448,2.7093261197234493,0.00047415328558637307,-0.002131843221389064
3.009601920384077,PASSED,-0.27583953492424285,-8.911284170998032e-05,0.00040162636872553056,2.7093265928126313,0.00047202415266196204,-0.0021273260597589514
3.010602120424085,PASSED,-0.2758396238366133,-8.871172503882768e-05,0.00040077687277070373,2.7093270637749316,0.00046989952570681816,-0.002122827552067123
3.011602320464093,PASSED,-0.275839712348292,-8.831145817668678e-05,0.0003999268550543573,2.709327532614854,0.0004677793975260156,-0.0021183285999595365
3.012602520504101,PASSED,-0.275839800460128,-8.791203999538295e-05,0.00039907906547012617,2.7093279993368875,0.00046566375226319065,-0.0021138563714019954
3.013602720544109,PASSED,-0.27583988817296956,-8.751346941756744e-05,0.0003982315860457778,2.7093284639455297,0.0004635526055948942,-0.002109340199559395
3.014602920584117,PASSED,-0.27583997548766465,-8.71157468619758e-05,0.00039738320195555993,2.709328926445276,0.00046144596486421906,-0.002104841084752289
3.015603120624125,PASSED,-0.2758400624050617,-8.671887317443436e-05,0.0003965340112653414,2.7093293868406088,0.0004593437901453436,-0.0021003971416241845
3.016603320664133,PASSED,-0.2758401489260094,-8.632284821553297e-05,0.00039568559065874544,2.7093298451360304,0.00045724612097609727,-0.002095850520994454
3.017603520704141,PASSED,-0.2758402350513574,-8.59276733842558e-05,0.000394834325022787,2.709330301336039,0.0004551529728485623,-0.002091346531895324
3.018603720744149,PASSED,-0.27584032078195686,-8.553335075842327e-05,0.0003939814930390472,2.7093307554451456,0.0004530643206765998,-0.0020868559320073574
3.019603920784157,PASSED,-0.2758404061186605,-8.513988159574232e-05,0.00039312760910888194,2.709331207467859,0.00045098017821079684,-0.0020823334883333083
3.020604120824165,PASSED,-0.27584049106232317,-8.474726805372465e-05,0.00039227083062353475,2.7093316574087107,0.00044890058773553506,-0.002077761799880769
3.021604320864173,PASSED,-0.275840575613802,-8.435551334539014e-05,0.00039141062680849266,2.709332105272242,0.0004468255459334587,-0.0020732284702067705
3.022604520904181,PASSED,-0.27584065977395694,-8.396461985410635e-05,0.0003905487342673099,2.7093325510630057,0.000444755048962822,-0.002068675970923295
3.023604720944189,PASSED,-0.2758407435436511,-8.357459093624732e-05,0.00038968237358687457,2.7093329947855724,0.00044268913953877806,-0.002064065059457691
3.024604920984197,PASSED,-0.27584082692375106,-8.318543062121219e-05,0.00038881227600065846,2.7093334364445325,0.0004406278365479345,-0.0020594616117674373
3.025605121024205,PASSED,-0.275840909915127,-8.27971422622235e-05,0.00038793908098071103,2.7093338760444934,0.000438571140541445,-0.0020548522696376406
3.026605321064213,PASSED,-0.27584099251865335,-8.240973035224585e-05,0.0003870604626422771,2.709334313590087,0.0004365190896161495,-0.0020501833624006743
3.027605521104221,PASSED,-0.2758410747352088,-8.202319948257138e-05,0.0003861778076959252,2.709334749085968,0.0004344717138846909,-0.002045503977497241
3.028605721144229,PASSED,-0.2758411565656769,-8.163755460756574e-05,0.0003852895865454436,2.7093351825368126,0.0004324290161818746,-0.0020408268530289846
3.029605921184237,PASSED,-0.27584123801094623,-8.125280093303149e-05,0.0003843963998601436,2.7093356139473297,0.00043039104344917164,-0.0020360699858189024
3.030606121224245,PASSED,-0.2758413190719104,-8.086894328910527e-05,0.00038349847330358694,2.709336043322254,0.0004283578298304824,-0.0020313093739360933
3.031606321264253,PASSED,-0.275841399749469,-8.048598826624541e-05,0.0003825927225640417,2.7093364706663454,0.00042632937721602955,-0.0020265481081306585
3.032606521304261,PASSED,-0.27584148004452713,-8.010394149324592e-05,0.00038168280662311644,2.7093368959843995,0.00042430573762498695,-0.0020217005796505294
3.033606721344269,PASSED,-0.27584155995799625,-7.972280877372049e-05,0.0003807659947936185,2.709337319281245,0.0004222869556663946,-0.0020168362112203157
3.034606921384277,PASSED,-0.27584163949079404,-7.934259726315735e-05,0.0003798418544094928,2.709337740561738,0.000420273033648604,-0.0020119792221707862
3.035607121424285,PASSED,-0.27584171864384494,-7.89633137377467e-05,0.0003789113060780742,2.7093381598307804,0.00041826403376823653,-0.0020070136524985957
3.036607321464293,PASSED,-0.2758417974180803,-7.8584964812067e-05,0.0003779740054141263,2.709338577093301,0.00041625999280267957,-0.002002059174262535
3.037607521504301,PASSED,-0.27584187581443836,-7.820755769629933e-05,0.00037702918933667614,2.709338992354271,0.000414260925326031,-0.001997073011572688
3.038607721544309,PASSED,-0.27584195383386495,-7.783110022211208e-05,0.00037607633075428863,2.7093394056186972,0.0004122668893875445,-0.001992011223095536
3.039607921584317,PASSED,-0.27584203147731334,-7.745559981622248e-05,0.0003751164559797982,2.7093398168916285,0.00041027793057831315,-0.0019869238666552847
3.040608121624325,PASSED,-0.2758421087457446,-7.708106420819455e-05,0.00037414837606003867,2.70934022617816,0.0004082940807588625,-0.0019818004546475507
3.041608321664333,PASSED,-0.27584218564012775,-7.670750189995497e-05,0.000373171596359274,2.7093406334834165,0.00040631537505947087,-0.001976642529221042
3.042608521704341,PASSED,-0.27584226216144,-7.633492074365553e-05,0.0003721875295928888,2.709341038812581,0.0004043418792088602,-0.001971398064870428
3.043608721744349,PASSED,-0.2758423383106668,-7.596332929999715e-05,0.00037119405303539024,2.709341442170866,0.0004023736190369115,-0.0019661682433342906
3.044608921784357,PASSED,-0.2758424140888021,-7.559273610342278e-05,0.0003701926256003347,2.7093418435635424,0.00040041064311834083,-0.001960847702061578
3.045609121824365,PASSED,-0.2758424894968489,-7.522315017318138e-05,0.00036918146666877985,2.7093422429959166,0.0003984530075639055,-0.001955494122684521
3.046609321864373,PASSED,-0.2758425645358186,-7.485458031156524e-05,0.00036816212491440315,2.709342640473351,0.0003965007547413536,-0.0019500919557968218
3.047609521904381,PASSED,-0.2758426392067318,-7.448703519087525e-05,0.0003671337845403712,2.709343036001247,0.0003945539229726202,-0.0019446583106912056
3.048609721944389,PASSED,-0.27584271351061823,-7.412052471349829e-05,0.0003660949392679903,2.7093434295850582,0.00039261257050491157,-0.001939148572386938
3.049609921984397,PASSED,-0.2758427874485169,-7.375505803460798e-05,0.0003650478386385276,2.709343821230289,0.00039067675293425147,-0.0019335969028422173
3.050610122024405,PASSED,-0.27584286102147604,-7.339064367232024e-05,0.0003639920447205501,2.709344210942489,0.0003887465036100809,-0.00192801760505613
3.051610322064413,PASSED,-0.27584293423055367,-7.302729259748477e-05,0.00036292376157874166,2.7093445987272684,0.0003868218912283923,-0.0019223422327770098
3.052610522104421,PASSED,-0.27584300707681714,-7.266501399075214e-05,0.0003618485035018635,2.709344984590275,0.00038490295618450187,-0.001916663584632719
3.053610722144429,PASSED,-0.27584307956134385,-7.230381681559623e-05,0.0003607629562586091,2.7093453685372135,0.0003829897425718557,-0.001910913631321829
3.054610922184437,PASSED,-0.2758431516852206,-7.194371181196745e-05,0.000359666368542213,2.7093457505738465,0.000381082327829734,-0.0019050821493216108
3.055611122224445,PASSED,-0.2758432234495444,-7.158470896372072e-05,0.0003585605013830847,2.709346130705977,0.00037918073999570676,-0.0018992582904976479
3.056611322264453,PASSED,-0.27584329485542197,-7.122681764117964e-05,0.00035744520331306486,2.7093465089394746,0.00037728503932866494,-0.0018933289180712676
3.057611522304461,PASSED,-0.2758433659039703,-7.087004807999392e-05,0.00035631913310083836,2.709346885280248,0.00037539528558399666,-0.0018873702957328876
3.058611722344469,PASSED,-0.27584343659631627,-7.051441093378102e-05,0.00035518248828759184,2.709347259734271,0.0003735115274622046,-0.0018813500058315865
3.059611922384477,PASSED,-0.27584350693359694,-7.015991563600895e-05,0.00035403717076173995,2.7093476323075616,0.00037163381157288307,-0.0018752931449814813
3.060612122424485,PASSED,-0.2758435769169596,-6.980657249042032e-05,0.000352880462139897,2.7093480030061983,0.00036976220336824134,-0.0018691515777485707
3.061612322464493,PASSED,-0.2758436465475616,-6.945439238700063e-05,0.00035171319760621977,2.709348371836315,0.000367896761541049,-0.0018629686601548835
3.062612522504501,PASSED,-0.2758437158265707,-6.910338463114724e-05,0.0003505374613515082,2.7093487388040898,0.000366037516540021,-0.0018567625616102504
3.063612722544509,PASSED,-0.27584378475516463,-6.875355978073295e-05,0.0003493497764561309,2.709349103915766,0.0003641845420913274,-0.0018504490400825233
3.064612922584517,PASSED,-0.2758438533345316,-6.840492858640142e-05,0.0003481521395818158,2.7093494671776344,0.00036233789523553984,-0.0018441120662575207
3.065613122624525,PASSED,-0.27584392156587,-6.805750076970092e-05,0.0003469449347796259,2.709349828596042,0.0003604976118130018,-0.0018377309933917557
3.066613322664533,PASSED,-0.2758439894503884,-6.771128642630454e-05,0.00034572728247423865,2.7093501881773907,0.0003586637605171235,-0.0018312648308692664
3.067613522704541,PASSED,-0.27584405698930553,-6.736629610181694e-05,0.0003444990191631753,2.70935054592814,0.00035683640386101253,-0.001824751206272193
3.068613722744549,PASSED,-0.27584412418385057,-6.702254005129663e-05,0.00034326073809172995,2.7093509018547923,0.00035501556387143693,-0.0018182325117778646
3.069613922784557,PASSED,-0.27584419103526253,-6.668002799915823e-05,0.00034201292816952625,2.7093512559639157,0.00035320132022565934,-0.0018115844017774331
3.070614122824565,PASSED,-0.27584425754479075,-6.633877038605198e-05,0.0003407540697307516,2.709351608262125,0.00035139373291788825,-0.0018049225784335559
3.071614322864573,PASSED,-0.2758443237136946,-6.599877739638316e-05,0.00033948560296087144,2.709351958756088,0.0003495928228815481,-0.0017982350082778736
3.0726145229045807,PASSED,-0.2758443895432435,-6.566005842583014e-05,0.00033820788228112596,2.709352307452535,0.0003477986744344452,-0.0017914240729861987
3.0736147229445887,PASSED,-0.27584445503471655,-6.53226235674452e-05,0.0003369195091207964,2.7093526543582387,0.0003460113368673821,-0.0017846132297810314
3.0746149229845967,PASSED,-0.2758445201894032,-6.498648343040156e-05,0.0003356205556588902,2.709352999480024,0.0003442308309004133,-0.0017777677917605505
3.0756151230246047,PASSED,-0.27584458500860237,-6.465164703643007e-05,0.0003343136195132572,2.7093533428247785,0.000342457247931279,-0.0017707930873835666
3.0766153230646127,PASSED,-0.2758446494936229,-6.43181239334892e-05,0.0003329960918925824,2.709353684399427,0.0003406906241218528,-0.001763844290787945
3.0776155231046207,PASSED,-0.275844713645783,-6.398592421665135e-05,0.0003316688001347043,2.709354024210958,0.00033893099660326214,-0.0017568163371257934
3.0786157231446287,PASSED,-0.27584477746641084,-6.365505736079325e-05,0.0003303322263403485,2.7093543622664007,0.0003371784351186687,-0.0017497249162385258
3.0796159231846367,PASSED,-0.27584484095684353,-6.332553230328032e-05,0.0003289869449613144,2.709354698572841,0.0003354329855260575,-0.0017425993768596692
3.0806161232246447,PASSED,-0.2758449041184279,-6.299735849482942e-05,0.00032763171744394794,2.7093550331374114,0.00033369468677282664,-0.0017354316708116805
3.0816163232646527,PASSED,-0.27584496695251975,-6.267054556134887e-05,0.00032626707750496245,2.709355365967292,0.0003319635920061508,-0.00172820349725195
3.0826165233046607,PASSED,-0.2758450294604841,-6.234510189454711e-05,0.0003248947263329775,2.7093556970697175,0.0003302397635427801,-0.0017209117741165544
3.0836167233446687,PASSED,-0.275845091643695,-6.202103642821275e-05,0.0003235126263352711,2.7093560264519594,0.00032852322588279646,-0.0017136215838949465
3.0846169233846767,PASSED,-0.275845153503535,-6.16983584298415e-05,0.00032212157972857095,2.7093563541213435,0.00032681402998615584,-0.0017062454384710254
3.0856171234246847,PASSED,-0.2758452150413956,-6.13770760435117e-05,0.0003207229240639529,2.7093566800852407,0.0003251122411916331,-0.0016988176985572633
3.0866173234646928,PASSED,-0.2758452762586768,-6.105719774844324e-05,0.00031931520907147625,2.7093570043510673,0.0003234178869285674,-0.0016913786394046346
3.0876175235047008,PASSED,-0.27584533715678683,-6.073873206964348e-05,0.00031789932528527415,2.709357326926278,0.0003217309996050185,-0.0016838931129783744
3.0886177235447088,PASSED,-0.2758453977371424,-6.04216872035759e-05,0.0003164752265891076,2.7093576478183814,0.0003200516540639348,-0.0016763138264872127
3.0896179235847168,PASSED,-0.27584545800116805,-6.0106070684699715e-05,0.00031504404706758166,2.7093579670349186,0.00031837987218106135,-0.0016687605871309847
3.0906181236247248,PASSED,-0.2758455179502962,-5.9791890520989134e-05,0.00031360424147258643,2.709358284583484,0.0003167156923650648,-0.0016611259685735227
3.0916183236647328,PASSED,-0.2758455775859671,-5.9479154691666395e-05,0.00031215688788950813,2.709358600471696,0.0003150591618082361,-0.0016534669489988863
3.0926185237047408,PASSED,-0.2758456369096286,-5.916787019384242e-05,0.0003107029044469586,2.7093589147072317,0.00031341032609417,-0.0016457482241109215
3.0936187237447488,PASSED,-0.2758456959227356,-5.8858044186317126e-05,0.00030924140957751614,2.7093592272977927,0.0003117692128109678,-0.0016380233225964111
3.094618923784757,PASSED,-0.2758457546267505,-5.854968436017327e-05,0.0003077721038547509,2.7093595382511237,0.00031013585552937923,-0.0016302465875833213
3.095619123824765,PASSED,-0.2758458130231423,-5.824279696569859e-05,0.0003062975882213152,2.7093598475750134,0.00030851031528342975,-0.001622402684860314
3.096619323864773,PASSED,-0.27584587111338704,-5.7937388665119556e-05,0.00030481544215084713,2.709360155277273,0.00030689260216253665,-0.0016145867449148777
3.097619523904781,PASSED,-0.2758459288989673,-5.7633466621820836e-05,0.0003033264440639744,2.709360461365756,0.0003052827470715539,-0.0016067006550280023
3.098619723944789,PASSED,-0.2758459863813719,-5.733103643531026e-05,0.00030183268147497826,2.709360765848348,0.0003036808096270123,-0.001598761970883933
3.099619923984797,PASSED,-0.27584604356209597,-5.7030104064486745e-05,0.00030033216372253986,2.709361068732973,0.0003020868116007321,-0.0015908220632111065
3.100620124024805,PASSED,-0.2758461004426403,-5.6730675778528115e-05,0.0002988257007826896,2.7093613700275743,0.0003005007611956813,-0.001582869299610628
3.101620324064813,PASSED,-0.27584615702451154,-5.643275695526442e-05,0.0002973142382510314,2.709361669740134,0.0002989227119844895,-0.0015748358189125538
3.102620524104821,PASSED,-0.2758462133092219,-5.61363528100704e-05,0.0002957974164893535,2.709361967878667,0.0002973527039872577,-0.001566789449444675
3.103620724144829,PASSED,-0.27584626929828876,-5.584146887545311e-05,0.00029427494670258874,2.7093622644512037,0.00029579072600255705,-0.0015587703415379515
3.104620924184837,PASSED,-0.27584632499323447,-5.554810969623707e-05,0.00029274866755833897,2.7093625594658106,0.0002942368242830453,-0.0015506559714941696
3.105621124224845,PASSED,-0.27584638039558634,-5.525628001316063e-05,0.000291217026755177,2.709362852930576,0.0002926910412549399,-0.0015425343991796122
3.106621324264853,PASSED,-0.27584643550687615,-5.4965984743585076e-05,0.0002896807647891422,2.7093631448536155,0.0002911533747385073,-0.0015344212612678919
3.107621524304861,PASSED,-0.27584649032863995,-5.467722729397055e-05,0.0002881419061647809,2.7093634352430644,0.00028962385046855336,-0.0015262596090779722
3.108621724344869,PASSED,-0.2758465448624179,-5.439001206038295e-05,0.00028659745186947313,2.709363724107079,0.00028810250026033873,-0.0015180772743056293
3.109621924384877,PASSED,-0.27584659910975406,-5.410434310032369e-05,0.000285049965519125,2.70936401145384,0.0002865893425645249,-0.0015098779768193567
3.110622124424885,PASSED,-0.27584665307219614,-5.38202231972056e-05,0.000283499861517398,2.7093642972915433,0.0002850843836226153,-0.001501679585303012
3.111622324464893,PASSED,-0.275846706751295,-5.353765590859965e-05,0.0002819455733316626,2.7093645816284075,0.0002835876538691112,-0.0014934298656381238
3.112622524504901,PASSED,-0.27584676014860476,-5.325664441636542e-05,0.00028038877150260736,2.709364864472658,0.00028209915997705955,-0.0014852032429940303
3.113622724544909,PASSED,-0.2758468132656823,-5.297719099890746e-05,0.00027882984809487235,2.7093651458325456,0.0002806189202224919,-0.0014769307622834124
3.114622924584917,PASSED,-0.2758468661040871,-5.269929839469886e-05,0.000277267774951078,2.709365425716331,0.00027914695518579973,-0.0014686545529646949
3.115623124624925,PASSED,-0.27584691866538097,-5.2422968778500984e-05,0.00027570417702908853,2.7093657041322854,0.00027768325911893505,-0.0014603904094646688
3.116623324664933,PASSED,-0.27584697095112787,-5.214820403575635e-05,0.0002741384532216615,2.7093659810886908,0.00027622784938994904,-0.001452089275333521
3.117623524704941,PASSED,-0.27584702296289354,-5.1875006002410964e-05,0.000272571086761205,2.709366256593843,0.0002747807498897361,-0.0014437729834658642
3.118623724744949,PASSED,-0.27584707470224523,-5.160337583738573e-05,0.0002710028838679256,2.7093665306560424,0.00027334195004073616,-0.0014354844260227838
3.119623924784957,PASSED,-0.2758471261707515,-5.1333314897207964e-05,0.00026943297771767213,2.7093668032835994,0.0002719114581863961,-0.0014271634732182046
3.120624124824965,PASSED,-0.27584717736998204,-5.106482425432958e-05,0.00026786241965219234,2.7093670744848266,0.0002704892892985179,-0.0014188391643181544
3.121624324864973,PASSED,-0.27584722830150715,-5.079790409573311e-05,0.0002662919845593352,2.7093673442680393,0.00026907543366991397,-0.0014105332714611615
3.122624524904981,PASSED,-0.27584727896689787,-5.053255513203541e-05,0.00026472028312327165,2.709367612641563,0.0002676699042980082,-0.001402193438868737
3.123624724944989,PASSED,-0.2758473293677252,-5.02687775206193e-05,0.00026314916361133424,2.7093678796137177,0.0002662727000086889,-0.0013938781896197024
3.124624924984997,PASSED,-0.27584737950556043,-5.0006570881210186e-05,0.00026157828994096555,2.709368145192826,0.000264883812356544,-0.001385560627161659
3.125625125025005,PASSED,-0.2758474293819744,-4.974593498962869e-05,0.00026000762600851286,2.709368409387207,0.00026350324364653784,-0.0013772407652358355
3.126625325065013,PASSED,-0.2758474789985374,-4.9486869227391806e-05,0.0002584378530557888,2.709368672205181,0.00026213099767452634,-0.0013689161098619817
3.127625525105021,PASSED,-0.275847528356819,-4.922937242114542e-05,0.0002568694417067847,2.7093689336550604,0.0002607670597017376,-0.0013606192147398765
3.128625725145029,PASSED,-0.27584757745838767,-4.897344353120088e-05,0.0002553018554363721,2.7093691937451507,0.0002594114201846535,-0.001352319718646998
3.129625925185037,PASSED,-0.2758476263048105,-4.8719081205593864e-05,0.0002537359723874466,2.709369452483757,0.0002580640872300849,-0.0013440084451830166
3.130626125225045,PASSED,-0.27584767489765305,-4.8466283331052386e-05,0.000252172475977501,2.7093697098791694,0.0002567250417563812,-0.0013357368260508362
3.131626325265053,PASSED,-0.2758477232384791,-4.821504848752871e-05,0.0002506097552211256,2.7093699659396684,0.00025539426302271417,-0.0013274733387444479
3.132626525305061,PASSED,-0.2758477713288502,-4.796537402781989e-05,0.0002490509293672709,2.7093702206735317,0.00025407176380788513,-0.0013191831322187338
3.133626725345069,PASSED,-0.2758478191703254,-4.7717257269472155e-05,0.00024749397766804596,2.7093704740890114,0.00025275751141293435,-0.0013109652367721796
3.134626925385077,PASSED,-0.2758478667644615,-4.7470696150333686e-05,0.0002459392134520744,2.709370726194354,0.0002514514859422138,-0.001302732293352833
3.135627125425085,PASSED,-0.27584791411281206,-4.722568722500639e-05,0.0002443887332441252,2.7093709769977914,0.00025015369968055007,-0.00129448890720426
3.136627325465093,PASSED,-0.2758479612169278,-4.69822269927432e-05,0.00024284123160923333,2.709371226507539,0.0002488641184020032,-0.0012863095261086395
3.137627525505101,PASSED,-0.27584800807835574,-4.674031238022712e-05,0.00024129686645398137,2.7093714747317845,0.0002475827016025525,-0.001278154981678806
3.138627725545109,PASSED,-0.2758480546986395,-4.64999394070143e-05,0.00023975704438537962,2.709371721678709,0.0002463094671263507,-0.0012699541392171758
3.139627925585117,PASSED,-0.2758481010793186,-4.6261103998287185e-05,0.0002382209849549311,2.709371967356469,0.00024504438750346164,-0.0012618299453368955
3.140628125625125,PASSED,-0.27584814722192863,-4.60238019516428e-05,0.00023668942110403426,2.709372211773192,0.00024378740319866285,-0.0012537538777733902
3.141628325665133,PASSED,-0.27584819312800063,-4.578802896845354e-05,0.00023516202457939456,2.70937245493699,0.0002425385261082629,-0.0012456258988176843
3.142628525705141,PASSED,-0.275848238799061,-4.5553779839971816e-05,0.00023364053108328184,2.7093726968559513,0.00024129774240711069,-0.0012375555693752878
3.143628725745149,PASSED,-0.27584828423663144,-4.532104988865967e-05,0.0002321228981313878,2.709372937538134,0.00024006498445998278,-0.0012295595322962957
3.144628925785157,PASSED,-0.2758483294422283,-4.5089833976785005e-05,0.00023061125437018955,2.709373176991569,0.0002388402408904955,-0.0012215329276146101
3.145629125825165,PASSED,-0.2758483744173627,-4.4860126055097215e-05,0.00022910569989951994,2.7093734152242614,0.00023762350444539085,-0.0012135387900979529
3.146629325865173,PASSED,-0.27584841916354014,-4.463192107489459e-05,0.00022760450040469125,2.709373652244187,0.00023641472203996892,-0.0012056114823045957
3.147629525905181,PASSED,-0.27584846368226035,-4.440521308408588e-05,0.00022611031774472988,2.709373888059288,0.00023521385847681916,-0.001197698283713182
3.148629725945189,PASSED,-0.2758485079750169,-4.4179995222177894e-05,0.0002246228913501562,2.709374122677475,0.00023402089619364676,-0.0011898049494785334
3.149629925985197,PASSED,-0.2758485520432972,-4.395626159953373e-05,0.00022314077684015493,2.709374356106627,0.0002328357993508852,-0.0011819581049502177
3.150630126025205,PASSED,-0.275848595888582,-4.373400568714863e-05,0.00022166600274840388,2.7093745883545917,0.00023165852837777088,-0.0011741462185570425
3.151630326065213,PASSED,-0.27584863951234573,-4.351322070658013e-05,0.00022019763244858116,2.7093748194291685,0.0002304890354091401,-0.0011663908020132778
3.152630526105221,PASSED,-0.27584868291605524,-4.329389903787418e-05,0.0002187376928775184,2.709375049338139,0.00022932731118500247,-0.001158613172220551
3.153630726145229,PASSED,-0.2758487261011708,-4.3076033922177274e-05,0.00021728339757650609,2.7093752780892304,0.0002281732990577661,-0.0011509447639136126
3.154630926185237,PASSED,-0.27584876906914496,-4.2859618033291025e-05,0.00021583754975940358,2.709375505690138,0.00022702694640106246,-0.001143291251897027
3.155631126225245,PASSED,-0.27584881182142296,-4.2644643204247995e-05,0.0002143996818987883,2.7093757321485192,0.0002258882469109171,-0.0011356383156442896
3.156631326265253,PASSED,-0.2758488543594421,-4.243110179889038e-05,0.0002129692209968375,2.7093759574719845,0.0002247571364007563,-0.0011280919731718306
3.157631526305261,PASSED,-0.2758488966846318,-4.2218986015506434e-05,0.0002115468249753456,2.7093761816681075,0.00022363356522869603,-0.0011205573046525368
3.158631726345269,PASSED,-0.2758489387984132,-4.200828708224273e-05,0.0002101336721226104,2.7093764047444164,0.0002225175132917048,-0.0011130483585503398
3.159631926385277,PASSED,-0.27584898070219915,-4.1798996761116274e-05,0.00020872808712902623,2.7093766267083916,0.00022140891568582703,-0.0011056304374294096
3.160632126425285,PASSED,-0.27584902239739406,-4.1591106711559574e-05,0.00020733135784182559,2.7093768475674733,0.00022030772938358144,-0.0010982235454564048
3.161632326465293,PASSED,-0.2758490638853935,-4.1384607757320424e-05,0.00020594401850402948,2.709377067329056,0.00021921392628876854,-0.0010908561277172242
3.162632526505301,PASSED,-0.27584910516758404,-4.11794908164191e-05,0.00020456555583285547,2.709377286000482,0.00021812743491819101,-0.0010835815324843918
3.163632726545309,PASSED,-0.27584914624534335,-4.09757470722207e-05,0.00020319586977544514,2.7093775035890473,0.00021704820808277772,-0.0010763237040325672
3.164632926585317,PASSED,-0.27584918712003975,-4.0773367026345464e-05,0.0002018361632751052,2.7093777201020033,0.00021597622181098776,-0.0010690946502949
3.165633126625325,PASSED,-0.27584922779303217,-4.0572341040358955e-05,0.000200485867794112,2.709377935546547,0.00021491140415662183,-0.001061966323746609
3.166633326665333,PASSED,-0.27584926826566986,-4.037265951994604e-05,0.00019914528882545042,2.709378149929823,0.00021385369315313614,-0.001054874123311728
3.167633526705341,PASSED,-0.27584930853929246,-4.0174312903018476e-05,0.00019781416899562784,2.7093783632589297,0.00021280306831266302,-0.0010477919852473522
3.168633726745349,PASSED,-0.2758493486152296,-3.99772908292502e-05,0.00019649401028337598,2.709378575540907,0.00021175945728827848,-0.001040823717142667
3.169633926785357,PASSED,-0.27584938849480095,-3.978158325742272e-05,0.00019518327952355505,2.709378786782747,0.0002107227993987788,-0.0010338806710710326
3.170634126825365,PASSED,-0.27584942817931596,-3.958718018580028e-05,0.00019388293302168157,2.7093789969913877,0.00020969306603714632,-0.0010269684886734633
3.171634326865373,PASSED,-0.2758494676700736,-3.939407083981709e-05,0.00019259362129086675,2.709379206173707,0.0002086701781573797,-0.0010201674738286848
3.172634526905381,PASSED,-0.27584950696836263,-3.9202244834216765e-05,0.0001913142618066163,2.70937941433653,0.00020765407799649955,-0.0010133886189145217
3.173634726945389,PASSED,-0.275849546075461,-3.901169182936442e-05,0.00019004550021616616,2.70937962148663,0.00020664473859698042,-0.0010066399199221854
3.174634926985397,PASSED,-0.2758495849926361,-3.882240066108301e-05,0.00018878828032490642,2.7093798276307166,0.00020564207589970028,-0.0010000112155187735
3.175635127025405,PASSED,-0.2758496237211443,-3.8634360061456314e-05,0.00018754214582788063,2.7093800327754454,0.0002046460276267581,-0.0009934063112244668
3.176635327065413,PASSED,-0.275849662262231,-3.84475598966123e-05,0.00018630551085476113,2.709380236927414,0.00020365656269493503,-0.0009868373455555158
3.177635527105421,PASSED,-0.2758497006171307,-3.8261988595553827e-05,0.0001850818278609498,2.709380440093163,0.00020267360904821502,-0.0009803645141630232
3.178635727145429,PASSED,-0.27584973878706653,-3.8077634435809675e-05,0.00018386904766627682,2.7093806422791658,0.00020169708410729952,-0.000973965225417128
3.179635927185437,PASSED,-0.27584977677325045,-3.7894486809358876e-05,0.00018266667897381638,2.7093808434918465,0.00020072696425135184,-0.000967556276301415
3.180636127225445,PASSED,-0.27584981457688296,-3.771253412359199e-05,0.0001814766902956092,2.709381043737563,0.00019976317998720452,-0.0009612695893779221
3.181636327265453,PASSED,-0.27584985219915303,-3.753176437473895e-05,0.0001802984545579909,2.709381243022614,0.00019880564570835756,-0.0009550440718263092
3.182636527305461,PASSED,-0.27584988964123824,-3.735216662767948e-05,0.00017913060872711955,2.709381441353235,0.00019785432367674168,-0.000948840671475584
3.183636727345469,PASSED,-0.27584992690430427,-3.7173728744574754e-05,0.00017797606602313614,2.7093816387356027,0.00019690915631379765,-0.0009427184905896708
3.184636927385477,PASSED,-0.27584996398950534,-3.6996438929367234e-05,0.0001768323146637797,2.709381835175827,0.00019597005581823088,-0.0009366884988848355
3.185637127425485,PASSED,-0.27585000089798367,-3.6820285698729583e-05,0.00017570050795356117,2.7093820306799645,0.00019503698317020448,-0.000930662080787439
3.186637327465493,PASSED,-0.2758500376308696,-3.66452567156516e-05,0.00017458129982761468,2.709382225253996,0.00019410986822997734,-0.0009247501798535447
3.187637527505501,PASSED,-0.27585007418928165,-3.647134016588614e-05,0.0001734733830573537,2.709382418903852,0.00019318863957739366,-0.0009188809677371178
3.188637727545509,PASSED,-0.27585011057432623,-3.6298524313817695e-05,0.0001723774980758302,2.7093826116353843,0.00019227323649482543,-0.0009130844924556736
3.189637927585517,PASSED,-0.27585014678709785,-3.6126796891279384e-05,0.00017129403884663332,2.709382803454401,0.00019136361413520523,-0.0009073142710632018
3.190638127625525,PASSED,-0.2758501828286788,-3.5956145438501844e-05,0.00017022306206480604,2.7093829943666266,0.000190459680825085,-0.0009016793361582397
3.191638327665533,PASSED,-0.27585021870013915,-3.5786557971640204e-05,0.00016916373672619343,2.709383184377732,0.00018956137637258746,-0.0008960545300570815
3.192638527705541,PASSED,-0.275850254402537,-3.5618022957647295e-05,0.00016811586550404185,2.709383373493323,0.00018866866318712513,-0.0008904856223991835
3.193638727745549,PASSED,-0.2758502899369181,-3.545052724649805e-05,0.00016708227491271936,2.7093835617189406,0.000187781453451688,-0.0008850258107957525
3.194638927785557,PASSED,-0.27585032530431597,-3.528405876425204e-05,0.00016605928713487052,2.7093837490600543,0.00018689966698723755,-0.0008796269002202336
3.195639127825565,PASSED,-0.27585036050575196,-3.511860594817806e-05,0.00016504850203338356,2.7093839355220766,0.00018602327397445012,-0.0008742370878322688
3.196639327865573,PASSED,-0.27585039554223495,-3.4954155591115835e-05,0.00016405159374811179,2.709384121110353,0.00018515219833325854,-0.0008689680100977702
3.197639527905581,PASSED,-0.27585043041476165,-3.479069563664411e-05,0.00016306552828746306,2.7093843058301577,0.0001842863455999485,-0.0008637758821182232
3.198639727945589,PASSED,-0.2758504651243164,-3.462821425115833e-05,0.00016209195695132035,2.709384489686713,0.00018342569594862276,-0.000858565497464102
3.199639927985597,PASSED,-0.2758504996718713,-3.446669873090278e-05,0.00016113122912504518,2.7093846726851605,0.0001825701624801122,-0.0008535121158748862
3.200640128025605,PASSED,-0.2758505340583861,-3.430613653598087e-05,0.00016018283878648765,2.7093848548305837,0.00018171965657517842,-0.0008485017643063743
3.201640328065613,PASSED,-0.27585056828480825,-3.414651578387549e-05,0.00015924602765131444,2.7093850361280047,0.00018087415929687122,-0.0008434942876410413
3.202640528105621,PASSED,-0.2758506023520729,-3.398782407527982e-05,0.00015832216255857,2.7093852165823793,0.0001800335904312305,-0.0008386185843071412
3.203640728145629,PASSED,-0.27585063626110273,-3.383004873465331e-05,0.00015741079267181615,2.7093853961985914,0.00017919785069912648,-0.0008338204973019466
3.204640928185637,PASSED,-0.27585067001280844,-3.3673178016165686e-05,0.00015651066903148937,2.7093855749814626,0.00017836690816195797,-0.0008290238970795298
3.205641128225645,PASSED,-0.27585070360808833,-3.3517199780856197e-05,0.00015562327949481078,2.7093857529357557,0.00017754071193010987,-0.0008243111216938086
3.206641328265653,PASSED,-0.2758507370478284,-3.336210111480112e-05,0.00015474892376192065,2.709385930066163,0.00017671915994462443,-0.0008197125613465237
3.207641528305661,PASSED,-0.27585077033290284,-3.320787061773454e-05,0.00015388487926969145,2.70938610637731,0.0001759021952934127,-0.0008151327111218641
3.208641728345669,PASSED,-0.2758508034641733,-3.305449591913187e-05,0.00015303457815798606,2.709386281873764,0.00017508978355480293,-0.0008105977569350905
3.209641928385677,PASSED,-0.2758508364424893,-3.290196431649793e-05,0.00015219628561790742,2.7093864565600283,0.00017428183847462394,-0.0008061766290082244
3.210642128425685,PASSED,-0.2758508692686886,-3.275026456980356e-05,0.00015136872074534156,2.709386630440537,0.0001734782830025333,-0.000801808034145643
3.211642328465693,PASSED,-0.2758509019435968,-3.259938481367599e-05,0.00015055377971572118,2.70938680351966,0.00017267907458926,-0.0007974753326917183
3.212642528505701,PASSED,-0.2758509344680275,-3.244931220613517e-05,0.00014975182609088854,2.709386975801715,0.0001718841601469083,-0.0007932071821250738
3.213642728545709,PASSED,-0.27585096684278243,-3.2300035442106334e-05,0.00014896005598747107,2.7093871472909417,0.00017109344264143434,-0.0007890577210398279
3.214642928585717,PASSED,-0.27585099906865157,-3.215154307075583e-05,0.00014818058159253063,2.7093873179915255,0.00017030687434878874,-0.0007849086737161189
3.215643128625725,PASSED,-0.27585103114641296,-3.200382251841087e-05,0.00014741386617991248,2.70938748790759,0.00016952441707926042,-0.0007808230000698137
3.216643328665733,PASSED,-0.2758510630768331,-3.185686265378075e-05,0.00014665719693024892,2.7093876570431954,0.0001687459790741442,-0.0007768480084804981
3.217643528705741,PASSED,-0.27585109486066683,-3.17106521535391e-05,0.00014591270244925883,2.7093878254023345,0.00016797149252353616,-0.0007729122453596976
3.218643728745749,PASSED,-0.2758511264986573,-3.1565178682968277e-05,0.00014518064931852792,2.709387992988954,0.00016720094008292933,-0.0007689792374382216
3.2196439287857572,PASSED,-0.27585115799153637,-3.142043142575261e-05,0.00014445832914708822,2.7093881598069216,0.0001664342223478568,-0.0007652100668287649
3.2206441288257652,PASSED,-0.27585118934002456,-3.1276399266473504e-05,0.0001437480460337762,2.7093883258600573,0.00016567127552327655,-0.0007614379964145555
3.2216443288657732,PASSED,-0.2758512205448308,-3.1133070166048564e-05,0.00014304980335237325,2.7093884911521138,0.00016491207384700267,-0.000757710796180105
3.2226445289057812,PASSED,-0.27585125160665325,-3.099043347681257e-05,0.000142361279825084,2.709388655686791,0.0001641565379792881,-0.0007540859154042059
3.2236447289457892,PASSED,-0.2758512825261786,-3.0848478390365984e-05,0.00014168429086093022,2.709388819467728,0.00016340460125829597,-0.0007505039247173978
3.2246449289857972,PASSED,-0.27585131330408275,-3.070719350877917e-05,0.00014101860873739783,2.7093889824985,0.00016265621765480134,-0.0007469700560128001
3.2256451290258052,PASSED,-0.27585134394103056,-3.056656788388979e-05,0.00014036363565736297,2.709389144782636,0.000161911339213758,-0.0007434840310636515
3.2266453290658133,PASSED,-0.2758513744376764,-3.042659141365412e-05,0.00013971835995454837,2.7093893063235956,0.00016116988672444738,-0.0007400981281419298
3.2276455291058213,PASSED,-0.2758514047946635,-3.028725302224731e-05,0.00013908507904165202,2.709389467124789,0.0001604318096231576,-0.0007367297500549954
3.2286457291458293,PASSED,-0.27585143501262493,-3.0148542045916175e-05,0.00013846157452412043,2.709389627189567,0.00015969706795733416,-0.000733416276335707
3.2296459291858373,PASSED,-0.27585146509218317,-3.001044856664486e-05,0.00013784808243611274,2.7093897865212315,0.00015896559629440131,-0.0007301752539976023
3.2306461292258453,PASSED,-0.27585149503395034,-2.987296214342474e-05,0.00013724531707611981,2.709389945123018,0.00015823732572539016,-0.0007270007790201802
3.2316463292658533,PASSED,-0.2758515248385284,-2.9736072335339502e-05,0.00013665280209131786,2.70939010299812,0.00015751222790643733,-0.0007238291789079539
3.2326465293058613,PASSED,-0.2758515545065091,-2.9599769594066896e-05,0.0001360693673934718,2.7093902601496715,0.00015679024473060145,-0.0007207525071211602
3.2336467293458693,PASSED,-0.2758515840384745,-2.9464043815030835e-05,0.00013549672013112048,2.709390416580753,0.00015607130037292646,-0.0007177389247108347
3.2346469293858773,PASSED,-0.27585161343499665,-2.9328884978675507e-05,0.00013493358050480005,2.709390572294399,0.00015535537259963437,-0.0007147203390129368
3.2356471294258853,PASSED,-0.27585164269663787,-2.9194283856288195e-05,0.00013437948364231693,2.709390727293583,0.0001546423990946132,-0.0007118089490266524
3.2366473294658933,PASSED,-0.27585167182395115,-2.9060231025422472e-05,0.00013383506234799329,2.7093908815812355,0.00015393231647889446,-0.0007089317268467861
3.2376475295059013,PASSED,-0.27585170081747984,-2.8926716804962216e-05,0.00013330032586842934,2.709391035160241,0.0001532251057399134,-0.0007060634137372426
3.2386477295459093,PASSED,-0.2758517296777581,-2.8793731969601474e-05,0.0001327745083556156,2.709391188033419,0.00015252068852436552,-0.0007033197500883809
3.2396479295859173,PASSED,-0.27585175840531106,-2.8661267950647346e-05,0.00013225702601980742,2.7093913402035557,0.00015181901956310437,-0.0007005684353763007
3.2406481296259253,PASSED,-0.27585178700065477,-2.852931545653112e-05,0.00013174947284717042,2.709391491673386,0.00015112008372899157,-0.0006978474332704452
3.2416483296659333,PASSED,-0.2758518154642964,-2.8397865371487887e-05,0.0001312504931739353,2.7093916424455933,0.0001504237981105907,-0.0006952444084878608
3.2426485297059413,PASSED,-0.27585184379673444,-2.826690996972388e-05,0.00013075867415738408,2.7093917925228204,0.00014973012026435709,-0.0006926334713974547
3.2436487297459493,PASSED,-0.275851871998459,-2.8136440360010436e-05,0.00013027690008414892,2.709391941907663,0.0001490390358411428,-0.0006900517244255039
3.2446489297859573,PASSED,-0.2758519000699517,-2.8006447909647915e-05,0.0001298028172147663,2.7093920906026683,0.00014835046790093886,-0.0006875787507229241
3.2456491298259653,PASSED,-0.27585192801168595,-2.7876925031124387e-05,0.00012933625272936825,2.709392238610348,0.00014766438154329144,-0.0006850914289304394
3.2466493298659733,PASSED,-0.275851955824127,-2.774786328473549e-05,0.00012887874216191777,2.709392385933166,0.00014698075412567343,-0.0006826514100763781
3.2476495299059813,PASSED,-0.27585198350773227,-2.761925483989627e-05,0.00012842824662408697,2.709392532573546,0.00014629952048181888,-0.0006802884663733325
3.2486497299459893,PASSED,-0.2758520110629515,-2.7491092717455737e-05,0.00012798470631816006,2.709392678533866,0.0001456206382570043,-0.0006779447304420565
3.2496499299859973,PASSED,-0.27585203849022666,-2.7363368619308636e-05,0.0001275503593663964,2.7093928238164726,0.00014494409625173007,-0.0006756068551623473
3.2506501300260053,PASSED,-0.2758520657899925,-2.723607526403223e-05,0.00012712201921641364,2.7093929684236655,0.0001442698308982379,-0.0006733710190453903
3.2516503300660133,PASSED,-0.27585209296267627,-2.7109205940516614e-05,0.00012670085971508833,2.709393112357707,0.0001435977958031724,-0.0006711444790788266
3.2526505301060213,PASSED,-0.2758521200086984,-2.698275352186962e-05,0.00012628679126826015,2.7093932556208267,0.00014292798689907705,-0.0006689185207730787
3.2536507301460293,PASSED,-0.27585214692847215,-2.6856710651588843e-05,0.00012588025628911928,2.7093933982152123,0.0001422603476752091,-0.0006667863592645477
3.2546509301860373,PASSED,-0.27585217372240406,-2.6731071048105054e-05,0.00012547916828024137,2.709393540143016,0.00014159482771171526,-0.000664675699646728
3.2556511302260454,PASSED,-0.27585220039089414,-2.6605828357867905e-05,0.00012508503820842244,2.7093936814063566,0.00014093141993042237,-0.000662562502390304
3.2566513302660534,PASSED,-0.2758522269343359,-2.6480975749092426e-05,0.00012469765582018194,2.7093938220073217,0.00014027008958258355,-0.0006605089114711878
3.2576515303060614,PASSED,-0.27585225335311664,-2.635650731710457e-05,0.00012431561609963906,2.7093939619479586,0.00013961077505988262,-0.0006585182635207393
3.2586517303460694,PASSED,-0.2758522796476175,-2.6232417231628986e-05,0.00012393973172621266,2.709394101230288,0.00013895346892471946,-0.0006564980495914129
3.2596519303860774,PASSED,-0.27585230581821374,-2.6108699458067964e-05,0.00012356980145089759,2.7093942398562993,0.00013829815091509482,-0.0006545313163134677
3.2606521304260854,PASSED,-0.2758523318652749,-2.5985348099609212e-05,0.00012320572979732206,2.7093943778279477,0.0001376447577395791,-0.0006526344149839133
3.2616523304660934,PASSED,-0.27585235778916484,-2.5862358017255762e-05,0.0001228463173908724,2.7093945151471606,0.00013699327452089665,-0.0006507157544814076
3.2626525305061014,PASSED,-0.27585238359024206,-2.573972385740015e-05,0.0001224927214987737,2.709394651815835,0.00013634368892448826,-0.0006488321576930444
3.2636527305461094,PASSED,-0.27585240926885973,-2.561744017211096e-05,0.00012214432781613361,2.709394787835849,0.00013569596120146211,-0.000646991433248183
3.2646529305861174,PASSED,-0.27585243482536626,-2.5495502383668133e-05,0.00012180009552729294,2.7093949232090413,0.00013505005291813063,-0.0006451861833870744
3.2656531306261254,PASSED,-0.27585246026010474,-2.5373905268382486e-05,0.00012146179512455591,2.709395057937229,0.00013440595161143983,-0.000643378055559907
3.2666533306661334,PASSED,-0.2758524855734138,-2.525264428121184e-05,0.00012112711520136812,2.7093951920222086,0.0001337636421668284,-0.0006415970373124421
3.2676535307061414,PASSED,-0.2758525107656274,-2.5131715204284448e-05,0.0001207970514114083,2.709395325465749,0.00013312308319846994,-0.000639866922389153
3.2686537307461494,PASSED,-0.27585253583707514,-2.501111353970384e-05,0.00012047140669340059,2.7093954582695954,0.00013248425476911546,-0.0006381361006646949
3.2696539307861574,PASSED,-0.2758525607880825,-2.4890835192485426e-05,0.00012014964090176058,2.7093955904354674,0.00013184714079641165,-0.000636432554063201
3.2706541308261654,PASSED,-0.27585258561897075,-2.477087611606161e-05,0.00011983203343851824,2.7093957219650733,0.00013121172380893691,-0.000634739943082441
3.2716543308661734,PASSED,-0.2758526103300573,-2.465123258935492e-05,0.00011951785555214149,2.7093958528600943,0.00013057797780526652,-0.0006330833773956924
3.2726545309061814,PASSED,-0.275852634921656,-2.453190116451262e-05,0.00011920713770240227,2.7093959831221883,0.00012994587577342358,-0.000631447801474427
3.2736547309461894,PASSED,-0.275852659394077,-2.441287795829939e-05,0.00011890058522044694,2.709396112753,0.00012931541194790866,-0.0006298078415419053
3.2746549309861974,PASSED,-0.2758526837476272,-2.4294160011507013e-05,0.0001185961878403302,2.7093962417541557,0.00012868656939735176,-0.0006281990232335413
3.2756551310262054,PASSED,-0.27585270798261025,-2.4175744359845536e-05,0.00011829529420890937,2.709396370127264,0.00012805932155462443,-0.000626613722389825
3.2766553310662134,PASSED,-0.2758527320993266,-2.405762737962331e-05,0.00011799810423110215,2.709396497873916,0.00012743365785176466,-0.0006250303565063647
3.2776555311062214,PASSED,-0.27585275609807397,-2.3939806642934372e-05,0.00011770249166082657,2.7093966249956867,0.0001268095636227171,-0.0006234701440750356
3.2786557311462294,PASSED,-0.2758527799791475,-2.382228021029546e-05,0.00011740905995763437,2.7093967514941406,0.00012618702542469194,-0.0006219169006585837
3.2796559311862374,PASSED,-0.2758528037428395,-2.370504462370888e-05,0.00011711993767254622,2.709396877370827,0.00012556603188863298,-0.0006203779596591714
3.2806561312262454,PASSED,-0.27585282738944,-2.3588097378561762e-05,0.00011683211679683615,2.7093970026272833,0.0001249465681025041,-0.0006188543371086824
3.2816563312662534,PASSED,-0.27585285091923695,-2.3471437596176247e-05,0.00011654489277796974,2.709397127265032,0.00012432861943789209,-0.0006173448829476008
3.2826565313062614,PASSED,-0.275852874332516,-2.335506257537109e-05,0.0001162617728232846,2.709397251285586,0.0001237121795754135,-0.0006158365154992518
3.2836567313462695,PASSED,-0.27585289762956094,-2.3238969744765022e-05,0.00011598020246125755,2.709397374690451,0.00012309724228411306,-0.0006143378085012701
3.2846569313862775,PASSED,-0.27585292081065393,-2.312315848931544e-05,0.0001156986241084655,2.709397497481121,0.0001224837931641014,-0.0006128566610186239
3.2856571314262855,PASSED,-0.2758529438760754,-2.3007627307815392e-05,0.00011541955309443507,2.7093976196590757,0.00012187181635957864,-0.0006113902335255284
3.2866573314662935,PASSED,-0.2758529668261043,-2.2892373739816558e-05,0.00011514291126843081,2.709397741225803,0.00012126132960415436,-0.0006098844366901029
3.2876575315063015,PASSED,-0.2758529896610184,-2.2777397576125524e-05,0.00011486499863942994,2.709397862182766,0.0001206523034523125,-0.0006084539619430348
3.2886577315463095,PASSED,-0.2758530123810942,-2.2662697657231753e-05,0.00011458986572999392,2.709397982531432,0.00012004472777971992,-0.0006069901463589571
3.2896579315863175,PASSED,-0.27585303498660735,-2.2548272361258704e-05,0.00011431558280175682,2.7093981022732616,0.00011943862697683458,-0.0006055079072362837
3.2906581316263255,PASSED,-0.27585305747783245,-2.2434121569292257e-05,0.00011404093140957943,2.7093982214097085,0.0001188339749881758,-0.0006040813762737849
3.2916583316663335,PASSED,-0.27585307985504354,-2.2320244538128455e-05,0.00011376776433328544,2.709398339942222,0.00011823075626666644,-0.0006026436183330903
3.2926585317063415,PASSED,-0.2758531021185139,-2.2206640250224376e-05,0.00011349530361794357,2.7093984578722567,0.00011762900744565,-0.0006011522894720007
3.2936587317463495,PASSED,-0.27585312426851655,-2.2093309138439013e-05,0.00011322165056364947,2.7093985752012535,0.00011702869792104522,-0.000599747681359966
3.2946589317863575,PASSED,-0.27585314630532415,-2.1980250457215544e-05,0.00011295003499668213,2.709398691930654,0.000116429809546428,-0.000598315503455374
3.2956591318263655,PASSED,-0.2758531682292093,-2.1867463945143505e-05,0.0001126774967889429,2.709398808061908,0.00011583239155621091,-0.0005968196480582393
3.2966593318663735,PASSED,-0.27585319004044434,-2.1754950176316116e-05,0.00011240461685301832,2.709398923596455,0.00011523641463752602,-0.0005954150991026605
3.2976595319063815,PASSED,-0.27585321173930194,-2.164270912280484e-05,0.00011213201128345341,2.709399038535738,0.00011464185827554871,-0.0005939838705603992
3.2986597319463895,PASSED,-0.2758532333260549,-2.1530740784107618e-05,0.00011185922363973237,2.709399152881205,0.00011404876967751571,-0.0005924917496814104
3.2996599319863975,PASSED,-0.27585325480097633,-2.1419045944322507e-05,0.00011158525054869847,2.7093992666342994,0.00011345712878007117,-0.0005910736626199621
3.300660132026405,PASSED,-0.27585327616433997,-2.130762518182889e-05,0.00011131110379022653,2.709399379796477,0.00011286692835884788,-0.0005896182602921662
3.301660332066413,PASSED,-0.27585329741641995,-2.1196478567078735e-05,0.00011103695539010729,2.7093994923691826,0.0001122781843875819,-0.0005881611119151851
3.302660532106421,PASSED,-0.2758533185574914,-2.1085607630727156e-05,0.00011076025699256355,2.7093996043538797,0.00011169090729702102,-0.000586687742991319
3.303660732146429,PASSED,-0.2758533395878301,-2.0975013153574067e-05,0.00011048395726010303,2.7093997157520238,0.00011110508523719374,-0.0005852449377179395
3.304660932186437,PASSED,-0.2758533605077129,-2.086469550638171e-05,0.00011020677381386152,2.709399826565084,0.00011052073151360026,-0.0005837595808438407
3.305661132226445,PASSED,-0.2758533813174175,-2.0754656353453665e-05,0.00010992740567084199,2.7093999367945307,0.00010993785894545169,-0.0005822812263517166
3.306661332266453,PASSED,-0.2758534020172231,-2.0644897336272186e-05,0.00010964675818857152,2.7094000464418446,0.00010935646606977662,-0.0005808006418906473
3.307661532306461,PASSED,-0.2758534226074099,-2.053541879353734e-05,0.00010936639909902303,2.709400155508506,0.00010877655327224649,-0.0005793209012897819
3.308661732346469,PASSED,-0.27585344308825965,-2.042622255447107e-05,0.0001090827990444438,2.7094002639960117,0.00010819814634558989,-0.000577797610234492
3.309661932386477,PASSED,-0.27585346346005557,-2.0317310834673178e-05,0.0001087976669668523,2.7094003719058586,0.00010762124237610494,-0.0005763082089852463
3.310662132426485,PASSED,-0.27585348372308244,-2.020868438101016e-05,0.00010851231146045883,2.7094004792395574,0.0001070458442380749,-0.0005747914240598746
3.311662332466493,PASSED,-0.2758535038776267,-2.01003449687796e-05,0.000108224146077293,2.709400585998623,0.00010647197318445199,-0.0005732574733316045
3.312662532506501,PASSED,-0.27585352392397666,-1.9992295349430616e-05,0.00010793326819677483,2.709400692184585,0.00010589963607918562,-0.000571723526556222
3.313662732546509,PASSED,-0.27585354386242245,-1.9884536530747278e-05,0.00010764251900771392,2.7094007977989776,0.00010532883364730836,-0.0005701883687579444
3.314662932586517,PASSED,-0.27585356369325603,-1.9777070446973593e-05,0.00010734846028433733,2.709400902843348,0.00010475958608594051,-0.0005686203564411147
3.315663132626525,PASSED,-0.27585358341677174,-1.966990011758102e-05,0.00010705157546473373,2.709401007319257,0.00010419190964931698,-0.0005670471567451653
3.316663332666533,PASSED,-0.2758536030332657,-1.956302696398506e-05,0.00010675420568344497,2.7094011112282725,0.00010362580054099726,-0.000565483742702763
3.317663532706541,PASSED,-0.2758536225430364,-1.9456452865927204e-05,0.00010645402630745889,2.7094012145719737,0.00010306127466727175,-0.0005638872944073565
3.318663732746549,PASSED,-0.2758536419463847,-1.935018121061689e-05,0.0001061500746455439,2.709401317351956,0.00010249835818216709,-0.0005622692789028734
3.319663932786557,PASSED,-0.27585366124361343,-1.9244213802077907e-05,0.00010584563113460945,2.709401419569826,0.00010193705205949141,-0.000560664018524208
3.320664132826565,PASSED,-0.2758536804350284,-1.9138553008141323e-05,0.00010553756913789643,2.709401521227196,0.00010137735641963431,-0.0005590500540790265
3.321664332866573,PASSED,-0.2758536995209374,-1.9033201424945146e-05,0.00010522759256836062,2.7094016223257054,0.00010081931784908729,-0.0005573642481923676
3.322664532906581,PASSED,-0.27585371850165114,-1.892816183751682e-05,0.00010491425066830005,2.7094017228669918,0.00010026292371214908,-0.0005557473961020969
3.323664732946589,PASSED,-0.2758537373774828,-1.8823436934633984e-05,0.00010459867102585901,2.7094018228527204,9.970818843259916e-05,-0.0005540605351818408
3.324664932986597,PASSED,-0.27585375614874835,-1.8719029005666546e-05,0.00010428076759515652,2.70940192228456,9.915514362765126e-05,-0.0005523676514586149
3.325665133026605,PASSED,-0.2758537748157663,-1.8614941005071954e-05,0.00010395948926088175,2.7094020211642023,9.86037932035833e-05,-0.0005506722724741585
3.326665333066613,PASSED,-0.275853793378858,-1.8511176020036033e-05,0.00010363531555261223,2.709402119493345,9.805414293861707e-05,-0.000548968926627614
3.327665533106621,PASSED,-0.2758538118383478,-1.840773657468066e-05,0.0001033088652238817,2.7094022172737104,9.750622758434438e-05,-0.0005472129727027523
3.328665733146629,PASSED,-0.27585383019456283,-1.8304625861494767e-05,0.00010297861182722848,2.7094023145070287,9.696005365953942e-05,-0.0005454812262064531
3.329665933186637,PASSED,-0.27585384844783317,-1.8201846692641563e-05,0.00010264620687051819,2.7094024111950468,9.641562341075418e-05,-0.0005437295971711296
3.330666133226645,PASSED,-0.2758538665984918,-1.809940185622006e-05,0.00010231058945549523,2.709402507339533,9.587297830373025e-05,-0.0005419221135924507
3.331666333266653,PASSED,-0.27585388464687494,-1.7997294833981255e-05,0.00010197131076100825,2.7094026029422627,9.533211825393117e-05,-0.0005401520072701754
3.332666533306661,PASSED,-0.2758539025933215,-1.7895528397164562e-05,0.0001016298541871497,2.7094026980050354,9.479305528445529e-05,-0.0005383369442797005
3.333666733346669,PASSED,-0.2758539204381738,-1.779410555180974e-05,0.00010128483946660416,2.7094027925296658,9.425582699457442e-05,-0.0005364891869483155
3.334666933386677,PASSED,-0.2758539381817771,-1.769302956614998e-05,0.00010093674978853875,2.709402886517975,9.372042056586258e-05,-0.0005346845898875414
3.335667133426685,PASSED,-0.27585395582447986,-1.7592303877059444e-05,0.00010058498195853113,2.709402979971817,9.31868741714372e-05,-0.0005327875974506161
3.336667333466693,PASSED,-0.27585397336663364,-1.7491931134649452e-05,0.00010023124937763592,2.7094030728930494,9.265520789438023e-05,-0.0005309187301278741
3.337667533506701,PASSED,-0.27585399080859324,-1.7391914727951066e-05,9.987317824555496e-05,2.7094031652835513,9.2125411851625e-05,-0.0005290475845068118
3.338667733546709,PASSED,-0.27585400815071676,-1.7292258257730088e-05,9.951199820459094e-05,2.709403257145224,9.159753398125869e-05,-0.0005270980609393287
3.339667933586717,PASSED,-0.2758540253933653,-1.7192964318470383e-05,9.914856662978336e-05,2.7094033484799747,9.107157815374052e-05,-0.0005251943385707323
3.340668133626725,PASSED,-0.27585404253690327,-1.7094036316304452e-05,9.87809591900307e-05,2.709403439289739,9.054755163274117e-05,-0.0005232479759517505
3.341668333666733,PASSED,-0.27585405958169856,-1.6995478145024533e-05,9.840964600651224e-05,2.7094035295764614,9.002548862024646e-05,-0.0005212730368566705
3.342668533706741,PASSED,-0.2758540765281219,-1.6897292104626404e-05,9.803696999253509e-05,2.7094036193421074,8.950539867925545e-05,-0.0005193012104138922
3.343668733746749,PASSED,-0.2758540933765476,-1.679948180994351e-05,9.765917780979931e-05,2.709403708588656,8.898729127157809e-05,-0.000517311539186349
3.3446689337867572,PASSED,-0.275854110127353,-1.670205105255081e-05,9.727847711463733e-05,2.7094037973181133,8.84712043629425e-05,-0.0005152704882684059
3.3456691338267652,PASSED,-0.27585412678091903,-1.6605002352478195e-05,9.689551537793347e-05,2.7094038855324905,8.795713791332559e-05,-0.0005132637571825951
3.3466693338667732,PASSED,-0.2758541433376294,-1.6508339012431475e-05,9.650855649258401e-05,2.7094039732338246,8.744510817371491e-05,-0.0005112070612293821
3.3476695339067812,PASSED,-0.2758541597978715,-1.641206492733729e-05,9.611777082858128e-05,2.709404060424166,8.693514792394395e-05,-0.00050912904213202
3.3486697339467892,PASSED,-0.2758541761620356,-1.6316182810579477e-05,9.572501404396568e-05,2.70940414710558,8.64272574082589e-05,-0.0005070648313870507
3.3496699339867972,PASSED,-0.2758541924305155,-1.6220695746304956e-05,9.53284310948937e-05,2.709404233280153,8.592145704605514e-05,-0.0005049573827482192
3.3506701340268052,PASSED,-0.275854208603708,-1.6125607312514875e-05,9.492843558687384e-05,2.709404318949991,8.54177808414887e-05,-0.0005028220857785866
3.3516703340668133,PASSED,-0.2758542246820133,-1.6030920716565856e-05,9.452536952377873e-05,2.7094044041172083,8.491622217661508e-05,-0.000500716384270332
3.3526705341068213,PASSED,-0.2758542406658346,-1.5936638775823192e-05,9.411965488858855e-05,2.7094044887839437,8.441680522272918e-05,-0.0004985506669629522
3.3536707341468293,PASSED,-0.2758542565555782,-1.584276461943055e-05,9.371049072867518e-05,2.7094045729523484,8.391955864450214e-05,-0.0004963771857364469
3.3546709341868373,PASSED,-0.2758542723516539,-1.574930202347561e-05,9.329733277244927e-05,2.7094046566245944,8.342448751637854e-05,-0.0004942004230483828
3.3556711342268453,PASSED,-0.2758542880544741,-1.565625341283387e-05,9.288279588793654e-05,2.709404739802863,8.293160133969686e-05,-0.0004920100124372027
3.3566713342668533,PASSED,-0.2758543036644547,-1.5563621913195045e-05,9.246396880608815e-05,2.7094048224893634,8.244093869864802e-05,-0.0004897643934566067
3.3576715343068613,PASSED,-0.2758543191820143,-1.5471410921299847e-05,9.204234062127298e-05,2.709404904686306,8.195249539912177e-05,-0.0004875625702393605
3.3586717343468693,PASSED,-0.27585433460757486,-1.5379623157404218e-05,9.161804607853773e-05,2.709404986395928,8.146628666076615e-05,-0.00048530618376642934
3.3596719343868773,PASSED,-0.2758543499415611,-1.5288261705076812e-05,9.119038982665071e-05,2.709405067620482,8.098235196898563e-05,-0.0004830203637899077
3.3606721344268853,PASSED,-0.2758543651844007,-1.5197329383915656e-05,9.076027538416136e-05,2.709405148362229,8.050068135640755e-05,-0.0004807707784368671
3.3616723344668933,PASSED,-0.2758543803365244,-1.510682906532827e-05,9.03270140562025e-05,2.7094052286234547,8.002129613730202e-05,-0.00047846151288463327
3.3626725345069013,PASSED,-0.27585439539836537,-1.5016763639213026e-05,8.989103415460748e-05,2.7094053084064518,7.95442230510832e-05,-0.0004761474684416108
3.3636727345469093,PASSED,-0.2758544103703602,-1.4927135986513143e-05,8.945206506340248e-05,2.709405387713532,7.906946255448606e-05,-0.00047383584870083653
3.3646729345869173,PASSED,-0.2758544252529478,-1.4837948730700336e-05,8.901071631241179e-05,2.7094054665470213,7.859703498056649e-05,-0.00047148872406539916
3.3656731346269253,PASSED,-0.27585444004656995,-1.4749204590012299e-05,8.856642360511917e-05,2.709405544909262,7.812696258183014e-05,-0.0004691281818503259
3.3666733346669333,PASSED,-0.2758544547516712,-1.4660906311941113e-05,8.811951438189827e-05,2.7094056228026013,7.765923636779061e-05,-0.0004667915688323179
3.3676735347069413,PASSED,-0.2758544693686985,-1.4573056220910581e-05,8.767047546295348e-05,2.709405700229415,7.719389584670586e-05,-0.000464373155919695
3.3686737347469493,PASSED,-0.2758544838981015,-1.4485657109244827e-05,8.721820246761889e-05,2.709405777192082,7.673094981211753e-05,-0.00046199462036744445
3.3696739347869573,PASSED,-0.2758544983403324,-1.43987114693003e-05,8.676393159580052e-05,2.7094058536929984,7.6270392382193e-05,-0.000459599302962578
3.3706741348269653,PASSED,-0.27585451269584577,-1.4312221732013812e-05,8.630694108028024e-05,2.7094059297345687,7.581225007816541e-05,-0.00045717097140423414
3.3716743348669733,PASSED,-0.27585452696509855,-1.4226189853576962e-05,8.58485033412319e-05,2.709406005319215,7.53565418804686e-05,-0.0004547330152251853
3.3726745349069813,PASSED,-0.2758545411485501,-1.4140618587392225e-05,8.538644141373942e-05,2.7094060804493734,7.490327472602544e-05,-0.0004522899139218115
3.3736747349469893,PASSED,-0.2758545552466621,-1.405551033501766e-05,8.4922793015115e-05,2.709406155127486,7.4452449645097e-05,-0.000449848525599514
3.3746749349869973,PASSED,-0.27585456925989815,-1.3970866511311021e-05,8.445784416765579e-05,2.709406229356011,7.400409097877993e-05,-0.00044736542679543967
3.3756751350270053,PASSED,-0.2758545831887243,-1.388668974299744e-05,8.398938441086596e-05,2.7094063031374134,7.35582073721928e-05,-0.000444895726448249
3.3766753350670133,PASSED,-0.2758545970336086,-1.3802982489145702e-05,8.351916681232179e-05,2.709406376474175,7.311480560863322e-05,-0.00044240578830045827
3.3776755351070213,PASSED,-0.275854610795021,-1.3719745807037827e-05,8.304835897157731e-05,2.7094064493687826,7.267389788555669e-05,-0.00043990901292726526
3.3786757351470293,PASSED,-0.27585462447343356,-1.363698208588134e-05,8.257396261309299e-05,2.709406521823745,7.223550722202659e-05,-0.00043737843059864744
3.3796759351870374,PASSED,-0.2758546380693199,-1.3554693170327141e-05,8.209888418160319e-05,2.709406593841561,7.1799615581242e-05,-0.00043490044757522233
3.3806761352270454,PASSED,-0.27585465158315586,-1.3472880827055465e-05,8.16213159983904e-05,2.709406665424753,7.136624623593722e-05,-0.000432348610457816
3.3816763352670534,PASSED,-0.27585466501541855,-1.3391546490513823e-05,8.114301690380588e-05,2.7094067365758536,7.093543109474769e-05,-0.00042979282834398544
3.3826765353070614,PASSED,-0.2758546783665871,-1.3310692021531712e-05,8.06621037009791e-05,2.7094068072973965,7.050714030026482e-05,-0.0004272894385754465
3.3836767353470694,PASSED,-0.275854691637142,-1.3230318945018747e-05,8.01803917209534e-05,2.709406877591928,7.008139569153442e-05,-0.0004247147221670276
3.3846769353870774,PASSED,-0.27585470482756536,-1.31504286588058e-05,7.969688254094343e-05,2.709406947461999,6.965822031125397e-05,-0.000422149152356089
3.3856771354270854,PASSED,-0.27585471793834043,-1.3071022266116096e-05,7.921273278887579e-05,2.7094070169101747,6.923760608050213e-05,-0.00041959094968235555
3.3866773354670934,PASSED,-0.27585473096995217,-1.2992101465434511e-05,7.87261792767245e-05,2.709407085939021,6.881955901354526e-05,-0.00041701781180653345
3.3876775355071014,PASSED,-0.2758547439228865,-1.2913667409592693e-05,7.823930688521279e-05,2.709407154551109,6.8404088757308e-05,-0.00041443855252441337
3.3886777355471094,PASSED,-0.2758547567976307,-1.2835720945934682e-05,7.775123483987822e-05,2.7094072227490256,6.799121102011216e-05,-0.00041183719364346234
3.3896779355871174,PASSED,-0.27585476959467303,-1.2758263420744103e-05,7.726171875771309e-05,2.709407290535352,6.758091514088767e-05,-0.0004092683362784912
3.3906781356271254,PASSED,-0.2758547823145028,-1.2681295561101593e-05,7.677195356570798e-05,2.7094073579126836,6.717321331185677e-05,-0.0004066574908658185
3.3916783356671334,PASSED,-0.2758547949576102,-1.2604818538622314e-05,7.6280401754995e-05,2.709407424883614,6.676811529433329e-05,-0.0004040583686285994
3.3926785357071414,PASSED,-0.2758548075244864,-1.2528833038801246e-05,7.578889853178503e-05,2.7094074914507464,6.636561607697881e-05,-0.000401459783171725
3.3936787357471494,PASSED,-0.2758548200156231,-1.2453339548607414e-05,7.529655130185962e-05,2.7094075576166885,6.596573027876576e-05,-0.0003988364749072751
3.3946789357871574,PASSED,-0.2758548324315129,-1.2378338933890157e-05,7.480332366085519e-05,2.7094076233840454,6.556845123050932e-05,-0.0003962407638225416
3.3956791358271654,PASSED,-0.2758548447726489,-1.2303831867850585e-05,7.430956095871887e-05,2.709407688755428,6.517377865380523e-05,-0.00039362711862511165
3.3966793358671734,PASSED,-0.2758548570395245,-1.2229818360308012e-05,7.381613859847382e-05,2.7094077537334535,6.478173180663603e-05,-0.0003909933328652516
3.3976795359071814,PASSED,-0.27585486923263397,-1.2156299111198878e-05,7.332132278290485e-05,2.70940781832074,6.439230578657169e-05,-0.00038838114486376246
3.3986797359471894,PASSED,-0.2758548813524715,-1.2083274535656857e-05,7.282674404810012e-05,2.709407882519899,6.400548022085724e-05,-0.00038578851294821827
3.3996799359871974,PASSED,-0.27585489339953173,-1.2010744452850656e-05,7.233230864493342e-05,2.7094079463335583,6.362129167771474e-05,-0.00038312189660537
3.4006801360272054,PASSED,-0.2758549053743093,-1.193870913584492e-05,7.18373225796032e-05,2.7094080097643363,6.323973101641752e-05,-0.00038051983775844964
3.4016803360672134,PASSED,-0.27585491727729905,-1.1867168832766039e-05,7.134229007840217e-05,2.7094080728148517,6.28607677930031e-05,-0.00037792548051840646
3.4026805361072214,PASSED,-0.27585492910899573,-1.1796123142643506e-05,7.084795681861912e-05,2.7094081354877257,6.248443628717732e-05,-0.0003752688560307037
3.4036807361472294,PASSED,-0.2758549408698941,-1.172557217763068e-05,7.035297047563316e-05,2.70940819778558,6.21107359687841e-05,-0.0003726546266349072
3.4046809361872374,PASSED,-0.27585495256048853,-1.1655515439406464e-05,6.985925005660458e-05,2.709408259711034,6.173963871553578e-05,-0.0003700590043239104
3.4056811362272454,PASSED,-0.2758549641812732,-1.158595256186769e-05,6.936529586021919e-05,2.7094083212667037,6.137116063383205e-05,-0.0003674241332902897
3.4066813362672534,PASSED,-0.275854975732742,-1.1516883677441654e-05,6.887127680324813e-05,2.709408382455205,6.100530555674019e-05,-0.00036480903962622646
3.4076815363072614,PASSED,-0.2758549872153882,-1.1448307825790289e-05,6.83789015501074e-05,2.709408443279154,6.064205861162778e-05,-0.0003622055487698776
3.4086817363472695,PASSED,-0.2758549986297046,-1.1380224202418749e-05,6.788677125249368e-05,2.7094085037411575,6.028141454213229e-05,-0.0003596030833125722
3.4096819363872775,PASSED,-0.2758550099761835,-1.1312632751596122e-05,6.739457053604855e-05,2.709408563843824,5.992338211795685e-05,-0.00035698531808402075
3.4106821364272855,PASSED,-0.2758550212553162,-1.1245532153647091e-05,6.690461622435354e-05,2.7094086235897574,5.9567953300539996e-05,-0.0003543911503054077
3.4116823364672935,PASSED,-0.27585503246759346,-1.1178921824968347e-05,6.641413698167136e-05,2.709408682981555,5.921511213313053e-05,-0.0003518078454788495
3.4126825365073015,PASSED,-0.275855043613505,-1.1112800945024266e-05,6.592537525235339e-05,2.7094087420218123,5.8864868843651035e-05,-0.00034920025214659557
3.4136827365473095,PASSED,-0.2758550546935395,-1.1047168135646049e-05,6.543776546212662e-05,2.7094088007131187,5.8517215495704176e-05,-0.0003466220784803757
3.4146829365873175,PASSED,-0.2758550657081848,-1.0982022614670803e-05,6.495069131732505e-05,2.7094088590580574,5.817213506765672e-05,-0.0003440526610921869
3.4156831366273255,PASSED,-0.2758550766579274,-1.0917363158978045e-05,6.446529860971213e-05,2.7094089170592017,5.782962563601609e-05,-0.0003414806120062479
3.4166833366673335,PASSED,-0.2758550875432526,-1.0853188008740459e-05,6.398171798950248e-05,2.7094089747191292,5.748969835998542e-05,-0.00033889171871362113
3.4176835367073415,PASSED,-0.27585509836464445,-1.0789496490132001e-05,6.349805235442998e-05,2.7094090320404,5.7152325109038036e-05,-0.0003363609391032188
3.4186837367473495,PASSED,-0.27585510912258543,-1.0726286965919296e-05,6.301717211822153e-05,2.709409089025571,5.681749393802631e-05,-0.00033381132561738916
3.4196839367873575,PASSED,-0.2758551198175568,-1.0663557479630824e-05,6.253769573530673e-05,2.7094091456771876,5.64852155892712e-05,-0.000331256364180259
3.4206841368273655,PASSED,-0.27585513045003807,-1.0601306876483908e-05,6.205920808798702e-05,2.709409201997796,5.6155480570218196e-05,-0.0003287207889681751
3.4216843368673735,PASSED,-0.27585514102050707,-1.0539533506446249e-05,6.158281133744163e-05,2.7094092579899236,5.582826202538796e-05,-0.00032621704873827986
3.4226845369073815,PASSED,-0.27585515152944,-1.0478235168194002e-05,6.110868952878238e-05,2.709409313656092,5.5503557884854484e-05,-0.0003236955350636143
3.4236847369473895,PASSED,-0.2758551619773113,-1.0417410445396031e-05,6.063541164409911e-05,2.709409368998815,5.5181372010543646e-05,-0.0003211794338089914
3.4246849369873975,PASSED,-0.2758551723645933,-1.0357057061046386e-05,6.0165366153341795e-05,2.7094094240205977,5.4861683686067614e-05,-0.00031869425158739307
3.4256851370274055,PASSED,-0.2758551826917566,-1.0297173298106166e-05,5.969602746480633e-05,2.709409478723928,5.454447059184127e-05,-0.000316225655985645
3.4266853370674135,PASSED,-0.2758551929592695,-1.023775698615061e-05,5.92298349493899e-05,2.70940953311129,5.42297412769154e-05,-0.0003137317542193583
3.4276855371074215,PASSED,-0.2758552031675986,-1.0178805967232769e-05,5.876514156347682e-05,2.709409587185154,5.39174827799048e-05,-0.00031127632553809543
3.4286857371474295,PASSED,-0.27585521331720786,-1.0120317945134587e-05,5.8303275787982465e-05,2.7094096409479795,5.360766864286523e-05,-0.00030883934470722613
3.4296859371874375,PASSED,-0.2758552234085592,-1.0062290534097375e-05,5.784350120336409e-05,2.709409694402209,5.330029138585079e-05,-0.0003064025318859117
3.4306861372274455,PASSED,-0.2758552334421122,-1.0004721692518935e-05,5.738573516182366e-05,2.709409747550278,5.299534810005524e-05,-0.00030397045506864843
3.4316863372674535,PASSED,-0.2758552434183239,-9.947608544065404e-06,5.693142398133389e-05,2.7094098003946114,5.26928244597141e-05,-0.0003015590971894705
3.4326865373074615,PASSED,-0.27585525333764893,-9.890948736804479e-06,5.647872944731804e-05,2.709409852937615,5.239269435215561e-05,-0.0002991774478044978
3.4336867373474695,PASSED,-0.2758552632005395,-9.834740069200917e-06,5.6028626374390906e-05,2.7094099051816833,5.2094952509815894e-05,-0.00029678477202985944
3.4346869373874775,PASSED,-0.2758552730074449,-9.778979174325449e-06,5.558240720952115e-05,2.709409957129199,5.179959167350787e-05,-0.0002944115458268109
3.4356871374274855,PASSED,-0.27585528275881194,-9.723663723124987e-06,5.51374805277541e-05,2.7094100087825246,5.150658093464535e-05,-0.0002920768675529768
3.4366873374674936,PASSED,-0.27585529245508467,-9.668791204996891e-06,5.469587652832383e-05,2.709410060144015,5.121591790045099e-05,-0.00028972047862195336
3.4376875375075016,PASSED,-0.27585530209670417,-9.61435809241353e-06,5.4257936620051813e-05,2.709410111216007,5.0927590513213254e-05,-0.00028739865964824956
3.4386877375475096,PASSED,-0.2758553116841088,-9.560361812345236e-06,5.382184236712056e-05,2.7094101620008204,5.064156636570178e-05,-0.0002851078060869601
3.4396879375875176,PASSED,-0.27585532121773393,-9.50679966277568e-06,5.338902103784547e-05,2.7094102125007606,5.035784206612646e-05,-0.0002828019619009022
3.4406881376275256,PASSED,-0.2758553306980119,-9.453668224068292e-06,5.295971715375314e-05,2.7094102627181207,5.007641015060058e-05,-0.00028051855127586946
3.4416883376675336,PASSED,-0.2758553401253719,-9.400964330675071e-06,5.253334421953303e-05,2.7094103126551765,4.979724042645604e-05,-0.0002782705060569972
3.4426885377075416,PASSED,-0.2758553495002401,-9.34868520473632e-06,5.210964708489689e-05,2.7094103623141783,4.952030595256836e-05,-0.00027604378577479865
3.4436887377475496,PASSED,-0.2758553588230394,-9.296827446767024e-06,5.168983189222682e-05,2.709410411697369,4.924561365032817e-05,-0.0002737913132171123
3.4446889377875576,PASSED,-0.2758553680941896,-9.245387608315655e-06,5.127317615746218e-05,2.7094104608069767,4.897314804518944e-05,-0.00027158179975313336
3.4456891378275656,PASSED,-0.2758553773141071,-9.194362486299095e-06,5.085975258929038e-05,2.709410509645202,4.870286065086008e-05,-0.00026942445738019317
3.4466893378675736,PASSED,-0.2758553864832049,-9.143748969185456e-06,5.0449360129874575e-05,2.709410558214235,4.843475418636452e-05,-0.00026722780257246344
3.4476895379075816,PASSED,-0.2758553956018927,-9.09354324805775e-06,5.0043295126259025e-05,2.709410606516242,4.816881925178809e-05,-0.0002650730225790684
3.4486897379475896,PASSED,-0.2758554046705768,-9.043742160611414e-06,4.963961565972261e-05,2.7094106545533845,4.790502755327252e-05,-0.0002629374824732427
3.4496899379875976,PASSED,-0.2758554136896598,-8.994342037571369e-06,4.924046129359501e-05,2.709410702327784,4.76433427617215e-05,-0.00026084966426952893
3.4506901380276056,PASSED,-0.275855422659541,-8.94533912883408e-06,4.8844540366418625e-05,2.709410749841559,4.738377131721831e-05,-0.00025871929799229726
3.4516903380676136,PASSED,-0.27585543158061593,-8.896730168383944e-06,4.845190717261684e-05,2.70941079709681,4.7126303045435563e-05,-0.000256634254309716
3.4526905381076216,PASSED,-0.27585544045327653,-8.84851131328978e-06,4.806348704186067e-05,2.7094108440956086,4.687088067319332e-05,-0.00025461445086393637
3.4536907381476296,PASSED,-0.2758554492779112,-8.800679087744984e-06,4.767805121341625e-05,2.7094108908400094,4.661749987681626e-05,-0.00025255836005247926
3.4546909381876376,PASSED,-0.2758554580549045,-8.753229465164674e-06,4.729733682490409e-05,2.7094109373320543,4.636617008656142e-05,-0.00025051074372308275
3.4556911382276456,PASSED,-0.27585546678463724,-8.706158584942637e-06,4.691990915345719e-05,2.70941098357376,4.6116838405618636e-05,-0.0002485456390892571
3.4566913382676536,PASSED,-0.27585547546748646,-8.65946318296238e-06,4.6545730531454315e-05,2.7094110295671223,4.586948043090395e-05,-0.0002465661984649586
3.4576915383076616,PASSED,-0.27585548410382543,-8.613139063274063e-06,4.617637912622438e-05,2.709411075314119,4.562410652712519e-05,-0.0002445790406546381
3.4586917383476696,PASSED,-0.27585549269402354,-8.567182055833199e-06,4.581075965062379e-05,2.7094111208167053,4.538067319826477e-05,-0.00024266952099762272
3.4596919383876776,PASSED,-0.27585550123844615,-8.521588831600282e-06,4.5448200621114166e-05,2.7094111660768156,4.5139154515852854e-05,-0.00024075145668810878
3.4606921384276856,PASSED,-0.275855509737455,-8.476355369519708e-06,4.5090303053546705e-05,2.7094112110963744,4.489956508646324e-05,-0.00023881474452393207
3.4616923384676936,PASSED,-0.2758555181914075,-8.431477229383658e-06,4.473669819105202e-05,2.7094112558772636,4.466184111523572e-05,-0.00023699678902992075
3.4626925385077016,PASSED,-0.2758555266006575,-8.386950853829583e-06,4.438616046275821e-05,2.7094113004213627,4.442597166703812e-05,-0.0002351178876427179
3.4636927385477096,PASSED,-0.2758555349655545,-8.342772252315525e-06,4.404022888159221e-05,2.7094113447305235,4.419196864876976e-05,-0.0002332597720187885
3.4646929385877177,PASSED,-0.27585554328644424,-8.298937114447745e-06,4.369841052524129e-05,2.7094113888065765,4.395977323578854e-05,-0.000231485840289503
3.4656931386277257,PASSED,-0.2758555515636682,-8.255441523077613e-06,4.33603786000583e-05,2.709411432651333,4.372937022904239e-05,-0.00022968111771724792
3.4666933386677337,PASSED,-0.275855559797564,-8.21228153736681e-06,4.302639045130003e-05,2.7094114762665753,4.350075123315619e-05,-0.00022791091466550613
3.4676935387077417,PASSED,-0.2758555679884649,-8.169452800865256e-06,4.269696720172202e-05,2.7094115196540756,4.3273890216466214e-05,-0.00022616108470628488
3.4686937387477497,PASSED,-0.27585557613670036,-8.126951395818699e-06,4.2371030276446326e-05,2.7094115628155744,4.3048756398701396e-05,-0.00022444897313716626
3.4696939387877577,PASSED,-0.27585558424259554,-8.084773194601551e-06,4.204964851095198e-05,2.7094116057527957,4.2825334913398986e-05,-0.00022273649341257362
3.4706941388277657,PASSED,-0.2758555923064716,-8.042913873077516e-06,4.1732436866090415e-05,2.709411648467442,4.260361157503398e-05,-0.00022104790166662836
3.4716943388677737,PASSED,-0.2758556003286454,-8.00136941817845e-06,4.141913358771674e-05,2.7094116909611907,4.2383548603792084e-05,-0.00021940635095874805
3.4726945389077817,PASSED,-0.27585560830942973,-7.960135889776128e-06,4.1109791612057394e-05,2.7094117332356977,4.2165128583313444e-05,-0.0002177624668252304
3.4736947389477897,PASSED,-0.2758556162491333,-7.919208827076526e-06,4.080524342463039e-05,2.709411775292597,4.1948338255945964e-05,-0.0002161422343956468
3.4746949389877977,PASSED,-0.2758556241480605,-7.878583890351079e-06,4.050473225932504e-05,2.709411817133505,4.173315119717883e-05,-0.00021455027501479215
3.4756951390278057,PASSED,-0.2758556320065116,-7.838257445444942e-06,4.020758667067932e-05,2.709411858760007,4.151953429392269e-05,-0.00021299465541703595
3.4766953390678137,PASSED,-0.27585563982478273,-7.798225000351569e-06,3.991568404183665e-05,2.70941190017368,4.130748783825311e-05,-0.00021141432250462204
3.4776955391078217,PASSED,-0.27585564760316583,-7.758482121046149e-06,3.9627676147809385e-05,2.709411941376061,4.1096968519457994e-05,-0.0002099226496554402
3.4786957391478297,PASSED,-0.2758556553419486,-7.719025037627909e-06,3.934335493186063e-05,2.7094119823686778,4.088795474669262e-05,-0.00020840785483866806
3.4796959391878377,PASSED,-0.2758556630414147,-7.679849765208707e-06,3.906321741076455e-05,2.709412023153033,4.0680447664412386e-05,-0.00020690656724127273
3.4806961392278457,PASSED,-0.2758556707018435,-7.640951625332695e-06,3.878808818617987e-05,2.7094120637306083,4.047440688392857e-05,-0.00020546358931218414
3.4816963392678537,PASSED,-0.2758556783235101,-7.602326048281019e-06,3.851723629533841e-05,2.7094121041028596,4.02698027119097e-05,-0.00020403122715665213
3.4826965393078617,PASSED,-0.27585568590668574,-7.563970143644196e-06,3.824835019781152e-05,2.7094121442712225,4.006662955084123e-05,-0.00020260111700967588
3.4836967393478697,PASSED,-0.2758556934516372,-7.525879101137112e-06,3.7986170713264534e-05,2.7094121842371086,3.9864858649354556e-05,-0.00020121742447133404
3.4846969393878777,PASSED,-0.2758557009586273,-7.488048096418046e-06,3.772756072293535e-05,2.7094122240019165,3.96644726957844e-05,-0.0001998316396360371
3.4856971394278857,PASSED,-0.2758557084279146,-7.4504740679257885e-06,3.747167367180432e-05,2.70941226356701,3.946544079750197e-05,-0.00019849873738003965
3.4866973394678937,PASSED,-0.2758557158597536,-7.413152566137976e-06,3.722138719848489e-05,2.709412302933737,3.9267740640189615e-05,-0.0001971677706005701
3.4876975395079017,PASSED,-0.27585572325439467,-7.376078996039603e-06,3.697502536496575e-05,2.7094123421034273,3.907136828883288e-05,-0.0001958420718608437
3.4886977395479097,PASSED,-0.27585573061208407,-7.339249935837177e-06,3.6731750094065404e-05,2.7094123810773834,3.8876283981851596e-05,-0.00019457913039492124
3.4896979395879177,PASSED,-0.275855737933064,-7.302661177666482e-06,3.6493430221782906e-05,2.7094124198568883,3.868246591453977e-05,-0.00019331069192309933
3.4906981396279257,PASSED,-0.2758557452175726,-7.266308028316784e-06,3.625962876830868e-05,2.709412458443205,3.848990937948376e-05,-0.0001920537638112828
3.4916983396679337,PASSED,-0.27585575246584393,-7.230187212076824e-06,3.6028274554392724e-05,2.709412496837571,3.8298576008379637e-05,-0.00019085310929935342
3.4926985397079418,PASSED,-0.27585575967810805,-7.194294607890122e-06,3.580215727490793e-05,2.7094125350412055,3.8108445668815046e-05,-0.00018964849307475233
3.4936987397479498,PASSED,-0.27585576685459107,-7.158625880721619e-06,3.5579773764233546e-05,2.7094125730553023,3.7919505627265115e-05,-0.00018846774053338174
3.4946989397879578,PASSED,-0.27585577399551503,-7.12317723623532e-06,3.5361224967676435e-05,2.7094126108810457,3.773174014440269e-05,-0.00018729731108178542
3.4956991398279658,PASSED,-0.27585578110109793,-7.087944710907869e-06,3.5146725567301463e-05,2.7094126485195886,3.7545115846759906e-05,-0.00018617562201677786
3.4966993398679738,PASSED,-0.27585578817155415,-7.052924472404553e-06,3.493591379399156e-05,2.7094126859720635,3.7359606743503095e-05,-0.0001850647574168262
3.4976995399079818,PASSED,-0.2758557952070939,-7.018112697799572e-06,3.472901514564015e-05,2.709412723239583,3.717520487391748e-05,-0.00018395994436480015
3.4986997399479898,PASSED,-0.27585580220792366,-6.9835051750227945e-06,3.452652786420315e-05,2.709412760323242,3.69918923891509e-05,-0.00018288084503443762
3.4996999399879978,PASSED,-0.2758558091742459,-6.949098417180969e-06,3.4326911160239824e-05,2.709412797224118,3.680964448181334e-05,-0.0001818259488729678
3.500700140028006,PASSED,-0.27585581610625953,-6.914888839246849e-06,3.4131355783373786e-05,2.7094128339432566,3.662842467362593e-05,-0.00018081571439703282
3.501700340068014,PASSED,-0.2758558230041594,-6.880871872255478e-06,3.394070779670234e-05,2.7094128704816938,3.644823509446465e-05,-0.00017977215567078694
3.502700540108022,PASSED,-0.27585582986813695,-6.847044608236166e-06,3.37516348343854e-05,2.709412906840445,3.62690619980115e-05,-0.0001787737236413887
3.50370074014803,PASSED,-0.27585583669837965,-6.81340317933463e-06,3.356795827963653e-05,2.7094129430205007,3.609085623132394e-05,-0.0001778271287183465
3.504700940188038,PASSED,-0.2758558434950713,-6.7799432858735555e-06,3.33878502487e-05,2.7094129790228365,3.5913615109824044e-05,-0.0001768504500209345
3.505701140228046,PASSED,-0.27585585025839227,-6.7466622320873405e-06,3.320985614455897e-05,2.709413014848407,3.573733254833863e-05,-0.00017590396912839577
3.506701340268054,PASSED,-0.2758558569885191,-6.713555997570622e-06,3.3037153431491784e-05,2.7094130504981475,3.556196542453829e-05,-0.0001750092269149713
3.507701540308062,PASSED,-0.27585586368562487,-6.680620778613128e-06,3.2867262641495767e-05,2.709413085972972,3.5387498515442555e-05,-0.00017410536388291425
3.50870174034807,PASSED,-0.27585587034987935,-6.647853875726822e-06,3.2699996382846686e-05,2.7094131212737835,3.521393813718807e-05,-0.00017319705450219647
3.509701940388078,PASSED,-0.27585587698144837,-6.615250939700151e-06,3.25382291225539e-05,2.709413156401458,3.504124063803317e-05,-0.00017236446225670272
3.510702140428086,PASSED,-0.27585588358049473,-6.5828089277763995e-06,3.237786712454988e-05,2.7094131913568624,3.486939172406317e-05,-0.00017150521511219554
3.511702340468094,PASSED,-0.27585589014717776,-6.5505250544214385e-06,3.2221210841901726e-05,2.709413226140834,3.469838232406392e-05,-0.00017067885659061683
3.512702540508102,PASSED,-0.2758558966816532,-6.51839476524756e-06,3.206967472852933e-05,2.7094132607542027,3.452818906952685e-05,-0.00016986951983469662
3.51370274054811,PASSED,-0.27585590318407394,-6.486415677905321e-06,3.191869575137904e-05,2.7094132951977747,3.435879286872889e-05,-0.0001690806547734699
3.514702940588118,PASSED,-0.2758559096545891,-6.454584685201552e-06,3.1772524005361915e-05,2.7094133294723455,3.419018699092057e-05,-0.000168289359831553
3.515703140628126,PASSED,-0.27585591609334503,-6.422897781596028e-06,3.1629823338965844e-05,2.709413363578685,3.402234062558066e-05,-0.00016755103567881713
3.516703340668134,PASSED,-0.2758559225004847,-6.391352649901714e-06,3.148867059787871e-05,2.7094133975175505,3.3855237622981086e-05,-0.0001668043138800682
3.517703540708142,PASSED,-0.2758559288761479,-6.3599458373612215e-06,3.1352240502233926e-05,2.7094134312896867,3.3688881790943364e-05,-0.00016605684414282176
3.51870374074815,PASSED,-0.27585593522047164,-6.32867401574405e-06,3.121820902712943e-05,2.709413464895817,3.352323772217666e-05,-0.00016536888518262945
3.519703940788158,PASSED,-0.27585594153358955,-6.2975348109512656e-06,3.10865353032231e-05,2.709413498336647,3.33582820425831e-05,-0.0001646802092008441
3.520704140828166,PASSED,-0.2758559478156326,-6.266525129035205e-06,3.0958446324618734e-05,2.709413531612873,3.3194025331617915e-05,-0.00016397437880808887
3.521704340868174,PASSED,-0.27585595406672886,-6.2356417609647976e-06,3.083331590093329e-05,2.709413564725174,3.303044302051406e-05,-0.00016332093263437113
3.522704540908182,PASSED,-0.2758559602870032,-6.204881862678484e-06,3.071095320990033e-05,2.7094135976742084,3.28674982214115e-05,-0.0001626940434146839
3.52370474094819,PASSED,-0.27585596647657823,-6.174243341972031e-06,3.0590232370821326e-05,2.709413630460629,3.270520614837148e-05,-0.00016202409279024506
3.524704940988198,PASSED,-0.2758559726355732,-6.14372276992859e-06,3.0474131825186113e-05,2.709413663085068,3.254354690864436e-05,-0.00016141600435170828
3.525705141028206,PASSED,-0.27585597876410506,-6.113317448602717e-06,3.0359447659665825e-05,2.7094136955481396,3.2382477742921086e-05,-0.00016083793997098518
3.526705341068214,PASSED,-0.2758559848622881,-6.083025458437456e-06,3.024701850232396e-05,2.7094137278504546,3.22220217568672e-05,-0.00016020135010914941
3.527705541108222,PASSED,-0.2758559909302338,-6.052843634373227e-06,3.013836110549851e-05,2.7094137599926014,3.206215640845974e-05,-0.00015964134727300714
3.5287057411482294,PASSED,-0.2758559969680513,-6.022769456452654e-06,3.0031389130622186e-05,2.709413791975157,3.190284267187565e-05,-0.00015909532945813102
3.5297059411882374,PASSED,-0.2758560029758472,-5.992800941200138e-06,2.992659933377755e-05,2.709413823798688,3.1744098886975485e-05,-0.00015850942186151836
3.5307061412282454,PASSED,-0.2758560089537258,-5.962935378661091e-06,2.982487134256015e-05,2.709413855463745,3.158590639833361e-05,-0.00015798119982879193
3.5317063412682534,PASSED,-0.27585601490178874,-5.933170242538879e-06,2.9725312641980864e-05,2.70941388697087,3.1428237693524935e-05,-0.00015746037479525904
3.5327065413082614,PASSED,-0.27585602082013566,-5.903503655308649e-06,2.9627436955728696e-05,2.7094139183205863,3.127108875150785e-05,-0.0001569413201649763
3.5337067413482695,PASSED,-0.27585602670886383,-5.873933272016085e-06,2.953234751712007e-05,2.709413949513413,3.111445854380045e-05,-0.00015642279940234334
3.5347069413882775,PASSED,-0.2758560325680683,-5.844456633710641e-06,2.943949883099217e-05,2.709413980549849,3.095831755467991e-05,-0.00015595311559934852
3.5357071414282855,PASSED,-0.2758560383978419,-5.815071948065845e-06,2.9348143520665903e-05,2.709414011430389,3.080266141179809e-05,-0.00015545816107013507
3.5367073414682935,PASSED,-0.2758560441982757,-5.7857773478329805e-06,2.9258904707663904e-05,2.7094140421555166,3.064749480631613e-05,-0.00015497223508982786
3.5377075415083015,PASSED,-0.27585604996945834,-5.756570200099607e-06,2.9172643083846667e-05,2.7094140727257,3.0492782942296386e-05,-0.00015453828330635704
3.5387077415483095,PASSED,-0.27585605571147687,-5.727449203940219e-06,2.9086564876415916e-05,2.7094141031413996,3.0338521895333803e-05,-0.00015407622273339836
3.5397079415883175,PASSED,-0.27585606142441615,-5.698412421105726e-06,2.9003594806544005e-05,2.709414133403066,3.0184718441195757e-05,-0.00015362160840781325
3.5407081416283255,PASSED,-0.2758560671083593,-5.669457383403064e-06,2.8922666300074344e-05,2.7094141635111395,3.0031343908391857e-05,-0.0001532098157346217
3.5417083416683335,PASSED,-0.2758560727633878,-5.640583069226244e-06,2.884207942798315e-05,2.70941419346605,2.987838932368471e-05,-0.0001527844306888269
3.5427085417083415,PASSED,-0.2758560783895812,-5.611787793339392e-06,2.876407352609834e-05,2.70941422326822,2.972586227880489e-05,-0.0001523554543404826
3.5437087417483495,PASSED,-0.27585608398701744,-5.583069121595894e-06,2.868840388843305e-05,2.7094142529180623,2.9573742463756877e-05,-0.0001519627221863688
3.5447089417883575,PASSED,-0.27585608955577295,-5.554426244055934e-06,2.8612526640978653e-05,2.7094142824159815,2.9422014621687355e-05,-0.0001515712553249594
3.5457091418283655,PASSED,-0.27585609509592235,-5.525857526337383e-06,2.853951177026763e-05,2.7094143117623757,2.927069021892179e-05,-0.00015115983439263002
3.5467093418683735,PASSED,-0.27585610060753907,-5.49736109764816e-06,2.846770663519327e-05,2.7094143409576286,2.9119742706927182e-05,-0.0001508059637292621
3.5477095419083815,PASSED,-0.27585610609069494,-5.4689360347659926e-06,2.8396633713483084e-05,2.709414370002126,2.89691727791665e-05,-0.0001504125704482991
3.5487097419483895,PASSED,-0.27585611154546047,-5.440580893255488e-06,2.8327480041852052e-05,2.709414398896236,2.8818972999653163e-05,-0.00015005791889003038
3.5497099419883975,PASSED,-0.2758561169719048,-5.4122939485743564e-06,2.825992110731839e-05,2.7094144276403274,2.8669134815319135e-05,-0.00014969169463002898
3.5507101420284055,PASSED,-0.27585612237009594,-5.384074453773342e-06,2.819254393014553e-05,2.7094144562347653,2.8519665545252982e-05,-0.00014932098702357243
3.5517103420684135,PASSED,-0.2758561277401005,-5.3559211413727675e-06,2.8127158047527092e-05,2.7094144846798933,2.837052702332606e-05,-0.00014901687852915562
3.5527105421084215,PASSED,-0.27585613308198403,-5.327832724192649e-06,2.8062589935180093e-05,2.7094145129760654,2.822173921889695e-05,-0.00014863508836240899
3.5537107421484295,PASSED,-0.2758561383958111,-5.299808279665577e-06,2.799901425499941e-05,2.7094145411236217,2.8073305254738814e-05,-0.0001482998813552898
3.5547109421884375,PASSED,-0.275856143681645,-5.2718468506254944e-06,2.793637223013814e-05,2.709414569122895,2.7925180289071976e-05,-0.00014800835520787004
3.5557111422284455,PASSED,-0.27585614893954846,-5.243947418332431e-06,2.7874805668346715e-05,2.7094145969742245,2.7777400050293875e-05,-0.0001476281611582518
3.5567113422684535,PASSED,-0.27585615416958276,-5.21610875843723e-06,2.781456271310408e-05,2.7094146246779243,2.762994157001776e-05,-0.0001473453596880228
3.5577115423084615,PASSED,-0.27585615937180885,-5.188330878484904e-06,2.7753424778472847e-05,2.709414652234327,2.7482796031819497e-05,-0.00014701232387175767
3.5587117423484695,PASSED,-0.2758561645462864,-5.160612343241283e-06,2.7695275553719502e-05,2.709414679643745,2.7335974837330682e-05,-0.00014669377490018288
3.5597119423884775,PASSED,-0.27585616969307475,-5.132952242731011e-06,2.7636650481308104e-05,2.709414706906489,2.71894547130844e-05,-0.00014640435714368815
3.5607121424284855,PASSED,-0.2758561748122322,-5.105350644519061e-06,2.7578230032377192e-05,2.709414734022875,2.704324884601206e-05,-0.0001460735403581022
3.5617123424684936,PASSED,-0.27585617990381656,-5.07780652496878e-06,2.752137922888518e-05,2.709414760993202,2.6897346097887776e-05,-0.00014578888663506758
3.5627125425085016,PASSED,-0.27585618496788505,-5.0503189258742e-06,2.7465079005042412e-05,2.7094147878177783,2.6751743189466103e-05,-0.00014547892294608305
3.5637127425485096,PASSED,-0.2758561900044944,-5.022888058900788e-06,2.7408058952326147e-05,2.7094148144969012,2.660644194180165e-05,-0.00014518279747670242
3.5647129425885176,PASSED,-0.27585619501370073,-4.995513336630882e-06,2.7352497814958596e-05,2.7094148410308727,2.646143946684955e-05,-0.00014488225993569568
3.5657131426285256,PASSED,-0.2758561999955599,-4.968193711728652e-06,2.7297709627076847e-05,2.709414867419983,2.6316724758264386e-05,-0.00014460300768481352
3.5667133426685336,PASSED,-0.2758562049501272,-4.940929516306283e-06,2.7241852619230456e-05,2.7094148936645257,2.6172299464666307e-05,-0.00014430681754025
3.5677135427085416,PASSED,-0.27585620987745774,-4.913720507108928e-06,2.718711358277253e-05,2.709414919764797,2.6028179344800115e-05,-0.00014399565475014788
3.5687137427485496,PASSED,-0.2758562147776063,-4.886565718992065e-06,2.71332378062552e-05,2.709414945721084,2.5884341190382738e-05,-0.0001437331541955326
3.5697139427885576,PASSED,-0.27585621965062745,-4.859465332706492e-06,2.707848527178372e-05,2.709414971533676,2.574078364162491e-05,-0.0001434404784660278
3.5707141428285656,PASSED,-0.27585622449657543,-4.832419545564049e-06,2.702398838954855e-05,2.7094149972028614,2.5597524445396547e-05,-0.000143138341403252
3.5717143428685736,PASSED,-0.27585622931550474,-4.805428022841742e-06,2.6969878944146112e-05,2.7094150227289253,2.545454828701894e-05,-0.0001428680363605079
3.5727145429085816,PASSED,-0.27585623410746934,-4.778490244810013e-06,2.6916377423450685e-05,2.7094150481121586,2.5311858153930246e-05,-0.00014257153090748256
3.5737147429485896,PASSED,-0.2758562388725234,-4.75160662684641e-06,2.6861778323705114e-05,2.709415073352844,2.516945623512065e-05,-0.00014228884407767098
3.5747149429885976,PASSED,-0.27585624361072114,-4.72477760622401e-06,2.680718215486352e-05,2.709415098451271,2.50273387356782e-05,-0.0001420032696856357
3.5757151430286056,PASSED,-0.27585624832211675,-4.698002505899236e-06,2.6753712438047267e-05,2.7094151234077266,2.4885511337855995e-05,-0.0001417101499132473
3.5767153430686136,PASSED,-0.27585625300676436,-4.671281537863599e-06,2.6699138434029688e-05,2.709415148222497,2.4743970776798937e-05,-0.00014142750181960308
3.5777155431086216,PASSED,-0.27585625766471866,-4.644615616571356e-06,2.66437765310508e-05,2.7094151728958713,2.4602717555375838e-05,-0.00014113703449209958
3.5787157431486296,PASSED,-0.2758562622960341,-4.618004163486704e-06,2.6589904120387294e-05,2.7094151974281386,2.44617572982819e-05,-0.00014084240549516464
3.5797159431886376,PASSED,-0.27585626690076565,-4.591447601799198e-06,2.653433339892054e-05,2.709415221819593,2.432109015426858e-05,-0.00014055030302542038
3.5807161432286456,PASSED,-0.2758562714789684,-4.564946493886308e-06,2.647895758886894e-05,2.70941524607052,2.4180706799529246e-05,-0.00014027205588194386
3.5817163432686536,PASSED,-0.27585627603069784,-4.538500960618994e-06,2.6423250386278396e-05,2.709415270181219,2.4040626427113778e-05,-0.00013995258343781582
3.5827165433086616,PASSED,-0.27585628055600975,-4.5121113383710875e-06,2.6367203488991926e-05,2.7094152941519822,2.3900842427696e-05,-0.00013967161007108608
3.5837167433486696,PASSED,-0.27585628505496035,-4.485778176070489e-06,2.6310468175001544e-05,2.709415317983108,2.376134795239764e-05,-0.00013937638544987563
3.5847169433886776,PASSED,-0.27585628952760627,-4.459501974438407e-06,2.62533572701347e-05,2.7094153416748994,2.3622166888175163e-05,-0.00013905085007088038
3.5857171434286856,PASSED,-0.27585629397400463,-4.4332829669200995e-06,2.619610768375513e-05,2.709415365227654,2.348328450161932e-05,-0.00013877007754581965
3.5867173434686936,PASSED,-0.27585629839421305,-4.40712186753617e-06,2.6137760517378725e-05,2.709415388641681,2.334470495031467e-05,-0.00013845253381053748
3.5877175435087016,PASSED,-0.27585630278828965,-4.381019239902134e-06,2.6079205711807386e-05,2.7094154119172877,2.3206442869105582e-05,-0.000138135112808127
3.5887177435487096,PASSED,-0.2758563071562932,-4.354975730356869e-06,2.6019712100903952e-05,2.709415435054782,2.30684850413956e-05,-0.0001378396376445548
3.5897179435887177,PASSED,-0.27585631149828305,-4.328991689541909e-06,2.596025995766339e-05,2.7094154580544823,2.293084715271787e-05,-0.00013750338936650993
3.5907181436287257,PASSED,-0.27585631581431913,-4.303068045874277e-06,2.5899232807610467e-05,2.709415480916706,2.2793535139085528e-05,-0.00013718442980956258
3.5917183436687337,PASSED,-0.27585632010446215,-4.277205515787272e-06,2.5838061606600723e-05,2.70941550364177,2.265653164795025e-05,-0.00013688286535241834
3.5927185437087417,PASSED,-0.2758563243687735,-4.251404513423846e-06,2.5776296201309616e-05,2.709415526230004,2.2519863273392094e-05,-0.00013652538069531538
3.5937187437487497,PASSED,-0.2758563286073152,-4.2256659856975314e-06,2.5713348742985627e-05,2.709415548681736,2.2383533698600696e-05,-0.00013619903752211661
3.5947189437887577,PASSED,-0.27585633282015015,-4.199990852498421e-06,2.5649656169859534e-05,2.709415570997296,2.2247522587392473e-05,-0.00013588582699895383
3.5957191438287657,PASSED,-0.27585633700734197,-4.174379606803698e-06,2.558563871129788e-05,2.7094155931770256,2.2111860558108235e-05,-0.0001355128308077626
3.5967193438687737,PASSED,-0.2758563411689553,-4.148833571063913e-06,2.5519633758776382e-05,2.7094156152212645,2.1976548911255812e-05,-0.00013517752421553025
3.5977195439087817,PASSED,-0.27585634530505526,-4.123353063885504e-06,2.5454422791497915e-05,2.709415637130359,2.1841571261321365e-05,-0.00013484440041372235
3.5987197439487897,PASSED,-0.2758563494157082,-4.097939009766229e-06,2.538714167112793e-05,2.7094156589046587,2.1706951469273858e-05,-0.00013447005313669755
3.5997199439887977,PASSED,-0.27585635350098114,-4.0725928642935775e-06,2.5318814673667553e-05,2.7094156805445198,2.1572697275651602e-05,-0.00013411028727929448
3.6007201440288057,PASSED,-0.2758563575609421,-4.047315113438065e-06,2.525037497674175e-05,2.7094157020503036,2.143879784341264e-05,-0.00013375886221207202
3.6017203440688137,PASSED,-0.2758563615956601,-4.0221066148504385e-06,2.5180580994883415e-05,2.709415723422373,2.1305264399190147e-05,-0.00013338316556277355
3.6027205441088217,PASSED,-0.27585636560520505,-3.996968671681414e-06,2.5109517951786566e-05,2.7094157446610985,2.117210882594738e-05,-0.00013300384502943662
3.6037207441488297,PASSED,-0.27585636958964777,-3.971902108891355e-06,2.5037926015572657e-05,2.709415765766859,2.1039334010366094e-05,-0.00013262212928251307
3.6047209441888377,PASSED,-0.2758563735490603,-3.946907979414841e-06,2.496493178380969e-05,2.709415786740032,2.090693551076606e-05,-0.0001322494131450414
3.6057211442288457,PASSED,-0.2758563774835154,-3.921987259372004e-06,2.4891245548855225e-05,2.709415807581007,2.0774930075266564e-05,-0.00013184278373580162
3.6067213442688537,PASSED,-0.27585638139308716,-3.897140970724518e-06,2.4816317379906184e-05,2.709415828290172,2.064332011792302e-05,-0.00013145473974870742
3.6077215443088617,PASSED,-0.2758563852778506,-3.87237026967074e-06,2.4740290169693852e-05,2.709415848867928,2.051210859852356e-05,-0.0001310493724999676
3.6087217443488697,PASSED,-0.2758563891378818,-3.847676257089975e-06,2.4663160854811175e-05,2.7094158693146726,2.0381299398708242e-05,-0.00013064908469221251
3.6097219443888777,PASSED,-0.27585639297325787,-3.823059862905371e-06,2.458521640446728e-05,2.709415889630822,2.0250910063435694e-05,-0.00013021616899276843
3.6107221444288857,PASSED,-0.2758563967840571,-3.7985223028482056e-06,2.450578915896395e-05,2.7094159098167867,2.0120936381620467e-05,-0.00012981202369687227
3.6117223444688937,PASSED,-0.275856400570359,-3.7740648807316134e-06,2.442517742167759e-05,2.709415929872986,1.999137580376974e-05,-0.0001293929472866228
3.6127225445089017,PASSED,-0.2758564043322439,-3.7496882478179383e-06,2.4344269908339805e-05,2.7094159497998485,1.9862256033177624e-05,-0.00012893765279577667
3.6137227445489097,PASSED,-0.27585640806979356,-3.7253939360320043e-06,2.4261006370997114e-05,2.7094159695978046,1.9733570470639998e-05,-0.00012851750236553047
3.6147229445889177,PASSED,-0.2758564117830906,-3.7011830424499498e-06,2.417748505609233e-05,2.709415989267297,1.9605322483335008e-05,-0.000128068310597957
3.6157231446289257,PASSED,-0.2758564154722191,-3.67705655226117e-06,2.4092493610571433e-05,2.709416008808766,1.947752304744169e-05,-0.0001276201860902272
3.6167233446689337,PASSED,-0.27585641913726416,-3.653015779162682e-06,2.4006292757098593e-05,2.709416028222662,1.935017547027428e-05,-0.00012716583788552945
3.6177235447089418,PASSED,-0.2758564227783119,-3.6290618162526984e-06,2.391907634524056e-05,2.7094160475094475,1.922329669611502e-05,-0.0001266873983417548
3.6187237447489498,PASSED,-0.2758564263954497,-3.605195774738106e-06,2.3830684960826333e-05,2.709416066669579,1.9096874586285634e-05,-0.00012624525082114443
3.6197239447889578,PASSED,-0.2758564299887663,-3.58141900559359e-06,2.3740825266976203e-05,2.7094160857035274,1.8970921895124265e-05,-0.00012575765138818178
3.6207241448289658,PASSED,-0.2758564335583514,-3.5577325355578417e-06,2.3650233214929328e-05,2.709416104611772,1.884546524485256e-05,-0.00012525598286071334
3.6217243448689738,PASSED,-0.2758564371042959,-3.5341375778945007e-06,2.3558107295615488e-05,2.7094161233947895,1.8720477858178476e-05,-0.00012480832254966595
3.6227245449089818,PASSED,-0.275856440626692,-3.5106355450026304e-06,2.346464995604058e-05,2.7094161420530707,1.8595978665947413e-05,-0.00012429310535199932
3.6237247449489898,PASSED,-0.275856444125633,-3.487227058678484e-06,2.3371043902884058e-05,2.7094161605871077,1.8471990992844222e-05,-0.0001237840516039826
3.6247249449889978,PASSED,-0.27585644760121325,-3.4639136847397444e-06,2.3274927295976582e-05,2.709416178997405,1.8348502280310827e-05,-0.00012329181981967247
3.625725145029006,PASSED,-0.2758564510535285,-3.4406969118480632e-06,2.3178003288817126e-05,2.7094161972844657,1.8225515611264557e-05,-0.00012278323519733327
3.626725345069014,PASSED,-0.2758564544826757,-3.417577477976595e-06,2.3080387593235372e-05,2.709416215448802,1.810304889607192e-05,-0.00012225570185617213
3.627725545109022,PASSED,-0.2758564578887527,-3.394556214236103e-06,2.2981847838663224e-05,2.7094162334909364,1.7981111047421685e-05,-0.00012172594651294539
3.62872574514903,PASSED,-0.2758564612718588,-3.3716352884207074e-06,2.2880311133217143e-05,2.7094162514113935,1.785969641526272e-05,-0.00012120708925630752
3.629725945189038,PASSED,-0.27585646463209423,-3.3488150791788707e-06,2.2780141314249418e-05,2.7094162692107027,1.7738811560621228e-05,-0.00012067003156495117
3.630726145229046,PASSED,-0.2758564679695607,-3.3260967659771696e-06,2.2677094460002293e-05,2.709416286889404,1.7618476259709126e-05,-0.00012011214714353854
3.631726345269054,PASSED,-0.27585647128436075,-3.3034820064975776e-06,2.2573202825985142e-05,2.7094163044480424,1.749868979224079e-05,-0.00011956934768486727
3.632726545309062,PASSED,-0.27585647457659823,-3.2809715862381383e-06,2.2468565215074924e-05,2.709416321887165,1.737944571990344e-05,-0.00011902722210567249
3.63372674534907,PASSED,-0.2758564778463782,-3.2585665477624486e-06,2.236268731609972e-05,2.7094163392073276,1.7260761496155264e-05,-0.00011845555817651058
3.634726945389078,PASSED,-0.27585648109380656,-3.2362682739317306e-06,2.2255331507129764e-05,2.7094163564090943,1.7142653164217116e-05,-0.00011787684777924331
3.635727145429086,PASSED,-0.27585648431899074,-3.2140778733304987e-06,2.214711333063377e-05,2.709416373493032,1.702510860065646e-05,-0.00011732304074826316
3.636727345469094,PASSED,-0.27585648752203895,-3.191996137025523e-06,2.2038151621203238e-05,2.7094163904597144,1.6908136270649548e-05,-0.00011673852284600925
3.637727545509102,PASSED,-0.2758564907030606,-3.1700245227014483e-06,2.192725612598938e-05,2.709416407309721,1.6791755253886597e-05,-0.0001161426793742437
3.63872774554911,PASSED,-0.2758564938621663,-3.1481640425816287e-06,2.1815962782373622e-05,2.7094164240436402,1.667596341430843e-05,-0.00011555794638078307
3.639727945589118,PASSED,-0.2758564969994677,-3.126415577073134e-06,2.1703467325908442e-05,2.7094164406620607,1.656075755981892e-05,-0.0001149711265619924
3.640728145629126,PASSED,-0.2758565001150773,-3.104780266250705e-06,2.1589873153442838e-05,2.709416457165576,1.644614945475106e-05,-0.00011436609073843514
3.641728345669134,PASSED,-0.2758565032091088,-3.083259259416381e-06,2.1475095954911365e-05,2.709416473554793,1.633215744829301e-05,-0.00011374261693779921
3.642728545709142,PASSED,-0.2758565062816771,-3.0618536180543524e-06,2.135933830010596e-05,2.709416489830319,1.6218771951073976e-05,-0.00011314741740651802
3.64372874574915,PASSED,-0.27585650933289785,-3.040564075337731e-06,2.124301232763124e-05,2.709416505992766,1.610599540100359e-05,-0.00011252930517963012
3.644728945789158,PASSED,-0.27585651236288783,-3.0193917356053707e-06,2.112522466884712e-05,2.7094165220427517,1.599384665205621e-05,-0.00011189504479254756
3.645729145829166,PASSED,-0.27585651537176487,-2.998337889528783e-06,2.1006260348414077e-05,2.709416537980903,1.5882327952300622e-05,-0.00011126780306428117
3.646729345869174,PASSED,-0.2758565183596475,-2.9774028793070054e-06,2.0887510137353487e-05,2.7094165538078445,1.5771429244753367e-05,-0.00011065264386923955
3.647729545909182,PASSED,-0.27585652132665556,-2.9565883611992486e-06,2.076585675469242e-05,2.709416569524213,1.566117300590402e-05,-0.00010999196883608583
3.64872974594919,PASSED,-0.27585652427290946,-2.935894776948855e-06,2.0645402580861937e-05,2.709416585130649,1.5551567330774594e-05,-0.00010934814599165874
3.649729945989198,PASSED,-0.27585652719853093,-2.915323043833903e-06,2.0522620137677596e-05,2.709416600627789,1.54425868332409e-05,-0.00010873539856171419
3.650730146029206,PASSED,-0.27585653010364214,-2.894874174501489e-06,2.0399702128905197e-05,2.709416616016289,1.5334270431498744e-05,-0.00010803707052912037
3.651730346069214,PASSED,-0.2758565329883665,-2.874548990634563e-06,2.02755050256071e-05,2.709416631296799,1.5226618125289055e-05,-0.00010739579666339809
3.652730546109222,PASSED,-0.27585653585282804,-2.8543484565403015e-06,2.01505534733653e-05,2.7094166464699723,1.5119599795734349e-05,-0.00010676668481557549
3.65373074614923,PASSED,-0.2758565386971517,-2.83427323992348e-06,2.002499204579231e-05,2.709416661536478,1.5013264507942422e-05,-0.000106047689776161
3.654730946189238,PASSED,-0.2758565415214634,-2.8143242113565074e-06,1.989838624775943e-05,2.709416676496978,1.4907603606683045e-05,-0.00010540304224818774
3.655731146229246,PASSED,-0.2758565443258894,-2.794501914027563e-06,1.977157138306796e-05,2.7094166913521427,1.4802591818114922e-05,-0.00010475095278141068
3.656731346269254,PASSED,-0.2758565471105572,-2.7748073828535254e-06,1.964317103468371e-05,2.7094167061026493,1.4698273908752073e-05,-0.00010402921375047354
3.657731546309262,PASSED,-0.27585654987559466,-2.755241278035921e-06,1.9514727339551777e-05,2.7094167207491697,1.4594634319534498e-05,-0.00010337983952897497
3.65873174634927,PASSED,-0.2758565526211306,-2.7358042393011083e-06,1.9385246331653394e-05,2.7094167352923946,1.449167233772841e-05,-0.00010268340999082678
3.659731946389278,PASSED,-0.2758565553472946,-2.716496955056081e-06,1.9255309520609702e-05,2.7094167497330015,1.4389400987241252e-05,-0.00010199664415137943
3.660732146429286,PASSED,-0.27585655805421644,-2.6973198972702802e-06,1.912488996259465e-05,2.7094167640716824,1.4287818786052157e-05,-0.00010130590588090346
3.661732346469294,PASSED,-0.275856560742027,-2.678274146093216e-06,1.8992991986711138e-05,2.7094167783091314,1.4186935346880985e-05,-0.00010060179469801847
3.662732546509302,PASSED,-0.27585656341085757,-2.6593600220300865e-06,1.886154544740812e-05,2.7094167924460426,1.40867461982474e-05,-9.991405125729832e-05
3.66373274654931,PASSED,-0.2758565660608402,-2.6405780116637127e-06,1.872898697901782e-05,2.709416806483114,1.3987252987673411e-05,-9.921265011845016e-05
3.664732946589318,PASSED,-0.2758565686921072,-2.6219286872057276e-06,1.859621611063058e-05,2.7094168204210507,1.3888472100311751e-05,-9.849304552380165e-05
3.665733146629326,PASSED,-0.27585657130479163,-2.6034128008986577e-06,1.8462333104696743e-05,2.7094168342605514,1.3790389158101137e-05,-9.780954000182266e-05
3.666733346669334,PASSED,-0.275856573899027,-2.5850305243384168e-06,1.832890553060326e-05,2.7094168480023297,1.3693017185377174e-05,-9.708026120538844e-05
3.667733546709342,PASSED,-0.2758565764749474,-2.566782517704963e-06,1.8194074035354418e-05,2.7094168616470893,1.3596357478478137e-05,-9.637933736146897e-05
3.66873374674935,PASSED,-0.27585657903268707,-2.548669287988025e-06,1.805933350466097e-05,2.709416875195548,1.3500411834286542e-05,-9.565651541167934e-05
3.669733946789358,PASSED,-0.275856581572381,-2.530690931135398e-06,1.7924372417938403e-05,2.709416888648417,1.3405180152387153e-05,-9.494845955785928e-05
3.670734146829366,PASSED,-0.27585658409416447,-2.512848047541796e-06,1.7788557710710923e-05,2.7094169020064127,1.3310663327074888e-05,-9.422906914853698e-05
3.671734346869374,PASSED,-0.275856586598173,-2.4951411230137307e-06,1.7652502406301847e-05,2.7094169152702534,1.321686952810221e-05,-9.350361885543707e-05
3.672734546909382,PASSED,-0.27585658908454264,-2.4775701175726562e-06,1.751667413092307e-05,2.7094169284406617,1.3123799472929383e-05,-9.278101271775558e-05
3.67373474694939,PASSED,-0.2758565915534095,-2.4601355676380076e-06,1.7379800470465534e-05,2.7094169415183575,1.303144584907573e-05,-9.206869794425015e-05
3.674734946989398,PASSED,-0.27585659400491036,-2.4428380106408793e-06,1.7242728014903243e-05,2.7094169545040625,1.2939815125000015e-05,-9.133874149669079e-05
3.675735147029406,PASSED,-0.27585659643918187,-2.425677062763997e-06,1.7106427784868396e-05,2.7094169673985045,1.28489178672318e-05,-9.060293528256458e-05
3.676735347069414,PASSED,-0.275856598856361,-2.408653042303393e-06,1.696908224442774e-05,2.7094169802024064,1.2758740284779456e-05,-8.9894013898863e-05
3.677735547109422,PASSED,-0.275856601256585,-2.3917667410091417e-06,1.6831113994132776e-05,2.709416992916496,1.2669288066679894e-05,-8.91576875666974e-05
3.67873574714943,PASSED,-0.2758566036399912,-2.3750176922010568e-06,1.6694338684052554e-05,2.7094170055415043,1.2580576365334752e-05,-8.841437719743795e-05
3.679735947189438,PASSED,-0.2758566060067172,-2.358406018087582e-06,1.6556564399756042e-05,2.7094170180781543,1.2492580107571604e-05,-8.771751147362009e-05
3.680736147229446,PASSED,-0.2758566083569005,-2.3419323014397246e-06,1.6418484813258337e-05,2.709417030527176,1.2405310400040976e-05,-8.697117156863097e-05
3.681736347269454,PASSED,-0.2758566106906788,-2.3255960432788225e-06,1.6281440392664582e-05,2.7094170428893016,1.2318787348445267e-05,-8.62243049470957e-05
3.682736547309462,PASSED,-0.2758566130081898,-2.3093976339864356e-06,1.614305522553465e-05,2.7094170551652597,1.2232985340654104e-05,-8.552047635387413e-05
3.68373674734947,PASSED,-0.27585661530957123,-2.293337022696094e-06,1.6005648666878576e-05,2.7094170673557767,1.21479002387015e-05,-8.479485235175596e-05
3.684736947389478,PASSED,-0.27585661759496083,-2.2774139014838946e-06,1.5868102909080672e-05,2.7094170794615837,1.2063559255663504e-05,-8.403840349548848e-05
3.685737147429486,PASSED,-0.27585661986449617,-2.261628530933444e-06,1.573021564469738e-05,2.7094170914834126,1.1979951746657905e-05,-8.332024601233656e-05
3.686737347469494,PASSED,-0.2758566221183149,-2.245980824987036e-06,1.5592699480880934e-05,2.7094171034219867,1.1897052664146144e-05,-8.261830684470951e-05
3.687737547509502,PASSED,-0.2758566243565545,-2.230470262095423e-06,1.545580516543448e-05,2.709417115278042,1.1814899190164321e-05,-8.184358540656233e-05
3.68873774754951,PASSED,-0.27585662657935234,-2.2150971214637575e-06,1.531803094248563e-05,2.709417127052298,1.173347086036396e-05,-8.115149272956111e-05
3.689737947589518,PASSED,-0.2758566287868455,-2.19986126474073e-06,1.518107391005571e-05,2.7094171387454873,1.1652758571452744e-05,-8.041948636565164e-05
3.690738147629526,PASSED,-0.2758566309791711,-2.184762008449214e-06,1.504471121248949e-05,2.7094171503583286,1.1572774856751115e-05,-7.96932002589506e-05
3.691738347669534,PASSED,-0.2758566331564658,-2.169799399094294e-06,1.4907874783206281e-05,2.7094171618915555,1.1493527276280758e-05,-7.895050061129428e-05
3.692738547709542,PASSED,-0.2758566353188661,-2.1549733237908306e-06,1.4771542316967825e-05,2.709417173345884,1.1414989086479884e-05,-7.826331592726133e-05
3.69373874774955,PASSED,-0.2758566374665083,-2.1402833086731575e-06,1.4635663651477026e-05,2.7094171847220365,1.1337166347311698e-05,-7.752902132880039e-05
3.694738947789558,PASSED,-0.2758566395995282,-2.125728897123735e-06,1.4500243481386073e-05,2.7094171960207367,1.126008256487102e-05,-7.678695651525995e-05
3.695739147829566,PASSED,-0.2758566417180615,-2.1113099148907896e-06,1.4364808067318459e-05,2.7094172072427023,1.1183707612288246e-05,-7.610028329445238e-05
3.696739347869574,PASSED,-0.27585664382224334,-2.097026079865001e-06,1.4229852998102418e-05,2.709417218388644,1.1108030308192722e-05,-7.539531796290569e-05
3.697739547909582,PASSED,-0.27585664591220854,-2.0828768033102942e-06,1.4095558925776389e-05,2.7094172294592807,1.1033087966027169e-05,-7.464035830065258e-05
3.69873974794959,PASSED,-0.2758566479880915,-2.068861549932007e-06,1.3961716346628145e-05,2.7094172404553247,1.0958859445773657e-05,-7.395396155541822e-05
3.699739947989598,PASSED,-0.2758566500500261,-2.0549801946066172e-06,1.3827781311230501e-05,2.709417251377482,1.0885314734096959e-05,-7.327187842421902e-05
3.700740148029606,PASSED,-0.27585665209814586,-2.0412320868390714e-06,1.3694992071755849e-05,2.709417262226462,1.081249132181061e-05,-7.252443486110047e-05
3.701740348069614,PASSED,-0.27585665413258365,-2.027616356013274e-06,1.3562889995158005e-05,2.7094172730029684,1.0740380548606906e-05,-7.183499876543933e-05
3.702740548109622,PASSED,-0.27585665615347194,-2.0141330672294677e-06,1.3430221309571856e-05,2.7094172837077,1.0668945900567354e-05,-7.116774755562593e-05
3.70374074814963,PASSED,-0.2758566581609425,-2.000781320840528e-06,1.3299429775184846e-05,2.7094172943413617,1.0598225187470619e-05,-7.042269012413927e-05
3.704740948189638,PASSED,-0.2758566601551268,-1.9875603998636092e-06,1.3168581778074764e-05,2.709417304904642,1.0528198972763521e-05,-6.976189776240448e-05
3.705741148229646,PASSED,-0.2758566621361552,-1.974469725682719e-06,1.3038735782767287e-05,2.709417315398237,1.045884994652139e-05,-6.90737785619501e-05
3.706741348269654,PASSED,-0.2758566641041579,-1.9615090059732804e-06,1.2908708993885095e-05,2.7094173258228333,1.0390198591494881e-05,-6.836973933621377e-05
3.707741548309662,PASSED,-0.2758566660592641,-1.9486772377184466e-06,1.278047442879961e-05,2.7094173361791163,1.0322230791651881e-05,-6.7699840180856e-05
3.70874174834967,PASSED,-0.27585666800160263,-1.935973602520663e-06,1.265240904377274e-05,2.7094173464677707,1.0254939190656538e-05,-6.70194415383368e-05
3.709741948389678,PASSED,-0.2758566699313013,-1.923397644423618e-06,1.2524990799226227e-05,2.709417356689467,1.0188317310720405e-05,-6.635683886799857e-05
3.710742148429686,PASSED,-0.27585667184848733,-1.91094845024249e-06,1.2398663102396018e-05,2.709417366844886,1.0122378562888127e-05,-6.566002047513066e-05
3.711742348469694,PASSED,-0.27585667375328726,-1.8986255112246853e-06,1.2272456294743425e-05,2.7094173769346948,1.0057106410541977e-05,-6.501357359349443e-05
3.712742548509702,PASSED,-0.27585667564582655,-1.8864274866415034e-06,1.214840344214057e-05,2.7094173869595592,9.992488465327001e-06,-6.435419296263083e-05
3.71374274854971,PASSED,-0.27585667752623005,-1.874353904544037e-06,1.202370120101679e-05,2.7094173969201387,9.928533842038213e-06,-6.368824350622594e-05
3.714742948589718,PASSED,-0.2758566793946219,-1.862404381993425e-06,1.1900070117009032e-05,2.7094174068170944,9.865242301853396e-06,-6.30270713038765e-05
3.715743148629726,PASSED,-0.27585668125112517,-1.8505772224033207e-06,1.1778552572167532e-05,2.709417416651071,9.802584474579575e-06,-6.24116645871172e-05
3.716743348669734,PASSED,-0.27585668309586203,-1.8388716092060498e-06,1.1656986947340016e-05,2.7094174264227253,9.740584093945802e-06,-6.172619133154331e-05
3.717743548709742,PASSED,-0.27585668492895393,-1.82728733320922e-06,1.1535802029822801e-05,2.709417436132691,9.679222705473766e-06,-6.111818656569802e-05
3.71874374874975,PASSED,-0.27585668675052133,-1.8158231505119602e-06,1.1416436475551293e-05,2.7094174457816136,9.618490674533082e-06,-6.047459385734196e-05
3.719743948789758,PASSED,-0.27585668856068374,-1.8044775363267515e-06,1.1298399324979961e-05,2.709417455370126,9.558401522504207e-06,-5.983219080989564e-05
3.720744148829766,PASSED,-0.2758566903595596,-1.7932500486778526e-06,1.1180213198178336e-05,2.7094174648988503,9.498925113956302e-06,-5.923922037324477e-05
3.721744348869774,PASSED,-0.2758566921472666,-1.7821399284944968e-06,1.1063391506807605e-05,2.7094174743684127,9.440068570034432e-06,-5.860142628762061e-05
3.722744548909782,PASSED,-0.27585669392392115,-1.7711455446745903e-06,1.094837869530612e-05,2.709417483779429,9.381837282851803e-06,-5.798452777930318e-05
3.72374474894979,PASSED,-0.27585669568963883,-1.7602662843197524e-06,1.0833181461192155e-05,2.709417493132516,9.324213850625634e-06,-5.738270185741176e-05
3.724744948989798,PASSED,-0.2758566974445342,-1.7495012115418508e-06,1.0719666989041462e-05,2.709417502428274,9.267181904453622e-06,-5.679810904841277e-05
3.725745149029806,PASSED,-0.2758566991887207,-1.7388487364198469e-06,1.0607680543978867e-05,2.709417511667305,9.210754656826196e-06,-5.6180006680101446e-05
3.726745349069814,PASSED,-0.27585670092231057,-1.728308113940274e-06,1.0495917103302207e-05,2.7094175208502085,9.154929934304592e-06,-5.558786641594037e-05
3.727745549109822,PASSED,-0.2758567026454151,-1.7178783530609026e-06,1.03856567300845e-05,2.7094175299775687,9.099676000627394e-06,-5.503131185136702e-05
3.72874574914983,PASSED,-0.2758567043581446,-1.7075581917689365e-06,1.0276497666553619e-05,2.709417539049972,9.045006621286778e-06,-5.442809100011551e-05
3.729745949189838,PASSED,-0.27585670606060797,-1.697346459309578e-06,1.0168555654562094e-05,2.7094175480679934,8.990920083250483e-06,-5.3858836060417713e-05
3.730746149229846,PASSED,-0.2758567077529132,-1.6872420052001246e-06,1.0061719746048012e-05,2.7094175570322103,8.937398452419172e-06,-5.3296827345239437e-05
3.731746349269854,PASSED,-0.27585670943516694,-1.6772437344454176e-06,9.955971427146487e-06,2.709417565943184,8.884435591277966e-06,-5.274021700518575e-05
3.732746549309862,PASSED,-0.27585671110747484,-1.6673506385080815e-06,9.851178944129284e-06,2.70941757480147,8.832024454865499e-06,-5.219174935065514e-05
3.73374674934987,PASSED,-0.27585671276994134,-1.65756128931868e-06,9.748129352916476e-06,2.7094175836076304,8.780178105784358e-06,-5.1616082234798095e-05
3.734746949389878,PASSED,-0.27585671442266957,-1.647874318340054e-06,9.64619872909911e-06,2.7094175923622035,8.72886490827208e-06,-5.1111274363931936e-05
3.735747149429886,PASSED,-0.27585671606576156,-1.6382888976376959e-06,9.544902017864226e-06,2.7094176010657343,8.678084304697101e-06,-5.05601563823444e-05
3.736747349469894,PASSED,-0.27585671769931813,-1.628803785864906e-06,9.445251609406822e-06,2.709417609718757,8.627850037009738e-06,-5.001700855737429e-05
3.737747549509902,PASSED,-0.2758567193234388,-1.619417523259013e-06,9.346936603550606e-06,2.709417618321796,8.578127513998612e-06,-4.952619931363031e-05
3.73874774954991,PASSED,-0.2758567209382219,-1.6101287542616143e-06,9.249990593297134e-06,2.709417626875373,8.528918612529003e-06,-4.899736957359752e-05
3.739747949589918,PASSED,-0.2758567225437645,-1.6009366684910172e-06,9.15348255546406e-06,2.7094176353800017,8.480232202412714e-06,-4.8479103811416163e-05
3.740748149629926,PASSED,-0.2758567241401623,-1.5918396798451983e-06,9.059326039388852e-06,2.7094176438361934,8.432049946643633e-06,-4.798435707419302e-05
3.741748349669934,PASSED,-0.27585672572751,-1.5828365187502453e-06,8.965717798662422e-06,2.709417652244443,8.384352353550284e-06,-4.750641710612031e-05
3.742748549709942,PASSED,-0.2758567273059008,-1.5739259980658066e-06,8.873722608289546e-06,2.7094176606052502,8.337155758798363e-06,-4.699004651578962e-05
3.74374874974995,PASSED,-0.27585672887542656,-1.565106914362634e-06,8.782657766427488e-06,2.7094176689190967,8.290443028578987e-06,-4.652785268843025e-05
3.744748949789958,PASSED,-0.27585673043617803,-1.5563777900588967e-06,8.693435328610563e-06,2.709417677186466,8.244199126896959e-06,-4.605460101109323e-05
3.745749149829966,PASSED,-0.2758567319882447,-1.5477373235407054e-06,8.605153977912126e-06,2.709417685407833,8.198434560507821e-06,-4.557120997450283e-05
3.746749349869974,PASSED,-0.2758567335317144,-1.539184348867077e-06,8.518188470772513e-06,2.7094176935836614,8.153130852142762e-06,-4.512537395876279e-05
3.747749549909982,PASSED,-0.2758567350666741,-1.53071740882583e-06,8.432774421563103e-06,2.709417701714408,8.108271163257514e-06,-4.468256550290449e-05
3.74874974994999,PASSED,-0.27585673659320903,-1.5223352247252801e-06,8.348457219874482e-06,2.709417709800534,8.063881027243433e-06,-4.419518302153492e-05
3.749749949989998,PASSED,-0.2758567381114035,-1.5140366729382644e-06,8.265281498442924e-06,2.7094177178424754,8.019921141991125e-06,-4.380302007282438e-05
3.7507501500300062,PASSED,-0.27585673962134016,-1.5058200341398037e-06,8.184210331805964e-06,2.709417725840678,7.97639067893882e-06,-4.334875837195811e-05
3.7517503500700142,PASSED,-0.27585674112310055,-1.4976842378220334e-06,8.103520308413162e-06,2.709417733795569,7.933302768219218e-06,-4.291401228469754e-05
3.7527505501100222,PASSED,-0.2758567426167647,-1.4896278839502286e-06,8.024909580732226e-06,2.7094177417075747,7.890627483923507e-06,-4.251613230305208e-05
3.7537507501500302,PASSED,-0.27585674410241146,-1.481649724665931e-06,7.946992420007687e-06,2.7094177495771103,7.848359162710674e-06,-4.21031138193509e-05
3.7547509501900382,PASSED,-0.2758567455801182,-1.4737480903789553e-06,7.871395531621226e-06,2.7094177574045903,7.806512690571398e-06,-4.167537768589355e-05
3.755751150230046,PASSED,-0.275856747049961,-1.465922068475904e-06,7.79577281733812e-06,2.7094177651904143,7.765059633946525e-06,-4.130484258419423e-05
3.756751350270054,PASSED,-0.27585674851201475,-1.4581703787098557e-06,7.722301065188177e-06,2.709417772934976,7.723985270079388e-06,-4.0920711389100345e-05
3.757751550310062,PASSED,-0.2758567499663528,-1.450491007728355e-06,7.650750925709399e-06,2.7094177806386694,7.68331554258236e-06,-4.050240490231547e-05
3.75875175035007,PASSED,-0.2758567514130473,-1.4428832097240244e-06,7.579162723411229e-06,2.7094177883018737,7.643021602543494e-06,-4.015496346323434e-05
3.759751950390078,PASSED,-0.2758567528521688,-1.4353456538774416e-06,7.509817928697191e-06,2.709417795924966,7.6030872851124254e-06,-3.9787220076292385e-05
3.760752150430086,PASSED,-0.2758567542837869,-1.4278765785749724e-06,7.44191355165044e-06,2.7094178035083107,7.563524307659911e-06,-3.941348236999537e-05
3.761752350470094,PASSED,-0.2758567557079697,-1.4204750846339106e-06,7.374547534002662e-06,2.709417811052271,7.5243231457485015e-06,-3.905961493901964e-05
3.762752550510102,PASSED,-0.27585675712478375,-1.4131396822276732e-06,7.309305654394099e-06,2.709417818557197,7.48546201002872e-06,-3.872881624028931e-05
3.76375275055011,PASSED,-0.27585675853429453,-1.405868795967835e-06,7.245273330134426e-06,2.7094178260234387,7.4469477028089896e-06,-3.837130120602516e-05
3.764752950590118,PASSED,-0.27585675993656616,-1.3986614679858643e-06,7.1820310831948e-06,2.7094178334513335,7.40877437392617e-06,-3.804134733401575e-05
3.765753150630126,PASSED,-0.2758567613316613,-1.3915163480289492e-06,7.120512539395441e-06,2.709417840841215,7.370923525134394e-06,-3.772384976361522e-05
3.766753350670134,PASSED,-0.27585676271964155,-1.384431778879927e-06,7.060606888773364e-06,2.7094178481934073,7.333394207812518e-06,-3.739962902738399e-05
3.767753550710142,PASSED,-0.2758567641005669,-1.377406728620934e-06,7.0013458391390914e-06,2.709417855508229,7.29618421083568e-06,-3.708357560980794e-05
3.76875375075015,PASSED,-0.2758567654744962,-1.3704399879877068e-06,6.9436704959521535e-06,2.709417862785995,7.259285387781968e-06,-3.677565468298085e-05
3.769753950790158,PASSED,-0.27585676684148697,-1.3635300035969798e-06,6.887526987243571e-06,2.7094178700270053,7.222678155638216e-06,-3.649495045093155e-05
3.770754150830166,PASSED,-0.27585676820159544,-1.3566755655667104e-06,6.832378725619827e-06,2.70941787723156,7.186368075314245e-06,-3.618683357266399e-05
3.771754350870174,PASSED,-0.2758567695548764,-1.3498753884491046e-06,6.778709378929882e-06,2.7094178843999503,7.150354429323814e-06,-3.5898187602274455e-05
3.772754550910182,PASSED,-0.27585677090138366,-1.3431283557825337e-06,6.72591485833149e-06,2.709417891532461,7.114612167868966e-06,-3.563831068989596e-05
3.77375475095019,PASSED,-0.27585677224116956,-1.3364330297179757e-06,6.674933535375667e-06,2.709417898629364,7.079137567459951e-06,-3.5365460221761726e-05
3.774754950990198,PASSED,-0.27585677357428523,-1.3297880808847032e-06,6.624959031870689e-06,2.7094179056909393,7.043951315163532e-06,-3.5066780346190565e-05
3.775755151030206,PASSED,-0.27585677490078037,-1.3231923155209427e-06,6.576302918353757e-06,2.709417912717443,7.009012794437838e-06,-3.485301431203048e-05
3.776755351070214,PASSED,-0.27585677622070376,-1.3166446286517395e-06,6.52860950310252e-06,2.709417919709135,6.974316539376039e-06,-3.45917488949781e-05
3.777755551110222,PASSED,-0.2758567775341027,-1.3101437174642535e-06,6.482445643741887e-06,2.7094179266662675,6.939891499990179e-06,-3.431389971311494e-05
3.77875575115023,PASSED,-0.27585677884102333,-1.3036883344005034e-06,6.437341343755861e-06,2.7094179335890844,6.905700836371905e-06,-3.4108506221714056e-05
3.779755951190238,PASSED,-0.27585678014151055,-1.297277197031133e-06,6.39366805311384e-06,2.709417940477824,6.871731368998403e-06,-3.387677480802818e-05
3.780756151230246,PASSED,-0.27585678143560816,-1.2909092290246727e-06,6.350834642024179e-06,2.709417947332717,6.838004541512437e-06,-3.3626862604590506e-05
3.781756351270254,PASSED,-0.27585678272335856,-1.2845831926880404e-06,6.309504133037679e-06,2.7094179541539885,6.804497925083275e-06,-3.342645231220977e-05
3.782756551310262,PASSED,-0.27585678400480323,-1.2782977709717228e-06,6.269366771837493e-06,2.7094179609418574,6.77119722067645e-06,-3.32168724699032e-05
3.78375675135027,PASSED,-0.27585678527998225,-1.2720521781106308e-06,6.229743587261595e-06,2.7094179676965373,6.738116228557489e-06,-3.2990405218333065e-05
3.784756951390278,PASSED,-0.27585678654893464,-1.2658449320862696e-06,6.19224764909396e-06,2.709417974418235,6.705239757792961e-06,-3.280051446199233e-05
3.785757151430286,PASSED,-0.2758567878116983,-1.2596747951283729e-06,6.155396497098402e-06,2.7094179811071504,6.67255134518114e-06,-3.2613678045040634e-05
3.786757351470294,PASSED,-0.27585678906830996,-1.2535410586296741e-06,6.119296499765707e-06,2.70941798776348,6.640064413710696e-06,-3.2402433754046094e-05
3.787757551510302,PASSED,-0.2758567903188052,-1.247442427491646e-06,6.084854230203328e-06,2.7094179943874095,6.6077605957045865e-06,-3.2238074174151507e-05
3.78875775155031,PASSED,-0.2758567915632187,-1.2413775777982262e-06,6.051513335564015e-06,2.7094180009791216,6.575627542367104e-06,-3.206303944637104e-05
3.789757951590318,PASSED,-0.2758567928015836,-1.2353456000373362e-06,6.018954044440789e-06,2.7094180075387957,6.5436804016481116e-06,-3.186987490073948e-05
3.790758151630326,PASSED,-0.27585679403393254,-1.2293457589547588e-06,5.9870991080021536e-06,2.7094180140666033,6.511903373246978e-06,-3.171513073472889e-05
3.791758351670334,PASSED,-0.27585679526029666,-1.2233764080837205e-06,5.9575187130625065e-06,2.709418020562709,6.480277448398915e-06,-3.1566454256952883e-05
3.792758551710342,PASSED,-0.2758567964807062,-1.2174366531287529e-06,5.92791244957091e-06,2.7094180270272736,6.4488149742627796e-06,-3.139315405559216e-05
3.79375875175035,PASSED,-0.27585679769519045,-1.2115258999127578e-06,5.8993137269446506e-06,2.7094180334604525,6.417512118586973e-06,-3.124265675594914e-05
3.794758951790358,PASSED,-0.27585679890377757,-1.2056428297343803e-06,5.872241145999595e-06,2.70941803986239,6.386339107002151e-06,-3.11265814707363e-05
3.795759151830366,PASSED,-0.2758568001064948,-1.1997863758309666e-06,5.84592907502282e-06,2.7094180462332385,6.355320977939515e-06,-3.094582745723676e-05
3.796759351870374,PASSED,-0.2758568013033683,-1.1939554980672833e-06,5.8208435561237975e-06,2.709418052573131,6.3244407470247195e-06,-3.0836499886501104e-05
3.797759551910382,PASSED,-0.27585680249442346,-1.1881496986756167e-06,5.795769948694984e-06,2.709418058882201,6.293675465018771e-06,-3.0717803418912396e-05
3.79875975195039,PASSED,-0.2758568036796844,-1.1823676043989569e-06,5.772977161969981e-06,2.7094180651605826,6.263054561802283e-06,-3.05563030815378e-05
3.799759951990398,PASSED,-0.27585680485917474,-1.1766083914845436e-06,5.750036749375229e-06,2.7094180714083964,6.232554572113631e-06,-3.0462447426726996e-05
3.800760152030406,PASSED,-0.2758568060329167,-1.1708711537103125e-06,5.7287051241351274e-06,2.7094180776257604,6.202153037527262e-06,-3.036092602613137e-05
3.801760352070414,PASSED,-0.2758568072009321,-1.1651552759103115e-06,5.707326250577735e-06,2.7094180838127895,6.171877084665416e-06,-3.0219304085655937e-05
3.802760552110422,PASSED,-0.27585680836324145,-1.1594594826558276e-06,5.688104590421388e-06,2.7094180899695957,6.141715412267845e-06,-3.012325127218004e-05
3.80376075215043,PASSED,-0.27585680951986463,-1.1537830350367465e-06,5.668676304854256e-06,2.7094180960962793,6.111637172846864e-06,-3.0048231520181923e-05
3.804760952190438,PASSED,-0.27585681067082074,-1.1481254137518722e-06,5.65025127155439e-06,2.7094181021929455,6.08166891772845e-06,-2.9914937517235392e-05
3.805761152230446,PASSED,-0.27585681181612787,-1.1424853632975403e-06,5.63324990951723e-06,2.709418108259688,6.051800777773877e-06,-2.9836941579464917e-05
3.806761352270454,PASSED,-0.27585681295580344,-1.1368622454266967e-06,5.616363178394389e-06,2.709418114296602,6.0220110213775964e-06,-2.975829960749243e-05
3.807761552310462,PASSED,-0.2758568140898639,-1.1312554147858527e-06,5.600475615810348e-06,2.709418120303771,5.9923078613702735e-06,-2.9666400273876456e-05
3.80876175235047,PASSED,-0.2758568152183253,-1.1256641568187485e-06,5.585112867966675e-06,2.709418126281281,5.9626938631369745e-06,-2.957906353958157e-05
3.809761952390478,PASSED,-0.27585681634120246,-1.1200873005829789e-06,5.571351814305007e-06,2.7094181322292115,5.9331537370952256e-06,-2.9514167709859637e-05
3.810762152430486,PASSED,-0.2758568174585099,-1.114524570721385e-06,5.5569818931198964e-06,2.7094181381476403,5.9036881839766425e-06,-2.9433143391065204e-05
3.811762352470494,PASSED,-0.2758568185702611,-1.1089752483002023e-06,5.544216106557899e-06,2.709418144036636,5.874290588484922e-06,-2.9373896892157132e-05
3.812762552510502,PASSED,-0.2758568196764691,-1.1034382412109072e-06,5.532201077786624e-06,2.7094181498962704,5.844963244339582e-06,-2.9296308980794843e-05
3.81376275255051,PASSED,-0.2758568207771462,-1.0979134681914538e-06,5.519820980564584e-06,2.709418155726605,5.815695613279068e-06,-2.9248512446993875e-05
3.814762952590518,PASSED,-0.27585682187230387,-1.09239978043386e-06,5.509598942279623e-06,2.7094181615277044,5.786489784787674e-06,-2.9177372520992964e-05
3.815763152630526,PASSED,-0.27585682296195324,-1.0868967520000906e-06,5.49864809476253e-06,2.7094181672996247,5.757340986972274e-06,-2.912974801167325e-05
3.816763352670534,PASSED,-0.27585682404610457,-1.0814038772651195e-06,5.489025828443322e-06,2.7094181730424247,5.728246771536408e-06,-2.90705270519943e-05
3.817763552710542,PASSED,-0.27585682512476767,-1.0759204674750853e-06,5.479665764428012e-06,2.7094181787561515,5.6991988756587424e-06,-2.903280842811455e-05
3.81876375275055,PASSED,-0.27585682619795177,-1.0704459671140222e-06,5.4710567588199364e-06,2.7094181844408554,5.670197612568992e-06,-2.8980232864176564e-05
3.819763952790558,PASSED,-0.2758568272656655,-1.064979849493304e-06,5.462824861984067e-06,2.7094181900965846,5.641249955360301e-06,-2.8925940105033566e-05
3.820764152830566,PASSED,-0.27585682832791697,-1.0595215705470495e-06,5.455248335768044e-06,2.709418195723379,5.612335298399053e-06,-2.890713486539121e-05
3.821764352870574,PASSED,-0.27585682938471373,-1.0540705817945884e-06,5.448149030256322e-06,2.7094182013212773,5.58345266293803e-06,-2.8866302524775733e-05
3.822764552910582,PASSED,-0.275856830436063,-1.048626463468127e-06,5.441431190598432e-06,2.709418206890322,5.554624271505216e-06,-2.8803117371506416e-05
3.82376475295059,PASSED,-0.27585683148197127,-1.043188777549533e-06,5.435189070591216e-06,2.7094182124305455,5.525821802381965e-06,-2.8802036957746697e-05
3.824764952990598,PASSED,-0.2758568325224448,-1.0377570801249297e-06,5.429369660611397e-06,2.7094182179419817,5.49704266452279e-06,-2.8763871793459145e-05
3.825765153030606,PASSED,-0.2758568335574893,-1.0323308002075156e-06,5.424220088615891e-06,2.7094182234246578,5.468301677765319e-06,-2.87257300668129e-05
3.826765353070614,PASSED,-0.27585683458711013,-1.0269097607657691e-06,5.41891901049999e-06,2.709418228878605,5.439588146582721e-06,-2.870539859312134e-05
3.827765553110622,PASSED,-0.2758568356113122,-1.0214933911422102e-06,5.414670032264714e-06,2.70941823430385,5.410897014860048e-06,-2.8681620475707745e-05
3.82876575315063,PASSED,-0.27585683663009997,-1.0160812664305302e-06,5.410427831290322e-06,2.7094182397004163,5.382230313109197e-06,-2.8656755934280732e-05
3.829765953190638,PASSED,-0.2758568376434778,-1.0106734252418812e-06,5.4061167602217435e-06,2.709418245068323,5.353580479304506e-06,-2.8645219051632062e-05
3.830766153230646,PASSED,-0.2758568386514494,-1.0052690299256439e-06,5.4032476869145616e-06,2.709418250407593,5.324953977045139e-06,-2.8614024397855316e-05
3.831766353270654,PASSED,-0.2758568396540183,-9.998679738648729e-07,5.399594976675596e-06,2.7094182557182456,5.296348001486098e-06,-2.860060966649829e-05
3.832766553310662,PASSED,-0.2758568406511878,-9.944703371856894e-07,5.39633114752227e-06,2.709418261000298,5.267754973897933e-06,-2.8587972869277274e-05
3.83376675335067,PASSED,-0.2758568416429609,-9.89075371736697e-07,5.3940549833058895e-06,2.709418266253766,5.239177315505123e-06,-2.8570782075166336e-05
3.834766953390678,PASSED,-0.27585684262934024,-9.836827022566787e-07,5.391745811159989e-06,2.7094182714786577,5.210606181148407e-06,-2.8571369211081086e-05
3.835767153430686,PASSED,-0.27585684361032825,-9.782927336293233e-07,5.388783838152287e-06,2.7094182766749966,5.182062933669244e-06,-2.8524499657884346e-05
3.836767353470694,PASSED,-0.27585684458592713,-9.729048447884719e-07,5.387292175984198e-06,2.7094182818427885,5.153526013832971e-06,-2.8545199955199258e-05
3.837767553510702,PASSED,-0.275856845556139,-9.67518483994093e-07,5.385739873308824e-06,2.709418286982044,5.1249834070923856e-06,-2.8540877930840952e-05
3.83876775355071,PASSED,-0.27585684652096565,-9.62134294800205e-07,5.3831554076074904e-06,2.7094182920927756,5.096470360385348e-06,-2.849449255783497e-05
3.839767953590718,PASSED,-0.27585684748040873,-9.56751653347345e-07,5.3822988163611995e-06,2.709418297174988,5.0679598946137465e-06,-2.8521114580778673e-05
3.840768153630726,PASSED,-0.27585684843446984,-9.513701746599538e-07,5.380931934744898e-06,2.7094183022286935,5.039447983773973e-06,-2.8505775012437658e-05
3.841768353670734,PASSED,-0.27585684938315025,-9.459902973724507e-07,5.379174189341773e-06,2.709418307253896,5.010953002518466e-06,-2.84877854175528e-05
3.842768553710742,PASSED,-0.27585685032645135,-9.406117424877708e-07,5.378142014905387e-06,2.709418312250605,4.982465352388035e-06,-2.8487559939016452e-05
3.84376875375075,PASSED,-0.2758568512643743,-9.352339812784012e-07,5.377507339012279e-06,2.709418317218824,4.953973845294174e-06,-2.849413853042403e-05
3.844768953790758,PASSED,-0.27585685219692024,-9.298574461029961e-07,5.375887066333439e-06,2.7094183221585637,4.925499323611701e-06,-2.8461443783838844e-05
3.845769153830766,PASSED,-0.27585685312409003,-9.244819567455369e-07,5.375224218209856e-06,2.709418327069825,4.897027117456388e-06,-2.8479381069628827e-05
3.846769353870774,PASSED,-0.2758568540458849,-9.191076003871158e-07,5.373777785228516e-06,2.7094183319526137,4.8685497520391305e-06,-2.8476021649009923e-05
3.847769553910782,PASSED,-0.27585685496230566,-9.137339296644843e-07,5.37359934756687e-06,2.709418336806935,4.840088625214293e-06,-2.845119694205659e-05
3.84876975395079,PASSED,-0.2758568558733534,-9.08361165647887e-07,5.3722071292842125e-06,2.709418341632797,4.811635529435854e-06,-2.8454361669360556e-05
3.849769953990798,PASSED,-0.275856856779029,-9.029897787840882e-07,5.370840020141996e-06,2.7094183464302013,4.7831748372566835e-06,-2.846491251904435e-05
3.850770154030806,PASSED,-0.27585685767933354,-8.976191107322335e-07,5.370553406329761e-06,2.7094183511991536,4.754724907012436e-06,-2.8439942061048423e-05
3.851770354070814,PASSED,-0.2758568585742679,-8.922493831440599e-07,5.369177042736105e-06,2.7094183559396603,4.726287425727936e-06,-2.8435840766801765e-05
3.852770554110822,PASSED,-0.2758568594638333,-8.868811085786684e-07,5.367672913828516e-06,2.70941836065173,4.6978523942605146e-06,-2.8434491934500997e-05
3.85377075415083,PASSED,-0.27585686034803086,-8.815138135193639e-07,5.36704315628839e-06,2.709418365335366,4.669418970524395e-06,-2.8432711603865353e-05
3.854770954190838,PASSED,-0.2758568612268618,-8.761477884112947e-07,5.365346409256474e-06,2.7094183699905723,4.640991724653755e-06,-2.8423602048491138e-05
3.855771154230846,PASSED,-0.27585686210032756,-8.707834416403952e-07,5.363680345328207e-06,2.709418374617359,4.612577834200832e-06,-2.8407416055876177e-05
3.856771354270854,PASSED,-0.27585686296842954,-8.654203419113757e-07,5.3627126514803615e-06,2.7094183792157347,4.584173099520225e-06,-2.840294709709557e-05
3.857771554310862,PASSED,-0.27585686383116925,-8.600586865708753e-07,5.360950466513836e-06,2.7094183837857067,4.555770857093453e-06,-2.8401772646555505e-05
3.85877175435087,PASSED,-0.2758568646885486,-8.546993660679823e-07,5.358233860479171e-06,2.709418388327283,4.5273785203655736e-06,-2.838604611542878e-05
3.859771954390878,PASSED,-0.27585686554056926,-8.493417900518327e-07,5.357137453263145e-06,2.7094183928404747,4.499001026037504e-06,-2.837179313649857e-05
3.860772154430886,PASSED,-0.27585686638723345,-8.43986075718079e-07,5.354765587414082e-06,2.7094183973252934,4.470634215908835e-06,-2.8363488123450133e-05
3.861772354470894,PASSED,-0.27585686722854336,-8.386330551924545e-07,5.35185715109811e-06,2.709418401781751,4.442278072893434e-06,-2.835124627670161e-05
3.862772554510902,PASSED,-0.2758568680645015,-8.332827321441135e-07,5.349300313169638e-06,2.7094184062098585,4.413934835670752e-06,-2.8337897853334947e-05
3.86377275455091,PASSED,-0.27585686889511046,-8.27934775060909e-07,5.347061596561095e-06,2.7094184106096306,4.385605937438792e-06,-2.8322898484377567e-05
3.864772954590918,PASSED,-0.27585686972037315,-8.225899296525482e-07,5.3433679495604004e-06,2.7094184149810845,4.3572965347819886e-06,-2.8300405438419478e-05
3.865773154630926,PASSED,-0.2758568705402928,-8.17248569902778e-07,5.3400209499101515e-06,2.709418419324235,4.32900218401119e-06,-2.8290314325718474e-05
3.866773354670934,PASSED,-0.2758568713548726,-8.119104061949412e-07,5.336925546454558e-06,2.7094184236391023,4.300726697940987e-06,-2.826560056652545e-05
3.867773554710942,PASSED,-0.2758568721641162,-8.065759409854417e-07,5.332824984862638e-06,2.709418427925701,4.272468340029723e-06,-2.825352947442229e-05
3.86877375475095,PASSED,-0.2758568729680275,-8.012459221254837e-07,5.328148110021634e-06,2.7094184321840578,4.244237791826928e-06,-2.8215227355043775e-05
3.869773954790958,PASSED,-0.27585687376661083,-7.959198954912461e-07,5.324612317048214e-06,2.70941843641419,4.216026238623447e-06,-2.8209103769105393e-05
3.870774154830966,PASSED,-0.2758568745598705,-7.905983789917121e-07,5.319452621191072e-06,2.7094184406161217,4.187831684620114e-06,-2.8184854159484225e-05
3.871774354870974,PASSED,-0.2758568753478114,-7.852822987372076e-07,5.313832010046971e-06,2.709418444789878,4.159672483243882e-06,-2.8142099520729415e-05
3.872774554910982,PASSED,-0.27585687613043847,-7.799709799511378e-07,5.309643303418372e-06,2.7094184489354918,4.131548548731593e-06,-2.8111824506664317e-05
3.87377475495099,PASSED,-0.2758568769077573,-7.746652889881096e-07,5.303056069434589e-06,2.7094184530529835,4.103435753867254e-06,-2.8113441769453924e-05
3.874774954990998,PASSED,-0.27585687767977346,-7.693657979439963e-07,5.297114360565719e-06,2.709418457142389,4.0753621312687525e-06,-2.8047076484532667e-05
3.8757751550310062,PASSED,-0.27585687844649315,-7.640723753938187e-07,5.29096134325237e-06,2.7094184612037364,4.047327930501474e-06,-2.8025616955775534e-05
3.8767753550710142,PASSED,-0.2758568792079228,-7.587855249761511e-07,5.284109800611264e-06,2.7094184652370648,4.019322454068579e-06,-2.7992049417640585e-05
3.8777755551110222,PASSED,-0.2758568799640691,-7.535056089256762e-07,5.2771202170506846e-06,2.7094184692424066,3.991353117210413e-06,-2.7954195151848827e-05
3.8787757551510302,PASSED,-0.2758568807149393,-7.482332564442919e-07,5.269173990940139e-06,2.709418473219799,3.9634230977712754e-06,-2.7913902297329177e-05
3.8797759551910382,PASSED,-0.27585688146054094,-7.429684694717172e-07,5.261862293664444e-06,2.709418477169285,3.935539551602293e-06,-2.7863308750083748e-05
3.8807761552310462,PASSED,-0.2758568822008819,-7.377117019760912e-07,5.253370963600582e-06,2.7094184810909057,3.907695751094083e-06,-2.7830795013627907e-05
3.8817763552710542,PASSED,-0.27585688293597044,-7.324635386536083e-07,5.244691561737735e-06,2.7094184849847034,3.879889876512185e-06,-2.7789260960744294e-05
3.8827765553110622,PASSED,-0.27585688366581534,-7.272244179258134e-07,5.235406838499647e-06,2.7094184888507242,3.852138958207395e-06,-2.7725356534153603e-05
3.8837767553510703,PASSED,-0.2758568843904256,-7.219943575641054e-07,5.226496043846904e-06,2.7094184926890197,3.824442040937913e-06,-2.767795775970083e-05
3.8847769553910783,PASSED,-0.2758568851098109,-7.167740699820615e-07,5.216148607508654e-06,2.7094184964996333,3.7967802020011115e-06,-2.76510930548683e-05
3.8857771554310863,PASSED,-0.27585688582398094,-7.115639647993946e-07,5.206076232772343e-06,2.7094185002826254,3.7691849896612464e-06,-2.7557958529862898e-05
3.8867773554710943,PASSED,-0.27585688653294616,-7.063642114816049e-07,5.195538041134539e-06,2.709418504038046,3.741648005961118e-06,-2.75230004803057e-05
3.8877775555111023,PASSED,-0.2758568872367173,-7.011756973687165e-07,5.18383149405769e-06,2.709418507765954,3.714157781354306e-06,-2.7468374024482957e-05
3.8887777555511103,PASSED,-0.2758568879353056,-6.959986400544934e-07,5.172541194333336e-06,2.7094185114664056,3.686731443539684e-06,-2.7398313674714445e-05
3.8897779555911183,PASSED,-0.2758568886287226,-6.908329634591355e-07,5.161100196040693e-06,2.7094185151394696,3.6593805906988676e-06,-2.7319212284884167e-05
3.8907781556311263,PASSED,-0.2758568893169804,-6.856799250832109e-07,5.147663829180519e-06,2.7094185187852013,3.632077395980418e-06,-2.7292516340826492e-05
3.8917783556711343,PASSED,-0.27585689000009145,-6.8053968153782e-07,5.135296689531233e-06,2.709418522403672,3.6048443482954685e-06,-2.7193401914365425e-05
3.8927785557111423,PASSED,-0.27585689067806873,-6.754121686692448e-07,5.122323654604536e-06,2.7094185259949484,3.5776928763414526e-06,-2.71235186471157e-05
3.8937787557511503,PASSED,-0.2758568913509256,-6.702985606095498e-07,5.107797663088395e-06,2.7094185295591005,3.5506008789872054e-06,-2.707098315900145e-05
3.8947789557911583,PASSED,-0.27585689201867586,-6.651991360533906e-07,5.0938424848729265e-06,2.7094185330962057,3.5235894491049416e-06,-2.6971727697772344e-05
3.8957791558311663,PASSED,-0.27585689268133395,-6.601141360299241e-07,5.0791050491955666e-06,2.7094185366063352,3.4966567756870377e-06,-2.6906637231325476e-05
3.8967793558711743,PASSED,-0.2758568933389145,-6.550439260733286e-07,5.064279894862216e-06,2.709418540089569,3.469795137066468e-06,-2.6831639546732248e-05
3.8977795559111823,PASSED,-0.27585689399143265,-6.499891663670095e-07,5.048412913956963e-06,2.709418543545988,3.4430229660307397e-06,-2.673252536172602e-05
3.8987797559511903,PASSED,-0.2758568946389041,-6.44950454879907e-07,5.03224386919976e-06,2.7094185469756735,3.416333616991057e-06,-2.6660564824987117e-05
3.8997799559911983,PASSED,-0.275856895281345,-6.399279792523464e-07,5.015963466467814e-06,2.709418550378711,3.389723256538594e-06,-2.6576890870780115e-05
3.9007801560312063,PASSED,-0.2758568959187719,-6.349222076965886e-07,4.998976948617804e-06,2.7094185537551896,3.363212222006123e-06,-2.6467130306930837e-05
3.9017803560712143,PASSED,-0.2758568965512017,-6.299338165512474e-07,4.98133394315667e-06,2.709418557105201,3.336793722385415e-06,-2.6386079163225706e-05
3.9027805561112223,PASSED,-0.2758568971786521,-6.24963207868526e-07,4.963458509098014e-06,2.7094185604288334,3.310455593962708e-06,-2.6306161262361888e-05
3.9037807561512303,PASSED,-0.2758568978011408,-6.200105944400986e-07,4.945383374646832e-06,2.7094185637261865,3.284225138496661e-06,-2.617998493517061e-05
3.9047809561912383,PASSED,-0.2758568984186863,-6.150765943060678e-07,4.9264113069536305e-06,2.7094185669973525,3.2580911967224903e-06,-2.6103246333504265e-05
3.9057811562312463,PASSED,-0.27585689903130756,-6.101619057946594e-07,4.906873314378366e-06,2.709418570242434,3.2320505455146314e-06,-2.5998921124095636e-05
3.9067813562712543,PASSED,-0.2758568996390237,-6.05266451452055e-07,4.887841694755235e-06,2.7094185734615346,3.2061252772425528e-06,-2.5876166370734366e-05
3.9077815563112623,PASSED,-0.27585690024185466,-6.003911462461322e-07,4.866947546701225e-06,2.709418576654758,3.180302922534558e-06,-2.5786480266168557e-05
3.9087817563512703,PASSED,-0.2758569008398205,-5.955364234618632e-07,4.846572942647535e-06,2.70941857982221,3.154578957049557e-06,-2.5682288964222246e-05
3.9097819563912783,PASSED,-0.27585690143294195,-5.907023063920655e-07,4.825813154564542e-06,2.7094185829640014,3.1289773286073768e-06,-2.5547854760818926e-05
3.9107821564312863,PASSED,-0.2758569020212402,-5.858896668953784e-07,4.8038570581022375e-06,2.7094185860802438,3.103487341870875e-06,-2.545140805362291e-05
3.9117823564712944,PASSED,-0.2758569026047368,-5.810989677520696e-07,4.781927200113058e-06,2.709418589171051,3.078104112799709e-06,-2.533777641619539e-05
3.9127825565113024,PASSED,-0.2758569031834536,-5.763301798322052e-07,4.760028399698751e-06,2.7094185922365384,3.052843940135751e-06,-2.5208436829133978e-05
3.9137827565513104,PASSED,-0.2758569037574131,-5.715841417930679e-07,4.7367111320963085e-06,2.7094185952768286,3.0277120177515856e-06,-2.5080912754186364e-05
3.9147829565913184,PASSED,-0.27585690432663823,-5.668613253488087e-07,4.7135533190343335e-06,2.7094185982920433,3.0026960076676073e-06,-2.4972741637172557e-05
3.9157831566313264,PASSED,-0.2758569048911524,-5.621620416615732e-07,4.689770599369819e-06,2.709418601282297,2.977789197198907e-06,-2.4862856356385472e-05
3.9167833566713344,PASSED,-0.27585690545097913,-5.574865682941648e-07,4.6659418794340956e-06,2.7094186042477277,2.9530353232677254e-06,-2.4681218981045414e-05
3.9177835567113424,PASSED,-0.2758569060061427,-5.528355312619543e-07,4.6411004673948855e-06,2.709418607188454,2.928401244799374e-06,-2.460265145988929e-05
3.9187837567513504,PASSED,-0.2758569065566677,-5.482094178198835e-07,4.616122091854733e-06,2.709418610104609,2.90388093877226e-06,-2.446540907193014e-05
3.9197839567913584,PASSED,-0.27585690710257915,-5.436083114490892e-07,4.591095890087315e-06,2.7094186129963247,2.879516051888389e-06,-2.429787209183171e-05
3.9207841568313664,PASSED,-0.2758569076439023,-5.390327129596827e-07,4.565266888952523e-06,2.7094186158637408,2.855291558929714e-06,-2.4175573536569906e-05
3.9217843568713744,PASSED,-0.2758569081806632,-5.344835398377279e-07,4.538443943956481e-06,2.7094186187069886,2.83118175154997e-06,-2.4065963275193254e-05
3.9227845569113824,PASSED,-0.27585690871288787,-5.299604770130262e-07,4.512808745198571e-06,2.7094186215262046,2.8072154896244595e-06,-2.3899794359055563e-05
3.9237847569513904,PASSED,-0.27585690924060297,-5.254641030201976e-07,4.485417491248753e-06,2.709418624321538,2.7834169657276885e-06,-2.3731010255248423e-05
3.9247849569913984,PASSED,-0.27585690976383553,-5.209953127878467e-07,4.4577053930855555e-06,2.7094186270931218,2.7597339225519996e-06,-2.3651065122649638e-05
3.9257851570314064,PASSED,-0.2758569102826129,-5.165538912790868e-07,4.430565585876224e-06,2.7094186298411107,2.736203727937415e-06,-2.344961427587438e-05
3.9267853570714144,PASSED,-0.27585691079696284,-5.121401982654806e-07,4.402444632092821e-06,2.709418632565646,2.7128379945886875e-06,-2.3309812730630008e-05
3.9277855571114224,PASSED,-0.2758569113069134,-5.077550028067823e-07,4.373696009768473e-06,2.7094186352668754,2.6895978420478777e-06,-2.3193712414262887e-05
3.9287857571514304,PASSED,-0.27585691181249317,-5.033986124415363e-07,4.344853268897692e-06,2.7094186379449554,2.666521414453322e-06,-2.299823771475108e-05
3.9297859571914384,PASSED,-0.27585691231373094,-4.990709915368191e-07,4.316132661930218e-06,2.709418640600033,2.643605518030592e-06,-2.2861002228049126e-05
3.9307861572314464,PASSED,-0.27585691281065583,-4.947726824056258e-07,4.286426777368729e-06,2.7094186432322696,2.620836417977359e-06,-2.2707831936689455e-05
3.9317863572714544,PASSED,-0.27585691330329737,-4.905043273140301e-07,4.256307301080192e-06,2.7094186458418137,2.5982204458929086e-06,-2.255473218295748e-05
3.9327865573114624,PASSED,-0.27585691379168553,-4.862658891924709e-07,4.226525335211794e-06,2.7094186484288283,2.5757726862879423e-06,-2.2376444552972068e-05
3.9337867573514704,PASSED,-0.27585691427585035,-4.82057501109482e-07,4.196296581507019e-06,2.709418650993471,2.5534834832032876e-06,-2.223104210577617e-05
3.9347869573914784,PASSED,-0.2758569147558224,-4.778801420814605e-07,4.1647339923645195e-06,2.7094186535359044,2.5313495765241585e-06,-2.206914972803179e-05
3.9357871574314864,PASSED,-0.27585691523163247,-4.737338022698389e-07,4.134077024459696e-06,2.7094186560562923,2.5093887147433735e-06,-2.188866981595342e-05
3.9367873574714944,PASSED,-0.2758569157033117,-4.6961825885279973e-07,4.103187678758788e-06,2.709418658554799,2.48759294320658e-06,-2.1733839350686496e-05
3.9377875575115024,PASSED,-0.2758569161708914,-4.65534606509471e-07,4.070628786375404e-06,2.7094186610315916,2.4659589087536092e-06,-2.1567497854493808e-05
3.9387877575515104,PASSED,-0.2758569166344034,-4.614829039946917e-07,4.039085000381737e-06,2.7094186634868356,2.444494001039598e-06,-2.1396514287021945e-05
3.9397879575915185,PASSED,-0.2758569170938796,-4.574628848023237e-07,4.007308653692212e-06,2.7094186659207002,2.423200308645719e-06,-2.1225144465117255e-05
3.9407881576315265,PASSED,-0.27585691754935204,-4.5347524465311573e-07,3.9745278128851625e-06,2.7094186683333596,2.402082397158773e-06,-2.1046422834831467e-05
3.9417883576715345,PASSED,-0.2758569180008535,-4.49520805213115e-07,3.941047191411168e-06,2.709418670724984,2.381133238128245e-06,-2.088431649432625e-05
3.9427885577115425,PASSED,-0.27585691844841653,-4.4559876601129703e-07,3.9093672087558895e-06,2.709418673095744,2.360351472240033e-06,-2.0713398817469256e-05
3.9437887577515505,PASSED,-0.27585691889207414,-4.417094530626132e-07,3.87594344196915e-06,2.709418675445817,2.3397544794590175e-06,-2.051938875671314e-05
3.9447889577915585,PASSED,-0.2758569193318595,-4.3785419432135465e-07,3.841468940784728e-06,2.709418677775381,2.319337924252868e-06,-2.034799950577334e-05
3.9457891578315665,PASSED,-0.2758569197678061,-4.340322523494463e-07,3.808923992657467e-06,2.709418680084609,2.2990847518590773e-06,-2.0189954319135884e-05
3.9467893578715745,PASSED,-0.27585692019994745,-4.3024361522988956e-07,3.775112537489606e-06,2.7094186823736823,2.2790197767628644e-06,-1.9981655614265148e-05
3.9477895579115825,PASSED,-0.2758569206283176,-4.264895687422024e-07,3.740002454485537e-06,2.70941868464278,2.2591409682157186e-06,-1.9810243835732894e-05
3.9487897579515905,PASSED,-0.2758569210529504,-4.2276928190298964e-07,3.7071430956975395e-06,2.7094186868920795,2.2394254614420246e-06,-1.9652348732335165e-05
3.9497899579915985,PASSED,-0.27585692147388013,-4.190829949600315e-07,3.6723828411318255e-06,2.709418689121763,2.2198990736607196e-06,-1.944241381395156e-05
3.9507901580316065,PASSED,-0.2758569218911412,-4.1543183396083763e-07,3.6370131045685693e-06,2.7094186913320133,2.2005649935398447e-06,-1.926185765882428e-05
3.9517903580716145,PASSED,-0.27585692230476805,-4.118148980690261e-07,3.6035510833067786e-06,2.709418693523015,2.181403443911839e-06,-1.9094677607459943e-05
3.9527905581116225,PASSED,-0.27585692271479545,-4.082326185128371e-07,3.5680985381104342e-06,2.7094186956949473,2.1624224469634853e-06,-1.890520984228235e-05
3.9537907581516305,PASSED,-0.2758569231212583,-4.0468580001596976e-07,3.53263180270532e-06,2.7094186978479997,2.1436412981314944e-06,-1.8698441491797025e-05
3.9547909581916385,PASSED,-0.27585692352419144,-4.0117353917259293e-07,3.4986802038244946e-06,2.709418699982355,2.1250368258972375e-06,-1.8541826062563866e-05
3.9557911582316465,PASSED,-0.27585692392363004,-3.976963189165207e-07,3.4629136242373795e-06,2.7094187020981995,2.1066114756852553e-06,-1.8347699644927347e-05
3.9567913582716545,PASSED,-0.27585692431960934,-3.9425489492887967e-07,3.4270975632434838e-06,2.70941870419572,2.088387331518391e-06,-1.814177384815475e-05
3.9577915583116625,PASSED,-0.2758569247121646,-3.908485056285976e-07,3.39258379164107e-06,2.709418706275103,2.0703457845082777e-06,-1.797472911808578e-05
3.9587917583516705,PASSED,-0.27585692510133125,-3.874774496393934e-07,3.3567041209129682e-06,2.709418708336536,2.0524818412447336e-06,-1.7790086027182865e-05
3.9597919583916785,PASSED,-0.2758569254871448,-3.8414230551719694e-07,3.320770789718782e-06,2.7094187103802088,2.034819970547638e-06,-1.7576393810370845e-05
3.9607921584316865,PASSED,-0.2758569258696407,-3.8084237590719415e-07,3.2860354901920683e-06,2.7094187124063085,2.017345095341032e-06,-1.740719613742907e-05
3.9617923584716945,PASSED,-0.2758569262488547,-3.775782586316413e-07,3.2495051324599367e-06,2.7094187144150226,2.0000464611851497e-06,-1.7226259501517775e-05
3.9627925585117025,PASSED,-0.27585692662482253,-3.74350059154589e-07,3.213995706780567e-06,2.7094187164065398,1.9829454934359173e-06,-1.7017439914375378e-05
3.9637927585517105,PASSED,-0.2758569269975797,-3.71157056673152e-07,3.179006997874535e-06,2.709418718381052,1.966040088007082e-06,-1.683071577180856e-05
3.9647929585917185,PASSED,-0.275856927367162,-3.680001550024031e-07,3.1421647859986127e-06,2.7094187203387445,1.949310569226576e-06,-1.6662054119638086e-05
3.9657931586317265,PASSED,-0.2758569277336053,-3.648793264968048e-07,3.1066043186647093e-06,2.7094187222798114,1.9327784656695292e-06,-1.6445469848652277e-05
3.9667933586717345,PASSED,-0.27585692809694534,-3.617934935328633e-07,3.071985394125936e-06,2.70941872420444,1.91644217425682e-06,-1.626350578874746e-05
3.9677935587117426,PASSED,-0.2758569284572178,-3.5874389082285495e-07,3.0346809205966697e-06,2.709418726112822,1.900286329458965e-06,-1.608407080392696e-05
3.9687937587517506,PASSED,-0.27585692881445856,-3.557303654572692e-07,2.9994216622450357e-06,2.7094187280051414,1.884313610746151e-06,-1.5898483985405036e-05
3.9697939587917586,PASSED,-0.2758569291687033,-3.527518379806275e-07,2.964598019572816e-06,2.709418729881593,1.8685457727477448e-06,-1.5680740673740516e-05
3.9707941588317666,PASSED,-0.2758569295199878,-3.4980950096290993e-07,2.9274963498140225e-06,2.7094187317423626,1.8529612898708805e-06,-1.5520311012280258e-05
3.9717943588717746,PASSED,-0.27585692986834764,-3.4690299446931043e-07,2.892513256123197e-06,2.7094187335876403,1.8375545408042576e-06,-1.5331041102851404e-05
3.9727945589117826,PASSED,-0.27585693021381846,-3.440314983688263e-07,2.8574846633914043e-06,2.709418735417615,1.8223511855140848e-06,-1.5118231415053891e-05
3.9737947589517906,PASSED,-0.2758569305564359,-3.4119581220614507e-07,2.8211538288744544e-06,2.7094187372324754,1.80733428292312e-06,-1.4949350041572255e-05
3.9747949589917986,PASSED,-0.27585693089623536,-3.383958692781183e-07,2.7858023274615395e-06,2.709418739032408,1.792493856311697e-06,-1.4767810991323086e-05
3.9757951590318066,PASSED,-0.27585693123325233,-3.3563096181382093e-07,2.750977555521291e-06,2.709418740817603,1.7778528658908772e-06,-1.4556443373817745e-05
3.9767953590718146,PASSED,-0.2758569315675221,-3.3290131377750136e-07,2.715428356851685e-06,2.709418742588243,1.7633928124396295e-06,-1.4395793502867887e-05
3.9777955591118226,PASSED,-0.2758569318990799,-3.3020702474452327e-07,2.680196150395663e-06,2.7094187443445232,1.7491248643195323e-06,-1.4182717864916881e-05
3.9787957591518306,PASSED,-0.2758569322279608,-3.275477369841272e-07,2.6453488337295883e-06,2.7094187460866195,1.735035941406128e-06,-1.4026392945729008e-05
3.9797959591918386,PASSED,-0.2758569325541999,-3.2492329693426915e-07,2.610500860610403e-06,2.7094187478147216,1.7211275443937044e-06,-1.3829733056886791e-05
3.9807961592318466,PASSED,-0.275856932877832,-3.2233359837671407e-07,2.5758303555182813e-06,2.7094187495290165,1.7074202059885028e-06,-1.362574197074462e-05
3.9817963592718546,PASSED,-0.2758569331988917,-3.197786462321284e-07,2.5410333372972827e-06,2.7094187512296837,1.6938831667746918e-06,-1.3477904042521716e-05
3.9827965593118626,PASSED,-0.2758569335174138,-3.1725842746657193e-07,2.5063423843959164e-06,2.7094187529169105,1.6805282611276216e-06,-1.3272906716769498e-05
3.98379675935187,PASSED,-0.2758569338334326,-3.1477226619240324e-07,2.4727072006839244e-06,2.709418754590876,1.6673656598554266e-06,-1.308906430914521e-05
3.984796959391878,PASSED,-0.2758569341469824,-3.1232025865265754e-07,2.4382077657869426e-06,2.709418756251764,1.6543767479962327e-06,-1.2922143559226314e-05
3.985797159431886,PASSED,-0.27585693445809734,-3.099024862977811e-07,2.4041487476027087e-06,2.7094187578997544,1.6415662436337078e-06,-1.273607823139066e-05
3.986797359471894,PASSED,-0.2758569347668113,-3.0751849095057194e-07,2.3705597469468284e-06,2.7094187595350254,1.628938169078543e-06,-1.255607210434766e-05
3.987797559511902,PASSED,-0.27585693507315784,-3.051678330972858e-07,2.3373899241789807e-06,2.7094187611577585,1.6164908211605646e-06,-1.2374865127066003e-05
3.98879775955191,PASSED,-0.27585693537717065,-3.0285084343630326e-07,2.3033894855182526e-06,2.709418762768128,1.6042142720704428e-06,-1.2211005065492227e-05
3.989797959591918,PASSED,-0.27585693567888303,-3.005671478897493e-07,2.270566253911038e-06,2.7094187643663115,1.5921147262625366e-06,-1.2025239636181882e-05
3.990798159631926,PASSED,-0.27585693597832794,-2.983160717930367e-07,2.2380826585803965e-06,2.709418765952485,1.5801957241677429e-06,-1.1848177067201708e-05
3.991798359671934,PASSED,-0.2758569362755384,-2.9609798942439026e-07,2.2047488420237883e-06,2.7094187675268238,1.5684481103505786e-06,-1.1680571650472638e-05
3.992798559711942,PASSED,-0.275856936570547,-2.93912486864246e-07,2.1726717055578844e-06,2.7094187690894955,1.5568632145100748e-06,-1.1521111967191222e-05
3.99379875975195,PASSED,-0.275856936863386,-2.917589935606944e-07,2.1407077022140417e-06,2.7094187706406783,1.5454618172046594e-06,-1.1321587530897982e-05
3.994798959791958,PASSED,-0.27585693715408777,-2.896377548311443e-07,2.1082594144408715e-06,2.7094187721805385,1.5342282750632266e-06,-1.1174845215122835e-05
3.995799159831966,PASSED,-0.27585693744268397,-2.8754826889469027e-07,2.076970284462719e-06,2.709418773709247,1.523154027650019e-06,-1.1007182211930394e-05
3.996799359871974,PASSED,-0.2758569377292064,-2.854901246634937e-07,2.045593529019134e-06,2.709418775226968,1.5122513328743366e-06,-1.0833036484850244e-05
3.997799559911982,PASSED,-0.27585693801368627,-2.834632458069707e-07,2.014402408192209e-06,2.7094187767338704,1.5015195447149582e-06,-1.0664289275730675e-05
3.99879975995199,PASSED,-0.27585693829615476,-2.814674289109549e-07,1.983426554564915e-06,2.709418778230119,1.4909463793509253e-06,-1.0512416089567419e-05
3.999799959991998,PASSED,-0.2758569385766426,-2.7950217207359353e-07,1.953143692558931e-06,2.7094187797158753,1.480532054232835e-06,-1.0348931137105754e-05
4.000800160032006,PASSED,-0.27585693885518037,-2.7756713090365396e-07,1.922972821526621e-06,2.7094187811913035,1.4702882547751778e-06,-1.0173711671358045e-05
4.001800360072014,PASSED,-0.27585693913179815,-2.756622726084261e-07,1.8927819443619442e-06,2.7094187826565608,1.4601975394759255e-06,-1.0035384384515428e-05
4.002800560112022,PASSED,-0.2758569394065259,-2.737871404378014e-07,1.8633656547999108e-06,2.7094187841118056,1.450258649937473e-06,-9.874559641077116e-06
4.00380076015203,PASSED,-0.2758569396793932,-2.7194144829463924e-07,1.8339098020703252e-06,2.7094187855571965,1.4404883808699045e-06,-9.700742018562619e-06
4.004800960192038,PASSED,-0.27585693995042926,-2.701247778462248e-07,1.8051775459771697e-06,2.7094187869928885,1.4308687938928622e-06,-9.565483616028999e-06
4.005801160232046,PASSED,-0.27585694021966306,-2.683369931138456e-07,1.7761895233139024e-06,2.709418788419031,1.4213871889646773e-06,-9.42568580295537e-06
4.006801360272054,PASSED,-0.2758569404871232,-2.6657761721646073e-07,1.7481668134321683e-06,2.7094187898357807,1.4120740288790944e-06,-9.238142940667897e-06
4.007801560312062,PASSED,-0.275856940752838,-2.6484616317039375e-07,1.720312201156916e-06,2.7094187912432828,1.402906637972909e-06,-9.120222883197085e-06
4.00880176035207,PASSED,-0.2758569410168354,-2.631428741836601e-07,1.6919401771180976e-06,2.709418792641688,1.3938737283782818e-06,-8.974700735580668e-06
4.009801960392078,PASSED,-0.27585694127914284,-2.6146664634489983e-07,1.6657529465217037e-06,2.709418794031145,1.385003913387434e-06,-8.799891161025948e-06
4.010802160432086,PASSED,-0.2758569415397877,-2.5981742685208533e-07,1.6381971903430562e-06,2.7094187954117896,1.3762638971643001e-06,-8.700099597872103e-06
4.011802360472094,PASSED,-0.27585694179879683,-2.581953578959908e-07,1.6113167999289031e-06,2.7094187967837753,1.3676708961217675e-06,-8.521602005639254e-06
4.012802560512102,PASSED,-0.27585694205619665,-2.5659917891626327e-07,1.5860870995933034e-06,2.7094187981472344,1.3592229083611875e-06,-8.398911597206995e-06
4.01380276055211,PASSED,-0.2758569423120135,-2.550290339364403e-07,1.5595168999760177e-06,2.7094187995023065,1.3508959356043229e-06,-8.279013529969827e-06
4.014802960592118,PASSED,-0.275856942566273,-2.5348470865913033e-07,1.5341975288659512e-06,2.709418800849132,1.3427195259517727e-06,-8.108007067603492e-06
4.015803160632126,PASSED,-0.2758569428190007,-2.519654890412614e-07,1.5092343438708478e-06,2.709418802187841,1.334676304116825e-06,-8.000031679843588e-06
4.016803360672134,PASSED,-0.27585694307022146,-2.504709868124793e-07,1.484680818722909e-06,2.70941880351857,1.3267541638998594e-06,-7.870212575047077e-06
4.017803560712142,PASSED,-0.27585694331996,-2.49001133073937e-07,1.4599690184220423e-06,2.709418804841445,1.3189677714656516e-06,-7.73051234031482e-06
4.01880376075215,PASSED,-0.2758569435682407,-2.475553103159692e-07,1.4363919176649e-06,2.709418806156599,1.3113147245376375e-06,-7.601403319813406e-06
4.019803960792158,PASSED,-0.27585694381508724,-2.4613295970943555e-07,1.4129897324461514e-06,2.7094188074641585,1.3037806822914347e-06,-7.489134863796038e-06
4.020804160832166,PASSED,-0.27585694406052325,-2.4473418755536614e-07,1.3892937684848942e-06,2.709418808764242,1.2963627631773904e-06,-7.370441947543245e-06
4.021804360872174,PASSED,-0.27585694430457175,-2.433582022949988e-07,1.3671129216223903e-06,2.7094188100569787,1.2890810593984944e-06,-7.222544999797907e-06
4.022804560912182,PASSED,-0.27585694454725534,-2.420043950076256e-07,1.34493686454043e-06,2.7094188113424855,1.2819145304316545e-06,-7.129184944867995e-06
4.02380476095219,PASSED,-0.27585694478859646,-2.4067311127546947e-07,1.3221816438999651e-06,2.709418812620882,1.2748548231005426e-06,-7.013388921941325e-06
4.024804960992198,PASSED,-0.27585694502861696,-2.393636204013179e-07,1.3010303609860107e-06,2.7094188138922775,1.2679122920803789e-06,-6.895292418978788e-06
4.025805161032206,PASSED,-0.2758569452673383,-2.3807473569772175e-07,1.280787598669551e-06,2.709418815156799,1.2611011414701519e-06,-6.755056071059448e-06
4.026805361072214,PASSED,-0.2758569455047815,-2.368072715974871e-07,1.2585817679446987e-06,2.7094188164145447,1.2543793943703e-06,-6.699541119047257e-06
4.027805561112222,PASSED,-0.27585694574096725,-2.355602504284189e-07,1.2393141031505776e-06,2.7094188176656324,1.2477666604546148e-06,-6.554862446777079e-06
4.02880576115223,PASSED,-0.2758569459759159,-2.3433294970125263e-07,1.2192918098433733e-06,2.7094188189101653,1.2412762761621244e-06,-6.4473988562991445e-06
4.029805961192238,PASSED,-0.2758569462096471,-2.331254726438185e-07,1.1996005558279615e-06,2.7094188201482514,1.2348788096380906e-06,-6.364178302523706e-06
4.030806161232246,PASSED,-0.2758569464421804,-2.319372163868552e-07,1.180693391053538e-06,2.709418821379992,1.2285792180180443e-06,-6.2565338317280805e-06
4.031806361272254,PASSED,-0.2758569466735348,-2.30767810822825e-07,1.1618803460146656e-06,2.709418822605485,1.222386411331197e-06,-6.150321923593323e-06
4.032806561312262,PASSED,-0.27585694690372886,-2.2961671998643175e-07,1.1438978299789342e-06,2.709418823824834,1.2162926940103845e-06,-6.05598091895884e-06
4.03380676135227,PASSED,-0.2758569471327807,-2.2848341204157381e-07,1.1262480214439187e-06,2.709418825038132,1.2102859589478375e-06,-5.973904491605673e-06
4.034806961392278,PASSED,-0.27585694736070815,-2.2736784414531818e-07,1.1084478127967934e-06,2.7094188262454737,1.2043761909767697e-06,-5.867010290709e-06
4.035807161432286,PASSED,-0.27585694758752854,-2.2626949738697127e-07,1.0916127220469727e-06,2.7094188274469517,1.1985613728283825e-06,-5.780023386839746e-06
4.036807361472294,PASSED,-0.27585694781325876,-2.2518757015304347e-07,1.0754702418483743e-06,2.709418828642656,1.1928305036850242e-06,-5.698099647703891e-06
4.037807561512302,PASSED,-0.27585694803791533,-2.2412213830304051e-07,1.0587395887726607e-06,2.709418829832672,1.187183368917564e-06,-5.61315818063119e-06
4.03880776155231,PASSED,-0.27585694826151436,-2.2307275098278675e-07,1.0431524745744923e-06,2.709418831017086,1.1816259509940384e-06,-5.520257752121794e-06
4.039807961592318,PASSED,-0.27585694848407144,-2.2203844576554331e-07,1.0284070456894192e-06,2.709418832195981,1.1761493186172187e-06,-5.447548793284847e-06
4.040808161632326,PASSED,-0.2758569487056019,-2.2101930690105885e-07,1.0129600770144805e-06,2.709418833369437,1.170746879912286e-06,-5.372365312697861e-06
4.041808361672334,PASSED,-0.27585694892612045,-2.2001489668148364e-07,9.987103146157572e-07,2.7094188345375345,1.1654297291855996e-06,-5.280341002678831e-06
4.042808561712342,PASSED,-0.2758569491456417,-2.1902459308052954e-07,9.846991251796734e-07,2.709418835700348,1.1601849206487447e-06,-5.22112022630578e-06
4.04380876175235,PASSED,-0.2758569493641794,-2.1804817623874063e-07,9.708953195283908e-07,2.7094188368579513,1.1550067913238367e-06,-5.1494687239761095e-06
4.044808961792358,PASSED,-0.27585694958174733,-2.1708494293374195e-07,9.581252953122343e-07,2.7094188380104205,1.1499124879678189e-06,-5.057526444045724e-06
4.045809161832366,PASSED,-0.2758569497983586,-2.1613483867278807e-07,9.447569047149608e-07,2.7094188391578204,1.144878896720155e-06,-5.0176344500759215e-06
4.046809361872374,PASSED,-0.27585695001402594,-2.151973309295937e-07,9.326749688472942e-07,2.7094188403002195,1.1399050027419719e-06,-4.944733663588142e-06
4.047809561912382,PASSED,-0.2758569502287618,-2.14271934765773e-07,9.205436271363019e-07,2.7094188414376856,1.1350104464171363e-06,-4.861104765667287e-06
4.04880976195239,PASSED,-0.275856950442578,-2.1335822554751325e-07,9.091529456753539e-07,2.7094188425702788,1.1301692645374937e-06,-4.827899955626089e-06
4.049809961992398,PASSED,-0.27585695065548616,-2.1245585465385206e-07,8.978495256517836e-07,2.709418843698064,1.1253861235169165e-06,-4.7533017305445516e-06
4.050810162032406,PASSED,-0.2758569508674975,-2.1156459845750343e-07,8.868606434798207e-07,2.709418844821097,1.120668191351119e-06,-4.694352455966183e-06
4.051810362072414,PASSED,-0.27585695107862257,-2.106835260480418e-07,8.772135867828447e-07,2.709418845939436,1.116001331210462e-06,-4.64853193045089e-06
4.052810562112422,PASSED,-0.27585695128887183,-2.0981280394731003e-07,8.663944433644127e-07,2.709418847053136,1.1113868456255617e-06,-4.5917880211998094e-06
4.05381076215243,PASSED,-0.2758569514982553,-2.0895222349302259e-07,8.567044615694568e-07,2.7094188481622514,1.1068308077450915e-06,-4.5322044533169965e-06
4.054810962192438,PASSED,-0.2758569517067823,-2.0810019971580107e-07,8.489033209895116e-07,2.709418849266826,1.102313707222485e-06,-4.507031235466395e-06
4.055811162232446,PASSED,-0.2758569519144623,-2.0725759787023353e-07,8.38400861952894e-07,2.7094188503669168,1.0978523222533772e-06,-4.430954124869107e-06
4.056811362272454,PASSED,-0.27585695212130384,-2.06423932864159e-07,8.305077688222898e-07,2.709418851462566,1.0934403610409608e-06,-4.399299270781012e-06
4.057811562312462,PASSED,-0.27585695232731544,-2.05597758527413e-07,8.232853820284259e-07,2.709418852553819,1.0890592871432181e-06,-4.368923649050378e-06
4.05881176235247,PASSED,-0.27585695253250514,-2.0477978280232198e-07,8.144359537994062e-07,2.7094188536407193,1.0847291447186387e-06,-4.3042882749318955e-06
4.059811962392478,PASSED,-0.2758569527368805,-2.0396944483143395e-07,8.076059822804715e-07,2.7094188547233045,1.080437366095986e-06,-4.283438854466484e-06
4.060812162432486,PASSED,-0.2758569529404488,-2.0316586696795322e-07,8.008924509475776e-07,2.709418855801617,1.076178557485967e-06,-4.242388447053876e-06
4.061812362472494,PASSED,-0.27585695314321707,-2.0236919508415627e-07,7.938581723632183e-07,2.7094188568756894,1.0719576796792435e-06,-4.206537379836694e-06
4.0628125625125024,PASSED,-0.2758569533451918,-2.015789414346755e-07,7.878506342257798e-07,2.709418857945559,1.0677736339899013e-06,-4.169051229012431e-06
4.0638127625525104,PASSED,-0.275856953546379,-2.0079446788667858e-07,7.822221571776855e-07,2.709418859011257,1.063618421237369e-06,-4.1459871015455175e-06
4.0648129625925185,PASSED,-0.2758569537467848,-2.0001579539006688e-07,7.763060562343778e-07,2.7094188600728133,1.0594877917282434e-06,-4.120391114179164e-06
4.0658131626325265,PASSED,-0.2758569539464144,-1.9924238507408619e-07,7.714798224782563e-07,2.7094188611302603,1.0553966806664423e-06,-4.071591026882855e-06
4.0668133626725345,PASSED,-0.27585695414527317,-1.9847397791309813e-07,7.663587199945678e-07,2.709418862183625,1.0513305075963364e-06,-4.0625610989211864e-06
4.0678135627125425,PASSED,-0.27585695434336566,-1.9771013130126838e-07,7.621718730531946e-07,2.70941886323293,1.0472763696786452e-06,-4.04852246353804e-06
4.0688137627525505,PASSED,-0.2758569545406966,-1.969507243433866e-07,7.575636811008207e-07,2.7094188642782013,1.0432568807931059e-06,-4.000133166873255e-06
4.0698139627925585,PASSED,-0.2758569547372698,-1.961950757556074e-07,7.54371858898115e-07,2.709418865319459,1.0392574604386678e-06,-3.998945146147819e-06
4.0708141628325665,PASSED,-0.27585695493308937,-1.9544324193611759e-07,7.501417932176231e-07,2.7094188663567227,1.035266674491527e-06,-3.9853464811362666e-06
4.0718143628725745,PASSED,-0.2758569551281585,-1.9469460924755723e-07,7.476266187888622e-07,2.7094188673900135,1.0313068156807382e-06,-3.942867030557152e-06
4.0728145629125825,PASSED,-0.2758569553224805,-1.9394871993077618e-07,7.447311154425138e-07,2.7094188684193465,1.0273612112940713e-06,-3.947429290740063e-06
4.0738147629525905,PASSED,-0.2758569555160582,-1.9320595123904805e-07,7.414604092518601e-07,2.7094188694447365,1.0234179275371662e-06,-3.940520067681726e-06
4.0748149629925985,PASSED,-0.2758569557088941,-1.924655466372674e-07,7.397007301331754e-07,2.709418870466196,1.0194948272335817e-06,-3.911487127519794e-06
4.0758151630326065,PASSED,-0.27585695590099046,-1.9172682305385054e-07,7.380721522726366e-07,2.709418871483741,1.0155924048435294e-06,-3.896379231740727e-06
4.0768153630726145,PASSED,-0.2758569560923492,-1.909902075725324e-07,7.356443673484887e-07,2.7094188724973756,1.0116811663769647e-06,-3.921144623113991e-06
4.0778155631126225,PASSED,-0.275856956282972,-1.9025510276864042e-07,7.34745094920947e-07,2.709418873507116,1.0077896367054772e-06,-3.8717863704032676e-06
4.0788157631526305,PASSED,-0.2758569564728602,-1.8952108404809912e-07,7.335344709548841e-07,2.7094188745129593,1.0039022167741816e-06,-3.897842305223925e-06
4.0798159631926385,PASSED,-0.27585695666201493,-1.8878816702631224e-07,7.325053890082058e-07,2.7094188755149218,1.0000177002252246e-06,-3.875632711445783e-06
4.0808161632326465,PASSED,-0.27585695685043693,-1.8805586059777706e-07,7.321737882198548e-07,2.709418876513002,9.961429331732022e-07,-3.874189945740218e-06
4.0818163632726545,PASSED,-0.2758569570381268,-1.8732384492378102e-07,7.319102645135138e-07,2.7094188775072032,9.922622690843959e-07,-3.884980184183875e-06
4.0828165633126625,PASSED,-0.27585695722508474,-1.8659215262547727e-07,7.315469874972586e-07,2.7094188784975293,9.883866283608396e-07,-3.8694144164711e-06
4.0838167633526705,PASSED,-0.27585695741131105,-1.8586053576221245e-07,7.316634471098889e-07,2.7094188794839775,9.845120626739043e-07,-3.877999867245048e-06
4.0848169633926785,PASSED,-0.27585695759680523,-1.8512805007996919e-07,7.330338389988606e-07,2.7094188804665484,9.806311088985111e-07,-3.882923047491788e-06
4.0858171634326865,PASSED,-0.27585695778156694,-1.843953644398802e-07,7.32453507482375e-07,2.7094188814452393,9.767499364312098e-07,-3.880005413840924e-06
4.0868173634726945,PASSED,-0.27585695796559545,-1.8366186323976647e-07,7.341996618680035e-07,2.709418882420047,9.72866998184436e-07,-3.884893468728898e-06
4.0878175635127025,PASSED,-0.2758569581488899,-1.8292720991169245e-07,7.34955772211337e-07,2.709418883390966,9.689738014192236e-07,-3.8987322962014734e-06
4.0888177635527105,PASSED,-0.275856958331449,-1.8219135458537032e-07,7.364550290626673e-07,2.7094188843579925,9.65078429161644e-07,-3.893132231831675e-06
4.0898179635927185,PASSED,-0.2758569585132716,-1.8145411753128022e-07,7.377584041083973e-07,2.7094188853211145,9.61171364559289e-07,-3.916352849370337e-06
4.0908181636327265,PASSED,-0.275856958694356,-1.8071511568369014e-07,7.398308099111935e-07,2.709418886280325,9.572514536974214e-07,-3.922282870198986e-06
4.0918183636727345,PASSED,-0.27585695887470035,-1.7997400835504352e-07,7.419583411368791e-07,2.709418887235617,9.533308522771815e-07,-3.919480453600292e-06
4.0928185637127426,PASSED,-0.27585695905430285,-1.7923120842668074e-07,7.433609865134114e-07,2.7094188881869794,9.493993315798972e-07,-3.93954752640716e-06
4.0938187637527506,PASSED,-0.27585695923316117,-1.7848613462865444e-07,7.462156723682385e-07,2.709418889134402,9.454500551259614e-07,-3.955762405621369e-06
4.094818963792759,PASSED,-0.27585695941127303,-1.7773827772429372e-07,7.489510590224315e-07,2.7094188900778673,9.414843960917618e-07,-3.972256786585072e-06
4.095819163832767,PASSED,-0.27585695958863593,-1.7698798203962765e-07,7.511921017618441e-07,2.7094188910173678,9.375155419211946e-07,-3.966585759888599e-06
4.096819363872775,PASSED,-0.27585695976524716,-1.7623501647360637e-07,7.541478755275669e-07,2.7094188919528848,9.335262886029281e-07,-4.0043650238516035e-06
4.097819563912783,PASSED,-0.2758569599411038,-1.7547895566575572e-07,7.573360960660208e-07,2.709418892884405,9.295161698392513e-07,-4.013954590226845e-06
4.098819763952791,PASSED,-0.2758569601162028,-1.7471966567333166e-07,7.605925899960958e-07,2.709418893811915,9.255033839099308e-07,-4.012006822049754e-06
4.099819963992799,PASSED,-0.2758569602905411,-1.7395737426898308e-07,7.634239472502398e-07,2.70941889473539,9.21458188801713e-07,-4.067320632329839e-06
4.100820164032807,PASSED,-0.27585696046411523,-1.7319169932913607e-07,7.671756015781802e-07,2.709418895654821,9.174005214077436e-07,-4.051231901728959e-06
4.101820364072815,PASSED,-0.2758569606369218,-1.7242218084015768e-07,7.710804139118569e-07,2.709418896570186,9.133346918497735e-07,-4.075561328797698e-06
4.102820564112823,PASSED,-0.2758569608089572,-1.7164931631645242e-07,7.740539302341892e-07,2.7094188974814664,9.092346281292723e-07,-4.116398648303437e-06
4.103820764152831,PASSED,-0.2758569609802178,-1.708726769260824e-07,7.783630304605909e-07,2.7094188983886403,9.051152570755051e-07,-4.121352657409679e-06
4.104820964192839,PASSED,-0.2758569611506996,-1.7009182492716127e-07,7.82511311228179e-07,2.7094188992916903,9.009874939643684e-07,-4.132036746954639e-06
4.105821164232847,PASSED,-0.2758569613203987,-1.6930713656709347e-07,7.861397259608574e-07,2.7094189001905935,8.968284999954843e-07,-4.176965450170377e-06
4.106821364272855,PASSED,-0.2758569614893111,-1.685185132566729e-07,7.902790333936795e-07,2.709418901085332,8.926489512806126e-07,-4.181270891339261e-06
4.107821564312863,PASSED,-0.2758569616574326,-1.6772542941130633e-07,7.94953720015199e-07,2.709418901975876,8.884462876721511e-07,-4.2169254198765734e-06
4.108821764352871,PASSED,-0.27585696182475894,-1.6692801250827116e-07,7.990590250484942e-07,2.7094189028622138,8.842297662012029e-07,-4.216252171662539e-06
4.109821964392879,PASSED,-0.2758569619912858,-1.6612643355520352e-07,8.032589050804271e-07,2.709418903744314,8.799825201873762e-07,-4.267908575269526e-06
4.110822164432887,PASSED,-0.2758569621570088,-1.653204558750914e-07,8.077901967999336e-07,2.7094189046221557,8.757048659424628e-07,-4.284151358009457e-06
4.111822364472895,PASSED,-0.2758569623219233,-1.6450960278954942e-07,8.128950113700059e-07,2.709418905495715,8.714162622531139e-07,-4.291571910241876e-06
4.112822564512903,PASSED,-0.27585696248602487,-1.6369434309462855e-07,8.168361506214807e-07,2.7094189063649674,8.67097692076838e-07,-4.336569020298577e-06
4.113822764552911,PASSED,-0.27585696264930887,-1.628746223656981e-07,8.216437811364334e-07,2.709418907229892,8.627539786572002e-07,-4.348476352530512e-06
4.114822964592919,PASSED,-0.2758569628117705,-1.620498023275714e-07,8.269375427868627e-07,2.709418908090458,8.58385043834927e-07,-4.382573802101591e-06
4.115823164632927,PASSED,-0.27585696297340523,-1.6122039987943733e-07,8.310457183655283e-07,2.7094189089466454,8.539932704126401e-07,-4.397906502410485e-06
4.116823364672935,PASSED,-0.27585696313420827,-1.6038658313409176e-07,8.356640966656039e-07,2.7094189097984276,8.49577572004396e-07,-4.427559678799659e-06
4.117823564712943,PASSED,-0.27585696329417464,-1.5954737610474804e-07,8.415689844624214e-07,2.7094189106457764,8.451274251952563e-07,-4.4652048960330665e-06
4.118823764752951,PASSED,-0.27585696345329963,-1.5870342266193127e-07,8.455430817196149e-07,2.7094189114886684,8.406571977183141e-07,-4.473575864214843e-06
4.119823964792959,PASSED,-0.2758569636115784,-1.5785499802790105e-07,8.503456689039683e-07,2.709418912327079,8.361687215145009e-07,-4.498409763545584e-06
4.120824164832967,PASSED,-0.2758569637690061,-1.5700146334981855e-07,8.556606842015514e-07,2.7094189131609783,8.316402111535399e-07,-4.548577425904515e-06
4.121824364872975,PASSED,-0.2758569639255777,-1.5614276288654037e-07,8.607269826625862e-07,2.7094189139903477,8.2709721084307e-07,-4.539282233513632e-06
4.122824564912983,PASSED,-0.27585696408128846,-1.5527959341366228e-07,8.647977996884807e-07,2.7094189148151546,8.225275556020165e-07,-4.589903912746871e-06
4.123824764952991,PASSED,-0.2758569642361334,-1.544114436437766e-07,8.703844166837839e-07,2.709418915635375,8.179194551701781e-07,-4.620231444566168e-06
4.124824964992999,PASSED,-0.27585696439010765,-1.5353813148088123e-07,8.752639937030779e-07,2.709418916450983,8.132972295681552e-07,-4.62355504032738e-06
4.125825165033007,PASSED,-0.2758569645432063,-1.526600852222765e-07,8.79901101872518e-07,2.709418917261955,8.08653361901907e-07,-4.657409416862192e-06
4.126825365073015,PASSED,-0.27585696469542464,-1.517774107237262e-07,8.845234296687714e-07,2.709418918068263,8.039716516887663e-07,-4.697910743992992e-06
4.127825565113023,PASSED,-0.27585696484675765,-1.5088969307129222e-07,8.898471342774646e-07,2.709418918869881,7.992660624566553e-07,-4.710708224189749e-06
4.128825765153031,PASSED,-0.2758569649972006,-1.499971245046863e-07,8.943828548248871e-07,2.709418919666784,7.945436177575746e-07,-4.730269015674655e-06
4.129825965193039,PASSED,-0.2758569651467488,-1.4910020012972388e-07,8.986187217207661e-07,2.709418920458946,7.89789025639666e-07,-4.770807519398015e-06
4.130826165233047,PASSED,-0.2758569652953974,-1.481981537866985e-07,9.043314238950664e-07,2.7094189212463435,7.850088642941523e-07,-4.786397229590815e-06
4.131826365273055,PASSED,-0.2758569654431417,-1.472912229373879e-07,9.08663799587663e-07,2.709418922028955,7.80216075043357e-07,-4.797050598264744e-06
4.132826565313063,PASSED,-0.2758569655899772,-1.463804645443837e-07,9.121547886152526e-07,2.7094189228067487,7.753837312219721e-07,-4.8558726367985494e-06
4.133826765353071,PASSED,-0.27585696573589913,-1.454646522037676e-07,9.182507086166553e-07,2.709418923579703,7.705255255480208e-07,-4.859761032052924e-06
4.134826965393079,PASSED,-0.2758569658809031,-1.445440914896622e-07,9.221007177645861e-07,2.7094189243477964,7.656627474582486e-07,-4.8647894615850814e-06
4.135827165433087,PASSED,-0.27585696602498455,-1.4361965466496205e-07,9.259942293238425e-07,2.709418925111001,7.60760105968751e-07,-4.927876174773002e-06
4.136827365473095,PASSED,-0.27585696616813915,-1.4269057416774459e-07,9.311380091465492e-07,2.709418925869297,7.558324768565199e-07,-4.9274644038696025e-06
4.137827565513103,PASSED,-0.27585696631036255,-1.4175698535398713e-07,9.352226834980737e-07,2.709418926622662,7.509002841106219e-07,-4.935344973916982e-06
4.138827765553111,PASSED,-0.2758569664516506,-1.4081973449196529e-07,9.386029810376696e-07,2.70941892737107,7.459287878904056e-07,-4.995597051082429e-06
4.139827965593119,PASSED,-0.275856966591999,-1.3987808245968034e-07,9.436847331164385e-07,2.709418928114501,7.409335620454005e-07,-4.994978374286991e-06
4.140828165633127,PASSED,-0.27585696673140375,-1.3893211207323351e-07,9.47494155333739e-07,2.7094189288529362,7.359369319920276e-07,-4.997731172763665e-06
4.141828365673135,PASSED,-0.27585696686986083,-1.379827340174459e-07,9.506339894235238e-07,2.7094189295863496,7.309016113707817e-07,-5.060380253567412e-06
4.142828565713143,PASSED,-0.2758569670073665,-1.370295315060891e-07,9.549148593122879e-07,2.7094189303147225,7.258431334404496e-07,-5.057209714841802e-06
4.143828765753151,PASSED,-0.2758569671439168,-1.3607189960688805e-07,9.594432591268538e-07,2.7094189310380363,7.207849392703632e-07,-5.058850473582814e-06
4.144828965793159,PASSED,-0.2758569672795081,-1.3511113724904136e-07,9.616417569932451e-07,2.7094189317562694,7.156930330419363e-07,-5.1139433983231324e-06
4.145829165833167,PASSED,-0.27585696741413684,-1.341471399087007e-07,9.655677292389106e-07,2.709418932469405,7.105794839756468e-07,-5.113286178267156e-06
4.146829365873175,PASSED,-0.27585696754779965,-1.3317925675183317e-07,9.694267752865947e-07,2.7094189331774228,7.054588637800719e-07,-5.125509540446565e-06
4.147829565913183,PASSED,-0.275856967680493,-1.3220805171243813e-07,9.723905488007238e-07,2.709418933880304,7.00311263186415e-07,-5.1623279624639345e-06
4.148829765953191,PASSED,-0.27585696781221375,-1.3123397621744655e-07,9.751987924521592e-07,2.709418934578036,6.951518974514991e-07,-5.157390916550707e-06
4.149829965993199,PASSED,-0.2758569679429589,-1.302569921287442e-07,9.781742862025325e-07,2.7094189352706004,6.899806631240435e-07,-5.180463268058883e-06
4.150830166033207,PASSED,-0.2758569680727254,-1.292767858633374e-07,9.815609182096194e-07,2.70941893595798,6.847833233662156e-07,-5.20859075100728e-06
4.151830366073215,PASSED,-0.27585696820151034,-1.2829357084484945e-07,9.843177520068475e-07,2.7094189366401604,6.795771499978655e-07,-5.204561779911985e-06
4.152830566113223,PASSED,-0.27585696832931117,-1.2730833985667253e-07,9.858398122903385e-07,2.709418937317125,6.743576104555306e-07,-5.229524717283469e-06
4.153830766153231,PASSED,-0.2758569684561251,-1.26320375969742e-07,9.893799366906673e-07,2.7094189379888647,6.691232945168989e-07,-5.237510086197225e-06
4.154830966193239,PASSED,-0.2758569685819499,-1.2532962862426545e-07,9.916589513338276e-07,2.7094189386553635,6.638776124665163e-07,-5.251130026506097e-06
4.155831166233247,PASSED,-0.2758569687067831,-1.2433710635144583e-07,9.930978204768114e-07,2.709418939316612,6.586213068855593e-07,-5.259755950590848e-06
4.156831366273255,PASSED,-0.27585696883062266,-1.2334252810685204e-07,9.955651940050657e-07,2.7094189399725948,6.533484371834082e-07,-5.281612203191281e-06
4.157831566313263,PASSED,-0.2758569689534665,-1.2234574865090635e-07,9.975889639060939e-07,2.709418940623305,6.480705021438685e-07,-5.2754835971053525e-06
4.158831766353271,PASSED,-0.2758569690753129,-1.2134727910150415e-07,9.990566063995724e-07,2.7094189412687313,6.427859081276198e-07,-5.290667629010923e-06
4.159831966393279,PASSED,-0.27585696919616,-1.2034734669116938e-07,1.0005162796249094e-06,2.7094189419088615,6.374804433154908e-07,-5.3153296008744535e-06
4.160832166433287,PASSED,-0.2758569693160063,-1.1934565817338242e-07,1.0024700098949952e-06,2.709418942543694,6.321795472973405e-07,-5.291273629667289e-06
4.161832366473295,PASSED,-0.2758569694348504,-1.1834280361716863e-07,1.0031109204263193e-06,2.7094189431732185,6.26874061799177e-07,-5.314960077161079e-06
4.162832566513303,PASSED,-0.2758569695526911,-1.1733899801075857e-07,1.0042687303992207e-06,2.7094189437974245,6.215430347791732e-07,-5.34173831523227e-06
4.163832766553311,PASSED,-0.2758569696695274,-1.1633387774555457e-07,1.0056879550738553e-06,2.709418944416312,6.162245569066823e-07,-5.302970910663098e-06
4.164832966593319,PASSED,-0.2758569697853582,-1.1532770575832337e-07,1.0064946753360814e-06,2.709418945029874,6.109046195129652e-07,-5.331248382419715e-06
4.165833166633327,PASSED,-0.2758569699001828,-1.1432157919363094e-07,1.0058811575966658e-06,2.709418945638106,6.055625680659141e-07,-5.349253490138797e-06
4.166833366673335,PASSED,-0.2758569700140007,-1.1331469521465304e-07,1.0075525265653882e-06,2.709418946241003,6.002266592877804e-07,-5.327012303463681e-06
4.167833566713343,PASSED,-0.27585697012681143,-1.1230685890203948e-07,1.0080255033123288e-06,2.7094189468385665,5.949005713410053e-07,-5.325471708982742e-06
4.168833766753351,PASSED,-0.27585697023861483,-1.1129955689621778e-07,1.0068196741612552e-06,2.709418947430793,5.895575639909939e-07,-5.354697777363675e-06
4.169833966793359,PASSED,-0.2758569703494107,-1.1029225627000621e-07,1.0076212609117741e-06,2.7094189480176847,5.842198517755682e-07,-5.326388507467098e-06
4.170834166833367,PASSED,-0.2758569704591992,-1.0928475090284254e-07,1.0074281046649403e-06,2.7094189485992386,5.788896279079513e-07,-5.332780774383434e-06
4.171834366873375,PASSED,-0.2758569705679806,-1.082777736538405e-07,1.006676678560098e-06,2.7094189491754608,5.735554223803849e-07,-5.335155363021599e-06
4.172834566913383,PASSED,-0.2758569706757552,-1.0727143751044632e-07,1.0061091199502453e-06,2.7094189497463463,5.68217044548235e-07,-5.3405261449021866e-06
4.173834766953391,PASSED,-0.27585697078252386,-1.0626573870068076e-07,1.0054252696424258e-06,2.7094189503119037,5.628927970922991e-07,-5.313394996625043e-06
4.174834966993399,PASSED,-0.27585697088828715,-1.0526076231645767e-07,1.0046771272768845e-06,2.709418950872141,5.575816395362366e-07,-5.309665929020921e-06
4.175835167033407,PASSED,-0.2758569709930461,-1.042569566719685e-07,1.0032246559640317e-06,2.7094189514270526,5.522499026624037e-07,-5.34645083704085e-06
4.176835367073415,PASSED,-0.27585697109680185,-1.0325432827249193e-07,1.002230895151589e-06,2.7094189519766494,5.469340387689489e-07,-5.295472597730677e-06
4.177835567113423,PASSED,-0.27585697119955577,-1.0225302329460257e-07,1.000687699714532e-06,2.709418952520942,5.416483094993897e-07,-5.27923371744496e-06
4.178835767153431,PASSED,-0.2758569713013092,-1.0125346379393945e-07,9.988073679621547e-07,2.7094189530599353,5.363459780944101e-07,-5.317729863336251e-06
4.179835967193439,PASSED,-0.2758569714020639,-1.0025559233381846e-07,9.972475215602325e-07,2.709418953593639,5.310531239904247e-07,-5.276270264418025e-06
4.180836167233447,PASSED,-0.2758569715018217,-9.925959278050683e-08,9.951675744792154e-07,2.709418954122061,5.257865500253746e-07,-5.260109765471296e-06
4.181836367273455,PASSED,-0.27585697160058453,-9.826570288522278e-08,9.930381091539136e-07,2.70941895464521,5.205153942876781e-07,-5.278519719179911e-06
4.182836567313463,PASSED,-0.27585697169835477,-9.727415205823636e-08,9.905593055414554e-07,2.7094189551631054,5.15265664484799e-07,-5.2305365253453205e-06
4.183836767353471,PASSED,-0.2758569717951346,-9.62849984781139e-08,9.882164298431217e-07,2.7094189556757513,5.100279295814509e-07,-5.2425338220164835e-06
4.184836967393479,PASSED,-0.2758569718909265,-9.529839512362449e-08,9.855279709202756e-07,2.7094189561831667,5.047982517164894e-07,-5.22110722692496e-06
4.185837167433487,PASSED,-0.2758569719857335,-9.431490495858262e-08,9.821316277895969e-07,2.709418956685362,4.995882911992944e-07,-5.202529377375224e-06
4.186837367473495,PASSED,-0.27585697207955817,-9.33340272321908e-08,9.800417921266434e-07,2.7094189571823555,4.943951507006908e-07,-5.186881246089137e-06
4.187837567513503,PASSED,-0.27585697217240374,-9.235630446135025e-08,9.76176756649839e-07,2.709418957674164,4.89218181575435e-07,-5.1703610447003525e-06
4.188837767553511,PASSED,-0.27585697226427336,-9.138230412167654e-08,9.72549395022965e-07,2.709418958160801,4.840539082040208e-07,-5.160214922556768e-06
4.189837967593519,PASSED,-0.2758569723551705,-9.04114019861438e-08,9.698039625392726e-07,2.709418958642286,4.789103571095491e-07,-5.132441875748467e-06
4.190838167633527,PASSED,-0.2758569724450986,-8.944403251811174e-08,9.657464716939182e-07,2.7094189591186404,4.7379348859716665e-07,-5.106486270138367e-06
4.191838367673535,PASSED,-0.2758569725340616,-8.848109238128418e-08,9.610692469166498e-07,2.709418959589881,4.6868833258017763e-07,-5.104269181556126e-06
4.192838567713543,PASSED,-0.2758569726220633,-8.752170063006787e-08,9.582734207494259e-07,2.709418960056031,4.636045343573975e-07,-5.070150916929532e-06
4.193838767753551,PASSED,-0.27585697270910775,-8.656626044685686e-08,9.535513581854222e-07,2.7094189605171093,4.585474117922759e-07,-5.048436997249679e-06
4.194838967793559,PASSED,-0.27585697279519933,-8.561581150977922e-08,9.483806563391435e-07,2.7094189609731383,4.535072986092813e-07,-5.034563973491104e-06
4.195839167833567,PASSED,-0.27585697288034233,-8.466950754806788e-08,9.449194986261378e-07,2.7094189614241473,4.485006047874343e-07,-4.988113720750914e-06
4.196839367873575,PASSED,-0.27585697296454126,-8.372740724952777e-08,9.402208318161093e-07,2.709418961870152,4.435093904443227e-07,-4.99328142468549e-06
4.197839567913583,PASSED,-0.275856973047801,-8.279075476435042e-08,9.342735874181782e-07,2.709418962311183,4.385433648293198e-07,-4.947855075214486e-06
4.198839767953591,PASSED,-0.2758569731301264,-8.185912328778249e-08,9.298700693344157e-07,2.7094189627472645,4.3361367770511377e-07,-4.91757515686708e-06
4.199839967993599,PASSED,-0.27585697321152247,-8.093201197711566e-08,9.252721382217504e-07,2.709418963178424,4.2870341796428796e-07,-4.905382796798358e-06
4.200840168033607,PASSED,-0.2758569732919945,-8.001061669318992e-08,9.188107143950647e-07,2.709418963604687,4.2381645509943076e-07,-4.874682910229794e-06
4.201840368073615,PASSED,-0.27585697337154774,-7.909490659083027e-08,9.136430276693974e-07,2.7094189640260837,4.189680496362521e-07,-4.830887165144534e-06
4.202840568113623,PASSED,-0.2758569734501878,-7.818424342431728e-08,9.086765924087339e-07,2.7094189644426456,4.1415129065449797e-07,-4.807340192827208e-06
4.203840768153631,PASSED,-0.2758569735279203,-7.727943242046251e-08,9.022339448187963e-07,2.709418964854396,4.0934750071951736e-07,-4.801423096416251e-06
4.204840968193639,PASSED,-0.27585697360475103,-7.638077497813397e-08,8.962731073350496e-07,2.7094189652613734,4.045914536823881e-07,-4.725796330937908e-06
4.205841168233647,PASSED,-0.27585697368068596,-7.548785206992098e-08,8.906894421316233e-07,2.709418965663602,3.99866298150868e-07,-4.724728331908242e-06
4.206841368273655,PASSED,-0.2758569737557311,-7.460112331345651e-08,8.840882993530252e-07,2.7094189660611225,3.9516633619524444e-07,-4.683451038100473e-06
4.207841568313663,PASSED,-0.2758569738298929,-7.372109475183548e-08,8.773220697997066e-07,2.7094189664539603,3.9050252937209916e-07,-4.650710679841787e-06
4.208841768353671,PASSED,-0.27585697390317754,-7.284705938492341e-08,8.718442316536533e-07,2.7094189668421516,3.8587210637026326e-07,-4.616897883165339e-06
4.209841968393679,PASSED,-0.27585697397559156,-7.197950359437654e-08,8.646968298090164e-07,2.7094189672257323,3.8128056690469935e-07,-4.574633853829652e-06
4.210842168433687,PASSED,-0.2758569740471417,-7.111937312716137e-08,8.570862254859395e-07,2.709418967604736,3.767214497346332e-07,-4.548772714223773e-06
4.211842368473695,PASSED,-0.2758569741178348,-7.026554116083641e-08,8.516624602176497e-07,2.7094189679792002,3.72198299119873e-07,-4.506069215117824e-06
4.212842568513703,PASSED,-0.27585697418767746,-6.94184247820468e-08,8.440856578375769e-07,2.7094189683491616,3.677159097136815e-07,-4.466602866907303e-06
4.213842768553711,PASSED,-0.275856974256677,-6.857906616159365e-08,8.362072621968818e-07,2.709418968714655,3.6326543951861865e-07,-4.439715080499801e-06
4.214842968593719,PASSED,-0.2758569743248404,-6.774648496975047e-08,8.301638116073578e-07,2.709418969075719,3.5885347352701486e-07,-4.393466599006473e-06
4.215843168633727,PASSED,-0.27585697439217505,-6.692117133700906e-08,8.220801801641122e-07,2.7094189694323934,3.544866091922711e-07,-4.349129491901969e-06
4.216843368673735,PASSED,-0.27585697445868823,-6.61035882527663e-08,8.145850202951945e-07,2.709418969784717,3.501545765906621e-07,-4.320634674747059e-06
4.217843568713743,PASSED,-0.2758569745243875,-6.529349403934066e-08,8.071003421792813e-07,2.7094189701327287,3.4586043600429207e-07,-4.276477860785278e-06
4.218843768753751,PASSED,-0.2758569745892805,-6.449092218186617e-08,7.995528676713051e-07,2.70941897047647,3.416133233900225e-07,-4.227535783259139e-06
4.219843968793759,PASSED,-0.2758569746533748,-6.369606809659444e-08,7.91721563671989e-07,2.7094189708159813,3.3740297433098737e-07,-4.198891242885818e-06
4.220844168833767,PASSED,-0.27585697471667836,-6.290945963255948e-08,7.831997309436366e-07,2.709418971151302,3.3322948854108335e-07,-4.156548821249521e-06
4.221844368873775,PASSED,-0.27585697477919907,-6.213059959380141e-08,7.759669106343362e-07,2.7094189714824797,3.2911265143366895e-07,-4.09036263152425e-06
4.222844568913783,PASSED,-0.27585697484094496,-6.135960569311687e-08,7.676785607180184e-07,2.709418971809549,3.2502538571151533e-07,-4.085201115906541e-06
4.223844768953791,PASSED,-0.2758569749019242,-6.059704717626047e-08,7.591451542820011e-07,2.7094189721325592,3.209812342563501e-07,-4.016785014671023e-06
4.224844968993799,PASSED,-0.27585697496214484,-5.984264199194551e-08,7.512452043369243e-07,2.7094189724515507,3.1699241027334943e-07,-3.970183295220437e-06
4.225845169033807,PASSED,-0.27585697502161527,-5.909649673756373e-08,7.427452877450231e-07,2.7094189727665685,3.130380126311472e-07,-3.9438738735233995e-06
4.226845369073815,PASSED,-0.27585697508034385,-5.8358978873387795e-08,7.340329151298722e-07,2.7094189730776534,3.0912220649112e-07,-3.89709431769655e-06
4.227845569113823,PASSED,-0.27585697513833907,-5.762973825529447e-08,7.260457534022868e-07,2.709418973384858,3.052712296551306e-07,-3.820231848184709e-06
4.228845769153831,PASSED,-0.2758569751956095,-5.6909159697856474e-08,7.169337601284686e-07,2.7094189736882215,3.0145449139054686e-07,-3.8144092088497255e-06
4.229845969193839,PASSED,-0.27585697525216357,-5.619731684396345e-08,7.08448916402738e-07,2.709418973987791,2.97673235410105e-07,-3.7591538281699006e-06
4.230846169233847,PASSED,-0.27585697530801023,-5.549413291545121e-08,6.996739365852425e-07,2.709418974283614,2.9395716698805637e-07,-3.687344817967768e-06
4.231846369273855,PASSED,-0.275856975363158,-5.479971082455757e-08,6.909208604325764e-07,2.7094189745757356,2.9028179444563623e-07,-3.6673910253884406e-06
4.232846569313863,PASSED,-0.2758569754176158,-5.411403248172462e-08,6.821833310998717e-07,2.7094189748642004,2.8663946991378085e-07,-3.625613536166716e-06
4.233846769353871,PASSED,-0.2758569754713925,-5.34374227906729e-08,6.728939310196051e-07,2.7094189751490583,2.830600805969987e-07,-3.5485731705257056e-06
4.234846969393879,PASSED,-0.27585697552449706,-5.276987284126329e-08,6.639872950029595e-07,2.7094189754303555,2.79527826466241e-07,-3.521374770912335e-06
4.235847169433887,PASSED,-0.2758569755769384,-5.211099363331362e-08,6.554738165808098e-07,2.70941897570814,2.7603175653158706e-07,-3.4792000438149375e-06
4.236847369473895,PASSED,-0.27585697562872563,-5.1461457809334505e-08,6.455771622446475e-07,2.709418975982458,2.725911746246073e-07,-3.4148364824230437e-06
4.237847569513903,PASSED,-0.2758569756798678,-5.082114610020932e-08,6.368014070455368e-07,2.70941897625336,2.692035204174292e-07,-3.3695326903481664e-06
4.238847769553911,PASSED,-0.275856975730374,-5.018949236802355e-08,6.282219489459173e-07,2.7094189765208943,2.6585750666941435e-07,-3.330334453125942e-06
4.239847969593919,PASSED,-0.2758569757802534,-4.956727532151573e-08,6.182137782157566e-07,2.7094189767851082,2.6255955616546367e-07,-3.2763612045005473e-06
4.240848169633927,PASSED,-0.27585697582951535,-4.8954599200808336e-08,6.089843490351459e-07,2.709418977046053,2.593170782344489e-07,-3.219889082024383e-06
4.241848369673935,PASSED,-0.27585697587816893,-4.835079766363112e-08,6.003463292719211e-07,2.709418977303771,2.561140876335491e-07,-3.1917249468167197e-06
4.242848569713943,PASSED,-0.27585697592622344,-4.7756169055975814e-08,5.908167932442269e-07,2.709418977558318,2.52965203477525e-07,-3.120323628828973e-06
4.243848769753951,PASSED,-0.27585697597368813,-4.7171269517359594e-08,5.80954702197547e-07,2.7094189778097406,2.49870627705517e-07,-3.07741053412746e-06
4.244848969793959,PASSED,-0.2758569760205724,-4.659547339810651e-08,5.723570639567838e-07,2.70941897805809,2.4681928410557925e-07,-3.0339656438112285e-06
4.245849169833967,PASSED,-0.27585697606688553,-4.602885567827215e-08,5.627914904193992e-07,2.709418978303411,2.438131302099014e-07,-2.9876127302555454e-06
4.246849369873975,PASSED,-0.27585697611263693,-4.547194678847876e-08,5.52987156042711e-07,2.7094189785457576,2.408664228488809e-07,-2.9194371148637726e-06
4.247849569913983,PASSED,-0.2758569761578359,-4.4924146516430316e-08,5.443423493855978e-07,2.7094189787851803,2.3797101379190047e-07,-2.879390351724894e-06
4.248849769953991,PASSED,-0.2758569762024917,-4.4385593526178154e-08,5.346934174965326e-07,2.709418979021725,2.3511148193482036e-07,-2.8462928606503046e-06
4.249849969993999,PASSED,-0.2758569762466139,-4.385676908742399e-08,5.249117862592584e-07,2.709418979255442,2.3230755198884435e-07,-2.775688002859784e-06
4.250850170034007,PASSED,-0.2758569762902117,-4.3337043077649347e-08,5.162688254515613e-07,2.7094189794863808,2.2956037605716682e-07,-2.728167884222709e-06
4.251850370074015,PASSED,-0.27585697633329465,-4.282675891462329e-08,5.062943880757113e-07,2.7094189797145933,2.2685601464238653e-07,-2.688490435152038e-06
4.252850570114023,PASSED,-0.2758569763758719,-4.232591696924969e-08,4.972069835721927e-07,2.7094189799401276,2.242013150776069e-07,-2.632172317864727e-06
4.253850770154031,PASSED,-0.2758569764179529,-4.1834168254309403e-08,4.881098691856758e-07,2.7094189801630324,2.2159876885597672e-07,-2.5827954908071343e-06
4.254850970194039,PASSED,-0.2758569764595471,-4.135210777876089e-08,4.780275464570711e-07,2.709418980383359,2.1904437848676133e-07,-2.5354536214875893e-06
4.255851170234047,PASSED,-0.2758569765006636,-4.0879196961119366e-08,4.694996650978316e-07,2.7094189806011544,2.1653748668421068e-07,-2.4878505899260045e-06
4.256851370274055,PASSED,-0.27585697654131186,-4.041542315885772e-08,4.599565603708528e-07,2.7094189808164715,2.140846300969449e-07,-2.4295272521589736e-06
4.257851570314063,PASSED,-0.275856976581501,-3.996092758879408e-08,4.508549098588313e-07,2.709418981029355,2.116750256497688e-07,-2.3963225771875004e-06
4.258851770354071,PASSED,-0.2758569766212405,-3.9516088573272014e-08,4.408284192975494e-07,2.7094189812398546,2.0931263218248682e-07,-2.339774060678288e-06
4.259851970394079,PASSED,-0.27585697666053943,-3.9080044129165765e-08,4.3285512731203744e-07,2.7094189814480263,2.070163652160194e-07,-2.267262236993497e-06
4.260852170434087,PASSED,-0.275856976699407,-3.86531595224941e-08,4.229042595780798e-07,2.709418981653907,2.0474629896547438e-07,-2.271935592912698e-06
4.261852370474095,PASSED,-0.2758569767378524,-3.8235852259809256e-08,4.1357593142270373e-07,2.7094189818575543,2.025291532054303e-07,-2.180619204798385e-06
4.262852570514103,PASSED,-0.27585697677588467,-3.78269717777208e-08,4.057501825322883e-07,2.709418982059014,2.0037987285723632e-07,-2.1283877771243383e-06
4.263852770554111,PASSED,-0.27585697681351296,-3.7427497592200985e-08,3.952901875114924e-07,2.7094189822583328,1.9825646264712622e-07,-2.120091832100601e-06
4.264852970594119,PASSED,-0.2758569768507463,-3.703729382818724e-08,3.868128150152474e-07,2.709418982455558,1.961788685775816e-07,-2.049262227840649e-06
4.265853170634127,PASSED,-0.2758569768875936,-3.665556744409795e-08,3.7833543013865535e-07,2.709418982650741,1.941723676965351e-07,-1.977993316517058e-06
4.266853370674135,PASSED,-0.2758569769240638,-3.628294874784017e-08,3.6880754033719567e-07,2.7094189828439252,1.9219509788060593e-07,-1.9767874822039257e-06
4.267853570714143,PASSED,-0.2758569769601658,-3.5919337126118796e-08,3.6014767597749374e-07,2.709418983035159,1.9025836411353943e-07,-1.9100312903082308e-06
4.268853770754151,PASSED,-0.2758569769959084,-3.556419671518746e-08,3.518022342338973e-07,2.7094189832244893,1.883880060568736e-07,-1.8439092342375818e-06
4.269853970794159,PASSED,-0.2758569770313004,-3.521790292476269e-08,3.42621494552017e-07,2.7094189834119615,1.8655327264784952e-07,-1.8286161922150496e-06
4.270854170834167,PASSED,-0.27585697706635043,-3.488043853473572e-08,3.340263203436168e-07,2.7094189835976232,1.8475785227491628e-07,-1.7732898267453631e-06
4.271854370874175,PASSED,-0.27585697710106716,-3.4551339411217894e-08,3.258143256339591e-07,2.7094189837815197,1.8302164587973453e-07,-1.7114841074727038e-06
4.272854570914183,PASSED,-0.2758569771354591,-3.4230649693727344e-08,3.17273312061614e-07,2.709418983963697,1.813277631817222e-07,-1.6821484250387394e-06
4.273854770954191,PASSED,-0.2758569771695347,-3.391871719333252e-08,3.0837195928363207e-07,2.709418984144197,1.7966530688504618e-07,-1.6493282111008566e-06
4.274854970994199,PASSED,-0.2758569772033025,-3.361525224058376e-08,3.0019361505882943e-07,2.7094189843230643,1.7805560503772982e-07,-1.5832842714600265e-06
4.275855171034207,PASSED,-0.2758569772367708,-3.331964397863973e-08,2.9255135986750056e-07,2.709418984500349,1.765034552815256e-07,-1.5313934127003725e-06
4.276855371074215,PASSED,-0.27585697726994773,-3.303250354331526e-08,2.8353315229577697e-07,2.709418984676087,1.749727151376721e-07,-1.5303046312888977e-06
4.277855571114223,PASSED,-0.27585697730284164,-3.2753660311142195e-08,2.7571661875792127e-07,2.7094189848503296,1.7349400807835394e-07,-1.4443086780043406e-06
4.278855771154231,PASSED,-0.27585697733546044,-3.2482452665231464e-08,2.682016640125986e-07,2.709418985023111,1.7206364496089448e-07,-1.421066077096245e-06
4.279855971194239,PASSED,-0.2758569773678123,-3.221943905508388e-08,2.595549075709101e-07,2.709418985194482,1.7066877622519587e-07,-1.377403841433507e-06
4.280856171234247,PASSED,-0.275856977399905,-3.196445245614331e-08,2.5194105985368114e-07,2.7094189853644783,1.6931546995552647e-07,-1.3372412218266527e-06
4.281856371274255,PASSED,-0.2758569774317464,-3.171700173986703e-08,2.4445715389134865e-07,2.7094189855331434,1.6800567378303856e-07,-1.2914994729287376e-06
4.282856571314263,PASSED,-0.27585697746334437,-3.1477191315372835e-08,2.3671260489609286e-07,2.7094189857005193,1.667381965668609e-07,-1.2514623783435923e-06
4.283856771354271,PASSED,-0.27585697749470633,-3.1245171619409834e-08,2.2889109000760926e-07,2.709418985866645,1.655065316932502e-07,-1.2184665371221166e-06
4.284856971394279,PASSED,-0.27585697752583993,-3.1020545801085355e-08,2.217823038690552e-07,2.70941898603156,1.643140921498353e-07,-1.1750882142767202e-06
4.285857171434287,PASSED,-0.2758569775567526,-3.080330194863413e-08,2.1421821817267057e-07,2.7094189861953053,1.6316735761365961e-07,-1.1278320841083172e-06
4.286857371474295,PASSED,-0.27585697758745165,-3.059333656628449e-08,2.0713015846761732e-07,2.7094189863579228,1.6206109827055688e-07,-1.0918775157657035e-06
4.287857571514303,PASSED,-0.27585697761794437,-3.0390559723073857e-08,1.9987463303930513e-07,2.7094189865194425,1.6097620597981897e-07,-1.0802354740527039e-06
4.288857771554311,PASSED,-0.27585697764823774,-3.019476839841097e-08,1.9306911907859923e-07,2.7094189866799074,1.5993887323423754e-07,-1.008730926600538e-06
4.289857971594319,PASSED,-0.27585697767833894,-3.000607558700698e-08,1.8577527295424862e-07,2.709418986839355,1.5894983281979772e-07,-9.759134063326489e-07
4.290858171634327,PASSED,-0.2758569777082548,-2.9824250147192723e-08,1.7919221772092644e-07,2.7094189869978207,1.5797966468832135e-07,-9.663379482388565e-07
4.291858371674335,PASSED,-0.2758569777379921,-2.9649041361466896e-08,1.7255316439576313e-07,2.7094189871553387,1.5704505407823053e-07,-9.134590513254939e-07
4.292858571714343,PASSED,-0.27585697776755763,-2.9480517170389987e-08,1.6583820886433618e-07,2.7094189873119503,1.561667561478143e-07,-8.548571831434041e-07
4.293858771754351,PASSED,-0.27585697779695784,-2.9318513731405492e-08,1.5944692573126584e-07,2.7094189874676857,1.5530653349728373e-07,-8.637996287886647e-07
4.294858971794359,PASSED,-0.2758569778261993,-2.9163030893034682e-08,1.5284011346383847e-07,2.7094189876225783,1.544700160046726e-07,-8.183294018261198e-07
4.295859171834367,PASSED,-0.27585697785528823,-2.901364589771096e-08,1.4708158323031296e-07,2.7094189877766643,1.5368917796379393e-07,-7.558438002470373e-07
4.296859371874375,PASSED,-0.27585697788423097,-2.887045200185413e-08,1.4060210427450915e-07,2.7094189879299737,1.5293096287197796e-07,-7.597959528618713e-07
4.297859571914383,PASSED,-0.2758569779130336,-2.873352839555071e-08,1.3447127432269404e-07,2.7094189880825437,1.5219962629682768e-07,-7.12363656675877e-07
4.298859771954391,PASSED,-0.275856977941702,-2.8602200385743732e-08,1.2923250012983278e-07,2.709418988234401,1.5150776771811865e-07,-6.781885267311363e-07
4.299859971994399,PASSED,-0.27585697797024217,-2.847685148434414e-08,1.2275983557942994e-07,2.709418988385579,1.5084400702660805e-07,-6.541421346969051e-07
4.300860172034407,PASSED,-0.2758569779986598,-2.8357380971916506e-08,1.1727763032643442e-07,2.7094189885361084,1.5020831513065996e-07,-6.233917367822218e-07
4.301860372074415,PASSED,-0.27585697802696046,-2.8242915965153382e-08,1.1258992438758291e-07,2.7094189886860205,1.4960814821656388e-07,-5.84683698971994e-07
4.302860572114423,PASSED,-0.2758569780551497,-2.813427817390477e-08,1.060030358226305e-07,2.7094189888353375,1.490247474587365e-07,-5.82545463730953e-07
4.303860772154431,PASSED,-0.27585697808323284,-2.8031059052074603e-08,1.0136317916852306e-07,2.7094189889840963,1.4847966555727867e-07,-5.201061932757629e-07
4.304860972194439,PASSED,-0.27585697811121523,-2.7932639700969696e-08,9.645679906249723e-08,2.70941898913232,1.4796608526442336e-07,-5.092296925749878e-07
4.305861172234447,PASSED,-0.27585697813910187,-2.783941304632516e-08,9.10732250325631e-08,2.709418989280038,1.4746722803301992e-07,-4.919422572890811e-07
4.306861372274455,PASSED,-0.2758569781668977,-2.77512746354732e-08,8.618186806488871e-08,2.709418989427273,1.4699511528126327e-07,-4.588930814017292e-07
4.307861572314463,PASSED,-0.2758569781946077,-2.7667697042959184e-08,8.184140881343279e-08,2.709418989574055,1.4656098693980972e-07,-4.1761851482145373e-07
4.308861772354471,PASSED,-0.2758569782222364,-2.758881784275868e-08,7.690439445855018e-08,2.709418989720406,1.4614199562301263e-07,-4.1990651811414735e-07
4.309861972394479,PASSED,-0.2758569782497887,-2.7514758602805285e-08,7.216247028329154e-08,2.7094189898663514,1.4574189113499697e-07,-3.869031346166892e-07
4.310862172434487,PASSED,-0.27585697827726885,-2.744476144185003e-08,6.85536214032321e-08,2.709418990011913,1.453743937377493e-07,-3.545602390016993e-07
4.311862372474495,PASSED,-0.27585697830468126,-2.7378986573370163e-08,6.392236653095677e-08,2.709418990157119,1.4503262121218234e-07,-3.3324738327712835e-07
4.312862572514503,PASSED,-0.2758569783320301,-2.7317775630893844e-08,5.940332643989427e-08,2.709418990301987,1.4470285997661113e-07,-3.2743713710060355e-07
4.313862772554511,PASSED,-0.27585697835931944,-2.726027022157284e-08,5.624013124174654e-08,2.7094189904465393,1.4439538002500065e-07,-2.9417516128374516e-07
4.314862972594519,PASSED,-0.27585697838655326,-2.7206537716676775e-08,5.206075399894582e-08,2.7094189905907986,1.4411790507894418e-07,-2.663414692382974e-07
4.315863172634527,PASSED,-0.27585697841373535,-2.7156829115369502e-08,4.8140499512825057e-08,2.709418990734782,1.4384941503077207e-07,-2.699224341279924e-07
4.316863372674535,PASSED,-0.2758569784408693,-2.7110534253315093e-08,4.506443708213061e-08,2.7094189908785133,1.4360459027420348e-07,-2.2809297152900382e-07
4.317863572714543,PASSED,-0.27585697846795887,-2.7067792011644848e-08,4.1194111395653765e-08,2.7094189910220092,1.4338435010493386e-07,-2.1500496776335768e-07
4.318863772754551,PASSED,-0.27585697849500734,-2.702848427114181e-08,3.8050159907960326e-08,2.709418991165285,1.431672250033918e-07,-2.1853852406116262e-07
4.319863972794559,PASSED,-0.275856978522018,-2.699223849201611e-08,3.5042858604187826e-08,2.7094189913083637,1.429798882285895e-07,-1.6653560862976845e-07
4.320864172834567,PASSED,-0.275856978548994,-2.6959123613554396e-08,3.1829558366732555e-08,2.7094189914512556,1.4280656392509468e-07,-1.7785010007152774e-07
4.321864372874575,PASSED,-0.2758569785759384,-2.6929135459439898e-08,2.876055127968027e-08,2.70941899159398,1.4263907529602112e-07,-1.605809817415785e-07
4.322864572914583,PASSED,-0.2758569786028542,-2.6901953961436777e-08,2.6128795818744935e-08,2.709418991736556,1.425034365132069e-07,-1.1901065019598895e-07
4.323864772954591,PASSED,-0.27585697862974395,-2.6877066998503287e-08,2.4059074343316828e-08,2.709418991878991,1.423709341319866e-07,-1.4149686856983862e-07
4.3248649729945985,PASSED,-0.2758569786566103,-2.6854943778918508e-08,2.0832649745754832e-08,2.709418992021304,1.4224883201061218e-07,-1.0917228991080621e-07
4.3258651730346065,PASSED,-0.27585697868345593,-2.6835749270605916e-08,1.81024140238156e-08,2.7094189921635055,1.4215051122414462e-07,-9.108645083875111e-08
4.3268653730746145,PASSED,-0.2758569787102831,-2.6818330080317254e-08,1.696370779856232e-08,2.7094189923056122,1.420622993501764e-07,-8.629548938786238e-08
4.3278655731146225,PASSED,-0.27585697873709414,-2.680317333667172e-08,1.3952100876843873e-08,2.7094189924476306,1.419747315865771e-07,-8.841594640694458e-08
4.3288657731546305,PASSED,-0.27585697876389104,-2.679029007182201e-08,1.2170707498289698e-08,2.709418992589575,1.4190638014147282e-07,-5.497511090250101e-08
4.3298659731946385,PASSED,-0.27585697879067583,-2.6779007486094887e-08,1.069050454634724e-08,2.7094189927314547,1.4185260425245154e-07,-5.2976407767136424e-08
4.3308661732346465,PASSED,-0.2758569788174505,-2.6769884439928442e-08,8.078073913176913e-09,2.70941899287328,1.4179863485017788e-07,-5.463139861129815e-08
4.3318663732746545,PASSED,-0.2758569788442168,-2.6762443177400622e-08,7.016721604251532e-09,2.709418993015064,1.417628347907461e-07,-2.324583331208796e-08
4.3328665733146625,PASSED,-0.2758569788709762,-2.6756142144540416e-08,5.823907030841261e-09,2.70941899315681,1.417319617769733e-07,-3.59578007466062e-08
4.3338667733546705,PASSED,-0.27585697889773025,-2.6751459099525352e-08,3.922470337875354e-09,2.709418993298527,1.4170029337632476e-07,-2.8808800583186256e-08
4.3348669733946785,PASSED,-0.27585697892448036,-2.6748466558452543e-08,2.372588229428728e-09,2.7094189934402233,1.4168668398579513e-07,-3.476450493937371e-09
4.3358671734346865,PASSED,-0.27585697895122774,-2.6746232081426996e-08,2.1424028896255442e-09,2.7094189935819055,1.4167912888794347e-07,-1.027419609017195e-08
4.3368673734746945,PASSED,-0.2758569789779736,-2.6745169814469765e-08,3.4217633563209147e-10,2.7094189937235797,1.416688866926528e-07,-1.0220861424295646e-08
4.3378675735147025,PASSED,-0.2758569790047189,-2.674529387802781e-08,-4.348901538319121e-10,2.7094189938652526,1.4167201889212153e-07,1.2034240064090034e-08
4.3388677735547105,PASSED,-0.2758569790314645,-2.674590554296204e-08,-7.295147878253793e-10,2.709418994006923,1.4167196943634044e-07,-8.105253011202191e-09
4.3398679735947185,PASSED,-0.2758569790582112,-2.6747371578379137e-08,-1.9570491699515084e-09,2.7094189941486024,1.4168158163609294e-07,2.1423834928313564e-08
4.3408681736347265,PASSED,-0.2758569790849598,-2.6749737038866444e-08,-2.63773469887895e-09,2.7094189942902887,1.4169374754274632e-07,5.993954470098743e-09
4.3418683736747345,PASSED,-0.27585697911171075,-2.6752205801632834e-08,-2.3561148113951867e-09,2.709418994431991,1.4170816902090566e-07,2.0039827285523372e-08
4.3428685737147426,PASSED,-0.27585697913846435,-2.6754925292276183e-08,-2.9617411979831795e-09,2.7094189945737077,1.4172689067384304e-07,1.7842870038618583e-08
4.343868773754751,PASSED,-0.27585697916522117,-2.675853885930909e-08,-4.0481175895280725e-09,2.709418994715439,1.4173759316346222e-07,5.942236006218689e-09
4.344868973794759,PASSED,-0.2758569791919813,-2.6761955263990508e-08,-2.9952627426717455e-09,2.709418994857189,1.417576105794134e-07,2.940086924781312e-08
4.345869173834767,PASSED,-0.2758569792187449,-2.6765145719138342e-08,-3.320583417943167e-09,2.7094189949989573,1.4178105865346862e-07,1.947954392682279e-08
4.346869373874775,PASSED,-0.27585697924551195,-2.6768803260782032e-08,-3.8821804608487145e-09,2.7094189951407435,1.417933483611949e-07,7.496483592614058e-09
4.347869573914783,PASSED,-0.27585697927228225,-2.67720368492188e-08,-2.801193754051287e-09,2.709418995282547,1.4181010600546644e-07,2.2931751390816383e-08
4.348869773954791,PASSED,-0.2758569792990558,-2.677500640008177e-08,-3.081788935581943e-09,2.709418995424367,1.4183059793832374e-07,1.886538716824715e-08
4.349869973994799,PASSED,-0.27585697932583214,-2.6777774306724554e-08,-2.558651780916983e-09,2.7094189955662027,1.4184336895100451e-07,8.70809635580407e-09
4.350870174034807,PASSED,-0.2758569793526109,-2.6779964777238072e-08,-1.9450163352524273e-09,2.7094189957080506,1.418519994696645e-07,8.578800196103936e-09
4.351870374074815,PASSED,-0.2758569793793916,-2.6781601022752198e-08,-1.4303983000434512e-09,2.709418995849909,1.4186411096418402e-07,1.4466624068448818e-08
4.352870574114823,PASSED,-0.2758569794061736,-2.678255678393677e-08,-6.393364409215421e-10,2.709418995991775,1.4187047524440486e-07,9.627176557672528e-10
4.353870774154831,PASSED,-0.27585697943295623,-2.6782815637263117e-08,-5.197916630061317e-12,2.709418996133644,1.418682472560796e-07,-4.355125645899536e-09
4.354870974194839,PASSED,-0.2758569794597387,-2.6782284070354162e-08,8.894101260079244e-10,2.7094189962755104,1.4186440446646654e-07,-3.5012322578798964e-09
4.355871174234847,PASSED,-0.2758569794865201,-2.6780792388443185e-08,1.8931964342890478e-09,2.709418996417375,1.4186401571601302e-07,1.6862374160892562e-09
4.356871374274855,PASSED,-0.2758569795132995,-2.6778199260754438e-08,3.059748525053986e-09,2.7094189965592266,1.4184601338071077e-07,-3.112805044780742e-08
4.357871574314863,PASSED,-0.2758569795400758,-2.6774570930851114e-08,4.007384155500378e-09,2.7094189967010602,1.4181948956650988e-07,-2.3454323369604428e-08
4.358871774354871,PASSED,-0.27585697956684796,-2.676987951895227e-08,5.147430394407354e-09,2.709418996842875,1.4180630782302845e-07,-6.3333568893115964e-09
4.359871974394879,PASSED,-0.27585697959361455,-2.67637001533732e-08,6.867322368842254e-09,2.7094189969846596,1.417726965320868e-07,-5.17965803098727e-08
4.360872174434887,PASSED,-0.2758569796203744,-2.6756252718150918e-08,7.834177124573805e-09,2.709418997126406,1.417204855575851e-07,-5.2487237296270914e-08
4.361872374474895,PASSED,-0.2758569796471262,-2.6747545435712722e-08,9.2893526472758e-09,2.709418997268112,1.416855654662669e-07,-2.320866066617417e-08
4.362872574514903,PASSED,-0.27585697967386824,-2.6736945523317018e-08,1.1473618894656898e-08,2.7094189974097653,1.4163126560455843e-07,-7.502732906999564e-08
4.363872774554911,PASSED,-0.2758569797005992,-2.6725046020410864e-08,1.2183425580483968e-08,2.709418997551361,1.415589231102446e-07,-7.055260447637348e-08
4.364872974594919,PASSED,-0.2758569797273173,-2.6711579458295894e-08,1.4321986471293499e-08,2.709418997692888,1.414936079699573e-07,-6.182349749461814e-08
4.365873174634927,PASSED,-0.27585697975402096,-2.66961216788921e-08,1.6214974692121684e-08,2.7094189978343386,1.4141398847228194e-07,-9.148349779583028e-08
4.366873374674935,PASSED,-0.2758569797807084,-2.667897970174606e-08,1.7759978781986413e-08,2.709418997975703,1.413163036074265e-07,-1.018191095618598e-07
4.367873574714943,PASSED,-0.27585697980737783,-2.666017244131354e-08,1.950544819954481e-08,2.7094189981169716,1.41219149826547e-07,-9.404356175789295e-08
4.368873774754951,PASSED,-0.2758569798340273,-2.6639182496900523e-08,2.197960855532944e-08,2.7094189982581356,1.4111327372673416e-07,-1.1376445851615598e-07
4.369873974794959,PASSED,-0.27585697986065477,-2.6616125361762274e-08,2.3775486193525918e-08,2.709418998399183,1.4098652082249533e-07,-1.3541186805395104e-07
4.370874174834967,PASSED,-0.2758569798872584,-2.659146358034506e-08,2.525264489967676e-08,2.709418998540104,1.4085438402616658e-07,-1.2995341517861034e-07
4.371874374874975,PASSED,-0.27585697991383595,-2.656433952299295e-08,2.837166565373028e-08,2.709418998680884,1.4071114381437677e-07,-1.5209807619725216e-07
4.372874574914983,PASSED,-0.27585697994038544,-2.6534954053470196e-08,3.006133876876604e-08,2.7094189988215214,1.4056208484441326e-07,-1.470328991409994e-07
4.373874774954991,PASSED,-0.27585697996690456,-2.6503763985324758e-08,3.194255439655642e-08,2.709418998961993,1.4038935788917625e-07,-1.8985632596768275e-07
4.374874974994999,PASSED,-0.27585697999339115,-2.647007108486437e-08,3.485979783627722e-08,2.709418999102292,1.4020645381771564e-07,-1.7826923512255566e-07
4.375875175035007,PASSED,-0.2758569800198429,-2.6433881679903072e-08,3.707580971131271e-08,2.70941899924241,1.4002943164405338e-07,-1.76190799355376e-07
4.376875375075015,PASSED,-0.27585698004625747,-2.6395697462362546e-08,3.8923156093338915e-08,2.709418999382328,1.398188739254497e-07,-2.3346899810253567e-07
4.377875575115023,PASSED,-0.27585698007263243,-2.6354842694810435e-08,4.214250852462594e-08,2.709418999522038,1.3959678913096837e-07,-2.1449532540053965e-07
4.378875775155031,PASSED,-0.2758569800989654,-2.631151536442101e-08,4.411721163262824e-08,2.709418999661526,1.3938012615545045e-07,-2.1810807559616092e-07
4.379875975195039,PASSED,-0.275856980125254,-2.626604407409058e-08,4.637400946229269e-08,2.709418999800777,1.3913262776979286e-07,-2.6709192569855695e-07
4.380876175235047,PASSED,-0.27585698015149557,-2.6217673851879165e-08,4.97010307108282e-08,2.7094189999397806,1.3887250490710214e-07,-2.5547682068549483e-07
4.381876375275055,PASSED,-0.2758569801776876,-2.616676263027647e-08,5.171801553060618e-08,2.7094190000785203,1.3860958515298352e-07,-2.678817097407253e-07
4.382876575315063,PASSED,-0.2758569802038276,-2.611369772339805e-08,5.396283444363052e-08,2.7094190002169856,1.383261423271825e-07,-2.9381690317457604e-07
4.383876775355071,PASSED,-0.27585698022991284,-2.6057533662868997e-08,5.763154458600524e-08,2.7094190003551617,1.3802777710835005e-07,-3.0139742927099515e-07
4.384876975395079,PASSED,-0.27585698025594074,-2.599863296414752e-08,5.974680147846157e-08,2.709419000493029,1.37712253427151e-07,-3.249411824843922e-07
4.385877175435087,PASSED,-0.27585698028190864,-2.5937571084981584e-08,6.1938597624251e-08,2.7094190006305823,1.3739238259356924e-07,-3.1649060097999087e-07
4.386877375475095,PASSED,-0.2758569803078138,-2.5873524551225538e-08,6.545182451057422e-08,2.709419000767803,1.370560301630169e-07,-3.495936502672179e-07
4.387877575515103,PASSED,-0.2758569803336535,-2.580645376998065e-08,6.815008573442867e-08,2.7094190009046795,1.3669885426270446e-07,-3.622307336759098e-07
4.388877775555111,PASSED,-0.275856980359425,-2.573700925488464e-08,7.030746800373573e-08,2.709419001041192,1.3632968969922426e-07,-3.7378711668310807e-07
4.389877975595119,PASSED,-0.2758569803851256,-2.5664778824008064e-08,7.3512406125133e-08,2.7094190011773285,1.3594659422876393e-07,-3.8930103964512796e-07
4.390878175635127,PASSED,-0.27585698041075246,-2.5589457512757197e-08,7.652724800135511e-08,2.7094190013130763,1.3555081803744102e-07,-4.000929591080992e-07
4.391878375675135,PASSED,-0.2758569804363028,-2.5511615313997235e-08,7.871883259903138e-08,2.709419001448417,1.3513603574162938e-07,-4.245751869473197e-07
4.392878575715143,PASSED,-0.2758569804617738,-2.543106455631614e-08,8.17720410691368e-08,2.7094190015833366,1.3470569523892104e-07,-4.3418404654903474e-07
4.393878775755151,PASSED,-0.2758569804871626,-2.5347334941888874e-08,8.503466333268469e-08,2.709419001717823,1.342681498154602e-07,-4.397863414020418e-07
4.394878975795159,PASSED,-0.2758569805124665,-2.5260835891056403e-08,8.747530916565904e-08,2.7094190018518587,1.338102293644198e-07,-4.70009857465947e-07
4.395879175835167,PASSED,-0.27585698053768254,-2.5171801984632614e-08,9.007297126254442e-08,2.709419001985429,1.3333302837779172e-07,-4.819950727361507e-07
4.396879375875175,PASSED,-0.2758569805628079,-2.5079582778662657e-08,9.365002910822743e-08,2.7094190021185183,1.3284715959211096e-07,-4.884512609771775e-07
4.397879575915183,PASSED,-0.27585698058783975,-2.4984500901238574e-08,9.603644296798921e-08,2.709419002251114,1.3234821562453372e-07,-5.059391053106194e-07
4.398879775955191,PASSED,-0.2758569806127752,-2.488691748982055e-08,9.861472371804412e-08,2.709419002383198,1.3182558761740982e-07,-5.337539416661109e-07
4.399879975995199,PASSED,-0.2758569806376115,-2.4786345021305177e-08,1.0187763171359555e-07,2.7094190025147564,1.312911849322624e-07,-5.348351808016033e-07
4.400880176035207,PASSED,-0.27585698066234576,-2.468274570931619e-08,1.0474709883924229e-07,2.709419002645777,1.3075127584691378e-07,-5.432916883799908e-07
4.401880376075215,PASSED,-0.2758569806869751,-2.457644245772961e-08,1.073406867514732e-07,2.7094190027762393,1.3018184500040802e-07,-5.868569519229537e-07
4.402880576115223,PASSED,-0.2758569807114968,-2.446744907739518e-08,1.1009517605639781e-07,2.7094190029061327,1.296031220698918e-07,-5.733002495783946e-07
4.403880776155231,PASSED,-0.27585698073590786,-2.4355372185029793e-08,1.1339803657137888e-07,2.709419003035438,1.2901334884308682e-07,-6.007552116227207e-07
4.404880976195239,PASSED,-0.27585698076020565,-2.4240647325164916e-08,1.1560940872721332e-07,2.709419003164146,1.2840529227732583e-07,-6.129241351864984e-07
4.405881176235247,PASSED,-0.27585698078438725,-2.4123182503053134e-08,1.1870176436816164e-07,2.7094190032922363,1.277800455716391e-07,-6.334617526868673e-07
4.406881376275255,PASSED,-0.27585698080845,-2.400277960626198e-08,1.215369850731505e-07,2.709419003419699,1.2714570395858547e-07,-6.349281866314663e-07
4.407881576315263,PASSED,-0.27585698083239096,-2.3879635962032214e-08,1.2421475033417816e-07,2.709419003546514,1.264906382183211e-07,-6.684907760196275e-07
4.408881776355271,PASSED,-0.2758569808562076,-2.375402957509159e-08,1.265341446782534e-07,2.7094190036726715,1.2582365438904278e-07,-6.659791981174524e-07
4.409881976395279,PASSED,-0.27585698087989696,-2.3625419017182126e-08,1.2999483339694335e-07,2.7094190037981556,1.2514734087212092e-07,-6.832030627915066e-07
4.410882176435287,PASSED,-0.2758569809034565,-2.34940547579591e-08,1.3227720977374165e-07,2.709419003922951,1.244483084037377e-07,-7.095854054443203e-07
4.411882376475295,PASSED,-0.2758569809268835,-2.336036241129839e-08,1.3463577125202457e-07,2.7094190040470445,1.237386350769048e-07,-7.097319410919805e-07
4.412882576515303,PASSED,-0.27585698095017525,-2.3223776585686306e-08,1.378858618521229e-07,2.7094190041704236,1.2302212187547694e-07,-7.210340416517684e-07
4.413882776555311,PASSED,-0.27585698097332917,-2.308457777139507e-08,1.4007411591730943e-07,2.709419004293068,1.222756724109533e-07,-7.633930797715288e-07
4.414882976595319,PASSED,-0.2758569809963426,-2.2942853315494625e-08,1.4282468255587132e-07,2.7094190044149733,1.2152914957085906e-07,-7.352760136427383e-07
4.415883176635327,PASSED,-0.2758569810192131,-2.2798564581541522e-08,1.4526476821792295e-07,2.7094190045361177,1.2076804729579703e-07,-7.783197826749107e-07
4.416883376675335,PASSED,-0.27585698104193795,-2.2651771271384267e-08,1.4781233811681176e-07,2.709419004656495,1.1998776156501387e-07,-7.815963628553115e-07
4.417883576715343,PASSED,-0.27585698106451473,-2.2502378723293848e-08,1.504460214061582e-07,2.709419004776083,1.191931732007915e-07,-8.032496984670929e-07
4.418883776755351,PASSED,-0.275856981086941,-2.2350566668703723e-08,1.5272274337943887e-07,2.7094190048948765,1.1839282264546528e-07,-7.984177932322991e-07
4.419883976795359,PASSED,-0.27585698110921425,-2.2196412836186106e-08,1.551078919430717e-07,2.70941900501286,1.1757890935397372e-07,-8.242436236644035e-07
4.420884176835367,PASSED,-0.2758569811313321,-2.2039804911133464e-08,1.5760794712568646e-07,2.709419005130019,1.1674327376891852e-07,-8.432302259823695e-07
4.421884376875375,PASSED,-0.2758569811532922,-2.1880871076403415e-08,1.5981775979962407e-07,2.7094190052463434,1.159043387613614e-07,-8.36071528606972e-07
4.422884576915383,PASSED,-0.27585698117509233,-2.1719817540216477e-08,1.6187738711181617e-07,2.709419005361819,1.1505260235652595e-07,-8.621796556544218e-07
4.423884776955391,PASSED,-0.27585698119673,-2.1556200825055555e-08,1.6477626719365728e-07,2.709419005476434,1.1418095757550068e-07,-8.779548646058356e-07
4.424884976995399,PASSED,-0.2758569812182031,-2.1390314019144314e-08,1.6662716505630034e-07,2.709419005590179,1.1330766157476923e-07,-8.701900914818438e-07
4.425885177035407,PASSED,-0.27585698123950947,-2.1222687796251863e-08,1.682922614498832e-07,2.7094190057030394,1.1241912371174514e-07,-9.007697107189232e-07
4.426885377075415,PASSED,-0.27585698126064684,-2.1052677565043724e-08,1.7115554438031055e-07,2.7094190058150036,1.1151222342361403e-07,-9.109873397392264e-07
4.427885577115423,PASSED,-0.2758569812816132,-2.088048814274385e-08,1.7287867424624797e-07,2.709419005926065,1.1060799827302712e-07,-8.997170244853646e-07
4.428885777155431,PASSED,-0.27585698130240655,-2.0706624349333537e-08,1.745205395196869e-07,2.709419006036208,1.0968633742755785e-07,-9.362900594585439e-07
4.429885977195439,PASSED,-0.27585698132302466,-2.053034631391629e-08,1.7744969934895612e-07,2.7094190061454224,1.0874451219950255e-07,-9.455153404531485e-07
4.430886177235447,PASSED,-0.2758569813434658,-2.0352207158573282e-08,1.7859879267237535e-07,2.7094190062537,1.0780738753333314e-07,-9.315308833135814e-07
4.431886377275455,PASSED,-0.27585698136372805,-2.017262273085814e-08,1.802415177436558e-07,2.7094190063610304,1.0685932128739591e-07,-9.590898210196665e-07
4.432886577315463,PASSED,-0.2758569813838095,-1.9990782968912115e-08,1.8290525808093825e-07,2.709419006467402,1.058883944029557e-07,-9.78818260053912e-07
4.433886777355471,PASSED,-0.2758569814037083,-1.9807053302211767e-08,1.8427927244662246e-07,2.7094190065728077,1.049193648319123e-07,-9.625037783697488e-07
4.434886977395479,PASSED,-0.27585698142342274,-1.962213758913879e-08,1.8534000682387908e-07,2.7094190066772366,1.0394318701493306e-07,-9.852938427188936e-07
4.435887177435487,PASSED,-0.2758569814429512,-1.943527419568299e-08,1.878789845437476e-07,2.709419006780679,1.0294593650984589e-07,-1.005221613332677e-06
4.436887377475495,PASSED,-0.27585698146229193,-1.9246517650221148e-08,1.8934158607390668e-07,2.70941900688313,1.0195213465657833e-07,-9.861886798908183e-07
4.437887577515503,PASSED,-0.27585698148144344,-1.905674313645213e-08,1.9006313223242134e-07,2.7094190069845747,1.0094446471271493e-07,-1.0219907865117857e-06
4.438887777555511,PASSED,-0.2758569815004042,-1.886528362189709e-08,1.9239043610345728e-07,2.7094190070850113,9.992695500785795e-08,-1.0145223170871067e-06
4.439887977595519,PASSED,-0.2758569815191728,-1.8672128381304412e-08,1.936651102521571e-07,2.7094190071844286,9.890963569159613e-08,-1.0191839823782953e-06
4.440888177635527,PASSED,-0.27585698153774774,-1.8477909141655235e-08,1.945886592471902e-07,2.709419007282821,9.787924722725862e-08,-1.037858118976986e-06
4.441888377675535,PASSED,-0.2758569815561277,-1.828236408628737e-08,1.9618265278164916e-07,2.7094190073801814,9.684163121534067e-08,-1.0374546072119217e-06
4.442888577715543,PASSED,-0.2758569815743114,-1.8085273776313975e-08,1.9769541476788838e-07,2.7094190074765008,9.57991111078321e-08,-1.0458971077063418e-06
4.443888777755551,PASSED,-0.27585698159229755,-1.7887218716327607e-08,1.982948234653551e-07,2.7094190075717726,9.47474218554116e-08,-1.055550682229953e-06
4.444888977795559,PASSED,-0.2758569816100851,-1.7688161691879587e-08,1.995651584364622e-07,2.709419007665995,9.369651193559368e-08,-1.0478160782098914e-06
4.445889177835567,PASSED,-0.2758569816276729,-1.7487774089820854e-08,2.009358978069171e-07,2.709419007759158,9.263422891007494e-08,-1.0719276570579715e-06
4.446889377875575,PASSED,-0.2758569816450599,-1.7286320312013304e-08,2.0179903114130624e-07,2.7094190078512583,9.156558149658855e-08,-1.0664605844386507e-06
4.447889577915583,PASSED,-0.2758569816622452,-1.7084255342216843e-08,2.0224226223323393e-07,2.70941900794229,9.049824977927392e-08,-1.0679124725652834e-06
4.448889777955591,PASSED,-0.2758569816792278,-1.6881140679961713e-08,2.0369626226972864e-07,2.709419008032247,8.941902971106206e-08,-1.0867584653095756e-06
4.449889977995599,PASSED,-0.2758569816960068,-1.6677046067899222e-08,2.0436017859099698e-07,2.709419008121128,8.834019063553411e-08,-1.0735594823401868e-06
4.450890178035607,PASSED,-0.27585698171258155,-1.6472479969287652e-08,2.0470337862528875e-07,2.7094190082089225,8.725411269901176e-08,-1.0944235726437986e-06
4.451890378075615,PASSED,-0.2758569817289513,-1.6267184835097666e-08,2.0568963789978266e-07,2.7094190082956353,8.616804262800579e-08,-1.080501069914088e-06
4.452890578115623,PASSED,-0.27585698174511525,-1.6060866657186405e-08,2.0673720458558194e-07,2.709419008381258,8.507994346926693e-08,-1.0931645512887186e-06
4.453890778155631,PASSED,-0.275856981761073,-1.5854442994093824e-08,2.0621463543058e-07,2.7094190084657854,8.397802459824532e-08,-1.10775508417688e-06
4.454890978195639,PASSED,-0.2758569817768239,-1.5647565244551153e-08,2.073198256173984e-07,2.7094190085492182,8.288299807451012e-08,-1.0865408167740805e-06
4.455891178235647,PASSED,-0.2758569817923675,-1.543982082823992e-08,2.0802747677378696e-07,2.7094190086315537,8.179038324739373e-08,-1.0966641673446022e-06
4.456891378275655,PASSED,-0.2758569818077034,-1.523189895588729e-08,2.078514694051963e-07,2.7094190087127887,8.068331203215486e-08,-1.1140092471683754e-06
4.457891578315663,PASSED,-0.27585698182283125,-1.502390227655372e-08,2.080934859524828e-07,2.7094190087929215,7.957887651913147e-08,-1.0980530235933812e-06
4.458891778355671,PASSED,-0.27585698183775087,-1.4815407070242978e-08,2.087630198829175e-07,2.709419008871952,7.848164581911379e-08,-1.0966824843005597e-06
4.459891978395679,PASSED,-0.275856981852462,-1.4606793499261607e-08,2.0851393838034077e-07,2.709419008949878,7.737446933525156e-08,-1.1141724835699967e-06
4.460892178435687,PASSED,-0.27585698186696445,-1.4398074592976705e-08,2.088555515546079e-07,2.709419009026699,7.626518036763344e-08,-1.1060332903168733e-06
4.461892378475695,PASSED,-0.2758569818812582,-1.4189323015676068e-08,2.0868226113132495e-07,2.709419009102411,7.515889785896874e-08,-1.10644865422991e-06
4.462892578515703,PASSED,-0.2758569818953432,-1.3980760091023746e-08,2.0848336699965463e-07,2.709419009177021,7.405904007647955e-08,-1.095463867995386e-06
4.463892778555711,PASSED,-0.27585698190921953,-1.377200624922057e-08,2.0893415833885717e-07,2.7094190092505244,7.295199773738302e-08,-1.114761319830631e-06
4.464892978595719,PASSED,-0.27585698192288727,-1.3563397846242007e-08,2.0839123273836635e-07,2.709419009322924,7.184492759961215e-08,-1.1019426830643602e-06
4.465893178635727,PASSED,-0.2758569819363466,-1.3355263688212177e-08,2.0796277489080414e-07,2.709419009394219,7.074574926844219e-08,-1.0973354299070454e-06
4.466893378675735,PASSED,-0.27585698194959785,-1.3147221010847984e-08,2.0809594567978478e-07,2.7094190094644097,6.963915623350061e-08,-1.1127647716312614e-06
4.467893578715743,PASSED,-0.2758569819626412,-1.2939462898859849e-08,2.0753288952703412e-07,2.7094190095335025,6.854143991865645e-08,-1.087684010319429e-06
4.468893778755751,PASSED,-0.27585698197547714,-1.273235257313191e-08,2.068286165285418e-07,2.7094190096014943,6.744476594635307e-08,-1.1026672802926797e-06
4.469893978795759,PASSED,-0.27585698198810604,-1.2525377690743066e-08,2.0707239296238301e-07,2.7094190096683892,6.634465000253167e-08,-1.0984150528405416e-06
4.470894178835767,PASSED,-0.27585698200052833,-1.231897447158226e-08,2.0595710329308677e-07,2.7094190097341913,6.525602881054802e-08,-1.0820919514123982e-06
4.471894378875775,PASSED,-0.2758569820127446,-1.2113489814645611e-08,2.0516969269902553e-07,2.709419009798902,6.416766405594776e-08,-1.0925466233921516e-06
4.472894578915783,PASSED,-0.2758569820247556,-1.1908466371742881e-08,2.0492594303853256e-07,2.7094190098625233,6.307429995758591e-08,-1.093909081674992e-06
4.473894778955791,PASSED,-0.2758569820365619,-1.1703933941264281e-08,2.0427008877197814e-07,2.709419009925062,6.199731283405208e-08,-1.0657058181064013e-06
4.474894978995799,PASSED,-0.27585698204816417,-1.1500436945107405e-08,2.0298160108014307e-07,2.709419009986522,6.092434186473213e-08,-1.0778144034623188e-06
4.475895179035807,PASSED,-0.2758569820595633,-1.1297874038300869e-08,2.0228377729079967e-07,2.7094190100469024,5.984013570561504e-08,-1.0884673295536125e-06
4.476895379075815,PASSED,-0.2758569820707602,-1.1095825263003521e-08,2.0189210730171233e-07,2.709419010106212,5.877219640409662e-08,-1.0542539494949605e-06
4.477895579115823,PASSED,-0.2758569820817557,-1.0894821828129652e-08,2.0041098658864095e-07,2.709419010164456,5.7716155581674596e-08,-1.0572320710400536e-06
4.478895779155831,PASSED,-0.2758569820925508,-1.0695048707689754e-08,1.9934787634073482e-07,2.7094190102216387,5.665167290523896e-08,-1.0693164133660275e-06
4.479895979195839,PASSED,-0.27585698210314646,-1.0496141329162758e-08,1.9861371331783678e-07,2.709419010277763,5.559376946388966e-08,-1.0502947933381427e-06
4.480896179235847,PASSED,-0.27585698211354387,-1.0298348578022358e-08,1.9724544302210768e-07,2.70941901033284,5.4555940759789007e-08,-1.0295179779423285e-06
4.481896379275855,PASSED,-0.2758569821237441,-1.010174169828339e-08,1.961811708835415e-07,2.7094190103868705,5.351085746366118e-08,-1.055460174918163e-06
4.482896579315863,PASSED,-0.27585698213374843,-9.90658594660131e-09,1.9447213888110463e-07,2.709419010439863,5.24699389045841e-08,-1.0312241485163715e-06
4.483896779355871,PASSED,-0.27585698214355797,-9.712479116468043e-09,1.9386329096804305e-07,2.7094190104918274,5.14532977466799e-08,-1.00691916416274e-06
4.484896979395879,PASSED,-0.2758569821531742,-9.519728211717043e-09,1.9200931393963875e-07,2.7094190105427645,5.042682221512212e-08,-1.0395131098211476e-06
4.485897179435887,PASSED,-0.27585698216259846,-9.328440906850122e-09,1.90805965485109e-07,2.709419010592683,4.940444246266323e-08,-1.0109575142173743e-06
4.486897379475895,PASSED,-0.275856982171832,-9.138420930489898e-09,1.8949598361029956e-07,2.709419010641595,4.8412994122742614e-08,-9.78442223722784e-07
4.487897579515903,PASSED,-0.27585698218087645,-8.950048526659443e-09,1.876233506438916e-07,2.709419010689505,4.741365763961229e-08,-1.0132659894020203e-06
4.488897779555911,PASSED,-0.2758569821897332,-8.763231897453964e-09,1.8627881491320262e-07,2.709419010736418,4.640922645680258e-08,-9.9854131174817e-07
4.489897979595919,PASSED,-0.27585698219840393,-8.577940139573697e-09,1.8463371985831002e-07,2.709419010782347,4.543886879870545e-08,-9.515685556631098e-07
4.490898179635927,PASSED,-0.2758569822068902,-8.394273246020552e-09,1.830223426830348e-07,2.7094190108272986,4.447045133723141e-08,-9.796500653479829e-07
4.491898379675935,PASSED,-0.2758569822151936,-8.212156471107339e-09,1.815130630666692e-07,2.709419010871284,4.3497662695838316e-08,-9.682143587565047e-07
4.492898579715943,PASSED,-0.27585698222331595,-8.032087626174274e-09,1.7910603284399345e-07,2.7094190109143055,4.254174634131169e-08,-9.477176850400409e-07
4.493898779755951,PASSED,-0.275856982231259,-7.853789729491826e-09,1.7775913924141956e-07,2.7094190109563847,4.161097065531755e-08,-9.194810199635276e-07
4.494898979795959,PASSED,-0.27585698223902444,-7.676816543935014e-09,1.7644921643373755e-07,2.7094190109975163,4.066188889579268e-08,-9.688155858991103e-07
4.495899179835967,PASSED,-0.27585698224661415,-7.502041177842215e-09,1.7365946586550568e-07,2.7094190110377196,3.973240293899156e-08,-9.032662040691332e-07
4.496899379875975,PASSED,-0.27585698225403,-7.329346342277287e-09,1.7205174869787613e-07,2.709419011077002,3.8831271091278675e-08,-8.997089434753833e-07
4.497899579915983,PASSED,-0.275856982261274,-7.158283710610825e-09,1.7040322031218564e-07,2.7094190111153726,3.791573953025999e-08,-9.260799727142233e-07
4.498899779955991,PASSED,-0.27585698226834804,-6.989326673897028e-09,1.679929143148704e-07,2.7094190111528453,3.701915136509257e-08,-8.769269601362196e-07
4.499899979995999,PASSED,-0.2758569822752541,-6.822430505375412e-09,1.6616500465944699e-07,2.7094190111894254,3.614115027710964e-08,-8.787171732140677e-07
4.500900180036007,PASSED,-0.27585698228199423,-6.657445228060243e-09,1.6419879241898513e-07,2.7094190112251297,3.526628128084865e-08,-8.723035449589422e-07
4.501900380076015,PASSED,-0.27585698228857064,-6.494744297623053e-09,1.6170235578265963e-07,2.7094190112599636,3.4399601149115464e-08,-8.629311895826788e-07
4.502900580116023,PASSED,-0.2758569822949853,-6.334162775766449e-09,1.5983429923923318e-07,2.7094190112939427,3.355237685701316e-08,-8.367530271153915e-07
4.503900780156031,PASSED,-0.2758569823012403,-6.175509727639373e-09,1.5786554738563887e-07,2.7094190113270766,3.271576734863504e-08,-8.365138292199462e-07
4.504900980196039,PASSED,-0.275856982307338,-6.01934156024018e-09,1.5503658074156223e-07,2.709419011359374,3.187922733694275e-08,-8.36557466673845e-07
4.505901180236047,PASSED,-0.2758569823132805,-5.865255534041351e-09,1.534523231703391e-07,2.709419011390854,3.107102225540835e-08,-7.893034914414371e-07
4.506901380276055,PASSED,-0.2758569823190701,-5.713437420738993e-09,1.5072864005703882e-07,2.7094190114215206,3.026689722194009e-08,-8.140060614861465e-07
4.507901580316063,PASSED,-0.27585698232470907,-5.5640799234708215e-09,1.484434020755934e-07,2.7094190114513914,2.946935734963215e-08,-7.865624128557943e-07
4.508901780356071,PASSED,-0.2758569823301996,-5.416657612974184e-09,1.4674158277733418e-07,2.709419011480475,2.869393671009812e-08,-7.679927906528611e-07
4.509901980396079,PASSED,-0.27585698233554423,-5.271879793466716e-09,1.43468643994222e-07,2.709419011508784,2.792563231570038e-08,-7.685121302276567e-07
4.510902180436087,PASSED,-0.2758569823407451,-5.129536256206768e-09,1.415934661037664e-07,2.709419011536334,2.7170310333204534e-08,-7.465285506746413e-07
4.511902380476095,PASSED,-0.27585698234580486,-4.989396989069778e-09,1.391698011591393e-07,2.709419011563137,2.6432805038274967e-08,-7.314897910995194e-07
4.512902580516103,PASSED,-0.27585698235072564,-4.851681016283634e-09,1.3674675387081353e-07,2.709419011589202,2.5698790739657304e-08,-7.356973036297612e-07
4.513902780556111,PASSED,-0.2758569823555101,-4.716622880995263e-09,1.3393238956674243e-07,2.7094190116145453,2.4981306416323303e-08,-7.053423364701609e-07
4.514902980596119,PASSED,-0.27585698236016054,-4.583840983889529e-09,1.320149021317285e-07,2.7094190116391803,2.4285620240299946e-08,-6.892487357254854e-07
4.515903180636127,PASSED,-0.2758569823646795,-4.4534711616434355e-09,1.2927310232233634e-07,2.709419011663117,2.3590394789592322e-08,-6.992099273623833e-07
4.516903380676135,PASSED,-0.2758569823690694,-4.325806219128724e-09,1.2659283597629416e-07,2.70941901168637,2.290966904122067e-08,-6.684029623778312e-07
4.517903580716143,PASSED,-0.2758569823733329,-4.200627615678507e-09,1.2423578176616446e-07,2.709419011708953,2.2252357749902714e-08,-6.499168439447044e-07
4.518903780756151,PASSED,-0.27585698237747236,-4.0778172923057e-09,1.2186001777723544e-07,2.709419011730881,2.160389354831224e-08,-6.474957733543193e-07
4.519903980796159,PASSED,-0.2758569823814905,-3.957807227538345e-09,1.1877676276076816e-07,2.709419011752165,2.0961579318557905e-08,-6.388598673543479e-07
4.520904180836167,PASSED,-0.27585698238538975,-3.8402658518597174e-09,1.1671778429053365e-07,2.7094190117728205,2.034247008607855e-08,-6.059421425626911e-07
4.521904380876175,PASSED,-0.2758569823891727,-3.7251506655347694e-09,1.1404678768122409e-07,2.709419011792857,1.973208952959375e-08,-6.133394990995351e-07
4.522904580916183,PASSED,-0.275856982392842,-3.6128408387723057e-09,1.1115185281662294e-07,2.709419011812295,1.9137562298490187e-08,-5.819857191062511e-07
4.523904780956191,PASSED,-0.2758569823964002,-3.5030622841335873e-09,1.0886302252011602e-07,2.709419011831143,1.855758034661889e-08,-5.786461070479964e-07
4.524904980996199,PASSED,-0.2758569823998499,-3.395750877033728e-09,1.06276996819688e-07,2.7094190118494157,1.7985294964147342e-08,-5.680448994205829e-07
4.525905181036207,PASSED,-0.27585698240319373,-3.2913753897133648e-09,1.0310781432081323e-07,2.7094190118671295,1.743604358477957e-08,-5.367223659992266e-07
4.526905381076215,PASSED,-0.27585698240643436,-3.1894722524164787e-09,1.011000192809344e-07,2.709419011884293,1.6893569479116084e-08,-5.46308598772994e-07
4.527905581116223,PASSED,-0.27585698240957435,-3.0900285321755435e-09,9.83395208809357e-08,2.7094190119009265,1.6366458774135366e-08,-5.143121091192007e-07
4.528905781156231,PASSED,-0.2758569824126163,-2.9933586609481276e-09,9.555677145840305e-08,2.70941901191704,1.5858518379766188e-08,-5.036925845358296e-07
4.529905981196239,PASSED,-0.2758569824155629,-2.899250116815294e-09,9.314305924912076e-08,2.709419011932648,1.535708395265952e-08,-4.999289888205582e-07
4.530906181236247,PASSED,-0.27585698241841683,-2.808005882686949e-09,8.997835071449414e-08,2.7094190119477664,1.4874289614162822e-08,-4.713712382807897e-07
4.531906381276255,PASSED,-0.2758569824211806,-2.7191654109205518e-09,8.808188580099926e-08,2.7094190119624053,1.4403163715345063e-08,-4.7096233917573805e-07
4.532906581316263,PASSED,-0.275856982423857,-2.632956838052019e-09,8.495969758022228e-08,2.709419011976583,1.3946413933283964e-08,-4.472747439846746e-07
4.533906781356271,PASSED,-0.27585698242644857,-2.5496224695820295e-09,8.225081572983426e-08,2.7094190119903097,1.3504915171993494e-08,-4.376481061610008e-07
4.534906981396279,PASSED,-0.27585698242895795,-2.468630067514226e-09,8.015345962645016e-08,2.709419012003602,1.3076882497988992e-08,-4.2162238590016786e-07
4.535907181436287,PASSED,-0.27585698243138784,-2.3904750137620457e-09,7.682278316933407e-08,2.709419012016473,1.26624712821557e-08,-4.096037691220416e-07
4.536907381476295,PASSED,-0.2758569824337408,-2.3149956636769416e-09,7.458372802895129e-08,2.7094190120289365,1.2261673227990036e-08,-3.9492757752807883e-07
4.537907581516303,PASSED,-0.27585698243601947,-2.241867949883148e-09,7.215703763702185e-08,2.709419012041009,1.187921820450743e-08,-3.741399874522897e-07
4.538907781556311,PASSED,-0.2758569824382265,-2.1715360004304322e-09,6.911522399651196e-08,2.7094190120526975,1.1499402762125102e-08,-3.83599079002352e-07
4.539907981596319,PASSED,-0.27585698244036444,-2.1038323262186617e-09,6.676264102194274e-08,2.709419012064023,1.1142794256460154e-08,-3.386147901066802e-07
4.540908181636327,PASSED,-0.2758569824424359,-2.0385305481741594e-09,6.432786939287485e-08,2.7094190120749952,1.0802390330743623e-08,-3.4159668278976454e-07
4.541908381676335,PASSED,-0.27585698244444345,-1.9759934580210713e-09,6.134323732656412e-08,2.7094190120856316,1.0467589130867298e-08,-3.302708779340315e-07
4.542908581716343,PASSED,-0.27585698244638973,-1.916153041010154e-09,5.8838536800486024e-08,2.7094190120959394,1.0145789090836021e-08,-3.1615281476277426e-07
4.543908781756351,PASSED,-0.27585698244827733,-1.85857909047758e-09,5.673089302063295e-08,2.7094190121059385,9.846798401831044e-09,-2.8754927183311197e-07
4.544908981796359,PASSED,-0.2758569824501087,-1.8036266925662795e-09,5.376673450507874e-08,2.70941901211564,9.5567624416065e-09,-2.9169375248550006e-07
4.545909181836367,PASSED,-0.2758569824518864,-1.7512764821048587e-09,5.1405861098982426e-08,2.7094190121250565,9.273034948760525e-09,-2.784166530862925e-07
4.546909381876375,PASSED,-0.27585698245361295,-1.7013708081009722e-09,4.890554927382249e-08,2.709419012134202,9.012322172341173e-09,-2.4891019197472425e-07
4.547909581916383,PASSED,-0.2758569824552909,-1.6540040150905544e-09,4.6340955501481224e-08,2.709419012143091,8.76488531010623e-09,-2.464546424084192e-07
4.548909781956391,PASSED,-0.2758569824569227,-1.6090733339646234e-09,4.399049820889773e-08,2.709419012151733,8.5183495343576e-09,-2.465898646421056e-07
4.549909981996399,PASSED,-0.2758569824585108,-1.5666708426424104e-09,4.134382006442298e-08,2.7094190121601454,8.297305681708647e-09,-2.0401317798685e-07
4.550910182036407,PASSED,-0.2758569824600577,-1.5266632040370684e-09,3.9116850965954484e-08,2.70941901216834,8.092286256358931e-09,-2.056902569249605e-07
4.551910382076415,PASSED,-0.2758569824615658,-1.4890761829355533e-09,3.6567134525221945e-08,2.7094190121763284,7.88499208057289e-09,-2.0836345502676077e-07
4.552910582116423,PASSED,-0.27585698246303747,-1.4537866653920395e-09,3.4437772889041494e-08,2.709419012184122,7.69669991489718e-09,-1.7491130610834342e-07
4.553910782156431,PASSED,-0.27585698246447515,-1.4209921259384628e-09,3.1699050496600284e-08,2.709419012191738,7.531460284774805e-09,-1.587918461317279e-07
4.554910982196439,PASSED,-0.2758569824658812,-1.3906925964275408e-09,2.93665155204697e-08,2.709419012199189,7.371071954311179e-09,-1.6145265335155692e-07
4.555911182236447,PASSED,-0.2758569824672579,-1.362473109400718e-09,2.745480136439164e-08,2.7094190122064807,7.2115044389680505e-09,-1.5831075667084364e-07
4.556911382276455,PASSED,-0.2758569824686077,-1.3365088704569417e-09,2.4970530663366153e-08,2.7094190122136284,7.075724184605753e-09,-1.2075991948993204e-07
4.557911582316463,PASSED,-0.2758569824699327,-1.313022054315376e-09,2.2497673127032376e-08,2.7094190122206485,6.9622688516580805e-09,-1.0858560858616685e-07
4.558911782356471,PASSED,-0.2758569824712352,-1.2917294689067184e-09,2.0489193596407688e-08,2.7094190122275474,6.840117166755776e-09,-1.3119573577972914e-07
4.559911982396479,PASSED,-0.27585698247251755,-1.2725409401808404e-09,1.83214188121917e-08,2.70941901223434,6.735130085787664e-09,-8.75146444270349e-08
4.560912182436487,PASSED,-0.2758569824737819,-1.2555865311617852e-09,1.604306915696413e-08,2.7094190122410358,6.6542253842848996e-09,-7.649807288658467e-08
4.561912382476495,PASSED,-0.2758569824750303,-1.2408276906688109e-09,1.3902688050314505e-08,2.7094190122476505,6.575852840323062e-09,-7.962219134533919e-08
4.562912582516503,PASSED,-0.2758569824762651,-1.2282464466218406e-09,1.1700281378074136e-08,2.709419012254192,6.503342584242029e-09,-6.776896590482934e-08
4.563912782556511,PASSED,-0.27585698247748835,-1.2178200269413036e-09,9.577178548845519e-09,2.709419012260671,6.450154669506982e-09,-4.346721395519027e-08
4.564912982596519,PASSED,-0.275856982478702,-1.2091973102124687e-09,7.986408848827875e-09,2.7094190122670994,6.406925037245241e-09,-4.307124446610861e-08
4.565913182636527,PASSED,-0.2758569824799082,-1.2027187883344401e-09,5.473263897495615e-09,2.7094190122734876,6.368143516117584e-09,-3.592170556868991e-08
4.566913382676535,PASSED,-0.275856982481109,-1.1985691368349485e-09,3.2672432341558953e-09,2.7094190122798505,6.350827851170143e-09,-4.911637866608866e-09
4.567913582716543,PASSED,-0.27585698248230645,-1.1959960001268895e-09,2.1103990239943644e-09,2.709419012286193,6.336815379862641e-09,-2.0079693601430913e-08
4.568913782756551,PASSED,-0.2758569824835023,-1.195298944116596e-09,-2.4517266550730845e-10,2.7094190122925275,6.328228498656556e-09,-9.250062758547135e-10
4.569913982796559,PASSED,-0.27585698248469864,-1.19690624689516e-09,-2.515389520601485e-09,2.709419012298863,6.338472741136397e-09,1.7690408316972176e-08
4.570914182836567,PASSED,-0.27585698248589735,-1.2002071720090016e-09,-3.824615509335179e-09,2.709419012305212,6.358733557108207e-09,2.1974421075036638e-08
4.571914382876575,PASSED,-0.2758569824871002,-1.2050895327750625e-09,-5.587524270544794e-09,2.7094190123115833,6.382889527637785e-09,2.5610336832604175e-08
4.572914582916583,PASSED,-0.275856982488309,-1.211975018469991e-09,-7.750793311184486e-09,2.7094190123179875,6.4210671279528424e-09,4.655577597002724e-08
4.573914782956591,PASSED,-0.2758569824895255,-1.2206624508752261e-09,-9.311858467935371e-09,2.709419012324432,6.468207645805114e-09,4.7530345773767e-08
4.574914982996599,PASSED,-0.2758569824907515,-1.231123113650014e-09,-1.1226532312689636e-08,2.7094190123309256,6.518281247040182e-09,5.1769104875936417e-08
4.575915183036607,PASSED,-0.27585698249198876,-1.2430924789950403e-09,-1.246458736658377e-08,2.70941901233748,6.5852833789711896e-09,7.715748330105536e-08
4.576915383076615,PASSED,-0.27585698249323887,-1.2566876044930701e-09,-1.4348817585660577e-08,2.7094190123441027,6.660202422507436e-09,7.342675035970773e-08
4.577915583116623,PASSED,-0.2758569824945034,-1.272143014218408e-09,-1.6193137818456066e-08,2.7094190123507995,6.733924614592058e-09,7.391915323456574e-08
4.578915783156631,PASSED,-0.27585698249578405,-1.2889458360712915e-09,-1.7209277875835093e-08,2.7094190123575848,6.8297045160279246e-09,1.1035373357006619e-07
4.579915983196639,PASSED,-0.2758569824970823,-1.3071978498982871e-09,-1.8947171127769093e-08,2.70941901236446,6.926413949105235e-09,8.761323274880625e-08
4.580916183236647,PASSED,-0.27585698249839957,-1.3271439583785265e-09,-2.0612066715219735e-08,2.709419012371439,7.027247390942981e-09,1.0964691456370545e-07
4.581916383276655,PASSED,-0.2758569824997376,-1.3486212606019928e-09,-2.2054125895630397e-08,2.7094190123785236,7.140719532391415e-09,1.1602229270491959e-07
4.582916583316663,PASSED,-0.2758569825010976,-1.3711185286992454e-09,-2.2792696231667584e-08,2.7094190123857285,7.2664762097197584e-09,1.3224626707729273e-07
4.583916783356671,PASSED,-0.2758569825024809,-1.395156260327367e-09,-2.4867755225757107e-08,2.7094190123930577,7.3932761993100825e-09,1.2316913793234455e-07
4.584916983396679,PASSED,-0.27585698250388907,-1.4208020439118232e-09,-2.6164469156922594e-08,2.709419012400516,7.521890645008198e-09,1.3224465087529648e-07
4.585917183436687,PASSED,-0.27585698250532326,-1.447433323725085e-09,-2.694248691748784e-08,2.7094190124081114,7.664618305271583e-09,1.4971633318877594e-07
4.586917383476695,PASSED,-0.27585698250678475,-1.475220055711176e-09,-2.8349562031826355e-08,2.709419012415856,7.82172068158323e-09,1.6202640506022625e-07
4.587917583516703,PASSED,-0.2758569825082748,-1.5044856995849622e-09,-2.9876365101759854e-08,2.709419012423747,7.9658770644113e-09,1.3224303467330024e-07
4.588917783556711,PASSED,-0.2758569825097945,-1.5348973771853995e-09,-3.0768552599555786e-08,2.709419012431798,8.125786891337236e-09,1.7835435509435825e-07
4.589917983596719,PASSED,-0.2758569825113451,-1.5661747721026368e-09,-3.161662312902507e-08,2.7094190124400104,8.30022357279268e-09,1.7182489902950147e-07
4.590918183636727,PASSED,-0.27585698251292773,-1.5986861232117575e-09,-3.310783642918429e-08,2.7094190124483926,8.466403401489674e-09,1.6241644847532167e-07
4.591918383676735,PASSED,-0.2758569825145434,-1.632421953622077e-09,-3.415449306440958e-08,2.7094190124569524,8.646439360887732e-09,1.91782300013216e-07
4.592918583716743,PASSED,-0.27585698251619295,-1.6667218347685652e-09,-3.439680653454079e-08,2.7094190124656903,8.831419066698724e-09,1.8044464300951043e-07
4.5939187837567514,PASSED,-0.2758569825178776,-1.7022200531557823e-09,-3.623249295566796e-08,2.709419012474614,9.014375934091208e-09,1.846316836477998e-07
4.5949189837967594,PASSED,-0.27585698251959817,-1.7388152450826318e-09,-3.683699124097079e-08,2.7094190124837287,9.210948118087315e-09,2.0453251756164552e-07
4.5959191838367675,PASSED,-0.2758569825213555,-1.7757616933979535e-09,-3.701941969822219e-08,2.709419012493037,9.408212252031418e-09,1.9241854486574042e-07
4.5969193838767755,PASSED,-0.2758569825231505,-1.8139033623838212e-09,-3.888983517763126e-08,2.709419012502545,9.60627425102767e-09,2.0182430174992644e-07
4.5979195839167835,PASSED,-0.2758569825249841,-1.853176283703849e-09,-3.9528312081625655e-08,2.709419012512256,9.814864620814705e-09,2.131010818117732e-07
4.5989197839567915,PASSED,-0.27585698252685675,-1.8923108461784912e-09,-3.887206273665356e-08,2.7094190125221775,1.0027732969539017e-08,2.127131933326728e-07
4.5999199839967995,PASSED,-0.2758569825287694,-1.9325277119455955e-09,-4.1113401120738066e-08,2.709419012532308,1.0235332822995949e-08,2.0419096020643767e-07
4.6009201840368075,PASSED,-0.2758569825307226,-1.973881823366685e-09,-4.151458495465728e-08,2.709419012542653,1.0450827176723771e-08,2.2302994940874605e-07
4.6019203840768155,PASSED,-0.27585698253271707,-2.0151658690403727e-09,-4.113035281970794e-08,2.7094190125532216,1.0682964424381396e-08,2.3820877982354311e-07
4.6029205841168235,PASSED,-0.27585698253475344,-2.0572331050677118e-09,-4.269182483242704e-08,2.7094190125640054,1.0893897856075797e-08,1.92749866274972e-07
4.6039207841568315,PASSED,-0.2758569825368321,-2.1000712744883447e-09,-4.2935732479436406e-08,2.7094190125750184,1.1120280885892765e-08,2.488051388449679e-07
4.6049209841968395,PASSED,-0.27585698253895374,-2.143136204318045e-09,-4.3151061396542786e-08,2.709419012586256,1.1357988535350671e-08,2.3030932319986363e-07
4.6059211842368475,PASSED,-0.27585698254111873,-2.1866986950265463e-09,-4.383677691647405e-08,2.7094190125977233,1.1579223207581981e-08,2.1518490491894038e-07
4.6069213842768555,PASSED,-0.27585698254332747,-2.2306951382836094e-09,-4.410288748412223e-08,2.7094190126094233,1.1813949610837601e-08,2.4775406881340555e-07
4.6079215843168635,PASSED,-0.2758569825455804,-2.275086071974026e-09,-4.4582964494612936e-08,2.7094190126213564,1.2054407497359127e-08,2.3559376499360787e-07
4.6089217843568715,PASSED,-0.2758569825478778,-2.3198059935252405e-09,-4.481122625561537e-08,2.7094190126335267,1.2286890073509952e-08,2.3040845025563372e-07
4.6099219843968795,PASSED,-0.27585698255022006,-2.364621647678499e-09,-4.481860608502124e-08,2.7094190126459345,1.2525500748896564e-08,2.440788254739292e-07
4.6109221844368875,PASSED,-0.27585698255260743,-2.409910882825386e-09,-4.560298785479719e-08,2.70941901265858,1.2766252784181408e-08,2.3853417515878846e-07
4.6119223844768955,PASSED,-0.2758569825550401,-2.455428834615867e-09,-4.5461261080937406e-08,2.709419012671466,1.3005925412026356e-08,2.404315963023879e-07
4.6129225845169035,PASSED,-0.27585698255751817,-2.5007462484794556e-09,-4.522151571868856e-08,2.709419012684593,1.3247253353955866e-08,2.419255056809232e-07
4.6139227845569115,PASSED,-0.2758569825600419,-2.5465857512555496e-09,-4.6251494147697605e-08,2.7094190126979583,1.348489721730832e-08,2.347894351334733e-07
4.6149229845969195,PASSED,-0.2758569825626114,-2.592539959758289e-09,-4.5756018072767617e-08,2.70941901271157,1.3733629303823057e-08,2.5802718743557997e-07
4.6159231846369275,PASSED,-0.2758569825652266,-2.638100402019756e-09,-4.5430058387266014e-08,2.709419012725426,1.398190626785565e-08,2.4177681509726805e-07
4.6169233846769355,PASSED,-0.2758569825678877,-2.6838759087544623e-09,-4.600580563299997e-08,2.709419012739521,1.4212059358195876e-08,2.224039405021979e-07
4.6179235847169435,PASSED,-0.27585698257059454,-2.729875011965121e-09,-4.5994634929097885e-08,2.709419012753859,1.445599822057693e-08,2.5829547696695776e-07
4.6189237847569515,PASSED,-0.2758569825733473,-2.7756481860111184e-09,-4.562553345726373e-08,2.7094190127684397,1.470769959339918e-08,2.473053033924463e-07
4.6199239847969595,PASSED,-0.2758569825761456,-2.8210597483544967e-09,-4.5268914934121294e-08,2.709419012783262,1.4941812163136625e-08,2.2531741396744093e-07
4.6209241848369675,PASSED,-0.27585698257898955,-2.866621282224872e-09,-4.575661316121085e-08,2.7094190127983264,1.5182028696826714e-08,2.501492801718505e-07
4.6219243848769755,PASSED,-0.27585698258187885,-2.9121448438998558e-09,-4.536819401749903e-08,2.709419012813631,1.542847978359074e-08,2.4398562449214537e-07
4.6229245849169835,PASSED,-0.2758569825848134,-2.9570483516386362e-09,-4.45937168863015e-08,2.709419012829175,1.5662283981987298e-08,2.270165809995002e-07
4.6239247849569916,PASSED,-0.2758569825877929,-3.0019215567362446e-09,-4.505953057181306e-08,2.70941901284496,1.5902823971570233e-08,2.495555953052274e-07
4.6249249849969996,PASSED,-0.2758569825908171,-3.046618283386685e-09,-4.445485736952478e-08,2.7094190128609785,1.6138818985646112e-08,2.2695462658964388e-07
4.625925185037008,PASSED,-0.27585698259388575,-3.0908108240443233e-09,-4.401766284971489e-08,2.709419012877233,1.6369197051304216e-08,2.3266035837041108e-07
4.626925385077016,PASSED,-0.2758569825969984,-3.1346891757955792e-09,-4.378547768561591e-08,2.7094190128937212,1.6605708495791293e-08,2.3907883523152524e-07
4.627925585117024,PASSED,-0.2758569826001549,-3.178230460721902e-09,-4.337848975346097e-08,2.7094190129104403,1.6835461845504446e-08,2.2353635936757156e-07
4.628925785157032,PASSED,-0.2758569826033547,-3.2213792450683695e-09,-4.299564740847155e-08,2.7094190129273894,1.7062008542710235e-08,2.2855358909793555e-07
4.62992598519704,PASSED,-0.2758569826065973,-3.263957012901368e-09,-4.229918144934976e-08,2.7094190129445668,1.729254747434037e-08,2.318624933182615e-07
4.630926185237048,PASSED,-0.27585698260988234,-3.3061820872426214e-09,-4.21756696025226e-08,2.709419012961966,1.751118264728091e-08,2.098169593553898e-07
4.631926385277056,PASSED,-0.2758569826132094,-3.348023021307209e-09,-4.161777703929747e-08,2.709419012979592,1.7735205052462152e-08,2.3349270239848068e-07
4.632926585317064,PASSED,-0.2758569826165778,-3.3890114751933768e-09,-4.056890511741486e-08,2.7094190129974334,1.7952928148742806e-08,2.072100255354358e-07
4.633926785357072,PASSED,-0.27585698261998715,-3.4296388016542274e-09,-4.0666274023141195e-08,2.7094190130154936,1.816613589988633e-08,2.1720623488225247e-07
4.63492698539708,PASSED,-0.2758569826234367,-3.4697298846562138e-09,-3.970762232121696e-08,2.709419013033766,1.8379171040656655e-08,2.1025441136237523e-07
4.635927185437088,PASSED,-0.275856982626926,-3.5089301788473343e-09,-3.8862075437723494e-08,2.709419013052248,1.85860747420404e-08,2.0466989473132693e-07
4.636927385477096,PASSED,-0.2758569826304543,-3.547762217217483e-09,-3.881201365843173e-08,2.709419013070938,1.87928686494352e-08,2.0820991583711686e-07
4.637927585517104,PASSED,-0.2758569826340209,-3.5858311056417665e-09,-3.757347160151859e-08,2.7094190130898315,1.8995560528416715e-08,1.9901318774444603e-07
4.638927785557112,PASSED,-0.2758569826376253,-3.6230339680435203e-09,-3.695578960191068e-08,2.7094190131089246,1.9191898578616962e-08,1.9455462517078638e-07
4.63992798559712,PASSED,-0.2758569826412666,-3.6596619007721333e-09,-3.6409361479747396e-08,2.7094190131282097,1.938029902982642e-08,1.8429766856857445e-07
4.640928185637128,PASSED,-0.2758569826449442,-3.6955669893776454e-09,-3.556890668935505e-08,2.7094190131476914,1.9578665413531965e-08,2.0774552713019388e-07
4.641928385677136,PASSED,-0.2758569826486571,-3.730578852871271e-09,-3.464050136313873e-08,2.709419013167359,1.9763912439153138e-08,1.7024802461515856e-07
4.642928585717144,PASSED,-0.27585698265240477,-3.764880225290354e-09,-3.4075286456378736e-08,2.7094190131872105,1.993860275657519e-08,1.7765184595998752e-07
4.643928785757152,PASSED,-0.27585698265618624,-3.7982744209319585e-09,-3.294013509842248e-08,2.7094190132072415,2.0121733527302472e-08,1.8678338723880954e-07
4.64492898579716,PASSED,-0.27585698266000075,-3.83085428093844e-09,-3.233967661185263e-08,2.7094190132274463,2.029338312228878e-08,1.6156040015130702e-07
4.645929185837168,PASSED,-0.2758569826638474,-3.862597965369747e-09,-3.1346356310944514e-08,2.7094190132478224,2.0457897293208436e-08,1.6648335143188966e-07
4.646929385877176,PASSED,-0.2758569826677253,-3.893427342587862e-09,-3.0484724489563076e-08,2.709419013268364,2.0624924011751467e-08,1.6738896328378935e-07
4.647929585917184,PASSED,-0.27585698267163355,-3.9232745435428756e-09,-2.9422185265314704e-08,2.709419013289066,2.078182059167559e-08,1.4990165768434612e-07
4.648929785957192,PASSED,-0.2758569826755713,-3.952325748799326e-09,-2.8803885250539625e-08,2.7094190133099247,2.0935392320853024e-08,1.5601844350616e-07
4.6499299859972,PASSED,-0.27585698267953757,-3.9803621120555754e-09,-2.7524681926723168e-08,2.7094190133309337,2.1085284065831792e-08,1.4580727929384185e-07
4.650930186037208,PASSED,-0.2758569826835313,-4.00734737602921e-09,-2.662565200490833e-08,2.7094190133520897,2.12273996165258e-08,1.396543982941117e-07
4.651930386077216,PASSED,-0.2758569826875516,-4.033380577704467e-09,-2.5638234788822202e-08,2.709419013373384,2.1362620449503794e-08,1.32265122767249e-07
4.652930586117224,PASSED,-0.27585698269159753,-4.058610353374549e-09,-2.495746959092081e-08,2.7094190133948177,2.1502419013015972e-08,1.4482085734212959e-07
4.653930786157232,PASSED,-0.275856982695668,-4.08270186521877e-09,-2.3514206679756137e-08,2.7094190134163783,2.1625803860041416e-08,1.0909417348098737e-07
4.65493098619724,PASSED,-0.2758569826997621,-4.10572235510795e-09,-2.2691345362128104e-08,2.7094190134380636,2.1742083667597736e-08,1.2107023027321236e-07
4.655931186237248,PASSED,-0.27585698270387865,-4.127622535126151e-09,-2.13727364555832e-08,2.70941901345987,2.1868628620513053e-08,1.301947680100506e-07
4.656931386277256,PASSED,-0.2758569827080166,-4.148437265914848e-09,-2.0442727010772316e-08,2.7094190134817904,2.1978282430871943e-08,9.59598385914487e-08
4.657931586317264,PASSED,-0.275856982712175,-4.1684546888159844e-09,-1.9733886828046717e-08,2.709419013503817,2.2075005763286418e-08,9.723232829649752e-08
4.658931786357272,PASSED,-0.27585698271635267,-4.1872265220450804e-09,-1.8130464163128904e-08,2.7094190135259457,2.2180296797976626e-08,1.1066350561934776e-07
4.65993198639728,PASSED,-0.27585698272054865,-4.2049446582838085e-09,-1.744325095579393e-08,2.709419013548173,2.227845671847217e-08,8.982419707967856e-08
4.660932186437288,PASSED,-0.2758569827247617,-4.221426318019616e-09,-1.5840598922482864e-08,2.709419013570489,2.2357317894170878e-08,7.155249477805452e-08
4.661932386477296,PASSED,-0.2758569827289908,-4.236904280283011e-09,-1.5236204490669848e-08,2.7094190135928913,2.244189827000032e-08,9.326562986369714e-08
4.662932586517304,PASSED,-0.2758569827332348,-4.25133382143281e-09,-1.3891765589216534e-08,2.7094190136153715,2.2522671628154188e-08,7.24451770139842e-08
4.663932786557312,PASSED,-0.2758569827374925,-4.264392166409079e-09,-1.2502731234304182e-08,2.709419013637925,2.2587013491599367e-08,5.8939654399306385e-08
4.66493298659732,PASSED,-0.27585698274176285,-4.276482035369259e-09,-1.1814627444097782e-08,2.709419013660545,2.2651531305568535e-08,6.823658701574482e-08
4.665933186637328,PASSED,-0.27585698274604464,-4.287411303261612e-09,-1.0339028191190688e-08,2.709419013683226,2.2712590016278525e-08,5.627345983948986e-08
4.666933386677336,PASSED,-0.27585698275033677,-4.297084696032309e-09,-9.229635823700005e-09,2.70941901370596,2.2759205699469215e-08,4.017716542482059e-08
4.667933586717344,PASSED,-0.2758569827546381,-4.305816375083182e-09,-8.399707868987768e-09,2.709419013728745,2.2807877945826733e-08,5.4335633645984095e-08
4.668933786757352,PASSED,-0.27585698275894743,-4.313122146847162e-09,-6.576481027307965e-09,2.7094190137515706,2.2848238604051528e-08,3.1044007944002333e-08
4.66993398679736,PASSED,-0.2758569827632636,-4.319304755593079e-09,-5.920027224991095e-09,2.709419013774435,2.2879815312173497e-08,3.1931841573943255e-08
4.670934186837368,PASSED,-0.2758569827675854,-4.324589131495933e-09,-4.860608354762104e-09,2.709419013797327,2.290553479651425e-08,2.1577912851956225e-08
4.671934386877376,PASSED,-0.27585698277191173,-4.328359922651022e-09,-3.044246355307641e-09,2.709419013820245,2.2929568689919706e-08,2.5671213774462986e-08
4.672934586917384,PASSED,-0.27585698277624143,-4.3311138404769566e-09,-2.5603654730182015e-09,2.709419013843178,2.2940844069273157e-08,1.6781564061079978e-09
4.673934786957392,PASSED,-0.2758569827805732,-4.332769582987305e-09,-1.0526605352356517e-09,2.7094190138661265,2.2952799007692633e-08,1.8806126428384587e-08
4.6749349869974,PASSED,-0.27585698278490595,-4.333035075480008e-09,2.592862023194643e-10,2.709419013889077,2.2954535131877008e-08,-9.643877311633795e-09
4.675935187037408,PASSED,-0.2758569827892385,-4.332205434073174e-09,1.209878209843078e-09,2.7094190139120244,2.2941471694381706e-08,-1.5343144284415982e-08
4.676935387077416,PASSED,-0.27585698279356957,-4.3302342614253776e-09,2.478702273099255e-09,2.709419013934968,2.2939684282720653e-08,7.2497434211863004e-09
4.677935587117424,PASSED,-0.2758569827978982,-4.327167416339665e-09,3.4589402941212937e-09,2.7094190139578953,2.292292502224712e-08,-3.2765263070010374e-08
4.678935787157432,PASSED,-0.27585698280222304,-4.322779363719257e-09,5.0074608379338265e-09,2.7094190139808045,2.289407096800804e-08,-2.6246581685128587e-08
4.67993598719744,PASSED,-0.27585698280654297,-4.3172793442894565e-09,5.8283918243779715e-09,2.7094190140036862,2.2868734954527598e-08,-2.4728968010648255e-08
4.680936187237448,PASSED,-0.27585698281085674,-4.310581493036575e-09,7.2774908718841365e-09,2.7094190140265377,2.2836014514126283e-08,-3.804808866175838e-08
4.681936387277456,PASSED,-0.2758569828151633,-4.302717642171289e-09,8.254757527554125e-09,2.7094190140493493,2.2789988529170626e-08,-5.1344582484920976e-08
4.682936587317464,PASSED,-0.27585698281946147,-4.293774294757961e-09,9.402407337177976e-09,2.709419014072118,2.2745565170114455e-08,-3.9809210103673964e-08
4.683936787357472,PASSED,-0.2758569828237501,-4.283721564163354e-09,1.0486279432892486e-08,2.7094190140948338,2.269137176224414e-08,-6.378287304807394e-08
4.68493698739748,PASSED,-0.27585698282802795,-4.272259144761204e-09,1.2113179381655515e-08,2.709419014117495,2.2630825818554157e-08,-5.838799078458581e-08
4.685937187437488,PASSED,-0.27585698283229393,-4.2598124586703065e-09,1.2669023897057608e-08,2.7094190141400922,2.2565615515902994e-08,-6.975851056221516e-08
4.686937387477496,PASSED,-0.2758569828365469,-4.246411220135708e-09,1.3889381626293354e-08,2.709419014162622,2.2494781584532474e-08,-7.155087857605828e-08
4.687937587517504,PASSED,-0.27585698284078575,-4.231531086882053e-09,1.5540634338561464e-08,2.7094190141850745,2.2413093563795526e-08,-8.844611551087462e-08
4.688937787557512,PASSED,-0.27585698284500937,-4.215766610258453e-09,1.59137048136262e-08,2.709419014207447,2.232943819424194e-08,-8.046153891539256e-08
4.68993798759752,PASSED,-0.27585698284921656,-4.198968368508707e-09,1.738793304049215e-08,2.709419014229732,2.2243730140406316e-08,-8.920573044911291e-08
4.690938187637528,PASSED,-0.2758569828534063,-4.1808490350197825e-09,1.8606933787878715e-08,2.709419014251925,2.214575910005073e-08,-1.0381458029323188e-07
4.691938387677536,PASSED,-0.2758569828575775,-4.161713352307846e-09,1.9488181994640645e-08,2.7094190142740198,2.2043158610697082e-08,-1.0179109539392477e-07
4.692938587717544,PASSED,-0.27585698286172905,-4.141582392982528e-09,2.0559477545770243e-08,2.709419014296011,2.1939871558735425e-08,-1.0428435634014236e-07
4.693938787757552,PASSED,-0.2758569828658598,-4.1202235175892305e-09,2.189180729164787e-08,2.709419014317893,2.1827353622945578e-08,-1.1800698875631666e-07
4.69493898779756,PASSED,-0.2758569828699688,-4.097922382849691e-09,2.2574019704800624e-08,2.709419014339658,2.1704261092987857e-08,-1.2648289075865923e-07
4.695939187837568,PASSED,-0.275856982874055,-4.074770790481167e-09,2.3536640811007348e-08,2.7094190143613024,2.1582924189385262e-08,-1.179062454985503e-07
4.696939387877576,PASSED,-0.27585698287811733,-4.050155124607699e-09,2.533501591510788e-08,2.709419014382821,2.145764062825462e-08,-1.3020177155203435e-07
4.697939587917584,PASSED,-0.27585698288215477,-4.0247491817402576e-09,2.5453227502329266e-08,2.7094190144042085,2.1320334679207863e-08,-1.420420673765742e-07
4.698939787957592,PASSED,-0.2758569828861663,-3.998567465623218e-09,2.666737519351488e-08,2.7094190144254564,2.1176366099051756e-08,-1.4525292200912754e-07
4.6999399879976,PASSED,-0.27585698289015087,-3.970895762000011e-09,2.8341255909668315e-08,2.709419014446563,2.1035734545030714e-08,-1.3755064202899077e-07
4.700940188037608,PASSED,-0.2758569828941076,-3.942585178038328e-09,2.829013599636029e-08,2.7094190144675223,2.0886450599749335e-08,-1.571061474496374e-07
4.701940388077616,PASSED,-0.27585698289803545,-3.913490664801359e-09,2.9630764730706617e-08,2.7094190144883283,2.0726237142341706e-08,-1.6228499737962652e-07
4.702940588117624,PASSED,-0.2758569829019335,-3.882962280897999e-09,3.112679668512984e-08,2.7094190145089754,2.0567585690290052e-08,-1.5622908849967148e-07
4.703940788157632,PASSED,-0.2758569829058008,-3.851748332167683e-09,3.127205009377308e-08,2.709419014529461,2.040585537343554e-08,-1.6539780242440727e-07
4.70494098819764,PASSED,-0.27585698290963645,-3.8198103321667325e-09,3.23819666057349e-08,2.709419014549778,2.023033400494701e-08,-1.822704125312761e-07
4.705941188237648,PASSED,-0.27585698291343963,-3.786756978704167e-09,3.3500944700452445e-08,2.709419014569926,2.0061321620631387e-08,-1.6017369883852308e-07
4.706941388277656,PASSED,-0.2758569829172093,-3.7527170816800444e-09,3.439919857323548e-08,2.7094190145898938,1.9880435969970498e-08,-1.9469361854246404e-07
4.707941588317664,PASSED,-0.2758569829209446,-3.718020030049431e-09,3.4895620335532304e-08,2.709419014609677,1.9685815403758264e-08,-1.945718646587464e-07
4.708941788357672,PASSED,-0.27585698292464483,-3.6825419592185617e-09,3.5866371161094034e-08,2.7094190146292787,1.9510811219908538e-08,-1.6195906331038243e-07
4.70994198839768,PASSED,-0.275856982928309,-3.645991311436169e-09,3.700683219659158e-08,2.7094190146486876,1.9318575521361974e-08,-2.124201220373525e-07
4.710942188437688,PASSED,-0.2758569829319364,-3.6088459625346884e-09,3.723769337140708e-08,2.709419014667903,1.9110442213499477e-08,-2.0527543174592256e-07
4.711942388477696,PASSED,-0.27585698293552613,-3.5708243662226637e-09,3.854419827243629e-08,2.7094190146869166,1.891351543478539e-08,-1.9136101002619306e-07
4.712942588517704,PASSED,-0.2758569829390775,-3.5320809105302416e-09,3.887629397241306e-08,2.70941901470573,1.8715587796048427e-08,-2.023053912108107e-07
4.713942788557712,PASSED,-0.27585698294258976,-3.4926302331384545e-09,3.983359967136982e-08,2.7094190147243347,1.8498023518550604e-08,-2.277368683558297e-07
4.71494298859772,PASSED,-0.2758569829460621,-3.452218792266096e-09,4.079666833968448e-08,2.709419014742728,1.828353821360244e-08,-2.0565092934305168e-07
4.715943188637728,PASSED,-0.27585698294949385,-3.4113576391694585e-09,4.090414293460647e-08,2.709419014760904,1.807115935858939e-08,-2.1686413879304587e-07
4.716943388677736,PASSED,-0.2758569829528843,-3.369764226082063e-09,4.2052926522588785e-08,2.709419014778864,1.7849957980119205e-08,-2.240928715882809e-07
4.717943588717744,PASSED,-0.2758569829562328,-3.327393601697771e-09,4.2582422958760047e-08,2.7094190147966026,1.7626481204731893e-08,-2.2306604458666232e-07
4.718943788757752,PASSED,-0.27585698295953864,-3.2844999314580914e-09,4.3101168426959375e-08,2.709419014814114,1.7397932356493148e-08,-2.3220405067346936e-07
4.71994398879776,PASSED,-0.27585698296280126,-3.2409509197626356e-09,4.3847573874453286e-08,2.7094190148313952,1.7164599227105097e-08,-2.3408584853110506e-07
4.720944188837768,PASSED,-0.27585698296601996,-3.196631085532836e-09,4.4634674466697344e-08,2.7094190148484447,1.693356347498132e-08,-2.2900235451889475e-07
4.721944388877776,PASSED,-0.27585698296919425,-3.151964353751875e-09,4.468810332380347e-08,2.70941901486526,1.669893382835188e-08,-2.3838117470314327e-07
4.722944588917784,PASSED,-0.2758569829723235,-3.106617272656215e-09,4.578639961023103e-08,2.7094190148818353,1.645338770695895e-08,-2.503227525194482e-07
4.723944788957792,PASSED,-0.2758569829754071,-3.0606916853732657e-09,4.601837906476162e-08,2.709419014898169,1.621120350121183e-08,-2.367585078989066e-07
4.7249449889978,PASSED,-0.27585698297844474,-3.0145281642638534e-09,4.626028247251239e-08,2.709419014914261,1.597374000600216e-08,-2.3793348675018157e-07
4.725945189037808,PASSED,-0.27585698298143563,-2.9674752717983825e-09,4.7581299127443314e-08,2.709419014930103,1.571620845384543e-08,-2.7059692909442806e-07
4.726945389077816,PASSED,-0.27585698298437944,-2.9201785148955675e-09,4.7107062086396195e-08,2.7094190149456963,1.546386038473108e-08,-2.401821624609664e-07
4.727945589117824,PASSED,-0.27585698298727573,-2.872593502587334e-09,4.790364578945817e-08,2.7094190149610373,1.5219822287547456e-08,-2.466087203320619e-07
4.728945789157832,PASSED,-0.275856982990124,-2.8241215297662623e-09,4.885085750881392e-08,2.7094190149761257,1.496121100471043e-08,-2.6661299117366767e-07
4.72994598919784,PASSED,-0.2758569829929239,-2.7755179884033076e-09,4.8438663932381975e-08,2.709419014990957,1.469963991728427e-08,-2.582098182611564e-07
4.730946189237848,PASSED,-0.2758569829956749,-2.726646900151556e-09,4.915937113133143e-08,2.709419015005528,1.4442127328564296e-08,-2.570477690258515e-07
4.731946389277856,PASSED,-0.2758569829983768,-2.67721378315912e-09,4.961561423317241e-08,2.70941901501984,1.4182560547107086e-08,-2.612461230781146e-07
4.732946589317864,PASSED,-0.27585698300102923,-2.6276341576975534e-09,4.955563294716295e-08,2.709419015033891,1.3919527874342315e-08,-2.6422370588920895e-07
4.733946789357872,PASSED,-0.2758569830036317,-2.57754300204416e-09,5.044817079088007e-08,2.709419015047677,1.3653198903732789e-08,-2.6773248042307133e-07
4.73494698939788,PASSED,-0.2758569830061841,-2.527271087242212e-09,5.015441080932698e-08,2.7094190150611968,1.338634951608047e-08,-2.662606591384848e-07
4.735947189437888,PASSED,-0.27585698300868616,-2.476919204783026e-09,5.048353022575852e-08,2.70941901507445,1.3120240779929632e-08,-2.6600745415907206e-07
4.736947389477896,PASSED,-0.2758569830111374,-2.4258286938859645e-09,5.149516467792969e-08,2.7094190150874353,1.2851139591909335e-08,-2.711636772611137e-07
4.737947589517904,PASSED,-0.27585698301353784,-2.3747524299853032e-09,5.079699671581544e-08,2.7094190151001483,1.2576778743859237e-08,-2.764922952427555e-07
4.738947789557912,PASSED,-0.2758569830158871,-2.3238132632692296e-09,5.10339467162455e-08,2.7094190151125943,1.2312157775519349e-08,-2.5670675040464235e-07
4.73994798959792,PASSED,-0.2758569830181851,-2.27238433116661e-09,5.169225569353586e-08,2.709419015124767,1.2037772684439307e-08,-2.861706515303093e-07
4.740948189637928,PASSED,-0.27585698302043166,-2.2206554511685447e-09,5.17532962010856e-08,2.7094190151366666,1.175893538784679e-08,-2.7394839330065533e-07
4.741948389677936,PASSED,-0.2758569830226266,-2.169168801761727e-09,5.130888487730537e-08,2.7094190151482938,1.1492259580288868e-08,-2.618274170627665e-07
4.742948589717944,PASSED,-0.2758569830247698,-2.1173817842496504e-09,5.210577260192467e-08,2.709419015159645,1.1215726664502608e-08,-2.863365816019245e-07
4.743948789757952,PASSED,-0.27585698302686124,-2.0655029059597226e-09,5.172761541526323e-08,2.709419015170722,1.0935463770002597e-08,-2.7621376976540144e-07
4.74494898979796,PASSED,-0.2758569830289007,-2.013507721061016e-09,5.2173564554335664e-08,2.709419015181527,1.0671279068454898e-08,-2.5616532273589806e-07
4.745949189837968,PASSED,-0.2758569830308883,-1.961604231087829e-09,5.172344025242096e-08,2.709419015192056,1.0393274008143652e-08,-2.9256488536147973e-07
4.746949389877976,PASSED,-0.2758569830328239,-1.9096916752558366e-09,5.203863288503967e-08,2.709419015202308,1.0107471958415289e-08,-2.812934926396205e-07
4.747949589917984,PASSED,-0.2758569830347075,-1.8575231946332193e-09,5.225504578100252e-08,2.709419015212285,9.841310318585774e-09,-2.5607373795611045e-07
4.748949789957992,PASSED,-0.2758569830365392,-1.805733780421714e-09,5.147899316517352e-08,2.70941901522199,9.572575577431427e-09,-2.7717540995317117e-07
4.749949989998,PASSED,-0.275856983038319,-1.7539251096802218e-09,5.2028455792371685e-08,2.7094190152314157,9.282873632286107e-09,-2.980529686067517e-07
4.750950190038008,PASSED,-0.2758569830400469,-1.7018111087773465e-09,5.2171030976544305e-08,2.7094190152405684,9.012971670050068e-09,-2.511346246555653e-07
4.751950390078016,PASSED,-0.275856983041723,-1.650279651758174e-09,5.1105074380924934e-08,2.7094190152494484,8.750874347253928e-09,-2.694057882231906e-07
4.752950590118024,PASSED,-0.27585698304334755,-1.5988801296019257e-09,5.159582067313067e-08,2.7094190152580517,8.462330464712322e-09,-3.0130261208721504e-07
4.753950790158032,PASSED,-0.27585698304492046,-1.547070080136367e-09,5.195286866051095e-08,2.709419015266383,8.190455658572858e-09,-2.52256268840964e-07
4.75495099019804,PASSED,-0.2758569830464421,-1.4958322945028735e-09,5.07610636154818e-08,2.7094190152744435,7.932875620356242e-09,-2.611292178003857e-07
4.755951190238048,PASSED,-0.2758569830479124,-1.444796648931896e-09,5.121870020797475e-08,2.7094190152822337,7.653813994926645e-09,-2.910165638490706e-07
4.756951390278056,PASSED,-0.27585698304933165,-1.3936954177414054e-09,5.1022918512167696e-08,2.7094190152897517,7.3771935887389875e-09,-2.6702296774671686e-07
4.757951590318064,PASSED,-0.2758569830507001,-1.3430856250522228e-09,5.0334375473859344e-08,2.7094190152969984,7.114531457218557e-09,-2.5975490736957307e-07
4.758951790358072,PASSED,-0.27585698305201795,-1.2925900138553253e-09,5.060310167892325e-08,2.709419015303979,6.848524434046684e-09,-2.701751003734064e-07
4.75995199039808,PASSED,-0.2758569830532855,-1.2423591423482894e-09,4.9982718059110824e-08,2.709419015310693,6.579231133482433e-09,-2.6870543402481487e-07
4.760952190438088,PASSED,-0.2758569830545029,-1.1925105568607307e-09,4.9759163773190585e-08,2.7094190153171427,6.3174698729547125e-09,-2.5713181152965656e-07
4.761952390478096,PASSED,-0.2758569830556706,-1.1427871078946224e-09,4.969963909472017e-08,2.7094190153233266,6.052572857313865e-09,-2.700738183816413e-07
4.762952590518104,PASSED,-0.2758569830567887,-1.0932892828279942e-09,4.9363282381233635e-08,2.7094190153292503,5.791899839463622e-09,-2.5440581749597875e-07
4.763952790558112,PASSED,-0.27585698305785766,-1.0445242376922326e-09,4.8366220305446885e-08,2.709419015334913,5.534474956638645e-09,-2.59437593044309e-07
4.76495299059812,PASSED,-0.27585698305887785,-9.959635855814828e-10,4.869027331428476e-08,2.709419015340318,5.275176033725614e-09,-2.5920647615884497e-07
4.765953190638128,PASSED,-0.2758569830598495,-9.473916890104106e-10,4.849297874226408e-08,2.709419015345464,5.016409810990548e-09,-2.584727204525467e-07
4.766953390678136,PASSED,-0.2758569830607732,-8.996915121287216e-10,4.7171642307972304e-08,2.7094190153503575,4.767110329828327e-09,-2.431839883020045e-07
4.767953590718144,PASSED,-0.2758569830616492,-8.523602743007988e-10,4.7437634841223095e-08,2.7094190153549986,4.5167911329532705e-09,-2.550760025904244e-07
4.768953790758152,PASSED,-0.27585698306247797,-8.050584027326406e-10,4.721136271944849e-08,2.709419015359388,4.2615522172016236e-09,-2.553475245257947e-07
4.76995399079816,PASSED,-0.27585698306325984,-7.584922504304728e-10,4.613601202398069e-08,2.709419015363529,4.017110177265737e-09,-2.3717171687594827e-07
4.770954190838168,PASSED,-0.2758569830639954,-7.125332322931288e-10,4.5841022212919447e-08,2.709419015367426,3.777005053766591e-09,-2.4206072791460963e-07
4.771954390878176,PASSED,-0.27585698306468504,-6.667604767380136e-10,4.57272444499125e-08,2.7094190153710787,3.529909210152859e-09,-2.504525874131471e-07
4.772954590918184,PASSED,-0.27585698306532935,-6.216473746797284e-10,4.470367379720037e-08,2.709419015374492,3.291849982887369e-09,-2.2979698716705185e-07
4.773954790958192,PASSED,-0.27585698306592865,-5.769499023818847e-10,4.469333796493914e-08,2.7094190153776676,3.059288320585529e-09,-2.344047790583654e-07
4.7749549909982,PASSED,-0.2758569830664836,-5.327543436066965e-10,4.3863705982020826e-08,2.7094190153806066,2.8197165437451472e-09,-2.430164420283931e-07
4.775955191038208,PASSED,-0.27585698306699463,-4.892134130745847e-10,4.3325746898839135e-08,2.709419015383313,2.5890123285241995e-09,-2.2249606401598423e-07
4.776955391078216,PASSED,-0.27585698306746237,-4.4615625910698494e-10,4.2878092013440293e-08,2.70941901538579,2.3655746652251992e-09,-2.2406539615434462e-07
4.777955591118224,PASSED,-0.27585698306788736,-4.036601772593379e-10,4.2241408403784846e-08,2.7094190153880424,2.1394983905471183e-09,-2.2741686036057187e-07
4.778955791158232,PASSED,-0.2758569830682701,-3.6171691330440406e-10,4.174450098903314e-08,2.709419015390069,1.9126510797700254e-09,-2.2646761105477336e-07
4.779955991198239,PASSED,-0.27585698306861134,-3.204861337757027e-10,4.088829855514685e-08,2.7094190153918754,1.6968652709488787e-09,-2.0866460733206233e-07
4.780956191238247,PASSED,-0.2758569830689115,-2.798343947242186e-10,4.04940327157089e-08,2.709419015393466,1.485617649586407e-09,-2.1296963071607807e-07
4.781956391278255,PASSED,-0.27585698306917134,-2.3969422095551935e-10,3.990426780402614e-08,2.7094190153948423,1.2686333731116398e-09,-2.1966070698056003e-07
4.782956591318263,PASSED,-0.2758569830693913,-2.0018797761774414e-10,3.924089369360791e-08,2.7094190153960085,1.0593073081759114e-09,-2.024363035725071e-07
4.783956791358271,PASSED,-0.27585698306957224,-1.615079683064093e-10,3.8306086389819465e-08,2.7094190153969646,8.539754171069199e-10,-2.0726228273331463e-07
4.784956991398279,PASSED,-0.2758569830697147,-1.2333389023480921e-10,3.808607252612049e-08,2.70941901539772,6.546034325193061e-10,-1.9411178582381342e-07
4.785957191438287,PASSED,-0.2758569830698193,-8.57406050006847e-11,3.726476037279387e-08,2.7094190153982742,4.561159414108409e-10,-2.0140462796489977e-07
4.786957391478295,PASSED,-0.2758569830698868,-4.9024157726054446e-11,3.635090520918785e-08,2.709419015398631,2.563850522332594e-10,-1.9861506331936935e-07
4.787957591518303,PASSED,-0.27585698306991785,-1.2974579904831764e-11,3.584869289591258e-08,2.7094190153987956,6.987340242341964e-11,-1.7844270747015334e-07
4.788957791558311,PASSED,-0.27585698306991313,2.2544939380968153e-11,3.530007021239148e-08,2.7094190153987734,-1.1258621348821762e-10,-1.8513755487262657e-07
4.789957991598319,PASSED,-0.27585698306987333,5.725713369603804e-11,3.4320277050188824e-08,2.7094190153985607,-3.084766834823059e-10,-2.0305908007506275e-07
4.790958191638327,PASSED,-0.2758569830697992,9.121129281081271e-11,3.371008049116523e-08,2.7094190153981677,-4.859202548783764e-10,-1.6036656561007578e-07
4.791958391678335,PASSED,-0.2758569830696915,1.2445467797993047e-10,3.293225495441944e-08,2.709419015397597,-6.535894675883158e-10,-1.7253764410984846e-07
4.792958591718343,PASSED,-0.2758569830695508,1.5701316147289625e-10,3.230930251866333e-08,2.7094190153968523,-8.334779216175161e-10,-1.8478899397543497e-07
4.793958791758351,PASSED,-0.27585698306937795,1.88893589396576e-10,3.159451152702399e-08,2.709419015395938,-1.0009312097407562e-09,-1.5589615088844362e-07
4.794958991798359,PASSED,-0.2758569830691738,2.1975029370386476e-10,3.036483282746525e-08,2.7094190153948543,-1.1638536371877044e-09,-1.6760661181928456e-07
4.795959191838367,PASSED,-0.27585698306893885,2.5009305104408045e-10,3.032804034871603e-08,2.7094190153936113,-1.3243234242319406e-09,-1.5571190386087093e-07
4.796959391878375,PASSED,-0.27585698306867407,2.7978688997807953e-10,2.927103799085445e-08,2.709419015392208,-1.4821780886994418e-09,-1.592831715385884e-07
4.797959591918383,PASSED,-0.27585698306838013,3.0836782007445763e-10,2.8120858166727188e-08,2.7094190153906523,-1.631767603904912e-09,-1.4312707765005781e-07
4.798959791958391,PASSED,-0.27585698306805784,3.3633820459122633e-10,2.787006875012976e-08,2.7094190153889453,-1.7808006068896728e-09,-1.5297028654122933e-07
4.799959991998399,PASSED,-0.27585698306770795,3.6360108491417307e-10,2.6858088038158076e-08,2.709419015387089,-1.931830158073803e-09,-1.4973572761273096e-07
4.800960192038407,PASSED,-0.27585698306733125,3.899991527797147e-10,2.6091387750463955e-08,2.709419015385095,-2.0624465393112757e-09,-1.1787015032063401e-07
4.801960392078415,PASSED,-0.2758569830669285,4.1553886183232167e-10,2.5171923254035683e-08,2.7094190153829634,-2.1958561485854706e-09,-1.437692485765685e-07
4.802960592118423,PASSED,-0.2758569830665006,4.404436039051213e-10,2.472662128530895e-08,2.7094190153806954,-2.3394194930277166e-09,-1.4342607501936437e-07
4.803960792158431,PASSED,-0.27585698306604817,4.646290894434509e-10,2.382472837367671e-08,2.709419015378299,-2.4611936331436963e-09,-1.073395168470568e-07
4.804960992198439,PASSED,-0.27585698306557216,4.876399399337765e-10,2.246826523475804e-08,2.709419015375779,-2.5761635628554565e-09,-1.2005687162156255e-07
4.805961192238447,PASSED,-0.2758569830650733,5.100864182200787e-10,2.2431953653998258e-08,2.709419015373135,-2.708361343872862e-09,-1.4029172061463362e-07
4.806961392278455,PASSED,-0.2758569830645524,5.319101645826082e-10,2.1418274834883624e-08,2.709419015370376,-2.8190639615805187e-09,-9.097654910300601e-08
4.807961592318463,PASSED,-0.27585698306401024,5.526359973257093e-10,2.0264204681912696e-08,2.7094190153675024,-2.9237113168890193e-09,-1.1376122611216349e-07
4.808961792358471,PASSED,-0.2758569830634477,5.725646347715469e-10,1.9704925955120746e-08,2.709419015364525,-3.03295946054685e-09,-1.0623942202160815e-07
4.809961992398479,PASSED,-0.27585698306286555,5.918530249852849e-10,1.901069971948285e-08,2.7094190153614393,-3.1381393005397154e-09,-1.044734519737038e-07
4.810962192438487,PASSED,-0.2758569830622646,6.102580764418891e-10,1.8001285948018368e-08,2.7094190153582582,-3.2289364512211377e-09,-8.167961648656757e-08
4.811962392478495,PASSED,-0.27585698306164563,6.277730587102805e-10,1.719077981530703e-08,2.709419015354979,-3.3245952452540847e-09,-1.0497824573053309e-07
4.812962592518503,PASSED,-0.2758569830610096,6.445202630468612e-10,1.645148735076313e-08,2.709419015351608,-3.420690844813219e-09,-9.017383544486767e-08
4.813962792558511,PASSED,-0.2758569830603571,6.605486129386548e-10,1.5746258252480557e-08,2.709419015348154,-3.492882170366992e-09,-6.020298562637646e-08
4.814962992598519,PASSED,-0.27585698305968903,6.757507900607922e-10,1.4839456368575043e-08,2.7094190153446136,-3.578979297896514e-09,-1.033598887982864e-07
4.815963192638527,PASSED,-0.2758569830590063,6.899761814229254e-10,1.3816014691172045e-08,2.7094190153409983,-3.659551061788051e-09,-6.53796806203706e-08
4.816963392678535,PASSED,-0.2758569830583096,7.03539126882416e-10,1.3394232638369809e-08,2.709419015337307,-3.723326500306942e-09,-6.270594378457156e-08
4.817963592718543,PASSED,-0.27585698305759976,7.162873660370176e-10,1.2317576832089407e-08,2.709419015333547,-3.794030704530563e-09,-7.603637784965544e-08
4.818963792758551,PASSED,-0.27585698305687756,7.282519841490685e-10,1.1729312298691854e-08,2.70941901532972,-3.862071084623963e-09,-6.270971492256281e-08
4.819963992798559,PASSED,-0.27585698305614387,7.393083411519874e-10,1.0607720139070336e-08,2.7094190153258335,-3.914290678869655e-09,-4.5226180461110855e-08
4.820964192838567,PASSED,-0.2758569830553994,7.496683315201411e-10,1.0194837187542608e-08,2.7094190153218936,-3.963827270054769e-09,-5.2410198334449584e-08
4.821964392878575,PASSED,-0.275856983054645,7.593086216961165e-10,9.270592168263915e-09,2.709419015317896,-4.027339483141871e-09,-7.091355625553635e-08
4.822964592918583,PASSED,-0.27585698305388145,7.680400773798596e-10,8.37203136072915e-09,2.709419015313852,-4.069755842559098e-09,-2.341822819168814e-08
4.823964792958591,PASSED,-0.2758569830531096,7.758362769613567e-10,7.4123117286758866e-09,2.7094190153097624,-4.10570674751052e-09,-4.4306022791244896e-08
4.824964992998599,PASSED,-0.2758569830523301,7.831609671190504e-10,7.266275777038735e-09,2.7094190153056323,-4.153314347739708e-09,-4.980865185448313e-08
4.825965193038607,PASSED,-0.2758569830515438,7.895871153281478e-10,5.866063163803096e-09,2.709419015301468,-4.182711984583528e-09,-1.5790293503378947e-08
4.826965393078615,PASSED,-0.27585698305075157,7.951101349230943e-10,5.294323882375506e-09,2.709419015297271,-4.208247976124304e-09,-3.203312356570836e-08
4.827965593118623,PASSED,-0.275856983049954,8.001690150263837e-10,4.901917583898648e-09,2.709419015293046,-4.241565980277033e-09,-3.417459121074184e-08
4.828965793158631,PASSED,-0.27585698304915196,8.041117801604651e-10,3.3033301675363337e-09,2.7094190152887987,-4.258665397397375e-09,-5.715967726743453e-09
4.829965993198639,PASSED,-0.27585698304834616,8.074549237660246e-10,3.3696858975750552e-09,2.7094190152845306,-4.273959947875104e-09,-2.1680272311718832e-08
4.830966193238647,PASSED,-0.27585698304753736,8.102886738963768e-10,2.4764596188702164e-09,2.7094190152802473,-4.2931289655250466e-09,-1.7494847875425723e-08
4.831966393278655,PASSED,-0.27585698304672635,8.120302786727837e-10,1.2517015480979323e-09,2.7094190152759507,-4.303006330151739e-09,-4.7990424608699986e-09
4.832966593318663,PASSED,-0.2758569830459138,8.131516805562128e-10,1.0345354403165546e-09,2.7094190152716466,-4.305535578529074e-09,-1.0160523216435583e-09
4.833966793358671,PASSED,-0.2758569830451005,8.136656722162861e-10,1.6696247324462583e-10,2.709419015267336,-4.314131294972739e-09,-1.3648825858345465e-08
4.834966993398679,PASSED,-0.2758569830442871,8.13354605699332e-10,-6.297525104198927e-10,2.709419015263029,-4.306593005621822e-09,2.166303282375881e-08
4.835967193438687,PASSED,-0.27585698304347434,8.122513167529703e-10,-1.4189799036562113e-09,2.709419015258724,-4.298756257635597e-09,-1.3807752387976882e-09
4.836967393478695,PASSED,-0.27585698304266293,8.105747986545028e-10,-1.8482102283414631e-09,2.7094190152544257,-4.298633965017881e-09,1.124337855392421e-09
4.837967593518703,PASSED,-0.27585698304185363,8.082174511085599e-10,-2.696772424343971e-09,2.7094190152501407,-4.2779128547175374e-09,3.378562526364394e-08
4.838967793558711,PASSED,-0.275856983041047,8.051689888846268e-10,-3.2829220903257996e-09,2.709419015245866,-4.264410887747252e-09,-2.047189195252132e-11
4.839967993598719,PASSED,-0.27585698304024375,8.014163430926257e-10,-4.065794926451276e-09,2.7094190152416116,-4.248866687934502e-09,2.5920647615884496e-08
4.840968193638727,PASSED,-0.2758569830394446,7.969574423013839e-10,-4.720971367768863e-09,2.7094190152373776,-4.219899176315284e-09,3.0998754288107285e-08
4.841968393678735,PASSED,-0.27585698303865025,7.91843140654392e-10,-5.376521833140501e-09,2.709419015233171,-4.192382367607901e-09,2.519551165356624e-08
4.842968593718743,PASSED,-0.2758569830378612,7.861758665324309e-10,-5.861108981174799e-09,2.7094190152289905,-4.16888774693519e-09,2.2360693352140788e-08
4.8439687937587514,PASSED,-0.27585698303707823,7.799293172075852e-10,-6.503509553959644e-09,2.709419015224845,-4.128498320314862e-09,5.2408582132453337e-08
4.8449689937987594,PASSED,-0.2758569830363019,7.728266481956769e-10,-7.502108650540633e-09,2.709419015220731,-4.093312633135265e-09,2.3703757211025937e-08
4.8459691938387675,PASSED,-0.27585698303553285,7.652671811345898e-10,-7.59770600145138e-09,2.709419015216658,-4.056716755840539e-09,4.5190624017193316e-08
4.8469693938787755,PASSED,-0.2758569830347717,7.57208363220917e-10,-8.36622585515389e-09,2.709419015212626,-4.009097626703778e-09,4.923813254980628e-08
4.8479695939187835,PASSED,-0.27585698303401895,7.484236962016818e-10,-9.063627795289294e-09,2.709419015208639,-3.963828239775967e-09,4.2623556513146895e-08
4.8489697939587915,PASSED,-0.2758569830332753,7.390067443251609e-10,-9.652501264008571e-09,2.709419015204698,-3.91860906285684e-09,4.69495905231139e-08
4.8499699939987995,PASSED,-0.2758569830325413,7.290861022703809e-10,-1.0099402581960871e-08,2.709419015200811,-3.859612949134464e-09,6.702712918854981e-08
4.8509701940388075,PASSED,-0.2758569830318175,7.186883212215751e-10,-1.0596700026702423e-08,2.7094190151969775,-3.803937053046388e-09,4.8108407354426356e-08
4.8519703940788155,PASSED,-0.27585698303110445,7.076167427705898e-10,-1.1388164067173917e-08,2.709419015193201,-3.75087078444826e-09,5.637150942726246e-08
4.8529705941188235,PASSED,-0.27585698303040257,6.961910349770486e-10,-1.1450736944452734e-08,2.7094190151894826,-3.6881989963992094e-09,6.687197379690965e-08
4.8539707941588315,PASSED,-0.2758569830297126,6.840245169539974e-10,-1.2643705408783478e-08,2.709419015185828,-3.6208541218981964e-09,6.766014163708172e-08
4.8549709941988395,PASSED,-0.27585698302903494,6.71384973978389e-10,-1.263676802015839e-08,2.709419015182239,-3.556769988798021e-09,6.170012740890426e-08
4.8559711942388475,PASSED,-0.2758569830283701,6.584115333397814e-10,-1.3197889050907032e-08,2.709419015178718,-3.4885730526045844e-09,7.252814204979178e-08
4.8569713942788555,PASSED,-0.2758569830277185,6.448741670989931e-10,-1.3763684367375845e-08,2.7094190151752664,-3.4145350546498942e-09,7.504456855795567e-08
4.8579715943188635,PASSED,-0.2758569830270807,6.307303417724504e-10,-1.4397252632654117e-08,2.709419015171887,-3.3430858890528e-09,6.905223028985317e-08
4.8589717943588715,PASSED,-0.2758569830264572,6.162670788031326e-10,-1.4507269860426836e-08,2.7094190151685833,-3.2665674520210626e-09,8.149590819299363e-08
4.8599719943988795,PASSED,-0.2758569830258484,6.014392054887009e-10,-1.504160895043491e-08,2.709419015165358,-3.18399321385617e-09,8.32931248128255e-08
4.8609721944388875,PASSED,-0.2758569830252547,5.860183718568922e-10,-1.5673650086057918e-08,2.709419015162216,-3.0994165014179213e-09,8.543243752186398e-08
4.8619723944788955,PASSED,-0.27585698302467654,5.703422487680761e-10,-1.567777175732157e-08,2.709419015159151,-3.0269330742900257e-09,6.38507535319165e-08
4.8629725945189035,PASSED,-0.2758569830241144,5.541965286674121e-10,-1.6457685662892405e-08,2.7094190151561732,-2.9368888582452576e-09,1.0750652438666947e-07
4.8639727945589115,PASSED,-0.2758569830235686,5.374531109225353e-10,-1.6933905799532892e-08,2.709419015153282,-2.8416441351637504e-09,8.707018887806569e-08
4.8649729945989195,PASSED,-0.27585698302303957,5.205506138531695e-10,-1.688155791592114e-08,2.709419015150479,-2.7617860860737583e-09,7.504995589794317e-08
4.8659731946389275,PASSED,-0.27585698302252765,5.034163705563113e-10,-1.730270021748291e-08,2.7094190151477706,-2.662922040241845e-09,1.1474010578789326e-07
4.8669733946789355,PASSED,-0.2758569830220332,4.855964802265012e-10,-1.8164683738028227e-08,2.7094190151451496,-2.5713935042837194e-09,7.605415607161421e-08
4.8679735947189435,PASSED,-0.2758569830215566,4.675965553697438e-10,-1.7890085602576745e-08,2.7094190151426267,-2.480044259000378e-09,1.0154597142449326e-07
4.8689737947589515,PASSED,-0.2758569830210981,4.4942831718618155e-10,-1.8353673237552642e-08,2.7094190151401945,-2.382408849926015e-09,9.502836750760897e-08
4.8699739947989595,PASSED,-0.2758569830206581,4.307464092676894e-10,-1.890073103911848e-08,2.709419015137866,-2.277311220741359e-09,1.118104703026877e-07
4.8709741948389675,PASSED,-0.2758569830202368,4.117568950750155e-10,-1.9048702961710867e-08,2.7094190151356337,-2.1821389035092837e-09,8.408021518500008e-08
4.8719743948789755,PASSED,-0.27585698301983463,3.9257769673777957e-10,-1.9266195254252733e-08,2.709419015133505,-2.080408792804018e-09,1.1349670771877696e-07
4.8729745949189835,PASSED,-0.2758569830194517,3.7325826485603887e-10,-1.935492296673265e-08,2.7094190151314748,-1.976556608877673e-09,9.742250139805646e-08
4.8739747949589916,PASSED,-0.2758569830190884,3.535195917441664e-10,-1.999450654196569e-08,2.709419015129551,-1.87268222911058e-09,1.0817563201311767e-07
4.8749749949989996,PASSED,-0.27585698301874495,3.334443180722407e-10,-2.012911842523238e-08,2.70941901512773,-1.767963006686646e-09,1.0241494936447791e-07
4.875975195039008,PASSED,-0.2758569830184215,3.134107410782331e-10,-1.996988270652436e-08,2.7094190151260173,-1.6594032573324192e-09,1.1265628268072608e-07
4.876975395079016,PASSED,-0.27585698301811834,2.9302551968242693e-10,-2.0662113855327345e-08,2.70941901512441,-1.5525804941369639e-09,1.0293375020527471e-07
4.877975595119024,PASSED,-0.2758569830178357,2.722471955981197e-10,-2.0855797570293846e-08,2.7094190151229154,-1.4407175511427978e-09,1.1781573818676021e-07
4.878975795159032,PASSED,-0.2758569830175737,2.5163635093181704e-10,-2.044754273030854e-08,2.709419015121527,-1.332560882566436e-09,1.0171728883609595e-07
4.87997599519904,PASSED,-0.2758569830173325,2.3088427274119195e-10,-2.0955101830836113e-08,2.709419015120251,-1.2223430177108547e-09,1.1588491553523819e-07
4.880976195239048,PASSED,-0.27585698301711237,2.0956960041328627e-10,-2.1554385992618706e-08,2.709419015119083,-1.1118811063538394e-09,1.0684657523820004e-07
4.881976395279056,PASSED,-0.27585698301691336,1.8839142131931477e-10,-2.0927374494873377e-08,2.7094190151180295,-9.971164342956033e-10,1.2004340327159377e-07
4.882976595319064,PASSED,-0.27585698301673567,1.6711574556893013e-10,-2.1507876587392146e-08,2.709419015117087,-8.850890696850185e-10,1.0668333883657861e-07
4.883976795359072,PASSED,-0.2758569830165793,1.4564565068621145e-10,-2.1444907079603013e-08,2.7094190151162603,-7.707989145328817e-10,1.1936136602917556e-07
4.88497699539908,PASSED,-0.27585698301644457,1.2393057917853893e-10,-2.1895181126385488e-08,2.709419015115546,-6.554444364928133e-10,1.1268321938066361e-07
4.885977195439088,PASSED,-0.2758569830163313,1.02327094114008e-10,-2.1409021023294567e-08,2.7094190151149475,-5.420442699066125e-10,1.1387813138989236e-07
4.886977395479096,PASSED,-0.2758569830162398,8.081619594926872e-11,-2.1578816259035783e-08,2.7094190151144613,-4.2981757371649003e-10,1.1112573939027574e-07
4.887977595519104,PASSED,-0.27585698301617007,5.878114788984044e-11,-2.2339202593023285e-08,2.709419015114093,-3.093650558462451e-10,1.2667037019022444e-07
4.888977795559112,PASSED,-0.2758569830161221,3.69392623952053e-11,-2.1510340762376373e-08,2.7094190151138373,-1.9697738593729602e-10,1.0286586972143214e-07
4.88997799559912,PASSED,-0.275856983016096,1.5355108559940948e-11,-2.1633362550523008e-08,2.7094190151136988,-8.36976802732158e-11,1.2022226295917897e-07
4.890978195639128,PASSED,-0.27585698301609174,-6.736236391999337e-12,-2.2396666552885137e-08,2.7094190151136766,3.8593967721963815e-11,1.2367123801918007e-07
4.891978395679136,PASSED,-0.2758569830161094,-2.8789710835140125e-11,-2.1824679703311225e-08,2.7094190151137716,1.5422266136739624e-10,1.1026699739626735e-07
4.892978595719144,PASSED,-0.27585698301614886,-5.030386489720071e-11,-2.1307136967893495e-08,2.709419015113979,2.6191828138762717e-10,1.0598136843620663e-07
4.893978795759152,PASSED,-0.2758569830162103,-7.237419154352257e-11,-2.2579119765274093e-08,2.709419015114305,3.8410466075945093e-10,1.329897199955685e-07
4.89497899579916,PASSED,-0.2758569830162935,-9.425681206323903e-11,-2.1418287689344707e-08,2.7094190151147455,5.025033091328593e-10,1.0867126729196819e-07
4.895979195839168,PASSED,-0.27585698301639855,-1.1575484892171101e-10,-2.15512029712235e-08,2.7094190151153015,6.094898474639346e-10,1.0586338569048026e-07
4.896979395879176,PASSED,-0.27585698301652534,-1.3767287156795582e-10,-2.2162569096259027e-08,2.709419015115974,7.308031545173832e-10,1.3161325462876084e-07
4.897979595919184,PASSED,-0.27585698301667383,-1.59415930329715e-10,-2.146338520542594e-08,2.709419015116759,8.452316565603992e-10,1.02972000319186e-07
4.898979795959192,PASSED,-0.2758569830168439,-1.8074460308688895e-10,-2.12388644583393e-08,2.7094190151176614,9.563156979391717e-10,1.1649206875183007e-07
4.8999799959992,PASSED,-0.2758569830170355,-2.0232601776339326e-10,-2.1809781488614285e-08,2.709419015118677,1.074436251822425e-09,1.1920621063753541e-07
4.900980196039208,PASSED,-0.27585698301724854,-2.238965251108988e-10,-2.1410991253433018e-08,2.7094190151198037,1.183163655197063e-09,1.0174153186603972e-07
4.901980396079216,PASSED,-0.2758569830174829,-2.449381483523517e-10,-2.0795377900132883e-08,2.709419015121045,1.2958905120316254e-09,1.2005040681357754e-07
4.902980596119224,PASSED,-0.2758569830177384,-2.660030416408818e-10,-2.1244570214128206e-08,2.7094190151224002,1.4152184765528785e-09,1.1884633632637003e-07
4.903980796159232,PASSED,-0.27585698301801503,-2.8723082827145693e-10,-2.1216597574873044e-08,2.7094190151238644,1.518352743552488e-09,9.265955411510276e-08
4.90498099619924,PASSED,-0.27585698301831246,-3.0790835124397714e-10,-2.0318139904284938e-08,2.709419015125442,1.6301930597187066e-09,1.246274908669623e-07
4.905981196239248,PASSED,-0.2758569830186307,-3.2846911296352475e-10,-2.0722509596389422e-08,2.7094190151271267,1.7436719892155247e-09,1.0604655525005545e-07
4.906981396279256,PASSED,-0.27585698301896955,-3.492379567271127e-10,-2.0799733208386985e-08,2.709419015128922,1.8484330173977616e-09,1.0390401013702447e-07
4.907981596319264,PASSED,-0.27585698301932876,-3.69406340316734e-10,-1.9747483843777574e-08,2.7094190151308246,1.9552536256572216e-09,1.0876500700775078e-07
4.908981796359272,PASSED,-0.27585698301970824,-3.893652573837709e-10,-2.009987254920972e-08,2.7094190151328346,2.064335408256238e-09,1.0929296632652634e-07
4.90998199639928,PASSED,-0.2758569830201077,-4.095319917702689e-10,-2.0211308944690218e-08,2.7094190151349493,2.16765844764901e-09,9.934308810360222e-08
4.910982196439288,PASSED,-0.2758569830205269,-4.292100729621745e-10,-1.9322596023382613e-08,2.7094190151371724,2.2756870052804686e-09,1.138188706500298e-07
4.911982396479296,PASSED,-0.2758569830209658,-4.4856098433944633e-10,-1.936978827986465e-08,2.709419015139496,2.3764715300711278e-09,9.209496088441217e-08
4.912982596519304,PASSED,-0.275856983021424,-4.678517872312873e-10,-1.9238145966491823e-08,2.7094190151419233,2.4759606150883914e-09,1.0441850110583125e-07
4.913982796559312,PASSED,-0.27585698302190126,-4.868055449990907e-10,-1.8764165635344546e-08,2.7094190151444524,2.5817823027673684e-09,1.0675714539440744e-07
4.91498299659932,PASSED,-0.2758569830223975,-5.055435472547498e-10,-1.872056000253547e-08,2.7094190151470796,2.6768879247303983e-09,8.733793967544472e-08
4.915983196639328,PASSED,-0.2758569830229123,-5.241111123645011e-10,-1.8465568514561924e-08,2.7094190151498063,2.773427225610903e-09,1.0267354168387819e-07
4.916983396679336,PASSED,-0.27585698302344536,-5.421706298824472e-10,-1.778881685353549e-08,2.7094190151526303,2.8749054242983533e-09,1.0068130335649862e-07
4.917983596719344,PASSED,-0.2758569830239966,-5.602050701734047e-10,-1.819818924923879e-08,2.7094190151555493,2.9661914222102413e-09,8.50224609488148e-08
4.918983796759352,PASSED,-0.2758569830245656,-5.7799555550452e-10,-1.7518682719033005e-08,2.7094190151585633,3.0592380028300463e-09,9.839599373379873e-08
4.91998399679936,PASSED,-0.27585698302515205,-5.950232556914745e-10,-1.6700378498902166e-08,2.709419015161671,3.155894639975479e-09,9.549706608652197e-08
4.920984196839368,PASSED,-0.27585698302575573,-6.122525863384411e-10,-1.7581965412342826e-08,2.7094190151648676,3.240986920850532e-09,7.815575740074015e-08
4.921984396879376,PASSED,-0.2758569830263763,-6.291535088151971e-10,-1.6446893853031622e-08,2.709419015168155,3.3304544760230375e-09,9.700875368701603e-08
4.922984596919384,PASSED,-0.2758569830270134,-6.451357362225558e-10,-1.5672449776910194e-08,2.70941901517153,3.421051756390923e-09,8.632296482179866e-08
4.923984796959392,PASSED,-0.2758569830276667,-6.61291830420529e-10,-1.647852381201508e-08,2.7094190151749884,3.4989404094750826e-09,7.226577859240027e-08
4.9249849969994,PASSED,-0.275856983028336,-6.774152149074275e-10,-1.58866249368209e-08,2.709419015178537,3.591198283520717e-09,1.0558593768112372e-07
4.925985197039408,PASSED,-0.27585698302902084,-6.925129941343186e-10,-1.4571882086937741e-08,2.709419015182163,3.6698906199842123e-09,6.076326898507704e-08
4.926985397079416,PASSED,-0.2758569830297209,-7.074623820617033e-10,-1.5201058487682647e-08,2.709419015185872,3.744046708431428e-09,8.308463475530903e-08
4.927985597119424,PASSED,-0.2758569830304358,-7.224275940759766e-10,-1.480798103200032e-08,2.709419015189659,3.828740757134605e-09,8.576699133508808e-08
4.928985797159432,PASSED,-0.2758569830311653,-7.367484123205988e-10,-1.3996043053036823e-08,2.7094190151935225,3.902017416202261e-09,6.494977088936765e-08
4.92998599719944,PASSED,-0.275856983031909,-7.506472299551534e-10,-1.3834000688899887e-08,2.709419015197461,3.9729109315530435e-09,7.485601165839296e-08
4.930986197239448,PASSED,-0.2758569830326664,-7.64386349312707e-10,-1.3675865136656012e-08,2.709419015201473,4.050595943185676e-09,7.957101161545788e-08
4.931986397279456,PASSED,-0.27585698303343725,-7.774836981971597e-10,-1.2711671382983921e-08,2.709419015205557,4.121049312859479e-09,6.43749417127008e-08
4.932986597319464,PASSED,-0.2758569830342211,-7.902591907345013e-10,-1.281803997358009e-08,2.7094190152097104,4.185995097117255e-09,6.532634595449429e-08
4.933986797359472,PASSED,-0.27585698303501766,-8.028105080091567e-10,-1.2373502142038989e-08,2.7094190152139284,4.2505928592118386e-09,6.411203952131052e-08
4.93498699739948,PASSED,-0.2758569830358265,-8.149359344072992e-10,-1.1960042568878227e-08,2.7094190152182134,4.3187955059856615e-09,7.092971827549888e-08
4.935987197439488,PASSED,-0.2758569830366472,-8.264756765268717e-10,-1.1259541820035343e-08,2.7094190152225606,4.378657796231229e-09,5.248400489227841e-08
4.936987397479496,PASSED,-0.27585698303747935,-8.378846087702082e-10,-1.1508525858870587e-08,2.7094190152269704,4.437790532895687e-09,6.356522451257871e-08
4.937987597519504,PASSED,-0.2758569830383226,-8.488261814937449e-10,-1.0563603966647307e-08,2.7094190152314352,4.494138122533405e-09,5.153583305447743e-08
4.938987797559512,PASSED,-0.27585698303917655,-8.590951761207859e-10,-1.0072588400636717e-08,2.70941901523596,4.5532432760171274e-09,6.415136710321931e-08
4.93998799759952,PASSED,-0.2758569830400407,-8.691763358516365e-10,-1.008687395099324e-08,2.7094190152405364,4.603971439060678e-09,4.177936033710476e-08
4.940988197639528,PASSED,-0.27585698304091477,-8.78995751378082e-10,-9.641109910080219e-09,2.7094190152451643,4.650598112424941e-09,4.985821538236818e-08
4.941988397679536,PASSED,-0.27585698304179823,-8.880895923408591e-10,-8.728994997908355e-09,2.709419015249848,4.712649278907431e-09,7.017980054923809e-08
4.942988597719544,PASSED,-0.2758569830426908,-8.970314404504643e-10,-9.083750184069747e-09,2.7094190152545736,4.750111655965748e-09,1.565076139770255e-08
4.943988797759552,PASSED,-0.27585698304359185,-9.053876525020958e-10,-7.871186630005993e-09,2.709419015259347,4.789175042721551e-09,5.467180366120444e-08
4.94498899779956,PASSED,-0.2758569830445012,-9.132720586809735e-10,-7.893219211458854e-09,2.709419015264163,4.842963753612004e-09,5.319998237661791e-08
4.945989197839568,PASSED,-0.2758569830454182,-9.208999189608386e-10,-7.450954325469118e-09,2.7094190152690225,4.881500581757429e-09,2.8761391991296205e-08
4.946989397879576,PASSED,-0.27585698304634265,-9.281171290361088e-10,-7.061380575137573e-09,2.7094190152739173,4.908928283861418e-09,2.653857551245139e-08
4.947989597919584,PASSED,-0.27585698304727396,-9.347165433882891e-10,-6.291436870208784e-09,2.7094190152788507,4.951704517589811e-09,5.360133920568708e-08
4.948989797959592,PASSED,-0.2758569830482117,-9.408405635692354e-10,-6.0124090547713896e-09,2.7094190152838182,4.989337781072531e-09,2.6987879667409358e-08
4.9499899979996,PASSED,-0.2758569830491555,-9.467530294145163e-10,-5.845837038953755e-09,2.7094190152888173,5.010967304641568e-09,1.8057286170121306e-08
4.950990198039608,PASSED,-0.2758569830501049,-9.522575919290522e-10,-5.277046164923879e-09,2.709419015293847,5.043156337826515e-09,4.161019786149709e-08
4.951990398079616,PASSED,-0.27585698305105955,-9.57195929221291e-10,-4.7125313771154405e-09,2.709419015298903,5.073207782251219e-09,2.2345608800175774e-08
4.952990598119624,PASSED,-0.2758569830520189,-9.616571471640176e-10,-4.2936756531342455e-09,2.7094190153039848,5.091193201305907e-09,1.5078625891029455e-08
4.953990798159632,PASSED,-0.2758569830529826,-9.658097084574094e-10,-4.058485053563311e-09,2.709419015309091,5.11755000796718e-09,3.387559384143528e-08
4.95499099819964,PASSED,-0.27585698305395023,-9.695530997381684e-10,-3.533328765556134e-09,2.7094190153142153,5.1361101484517354e-09,8.349838246634947e-09
4.955991198239648,PASSED,-0.2758569830549213,-9.726944193550358e-10,-2.8799801844081015e-09,2.7094190153193587,5.14921162056735e-09,1.6269228028268194e-08
4.956991398279656,PASSED,-0.2758569830558954,-9.755107379747627e-10,-2.7738775766060824e-09,2.709419015324519,5.169628022918001e-09,2.3181185232237892e-08
4.957991598319664,PASSED,-0.2758569830568721,-9.780273987567655e-10,-2.3451829189338624e-09,2.709419015329692,5.180772705403354e-09,3.12034732076325e-09
4.958991798359672,PASSED,-0.275856983057851,-9.798408069123555e-10,-1.4588916466941214e-09,2.7094190153348783,5.189376502857e-09,1.2259430875567769e-08
4.95999199839968,PASSED,-0.27585698305883166,-9.81380578840057e-10,-1.5936921150393905e-09,2.7094190153400737,5.201812746230958e-09,1.2554118372884325e-08
4.960992198439688,PASSED,-0.2758569830598136,-9.82574567421384e-10,-9.275195588519151e-10,2.7094190153452757,5.205633232256497e-09,-2.0019355393570852e-09
4.961992398479696,PASSED,-0.2758569830607964,-9.832278842030314e-10,-4.705149301779287e-10,2.7094190153504796,5.202399427555597e-09,-4.055050808595474e-09
4.962992598519704,PASSED,-0.2758569830617798,-9.835701786020512e-10,-2.568140449143389e-10,2.70941901535569,5.213144584907477e-09,2.061196279219647e-08
4.963992798559712,PASSED,-0.27585698306276324,-9.834917106079919e-10,3.0198935337520824e-10,2.7094190153608992,5.212363528356088e-09,-1.5043069447111916e-08
4.96499299859972,PASSED,-0.27585698306374623,-9.827362436008341e-10,1.0577854430128435e-09,2.7094190153661066,5.201248476240666e-09,-8.4963738942951e-09
4.965993198639728,PASSED,-0.27585698306472856,-9.81865045070241e-10,7.468072556465469e-10,2.709419015371309,5.201036430538758e-09,5.3108397596830314e-09
4.966993398679736,PASSED,-0.27585698306570966,-9.804890728884884e-10,1.7954154658231274e-09,2.709419015376504,5.19350719191902e-09,-1.6089290872685508e-08
4.967993598719744,PASSED,-0.27585698306668915,-9.78536026244857e-10,2.058134095503961e-09,2.709419015381695,5.185590711300979e-09,-2.4679404482763204e-09
4.968993798759752,PASSED,-0.2758569830676667,-9.765597388050585e-10,1.9217230026615223e-09,2.709419015386873,5.174102424271223e-09,-1.7501851417409478e-08
4.96999399879976,PASSED,-0.2758569830686418,-9.73905397670136e-10,3.1427532230964667e-09,2.7094190153920383,5.156384325026715e-09,-1.7862264462573606e-08
4.970994198839768,PASSED,-0.2758569830696142,-9.708804739544363e-10,2.9463707107687842e-09,2.709419015397188,5.142093543735458e-09,-1.1909792510378654e-08
4.971994398879776,PASSED,-0.2758569830705833,-9.675037829209124e-10,3.6635712486938797e-09,2.70941901540232,5.12415143889427e-09,-2.1963646395061626e-08
4.972994598919784,PASSED,-0.27585698307154893,-9.637059122856354e-10,3.887403559665772e-09,2.7094190154074353,5.105340356113097e-09,-1.6709373705247405e-08
4.973994798959792,PASSED,-0.27585698307251055,-9.595515841783028e-10,4.33227780577716e-09,2.709419015412533,5.089833759933461e-09,-1.4704744495896565e-08
4.9749949989998,PASSED,-0.2758569830734678,-9.550354088019522e-10,4.6387737567327945e-09,2.7094190154176028,5.055957950598426e-09,-4.66565192277936e-08
4.975995199039808,PASSED,-0.27585698307442036,-9.501838778308026e-10,4.993369114093931e-09,2.709419015422645,5.0234351178278534e-09,-2.310037513242531e-08
4.976995399079816,PASSED,-0.2758569830753678,-9.44840791484491e-10,5.576231167789962e-09,2.709419015427666,5.013460888828186e-09,-1.2234649111625244e-09
4.977995599119824,PASSED,-0.27585698307630974,-9.390823699740659e-10,5.879881738848579e-09,2.709419015432655,4.977048827573833e-09,-5.987112548314611e-08
4.978995799159832,PASSED,-0.2758569830772459,-9.33187474328197e-10,5.904904917216003e-09,2.7094190154376157,4.936902154493342e-09,-2.699703814538812e-08
4.97999599919984,PASSED,-0.27585698307817585,-9.268708830763356e-10,6.591048808291689e-09,2.709419015442539,4.909395366238336e-09,-2.7846621661417753e-08
4.980996199239848,PASSED,-0.2758569830790993,-9.200986572276943e-10,6.893010542207578e-09,2.709419015447432,4.877498865614711e-09,-3.459641993176353e-08
4.981996399279856,PASSED,-0.2758569830800158,-9.130102237343566e-10,7.21871546075782e-09,2.709419015452287,4.83569192209687e-09,-4.66139592418923e-08
4.982996599319864,PASSED,-0.2758569830809251,-9.056221216772391e-10,7.501026454690506e-09,2.7094190154571023,4.793512497892293e-09,-3.922306751303335e-08
4.983996799359872,PASSED,-0.2758569830818268,-8.97910883906313e-10,7.851378648416531e-09,2.7094190154618794,4.7594596605652685e-09,-3.0606017203018126e-08
4.98499699939988,PASSED,-0.27585698308272066,-8.898672472316031e-10,8.171808692238724e-09,2.709419015466613,4.713548533698146e-09,-5.6114533309858446e-08
4.985997199439888,PASSED,-0.27585698308360623,-8.813954069790906e-10,8.671861292695005e-09,2.7094190154713034,4.6643403547586705e-09,-4.460394269255396e-08
4.986997399479896,PASSED,-0.2758569830844833,-8.726915535499194e-10,8.725181520155354e-09,2.709419015475951,4.62856119820605e-09,-2.989596579266489e-08
4.987997599519904,PASSED,-0.2758569830853515,-8.63759690798603e-10,9.069650238757148e-09,2.7094190154805498,4.575946927432874e-09,-6.775980742685057e-08
4.988997799559912,PASSED,-0.27585698308621054,-8.544513124660516e-10,9.467530395080901e-09,2.709419015485099,4.51873510071436e-09,-5.0179839579622265e-08
4.98999799959992,PASSED,-0.27585698308706014,-8.44871882121719e-10,9.654030310500321e-09,2.7094190154895994,4.479119403863038e-09,-3.257293503245643e-08
4.990998199639928,PASSED,-0.2758569830878999,-8.34837040690222e-10,1.0288715512161523e-08,2.7094190154940474,4.424321751939725e-09,-6.961412985055001e-08
4.991998399679936,PASSED,-0.27585698308872975,-8.24743513916147e-10,9.963400948683995e-09,2.7094190154984434,4.3638475676183776e-09,-5.438088730187914e-08
4.992998599719944,PASSED,-0.2758569830895492,-8.143261644712207e-10,1.0719981775754749e-08,2.7094190155027853,4.3171840448486e-09,-4.151861308170949e-08
4.993998799759952,PASSED,-0.2758569830903581,-8.0346686584662e-10,1.0952176523831352e-08,2.70941901550707,4.258184590975433e-09,-7.065334773413983e-08
4.99499899979996,PASSED,-0.27585698309115614,-7.925325446499033e-10,1.0922417645306984e-08,2.709419015511297,4.1939957279859e-09,-5.987920649312737e-08
4.995999199839968,PASSED,-0.27585698309194306,-7.813582657573482e-10,1.134218639072049e-08,2.709419015515466,4.141152172022856e-09,-4.8153122276322655e-08
4.996999399879976,PASSED,-0.2758569830927186,-7.697577393639185e-10,1.1772753061902454e-08,2.7094190155195745,4.080950587104876e-09,-6.823389334575106e-08
4.997999599919984,PASSED,-0.27585698309348256,-7.580967994895002e-10,1.1586397749428937e-08,2.709419015523618,4.0082853911258015e-09,-7.561939773462251e-08
4.998999799959992,PASSED,-0.2758569830942346,-7.461260369486395e-10,1.222700573514854e-08,2.709419015527605,3.957207050983063e-09,-3.471763508148241e-08
5.0,PASSED,-0.27585698309497464,-7.338321856158069e-10,1.2338415064622168e-08,2.7094190155315223,3.8888051803765016e-09,-9.085802762328088e-08
