time,status,q_yH,dq_yH,ddq_yH,q_phiO,dq_phiO,ddq_phiO
0.0,PASSED,-0.26601041206907855,0.0,0.0,2.657568715883745,0.0,0.0
0.0010002000400080016,PASSED,-0.26600891283065176,0.002234889580305432,3.724815967175721,2.6575608642933624,-0.011704234110946602,-19.507056851577673
0.002000400080016003,PASSED,-0.2660048274030762,0.005942011154907662,3.69532531288657,2.6575394687557776,-0.031118533270208595,-19.352460697718204
0.0030006001200240046,PASSED,-0.2659970512556296,0.009617172942623079,3.661719437601314,2.657498745027069,-0.0503651034180422,-19.175976447910543
0.004000800160032006,PASSED,-0.26598561837793977,0.01325630111826643,3.6240673343380396,2.6574388715700485,-0.06942236987076392,-18.97812645592918
0.005001000200040008,PASSED,-0.2659705667962948,0.016855394827027703,3.5824446250434256,2.657360048194746,-0.08826923004597381,-18.759349321397046
0.006001200240048009,PASSED,-0.26595193849688803,0.020410533515024948,3.53693472996646,2.657262495647494,-0.10688494092557575,-18.51995191840519
0.007001400280056011,PASSED,-0.2659297793449247,0.023917879797832168,3.487620651367729,2.6571464551772417,-0.12524919600030288,-18.260457178941735
0.008001600320064013,PASSED,-0.26590413899972737,0.027373681925677844,3.4345897788309765,2.657012188079872,-0.1433422088755593,-17.98138333946619
0.009001800360072015,PASSED,-0.2658750708259794,0.030774279554744082,3.377936195889743,2.6568599752213373,-0.16114464760329741,-17.683142319919433
0.010002000400080016,PASSED,-0.2658426318012472,0.034116107049367725,3.317755027112905,2.656690116540449,-0.17863767135217534,-17.366278034850232
0.011002200440088018,PASSED,-0.2658068824199273,0.03739569575159077,3.254144485629806,2.656502930532149,-0.19580300220354152,-17.03136606237681
0.012002400480096018,PASSED,-0.26576788659376865,0.04060967849455805,3.1872082478589294,2.6562987537121634,-0.21262289211812166,-16.678905816049028
0.01300260052010402,PASSED,-0.26572571154912206,0.04375479287129334,3.1170517959861956,2.6560779400639327,-0.22908013811457106,-16.309472783383008
0.014002800560112022,PASSED,-0.26568042772106926,0.0468278833508246,3.043782935227969,2.6558408604686807,-0.2451581387176342,-15.923685816183243
0.015003000600120024,PASSED,-0.2656321086445921,0.04982590478356453,2.9675137644145733,2.6555879021196054,-0.2608408816011924,-15.522114261808197
0.016003200640128026,PASSED,-0.2655808308429402,0.052745925359446146,2.8883584501929795,2.655319467921081,-0.27611294834826444,-15.105368403914557
0.017003400680136026,PASSED,-0.26552667371335775,0.05558512852701143,2.806432979146827,2.6550359758738313,-0.2909595560556997,-14.674100576448948
0.01800360072014403,PASSED,-0.265469719410333,0.05834081567993169,2.721856602102538,2.654737858447015,-0.30536655671502516,-14.228934047909869
0.01900380076015203,PASSED,-0.2654100527265373,0.06101040865178558,2.634750551688115,2.654425561938211,-0.3193204374441512,-13.770511849936758
0.020004000800160033,PASSED,-0.26534776097161605,0.06359145136784021,2.5452374922989796,2.6540995458222194,-0.33280834947619276,-13.299512153444807
0.021004200840168033,PASSED,-0.26528293384900176,0.06608161184188703,2.4534424618787276,2.653760282089684,-0.3458181130323197,-12.816597824581704
0.022004400880176037,PASSED,-0.265215663330915,0.06847868413812692,2.359492185813997,2.6534082545764845,-0.3583382158331532,-12.322439451667998
0.023004600920184037,PASSED,-0.26514604353172255,0.07078058968262936,2.263514450294732,2.6530439582848837,-0.37035783199344563,-11.817733966042109
0.024004800960192037,PASSED,-0.26507417057981986,0.07298537865948361,2.1656386612272396,2.6526678986973535,-0.3818668283996532,-11.303171366317908
0.02500500100020004,PASSED,-0.2650001424882085,0.07509123141459184,2.065995484362225,2.6522805910840828,-0.3928557625303359,-10.779442640259237
0.02600520104020804,PASSED,-0.2649240590239353,0.07709645937074691,1.964716270683627,2.6518825598051103,-0.40331589355122993,-10.247256607983918
0.027005401080216044,PASSED,-0.26484602157656084,0.0789995058799276,1.8619333348454137,2.651474337607999,-0.4132391878078102,-9.707319355644575
0.028005601120224044,PASSED,-0.2647661330258267,0.0807989470709523,1.7577797618108997,2.651056464922054,-0.4226183160477413,-9.160334162788814
0.029005801160232048,PASSED,-0.26468449760868556,0.0824934923322589,1.652388927637079,2.6506294891499422,-0.4314466586315286,-8.607014864452932
0.030006001200240048,PASSED,-0.2646012207858614,0.0840819846557673,1.5458945874226082,2.6501939639577023,-0.43971830878916857,-8.048073686431323
0.03100620124024805,PASSED,-0.26451640910810303,0.08556340094596848,1.4384307587202358,2.6497504485639882,-0.44742806905726257,-7.4842179892024365
0.03200640128025605,PASSED,-0.26443017008229414,0.08693685205298883,1.3301313392204295,2.6492995070294807,-0.4545714519490908,-6.916159493578735
0.033006601320264055,PASSED,-0.2643426120375808,0.088201582633151,1.2211300741233444,2.6488417075473554,-0.46114468040522066,-6.344607764497278
0.03400680136027205,PASSED,-0.26425384399167656,0.08935697094434197,1.1115604692360415,2.648377621735616,-0.4671446831296039,-5.77026603097391
0.035007001400280055,PASSED,-0.264163975517501,0.09040252842716472,1.0015554918805234,2.647907823932207,-0.4725690916659383,-5.1938368732414215
0.03600720144028806,PASSED,-0.26407311661030874,0.09133789910282292,0.8912474648433124,2.6474328904936875,-0.4774162379804343,-4.616019275332455
0.03700740148029606,PASSED,-0.26398137755546053,0.09216285888512268,0.7807679939374135,2.6469533990983205,-0.48168514830966247,-4.037504365158596
0.03800760152030406,PASSED,-0.2638888687969876,0.09287731471635007,0.6702477227540296,2.6464699280543194,-0.48537553740831063,-3.4589789209744675
0.03900780156031206,PASSED,-0.2637957008070965,0.09348130352733379,0.5598162031368644,2.645983055614079,-0.4884878033431076,-2.8811239440119287
0.040008001600320066,PASSED,-0.26370198395676037,0.09397499109535955,0.44960181128503546,2.6454933592951324,-0.49102301965663847,-2.3046112265434364
0.04100820164032806,PASSED,-0.26360782838753766,0.09435867075269055,0.33973155469498917,2.645001415208537,-0.4929829272691098,-1.7301052030899584
0.042008401680336066,PASSED,-0.26351334388475867,0.09463276193318272,0.23033093102364363,2.6445077973954434,-0.4943699267177059,-1.1582622789336117
0.04300860172034407,PASSED,-0.26341863975221486,0.09479780860850909,0.12152383819484772,2.6440130771725343,-0.49518706857663775,-0.5897282455973056
0.04400880176035207,PASSED,-0.26332382468848436,0.09485447759388413,0.013432416828499947,2.6435178224869706,-0.4954380433282909,-0.025139089023760594
0.04500900180036007,PASSED,-0.26322900666502197,0.09480355670892682,-0.09382308614787076,2.6430225972815404,-0.49512717132320494,0.5348794011590761
0.04600920184036807,PASSED,-0.26313429280614137,0.09464595282481089,-0.20012441609461556,2.642527960870609,-0.4942593915124203,1.0897134172016276
0.04700940188037608,PASSED,-0.2630397892710095,0.09438268979766606,-0.3053554345116331,2.642034467327486,-0.4928402495031618,1.6387610706297797
0.048009601920384073,PASSED,-0.26294560113777304,0.09401490627283107,-0.40940225171723416,2.64154266488377,-0.49087588557203077,2.181432504798532
0.04900980196039208,PASSED,-0.26285183228993175,0.09354385337916057,-0.512153321639315,2.6410530953412783,-0.4883730217706001,2.7171513325187373
0.05001000200040008,PASSED,-0.26275858530506907,0.09297089232237037,-0.6134995468908031,2.6405662934970358,-0.48533894840784114,3.2453547162524568
0.051010202040408084,PASSED,-0.2626659613460472,0.09229749186565442,-0.7133343965993848,2.6400827865818792,-0.4817815103729509,3.7654935806487884
0.05201040208041608,PASSED,-0.26257406005476963,0.09152522570781778,-0.8115539986614633,2.6396030937131627,-0.47770909276836926,4.277033620536977
0.053010602120424084,PASSED,-0.26248297944861065,0.09065576977209683,-0.9080572270939257,2.639127725362003,-0.47313060603223517,4.779455479865473
0.05401080216043209,PASSED,-0.2623928158196055,0.08969089939717069,-1.0027458068143014,2.638657182835548,-0.46805547079572773,5.27225507426872
0.05501100220044009,PASSED,-0.26230366363649305,0.08863248643816558,-1.09552439379898,2.6381919577746564,-0.462493602255063,5.754944184928859
0.05601120224044809,PASSED,-0.2622156154496969,0.08748249628770854,-1.18630065489574,2.6377325316674027,-0.4564553941063945,6.2270507911614565
0.05701140228045609,PASSED,-0.2621287617993275,0.08624298481418374,-1.2749853526108461,2.63727937537878,-0.44995170219111236,6.6881193313625875
0.058011602320464095,PASSED,-0.2620431911262822,0.08491609522406927,-1.3614924151168728,2.636832948696952,-0.4429938277826418,7.137711126542556
0.05901180236047209,PASSED,-0.26195898968651915,0.08350405485347262,-1.4457390075831713,2.6363936998963764,-0.4355935005412502,7.575404651291025
0.060012002400480095,PASSED,-0.2618762414685715,0.08200917189251597,-1.5276455965389815,2.635962065318129,-0.4277628611553468,8.000795875644995
0.0610122024404881,PASSED,-0.2617950281143696,0.08043383204653322,-1.6071360122785971,2.635538468967671,-0.41951444377526054,8.413498383047035
0.0620124024804961,PASSED,-0.26171542884342935,0.07878049513962677,-1.6841375033250234,2.6351233221303865,-0.4108611581144026,8.813143846065161
0.0630126025205041,PASSED,-0.2616375203804655,0.0770516916624328,-1.7585807931066006,2.6347170230050465,-0.4018162713839238,9.199381986754508
0.0640128025605121,PASSED,-0.26156137688647946,0.07525001927211555,-1.8304001217910006,2.6343199563555033,-0.39239338999757806,9.57188098607328
0.0650130026005201,PASSED,-0.2614870698933703,0.07337813924667766,-1.8995332945358265,2.63393249318074,-0.38260644107428377,9.93032754810833
0.06601320264052811,PASSED,-0.261414668242112,0.07143877289705534,-1.9659217196799674,2.6335549904035096,-0.37246965379445846,10.274427100969923
0.06701340268053611,PASSED,-0.26134423802453555,0.06943469794396252,-2.029510442034732,2.6331877905776735,-0.361997540619871,10.603903890332436
0.0680136027205441,PASSED,-0.2612758425287499,0.06736874486249318,-2.090248174425733,2.6328312216143774,-0.3512048784006463,10.91850110515283
0.0690138027605521,PASSED,-0.2612095421882326,0.06524379319790781,-2.148087324691798,2.6324855965272294,-0.34010668929558285,11.217981105003785
0.07001400280056011,PASSED,-0.2611453945346151,0.06306276785872604,-2.202984015508412,2.6321512131964804,-0.3287182217397972,11.50212518964023
0.07101420284056811,PASSED,-0.2610834541541841,0.06082863539112283,-2.254898102333067,2.631828354152366,-0.3170549312872047,11.770733961227304
0.07201440288057612,PASSED,-0.26102377264811755,0.058544400235249296,-2.3037931915671797,2.631517286377595,-0.3051324613720584,12.023627217758888
0.07301460292058412,PASSED,-0.2609663985964656,0.056213100975356874,-2.3496366387759164,2.631218261129071,-0.29296662410839824,12.260643960927737
0.07401480296059212,PASSED,-0.26091137752588767,0.0538378065803689,-2.392399565796013,2.6309315137788034,-0.28057338110075913,12.481642372113416
0.07501500300060011,PASSED,-0.26085875188114904,0.05142161264109448,-2.4320568549266897,2.630657263674049,-0.2679688242037892,12.68649991354092
0.07601520304060812,PASSED,-0.2608085610003769,0.048967637612537855,-2.4685871443099114,2.630395714016616,-0.25516915636889526,12.875113115796006
0.07701540308061612,PASSED,-0.26076084109407366,0.04647901905888138,-2.50197282655419,2.6301470517613357,-0.2421906725242127,13.047397663940295
0.07801560312062412,PASSED,-0.26071562522787795,0.04395890990960409,-2.53220003109269,2.6299114475335603,-0.22904974057470406,13.203288139887485
0.07901580316063213,PASSED,-0.2606729433090634,0.04141047472892746,-2.5592586137325872,2.6296890555656987,-0.215762782408171,13.342738184296756
0.08001600320064013,PASSED,-0.260632822076758,0.03883688600336963,-2.5831421334413394,2.6294800136526106,-0.20234625506434914,13.465720116838604
0.08101620324064814,PASSED,-0.2605952850958654,0.036241320450228744,-2.6038478329405788,2.6292844431257762,-0.18881663208369145,13.572224889870403
0.08201640328065612,PASSED,-0.2605603527546647,0.033626955350605864,-2.6213766107444,2.6291024488461145,-0.1751903848674793,13.662262100440012
0.08301660332066413,PASSED,-0.2605280422660614,0.030996964913497908,-2.635732988016991,2.62893411921526,-0.16148396431387144,13.735859522386413
0.08401680336067213,PASSED,-0.2604983676724584,0.02835451667107709,-2.6469250786900416,2.6287795262051854,-0.1477137825881739,13.793063194571676
0.08501700340068014,PASSED,-0.26047133985421317,0.02570276791050169,-2.654964548498972,2.628638725405919,-0.13389619508367664,13.833937044447659
0.08601720344068814,PASSED,-0.2604469665416429,0.02304486214562781,-2.65986657579048,2.628511756091208,-0.120047482609338,13.85856276093266
0.08701740348069614,PASSED,-0.2604252523305355,0.020383925631529177,-2.661649806304072,2.6283986413018714,-0.10618383379788282,13.867039511803512
0.08801760352070415,PASSED,-0.260406198701122,0.017723063927205025,-2.6603363030042035,2.628299387946649,-0.09232132772268443,13.859483784128301
0.08901780356071214,PASSED,-0.2603898040404624,0.015065358507007123,-2.655951498327036,2.6282139869202474,-0.07847591683970909,13.83602894887339
0.09001800360072014,PASSED,-0.2603760636681919,0.01241386342511178,-2.6485241376075477,2.6281424132383644,-0.064663410152799,13.79682517893456
0.09101820364072814,PASSED,-0.2603649698655743,0.00977160203724416,-2.638086221374334,2.628084626189387,-0.050899456647291626,13.74203905655592
0.09201840368073615,PASSED,-0.2603565119078036,0.007141563782221039,-2.6246729441223113,2.6280405695024798,-0.03719952907550748,13.671853248602975
0.09301860372074415,PASSED,-0.2603506760994933,0.004526701024643918,-2.6083226332136618,2.62801017153176,-0.023578908028287823,13.586466246297437
0.09401880376075215,PASSED,-0.2603474458132887,0.001929925963905549,-2.5890766790881745,2.6279933454562276,-0.010052666319834752,13.486092016556826
0.09501900380076016,PASSED,-0.2603468015315364,-0.0006458923878168119,-2.566979466811819,2.6279899894951297,0.0033643462639037333,13.37095962852626
0.09601920384076815,PASSED,-0.2603487208909404,-0.0031979311581856493,-2.542078306073517,2.6279999871384048,0.01665751786317501,13.241312913101295
0.09701940388077615,PASSED,-0.26035317873013286,-0.005723416492231393,-2.514423352693895,2.628023207391853,0.02981248910374066,13.097410125541886
0.09801960392078415,PASSED,-0.260360147140085,-0.008219626354587454,-2.4840675354641726,2.628059505036663,0.04281516726971625,12.939523526264734
0.09901980396079216,PASSED,-0.2603695955172794,-0.010683893252111016,-2.451066472229822,2.628108720902911,0.05565174006027195,12.767938966749679
0.10002000400080016,PASSED,-0.26038149061956506,-0.013113606875811087,-2.415478391346903,2.628170682156632,0.06830868898119476,12.582955557038241
0.10102020404080816,PASSED,-0.2603957966246125,-0.015506216659874844,-2.3773640458749923,2.6282452026000747,0.08077280232654124,12.384885204218651
0.10202040408081617,PASSED,-0.2604124751908837,-0.017859234253684166,-2.3367866257655447,2.628332082984702,0.09303118770245229,12.174052157039311
0.10302060412082417,PASSED,-0.2604314855210319,-0.02017023590809492,-2.2938116735075593,2.6284311113365546,0.10507128418957125,11.950792707172052
0.10402080416083216,PASSED,-0.26045278442764075,-0.022436864770156533,-2.248506987764319,2.628542063293479,0.1168808739862985,11.715454523097382
0.10502100420084017,PASSED,-0.2604763264012131,-0.024656833087052882,-2.200942536317702,2.6286647024538285,0.12844809363030238,11.468396391274878
0.10602120424084817,PASSED,-0.2605020636803172,-0.026827924317348647,-2.1511903596144655,2.6287987807361763,0.1397614448368078,11.20998774999242
0.10702140428085617,PASSED,-0.2605299463237951,-0.02894799514519718,-2.099324473337916,2.628944038749565,0.15080980477544406,10.940608064398779
0.10802160432086418,PASSED,-0.260559922284939,-0.031014977400464227,-2.0454207765531316,2.6291002061738085,0.16158243585017498,10.660646414952327
0.10902180436087218,PASSED,-0.2605919374875359,-0.03302687987852818,-1.9895569457378288,2.6292670021494287,0.17206899515352292,10.370501228945022
0.11002200440088018,PASSED,-0.2606259359036839,-0.03498179006132551,-1.9318123408370012,2.629444135676668,0.18225954329612604,10.070579418375196
0.11102220444088817,PASSED,-0.260661859633279,-0.03687787573876454,-1.8722679018403758,2.6296313060231444,0.19214455273294678,9.76129611578446
0.11202240448089618,PASSED,-0.2606996489850708,-0.03871338652581988,-1.811006043865318,2.6298282031396267,0.20171491571741,9.443074230249028
0.11302260452090418,PASSED,-0.26073924255918535,-0.04048665527792212,-1.7481105575935099,2.6300345080834306,0.21096195164469192,9.116343725303835
0.11402280456091218,PASSED,-0.260780577331011,-0.042196099404069945,-1.6836665051840385,2.630249893448923,0.21987741385743162,8.781541204363599
0.11502300460092019,PASSED,-0.26082358873634365,-0.043840222072156175,-1.6177601100210217,2.6304740238046302,0.22845349605163726,8.439109520766973
0.11602320464092819,PASSED,-0.2608682107576858,-0.045417613310077695,-1.550478656521848,2.630706556136441,0.236682838116018,8.089497093456615
0.1170234046809362,PASSED,-0.26091437601159323,-0.0469269510013085,-1.481910381036779,2.6309471402963505,0.24455853135339725,7.733157333327656
0.11802360472094418,PASSED,-0.26096201583696454,-0.04836700177408158,-1.412144367263952,2.6311954194562457,0.25207412328257833,7.370548326416719
0.11902380476095219,PASSED,-0.26101106038416483,-0.049736621782425446,-1.3412704357304692,2.6314510305662284,0.25922362197445553,7.002132268850856
0.12002400480096019,PASSED,-0.2610614387048779,-0.051034757380081966,-1.269379038940552,2.631713604816855,0.26600149961143194,6.62837454906006
0.1210242048409682,PASSED,-0.2611130788425791,-0.05226044568853186,-1.1965611547894488,2.6319827681048964,0.27240269575898496,6.249743879881728
0.1220244048809762,PASSED,-0.2611659079235217,-0.05341281505688383,-1.1229081773936587,2.6322581415019384,0.27842262002606644,5.8667111918813255
0.1230246049209842,PASSED,-0.2612198522481288,-0.05449108541299361,-1.0485118085871992,2.6325393417254075,0.28405715409556487,5.4797493212432355
0.1240248049609922,PASSED,-0.2612748373826853,-0.055494568509850996,-0.973463955704176,2.6328259816114192,0.28930265336295047,5.0893325648138426
0.1250250050010002,PASSED,-0.26133078825122036,-0.05642266806405695,-0.8978566198738007,2.6331176705889336,0.2941559479686291,4.695935966255128
0.1260252050410082,PASSED,-0.2613876292274763,-0.05727487978749139,-0.8217817924748653,2.633414015154655,0.2986143432187458,4.300034772691069
0.1270254050810162,PASSED,-0.26144528422685664,-0.058050791314010655,-0.7453313492155219,2.6337146193482233,0.3026756196756394,3.9021042463618887
0.1280256051210242,PASSED,-0.2615036767982474,-0.0587500820204236,-0.6685969445445528,2.634019085227046,0.30633803252926306,3.502618591798182
0.1290258051610322,PASSED,-0.26156273021560805,-0.05937252274327289,-0.5916699083857851,2.6343270133403265,0.3096003104323526,3.1020507772837975
0.1300260052010402,PASSED,-0.2616223675692274,-0.059917975392310745,-0.5146411428058989,2.6346380032017516,0.31246165403600534,2.700872154565409
0.13102620524104822,PASSED,-0.26168251185654157,-0.06038639246131911,-0.43760101981000993,2.6349516537602695,0.3149217337504237,2.2995514209869685
0.13202640528105622,PASSED,-0.26174308607241226,-0.06077781643687196,-0.360639279381411,2.6352675638684717,0.31698068702173304,1.898554504857502
0.13302660532106422,PASSED,-0.26180401329876407,-0.061092379107971925,-0.28384493224567553,2.6355853327480543,0.31863911527877636,1.4983440918338353
0.13402680536107223,PASSED,-0.26186521679348207,-0.06133030077658839,-0.20730615953031348,2.635904560451846,0.3198980801909013,1.0993787923190452
0.13502700540108023,PASSED,-0.2619266200784713,-0.06149188937018487,-0.13111021630725028,2.636224848321896,0.32075909942496245,0.7021128618892204
0.1360272054410882,PASSED,-0.2619881470267806,-0.06157753945882515,-0.05534333686230109,2.636545799443104,0.321224142003734,0.3069957233598178
0.1370274054810962,PASSED,-0.26204972194869736,-0.06158773117749853,0.01990936011923777,2.636867019091928,0.3212956231311929,-0.08552860314161503
0.1380276055211042,PASSED,-0.2621112696767187,-0.06152302905803064,0.0945639590336472,2.6371881151796526,0.3209763984708891,-0.47502203174525615
0.13902780556111222,PASSED,-0.2621727156493081,-0.061384080767399186,0.16853784502999086,2.6375086986897553,0.32026975802556457,-0.8610527210440282
0.14002800560112022,PASSED,-0.26223398599334696,-0.061171615758169186,0.2417497853633432,2.637828384108881,0.31917941953138557,-1.2431956762690939
0.14102820564112822,PASSED,-0.26229500760519525,-0.06088644383533035,0.3141200144891698,2.638146789850973,0.3177095213433957,-1.6210331958037187
0.14202840568113623,PASSED,-0.2623557082302737,-0.060529453634985325,0.38557032424892135,2.638463538674122,0.31586461496027496,-1.9941551746654063
0.14302860572114423,PASSED,-0.2624160165410857,-0.06010161102121198,0.4560241401229552,2.6387782580896144,0.3136496569828283,-2.362159845967426
0.14402880576115223,PASSED,-0.2624758622135972,-0.059603957405830445,0.5254065988872594,2.639090580762864,0.311070000773473,-2.724653784947231
0.14502900580116024,PASSED,-0.2625351760018959,-0.059037607988103834,0.5936446302861744,2.639400144905674,0.3081313876274903,-3.08125272000638
0.14602920584116824,PASSED,-0.26259388981105414,-0.05840374991972026,0.6606670271151657,2.63970659465952,0.30483993750971433,-3.4315817162891284
0.14702940588117624,PASSED,-0.26265193676812104,-0.05770364039926514,0.7264045160151053,2.6400095804693673,0.30120213943857554,-3.775275641038551
0.14802960592118425,PASSED,-0.26270925129117345,-0.05693860469495113,0.7907898298466227,2.640308759447721,0.2972248415402085,-4.111979403252754
0.14902980596119225,PASSED,-0.26276576915635746,-0.05611003410084424,0.8537577702803987,2.6406037957284205,0.2929152405636172,-4.441348692150337
0.15003000600120023,PASSED,-0.2628214275628543,-0.055219383830397026,0.9152452705584206,2.6408943608099458,0.28828087121202106,-4.763049791226665
0.15103020604120823,PASSED,-0.26287616519570833,-0.05426817084635428,0.9751914596989476,2.64118013388776,0.2833295950823822,-5.07676035524702
0.15203040608121624,PASSED,-0.2629299222864577,-0.05325797163443024,1.0335377134074308,2.641460802175437,0.2780695891700594,-5.382169617039904
0.15303060612122424,PASSED,-0.2629826406715105,-0.05219041992123934,1.0902277130465496,2.641736061214225,0.27250933422606943,-5.678978495290071
0.15403080616123224,PASSED,-0.26303426384821227,-0.05106720433799866,1.1452074967034291,2.6420056151707088,0.2666576026949789,-5.9669002216241624
0.15503100620124025,PASSED,-0.26308473702855484,-0.0498900660382049,1.1984255018539793,2.642269177122361,0.26052344642571246,-6.245660301027944
0.15603120624124825,PASSED,-0.26313400719047897,-0.04866079626830209,1.2498326152687012,2.642526469330598,0.2541161840803605,-6.5149970415679
0.15703140628125625,PASSED,-0.26318202312672556,-0.04738123389294353,1.2993822154184629,2.642777223501183,0.24744538831883103,-6.774661574837251
0.15803160632126426,PASSED,-0.2632287354911956,-0.046053262884715424,1.3470302034345265,2.6430211810316697,0.24052087276391212,-7.024418208306694
0.15903180636127226,PASSED,-0.26327409684277986,-0.04467880977637906,1.3927350449375961,2.6432580932456795,0.2333526786799893,-7.264044667666889
0.16003200640128026,PASSED,-0.26331806168662447,-0.04325984107777205,1.436457801053281,2.6434877216138166,0.22595106152669311,-7.493332143715679
0.16103220644128827,PASSED,-0.26336058651280086,-0.041798360666734403,1.4781621510272271,2.643709837961021,0.2183264773325954,-7.712085561019103
0.16203240648129627,PASSED,-0.2634016298323521,-0.04029640715170252,1.517814424368325,2.643924224660161,0.2104895687968145,-7.9201238522887785
0.16303260652130427,PASSED,-0.2634411522106916,-0.03875605121179918,1.555383616926681,2.6441306748117737,0.20245115139287914,-8.11727977169974
0.16403280656131225,PASSED,-0.2634791162983324,-0.03717939291786139,1.5908414119452021,2.6443289924097524,0.19422219928081072,-8.303400338980875
0.16503300660132025,PASSED,-0.26351548685892995,-0.035568559037251285,1.6241621930533732,2.644518992492892,0.18581383103412633,-8.478346851820103
0.16603320664132826,PASSED,-0.2635502307946231,-0.033925700326053396,1.6553230566275567,2.6447005012822076,0.1772372954226363,-8.641994784603314
0.16703340668133626,PASSED,-0.2635833171686639,-0.032252988811791714,1.684303819351107,2.6448733563038873,0.16850395700962625,-8.794234165281212
0.16803360672134426,PASSED,-0.26361471722532703,-0.030552615070983457,1.711087021779688,2.645037406497928,0.1596252817709847,-8.934969287548444
0.16903380676135227,PASSED,-0.26364440440709563,-0.02882678550291295,1.7356579322643826,2.6451925123122697,0.15061282261683948,-9.064119065209761
0.17003400680136027,PASSED,-0.26367235436912295,-0.0270777196062347,1.758004539620827,2.645338545782528,0.14147820492906674,-9.18161676948136
0.17103420684136827,PASSED,-0.2636985449909712,-0.02530764725806466,1.7781175538695213,2.645475390597232,0.13223311212504518,-9.287410160381683
0.17203440688137628,PASSED,-0.26372295638563503,-0.023518806001450017,1.7959903917780604,2.645602942148659,0.12288927122986941,-9.381461385038504
0.17303460692138428,PASSED,-0.26374557090585776,-0.0217134383433674,1.8116191689523267,2.645721107569218,0.1134584384487424,-9.463747045186013
0.17403480696139229,PASSED,-0.26376637314775314,-0.019893789067438224,1.8250026805804098,2.645829805753493,0.10395238484303122,-9.534257979394612
0.1750350070014003,PASSED,-0.2637853499517485,-0.018062102563128776,1.8361423867954714,2.6459289673660034,0.09438288212867132,-9.592999204336756
0.1760352070414083,PASSED,-0.2638024904008676,-0.01622062017548235,1.8450423882137332,2.6460185348347403,0.08476168845607919,-9.639989984762368
0.1770354070814163,PASSED,-0.2638177858163764,-0.014371577579682254,1.8517094008576689,2.6460984623306274,0.0751005343822207,-9.675263466589257
0.17803560712142427,PASSED,-0.2638312297508152,-0.012517202180608505,1.8561527312178037,2.64616871573301,0.06541110902782113,-9.698866612939764
0.17903580716143228,PASSED,-0.26384281797844666,-0.01065971054228535,1.858384243060057,2.646229272581286,0.055705046222720496,-9.710860266541223
0.18003600720144028,PASSED,-0.2638525484831507,-0.008801305851978268,1.8584183218050991,2.6462801220129157,0.0459939109858266,-9.711318550462341
0.18103620724144828,PASSED,-0.26386042144379873,-0.006944175416372269,1.8562718448066005,2.6463212646879017,0.03628918613700721,-9.700329047724098
0.1820364072814563,PASSED,-0.26386643921714714,-0.005090488199387397,1.851964131770387,2.646352712699971,0.02660225901086316,-9.677992511757347
0.1830366073214643,PASSED,-0.2638706063182863,-0.003242392398968931,1.845516912850519,2.646374489474695,0.016944408565064517,-9.644422401826176
0.1840368073614723,PASSED,-0.2638729293986898,-0.0014020130677443344,1.8369542768073148,2.646386629654701,0.007326792586227348,-9.59974503017783
0.1850370074014803,PASSED,-0.2638734172219086,0.00042855021853293294,1.8263026259239024,2.6463891789723064,-0.0022395648154089442,-9.544098982608602
0.1860372074414883,PASSED,-0.26387208063695655,0.0022472256452893053,1.8135906273113531,2.6463821941097327,-0.011743785438714288,-9.477635050436506
0.1870374074814963,PASSED,-0.2638689325494385,0.004051971391753124,1.7988491592321298,2.646365742547269,-0.02117514893630785,-9.400515795698265
0.1880376075215043,PASSED,-0.26386398789047266,0.005840777809848575,1.7821112573376627,2.646339902399587,-0.0305231045049077,-9.312915417200909
0.1890378075615123,PASSED,-0.2638572635834627,0.007611669546387222,1.7634120560059712,2.6463047622405433,-0.03977728227758485,-9.215019342994632
0.19003800760152031,PASSED,-0.26384877850877525,0.009362707609400481,1.7427887343514497,2.6462604209168004,-0.04892750429435699,-9.107023799290472
0.19103820764152832,PASSED,-0.26383855346638346,0.011091991372661404,1.7202804492005734,2.646206987350512,-0.057963795315373386,-8.989135835500353
0.1920384076815363,PASSED,-0.26382661113653616,0.012797660517601766,1.6959282754335516,2.6461445803315096,-0.06687639316661573,-8.861572528403661
0.1930386077215443,PASSED,-0.2638129760385162,0.014477896914231958,1.6697751440946194,2.6460733282992526,-0.07565575872752198,-8.724560915908002
0.1940388077615523,PASSED,-0.2637976744875532,0.01613092643359543,1.6418657695427108,2.6459933691149216,-0.08429258569882783,-8.578337674904434
0.1950390078015603,PASSED,-0.26378073454995615,0.017755020693077102,1.6122465861076494,2.6459048498240674,-0.09277780981033608,-8.423148402577434
0.1960392078415683,PASSED,-0.2637621859965351,0.019348498734926663,1.5809656790108382,2.645807926410096,-0.10110261778040533,-8.25924768173047
0.1970394078815763,PASSED,-0.2637420602543806,0.020909728632739467,1.5480727103474445,2.6457027635390613,-0.10925845589293678,-8.08689839973209
0.19803960792158432,PASSED,-0.2637203903570722,0.02243712902578366,1.513618848175355,2.6455895342961155,-0.1172370380489595,-7.906371326883139
0.19903980796159232,PASSED,-0.26369721089338943,0.023929170581391702,1.4776566938964997,2.6454684199140113,-0.12503035356228068,-7.717944970946499
0.20004000800160032,PASSED,-0.26367255795459654,0.025384377383914636,1.440240208273888,2.6453396094940707,-0.13263067452252103,-7.521904953102895
0.20104020804160833,PASSED,-0.2636464690803778,0.0268013282466134,1.401424632315344,2.645203299720051,-0.14003056261136407,-7.3185435126697955
0.20204040808161633,PASSED,-0.26361898320349797,0.028178657947809025,1.3612664137824841,2.645059694565273,-0.14722287567901182,-7.108159437633069
0.20304060812162433,PASSED,-0.2635901405932644,0.029515058392226536,1.3198231315075264,2.6449090049934783,-0.1542007738455116,-6.891057319077573
0.20404080816163234,PASSED,-0.2635599827978685,0.03080927969209048,1.2771534121015544,2.644751448653819,-0.16095772505954536,-6.667547144004563
0.20504100820164034,PASSED,-0.263528552585684,0.03206013117092602,1.2333168566582053,2.6445872495704204,-0.1674875103657436,-6.437944080994058
0.20604120824164834,PASSED,-0.26349589388560085,0.03326648228923896,1.188373959416092,2.644416637826912,-0.17378422876046687,-6.202567937209422
0.20704140828165632,PASSED,-0.2634620517264741,0.034427263490175546,1.1423860286169174,2.6442398492464174,-0.17984230144135083,-5.9617425100003265
0.20804160832166432,PASSED,-0.2634270721757659,0.035541466965349794,1.0954151062124668,2.6440571250673672,-0.18565647578256508,-5.715795562023538
0.20904180836167233,PASSED,-0.2633910022774615,0.0366081473425539,1.0475238911985456,2.6438687116156374,-0.19122182885880168,-5.465058085711983
0.21004200840168033,PASSED,-0.26335388998933845,0.037626422291933914,0.9987756548343268,2.6436748599733737,-0.196533770465166,-5.209863953465896
0.21104220844168833,PASSED,-0.26331578411966844,0.038595473053367337,0.9492341658328233,2.643475825645021,-0.20158804571521202,-4.950549447766119
0.21204240848169634,PASSED,-0.26327673426343234,0.0395145448835141,0.898963606356051,2.643271868220897,-0.2063807373014559,-4.687453011895694
0.21304260852170434,PASSED,-0.263236790738127,0.04038294742461967,0.8480284976052502,2.6430632510388135,-0.21090826724655717,-4.420914567238359
0.21404280856171234,PASSED,-0.26319600451924424,0.041200054992038576,0.7964936139613455,2.6428502408441426,-0.21516739817295616,-4.151275165839373
0.21504300860172035,PASSED,-0.2631544271755003,0.04196530678470349,0.7444239118006156,2.642633107448749,-0.21915523428980546,-3.8788767508559334
0.21604320864172835,PASSED,-0.2631121108038943,0.042678207017708115,0.6918844471406397,2.642412123389217,-0.22286922189755534,-3.6040615123458117
0.21704340868173636,PASSED,-0.2630691079646741,0.043338324973855896,0.6389402954858797,2.6421875635847947,-0.22630714939974964,-3.3271714954266054
0.21804360872174436,PASSED,-0.26302547161628703,0.04394529498181423,0.5856564829399722,2.6419597049954664,-0.22946714700308726,-3.048548341944992
0.21904380876175236,PASSED,-0.26298125505039194,0.04449881631721249,0.5320979037037983,2.6417288262805454,-0.23234768602411926,-2.76853280709001
0.22004400880176037,PASSED,-0.2629365118270083,0.044998653025236195,0.47832924423697726,2.6414952074582203,-0.2349475776844381,-2.487464229138108
0.22104420884176834,PASSED,-0.2628912957098781,0.04544463367237464,0.42441491573942175,2.641259129566429,-0.23726597159166718,-2.2056803592897603
0.22204440888177635,PASSED,-0.26284566060211423,0.04583665102330877,0.370418974397272,2.6410208743254575,-0.23930235386346413,-1.923516880135066
0.22304460892178435,PASSED,-0.26279966048220793,0.04617466164365237,0.31640505097449817,2.640780723802655,-0.2410565447791425,-1.641306939373917
0.22404480896179235,PASSED,-0.26275334934046857,0.04645868543290625,0.2624362814401421,2.640538960079626,-0.24252869611191558,-1.3593809283724838
0.22504500900180036,PASSED,-0.2627067811159651,0.04668880508797947,0.20857523749527102,2.640295864922292,-0.24371928810766846,-1.078066040673167
0.22604520904180836,PASSED,-0.26266000963403996,0.04686516549585061,0.15488385478838618,2.640051719454186,-0.24462912604111947,-0.7976858619695327
0.22704540908181636,PASSED,-0.26261308854446264,0.04698797305861737,0.10142336808567126,2.639806803833283,-0.245259336521467,-0.5185602259328619
0.22804560912182437,PASSED,-0.2625660712602898,0.04705749495604835,0.04825425032785926,2.6395613969327925,-0.24561136336527664,-0.24100458906087252
0.22904580916183237,PASSED,-0.26251901089749924,0.047074058338332406,-0.004563863078488628,2.639315776026206,-0.24568696312468524,0.03467012702622844
0.23004600920184037,PASSED,-0.26247196021545766,0.04703804945886529,-0.05697222372618381,2.6390702164769024,-0.24548820043979067,0.30815772347346987
0.23104620924184838,PASSED,-0.2624249715582889,0.046949912745785985,-0.10891303931472798,2.638824991432698,-0.24501744290434296,0.5791574100971796
0.23204640928185638,PASSED,-0.2623780967971999,0.046810149812582406,-0.16032952912948606,2.6385803715255975,-0.24427735565676884,0.8473738058920766
0.23304660932186438,PASSED,-0.2623313872738256,0.04661931840970435,-0.2111659853771068,2.63833662457706,-0.24327089581471442,1.1125171994959673
0.2340468093618724,PASSED,-0.26228489374464825,0.046378031321732086,-0.26136782303570216,2.6380940153090924,-0.24200130644503726,1.3743041497979631
0.23504700940188036,PASSED,-0.26223866632654813,0.0460869552103876,-0.3108816368836655,2.637852805061402,-0.24047211034924557,1.6324573931208448
0.23604720944188837,PASSED,-0.26219275444353857,0.045746809400943826,-0.3596552578171743,2.6376132515149506,-0.23868710358803782,1.8867063399323485
0.23704740948189637,PASSED,-0.2621472067747368,0.045358364622259985,-0.40763779259495286,2.6373756084220896,-0.236650348715643,2.136787227369824
0.23804760952190437,PASSED,-0.26210207120362083,0.044922441696749436,-0.4547796807876126,2.637140125343591,-0.23436616779385303,2.3824433847367517
0.23904780956191238,PASSED,-0.2620573947686208,0.044439910180500315,-0.5010327398901343,2.6369070473927723,-0.2318391351674968,2.623425454102567
0.24004800960192038,PASSED,-0.26201322361508955,0.04391168696209459,-0.5463502040827978,2.63667661498697,-0.229074070005413,2.8594916340713143
0.24104820964192838,PASSED,-0.26196960294869776,0.04333873481769487,-0.5906867712776772,2.6364490636065625,-0.22607602863586546,3.0904078598650058
0.2420484096819364,PASSED,-0.2619265769902939,0.042722060923645125,-0.633998642564456,2.636224623561753,-0.22285029670733056,3.3159479743148323
0.2430486097219444,PASSED,-0.2618841889322708,0.04206271533066285,-0.6762435599274763,2.636003519767296,-0.21940238113545274,3.5358939702531385
0.2440488097619524,PASSED,-0.2618424808964748,0.04136178940340292,-0.7173808388148935,2.6357859715254004,-0.2157380018162681,3.7500362184722964
0.2450490098019604,PASSED,-0.2618014938936944,0.04062041422393974,-0.757371406562032,2.635572192316895,-0.21186308331010978,3.958173364615676
0.2460492098419684,PASSED,-0.26176126778476105,0.03983975896052451,-0.7961778346506976,2.6353623896009153,-0.2077837462466174,4.160112862743498
0.2470494098819764,PASSED,-0.2617218412432941,0.0390210292108894,-0.833764359624715,2.6351567646231944,-0.2035062985848589,4.355670861101825
0.2480496099219844,PASSED,-0.26168325172011925,0.03816546531400962,-0.8700969217164796,2.6349555122331147,-0.19903722686687106,4.54467228924524
0.24904980996199239,PASSED,-0.2616455354093861,0.037274340635697616,-0.9051431827090233,2.6347588207096706,-0.19438318720725117,4.726951239869645
0.2500500100020004,PASSED,-0.26160872721641243,0.03634895983212857,-0.938872550809065,2.634566871596431,-0.18955099619433627,4.902350861611767
0.2510502100420084,PASSED,-0.26157286072727465,0.03539065709155393,-0.9712562004183424,2.634379839545616,-0.18454762180722784,5.070723404106222
0.2520504100820164,PASSED,-0.2615379681801682,0.03440079435454106,-1.002267094742556,2.634197892171401,-0.17938017409451365,5.2319305851195
0.2530506101220244,PASSED,-0.26150408043855333,0.03338075951978179,-1.0318799947704131,2.634021189912513,-0.17405589581138964,5.385843415127044
0.2540508101620324,PASSED,-0.2614712269661047,0.032331964632418754,-1.0600714824247865,2.6338498859041755,-0.16858215311729707,5.532342213402914
0.2550510102020404,PASSED,-0.26143943580347734,0.03125584406097589,-1.0868199641215748,2.6336841258595163,-0.16296642603271905,5.671316998694795
0.2560512102420484,PASSED,-0.2614087335469017,0.0301538526633475,-1.112105686632926,2.633524047960441,-0.15721629891045721,5.802667204639891
0.2570514102820564,PASSED,-0.2613791453286167,0.02902746394304207,-1.1359107427537687,2.633369782758027,-0.15133945099451668,5.926301723474277
0.2580516103220644,PASSED,-0.26135069479914896,0.027878168200613805,-1.1582190755445985,2.633221453082476,-0.1453436467885919,6.042139194225148
0.2590518103620724,PASSED,-0.26132340411144267,0.02670747068056689,-1.1790164830484569,2.6330791739626256,-0.13923672646369975,6.150107745336781
0.2600520104020804,PASSED,-0.26129729390684486,0.025516889713715595,-1.1982906227198533,2.6329430525550745,-0.13302659629887603,6.250145111148329
0.26105221044208843,PASSED,-0.261272383302945,0.024307954863705242,-1.2160310015373512,2.632813188082829,-0.12672121914174822,6.342198521114147
0.26205241048209643,PASSED,-0.2612486898832701,0.023082205072620147,-1.232228984116931,2.6326896717835635,-0.12032860479622595,6.426224895127688
0.26305261052210444,PASSED,-0.26122622968883086,0.021841186809546748,-1.2468777823777089,2.632572586867395,-0.11385680050270074,6.502190559123566
0.26405281056211244,PASSED,-0.26120501721151407,0.020586452229824484,-1.2599724446186296,2.6324620084841825,-0.10731388147976156,6.570071332149594
0.26505301060212044,PASSED,-0.2611850653893146,0.019319557338485806,-1.2715098558187121,2.632358003700274,-0.10070794146976184,6.629852461899809
0.26605321064212845,PASSED,-0.26116638560339706,0.018042060163885723,-1.281488720454333,2.6322606314846855,-0.09404708331844237,6.681528610932578
0.26705341068213645,PASSED,-0.26114898767697653,0.016755518946832467,-1.2899095481192082,2.6321699427046172,-0.08733940969652777,6.725103629235948
0.26805361072214445,PASSED,-0.2611328798760054,0.01546149034033131,-1.296774645422455,2.632085980130268,-0.08059301384430391,6.7605906675491365
0.26905381076215246,PASSED,-0.2611180689116504,0.01416152762640863,-1.3020880929228296,2.6320087784488115,-0.07381597042616223,6.788011918536707
0.27005401080216046,PASSED,-0.26110455994454435,0.012857178951357738,-1.305855729802933,2.6319383642875334,-0.06701632642456981,6.807398723629525
0.2710542108421684,PASSED,-0.26109235659079255,0.011549985579836337,-1.3080851326670446,2.6318747562459337,-0.060202092227930784,6.818791178645357
0.2720544108821764,PASSED,-0.26108146092971424,0.01024148017107688,-1.3087855928210645,2.6318179649367406,-0.05338123280782869,6.822238247739928
0.2730546109221844,PASSED,-0.2610718735132961,0.008933185077808428,-1.307968093566711,2.6317679930357367,-0.0465616588878499,6.817797701471369
0.2740548109621924,PASSED,-0.2610635933773342,0.007626610669891215,-1.3056452841508803,2.63172483534019,-0.039751218466727946,6.805535567555668
0.2750550110022004,PASSED,-0.2610566180542386,0.006323253685609644,-1.3018314510353648,2.6316884788358763,-0.03295768831149289,6.785526547021302
0.2760552110422084,PASSED,-0.2610509435874726,0.005024595609754677,-1.296542492401368,2.6316589027724286,-0.02618876560530952,6.757853478958085
0.27705541108221643,PASSED,-0.26104656454759834,0.0037321010836435147,-1.2897958819176918,2.631636078746963,-0.019452059852694843,6.722607268385743
0.27805561112222443,PASSED,-0.26104347404989764,0.0024472163441355836,-1.2816106445680906,2.631619970795747,-0.012755084878756361,6.679886777640305
0.27905581116223244,PASSED,-0.26104166377353616,0.001171367696525585,-1.2720073163046042,2.631610535493829,-0.006105250913052383,6.629798757746426
0.28005601120224044,PASSED,-0.2610411239822371,-9.403997644442802e-05,-1.2610079107469525,2.6316077220623577,0.0004901429694473365,6.572457299001916
0.28105621124224844,PASSED,-0.2610418435464291,-0.0013476246726252766,-1.2486358864701128,2.631611472483511,0.007023916344070365,6.5079840917037695
0.28205641128225645,PASSED,-0.26104380996683296,-0.0025880286902349838,-1.234916105036103,2.631621721622769,0.01348901477385695,6.436507988508458
0.28305661132226445,PASSED,-0.2610470093994475,-0.0038139200078725274,-1.2198747927051703,2.631638397358397,0.019878516838729213,6.3581647824481315
0.28405681136227245,PASSED,-0.2610514266818975,-0.005023993626645663,-1.203539502818446,2.6316614207179043,0.026185641040796015,6.273097148479247
0.28505701140228046,PASSED,-0.2610570453611019,-0.006216972870627394,-1.1859390714239206,2.631690706021304,0.032403752525971254,6.181454376305896
0.28605721144228846,PASSED,-0.2610638477222214,-0.007391610644875022,-1.1671035761301003,2.631726161030918,0.038526369485517686,6.083392015040122
0.28705741148229647,PASSED,-0.26107181481884256,-0.008546690650607857,-1.1470642921346579,2.6317676871075757,0.04454716944816575,5.979071927720036
0.28805761152230447,PASSED,-0.26108092650435505,-0.00968102855640455,-1.12585364823805,2.6318151793729276,0.05045999532305758,5.868661839673032
0.28905781156231247,PASSED,-0.26109116146447675,-0.01079347312309909,-1.1035051789988668,2.6318685268776716,0.05625886113901687,5.752335133483451
0.2900580116023205,PASSED,-0.2611024972508813,-0.011882907283857632,-1.0800534819316598,2.631927612775469,0.06193795765152186,5.630270765186028
0.2910582116423285,PASSED,-0.26111491031588124,-0.012948249175845628,-1.0555341653588857,2.631992314502313,0.06749165769840973,5.502652901355778
0.2920584116823365,PASSED,-0.26112837604811984,-0.013988453125121803,-1.0299838052210333,2.632062503961074,0.0729145212013321,5.369670570633461
0.2930586117223445,PASSED,-0.2611428688092222,-0.015002510581967728,-1.0034398912625186,2.632138047711041,0.07820130006612969,5.2315177275736575
0.2940588117623525,PASSED,-0.2611583619713578,-0.01598945100691367,-0.9759407807348895,2.632218807162151,0.08334694278186537,5.088392707843719
0.2950590118023605,PASSED,-0.26117482795566394,-0.01694834270774315,-0.9475256475592062,2.6323046387736935,0.08834659870491965,4.9404980665279785
0.2960592118423685,PASSED,-0.26119223827147975,-0.01787829362370953,-0.9182344282378253,2.6323953942572307,0.09319562218645391,4.788040424871783
0.2970594118823765,PASSED,-0.26121056355634065,-0.018778452061452653,-0.8881077774133295,2.632490920783443,0.09788957637050705,4.631230023507357
0.2980596119223845,PASSED,-0.26122977361668076,-0.01964800737662862,-0.8571870070177265,2.632591061192698,0.10242423676336544,4.470280639092409
0.29905981196239245,PASSED,-0.26124983746919206,-0.020486190603997045,-0.8255140409355595,2.6326956542090256,0.1067955945371654,4.305409196938338
0.30006001200240046,PASSED,-0.2612707233827878,-0.02129227503680458,-0.7931313607221901,2.632804534657263,0.11099985953800769,4.136835536778224
0.30106021204240846,PASSED,-0.26129239892111744,-0.02206557675161487,-0.7600819508690319,2.632917533683099,0.11503346306921061,3.9647821941527157
0.30206041208241646,PASSED,-0.26131483098558095,-0.022805455079879692,-0.7264092465286793,2.6330344789757376,0.11889306037696516,3.7894740501557718
0.30306061212242447,PASSED,-0.26133798585878804,-0.023511313027892725,-0.692157082335939,2.633155194992952,0.12257553290500436,3.611138179961473
0.30406081216243247,PASSED,-0.2613618292484106,-0.02418259764343599,-0.6573696376814765,2.6332795031881773,0.1260779901865621,3.4300033492885946
0.3050610122024405,PASSED,-0.261386326331374,-0.024818800326237022,-0.6220913795474037,2.6334072222394664,0.12939777156505572,3.2463000646302844
0.3060612122424485,PASSED,-0.26141144179833437,-0.025419457088713352,-0.5863670177622818,2.633538168279971,0.13253244764088662,3.060260083297962
0.3070614122824565,PASSED,-0.2614371398983883,-0.025984148761911317,-0.5502414434884196,2.6336721551297018,0.13547982133638448,2.872116103631109
0.3080616123224645,PASSED,-0.26146338448396195,-0.026512501146977632,-0.5137596794515781,2.633808994528281,0.1382379287813935,2.6821016725942726
0.3090618123624725,PASSED,-0.2614901390558265,-0.0270041851164745,-0.4769668295270622,2.6339484963684496,0.14080503997025864,2.4904508663790454
0.3100620124024805,PASSED,-0.26151736680818694,-0.027458916660298968,-0.43990802002273643,2.6340904689300118,0.14317965902282162,2.2973978433522872
0.3110622124424885,PASSED,-0.261545030673791,-0.027876456879693225,-0.40262835230860694,2.634234719113983,0.14536052423602375,2.1031767931020418
0.3120624124824965,PASSED,-0.2615730933690075,-0.02825661193120448,-0.3651728509796911,2.634381052676656,0.14734660792169213,1.9080216140459283
0.3130626125225045,PASSED,-0.26160151743882126,-0.028599232916865124,-0.3275864087812826,2.634529274463323,0.14913711590299358,1.7121655594718257
0.3140628125625125,PASSED,-0.26163026530169203,-0.028904215722446638,-0.289913736781672,2.6346791886413925,0.15073148675951117,1.5158410545480938
0.3150630126025205,PASSED,-0.2616592992942287,-0.029171500807003193,-0.2521993164064744,2.634830598932629,0.15212939084397617,1.3192794377429629
0.3160632126425285,PASSED,-0.2616885817156267,-0.029401072942487446,-0.21448734820277304,2.634983308844259,0.15333072901570538,1.122710661053373
0.3170634126825365,PASSED,-0.2617180748718197,-0.029592960901496778,-0.1768216995470357,2.6351371218986968,0.15433563111715246,0.9263630617094939
0.3180636127225445,PASSED,-0.2617477411192956,-0.029747237097365525,-0.13924586008322157,2.635291841861605,0.15514445419349834,0.7304630861034744
0.3190638127625525,PASSED,-0.26177754290852906,-0.029864017177655848,-0.10180289376172581,2.635447272968083,0.15575778049634156,0.5352351140030935
0.3200640128025605,PASSED,-0.2618074428269828,-0.029943459568485913,-0.06453538887562117,2.635603220146684,0.15617641518477332,0.34090107138422393
0.32106421284256853,PASSED,-0.2618374036416305,-0.02998576497189044,-0.02748541309046722,2.6357594892410625,0.15640138382068283,0.147680345593052
0.32206441288257653,PASSED,-0.2618673883409549,-0.029991175820059047,0.009305528445964334,2.6359158872289754,0.15643392963582992,-0.04421053848355932
0.32306461292258454,PASSED,-0.261897360176378,-0.02995997568378226,0.045796541497337265,2.6360722224384294,0.15627551053235805,-0.23455814679744116
0.32406481296259254,PASSED,-0.26192728270307575,-0.029892488635014633,0.08194738694781917,2.6362283047607282,0.15592779587347902,-0.4231523336000793
0.32506501300260054,PASSED,-0.2619571198201379,-0.029789078570737915,0.11771851582931449,2.6363839458601728,0.15539266302488874,-0.6097865252504041
0.32606521304260855,PASSED,-0.261986835810028,-0.02965014849301981,0.15307111897729916,2.636538959380253,0.15467219374347876,-0.794257785516389
0.32706541308261655,PASSED,-0.2620163953773037,-0.029476139747409365,0.18796716336587393,2.636693161146036,0.15376867026688168,-0.9763672706508912
0.3280656131226245,PASSED,-0.26204576368655813,-0.029267531225642695,0.22236942736720128,2.6368463693626083,0.15268457123123774,-1.1559202123059846
0.3290658131626325,PASSED,-0.26207490639954223,-0.029024838526930826,0.25624154627497975,2.636998404809321,0.1514225674226398,-1.3327262061259046
0.3300660132026405,PASSED,-0.2621037897114317,-0.028748613083589503,0.2895480413855567,2.63714909102966,0.14998551727083725,-1.5065994489202994
0.3310662132426485,PASSED,-0.2621323803862018,-0.028439441251583323,0.32225435908659567,2.637298254516544,0.14837646217556894,-1.677358859500335
0.3320664132826565,PASSED,-0.26216064579107523,-0.028097943366655387,0.3543269021554961,2.6374457248928653,0.14659862168937074,-1.8448282373300942
0.3330666133226645,PASSED,-0.2621885539300096,-0.027724772765828857,0.3857330666072177,2.6375913350870808,0.14465538844990564,-2.0088365742217453
0.3340668133626725,PASSED,-0.2622160734761914,-0.027320614778962842,0.41644126703854184,2.6377349215037014,0.14255032299358175,-2.1692180443920237
0.3350670134026805,PASSED,-0.26224317380350753,-0.026886185691870387,0.44642096712839985,2.637876324188486,0.14028714839794498,-2.3258122964665633
0.33606721344268853,PASSED,-0.26226982501696205,-0.02642223167562922,0.47564271564968136,2.63801538698821,0.1378697447585542,-2.4784645346735577
0.33706741348269653,PASSED,-0.2622959979820134,-0.02592952769315212,0.5040781603620471,2.6381519577048347,0.13530214352829106,-2.6270256939895416
0.33806761352270454,PASSED,-0.2623216643528023,-0.02540887637889224,0.531700083525101,2.638285888243942,0.13258852169979668,-2.7713525848309306
0.33906781356271254,PASSED,-0.262346796599248,-0.024861106891898375,0.5584824226397066,2.6384170347572957,0.12973319586709098,-2.9113079979555447
0.34006801360272054,PASSED,-0.26237136803298755,-0.02428707374979831,0.5844002884069763,2.6385452577793984,0.1267406161693534,-3.046760830925606
0.34106821364272855,PASSED,-0.2623953528321365,-0.023687655637845636,0.6094299943164706,2.6386704223579254,0.12361536009241593,-3.1775862409453812
0.34206841368273655,PASSED,-0.2624187260648513,-0.023063754201174493,0.6335490649075934,2.638792398177923,0.12036212618771085,-3.303665680544891
0.34306861372274455,PASSED,-0.2624414637116731,-0.02241629281795403,0.6567362620957142,2.6389110596796637,0.11698572767696185,-3.4248870642184297
0.34406881376275256,PASSED,-0.262463542686637,-0.021746215353811552,0.6789715988403179,2.6390262861700653,0.11349108596440263,-3.5411448114530626
0.34506901380276056,PASSED,-0.26248494085712976,-0.021054484905250633,0.7002363483746539,2.6391379619275686,0.10988322405182824,-3.6523399799886285
0.34606921384276856,PASSED,-0.26250563706248276,-0.02034208252741559,0.7205130641419667,2.6392459763004297,0.10616725992130217,-3.758380230884351
0.34706941388277657,PASSED,-0.26252561113128725,-0.01961000594891112,0.7397855880794758,2.639350223798308,0.10234839979867677,-3.8591800504527933
0.34806961392278457,PASSED,-0.2625448438974205,-0.018859268278941535,0.7580390578963234,2.63945060417714,0.09843193138832569,-3.9546606502832704
0.3490698139627926,PASSED,-0.26256331721477444,-0.018090896705162045,0.7752599177015992,2.6395470225171818,0.09442321704127063,-4.044750144902913
0.3500700140028006,PASSED,-0.2625810139706783,-0.017305931183812726,0.7914359237811359,2.6396393892942456,0.09032768691342033,-4.12938344981522
0.3510702140428086,PASSED,-0.26259791809800936,-0.016505423124592373,0.8065561495131606,2.6397276204440194,0.0861508320379746,-4.208502492532722
0.3520704140828166,PASSED,-0.2626140145859874,-0.015690434072962632,0.820610986374126,2.6398116374195055,0.08189819741276384,-4.282056046996123
0.3530706141228246,PASSED,-0.2626292894896495,-0.014862034389436486,0.83359214829416,2.6398913672415154,0.07757537508576794,-4.34999984699577
0.3540708141628326,PASSED,-0.26264372993800467,-0.014021301927895222,0.8454926703726695,2.639966742542228,0.07318799717643223,-4.412296617562312
0.3550710142028406,PASSED,-0.26265732414086784,-0.013169320716560871,0.8563069053088027,2.6400377016018055,0.06874172894614036,-4.468915972111576
0.35607121424284854,PASSED,-0.26267006139437526,-0.012307179640083437,0.866030523923187,2.640104188378059,0.06424226185910502,-4.519834496984522
0.35707141428285655,PASSED,-0.262681932085185,-0.011435971125975736,0.8746605075640456,2.640166152529219,0.0596953066906857,-4.565035616042518
0.35807161432286455,PASSED,-0.2626929276933667,-0.010556789837622536,0.8821951422126348,2.6402235494297663,0.05510658660005653,-4.604509740353606
0.35907181436287255,PASSED,-0.26270304079398854,-0.009670731374058841,0.8886340111310678,2.6402763401794327,0.05048183030508791,-4.638253998045302
0.36007201440288056,PASSED,-0.26271226505740725,-0.00877889097824033,0.8939779856101379,2.6403244916053303,0.04582676526361157,-4.66627240376371
0.36107221444288856,PASSED,-0.2627205952482734,-0.00788236225582982,0.8982292136107566,2.6403679762573278,0.04114711090121591,-4.688575668150296
0.36207241448289657,PASSED,-0.26272802722325955,-0.0069822359049403655,0.9013911090752534,2.6404067723966937,0.03644857195198175,-4.705181136623397
0.36307261452290457,PASSED,-0.26273455792752737,-0.006079598461589278,0.9034683328683104,2.6404408639780494,0.03173683176764876,-4.716112882806051
0.3640728145629126,PASSED,-0.26274018538994415,-0.005175531055316757,0.904466788541995,2.6404702406247695,0.027017545807812394,-4.721401344523237
0.3650730146029206,PASSED,-0.26274490871706624,-0.004271108183847645,0.9043935934205248,2.6404948975978235,0.02229633514968787,-4.7210835338587165
0.3660732146429286,PASSED,-0.26274872808590477,-0.0033673965055799923,0.9032570681657367,2.640514835758226,0.017578780092959115,-4.715202738642116
0.3670734146829366,PASSED,-0.26275164473549234,-0.002465453647693804,0.9010667176998239,2.640530061523119,0.012870413879991383,-4.703808529184812
0.3680736147229446,PASSED,-0.26275366095726865,-0.0015663270355517605,0.8978332084368562,2.6405405868156597,0.008176716543924165,-4.686956540655485
0.3690738147629526,PASSED,-0.26275478008430725,-0.0006710527447405767,0.8935683457274022,2.6405464290087255,0.003503108761919917,-4.66470860957009
0.3700740148029606,PASSED,-0.26275500647940364,0.00021934562652319934,0.888285054954692,2.6405476108626695,-0.0011450540281412328,-4.637132243721857
0.3710742148429686,PASSED,-0.262754345522048,0.0011038580626859457,0.881997356968116,2.640544160457123,-0.0057624874846514745,-4.604300931702498
0.3720744148829766,PASSED,-0.26275280359430697,0.001981489208295177,0.8747203380366415,2.6405361111170933,-0.010343984062629853,-4.566293675495633
0.3730746149229846,PASSED,-0.2627503880656394,0.00285125942017475,0.8664701277748608,2.640523501333377,-0.014884418581868656,-4.523195081734249
0.3740748149629926,PASSED,-0.26274710727667183,0.003712205796695029,0.8572638756838908,2.6405063746775252,-0.019378753632186628,-4.475095029373788
0.3750750150030006,PASSED,-0.262742970521962,0.004563383175875755,0.8471197148452829,2.6404847797114352,-0.023822044850150898,-4.422088677024589
0.3760752150430086,PASSED,-0.2627379880317775,0.005403865103636109,0.8360567363704009,2.6404587698917545,-0.0282094460621241,-4.364276235272279
0.3770754150830166,PASSED,-0.2627321709529197,0.006232744775732457,0.8240949625803117,2.6404284034692598,-0.03253621419578294,-4.301762732583209
0.3780756151230246,PASSED,-0.26272553132862225,0.007049135947627989,0.8112553114390113,2.6403937433833327,-0.036797714118197974,-4.234658048969587
0.3790758151630326,PASSED,-0.262718082077556,0.007852173812519098,0.7975595671925061,2.6403548571517415,-0.040989423270923114,-4.163076555228833
0.38007601520304063,PASSED,-0.2627098369719715,0.008641015846868598,0.7830303457874958,2.6403118167558755,-0.04510693607539817,-4.087136970639202
0.38107621524304863,PASSED,-0.26270081061501177,0.009414842624849004,0.7676910661090133,2.6402646985216003,-0.04914596827286367,-4.006962348683032
0.38207641528305664,PASSED,-0.2626910184172289,0.010172858597745787,0.7515659107552952,2.6402135829959406,-0.05310236100078686,-3.922679647416635
0.38307661532306464,PASSED,-0.2626804765723381,0.01091429283794397,0.734679793160108,2.640158554819738,-0.056972084689207184,-3.8344197157561246
0.3840768153630726,PASSED,-0.2626692020322442,0.011638399750649332,0.7170583257355285,2.640099702596493,-0.060751242836986165,-3.7423171024608806
0.3850770154030806,PASSED,-0.2626572124813756,0.012344459748637918,0.6987277794906271,2.6400371187575655,-0.06443607552601423,-3.646509746739498
0.3860772154430886,PASSED,-0.26264452631036067,0.013031779890688053,0.6797150504231418,2.6399708994239486,-0.06802296273944232,-3.547138857887138
0.3870774154830966,PASSED,-0.2626311625890848,0.013699694483853407,0.6600476216601608,2.6399011442647535,-0.07150842759980582,-3.4443488620144067
0.3880776155231046,PASSED,-0.26261714103916234,0.014347565650043123,0.6397535292094172,2.6398279563526876,-0.07488913924721323,-3.3382868376694184
0.3890778155631126,PASSED,-0.26260248200586234,0.014974783853081852,0.6188613189249383,2.6397514420166273,-0.07816191561667855,-3.2291027239959282
0.3900780156031206,PASSED,-0.26258720642952416,0.015580768390357847,0.597400016176698,2.639671710691584,-0.0813237260146804,-3.1169488473391267
0.3910782156431286,PASSED,-0.26257133581650205,0.01616496784561254,0.5753990813066874,2.6395888747661567,-0.08437169348012316,-3.001979877511856
0.3920784156831366,PASSED,-0.26255489220967476,0.016726860503626192,0.552888375818301,2.6395030494277845,-0.0873030968897279,-2.8843524309999933
0.3930786157231446,PASSED,-0.2625378981585607,0.017265954726697844,0.5298981212405516,2.639414352505912,-0.09011537294907841,-2.7642251449175346
0.3940788157631526,PASSED,-0.2625203766890741,0.017781789294107807,0.5064588648562335,2.6393229043133233,-0.09280611794522682,-2.6417582303023317
0.3950790158031606,PASSED,-0.2625023512729635,0.018273933700410996,0.4826014339344912,2.6392288274858258,-0.09537308924949019,-2.5171133535707395
0.39607921584316863,PASSED,-0.2624838457969684,0.01874198841794165,0.45835690659476647,2.6391322468205036,-0.09781420667089194,-2.3904534666224295
0.39707941588317663,PASSED,-0.26246488453173444,0.01918558511979097,0.4337565653523574,2.639033289112723,-0.10012755361773153,-2.261942600317696
0.39807961592318464,PASSED,-0.26244549210052465,0.019604386863773186,0.4088318630687842,2.638932082992132,-0.10231137796664866,-2.1317455146500914
0.39907981596319264,PASSED,-0.26242569344776473,0.019998088239305066,0.3836143838406111,2.6388287587578065,-0.10436409282510614,-2.000027754329086
0.40008001600320064,PASSED,-0.2624055138074618,0.020366415475386264,0.35813580424158264,2.6387234482127786,-0.10628427708977217,-1.86695527155732
0.40108021604320865,PASSED,-0.2623849786715331,0.020709126511263606,0.3324278569678459,2.638616284498151,-0.10807067569407008,-1.7326941594582965
0.40208041608321665,PASSED,-0.262364113758084,0.021026011028135803,0.3065222901417631,2.6385074019269816,-0.10972219975922798,-1.5974106689576217
0.40308061612322466,PASSED,-0.2623429449796717,0.021316890444878347,0.2804508344763959,2.6383969358181396,-0.11123792657476597,-1.4612709132582524
0.40408081616323266,PASSED,-0.2623214984115922,0.02158161787666327,0.2542451633239458,2.6382850223303262,-0.11261709927477795,-1.3244405578477831
0.40508101620324066,PASSED,-0.26229980026022776,0.021820078055263554,0.22793685545117426,2.6381717982964843,-0.11385912634911544,-1.187084751997277
0.40608121624324867,PASSED,-0.26227787683149134,0.02203218721391268,0.20155736078109396,2.6380574010587257,-0.11496358108968818,-1.0493680662897216
0.40708141628325667,PASSED,-0.26225575449940336,0.0222178929380176,0.1751379663208089,2.637941968304046,-0.11593020066963168,-0.9114539223793696
0.4080816163232647,PASSED,-0.2622334596748374,0.022377173977408106,0.14870975477030607,2.63782563790094,-0.11675888511426825,-0.773504792808048
0.4090818163632727,PASSED,-0.2622110187744696,0.022510040024851415,0.12230357589197426,2.637708547737158,-0.11744969615053857,-0.6356818652451569
0.4100820164032807,PASSED,-0.2621884581899659,0.02261653146303456,0.09595001304392896,2.6375908355587363,-0.1180028557872117,-0.49814481762511287
0.4110822164432887,PASSED,-0.2621658042574422,0.022696719072340926,0.06967934014798585,2.6374726388105274,-0.11841874472372407,-0.36105168243721664
0.4120824164832967,PASSED,-0.26214308322722957,0.022750703709648414,0.04352150208048402,2.6373540944783604,-0.11869790065742693,-0.2245587678799411
0.41308261652330464,PASSED,-0.2621203212339785,0.022778615955149854,0.01750607444874848,2.637235338933031,-0.11884101637688978,-0.08882035385145708
0.41408281656331264,PASSED,-0.26209754426713344,0.022780615722951796,-0.00833776996259118,2.637116507776281,-0.11884893764518326,0.04601145541183213
0.41508301660332064,PASSED,-0.26207477814180913,0.022756891845601954,-0.03398128227467391,2.63699773568892,-0.11872266101210714,0.17978675151895737
0.41608321664332865,PASSED,-0.2620520484701002,0.022707661625777958,-0.0593961781902077,2.636879156281259,-0.11846333144048754,0.31235811835338456
0.41708341668333665,PASSED,-0.26202938063285297,0.02263317035773233,-0.08455466128257284,2.6367609019460105,-0.11807223970830469,0.443580808069151
0.41808361672334465,PASSED,-0.2620067997519284,0.022533690823123193,-0.10942945016018313,2.636643103713802,-0.11755081975151709,0.5733127225998939
0.41908381676335266,PASSED,-0.26198433066298626,0.02240952275550558,-0.13399381258923082,2.6365258911114418,-0.11690064586560261,0.7014146614575214
0.42008401680336066,PASSED,-0.2619619978888153,0.02226099227968632,-0.15822158463928004,2.6364093920230998,-0.11612342967444807,0.8277505442859049
0.42108421684336866,PASSED,-0.2619398256132384,0.0220884513252754,-0.18208720092534564,2.6362937325545057,-0.11522101705578226,0.9521873349190666
0.42208441688337667,PASSED,-0.26191783765561727,0.02189227701331922,-0.2055657193100732,2.636179036900341,-0.11419538491509312,1.074595344535847
0.42308461692338467,PASSED,-0.2618960574459807,0.021672871020055363,-0.22863284256637487,2.6360654272149056,-0.11304863780766784,1.1948482826848947
0.4240848169633927,PASSED,-0.26187450800080264,0.021430658916759365,-0.2512649437824123,2.635953023486215,-0.11178300446764373,1.3128233782502616
0.4250850170034007,PASSED,-0.26185321189944993,0.021166089487791404,-0.2734390857583329,2.635841943413629,-0.11040083421878193,1.4284014959361793
0.4260852170434087,PASSED,-0.26183219126132445,0.020879634025255264,-0.2951330470546794,2.6357323022891235,-0.10890459327170013,1.5414672478455675
0.4270854170834167,PASSED,-0.2618114677237182,0.02057178560601222,-0.3163253340352883,2.6356242128823166,-0.10729686091928738,1.6519090887908772
0.4280856171234247,PASSED,-0.2617910624204035,0.02024305834763892,-0.336995207931975,2.6355177853293594,-0.10558032561729745,1.7596194441226156
0.4290858171634327,PASSED,-0.261770995960975,0.0198939866451384,-0.35712269887954495,2.6354131270257515,-0.10375778102470205,1.8644946915772482
0.4300860172034407,PASSED,-0.26175128841096346,0.019525124392242115,-0.3766886222407775,2.6353103425232254,-0.10183212188172751,1.9664354439060672
0.4310862172434487,PASSED,-0.26173195927273674,0.019137044185795656,-0.39567459591691345,2.6352095334307304,-0.09980633985726196,2.0653464115052107
0.4320864172834567,PASSED,-0.2617130274672045,0.01873033651323121,-0.41406305699613044,2.6351107983196465,-0.09768351930783388,2.161136641376681
0.4330866173234647,PASSED,-0.26169451131634064,0.018305608928196913,-0.4318372703930775,2.635014232633247,-0.0954668329709293,2.2537194672565137
0.4340868173634727,PASSED,-0.2616764285265387,0.01786348521140055,-0.44898134773188153,2.6349199286005285,-0.09315953757504085,2.3430126816430703
0.4350870174034807,PASSED,-0.26165879617281124,0.0174046045194976,-0.46548025468366355,2.634827975154449,-0.09076496938285551,2.428938532546865
0.4360872174434887,PASSED,-0.26164163068384483,0.01692962052466034,-0.48131982160632086,2.6347384578546267,-0.08828653972886216,2.511423734957668
0.4370874174834967,PASSED,-0.2616249478279228,0.016439200541232043,-0.49648675797627495,2.634651458814552,-0.08572773047299284,2.5903996031437573
0.4380876175235047,PASSED,-0.2616087626997233,0.015934024646309927,-0.5109686528860095,2.63456705663337,-0.08309208939455949,2.6658020619597464
0.43908781756351273,PASSED,-0.2615930897080016,0.015414784791215046,-0.5247539899007964,2.6344853263322787,-0.08038322556033732,2.7375716823970926
0.44008801760352073,PASSED,-0.2615779425641642,0.01488218390616869,-0.5378321484767284,2.6344063392955452,-0.07760480470717751,2.805653633668276
0.4410882176435287,PASSED,-0.2615633342717407,0.014336934999804056,-0.550193411623239,2.6343301632162017,-0.07476054454387683,2.869997849722299
0.4420884176835367,PASSED,-0.26154927711675807,0.013779760254564708,-0.5618289676500857,2.634256862046443,-0.07185421000864146,2.9305589922440705
0.4430886177235447,PASSED,-0.2615357826590216,0.013211390117793933,-0.5727309161845684,2.6341864959527204,-0.06888960859607493,2.9872963594481683
0.4440888177635527,PASSED,-0.2615228617243062,0.012632562390219147,-0.5828922685015988,2.634119121275564,-0.06587058563794125,3.040174023924029
0.4450890178035607,PASSED,-0.2615105243974584,0.012044021314448802,-0.5923069472828436,2.6340547904941443,-0.0628010195057048,3.089160871111381
0.4460892178435687,PASSED,-0.26149878001641125,0.011446516662359437,-0.6009697886270459,2.633993552195561,-0.05968481691478131,3.1342304041315483
0.4470894178835767,PASSED,-0.26148763716711065,0.01084080282289121,-0.6088765400290113,2.6339354510488606,-0.05652590823140492,3.1753608695396025
0.4480896179235847,PASSED,-0.26147710367935295,0.010227637892523926,-0.6160238572594658,2.6338805277837904,-0.053328242676287135,3.212535345503251
0.4490898179635927,PASSED,-0.2614671866235312,0.009607782767372196,-0.6224093037465727,2.633828819174242,-0.05009578367067314,3.2457414456878304
0.4500900180036007,PASSED,-0.2614578923082854,0.008982000241598068,-0.6280313404591628,2.633780358026382,-0.04683250420609208,3.2749714771765546
0.4510902180436087,PASSED,-0.261449226279055,0.008351054107278296,-0.6328893302268447,2.63373517317148,-0.0435423820720241,3.3002225719955964
0.4520904180836167,PASSED,-0.2614411933175252,0.0077157082617074135,-0.636983522466907,2.6336932894633494,-0.04022939529313545,3.321496250150693
0.4530906181236247,PASSED,-0.26143379744196377,0.007076725823942259,-0.6403150479639866,2.633654727780375,-0.036897517635532874,3.3387985959038295
0.4540908181636327,PASSED,-0.2614270419084384,0.006434868254781053,-0.642885916626019,2.6336195050321525,-0.03355071389866896,3.3521404975039677
0.45509101820364073,PASSED,-0.26142092921290877,0.005790894486987726,-0.6446990019048655,2.6335876341705955,-0.03019293549884534,3.3615370013700576
0.45609121824364873,PASSED,-0.26141546109418157,0.005145560068182648,-0.6457580300718855,2.633559124205552,-0.026828116079705498,3.3670076976530354
0.45709141828365674,PASSED,-0.2614106385377212,0.004499616309740393,-0.6460675773558355,2.633533980224822,-0.023460167013715137,3.3685766448819106
0.45809161832366474,PASSED,-0.26140646178030263,0.003853809449191004,-0.6456330493450915,2.6335122034185505,-0.020092973096663257,3.366272098498523
0.45909181836367274,PASSED,-0.2614029303154964,0.0032088798261247077,-0.6444606722137658,2.633493791107898,-0.016730388360335396,3.3601264948807557
0.46009201840368075,PASSED,-0.2614000428999716,0.002565561069101329,-0.6425574802297875,2.633478736777978,-0.013376231764333795,3.3501766634154984
0.46109221844368875,PASSED,-0.2613977975606047,0.001924579297524034,-0.6399312991422997,2.6334670301149234,-0.010034283109025911,3.3364633165694726
0.46209241848369675,PASSED,-0.26139619160237887,0.0012866523380834615,-0.6365907329727548,2.633458657047067,-0.006708279031144626,3.3190312520891605
0.46309261852370476,PASSED,-0.26139522161705836,0.000652488957585512,-0.6325451455147463,2.633453599790124,-0.003401908954236535,3.2979292934540445
0.46409281856371276,PASSED,-0.26139488349262313,2.278811083747039e-05,-0.6278046475702385,2.633451836896301,-0.00011881123656442332,3.2732100004841564
0.46509301860372076,PASSED,-0.26139517242344634,-0.0006017617942465709,-0.6223800767599099,2.6334533433072536,0.0031374305976104347,3.244929723301993
0.46609321864372877,PASSED,-0.26139608292119737,-0.0012204836128181888,-0.6162829797794233,2.6334580904107865,0.006363291611189245,3.213148540430022
0.46709341868373677,PASSED,-0.2613976088264519,-0.0018327121605844474,-0.6095255930908156,2.6334660461012294,0.009555309063130792,3.177930059615898
0.4680936187237448,PASSED,-0.26139974332099125,-0.002437794894880483,-0.6021208284328493,2.6334771748433594,0.012710085885729843,3.139341331254485
0.4690938187637528,PASSED,-0.2614024789407706,-0.003035092573410785,-0.5940822452619373,2.633491437739802,0.01582429413595537,3.0974528628728866
0.4700940188037607,PASSED,-0.26140580758953663,-0.003623979891840613,-0.5854240338750886,2.6335087926017793,0.018894678293177633,3.0523383534551822
0.47109421884376873,PASSED,-0.2614097205530735,-0.004203846104148527,-0.5761609979297976,2.6335291940231143,0.02191805843379404,3.0040746653905566
0.47209441888377673,PASSED,-0.26141420851405667,-0.004774095618878256,-0.5663085259296833,2.6335525934573947,0.024891333367931586,2.952741779968872
0.47309461892378474,PASSED,-0.261419261567492,-0.005334148572328885,-0.5558825717979279,2.633578939298156,0.027811483600166626,2.8984225337458147
0.47409481896379274,PASSED,-0.26142486923671854,-0.005883441382506061,-0.5448996357633423,2.6336081769619897,0.030675574158457383,2.841202574654054
0.47509501900380074,PASSED,-0.26143102048995154,-0.006421427278013784,-0.5333767353373097,2.633640248974455,0.033480757383072116,2.781170324588521
0.47609521904380875,PASSED,-0.26143770375734404,-0.006947576803609868,-0.5213313857686005,2.633675095058671,0.03622427553981404,2.718416711510853
0.47709541908381675,PASSED,-0.2614449069485412,-0.007461378302202089,-0.508781573807968,2.633712652226493,0.038903463322182565,2.6530351629403133
0.47809561912382476,PASSED,-0.26145261747070553,-0.007962338373187305,-0.49574573577005004,2.6337528548720845,0.041515750194117004,2.585121344597189
0.47909581916383276,PASSED,-0.2614608222469873,-0.008449982306361582,-0.4822427314437631,2.6337956348678646,0.04405866271386301,2.514773303178555
0.48009601920384076,PASSED,-0.2614695077354163,-0.008923854489105546,-0.46829181694409644,2.6338409216625833,0.04652982660588029,2.4420909512430877
0.48109621924384877,PASSED,-0.2614786599481887,-0.009383518790403219,-0.45391262420005857,2.633888642381519,0.048926968767807937,2.3671763023840366
0.48209641928385677,PASSED,-0.26148826447132606,-0.009828558919933238,-0.4391251330833255,2.6339387219285455,0.05124791914319604,2.290133090724155
0.4830966193238648,PASSED,-0.26149830648467837,-0.010258578759861043,-0.4239496444907901,2.63399108309005,0.05349061245665191,2.21106679527701
0.4840968193638728,PASSED,-0.26150877078224705,-0.010673202670064963,-0.4084067540126729,2.634045646640487,0.05565308981039172,2.130084392715004
0.4850970194038808,PASSED,-0.2615196417928019,-0.011072075771041646,-0.3925173322860199,2.6341023314494882,0.057733500157496336,2.047294316697685
0.4860972194438888,PASSED,-0.2615309036007651,-0.011454864197973983,-0.3763024900298822,2.634161054590358,0.05973010163571035,1.9628062525582448
0.4870974194838968,PASSED,-0.2615425399673372,-0.01182125532769551,-0.35978355618262436,2.634221731449849,0.061641262763051284,1.8767310438627212
0.4880976195239048,PASSED,-0.26155453435183823,-0.012170957982389926,-0.34298205370227663,2.634284275839049,0.0634654634948304,1.7891805237233747
0.4890978195639128,PASSED,-0.2615668699332374,-0.012503702604927813,-0.32591966842829334,2.6343486001053016,0.06520129618681579,1.7002674708267493
0.4900980196039208,PASSED,-0.261579529631846,-0.012819241407934029,-0.30861822605816136,2.6344146152449417,0.0668474663428153,1.6101052794480157
0.4910982196439288,PASSED,-0.2615924961311461,-0.01311734849725236,-0.2910996648251128,2.6344822310167886,0.06840279328334034,1.5188080479097126
0.4920984196839368,PASSED,-0.2616057518997294,-0.013397819968787862,-0.27338600934242807,2.6345513560562193,0.06986621070771043,1.4264903420103563
0.4930986197239448,PASSED,-0.26161927921332,-0.013660473978806209,-0.2554993438022929,2.6346218979897014,0.07123676704163481,1.3332669952004028
0.4940988197639528,PASSED,-0.2616330601768545,-0.013905150789058818,-0.23746178788615582,2.634693763549618,0.07251362565561109,1.2392530264935449
0.4950990198039608,PASSED,-0.2616470767465941,-0.014131712785470256,-0.21929546876162423,2.6347668586893214,0.07369606506859355,1.1445636706417348
0.4960992198439688,PASSED,-0.26166131075224186,-0.014340044469691853,-0.20102249452824383,2.6348410886981997,0.07478347888755867,1.0493139178473707
0.4970994198839768,PASSED,-0.2616757439190407,-0.014530052427864917,-0.18266493393627625,2.634916358316682,0.07577537561668668,0.9536186033151277
0.49809961992398477,PASSED,-0.2616903578898254,-0.014701665272172305,-0.1642447845547962,2.6349925718510177,0.0766713784435829,0.8575923092836182
0.4990998199639928,PASSED,-0.2617051342470042,-0.014854833556298542,-0.14578395050719395,2.6350696332877286,0.07747122483416258,0.7613491114437245
0.5001000200040008,PASSED,-0.26172005453444447,-0.014989529668783643,-0.12730422047037482,2.6351474464075544,0.07817476589977736,0.6650023683954582
0.5011002200440088,PASSED,-0.26173510027923846,-0.015105747700318996,-0.1088272389120073,2.635225914898824,0.07878196581207561,0.5686649415667854
0.5021004200840168,PASSED,-0.2617502530133235,-0.015203503285016984,-0.09037448188864303,2.6353049424700936,0.07929290104447227,0.47244875961655747
0.5031006201240248,PASSED,-0.2617654942949346,-0.01528283342175226,-0.07196723996636509,2.635384432961911,0.07970775933380926,0.37646464248395933
0.5041008201640328,PASSED,-0.26178080572986295,-0.015343796269082612,-0.05362658557300822,2.6354642904576173,0.08002683871061954,0.28082253302784055
0.5051010202040408,PASSED,-0.2617961689925003,-0.015386470917459361,-0.035373356912575336,2.635544419393051,0.08025054639694577,0.18563112185850086
0.5061012202440488,PASSED,-0.2618115658466435,-0.015410957139894179,-0.01722813278297818,2.6356247246650226,0.08037939741534313,0.09099761608990685
0.5071014202840568,PASSED,-0.26182697816603856,-0.015417375119172958,0.0007887897240190684,2.6357051117384516,0.08041401322644656,-0.0029720588875260536
0.5081016203240648,PASSED,-0.26184238795464143,-0.015405865154622278,0.01865741443512172,2.6357854867520754,0.08035512031304487,-0.09617348307779855
0.5091018203640728,PASSED,-0.26185777736657456,-0.015376587346243021,0.03635807100867814,2.6358657566225565,0.0802035484348201,-0.18850414165610685
0.5101020204040808,PASSED,-0.26187312872575774,-0.015329721259055313,0.05387143130706051,2.6359458291469555,0.07996022894141026,-0.27986306124564025
0.5111022204440888,PASSED,-0.26188842454519284,-0.015265465566898433,0.07117853272342635,2.6360256131033926,0.07962619300072575,-0.3701511936437466
0.5121024204840968,PASSED,-0.2619036475458833,-0.015184037677446574,0.08826079393748207,2.636105018349847,0.0792025695850178,-0.45927156375077
0.5131026205241048,PASSED,-0.2619187806753679,-0.015085673336842898,0.10510003838113845,2.6361839559209552,0.07869058344414136,-0.5471291922935659
0.5141028205641128,PASSED,-0.261933807125851,-0.01497062621592479,0.12167850927608903,2.6362623381227253,0.07809155301803794,-0.6336312486433103
0.5151030206041208,PASSED,-0.2619487103519108,-0.01483916748085225,0.13797888560350574,2.636340078625074,0.07740688816219583,-0.7186872606413054
0.5161032206441288,PASSED,-0.26196347408776766,-0.014691585343819698,0.15398430465191534,2.6364170925520964,0.0766380878427116,-0.8022090253795072
0.5171034206841368,PASSED,-0.2619780823640965,-0.01452818459786904,0.1696783734831527,2.63649329656996,0.07578673774933999,-0.8841108053663584
0.5181036207241448,PASSED,-0.26199251952436625,-0.01434928613791537,0.1850451842673501,2.6365686089723552,0.07485450776138318,-0.9643094430170921
0.5191038207641528,PASSED,-0.26200677024069163,-0.014155226463694734,0.20006933418949352,2.6366429497634223,0.07384314941445369,-1.0427242828710757
0.5201040208041608,PASSED,-0.2620208195291813,-0.013946357168895768,0.21473593520528048,2.636716240738062,0.07275449325686326,-1.119277407403351
0.5211042208441689,PASSED,-0.2620346527647689,-0.013723044418171182,0.22903062773745825,2.636788405559558,0.07159044607464578,-1.1938936987602236
0.5221044208841769,PASSED,-0.2620482556955141,-0.013485668410473054,0.24293959433857312,2.636859369834448,0.07035298814877661,-1.2665007439417821
0.5231046209241849,PASSED,-0.26206161445635967,-0.013234622826910819,0.25644957637801014,2.6369290611845773,0.06904417041530823,-1.3370290598194519
0.5241048209641929,PASSED,-0.2620747155823327,-0.012970314270569756,0.2695478763164319,2.6369974093162543,0.06766611147921824,-1.405412186937019
0.5251050210042009,PASSED,-0.26208754602118056,-0.012693161696833138,0.28222237201674283,2.6370643460864467,0.0662209946565739,-1.4715865797825327
0.5261052210442089,PASSED,-0.2621000931454281,-0.012403595826775794,0.29446153541774717,2.637129805566001,0.06471106500230112,-1.5354917039329337
0.5271054210842169,PASSED,-0.26211234476384904,-0.012102058557466037,0.30625442523776514,2.637193724099779,0.06313862615938437,-1.5970702689059544
0.5281056211242249,PASSED,-0.2621242891323403,-0.011789002362923486,0.31759070741240963,2.6372560403637073,0.061506037236858754,-1.6562680249387203
0.5291058211642329,PASSED,-0.2621359149641933,-0.011464889683474228,0.32846066080715763,2.637316695418645,0.05981570965492084,-1.7130339532707122
0.5301060212042409,PASSED,-0.2621472114397521,-0.011130192310795067,0.3388551805938286,2.637375632761101,0.058070103941732905,-1.767320219799418
0.5311062212442489,PASSED,-0.2621581682154546,-0.010785390768005677,0.34876578425310123,2.637432798370699,0.05627172647903744,-1.8190822912928342
0.5321064212842569,PASSED,-0.26216877543224826,-0.010430973681076889,0.35818462204591117,2.637488140754375,0.0544231261897355,-1.8682789546413499
0.5331066213242649,PASSED,-0.26217902372337665,-0.010067437145964477,0.36710447715674827,2.637541610987318,0.052526891306425606,-1.9148721690889143
0.5341068213642729,PASSED,-0.26218890422153224,-0.009695284094649812,0.3755187674199422,2.6375931627505573,0.05058564599484071,-1.9588274065822207
0.5351070214042809,PASSED,-0.2621984085653717,-0.009315023655404828,0.38342155379501097,2.6376427523652466,0.04860204700717528,-2.000113375054241
0.5361072214442889,PASSED,-0.26220752890539056,-0.008927170509617204,0.39080754044936666,2.6376903388235973,0.04657878038630708,-2.0387021180774934
0.5371074214842969,PASSED,-0.26221625790915615,-0.008532244250494356,0.39767207157183787,2.637735883816431,0.04451855802893615,-2.0745691835665476
0.5381076215243049,PASSED,-0.262224588765896,-0.008130768738105486,0.4040111396002245,2.6377793517573878,0.04242411434050167,-2.107693358346453
0.5391078215643129,PASSED,-0.26223251519044316,-0.007723271455206053,0.4098213784322379,2.6378207098037496,0.040298202895933444,-2.1380568353827254
0.5401080216043209,PASSED,-0.2622400314265369,-0.007310282863485818,0.41510006724556714,2.63785992787389,0.03814359300988662,-2.1656452531562214
0.5411082216443288,PASSED,-0.26224713224948065,-0.006892335761045502,0.41984512590348205,2.637896978661372,0.03596306641320555,-2.1904474923643074
0.5421084216843368,PASSED,-0.2622538129681596,-0.006469964643844103,0.4240551114000104,2.6379318376456578,0.03375941387999908,-2.212455893767897
0.5431086217243448,PASSED,-0.26226006942641833,-0.006043705066269912,0.42772922169031075,2.6379644830995144,0.03153543191006828,-2.2316660207060717
0.5441088217643528,PASSED,-0.26226589800380457,-0.00561409300858351,0.43086728168379684,2.637994896093043,0.029293919372435803,-2.2480768822500807
0.5451090218043608,PASSED,-0.26227129561568074,-0.00518166424879035,0.4334697451994026,2.638023060494437,0.027037674236019122,-2.261690639194413
0.5461092218443688,PASSED,-0.26227625971270885,-0.004746953736195266,0.43553769085887123,2.638048962967423,0.024769490284539668,-2.2725128263361527
0.5471094218843768,PASSED,-0.2622807882797142,-0.004310494973911711,0.4370728099000107,2.638072592965469,0.022492153867334004,-2.2805521444520025
0.5481096219243848,PASSED,-0.26228487983393434,-0.0038728194080065318,0.4380774032419582,2.6380939427227537,0.0202084407133113,-2.2858204937365065
0.5491098219643928,PASSED,-0.2622885334226586,-0.003434455820355154,0.4385543772576572,2.6381130072419317,0.01792111270938338,-2.288333010722196
0.5501100220044008,PASSED,-0.2622917486202676,-0.0029959297322167656,0.4385072287255425,2.6381297842787683,0.01563291480374291,-2.2881078355859863
0.5511102220444088,PASSED,-0.2622945255246785,-0.0025577628161059986,0.43794004103425005,2.6381442743236474,0.013346571927326615,-2.285166236969837
0.5521104220844169,PASSED,-0.26229686475320785,-0.0021204723160182836,0.43685747279002446,2.6381564805800233,0.011064785914601307,-2.2795325298956235
0.5531106221244249,PASSED,-0.26229876743785746,-0.0016845704755450866,0.4352647522619787,2.6381664089398438,0.008790232521566455,-2.2712339684610052
0.5541108221644329,PASSED,-0.26230023522003676,-0.0012505639790121145,0.4331676593803015,2.638174067956016,0.006525558506462324,-2.260300712866216
0.5551110222044409,PASSED,-0.26230127024473027,-0.0008189534041080566,0.430572518586562,2.638179468811962,0.00427337873251439,-2.2467658146690797
0.5561112222444489,PASSED,-0.26230187515412134,-0.0003902326811863572,0.42748619247845754,2.6381826252883234,0.002036273343675364,-2.230665104952323
0.5571114222844569,PASSED,-0.2623020530806849,3.511143139745391e-05,0.4239160593207136,2.638183553726872,-0.00018321497968944538,-2.2120371356398003
0.5581116223244649,PASSED,-0.26230180763976,0.00045659985908353193,0.419870006596321,2.6381822729916937,-0.0023825837386610323,-2.1909231745261106
0.5591118223644729,PASSED,-0.26230114292161644,0.0008737617134141541,0.4153564194868231,2.6381788044277283,-0.004559373207537678,-2.1673669984436708
0.5601120224044809,PASSED,-0.26230006348302676,0.0012861347785940187,0.41038416230855884,2.6381731718166894,-0.0067111690237466074,-2.141415028052435
0.5611122224444889,PASSED,-0.26229857433835935,0.001693265983396692,0.4049625664654161,2.6381654013305043,-0.008835604644541412,-2.1131160159563844
0.5621124224844969,PASSED,-0.2622966809502053,0.0020947118603341806,0.39910141725220355,2.638155521482272,-0.010930363761822437,-2.0825211848307843
0.5631126225245049,PASSED,-0.2622943892195542,0.002490038990006332,0.39281093795211686,2.638143563074897,-0.012993182617226647,-2.0496839691198296
0.5641128225645129,PASSED,-0.2622917054755342,0.002878824428794611,0.38610177267905343,2.6381295591473957,-0.015021852274550605,-2.01466011612671
0.5651130226045209,PASSED,-0.26228863646473066,0.0032606561220669132,0.3789849736678017,2.6381135449190336,-0.01701422075747739,-1.9775073941268348
0.5661132226445289,PASSED,-0.2622851893401005,0.003635133301385257,0.371471983085372,2.63809555773131,-0.018968195136593452,-1.9382857024422135
0.5671134226845369,PASSED,-0.2622813716494972,0.004001866865112728,0.36357461748886966,2.6380756369879244,-0.020881743542987198,-1.8970568756947679
0.5681136227245449,PASSED,-0.2622771913238243,0.004360479742047183,0.3553050498981785,2.638053824092792,-0.022752897041642052,-1.8538845806282398
0.5691138227645529,PASSED,-0.2622726566648324,0.004710607239038784,0.3466757950538815,2.6380301623861864,-0.024579751471665096,-1.808834329619582
0.5701140228045609,PASSED,-0.262267776332578,0.005051897371276352,0.33769969036002795,2.638004697079119,-0.026360469177171445,-1.7619732894308535
0.5711142228445689,PASSED,-0.26226255933256143,0.005384011173586812,0.328389876944081,2.6379774751860374,-0.028093280617282092,-1.7133702072305024
0.5721144228845769,PASSED,-0.26225701500256077,0.005706622996282181,0.31875978652956016,2.6379485454559486,-0.02977648590695087,-1.6630953446276242
0.5731146229245849,PASSED,-0.2622511529991801,0.006019420782037714,0.3088231185728488,2.6379179583020083,-0.031408456324141576,-1.6112204655661053
0.5741148229645929,PASSED,-0.26224498328412976,0.006322106324012464,0.2985938242426838,2.6378857657297687,-0.03298763557073545,-1.5578184339457262
0.5751150230046009,PASSED,-0.26223851611025706,0.006614395507109868,0.28808608900055255,2.637852021264078,-0.03451254106481109,-1.502963534162244
0.5761152230446089,PASSED,-0.2622317620073453,0.0068960185305168955,0.27731431301134285,2.6378167798747834,-0.0359817651647122,-1.4467311437270203
0.5771154230846169,PASSED,-0.26222473176769995,0.007166720110668977,0.26629309157924014,2.6377800979013517,-0.03739397610223553,-1.3891974667208657
0.5781156231246249,PASSED,-0.2622174364315404,0.007426259666440448,0.25503719856629053,2.637742032976431,-0.03874791903692108,-1.3304399133286828
0.579115823164633,PASSED,-0.26220988727221545,0.0076744114874093584,0.24356156923732314,2.637702643948544,-0.040042416928466495,-1.2705365436899052
0.580116023204641,PASSED,-0.2622020957812621,0.007910964879742924,0.23188127439772394,2.6376619908039385,-0.041276371218993725,-1.2095661217521274
0.581116223244649,PASSED,-0.26219407365332525,0.008135724295631946,0.22001151021655807,2.6376201345877197,-0.042448762591105506,-1.147608205684882
0.582116423284657,PASSED,-0.2621858327709581,0.0083485094451763,0.2079675757628837,2.6375771373243895,-0.043558651496835424,-1.0847427057599441
0.583116623324665,PASSED,-0.26217738518932104,0.008549155387066227,0.19576485264128882,2.6375330619378348,-0.044605178607344434,-1.0210500470083912
0.584116823364673,PASSED,-0.262168743120798,0.008737512601868789,0.18341878957674498,2.6374879721709017,-0.045587565254440215,-0.9566110471540524
0.585117023404681,PASSED,-0.2621599189195497,0.00891344704607283,0.17094488062223795,2.6374419325046756,-0.04650511361619518,-0.8915065714889024
0.586117223444689,PASSED,-0.26215092506602045,0.009076840189429744,0.158358651846698,2.637395008077474,-0.04735720697027742,-0.8258178758111236
0.587117423484697,PASSED,-0.2621417741514189,0.009227589031864445,0.14567563616003867,2.6373472646037737,-0.04814330975319338,-0.7596260543191761
0.588117623524705,PASSED,-0.2621324788621904,0.009365606101938944,0.13291135935080872,2.63729876829306,-0.048862967509867114,-0.6930122249101096
0.589117823564713,PASSED,-0.26212305196449787,0.009490819440309436,0.12008132438361449,2.6372495857687475,-0.0495158068504847,-0.6260574177559023
0.590118023604721,PASSED,-0.26211350628873187,0.009603172561214068,0.10720098525197776,2.6371997839872705,-0.0501015352015002,-0.558842306521903
0.591118223644729,PASSED,-0.26210385471406505,0.009702624398041598,0.09428573787789593,2.637149430157408,-0.05061994050112798,-0.49144729503169765
0.592118423684737,PASSED,-0.26209411015307044,0.009789149233061963,0.08135089978201192,2.6370985916599503,-0.05107089086581708,-0.42395241112737403
0.593118623724745,PASSED,-0.2620842855364197,0.009862736606543056,0.06841168928048101,2.6370473359678135,-0.05145433405790234,-0.35643704605718096
0.594118823764753,PASSED,-0.26207439379768016,0.009923391210186282,0.05548321321838836,2.636995730566653,-0.05177029693641903,-0.2889801001563638
0.595119023804761,PASSED,-0.26206444785822575,0.009971132765172312,0.04258044949779441,2.6369438428761125,-0.05201888481979299,-0.2216597388523523
0.596119223844769,PASSED,-0.2620544606122798,0.01000599588190154,0.029718228216851016,2.6368917401717487,-0.05220028071994066,-0.15455334101121215
0.597119423884777,PASSED,-0.262044444912106,0.010028029903108379,0.016911216533497395,2.636839489507766,-0.05231474450915685,-0.08773742135285108
0.5981196239247849,PASSED,-0.26203441355336227,0.01003729873305686,0.00417390555847026,2.6367871576405917,-0.05236261204844066,-0.02128761790444133
0.5991198239647929,PASSED,-0.2620243792606358,0.01003388064950404,-0.008479409627017303,2.6367348109534188,-0.05234429417377385,0.044721536380971656
0.6001200240048009,PASSED,-0.26201435467317197,0.010017868100768778,-0.02103464147408956,2.6366825153817697,-0.052260275608966816,0.11021658375773763
0.6011202240448089,PASSED,-0.26200435233081426,0.009989367488112412,-0.03347792677788206,2.636630336340186,-0.052111113832295566,0.1751252386135906
0.6021204240848169,PASSED,-0.26199438466016867,0.00994849893407934,-0.04579563886986673,2.636578338650069,-0.05189743789252368,0.23937640721075462
0.6031206241248249,PASSED,-0.2619844639610077,0.009895396035037314,-0.05797440582346464,2.6365265864688157,-0.05161994704776667,0.3029004697878509
0.6041208241648329,PASSED,-0.26197460239292775,0.009830205601240618,-0.07000111911218411,2.6364751432202693,-0.05127940941045561,0.36562908232653696
0.6051210242048409,PASSED,-0.26196481196227195,0.009753087385118575,-0.08186294746194837,2.636424071526572,-0.050876660568856646,0.4274953477805877
0.6061212242448489,PASSED,-0.261955104509335,0.009664213792542594,-0.09354735598533595,2.636373433141479,-0.05041260203840082,0.48843398557266016
0.6071214242848569,PASSED,-0.2619454916958588,0.009563769584387866,-0.10504210960098836,2.6363232888852477,-0.049888199634294174,0.5483813497959603
0.6081216243248649,PASSED,-0.26193598499283366,0.009451951567491717,-0.1163352884262536,2.6362736985810606,-0.04930448197808987,0.6072751938098628
0.6091218243648729,PASSED,-0.2619265956686155,0.009328968271450713,-0.12741530111750263,2.6362247209931704,-0.048662538723143335,0.6650552957043175
0.610122024404881,PASSED,-0.261917334777372,0.00919503961271794,-0.13827089714295265,2.6361764137667274,-0.04796351875871943,0.7216630769036296
0.611122224444889,PASSED,-0.26190821314786616,0.009050396554110943,-0.1488911662496915,2.6361288333693897,-0.04720862852715649,0.7770416680024923
0.612122424484897,PASSED,-0.26189924137259035,0.00889528074908473,-0.15926556421055985,2.636082035034768,-0.04639913010660735,0.8311362555802303
0.613122624524905,PASSED,-0.2618904297972578,0.008729944176989033,-0.16938391068578837,2.6360360727077277,-0.045536339284813515,0.8838938659362408
0.614122824564913,PASSED,-0.2618817885106644,0.008554648770782788,-0.17923640321988304,2.635990998991657,-0.04462162363383686,0.9352635076702646
0.615123024604921,PASSED,-0.261873327334926,0.00836966603595503,-0.1888136225663441,2.6359468650976634,-0.043656400544044925,0.9851961445397177
0.616123224644929,PASSED,-0.26186505581610287,0.008175276659526066,-0.19810654567071162,2.635903720795812,-0.04264213515175625,1.0336448907879838
0.617123424684937,PASSED,-0.2618569832152163,0.007971770113639655,-0.20710654603021167,2.635861614368425,-0.04158033823198012,1.080564939101569
0.618123624724945,PASSED,-0.2618491184996674,0.00775944425069526,-0.21580540755384953,2.635820592565439,-0.04047256418400372,1.1259134538929518
0.619123824764953,PASSED,-0.261841470335063,0.007538604891601016,-0.22419532678784035,2.63578070056194,-0.03932040880501991,1.169649995711037
0.620124024804961,PASSED,-0.2618340470774554,0.007309565409860882,-0.23226891837499725,2.6357419819178203,-0.038125507101337795,1.2117361756628418
0.621124224844969,PASSED,-0.2618268567660022,0.007072646308985403,-0.24001922254246566,2.635704478539644,-0.03688953116855645,1.2521357708603378
0.622124424884977,PASSED,-0.2618199071160515,0.00682817479271998,-0.2474397120807287,2.6356682306447117,-0.03561418791860906,1.290814902672078
0.623124624924985,PASSED,-0.26181320551265624,0.006576484335691434,-0.254524286993757,2.6356332767274,-0.034301216759448104,1.327741996820212
0.624124824964993,PASSED,-0.26180675900452266,0.006317914247050245,-0.26126728973947694,2.635599653527719,-0.032952387438158676,1.3628875376022447
0.625125025005001,PASSED,-0.2618005742983966,0.006052809228958922,-0.2676635036592192,2.6355673960021844,-0.03156949771243899,1.396224517797976
0.626125225045009,PASSED,-0.2617946577538901,0.0057815189367975165,-0.2737081511628638,2.6355365372969626,-0.03015437098579113,1.4277281992144535
0.627125425085017,PASSED,-0.2617890153787516,0.005504397534361672,-0.27939690328449795,2.6355071087233393,-0.028708854071619053,1.4573760574771581
0.628125625125025,PASSED,-0.2617836528245813,0.005221803246055326,-0.284725878320913,2.635479139735494,-0.027234814862151555,1.4851479774610556
0.629125825165033,PASSED,-0.2617785753829929,0.004934097911581192,-0.2896916385762826,2.635452657910613,-0.025734139939432,1.5110262195585522
0.630126025205041,PASSED,-0.2617737879822239,0.004641646536378101,-0.2942911996209642,2.6354276889313164,-0.024208732304440983,1.5349952452793276
0.631126225245049,PASSED,-0.2617692951841935,0.004344816843125037,-0.2985220223411307,2.635404256570431,-0.022660509039723352,1.5570419443431656
0.632126425285057,PASSED,-0.26176510118200896,0.004043978824623783,-0.30238201594133784,2.6353823826780975,-0.02109139892002904,1.5771555699284119
0.633126625325065,PASSED,-0.26176120979791945,0.003739504296184269,-0.3058695367716299,2.6353620871711763,-0.01950334017440793,1.5953275294162423
0.634126825365073,PASSED,-0.2617576244817165,0.0034317664490658246,-0.3089833873496546,2.63534338802502,-0.017898278105427715,1.6115517620228605
0.635127025405081,PASSED,-0.26175434830957933,0.0031211394073310684,-0.311722811324824,2.6353263012675274,-0.016278162767910515,1.6258243878467615
0.636127225445089,PASSED,-0.26175138398336256,0.0028079977862414396,-0.3140874942661648,2.6353108409754924,-0.014644946769429557,1.6381437389037574
0.637127425485097,PASSED,-0.26174873383032504,0.002492716252335644,-0.31607756033221623,2.6352970192732807,-0.013000582873476649,1.6485106673190113
0.638127625525105,PASSED,-0.261746399803295,0.0021756690887406445,-0.3176935657701878,2.635284846333735,-0.011347021780194252,1.6569280439246554
0.639127825565113,PASSED,-0.26174438348126894,0.0018572297643305623,-0.3189364968366786,2.635274330381362,-0.009686209931511376,1.6634010518550222
0.640128025605121,PASSED,-0.2617426860704403,0.0015377705038316265,-0.3198077696071073,2.635265477697736,-0.008020087220449093,1.6679371505337903
0.6411282256451291,PASSED,-0.26174130840565296,0.00121766186718181,-0.3203092146782895,2.635258292629115,-0.006350584815964147,1.6705459071190507
0.6421284256851371,PASSED,-0.26174025095227466,0.0008972723321687696,-0.3204430819028742,2.635252777596242,-0.004679623024524479,1.671239047653414
0.6431286257251451,PASSED,-0.26173951380848576,0.0005769678803709467,-0.3202120317277886,2.6352489331062987,-0.0030091091083211214,1.6700304952366531
0.6441288257651531,PASSED,-0.26173909670797574,0.00025711159348236614,-0.31961912366244183,2.635246757766984,-0.0013409351913274531,1.6669361981650117
0.6451290258051611,PASSED,-0.2617389990230436,-6.193674675767413e-05,-0.3186678179584392,2.635246248302674,0.0003230237880614501,1.6619741668714976
0.6461292258451691,PASSED,-0.2617392197680928,-0.00037982105186772596,-0.317361963211127,2.6352473995726573,0.001980912158789122,1.6551645066317884
0.6471294258851771,PASSED,-0.2617397576035161,-0.0006961893104288659,-0.315705788794482,2.635250204591379,0.003630895512043069,1.6465292510020524
0.6481296259251851,PASSED,-0.26174061083996125,-0.001010693966863429,-0.3137039015279503,2.635254654550656,0.005271162610401436,1.6360923299292427
0.6491298259651931,PASSED,-0.2617417774429702,-0.0013229922902915513,-0.3113612713615705,2.635260738843849,0.006899927364011648,1.6238797027308585
0.6501300260052011,PASSED,-0.26174325503798357,-0.0016327467353982586,-0.3086832276034652,2.6352684450919344,0.008515430723706419,1.609919131004044
0.6511302260452091,PASSED,-0.2617450409157016,-0.0019396252954374383,-0.305675448329656,2.6352777591713963,0.0101159424102263,1.5942400568637738
0.6521304260852171,PASSED,-0.26174713203779343,-0.002243301845181743,-0.3023439506874032,2.6352886652439746,0.011699762798451304,1.576873942465822
0.6531306261252251,PASSED,-0.2617495250429439,-0.002543456474083682,-0.2986950810449637,2.6353011457881297,0.013265224644508116,1.5578537817841378
0.6541308261652331,PASSED,-0.2617522162532301,-0.002839775810820012,-0.29473550719724145,2.635315181632242,0.014810694690162015,1.5372142215670743
0.655131026205241,PASSED,-0.2617552016808162,-0.003131953337925638,-0.29047220704454874,2.6353307519894478,0.016334575353984297,1.5149916253257545
0.656131226245249,PASSED,-0.2617584770349576,-0.0034196896940362105,-0.28591245548792266,2.6353478344941017,0.017835306339736446,1.491223892703079
0.657131426285257,PASSED,-0.2617620377293028,-0.0037026929670950087,-0.2810638181060487,2.6353664052397825,0.01931136609993802,1.4659503385339032
0.658131626325265,PASSED,-0.26176587888948366,-0.003980678978486202,-0.27593414024795676,2.6353864388187755,0.020761273293445737,1.4392117634902624
0.659131826365273,PASSED,-0.2617699953609811,-0.004253371551721923,-0.270531528560898,2.635407908363026,0.022183588275049515,1.4110504603461258
0.660132026405281,PASSED,-0.2617743817172575,-0.004520502772711315,-0.2648643492750561,2.6354307855864545,0.023576914397553533,1.3815098972759419
0.661132226445289,PASSED,-0.26177903226814175,-0.004781813239181977,-0.2589412112677343,2.6354550408285817,0.024939899247896212,1.3506348190538366
0.662132426485297,PASSED,-0.26178394106845776,-0.005037052295656125,-0.2527709532784226,2.6354806430994544,0.02627123600254811,1.3184713783839377
0.663132626525305,PASSED,-0.2617891019268822,-0.005285978258328281,-0.24636263560131313,2.6355075601257134,0.027569664499869428,1.285066576612906
0.664132826565313,PASSED,-0.2617945084150218,-0.00552835862821354,-0.2397255260745562,2.6355357583978516,0.02883397234406054,1.2504686892432484
0.665133026605321,PASSED,-0.26180015387669586,-0.005763970290256046,-0.23286908602114015,2.6355652032185235,0.03006299603954683,1.214727032981649
0.666133226645329,PASSED,-0.2618060314374139,-0.005992599701366439,-0.22580296116989393,2.63559585875186,0.03125562187621119,1.1778917057861755
0.667133426685337,PASSED,-0.26181213401403286,-0.006214043065613724,-0.2185369662988791,2.6356276880737424,0.03241078685345427,1.1400138248810139
0.668133626725345,PASSED,-0.2618184543245855,-0.006428106497329808,-0.2110810753275521,2.635660653222947,0.0335274795930279,1.101145349368711
0.669133826765353,PASSED,-0.26182498489826295,-0.006634606170157767,-0.20344540449489723,2.6356947152531203,0.03460474107463089,1.061338903092524
0.670134026805361,PASSED,-0.2618317180855418,-0.006833368453807022,-0.19564020308549387,2.635729834285479,0.03564166531836333,1.0206478041590445
0.671134226845369,PASSED,-0.26183864606844154,-0.007024230039906602,-0.18767584144230337,2.635765969562218,0.036637400107279006,0.9791261120867649
0.6721344268853771,PASSED,-0.2618457608708995,-0.007207038051350532,-0.17956279144501472,2.635803079500526,0.037591147552878866,0.9368283346085959
0.6731346269253851,PASSED,-0.2618530543692508,-0.007381650141035565,-0.17131162184504511,2.6358411217471303,0.03850216453486758,0.8938094135754657
0.6741348269653931,PASSED,-0.2618605183027998,-0.007547934578288508,-0.1629329808582092,2.63588005323337,0.03936976326264113,0.850124937238955
0.6751350270054011,PASSED,-0.2618681442844707,-0.0077057703201186606,-0.15443758247811468,2.6359198302306264,0.04019331159101811,0.8058305891356548
0.6761352270454091,PASSED,-0.2618759238115239,-0.007855047070608853,-0.14583619583157414,2.6359604084061514,0.0409722333203303,0.7609824894298886
0.6771354270854171,PASSED,-0.26188384827632505,-0.007995665327459519,-0.13713963086339465,2.636001742879142,0.04170600849413954,0.7156369633954672
0.6781356271254251,PASSED,-0.26189190897715453,-0.008127536416704884,-0.1283587281666765,2.6360437882770507,0.04239417355594222,0.6698504607408212
0.6791358271654331,PASSED,-0.2619000971290439,-0.008250582511649618,-0.11950433946344088,2.6360864987920203,0.043036321432944606,0.6236794878434212
0.6801360272054411,PASSED,-0.2619084038746264,-0.008364736641621818,-0.11058732364470494,2.6361298282374284,0.04363210163815596,0.5771806834566423
0.6811362272454491,PASSED,-0.26191682029498964,-0.0084699426879404,-0.10161852810116768,2.63617373010441,0.044181220213256364,0.5304105028629214
0.6821364272854571,PASSED,-0.2619253374205172,-0.008566155366009888,-0.09260877804836706,2.6362181576183654,0.04468343964620811,0.48342538634429943
0.6831366273254651,PASSED,-0.26193394624170624,-0.008653340194792218,-0.08356886260497058,2.6362630637953215,0.045138578746437064,0.4362815761520421
0.6841368273654731,PASSED,-0.2619426377199498,-0.008731473456123177,-0.07450952714828475,2.6363084014981295,0.04554651240756639,0.3890350511141696
0.6851370274054811,PASSED,-0.2619514027982709,-0.008800542140533944,-0.06544145591908508,2.636354123492413,0.04590717133542127,0.3417415123486913
0.6861372274454891,PASSED,-0.26196023241199556,-0.00886054387898109,-0.05637526013252017,2.6364001825022108,0.04622054172647565,0.29445631019149493
0.6871374274854971,PASSED,-0.261969117499355,-0.008911486866343035,-0.04732147218155975,2.636446531265233,0.04648666483022502,0.24723429945462141
0.6881376275255051,PASSED,-0.2619780490120023,-0.008953389771929597,-0.038290527856563235,2.636493122587716,0.04670563652467513,0.2001299577804457
0.6891378275655131,PASSED,-0.2619870179254346,-0.008986281636204354,-0.029292755220217286,2.6365399093987585,0.04687760678835602,0.15319713428118778
0.6901380276055211,PASSED,-0.2619960152493078,-0.009010201759489418,-0.020338368661629726,2.6365868448041123,0.04700277907559946,0.10648905588494373
0.6911382276455291,PASSED,-0.2620050320376326,-0.009025199578076645,-0.011437451870957384,2.6366338821393764,0.047081409736794054,0.06005839806769529
0.6921384276855371,PASSED,-0.2620140593988423,-0.009031334529103447,-0.00259995046403058,2.63668097502251,0.04711380731196124,0.013957026566854507
0.6931386277255451,PASSED,-0.26202308850572,-0.009028675905663343,0.006164339376195155,2.636728077405613,0.04710033170917932,-0.03176402234777145
0.6941388277655531,PASSED,-0.26203211060517495,-0.00901730270007651,0.014845783060590388,2.6367751436259628,0.04704139350264304,-0.07705432932862455
0.6951390278055611,PASSED,-0.26204111702785954,-0.008997303440359154,0.023434910821865804,2.636822128456173,0.046937453019327974,-0.12186458597270652
0.6961392278455691,PASSED,-0.2620500991976141,-0.008968776012220708,0.03192243968283044,2.6368689871535103,0.046789019406104214,-0.1661462980577928
0.6971394278855771,PASSED,-0.2620590486407323,-0.008931827474488474,0.04029926976516887,2.636915675508247,0.04659664972329703,-0.2098519393067751
0.6981396279255851,PASSED,-0.2620679569950364,-0.008886573866085969,0.04855650082739869,2.636962149891036,0.04636094789901687,-0.2529350809290944
0.6991398279655932,PASSED,-0.26207681601875293,-0.008833140000061008,0.056685442823333765,2.6370083672992717,0.046082563691289845,-0.295350292258979
0.7001400280056012,PASSED,-0.262085617599182,-0.008771659253454077,0.06467761579599374,2.6370542854023395,0.04576219156997576,-0.33705334068415477
0.7011402280456092,PASSED,-0.26209435376114865,-0.00870227334618312,0.07252476825426583,2.6370998625857665,0.04540056957419086,-0.3780010991853909
0.7021404280856172,PASSED,-0.26210301667523056,-0.008625132110665502,0.08021888035985414,2.6371450579942,0.0449984781530378,-0.4181516357981808
0.7031406281256252,PASSED,-0.26211159866575323,-0.008540393258458609,0.08775216677158279,2.6371898315731683,0.04455673888961457,-0.4574643485065862
0.7041408281656332,PASSED,-0.2621200922185447,-0.00844822213475641,0.09511709498927626,2.637234144109608,0.0440762132603263,-0.4958998164760584
0.7051410282056412,PASSED,-0.26212848998844335,-0.008348791466667019,0.10230638348946484,2.6372779572710936,0.04355780134471248,-0.5334199817056581
0.7061412282456492,PASSED,-0.2621367848065514,-0.008242281107733231,0.10931300923000323,2.6373212336437404,0.043002440433001124,-0.5699881983818312
0.7071414282856572,PASSED,-0.26214496968722806,-0.008128877773401337,0.11613021773315278,2.637363936768778,0.04241110371874109,-0.605569058178841
0.7081416283256652,PASSED,-0.2621530378348152,-0.008008774769465737,0.12275152807056601,2.637406031177693,0.04178479884785831,-0.6401287460187434
0.7091418283656732,PASSED,-0.2621609826500907,-0.007882171718448228,0.12917073298214074,2.637447482425988,0.04112456648054578,-0.6736347815083936
0.7101420284056812,PASSED,-0.2621687977364436,-0.0077492742787358794,0.13538191086581985,2.6374882571254705,0.040431478868621654,-0.706056165534612
0.7111422284456892,PASSED,-0.2621764769057661,-0.0076102938574198415,0.141379428282851,2.6375283229750712,0.0397066383278777,-0.7373634575501874
0.7121424284856971,PASSED,-0.2621840141840571,-0.007465447320161373,0.14715794324221385,2.637567648790164,0.03895117573069799,-0.7675286902660536
0.7131426285257051,PASSED,-0.26219140381673406,-0.007314956698769102,0.1527124068256428,2.6376062045303543,0.03816624898550576,-0.7965254484763542
0.7141428285657131,PASSED,-0.26219864027364775,-0.0071590488907486444,0.15803807548366677,2.637643961325731,0.037353041472643664,-0.8243288891192664
0.7151430286057211,PASSED,-0.26220571825379757,-0.006997955357087614,0.16313050577927254,2.637680891501547,0.03651276046539239,-0.8509157526726091
0.7161432286457291,PASSED,-0.2622126326897438,-0.0068319118208159885,0.16798555659986053,2.6377169686013184,0.035646635543981085,-0.8762643672370967
0.7171434286857371,PASSED,-0.26221937875171325,-0.006661157956525614,0.17259940275071758,2.6377521674083315,0.0347559169943392,-0.9003546712450701
0.7181436287257451,PASSED,-0.26222595185139674,-0.006485937080565983,0.17696852476557387,2.637786463965535,0.03384187419104709,-0.9231682246568058
0.7191438287657531,PASSED,-0.26223234764543624,-0.006306495842210333,0.18108971408236785,2.6378198355938025,0.03290579394996277,-0.9446882520359935
0.7201440288057611,PASSED,-0.26223856203859913,-0.006123083908642298,0.18496007989181332,2.6378522609085895,0.031948978934754416,-0.9648995239899285
0.7211442288457691,PASSED,-0.2622445911866393,-0.005935953649489505,0.18857704532677913,2.6378837198349205,0.03097274598188374,-0.9837885721245083
0.7221444288857771,PASSED,-0.2622504314988432,-0.005745359824620309,0.1919383445641389,2.637914193620752,0.02997842444433246,-1.0013435145024623
0.7231446289257851,PASSED,-0.2622560796402613,-0.005551559267569528,0.1950420320418744,2.6379436648486894,0.02896735459439229,-1.0175540735653046
0.7241448289657931,PASSED,-0.2622615325336238,-0.0053548105685207945,0.1978864770533071,2.6379721174460427,0.027940885929972122,-1.0324117249900764
0.7251450290058011,PASSED,-0.26226678736094067,-0.005155373761438007,0.20047036043577485,2.637999536693248,0.026900375528547356,-1.0459095190478935
0.7261452290458091,PASSED,-0.26227184156478817,-0.004953510009140288,0.2027926802056816,2.6380259092306355,0.025847186435108294,-1.0580421430331746
0.7271454290858171,PASSED,-0.2622766928492803,-0.004749481288818486,0.20485274706588083,2.6380512230635635,0.02478268600303804,-1.0688059580949727
0.7281456291258251,PASSED,-0.2622813391807284,-0.004543550081401944,0.20665018098364987,2.6380754675659066,0.023708244247465177,-1.0781989538914563
0.7291458291658331,PASSED,-0.26228577878799003,-0.0043359790617246916,0.20818491213965226,2.6380986334819334,0.022625232259846386,-1.0862206767703484
0.7301460292058412,PASSED,-0.2622900101625081,-0.004127030789129413,0.20945717956569498,2.638120712926558,0.021535020581991273,-1.0928723452449551
0.7311462292458492,PASSED,-0.26229403205804397,-0.003916967403245532,0.21046752342933883,2.638141699383992,0.02043897758991308,-1.0981567566336816
0.7321464292858572,PASSED,-0.2622978434901066,-0.003706050321116925,0.2112167879281191,2.638161587704802,0.019338467936015916,-1.1020782520728218
0.7331466293258652,PASSED,-0.2623014437350801,-0.003494539937547754,0.21170611399653888,2.6381803741013914,0.018234850969971177,-1.1046427753593493
0.7341468293658732,PASSED,-0.26230483232905416,-0.003282695329509453,0.21193693739947547,2.6381980561419427,0.017129479204378788,-1.1058577590810827
0.7351470294058812,PASSED,-0.26230800906636054,-0.00307077396315955,0.2119109856501885,2.6382146327427893,0.016023696757622264,-1.1057322385401451
0.7361472294458892,PASSED,-0.26231097399781866,-0.0028590314065229613,0.21163027062752282,2.6382301041592995,0.014918837868955004,-1.1042766554186714
0.7371474294858972,PASSED,-0.2623137274286963,-0.00264772104615628,0.21109708685945372,2.6382444719752476,0.013816225423000653,-1.1015029729781394
0.7381476295259052,PASSED,-0.2623162699163887,-0.0024370938071995017,0.21031400702166167,2.638257739090718,0.012717169456841473,-1.0974246282798747
0.7391478295659132,PASSED,-0.26231860226782094,-0.0022273978800499837,0.20928387390142278,2.638269909708569,0.011622965760042523,-1.0920564091450007
0.7401480296059212,PASSED,-0.26232072553658015,-0.00201887845257644,0.20800979652162496,2.6382809893194645,0.010534894453995337,-1.0854145706486393
0.7411482296459292,PASSED,-0.2623226410197804,-0.0018117774449982155,0.206495148282624,2.638290984685529,0.009454218609943249,-1.077516692987721
0.7421484296859372,PASSED,-0.26232435025466905,-0.0016063332548062216,0.20474355146490686,2.63829990382263,0.0083821829172066,-1.068381692569267
0.7431486297259452,PASSED,-0.262325855014978,-0.001402780505642043,0.2027588809636931,2.638307755981336,0.007320012357362358,-1.058029804694226
0.7441488297659532,PASSED,-0.2623271573070274,-0.0012013497998365173,0.20054525570008058,2.6383145516265802,0.0062689109338717455,-1.0464825026882054
0.7451490298059612,PASSED,-0.2623282593655879,-0.0010022674835444302,0.19810702335342464,2.6383203024160577,0.005230060424115819,-1.03376251446774
0.7461492298459692,PASSED,-0.26232916364950837,-0.0008057554145248771,0.19544876613030548,2.6383250211773865,0.004204619144220125,-1.0198937901809952
0.7471494298859772,PASSED,-0.262329872837115,-0.0006120307356167256,0.19257528742671562,2.6383287218840974,0.0031937208241229016,-1.0049013400413764
0.7481496299259852,PASSED,-0.2623303898213909,-0.0004213056604011001,0.18949160040823204,2.6383314196304415,0.0021984734309345067,-0.9888114286197405
0.7491498299659932,PASSED,-0.26233071770494143,-0.00023378726291789975,0.18620292886651252,2.638333130605107,0.0012199580752670128,-0.9716513070326629
0.7501500300060012,PASSED,-0.2623308597947536,-4.967727376582099e-05,0.18271469600912293,2.638333872063839,0.00025922797619632744,-0.9534492937627004
0.7511502300460092,PASSED,-0.2623308195967585,0.00013082811176886675,0.1790325118850643,2.638333662301046,-0.0006826925559783478,-0.9342346911159918
0.7521504300860172,PASSED,-0.2623306008102019,0.0003075384208306098,0.1751621738461955,2.638332520620381,-0.0016048091302052828,-0.9140378296342304
0.7531506301260252,PASSED,-0.26233020732183376,0.0004802690821702237,0.1711096530018929,2.6383304673043995,-0.002506158170388139,-0.8928898472152741
0.7541508301660332,PASSED,-0.26232964319992347,0.0006488415948006837,0.16688108571617147,2.6383275235832837,-0.003385807801371978,-0.8708228201628826
0.7551510302060412,PASSED,-0.262328912688109,0.0008130836894713078,0.16248276730692585,2.6383237116027276,-0.004242858713028925,-0.8478696393196575
0.7561512302460492,PASSED,-0.2623280201990894,0.0009728294825092684,0.15792114352531705,2.638319054390964,-0.005076444970025696,-0.8240640021148462
0.7571514302860572,PASSED,-0.26232697030816843,0.0011279196198950626,0.1532027999594456,2.638313575825054,-0.0058857347185866955,-0.7994402461917689
0.7581516303260653,PASSED,-0.2623257677466577,0.0012782014124627864,0.1483344543065761,2.638307300596414,-0.006669930937299245,-0.774033533726405
0.7591518303660733,PASSED,-0.26232441739515006,0.0014235289620728368,0.1433229464790336,2.6383002541756766,-0.007428272099039053,-0.747879580415408
0.7601520304060813,PASSED,-0.26232292427666887,0.00156376328123935,0.13817523429150005,2.6382924627769015,-0.008160032751297733,-0.7210147001541971
0.7611522304460893,PASSED,-0.2623212935497053,0.0016987724015541912,0.13289837766373505,2.6382839533212104,-0.008864524107392259,-0.6934757933880779
0.7621524304860973,PASSED,-0.2623195305011508,0.001828431471021826,0.1274995306702345,2.6382747533998563,-0.009541094584013265,-0.6653002654429578
0.7631526305261053,PASSED,-0.26231764053913414,0.0019526228481159048,0.12198594137664141,2.638264891236808,-0.010189130250952968,-0.6365259346042005
0.7641528305661133,PASSED,-0.26231562918577256,0.0020712361823976995,0.11636492955189727,2.6382543956508937,-0.010808055234730175,-0.6071910165592115
0.7651530306061213,PASSED,-0.26231350206984544,0.0021841684857309748,0.1106438858541937,2.638243296017523,-0.011397332156363477,-0.5773341916826984
0.7661532306461293,PASSED,-0.26231126491940054,0.0022913241969667857,0.10483026149022248,2.6382316222300752,-0.011956462416115303,-0.546994305131244
0.7671534306861373,PASSED,-0.26230892355430135,0.002392615235798148,0.09893155705878866,2.6382194046609615,-0.012484986477940666,-0.5162105662881099
0.7681536307261452,PASSED,-0.2623064838787243,0.0024879610478289074,0.09295531534540666,2.638206674122454,-0.012982484118815349,-0.48502235726573023
0.7691538307661532,PASSED,-0.2623039518736164,0.002577288640045891,0.08690911013136815,2.6381934618272895,-0.013448574601304546,-0.4534692326381734
0.7701540308061612,PASSED,-0.2623013335891206,0.0026605326083073222,0.08080054034814024,2.6381797993491034,-0.013882916829816808,-0.42159089242832104
0.7711542308461692,PASSED,-0.26229863513697965,0.0027376351547325245,0.07463721714324388,2.6381657185827727,-0.014285209418202511,-0.38942705235728975
0.7721544308861772,PASSED,-0.2622958626829264,0.0028085460961161024,0.0684267575438009,2.638151251704679,-0.014655190730762185,-0.35701748602793243
0.7731546309261852,PASSED,-0.2622930224390692,0.002873222864429369,0.06217677549291152,2.638136431132943,-0.01499263891847477,-0.3244019888356838
0.7741548309661932,PASSED,-0.2622901206562836,0.0029316304973066778,0.05589487113357268,2.638121289487702,-0.015297371831543186,-0.2916201958902367
0.7751550310062012,PASSED,-0.26228716361661536,0.0029837416199550953,0.049588623658313805,2.638105859551447,-0.015569246922873932,-0.25871168829108787
0.7761552310462092,PASSED,-0.2622841576257076,0.0030295364189383794,0.04326558253326421,2.638090174229483,-0.01580816114048684,-0.22571590382745096
0.7771554310862172,PASSED,-0.26228110900525786,0.0030690026069887023,0.03693325839502841,2.6380742665105608,-0.016014050703502796,-0.19267200247495941
0.7781556311262252,PASSED,-0.26227802408551437,0.003102135379411358,0.030599115107740348,2.6380581694277065,-0.01618689087947282,-0.1596189583000681
0.7791558311662332,PASSED,-0.26227490919782126,0.0031289373607916323,0.02427055889529659,2.6380419160192945,-0.016326695755603214,-0.1265954880172774
0.7801560312062412,PASSED,-0.2622717706672192,0.0031494185460447808,0.017954936158382673,2.6380255392904477,-0.016433517848434772,-0.09363982937441209
0.7811562312462492,PASSED,-0.2622686148051101,0.0031635962324617264,0.011659519922654064,2.638009072174746,-0.016507447772440325,-0.06078998709297373
0.7821564312862572,PASSED,-0.26226544790199546,0.003171494940746385,0.005391500525994612,2.63799254749633,-0.01654861388348584,-0.028083527013874413
0.7831566313262652,PASSED,-0.2622622762202938,0.003173146332986066,-0.000842013284527503,2.6379759979324224,-0.016557181774049624,0.0044425337362745025
0.7841568313662732,PASSED,-0.2622591059872469,0.0031685891205311956,-0.007034011901765864,2.6379594559763078,-0.016533353810345628,0.036751583682475095
0.7851570314062812,PASSED,-0.2622559433879217,0.0031578689629654867,-0.013177588008337094,2.6379429539008297,-0.016477368625974844,0.0688075848296574
0.7861572314462892,PASSED,-0.2622527945583147,0.0031410383632745624,-0.0192659408126495,2.637926523722406,-0.016389500554116296,0.1005750632111438
0.7871574314862972,PASSED,-0.26224966557856744,0.003118156553211026,-0.02529238956412813,2.6379101971656382,-0.016270059024475786,0.13201917392675233
0.7881576315263052,PASSED,-0.2622465624662989,0.0030892893713146824,-0.031250376784486965,2.63789400562854,-0.016119387915983944,0.1631057315352364
0.7891578315663133,PASSED,-0.2622434911700622,0.003054509136800852,-0.03713347300006015,2.6378779801483856,-0.015937864948954786,0.1938011240251053
0.7901580316063213,PASSED,-0.2622404575629319,0.003013894515906018,-0.04293538615801631,2.6378621513682794,-0.01572590092145622,0.22407262981420414
0.7911582316463293,PASSED,-0.26223746743622933,0.0029675303791101707,-0.048649970554401414,2.637846549504433,-0.01548393895944869,0.25388818346974634
0.7921584316863373,PASSED,-0.2622345264933908,0.0029155076553549954,-0.05427122588902497,2.63783120431418,-0.015212453835333045,0.283216417879577
0.7931586317263453,PASSED,-0.26223164034398555,0.0028579231815129367,-0.05979330581074801,2.6378161450647784,-0.014911951119995579,0.31202691364272367
0.7941588317663533,PASSED,-0.26222881449788954,0.002794879541489231,-0.06521052949901021,2.637801400503052,-0.014582966287360244,0.3402901119637418
0.7951590318063613,PASSED,-0.2622260543596196,0.0027264849024491167,-0.07051737873418436,2.6377869988258307,-0.01422606398688421,0.3679770928175631
0.7961592318463693,PASSED,-0.2622233652228343,0.0026528528487948055,-0.07570850360106238,2.6377729676512844,-0.013841837114061648,0.3950600594925603
0.7971594318863773,PASSED,-0.2622207522650061,0.0025741022054971193,-0.08077873642876854,2.6377593339911587,-0.013430905810972001,0.4215121321543727
0.7981596319263853,PASSED,-0.26221822054226984,0.00249035685880264,-0.0857230868716197,2.6377461242239093,-0.012993916666928867,0.4473071519689756
0.7991598319663933,PASSED,-0.2622157749844523,0.0024017455764233273,-0.09053674605110867,2.6377333640688074,-0.012531541704698258,0.47242016907170065
0.8001600320064013,PASSED,-0.2622134203902869,0.002308401817234514,-0.09521510128061664,2.637721078560982,-0.012044477369705882,0.49682711227282744
0.8011602320464093,PASSED,-0.26221116142281786,0.0022104635394463844,-0.09975372879313814,2.637709292027493,-0.011533443562914747,0.5205049364700052
0.8021604320864173,PASSED,-0.26220900260499785,0.0021080730081812576,-0.10414839957978624,2.637698028064368,-0.010999182647245491,0.543431568468754
0.8031606321264253,PASSED,-0.26220694831548247,0.002001376594185728,-0.10839509027269163,2.637687309514701,-0.010442458364238228,0.5655860926996009
0.8041608321664333,PASSED,-0.26220500278462533,0.0018905245718705416,-0.11248997701018311,2.6376771584477785,-0.009864054787973687,0.5869485653078341
0.8051610322064413,PASSED,-0.26220317009067606,0.001775670916643297,-0.11642944070528503,2.6376675961392766,-0.009264775285474796,0.6075001272929296
0.8061612322464493,PASSED,-0.26220145415618507,0.001656973095291593,-0.12021007511598387,2.637658643052534,-0.0086454414005149,0.6272230567378757
0.8071614322864573,PASSED,-0.2621998587446173,0.001534591855007298,-0.12382868372983559,2.6376503188208966,-0.008006891782086096,0.6461006595560873
0.8081616323264653,PASSED,-0.26219838745717644,0.0014086910137498367,-0.1272822796092116,2.637642642231196,-0.0073499810584940605,0.6641174329493339
0.8091618323664733,PASSED,-0.2621970437298435,0.0012794372445421164,-0.1305680956067261,2.6376356312083225,-0.006675578703425504,0.6812589698147045
0.8101620324064813,PASSED,-0.2621958308306293,0.001146999858133139,-0.13368358027714464,2.6376293028008932,-0.0059845679976534985,0.6975118630768734
0.8111622324464893,PASSED,-0.2621947518570447,0.0010115505882626076,-0.13662639626612252,2.637623673168115,-0.00527784477406961,0.7128641305885651
0.8121624324864973,PASSED,-0.2621938097337879,0.0008732633721250992,-0.13939442938509913,2.637618757567713,-0.004556316335025116,0.7273046446817812
0.8131626325265053,PASSED,-0.2621930072106508,0.0007323141297712528,-0.14198578433301118,2.6376145703450433,-0.003820900371090052,0.7408235101039194
0.8141628325665133,PASSED,-0.2621923468606452,0.0005888805462227391,-0.1443987830255154,2.637611124923341,-0.0030725236980772646,0.7534121149520332
0.8151630326065213,PASSED,-0.2621918310783491,0.00044314184974429655,-0.14663197211372725,2.6376084337951062,-0.002312121164431616,0.7650628127747254
0.8161632326465293,PASSED,-0.2621914620784733,0.0002952785912861589,-0.14868411602107784,2.6376065085146454,-0.0015406345548287664,0.7757691408216
0.8171634326865373,PASSED,-0.26219124189464804,0.0001454724260697892,-0.15055419801323094,2.637605359691765,-0.0007590113460322377,0.7855259207798146
0.8181636327265454,PASSED,-0.26219117237843026,-6.094108709812942e-06,-0.15224142595718296,2.637604996986599,3.1796393701038735e-05,0.7943289523689177
0.8191638327665534,PASSED,-0.2621912551985298,-0.00015923781225747992,-0.153745221941323,2.6376054291055935,0.0008308331102346995,0.8021752259768229
0.8201640328065614,PASSED,-0.2621914918402547,-0.0003137750366623865,-0.15506522604729558,2.63760666379862,0.0016371409621361319,0.8090629358511724
0.8211642328465694,PASSED,-0.262191883605174,-0.0004695219067785567,-0.15620129949541997,2.6376087078572277,0.002449760932757458,0.8149913271347616
0.8221644328865774,PASSED,-0.2621924316109968,-0.0006262945349254242,-0.15715351391449914,2.637611567114028,0.0032677339301534275,0.8199607775701078
0.8231646329265854,PASSED,-0.2621931367916668,-0.0007839092336111158,-0.1579221551998197,2.637615246443179,0.0040901019108873496,0.8239727828431316
0.8241648329665934,PASSED,-0.2621939998976689,-0.0009421827292700383,-0.1585077226316577,2.6376197497620106,0.004915909023244409,0.8270299986996783
0.8251650330066013,PASSED,-0.26219502149654816,-0.0011009323728872874,-0.15891092427431022,2.6376250800337107,0.005744202640032104,0.829136028846371
0.8261652330466093,PASSED,-0.26219620197363647,-0.0012599763455490847,-0.15913267158678832,2.6376312392711445,0.006574034488816719,0.8302957287434429
0.8271654330866173,PASSED,-0.2621975415329868,-0.0014191338653231956,-0.1591740852323258,2.6376382285416997,0.007404461699507291,0.8305148653219905
0.8281656331266253,PASSED,-0.2621990401985102,-0.0015782253897587172,-0.15903648390431865,2.6376460479732375,0.008234547853051515,0.8298003456923809
0.8291658331666333,PASSED,-0.2622006978153146,-0.0017370728142469575,-0.1587213848775213,2.637654696761064,0.00906336405033051,0.82816009833674
0.8301660332066413,PASSED,-0.2622025140512405,-0.0018954996688193798,-0.15823050103568972,2.637664173175931,0.0098899898883653,0.825602997833492
0.8311662332466493,PASSED,-0.26220448839859234,-0.002053331311459415,-0.15756573704293217,2.6376744745730645,0.010713514495542482,0.822139013406309
0.8321664332866573,PASSED,-0.2622066201760595,-0.0022103951163067116,-0.15672918338353942,2.637685597402177,0.01153303752362787,0.8177790378714384
0.8331666333266653,PASSED,-0.26220890853082596,-0.002366520660092698,-0.15572311738761768,2.6376975372184615,0.012347670089604811,0.8125349180472765
0.8341668333666733,PASSED,-0.26221135244086213,-0.002521539902706792,-0.15454999276507775,2.6377102886945285,0.013156535718422213,0.8064194359974862
0.8351670334066813,PASSED,-0.26221395071739695,-0.0026752873648694044,-0.15321244176096885,2.6377238456333,0.013958771306082411,0.7994463554353399
0.8361672334466893,PASSED,-0.26221670200756514,-0.0028276003022786253,-0.15171326784138905,2.637738200981788,0.01475352797768716,0.7916302157176868
0.8371674334866973,PASSED,-0.2622196047972242,-0.002978318871340925,-0.1500554365429067,2.637753346845782,0.015539971970549661,0.7829865109590433
0.8381676335267053,PASSED,-0.2622226574139385,-0.0031272862949151786,-0.14824208159515143,2.6377692745053936,0.016317285515291817,0.7735315672642246
0.8391678335667133,PASSED,-0.2622258580301244,-0.003274349022609053,-0.14627649175969035,2.6377859744314494,0.01708466765243192,0.7632825170573495
0.8401680336067213,PASSED,-0.2622292046663515,-0.003419356881388274,-0.1441621034589078,2.637803436302689,0.01784133500729933,0.7522572467407864
0.8411682336467293,PASSED,-0.2622326951947965,-0.0035621632260946744,-0.14190250553806139,2.6378216490237496,0.018586522584653015,0.7404744644289487
0.8421684336867373,PASSED,-0.26223632734284164,-0.0037026250851193636,-0.13950142801577473,2.6378406007439312,0.01931948454964749,0.7279536320381546
0.8431686337267453,PASSED,-0.26224009869681564,-0.003840603295577069,-0.13696273208565865,2.6378602788766776,0.020039494898712356,0.7147148270826771
0.8441688337667533,PASSED,-0.26224400670586956,-0.003975962637316842,-0.13429041484251564,2.637880670119781,0.02074584817198116,0.7007789040595558
0.8451690338067613,PASSED,-0.2622480486859825,-0.0041085719612704436,-0.1314885966943267,2.63790176047624,0.02143786012271021,0.6861673151753787
0.8461692338467693,PASSED,-0.26225222182409214,-0.004238304309550553,-0.12856151600396445,2.637923535275794,0.022114868342336218,0.6709021559264285
0.8471694338867773,PASSED,-0.2622565231823437,-0.004365037031506615,-0.12551352592412648,2.6379459791970583,0.022776232873888552,0.655006115302936
0.8481696339267853,PASSED,-0.2622609497024516,-0.004488651894186519,-0.12234908718375612,2.6379690762902457,0.02342133676169251,0.6385024028046343
0.8491698339667934,PASSED,-0.26226549821016804,-0.0046090351855796316,-0.11907276086601767,2.6379928100004677,0.024049586632032636,0.6214148486971213
0.8501700340068014,PASSED,-0.26227016541985226,-0.004726077812172691,-0.11568920374442022,2.6380171631915266,0.024660413161625937,0.603767650190751
0.8511702340468094,PASSED,-0.2622749479391353,-0.004839675392148475,-0.11220316413002743,2.638042118170241,0.025253271585879977,0.585585606962901
0.8521704340868174,PASSED,-0.262279842273672,-0.0049497283388244455,-0.10861946837326637,2.638067656711199,0.025827642140187804,0.5668938525377776
0.8531706341268254,PASSED,-0.2622848448319769,-0.005056141941672941,-0.10494302583198117,2.6380937600819605,0.026383030445075614,0.5477179397878295
0.8541708341668334,PASSED,-0.26228995193033505,-0.005158826438609248,-0.10117881100585764,2.6381204090686676,0.02691896795047586,0.5280838824751857
0.8551710342068414,PASSED,-0.26229515979778356,-0.005257697082214889,-0.0973318653388297,2.6381475840019815,0.02743501221384764,0.5080178506361721
0.8561712342468494,PASSED,-0.2623004645811563,-0.0053526742015616085,-0.09340728868531203,2.638175264783405,0.027930747258159708,0.4875465067626679
0.8571714342868574,PASSED,-0.26230586235018577,-0.005443683254633438,-0.08941022932950961,2.638203430911852,0.028405783854844855,0.46669665663346266
0.8581716343268654,PASSED,-0.2623113491026559,-0.0055306548765926295,-0.08534588371231222,2.6382320615105193,0.028859759742156717,0.44549537443078835
0.8591718343668734,PASSED,-0.2623169207695992,-0.0056135249216314265,-0.08121948592311995,2.6382611353539853,0.029292339892268166,0.4239700005652177
0.8601720344068814,PASSED,-0.26232257322053204,-0.0056922344968233455,-0.07703630137111886,2.638290630895484,0.029703216634873998,0.40214790396623795
0.8611722344468894,PASSED,-0.26232830226872134,-0.005766729990928165,-0.07280162259395263,2.638320526294377,0.030092109840656082,0.3800567403259862
0.8621724344868974,PASSED,-0.2623341036764772,-0.00583696309711884,-0.06852076192182358,2.6383507994437467,0.03045876706647532,0.3577242161480723
0.8631726345269054,PASSED,-0.26233997316046337,-0.005902890827608305,-0.06419904286789196,2.638381427998082,0.030802963571902837,0.3351780316138146
0.8641728345669134,PASSED,-0.2623459063970216,-0.005964475523901511,-0.05984179857674964,2.638412389401035,0.03112450239696591,0.31244602069591243
0.8651730346069214,PASSED,-0.26235189902750133,-0.0060216848601757685,-0.055454361405929686,2.6384436609132322,0.031423214439025675,0.28955605630233316
0.8661732346469294,PASSED,-0.26235794666358997,-0.006074491839347018,-0.05104205768146169,2.638475219640048,0.03169895834411044,0.2665358042730497
0.8671734346869374,PASSED,-0.26236404489263654,-0.006122874784051217,-0.04661020271935713,2.6385070425593904,0.03195162050317329,0.24341306225604584
0.8681736347269454,PASSED,-0.262370189282964,-0.006166817322655541,-0.0421640958609693,2.638539106549387,0.03218111499963865,0.22021545260491437
0.8691738347669534,PASSED,-0.26237637538916175,-0.006206308365931423,-0.03770900821915779,2.6385713884160142,0.032387383473199964,0.19697048753224214
0.8701740348069614,PASSED,-0.26238259875735515,-0.006241342079798848,-0.03325018429960291,2.6386038649205603,0.032570394948616334,0.17370546733911807
0.8711742348469694,PASSED,-0.2623888549304438,-0.006271917854176922,-0.028792834430388967,2.6386365128069706,0.03273014572494155,0.15044764898261248
0.8721744348869774,PASSED,-0.2623951394533035,-0.006298040261333024,-0.024342122306578538,2.6386693088289745,0.03286665914469277,0.12722393359695286
0.8731746349269854,PASSED,-0.2624014478779472,-0.006319719011584139,-0.019903168880804394,2.6387022297770137,0.032979985330646645,0.10406102085849354
0.8741748349669934,PASSED,-0.2624077757686369,-0.0063369689038633836,-0.0154810412115384,2.638735252504917,0.033070200978768415,0.08098539963062555
0.8751750350070014,PASSED,-0.2624141187069432,-0.006349809769068133,-0.011080747866890086,2.6387683539563036,0.03313740904804165,0.05802318236830702
0.8761752350470094,PASSED,-0.26242047229674575,-0.00635826640699995,-0.006707231308435058,2.6388015111906724,0.03318173841116873,0.03520015029960722
0.8771754350870175,PASSED,-0.2624268321691693,-0.006362368521646341,-0.0023653702050280734,2.6388347014091598,0.0332033435324391,0.012541768584200285
0.8781756351270255,PASSED,-0.26243319398745085,-0.006362150649373532,0.0019400339247003962,2.638867901979954,0.03320240412462559,-0.009926858745316753
0.8791758351670335,PASSED,-0.2624395534517316,-0.006357652078783925,0.006204261699545003,2.638901090463292,0.033179124683416494,-0.032181162851606805
0.8801760352070415,PASSED,-0.2624459063037696,-0.006348916771280193,0.010422671373188735,2.6389342446360704,0.033133734094231315,-0.05419687340755968
0.8811762352470495,PASSED,-0.2624522483315682,-0.006335993274536481,0.01459071365739378,2.638967342516008,0.033066485215871626,-0.07595021499444281
0.8821764352870574,PASSED,-0.2624585753739145,-0.0063189346282644734,0.018703934681751085,2.639000362385331,0.032977654326419484,-0.09741800575727223
0.8831766353270654,PASSED,-0.2624648833248244,-0.0062977982697846845,0.022757974345147248,2.6390332828139904,0.03286754067248583,-0.1185774193845757
0.8841768353670734,PASSED,-0.2624711681378898,-0.006272645934389545,0.026748576095135503,2.639066082682351,0.03273646595764159,-0.13940624515068462
0.8851770354070814,PASSED,-0.262477425830522,-0.006243543548455777,0.030671592492855525,2.639098741203366,0.0325847737694313,-0.15988281691669676
0.8861772354470894,PASSED,-0.2624836524880893,-0.006210561121268705,0.0345229836498837,2.6391312379441745,0.03241282901032499,-0.17998605389938624
0.8871774354870974,PASSED,-0.26248984426794314,-0.006173772633717137,0.03829882348602409,2.6391635528471316,0.032221017327862145,-0.19969543483848476
0.8881776355271054,PASSED,-0.2624959974033301,-0.006133255919441918,0.04199530813468116,2.639195666250244,0.03200974450431814,-0.21899108268102127
0.8891778355671134,PASSED,-0.2625021082071847,-0.006089092545694582,0.04560875082243904,2.6392275589069785,0.03177943581458163,-0.23785376110682926
0.8901780356071214,PASSED,-0.26250817307580143,-0.0060413676901569825,0.04913559201437423,2.6392592120054523,0.031530535405038765,-0.2562648418335717
0.8911782356471294,PASSED,-0.26251418849238023,-0.00599017001314696,0.052572400340456175,2.6392906071869597,0.03126350562957794,-0.2742063978789931
0.8921784356871374,PASSED,-0.26252015103044485,-0.005935591528340244,0.05591587445088868,2.639321726563814,0.030978826322586656,-0.29166124639948693
0.8931786357271454,PASSED,-0.26252605735712853,-0.005877727468852165,0.05916284951287361,2.639352552736546,0.03067699419402644,-0.30861271666737433
0.8941788357671534,PASSED,-0.2625319042363262,-0.0058166761527032994,0.06231029390619439,2.6393830688103646,0.030358522072871732,-0.32504505747959717
0.8951790358071614,PASSED,-0.26253768853170967,-0.005752538844153745,0.06535531831179474,2.63941325841091,0.0300239381348337,-0.34094319174365645
0.8961792358471694,PASSED,-0.26254340720960273,-0.005685419612406343,0.06829517403780526,2.63944310569929,0.029673785266322573,-0.3562926530227759
0.8971794358871774,PASSED,-0.26254905734171563,-0.005615425189963533,0.0711272547128126,2.6394725953863887,0.029308620303431253,-0.37107983613701795
0.8981796359271854,PASSED,-0.26255463610773455,-0.005542664826633682,0.07384910240787695,2.6395017127463802,0.028929013172528814,-0.38529199407938847
0.8991798359671934,PASSED,-0.2625601407977663,-0.0054672501436044746,0.07645840344342808,2.639530443629532,0.028535546236488157,-0.39891689734816865
0.9001800360072014,PASSED,-0.26256556881463483,-0.005389294984937302,0.07895299548300241,2.6395587744742124,0.02812881352695377,-0.41194325099186313
0.9011802360472094,PASSED,-0.26257091767602914,-0.00530891526718481,0.08133086593215268,2.6395866923181197,0.02770941984995443,-0.4243606276709976
0.9021804360872174,PASSED,-0.26257618501650076,-0.005226228829613899,0.08359015199675045,2.6396141848087415,0.02727798009575713,-0.4361591718814998
0.9031806361272254,PASSED,-0.26258136858930886,-0.00514135528059838,0.08572914702803223,2.6396412402130047,0.02683511844457463,-0.447329970716504
0.9041808361672334,PASSED,-0.26258646626811405,-0.00505441584496132,0.08774629470974524,2.6396678474261406,0.026381467494760034,-0.45786493587998617
0.9051810362072414,PASSED,-0.26259147604851746,-0.004965533211022282,0.08964019342523286,2.6396939959797403,0.025917667512380744,-0.4677566800454942
0.9061812362472494,PASSED,-0.2625963960494467,-0.004874831375219301,0.09140959738814787,2.6397196760490216,0.025444365652120885,-0.47699864706943873
0.9071814362872574,PASSED,-0.26260122451438683,-0.004782435487612079,0.09305341441993852,2.639744878459263,0.02496221507403588,-0.48558519876204426
0.9081816363272655,PASSED,-0.26260595981245693,-0.004688471697592126,0.09457070708662944,2.6397695946914617,0.024471874184462533,-0.49351135011421277
0.9091818363672735,PASSED,-0.26261060043933127,-0.004593066998262731,0.09596069415790505,2.639793816887153,0.023974005838268087,-0.500773010247938
0.9101820364072815,PASSED,-0.26261514501800637,-0.004496349072726989,0.09722274645429885,2.63981753785244,0.023469276486841877,-0.5073669122117278
0.9111822364472895,PASSED,-0.26261959229941334,-0.004398446138651088,0.09835639249030093,2.6398407510612087,0.02295835539560409,-0.5132905439218233
0.9121824364872975,PASSED,-0.2626239411628763,-0.00429948679544812,0.0993613103447468,2.6398634506575407,0.0224419138579178,-0.5185422001959348
0.9131826365273055,PASSED,-0.26262819061641723,-0.004199599871140674,0.10023733361591186,2.639885631457332,0.021920624377716427,-0.5231210002049996
0.9141828365673135,PASSED,-0.2626323397969089,-0.004098914270167119,0.1009844458786521,2.6399072889490895,0.021395159844610153,-0.5270268883737905
0.9151830366073215,PASSED,-0.26263638797007555,-0.003997558822168727,0.10160278274488464,2.6399284192939807,0.02086619281745211,-0.5302604530142031
0.9161832366473295,PASSED,-0.26264033453034363,-0.0038956621322393217,0.10209262805241949,2.63994901932505,0.02033439469201382,-0.5328232403876827
0.9171834366873375,PASSED,-0.26264417900054354,-0.0037933524334669297,0.10245441258570712,2.6399690865456855,0.01980043490039382,-0.5347174924415437
0.9181836367273455,PASSED,-0.26264792103146345,-0.0036907574386641764,0.10268871628078437,2.6399886191273003,0.01926498020602032,-0.5359461623281394
0.9191838367673535,PASSED,-0.2626515604012575,-0.003588004195867551,0.10279626047385289,2.6400076159062653,0.018728693928787794,-0.5365130205021205
0.9201840368073615,PASSED,-0.2626550970147097,-0.0034852189463701567,0.102777908846422,2.6400260763800736,0.01819223515383623,-0.5364226112511926
0.9211842368473695,PASSED,-0.2626585309023561,-0.003382526981993532,0.10263466806342657,2.6400440007027726,0.017656258034085277,-0.5356801254174567
0.9221844368873775,PASSED,-0.26266186221946625,-0.0032800525060551725,0.10236768118831485,2.6400613896796523,0.01712141106359888,-0.5342915338656956
0.9231846369273855,PASSED,-0.2626650912448876,-0.003177918498311204,0.10197822544773767,2.6400782447612383,0.016588336359270612,-0.5322634846366506
0.9241848369673935,PASSED,-0.262668218379754,-0.0030762465795927474,0.10146771423226852,2.6400945680365386,0.01605766892503533,-0.529603400634372
0.9251850370074015,PASSED,-0.2626712441460617,-0.0029751568805516104,0.1008376889137155,2.640110362225637,0.015530036019692793,-0.5263192418146487
0.9261852370474095,PASSED,-0.26267416918511494,-0.0028747679129750223,0.10008982001850378,2.6401256306715686,0.01500605645374808,-0.5224197820314231
0.9271854370874175,PASSED,-0.2626769942558446,-0.0027751964433315435,0.0992259027267952,2.6401403773315684,0.014486339931857866,-0.5179143484627382
0.9281856371274255,PASSED,-0.2626797202330021,-0.002676557371239126,0.09824785166949969,2.6401546067676316,0.013971486410956722,-0.5128129691934146
0.9291858371674335,PASSED,-0.26268234810523217,-0.0025789636084336863,0.09715770356273243,2.6401683241364604,0.013462085469983752,-0.5071262554926754
0.9301860372074415,PASSED,-0.2626848789730274,-0.0024825259623611397,0.09595760774575555,2.6401815351788027,0.012958715736513407,-0.5008653854554581
0.9311862372474495,PASSED,-0.2626873140465679,-0.0023873530234925847,0.09464982628375501,2.6401942462081567,0.01246194423012244,-0.494042253681307
0.9321864372874575,PASSED,-0.2626896546434499,-0.0022935510555336953,0.09323672907564544,2.6402064640989353,0.01197232584032482,-0.4866691472084919
0.9331866373274655,PASSED,-0.2626919021863057,-0.002201223888982882,0.09172079153425877,2.6402181962740268,0.011490402767511903,-0.47875902321586966
0.9341868373674735,PASSED,-0.26269405820032,-0.002110472818315921,0.09010459008876279,2.6402294506918427,0.01101670395774783,-0.4703253341295418
0.9351870374074815,PASSED,-0.26269612431064504,-0.002021396504137692,0.08839079690453976,2.64024023583281,0.010551744601654497,-0.46138203740252903
0.9361872374474896,PASSED,-0.26269810223971957,-0.001934090878193416,0.08658217863743355,2.640250560685381,0.010096025652791803,-0.45194355650280543
0.9371874374874976,PASSED,-0.26269999380449405,-0.0018486490508232295,0.08468159319202198,2.640260434731556,0.009650033351970991,-0.44202479703281555
0.9381876375275056,PASSED,-0.26270180091356743,-0.001765161225284405,0.0826919804366932,2.640269867931915,0.00921423872463561,-0.4316411808704234
0.9391878375675135,PASSED,-0.26270352556423904,-0.0016837146160299573,0.08061636179961727,2.6402788707102354,0.008789097199693615,-0.4208084209897077
0.9401880376075215,PASSED,-0.2627051698394786,-0.0016043933664478098,0.07845784143716751,2.640287453937672,0.008375048203696339,-0.4095427126689872
0.9411882376475295,PASSED,-0.2627067359048213,-0.0015272784770299925,0.07621958807158388,2.6402956289165442,0.007972514720614839,-0.3978606633565085
0.9421884376875375,PASSED,-0.26270822600518845,-0.0014524477348851037,0.0739048448604254,2.6403034073637244,0.007581902938875142,-0.38577919399515453
0.9431886377275455,PASSED,-0.262709642461641,-0.0013799756455377737,0.07151691900526637,2.6403108013937,0.007203601956916767,-0.37331550726719026
0.9441888377675535,PASSED,-0.2627109876680694,-0.001309933373518103,0.06905917402927376,2.64031782350128,0.00683798340927946,-0.3604872412173859
0.9451890378075615,PASSED,-0.2627122640878225,-0.0012423886838517368,0.06653503342442785,2.6403244865439928,0.006485401147932584,-0.3473122747665374
0.9461892378475695,PASSED,-0.26271347425028285,-0.0011774058886538786,0.0639479697134784,2.640330803724207,0.006146191039417825,-0.33380866434690576
0.9471894378875775,PASSED,-0.2627146207473905,-0.0011150458005085326,0.06130150043325764,2.6403367885709677,0.0058206706543121964,-0.3199948656114447
0.9481896379275855,PASSED,-0.26271570623012036,-0.0010553656857770861,0.05859919093023912,2.640342454921617,0.005509139035042669,-0.30588945504158294
0.9491898379675935,PASSED,-0.26271673340491797,-0.0009984192262909148,0.05584463852345978,2.6403478169031724,0.005211876533708848,-0.2915111988619804
0.9501900380076015,PASSED,-0.2627177050300982,-0.00094425648570529,0.053041475293734895,2.640352888913516,0.0049291445787315764,-0.2768791257207986
0.9511902380476095,PASSED,-0.26271862391221046,-0.000892923876233175,0.050193365591035134,2.6403576856024285,0.004661185546616238,-0.2620123030450306
0.9521904380876175,PASSED,-0.2627194929023759,-0.0008444641335175663,0.04730399413199099,2.6403622218524507,0.004408222625768529,-0.24692999938282828
0.9531906381276255,PASSED,-0.26272031489260095,-0.0007989162963232452,0.04437706590254119,2.6403665127596407,0.004170459677686375,-0.2316515805483704
0.9541908381676335,PASSED,-0.2627210928120712,-0.00075631568781993,0.041416303570497824,2.64037057361421,0.003948081162952027,-0.21619647085833268
0.9551910382076415,PASSED,-0.26272182962343,-0.0007166939027111542,0.038425439467627984,2.6403744198811108,0.003741252106049412,-0.2005841142654701
0.9561912382476495,PASSED,-0.26272252831904785,-0.0006800788009282577,0.03540820999307554,2.6403780671805372,0.003550117996140581,-0.18483410700440547
0.9571914382876575,PASSED,-0.26272319191728416,-0.0006464945020780697,0.03236835808826293,2.6403815312684142,0.0033748047850737273,-0.16896594710848517
0.9581916383276655,PASSED,-0.2627238234587488,-0.0006159613860983807,0.029309621240639593,2.6403848280168782,0.003215418941517891,-0.15299910785407012
0.9591918383676735,PASSED,-0.26272442600256535,-0.0005884960993885968,0.026235730355880105,2.640387973394764,0.0030720474088403865,-0.13695314922646032
0.9601920384076815,PASSED,-0.2627250026226423,-0.0005641115631416864,0.023150406840930497,2.640390983448136,0.0029447576697645456,-0.12084746564209467
0.9611922384476895,PASSED,-0.26272555640395523,-0.0005428169872009645,0.020057355340582818,2.6403938742808744,0.0028335978581657695,-0.10470137556989781
0.9621924384876975,PASSED,-0.2627260904388446,-0.0005246178874930194,0.01696026261951984,2.640396662035347,0.0027385968086613543,-0.08853416546076019
0.9631926385277055,PASSED,-0.2627266078233336,-0.0005095161085882705,0.01386278976156821,2.640399362873188,0.0026597641812446116,-0.07236493538739747
0.9641928385677135,PASSED,-0.2627271116534699,-0.0004975098493098525,0.010768572289651338,2.6404019929561957,0.0025970906155574325,-0.056212652553700046
0.9651930386077215,PASSED,-0.2627276050216954,-0.000488593692864415,0.007681212549294964,2.6404045684273765,0.002550547863746649,-0.04009615131550542
0.9661932386477295,PASSED,-0.2627280910132483,-0.0004827586412488301,0.004604277659778134,2.640407105392167,0.0025200889830105295,-0.02403403368319531
0.9671934386877376,PASSED,-0.262728572702601,-0.00047999215292747596,0.0015412954290715383,2.640409619899832,0.0025056485378584254,-0.008044719464709854
0.9681936387277456,PASSED,-0.26272905314993833,-0.00048027818484111946,-0.0015042501421202099,2.640412127925081,0.0025071428060218,0.007853593248764688
0.9691938387677536,PASSED,-0.2627295353976785,-0.00048359723786476955,-0.00452892161133661,2.640414645349917,0.002524470039333687,0.023642993353968144
0.9701940388077616,PASSED,-0.26273002246704324,-0.0004899264070118713,-0.007529334170945238,2.6404171879457072,0.002557510678687023,0.039305736686248635
0.9711942388477696,PASSED,-0.2627305173546768,-0.0004992394323237688,-0.010502152739198758,2.6404197713555635,0.0026061276844148553,0.0548245184222211
0.9721944388877776,PASSED,-0.2627310230293219,-0.0005115067572909316,-0.013444106452472166,2.640422411076962,0.0026701667945943277,0.07018217135097349
0.9731946389277856,PASSED,-0.2627315424285518,-0.0005266955883275682,-0.01635198075941294,2.6404251224447113,0.0027494568447103264,0.08536196929268215
0.9741948389677936,PASSED,-0.2627320784555653,-0.0005447699563986202,-0.019222626278811435,2.640427920614206,0.0028438101166956328,0.10034747378038905
0.9751950390078016,PASSED,-0.26273263397604535,-0.0005656907846793446,-0.022052962948666297,2.640430820545034,0.002953022645424729,0.11512256536156695
0.9761952390478096,PASSED,-0.2627332118150865,-0.0005894159588973723,-0.024839981730935438,2.640433836984937,0.0030768746140432744,0.1296715707898648
0.9771954390878176,PASSED,-0.26273381475419255,-0.0006159003971766133,-0.027580742644777945,2.6404369844541478,0.0032151307480083394,0.14397917608186497
0.9781956391278256,PASSED,-0.2627344455283483,-0.0006450961269629687,-0.030272387880740395,2.640440277230101,0.0033675406583199906,0.15803039979817549
0.9791958391678336,PASSED,-0.26273510682316853,-0.000676952364732718,-0.03291213769575513,2.640443729332546,0.003533839262171276,0.17181073988669202
0.9801960392078416,PASSED,-0.26273580127212565,-0.0007114155933972436,-0.03549728931037254,2.6404473545091,0.0037137472769738274,0.1853061980797911
0.9811962392478496,PASSED,-0.2627365314538602,-0.0007484296477212039,-0.03802523099968532,2.6404511662211814,0.0039069715461714765,0.1985029832762206
0.9821964392878576,PASSED,-0.26273729988957556,-0.0007879358012261599,-0.04049343517513649,2.6404551776304386,0.004113205539109454,0.2113879993791481
0.9831966393278656,PASSED,-0.26273810904051953,-0.0008298728514567148,-0.04289946026750055,2.6404594015855927,0.004332129859501604,0.2239485344008181
0.9841968393678736,PASSED,-0.2627389613055556,-0.0008741772128330869,-0.04524096211561995,2.640463850609767,0.0045634126268207,0.23617225593127936
0.9851970394078816,PASSED,-0.26273985901882524,-0.0009207830083574435,-0.04751568446351431,2.6404685368882874,0.0048067099986051675,0.2480474490199257
0.9861972394478896,PASSED,-0.26274080444750403,-0.0009696221634678695,-0.049721468875033814,2.6404734722569754,0.005061666712199836,0.259562889977831
0.9871974394878976,PASSED,-0.2627417997896524,-0.0010206245025778282,-0.05185625259990878,2.64047866819092,0.0053279164897636,0.27070770262105137
0.9881976395279056,PASSED,-0.26274284717216456,-0.001073717848227432,-0.0539180743494003,2.6404841357937907,0.005605082621700534,0.28147175148085546
0.9891978395679136,PASSED,-0.2627439486488148,-0.0011288281185105327,-0.05590506757223429,2.6404898857876336,0.0058927784904405645,0.29184528024614775
0.9901980396079216,PASSED,-0.2627451061984054,-0.001185879429530844,-0.057815473319029406,2.640495928503207,0.006190608033106838,0.30181905094635697
0.9911982396479296,PASSED,-0.26274632172301543,-0.0012447941979941805,-0.0596476318928746,2.64050227387084,0.006498166324831763,0.3113844522439703
0.9921984396879376,PASSED,-0.2627475970463523,-0.0013054932429251954,-0.06139998695644207,2.640508931411837,0.00681504013783151,0.3205333868369304
0.9931986397279456,PASSED,-0.2627489339122081,-0.001367895892350287,-0.06307109107085795,2.6405159102304236,0.007140808438924355,0.3292582439301215
0.9941988397679536,PASSED,-0.2627503339830201,-0.0014319200877775421,-0.06465959833151988,2.640523219006221,0.007475042936327669,0.33755199971877536
0.9951990398079616,PASSED,-0.26275179883853816,-0.0014974824901957682,-0.06616427180936356,2.640530865987309,0.007817308703186506,0.34540827828554266
0.9961992398479695,PASSED,-0.2627533299745976,-0.001564498588155213,-0.06758398205949877,2.6405388589838075,0.008167164667982391,0.35282108913611254
0.9971994398879775,PASSED,-0.2627549288020004,-0.0016328828041372802,-0.06891770526377941,2.6405472053620507,0.008524164187522651,0.3597851398096921
0.9981996399279855,PASSED,-0.26275659664550355,-0.001702548603376441,-0.07016452855608156,2.6405559120392965,0.008887855644950062,0.36629566917255807
0.9991998399679936,PASSED,-0.26275833474291577,-0.0017734086021220425,-0.07132364553861521,2.640564985479021,0.009257782983082892,0.3723484507730085
1.0002000400080016,PASSED,-0.26276014424430205,-0.0018453746745615866,-0.07239435704016334,2.6405744316867605,0.009633486262734567,0.3779398322374531
1.0012002400480096,PASSED,-0.2627620262112976,-0.0019183580637330256,-0.07337607725895605,2.6405842562065334,0.01001450225990881,0.3830667737987695
1.0022004400880176,PASSED,-0.2627639816165289,-0.0019922694885372008,-0.07426832316765515,2.640594464117815,0.010400365010991407,0.3877267359384829
1.0032006401280256,PASSED,-0.26276601134314437,-0.002067019250686453,-0.07507072147031725,2.64060506003309,0.010790606374241047,0.39191778145707906
1.0042008401680336,PASSED,-0.26276811618445145,-0.0021425173444686576,-0.07578300865679556,2.640616048095956,0.011184756604447024,0.39563852937190663
1.0052010402080416,PASSED,-0.2627702968436625,-0.002218673563840818,-0.07640502651573654,2.640627431979794,0.01158234490049811,0.39888814050387195
1.0062012402480496,PASSED,-0.26277255393374727,-0.0022953976080335903,-0.07693672264412954,2.6406392148869977,0.011982899972661696,0.401666359936728
1.0072014402880576,PASSED,-0.26277488797739135,-0.0023725991874522494,-0.07737815060167855,2.64065139954875,0.012385950580674916,0.40397344006421465
1.0082016403280656,PASSED,-0.26277729940706107,-0.0024501881310362633,-0.07772947223890422,2.6406639882253717,0.012791026114103004,0.4058102623373332
1.0092018403680736,PASSED,-0.2627797885651719,-0.0025280744881720067,-0.07799094706696974,2.6406769827071734,0.013197657081126371,0.40717810348072553
1.0102020404080816,PASSED,-0.26278235570436176,-0.0026061686324920295,-0.07816294248872488,2.6406903843159077,0.0136053757087401,0.4080789770357348
1.0112022404480896,PASSED,-0.2627850009878664,-0.002684381365125897,-0.07824592606396251,2.640704193906696,0.014013716435905136,0.40851522725123746
1.0122024404880976,PASSED,-0.26278772448999577,-0.0027626240134964826,-0.07824046324166768,2.6407184118705342,0.014422216441272987,0.40848985744559435
1.0132026405281056,PASSED,-0.26279052619671145,-0.0028408085322377957,-0.07814722240774341,2.640733038137284,0.014830416182090382,0.4080063297319303
1.0142028405681136,PASSED,-0.2627934060063014,-0.0029188476003374616,-0.07796696522761472,2.6407480721792016,0.015237859883964857,0.4070686166361722
1.0152030406081216,PASSED,-0.2627963637301531,-0.00299665471770633,-0.07770055212970503,2.640763513014954,0.015644096042800044,0.4056811869678592
1.0162032406481296,PASSED,-0.26279939909362077,-0.0030741442993291726,-0.07734893461826726,2.6407793592141595,0.01604867795429897,0.4038490611862984
1.0172034406881376,PASSED,-0.2628025117369877,-0.003151231768496898,-0.07691315886736452,2.6407956089023865,0.01645116414673168,0.40157761326364794
1.0182036407281456,PASSED,-0.26280570121651897,-0.003227833647907369,-0.07639435977254223,2.6408122597666437,0.016851118858912013,0.39887277812478633
1.0192038407681536,PASSED,-0.2628089670056053,-0.0033038676476909437,-0.07579375979092941,2.6408293090613606,0.01724811258450843,0.39574102391083765
1.0202040408081616,PASSED,-0.2628123084959939,-0.0033792527530254503,-0.07511266903022479,2.640846753614779,0.017641722411344506,0.392189028786232
1.0212042408481696,PASSED,-0.26281572499910577,-0.0034539093093057796,-0.07435248111373237,2.6408645898358394,0.018031532510538944,0.3882241461332459
1.0222044408881776,PASSED,-0.26281921574743616,-0.0035277591031346255,-0.07351466897225535,2.6408828137214764,0.018417134624617255,0.3838540927083568
1.0232046409281856,PASSED,-0.26282277989603664,-0.0036007254434305695,-0.07260078784506956,2.640901420864351,0.018798128399759872,0.37908689676546026
1.0242048409681936,PASSED,-0.2628264165240757,-0.0036727332399904386,-0.07161246903640221,2.6409204064609844,0.019174121809227784,0.37393108460288066
1.0252050410082016,PASSED,-0.26283012463647637,-0.003743709077295772,-0.07055141615128778,2.6409397653202973,0.019544731593423542,0.3683955839243433
1.0262052410482096,PASSED,-0.2628339031656279,-0.0038135812877268314,-0.06941940661757427,2.640959491872538,0.019909583606788673,0.3624896329923248
1.0272054410882177,PASSED,-0.2628377509731684,-0.0038822800228635037,-0.06821828748273776,2.640979580178578,0.020268313165640938,0.3562228427588996
1.0282056411282257,PASSED,-0.2628416668518372,-0.003949737319848063,-0.06694996998577374,2.64100002393957,0.020620565432270952,0.3496052158774234
1.0292058411682337,PASSED,-0.2628456495273923,-0.004015887166024756,-0.06561643030397041,2.6410208165069564,0.020965995760731652,0.34264707018288143
1.0302060412082417,PASSED,-0.2628496976605923,-0.004080665562210617,-0.06421970677378812,2.641041950892792,0.02130426997107765,0.3353589704547351
1.0312062412482497,PASSED,-0.26285380984923856,-0.004144010581665276,-0.06276189457523845,2.6410634197804046,0.021635064702361772,0.32775190517038066
1.0322064412882577,PASSED,-0.2628579846302749,-0.004205862425077933,-0.06124514263760336,2.641085215535344,0.02195806771487923,0.3198370840821735
1.0332066413282657,PASSED,-0.2628622204819428,-0.004266163475631463,-0.059671655830813755,2.6411073302166264,0.022272978128626008,0.31162596685651306
1.0342068413682737,PASSED,-0.262866515825988,-0.004324858348863378,-0.0580436848326507,2.641129755588241,0.02257950670812833,0.3031303212661941
1.0352070414082817,PASSED,-0.2628708690299166,-0.004381893940255386,-0.05636352909824653,2.6411524831309103,0.02287737611108362,0.2943621240813505
1.0362072414482897,PASSED,-0.2628752784092968,-0.004437219469930198,-0.0546335300591889,2.6411755040541127,0.023166321135663363,0.285333624912004
1.0372074414882977,PASSED,-0.26287974223010385,-0.004490786523621448,-0.052856069445959,2.641198809308308,0.02344608891801098,0.2760572206380286
1.0382076415283057,PASSED,-0.2628842587111049,-0.004542549091461285,-0.05103356676908714,2.641222389597367,0.02371643910379285,0.2665454958777681
1.0392078415683137,PASSED,-0.26288882602628055,-0.0045924636036578075,-0.04916847581481313,2.6412462353912307,0.023977144120257973,0.2568113635233612
1.0402080416083217,PASSED,-0.2628934423072803,-0.004640488961258903,-0.04726327879195028,2.641270336938693,0.024227989262578273,0.24686766151825945
1.0412082416483297,PASSED,-0.26289810564590843,-0.0046865865667604385,-0.04532048997459184,2.641294684280381,0.024468772842041776,0.23672752476033393
1.0422084416883377,PASSED,-0.26290281409663746,-0.004730720349601286,-0.04334264475168589,2.6413192672618777,0.02469930641696233,0.22640427502736332
1.0432086417283457,PASSED,-0.2629075656791459,-0.004772856787899295,-0.04133230066222393,2.641344075546952,0.0249194148205881,0.21591115602470956
1.0442088417683537,PASSED,-0.26291235838087734,-0.004812964929315734,-0.039292035252581015,2.641369098630909,0.025128936250196094,0.2052616119968521
1.0452090418083617,PASSED,-0.26291719015961723,-0.00485101640748103,-0.03722444010710653,2.641394325854049,0.025327722459321758,0.1944692738782062
1.0462092418483697,PASSED,-0.2629220589460849,-0.00488698545403028,-0.03513211751067834,2.641419746415182,0.025515638744249093,0.18354762562675206
1.0472094418883777,PASSED,-0.26292696264653737,-0.004920848910155954,-0.03301768186900462,2.641445349385215,0.025692563973852733,0.1725102989215628
1.0482096419283857,PASSED,-0.26293189914538134,-0.004952586233615465,-0.03088375118651562,2.641471123720795,0.025858390730516097,0.16137106182456404
1.0492098419683937,PASSED,-0.2629368663077913,-0.00498217950140187,-0.028732945519666146,2.641497058277956,0.026013025245579798,0.15014348388979698
1.0502100420084017,PASSED,-0.26294186198232966,-0.005009613412240853,-0.026567887718526677,2.641523141825806,0.02615638740750062,0.13884128060817025
1.0512102420484097,PASSED,-0.26294688400356625,-0.005034875283232778,-0.024391193174189266,2.6415493630601965,0.026288410813663118,0.12747815653205083
1.0522104420884177,PASSED,-0.26295193019469437,-0.005057955045218093,-0.022205474526066884,2.641575710617369,0.026409042680445614,0.11606767361612096
1.0532106421284257,PASSED,-0.26295699837014,-0.005078845234970424,-0.020013333236506014,2.6416021730875827,0.026518243814475855,0.10462344097298763
1.0542108421684337,PASSED,-0.26296208633816115,-0.005097540982412473,-0.017817356912410463,2.6416287390286874,0.02661598860184107,0.09315901829336995
1.0552110422084418,PASSED,-0.2629671919034347,-0.005114039997972443,-0.01562012132501225,2.6416553969796093,0.02670226485336893,0.08168774035085304
1.0562112422484498,PASSED,-0.2629723128696275,-0.005128342555328859,-0.013424181377351619,2.6416821354737925,0.026777073775395416,0.07022304314357346
1.0572114422884578,PASSED,-0.26297744704194925,-0.0051404514707051215,-0.01123207137553505,2.6417089430525142,0.026840429874702507,0.058778136749439006
1.0582116423284658,PASSED,-0.2629825922296838,-0.005150372080975851,-0.009046302867527977,2.6417358082781064,0.026892360780576385,0.047366085290168856
1.0592118423684738,PASSED,-0.2629877462486964,-0.005158112217776996,-0.0068693594235561305,2.6417627197470455,0.026932907162946485,0.03599991375671921
1.0602120424084818,PASSED,-0.26299290692391447,-0.005163682179263449,-0.0047036961950487,2.6417896661028997,0.026962122581272768,0.024692421372665054
1.0612122424484898,PASSED,-0.2629980720917779,-0.005167094699310463,-0.0025517359483242775,2.641816636049133,0.02698007329987091,0.01345625008179345
1.0622124424884978,PASSED,-0.26300323960265815,-0.005168364914234676,-0.0004158675748038543,2.6418436183617335,0.026986838134537533,0.002303891056508022
1.0632126425285058,PASSED,-0.2630084073232425,-0.00516751032669981,0.001701557607979923,2.64187060190166,0.026982508256614246,-0.008752390576483497
1.0642128425685138,PASSED,-0.26301357313888,-0.005164550766094236,0.0037982292706358694,2.6418975756270977,0.026967186986513972,-0.019700523116133146
1.0652130426085218,PASSED,-0.26301873495588945,-0.005159508350037264,0.0058718739145299,2.641924528605512,0.02694098960282854,-0.030528624064970266
1.0662132426485298,PASSED,-0.2630238907038232,-0.00515240743861141,0.007920269766737235,2.6419514500254726,0.0269040430947812,-0.041225097368921645
1.0672134426885378,PASSED,-0.2630290383376883,-0.005143274589598048,0.00994123517777674,2.641978329208249,0.02685648591872264,-0.051778561851649856
1.0682136427285458,PASSED,-0.2630341758401201,-0.005132138511844912,0.011932639470044524,2.642005155619178,0.026798467791213344,-0.062177837947728236
1.0692138427685538,PASSED,-0.2630393012235069,-0.0051190300134639575,0.01389240432156036,2.6420319188787476,0.026730149377541736,-0.07241213082085939
1.0702140428085618,PASSED,-0.2630444125320639,-0.005103981950598201,0.01581850189521973,2.6420586087734326,0.02665170202592303,-0.08247083215060642
1.0712142428485698,PASSED,-0.26304950784385434,-0.005087029174141743,0.01770895949728489,2.6420852152662713,0.026563307560126495,-0.09234355489381968
1.0722144428885778,PASSED,-0.26305458527275494,-0.005068208472362237,0.0195618633009852,2.6421117285071096,0.02646515787642596,-0.10202043623834724
1.0732146429285858,PASSED,-0.2630596429703653,-0.005047558514178905,0.02137535477156314,2.642138138842597,0.026357454700837214,-0.11149166848901189
1.0742148429685938,PASSED,-0.26306467912785836,-0.005025119789879123,0.023147637318595232,2.642164436825846,0.026240409316390878,-0.12074786175122082
1.0752150430086018,PASSED,-0.2630696919777698,-0.005000934547933609,0.02487697836345897,2.6421906132257815,0.026114242149825738,-0.12978003644108915
1.0762152430486098,PASSED,-0.263074679795727,-0.004975046735025509,0.026561702604528843,2.6422166590361886,0.025979182523754616,-0.13857935249114361
1.0772154430886178,PASSED,-0.26307964090211305,-0.00494750193026933,0.028200206190611126,2.6422425654843895,0.0258354682946635,-0.14713748015776798
1.0782156431286258,PASSED,-0.26308457366366633,-0.004918347278507165,0.02979094880986724,2.642268324039628,0.025683345499471457,-0.15544633854822223
1.0792158431686338,PASSED,-0.2630894764950138,-0.0048876314253713925,0.031332456019709805,2.6422939264210643,0.025523068014635848,-0.16349824902719992
1.0802160432086418,PASSED,-0.26309434786013647,-0.004855404448112648,0.03282332475143406,2.642319364605441,0.025354897199168655,-0.17128585976052024
1.0812162432486496,PASSED,-0.26309918627376616,-0.004821717785159986,0.03426222175348042,2.642344630834394,0.02517910155103474,-0.17880217371617285
1.0822164432886576,PASSED,-0.2631039903027122,-0.004786624167264525,0.03564788199011588,2.642369717621377,0.0249959562993853,-0.18604063693828737
1.0832166433286656,PASSED,-0.2631087585671174,-0.004750177545749061,0.03697911453236205,2.642394617758236,0.02480574305780849,-0.19299497800249246
1.0842168433686736,PASSED,-0.2631134897416414,-0.004712433018245565,0.03825480281758528,2.6424193243214007,0.024608749464495726,-0.1996593368529427
1.0852170434086816,PASSED,-0.2631181825565725,-0.0046734467583950026,0.039473897872548035,2.6424438306776854,0.024405268744673442,-0.20602830846851566
1.0862172434486896,PASSED,-0.263122835798865,-0.004633275940757451,0.04063543081421969,2.64246813048973,0.024195599374560523,-0.2120967445425238
1.0872174434886976,PASSED,-0.2631274483131028,-0.004591978665234889,0.04173850532812407,2.6424922177210384,0.023980044699815982,-0.21785996154588597
1.0882176435287056,PASSED,-0.2631320190023886,-0.0045496138838958524,0.042782298679643775,2.6425160866406197,0.023758912483451886,-0.22331371957623886
1.0892178435687137,PASSED,-0.26313654682915716,-0.0045062413253001655,0.043766065206381516,2.6425397318272568,0.023532514559852783,-0.22845405961434506
1.0902180436087217,PASSED,-0.26314103081591417,-0.004461921418028859,0.044689135314590796,2.6425631481733727,0.02330116646722364,-0.23327744797234232
1.0912182436487297,PASSED,-0.263145470045898,-0.004416715214606444,0.045550915494297496,2.642586330888486,0.02306518696165056,-0.23778087730690525
1.0922184436887377,PASSED,-0.2631498636636669,-0.004370684317007607,0.0463508856685281,2.6426092755022927,0.02282489768713584,-0.24196153931993084
1.0932186437287457,PASSED,-0.26315421087560853,-0.0043238907989388104,0.047088606335642026,2.6426319778673424,0.022580622804966664,-0.2458171107353407
1.0942188437687537,PASSED,-0.2631585109503749,-0.0042763971301613335,0.0477637104053667,2.642654434161302,0.022332688491461947,-0.24934578201763133
1.0952190438087617,PASSED,-0.2631627632192402,-0.004228266100967353,0.04837590838638911,2.6426766408888493,0.022081422631210646,-0.2525459124070808
1.0962192438487697,PASSED,-0.26316696707638293,-0.004179560745522932,0.04892498681644368,2.64269859488314,0.021827154406672208,-0.25541643262601066
1.0972194438887777,PASSED,-0.2631711219790928,-0.004130344267194011,0.04941080600390696,2.6427202933069087,0.021570213867725268,-0.25795660982755936
1.0982196439287857,PASSED,-0.2631752274479021,-0.004080679963203439,0.049833302648348954,2.642741733653157,0.02131093157188588,-0.26016608651394135
1.0992198439687937,PASSED,-0.26317928306664207,-0.004030631149595264,0.050192487581392886,2.642762913745456,0.02104963818676257,-0.26204491752956116
1.1002200440088017,PASSED,-0.263183288482425,-0.00398026108753932,0.050488445038977446,2.6427838317378627,0.020786664094865116,-0.2635935414760515
1.1012202440488097,PASSED,-0.26318724340555266,-0.003929632909711037,0.05072133302115349,2.64280448611444,0.020522339005364817,-0.2648127881831272
1.1022204440888177,PASSED,-0.2631911476093515,-0.0038788095477893885,0.050891381188645814,2.642824875688421,0.02025699161202347,-0.26570379678016
1.1032206441288257,PASSED,-0.2631950009299354,-0.0038278536599680216,0.05099889224318093,2.642844999600957,0.019990949165211783,-0.26626821349937285
1.1042208441688337,PASSED,-0.26319880326589756,-0.0037768275601678617,0.051044238171479704,2.6428648573195277,0.01972453711902097,-0.2665079346517732
1.1052210442088417,PASSED,-0.26320255457793035,-0.003725793148168632,0.051027861217729245,2.642884448635956,0.019458078788544178,-0.2664252610268036
1.1062212442488497,PASSED,-0.2632062548883772,-0.0036748118398310958,0.05095027308407415,2.6429037736640812,0.01919189496909966,-0.26602285838966344
1.1072214442888577,PASSED,-0.2632099042807148,-0.0036239444998586836,0.05081205123130422,2.6429228328370518,0.01892630355980311,-0.26530377656781307
1.1082216443288657,PASSED,-0.2632135028989682,-0.0035732513741497224,0.05061384202739924,2.642941626904275,0.01866161923917649,-0.264271349999164
1.1092218443688737,PASSED,-0.26321705094706,-0.003522792024586551,0.05035635458701949,2.6429601569280385,0.018398153154809846,-0.2629292406116277
1.1102220444088817,PASSED,-0.26322054868809364,-0.0034726252645660926,0.05004036364275141,2.642978424279748,0.018136212498148355,-0.2612816006947319
1.1112222444488897,PASSED,-0.26322399644357425,-0.003422809096580838,0.04966670421358982,2.642996430635893,0.017876100259238786,-0.25933266438612174
1.1122224444888977,PASSED,-0.2632273945925661,-0.0033734006493983293,0.04923627582845528,2.6430141779736167,0.017618114869602918,-0.2570872064690305
1.1132226445289057,PASSED,-0.26323074357079046,-0.0033244561195094834,0.048750032595772735,2.6430316685660356,0.017362549877926958,-0.25455018181391026
1.1142228445689137,PASSED,-0.2632340438696628,-0.003276030711676711,0.04820899132410547,2.6430489049772,0.017109693674674926,-0.2517268842107756
1.1152230446089217,PASSED,-0.2632372960352738,-0.0032281785824302923,0.04761422119462757,2.64306589005679,0.016859829186176255,-0.24862289135726717
1.1162232446489297,PASSED,-0.2632405006673132,-0.0031809527849456453,0.046966848344659466,2.6430826269344725,0.016613233537776224,-0.24524415309520642
1.1172234446889378,PASSED,-0.2632436584179397,-0.003134405214638938,0.0462680516147393,2.643099119014028,0.016370177847763553,-0.24159671462431123
1.1182236447289458,PASSED,-0.2632467699905983,-0.0030885865589815637,0.04551905835246392,2.643115369967172,0.016130926952183273,-0.23768701621759522
1.1192238447689538,PASSED,-0.2632498361387868,-0.0030435462464980215,0.0447211485709275,2.643131383727098,0.015895739040203062,-0.23352184248862484
1.1202240448089618,PASSED,-0.263252857664773,-0.002999332398394033,0.04387564779269589,2.643147164481795,0.015664865512698363,-0.22910798418208114
1.1212242448489698,PASSED,-0.2632558354182652,-0.0029559917831602158,0.0429839268612321,2.64316271666711,0.015438550761717676,-0.224452595513093
1.1222244448889778,PASSED,-0.2632587702950371,-0.0029135697725542107,0.04204739976918716,2.64317804495955,0.01521703179473246,-0.21956321463329972
1.1232246449289858,PASSED,-0.2632616632355097,-0.002872110298192382,0.04106752409025679,2.6431931542688916,0.01500053812707195,-0.2144473030119831
1.1242248449689938,PASSED,-0.2632645152232921,-0.0028316558119272743,0.040045794381675534,2.64320804973056,0.014789291608342496,-0.20911266254110122
1.1252250450090018,PASSED,-0.26326732728368224,-0.0027922472479606935,0.03898374368985111,2.643222736697791,0.014583506082202269,-0.20356743520631068
1.1262252450490098,PASSED,-0.2632701004821315,-0.002753923985979909,0.03788294084140622,2.643237220733624,0.014383387295315107,-0.1978196880077314
1.1272254450890178,PASSED,-0.2632728359226734,-0.0027167238173684705,0.03674498712479385,2.6432515076026792,0.014189132731225478,-0.191877814810894
1.1282256451290258,PASSED,-0.2632755347463199,-0.0026806829137376873,0.03557151463477625,2.643265603262807,0.014000931394162346,-0.18575035189795575
1.1292258451690338,PASSED,-0.26327819812942604,-0.002645835796155019,0.03436418621459532,2.6432795138565255,0.013818963651928966,-0.17944600245699738
1.1302260452090418,PASSED,-0.2632808272820267,-0.00261221530812018,0.033124689248334664,2.6432932457023424,0.013643401127024607,-0.17297353986926703
1.1312262452490498,PASSED,-0.26328342344614625,-0.0025798525906542856,0.031854736277602026,2.6433068052859308,0.013474406564852347,-0.1663419103742556
1.1322264452890578,PASSED,-0.263285987894084,-0.0025487770571570294,0.03055606497702566,2.6433201992511557,0.013312133646615215,-0.15956025681238373
1.1332266453290658,PASSED,-0.2632885219266772,-0.0025190163738699122,0.029230428827177773,2.6433334343910344,0.013156726970463904,-0.1526376223772605
1.1342268453690738,PASSED,-0.26329102687154465,-0.002490596441467785,0.027879601452092853,2.6433465176385256,0.013008321892790662,-0.14558338120389516
1.1352270454090818,PASSED,-0.26329350408131197,-0.002463541376418076,0.026505374114786234,2.6433594560572913,0.012867044444147572,-0.13840682693588807
1.1362272454490898,PASSED,-0.263295954931821,-0.00243787349753069,0.025109548735786667,2.6433722568323232,0.012733011284075321,-0.13111738216315744
1.1372274454890978,PASSED,-0.26329838082032714,-0.002413613314702478,0.023693938889829017,2.643384927260534,0.01260632960489633,-0.12372454385621148
1.1382276455291058,PASSED,-0.26330078316368377,-0.002390779517037345,0.022260370182002463,2.6433974747412776,0.012487097101344756,-0.11623781001514881
1.1392278455691138,PASSED,-0.2633031633965194,-0.002369388965962525,0.020810671670030843,2.6434099067668244,0.012375401925572488,-0.10866675294368272
1.1402280456091218,PASSED,-0.2633055229694066,-0.0023494566899896503,0.019346678841436905,2.643422230912795,0.012271322632852804,-0.10102098590368559
1.1412282456491298,PASSED,-0.2633078633470276,-0.002330995880080749,0.01787023062054413,2.6434344548285833,0.012174928203963873,-0.09331005754576124
1.1422284456891378,PASSED,-0.26331018600633666,-0.0023140178893458637,0.016383164144445746,2.6434465862277454,0.01208627800312919,-0.08554362969396626
1.1432286457291458,PASSED,-0.26331249243472254,-0.002298532233673249,0.014887316691394549,2.6434586328784295,0.012005421820231683,-0.07773121836653282
1.1442288457691538,PASSED,-0.263314784128173,-0.0022845465941678843,0.013384521381344666,2.6434706025937547,0.011932399840299817,-0.069882487642087
1.1452290458091618,PASSED,-0.26331706258944315,-0.0022720668231234484,0.011876604153163023,2.6434825032222675,0.011867242693679374,-0.06200691927268035
1.1462292458491699,PASSED,-0.2633193293262303,-0.0022610969509628087,0.01036538416562391,2.643494342638387,0.011809971503724514,-0.05411403707631196
1.1472294458891779,PASSED,-0.2633215858493564,-0.0022516391949777047,0.008852670531424363,2.643506128732938,0.011760597936829254,-0.04621325344122503
1.1482296459291859,PASSED,-0.2633238336709616,-0.0022436939712003412,0.007340259274655701,2.643517869403691,0.011719124225400843,-0.03831401675320263
1.1492298459691939,PASSED,-0.2633260743027099,-0.0022372599082457964,0.005829932074471415,2.6435295725460044,0.011685543271885368,-0.030425578023657366
1.1502300460092019,PASSED,-0.2633283092540085,-0.0022323338615362017,0.004323456466343715,2.643541246043512,0.01165983872519329,-0.022557192471024126
1.1512302460492099,PASSED,-0.26333054003024453,-0.0022289109308181692,0.0028225802191584586,2.6435528977589198,0.011641985053589895,-0.014717991024975376
1.1522304460892179,PASSED,-0.2633327681310394,-0.002226984481013569,0.0013290295282280661,2.6435645355248933,0.011631947682133967,-0.006916958409894302
1.1532306461292259,PASSED,-0.26333499504852337,-0.0022265461612290365,-0.0001554867112644939,2.643576167135022,0.011629683035917998,0.0008368952466479708
1.1542308461692339,PASSED,-0.2633372222656322,-0.0022275859276272812,-0.0016292861895650212,2.6435878003349487,0.01163513872816161,0.00853489024158937
1.1552310462092419,PASSED,-0.2633394512544277,-0.0022300920706452196,-0.0030907142368536695,2.643599442813583,0.01164825368515648,0.01616833483038643
1.1562312462492499,PASSED,-0.2633416834744438,-0.002234051239547674,-0.004538138679521068,2.6436111021944666,0.011668958214941901,0.02372865975544637
1.157231446289258,PASSED,-0.2633439203710599,-0.0022394484697618013,-0.0059699579038644795,2.64362278602727,0.011697174216721113,0.031207563128386226
1.158231646329266,PASSED,-0.2633461633739036,-0.0022462672152352356,-0.0073846038531475595,2.6436345017794487,0.011732815340415679,0.0385968307386895
1.159231846369274,PASSED,-0.2633484138952839,-0.0022544893789940416,-0.008780537029245613,2.6436462568280716,0.011775787128414207,0.04588842617175444
1.160232046409282,PASSED,-0.2633506733286562,-0.002264095344180269,-0.010156250624215534,2.6436580584517952,0.011825987179976637,0.05307446848954433
1.16123224644929,PASSED,-0.2633529430471222,-0.0022750640119375237,-0.011510279179280273,2.643669913823022,0.011883305344147655,0.060147294625331575
1.162232446489298,PASSED,-0.2633552244019642,-0.0022873728358195114,-0.012841187017126384,2.6436818300002454,0.011947623915807646,0.06709942301643237
1.163232646529306,PASSED,-0.26335751872121643,-0.0023009978583436947,-0.014147579528887063,2.6436938139206005,0.012018817839602383,0.07392359098027387
1.164232846569314,PASSED,-0.263359827308275,-0.00231591375155809,-0.015428102338067148,2.643705872392588,0.012096754875334875,0.08061266556730526
1.165233046609322,PASSED,-0.2633621514405462,-0.0023320938565751593,-0.016681440136404657,2.643718012089018,0.012181295822015041,0.08715980075540616
1.16623324664933,PASSED,-0.2633644923681369,-0.002349510224492822,-0.01790631977183452,2.6437302395401696,0.012272294772214039,0.09355838316139324
1.167233446689338,PASSED,-0.2633668513125859,-0.002368133659168057,-0.01910151127750188,2.6437425611271657,0.01236959929065367,0.09980194195845894
1.168233646729346,PASSED,-0.263369229465639,-0.002387933761638169,-0.020265829931851255,2.643754983075565,0.012473050630171944,0.10588427122481725
1.169233846769354,PASSED,-0.263371627988068,-0.002408878974057027,-0.021398134076863022,2.6437675114492096,0.012582484037578799,0.11179949819488065
1.170234046809362,PASSED,-0.2633740480085351,-0.0024309366251443715,-0.022497329094331314,2.6437801521442736,0.012697728917416757,0.11754180093334343
1.17123424684937,PASSED,-0.26337649062250346,-0.0024540729782815706,-0.02356236916577796,2.6437929108835867,0.01281860909629146,0.12310576416894296
1.172234446889378,PASSED,-0.26337895689119517,-0.002478253278669211,-0.024592254535548547,2.6438057932111825,0.01294494310998755,0.1284861800475199
1.173234646929386,PASSED,-0.26338144784059664,-0.002503441799869769,-0.025586032310564208,2.6438188044871014,0.013076544398986248,0.13367802829947997
1.174234846969394,PASSED,-0.2633839644605139,-0.0025296018961096472,-0.026542805526087673,2.643831949882462,0.013213221603489733,0.1386766553061531
1.175235047009402,PASSED,-0.2633865077036759,-0.002556696050425869,-0.027461720176311426,2.6438452343747727,0.013354778825022354,0.14347759901693294
1.17623524704941,PASSED,-0.2633890784848898,-0.0025846859247490254,-0.028341977087719947,2.643858662743511,0.013501015847822774,0.14807663865607937
1.177235447089418,PASSED,-0.26339167768024563,-0.0026135324124293637,-0.029182828075417507,2.643872239565982,0.013651728467612513,0.15246994054551383
1.178235647129426,PASSED,-0.26339430612637277,-0.002643195688758585,-0.029983575165090825,2.6438859692134256,0.013806708726868282,0.15665380506260584
1.179235847169434,PASSED,-0.2633969646197488,-0.0026736352634849914,-0.030743574433950333,2.6438998558474016,0.013965745160529426,0.16062485272683857
1.180236047209442,PASSED,-0.2633996539160597,-0.002704810033182527,-0.03146223320659232,2.6439139034164505,0.014128623124645827,0.16438003837610732
1.18123624724945,PASSED,-0.26340237472961314,-0.0027366783339951616,-0.03213901254999586,2.6439281156530288,0.014295125052668145,0.16791652111979044
1.182236447289458,PASSED,-0.2634051277328049,-0.0027691979945864173,-0.03277342595209511,2.643942496070717,0.014465030704519651,0.17123173900598296
1.183236647329466,PASSED,-0.2634079135556373,-0.002802326389236716,-0.03336504044910192,2.643957047961708,0.014638117474992687,0.1743234581177362
1.184236847369474,PASSED,-0.26341073278529253,-0.002836020491702962,-0.03391347714434154,2.6439717743945628,0.014814160660842166,0.17718967100397348
1.185237047409482,PASSED,-0.26341358596575765,-0.002870236927543538,-0.03441840830473266,2.6439866782122694,0.014992933750448778,0.17982870200837303
1.18623724744949,PASSED,-0.263416473597504,-0.0029049320285159897,-0.03487956275093115,2.644001762030545,0.015174208675316957,0.18223907344138318
1.187237447489498,PASSED,-0.26341939613721943,-0.002940061885244523,-0.03529671938026793,2.6440170282364557,0.015357756118812705,0.1844196901986585
1.188237647529506,PASSED,-0.2634223539975943,-0.0029755824008020995,-0.03566971300911602,2.6440324789872744,0.015543345778810483,0.1863696398638582
1.189237847569514,PASSED,-0.26342534754715985,-0.0030114493434924166,-0.03599842914445122,2.644048116209658,0.015730746650685613,0.1880883598826445
1.190238047609522,PASSED,-0.2634283771101798,-0.0030476183989675484,-0.03628280636225243,2.644063941599058,0.015919727287685682,0.18957548841168395
1.19123824764953,PASSED,-0.2634314429665948,-0.0030840452244248503,-0.03652283818733453,2.6440799566194384,0.016110056090914374,0.19083101310669645
1.192238447689538,PASSED,-0.26343454535201843,-0.0031206854987258026,-0.03671856504336478,2.64409616250325,0.016301501585077066,0.19185514820002472
1.193238647729546,PASSED,-0.2634376844577857,-0.0031574949745767,-0.03687008305591917,2.6441125602516786,0.016493832662846274,0.19264836414866776
1.194238847769554,PASSED,-0.2634408604310525,-0.0031944295306589356,-0.03697753809977987,2.6441291506351647,0.016686818877308378,0.19321144800439796
1.1952390478095618,PASSED,-0.2634440733749462,-0.003231445221297378,-0.037041125664217175,2.6441459341941855,0.016880230701651486,0.19354540856891705
1.1962392478495698,PASSED,-0.2634473233487664,-0.0032684983262630017,-0.0370610911665622,2.6441629112402967,0.01707383977009871,0.19365150836609576
1.1972394478895778,PASSED,-0.2634506103682355,-0.0033055454009718005,-0.037037730403623244,2.644180081857446,0.017267419167062443,0.19353132269548684
1.1982396479295858,PASSED,-0.2634539344057982,-0.003342543324920812,-0.036971386312603556,2.6441974459035253,0.017460743658838034,0.19318660449565975
1.1992398479695938,PASSED,-0.26345729539096896,-0.003379449348864038,-0.03686244903030758,2.6442150030121905,0.017653589946312564,0.19261940946044934
1.2002400480096018,PASSED,-0.2634606932107282,-0.003416221143208185,-0.03671135788670657,2.6442327525949176,0.017845736922541877,0.19183202074189232
1.2012402480496098,PASSED,-0.26346412770996325,-0.0034528168433342193,-0.03651859495225258,2.6442506938433135,0.018036965906658618,0.19082695969997332
1.2022404480896178,PASSED,-0.2634675986919571,-0.0034891950949536214,-0.03628468939750211,2.6442688257316576,0.018227060877671224,0.18960697855436054
1.2032406481296258,PASSED,-0.26347110591892037,-0.0035253150991762846,-0.03601021410610438,2.644287147019683,0.018415808713389475,0.1881750738275146
1.2042408481696338,PASSED,-0.26347464911256885,-0.003561136655770819,-0.03569578492015436,2.644305656255577,0.018602999405706082,0.18653443797600372
1.2052410482096418,PASSED,-0.26347822795474235,-0.003596620205015731,-0.035342058794750206,2.644324351779228,0.0187884263046351,0.18468853956435582
1.2062412482496498,PASSED,-0.26348184208806635,-0.0036317268694444124,-0.03494973485130156,2.6443432317256588,0.01897188630740125,0.18264097823401526
1.2072414482896578,PASSED,-0.26348549111665454,-0.0036664184944058217,-0.034519551701481355,2.644362294028709,0.019153180086302915,0.1803956460134278
1.2082416483296659,PASSED,-0.26348917460685034,-0.0037006576866697952,-0.03405228597230129,2.6443815364248957,0.019332112294874956,0.1779565836111102
1.2092418483696739,PASSED,-0.26349289208800764,-0.003734407852382502,-0.033548752206310206,2.6444009564574906,0.019508491747570765,0.17532803208560488
1.2102420484096819,PASSED,-0.26349664305330806,-0.0037676332335546616,-0.033009800482725615,2.644420551480777,0.019682131615016734,0.17251442435288283
1.2112422484496899,PASSED,-0.2635004269606147,-0.0038002989439044517,-0.03243631692783234,2.644440318664525,0.019852849647947396,0.16952043864917832
1.2122424484896979,PASSED,-0.2635042432333609,-0.0038323710032099967,-0.03182922089068664,2.644460254998607,0.020020468295516437,0.16635078684895385
1.2132426485297059,PASSED,-0.2635080912614717,-0.003863816368822452,-0.031189462093635056,2.6444803572978244,0.02018481490128101,0.16301048504165144
1.2142428485697139,PASSED,-0.2635119704023178,-0.00389460296825116,-0.030518024318755853,2.6445006222068788,0.020345721898506516,0.1595046720147434
1.2152430486097219,PASSED,-0.2635158799817008,-0.003924699729303134,-0.029815918874119246,2.6445210462055124,0.020503026917188076,0.15583858312610424
1.2162432486497299,PASSED,-0.26351981929486673,-0.003954076607956947,-0.029084185173609056,2.644541625613813,0.02065657296652227,0.15201769347291721
1.2172434486897379,PASSED,-0.26352378760754863,-0.003982704616233759,-0.02832389034561215,2.6445623565976355,0.0208062085622266,0.14804753052527717
1.2182436487297459,PASSED,-0.26352778415703476,-0.004010555847816953,-0.027536125741582308,2.6445832351741956,0.020951787867359,0.14393382153714712
1.219243848769754,PASSED,-0.2635318081532625,-0.004037603502059829,-0.02672200657707299,2.644604257217778,0.02109317083787575,0.13968240316981467
1.220244048809762,PASSED,-0.2635358587799357,-0.0040638219079461736,-0.025882672092525337,2.6446254184655547,0.021230223284021323,0.135299141462751
1.22124424884977,PASSED,-0.263539935195664,-0.004089186544233251,-0.02501927908344528,2.6446467145235553,0.021362817053443756,0.13079018806222192
1.222244448889778,PASSED,-0.263544036535123,-0.004113674059672185,-0.024133006342592068,2.644668140872708,0.021490830105943704,0.12616162879176462
1.223244648929786,PASSED,-0.26354816191023317,-0.004137262291924737,-0.02322504952585813,2.6446896928750054,0.021614146582723766,0.12141970877226199
1.224244848969794,PASSED,-0.2635523104113571,-0.004159930283914834,-0.022296620299589474,2.6447113657797447,0.02173265692800257,0.11657076961649938
1.225245049009802,PASSED,-0.26355648110851176,-0.004181658298846692,-0.021348944686703623,2.6447331547298734,0.02184625798205413,0.11162124367493706
1.22624524904981,PASSED,-0.26356067305259606,-0.004202427834472739,-0.020383262918943844,2.6447550547683782,0.021954852990667167,0.1065775185717671
1.227245449089818,PASSED,-0.2635648852766313,-0.004222221635392468,-0.019400826253585336,2.644777060844786,0.022058351738086582,0.10144623331784398
1.228245649129826,PASSED,-0.26356911679701256,-0.004241023703044263,-0.018402895250601,2.6447991678216782,0.022156670573898297,0.09623390414096179
1.229245849169834,PASSED,-0.26357336661477054,-0.004258819304843943,-0.017390739499066943,2.6448213704812913,0.02224973243366365,0.09094716351495241
1.230246049209842,PASSED,-0.2635776337168415,-0.004275594983095899,-0.016365637420547977,2.644843663532149,0.022337466939425482,0.08559273392642167
1.23124624924985,PASSED,-0.2635819170773435,-0.004291338558674272,-0.01532886768359177,2.6448660416157277,0.022419810389398262,0.080177260670357
1.232246449289858,PASSED,-0.263586215658859,-0.004306039137602743,-0.014281719758391027,2.644888499313142,0.02249670575328692,0.07470743270086594
1.233246649329866,PASSED,-0.26359052841371966,-0.004319687113026969,-0.013225479201449241,2.6449110311518744,0.022568102770698362,0.06919007388515455
1.234246849369874,PASSED,-0.26359485428529483,-0.004332274166233612,-0.012161435876771138,2.644933631612497,0.022633957910539917,0.06363185047915501
1.235247049409882,PASSED,-0.2635991922092795,-0.004343793267466298,-0.01109087813662912,2.644956295135393,0.022694234323181992,0.058039454084020475
1.23624724944989,PASSED,-0.26360354111498197,-0.0043542386736797655,-0.01001509159802745,2.644979016127486,0.0227489019157227,0.05241968484516894
1.237247449489898,PASSED,-0.2636078999266088,-0.0043636059254133375,-0.008935358490602148,2.645001788968964,0.02279793733162018,0.04677923659901852
1.238247649529906,PASSED,-0.2636122675645466,-0.004371891842589,-0.007852956299034975,2.6450246080199524,0.0228413238305551,0.041124673825518834
1.239247849569914,PASSED,-0.26361664294663734,-0.004379094518119392,-0.006769155017963852,2.6450474676271933,0.022879051346810283,0.03546274454162702
1.240248049609922,PASSED,-0.26362102498944817,-0.004385213310687124,-0.005685217600912276,2.6450703621306797,0.022911116476754787,0.029800053546418036
1.24124824964993,PASSED,-0.26362541260953176,-0.004390248835010005,-0.004602395470859468,2.6450932858702236,0.022937522304912236,0.024143011231469096
1.242248449689938,PASSED,-0.26362980472467845,-0.0043942029531511785,-0.0035219332547156397,2.6451162331920166,0.02295827845714707,0.01849824623707581
1.243248649729946,PASSED,-0.2636342002551559,-0.004397078761201469,-0.0024450579140058684,2.6451391984550927,0.022973401044782325,0.012872148567378758
1.244248849769954,PASSED,-0.26363859812493756,-0.0043988805766747045,-0.001372987179387908,2.6451621760377537,0.022982912511393616,0.007271011973898538
1.245249049809962,PASSED,-0.26364299726291657,-0.004399613924653933,-0.00030692184579002714,2.6451851603439134,0.02298684162412639,0.0017011799053544506
1.24624924984997,PASSED,-0.26364739660410536,-0.004399285522018825,0.0007519522890411331,2.6452081458093604,0.022985223400071256,-0.0038311600287939417
1.247249449889978,PASSED,-0.2636517950908184,-0.0043979032598568,0.0018024687440137215,2.64523112690794,0.02297809896214101,-0.009319956531207735
1.248249649929986,PASSED,-0.2636561916738375,-0.0043954761853625965,0.002843478327663531,2.645254098157641,0.022965515478299642,-0.014759168714816322
1.249249849969994,PASSED,-0.26366058531355857,-0.004392014483207742,0.003873851372982789,2.645277054126599,0.022947526094041826,-0.020142861286484952
1.250250050010002,PASSED,-0.263664974981118,-0.00438752945457477,0.00489248013963279,2.645299989438967,0.022924189749183373,-0.025465333906431607
1.25125025005001,PASSED,-0.2636693596594981,-0.004382033494528792,0.005898279983540151,2.6453228987807025,0.02289557110342771,-0.030720853655149746
1.252250450090018,PASSED,-0.26367373834461016,-0.004375540070500803,0.0068901867242877725,2.6453457769052315,0.022861740464684695,-0.03590382880159619
1.253250650130026,PASSED,-0.26367811004635416,-0.004368063697822111,0.007867163314961276,2.64536861863897,0.022822773562807635,-0.04100895059404344
1.254250850170034,PASSED,-0.2636824737896542,-0.004359619914260988,0.008828197058565546,2.6453914188867627,0.022778751501095807,-0.04603080245701933
1.255251050210042,PASSED,-0.263686828615468,-0.004350225254657595,0.009772301299944136,2.6454141726371283,0.02272976059791172,-0.050964303668799726
1.25625125025005,PASSED,-0.2636911735817703,-0.004339897224157983,0.01069851663272534,2.64543687496743,0.022675892228418912,-0.055804413375475655
1.257251450290058,PASSED,-0.26369550776450895,-0.004328654269547161,0.011605913262886066,2.6454595210488483,0.02261724269127511,-0.060546286322683225
1.258251650330066,PASSED,-0.2636998302585323,-0.004316515750703904,0.012493589230171976,2.6454821061512415,0.022553913068677878,-0.06518518011359703
1.259251850370074,PASSED,-0.2637041401784875,-0.004303501911692411,0.013360672199039724,2.64550462564785,0.02248600907615027,-0.06971653413694362
1.260252050410082,PASSED,-0.26370843665968935,-0.004289633849995182,0.01420632136268875,2.6455270750198165,0.022413640851917462,-0.07413601763005076
1.26125225045009,PASSED,-0.26371271885895725,-0.004274933484257727,0.01502972865396526,2.645549449860584,0.022336922857931686,-0.07843931155626262
1.262252450490098,PASSED,-0.26371698595542176,-0.004259423523874272,0.01583011486977953,2.645571745880098,0.022255973701175203,-0.08262238688996525
1.263252650530106,PASSED,-0.2637212371512982,-0.004243127436342997,0.016606735972272534,2.645593958908862,0.022170915919639073,-0.08668137796690606
1.264252850570114,PASSED,-0.26372547167262755,-0.004226069412340029,0.017358882690097624,2.6456160849017976,0.022081875840630302,-0.09061254637001356
1.265253050610122,PASSED,-0.26372968876998376,-0.004208274333593909,0.018085876116802364,2.645638119941968,0.021988983446999264,-0.09441229180505564
1.26625325065013,PASSED,-0.26373388771914724,-0.0041897677388892255,0.018787073763270195,2.6456600602440754,0.021892372109069115,-0.09807736868020947
1.267253450690138,PASSED,-0.26373806782174336,-0.004170575786731347,0.019461871087617533,2.6456819021578113,0.021792178434504993,-0.1016045451533969
1.268253650730146,PASSED,-0.263742228405846,-0.004150725222142181,0.020109693590200164,2.645703642171015,0.021688542150400923,-0.10499077673784928
1.269253850770154,PASSED,-0.26374636882654573,-0.004130243341310725,0.02073000565896078,2.6457252769126467,0.021581605838253665,-0.10823333575353213
1.270254050810162,PASSED,-0.26375048846648186,-0.004109157953255139,0.021322309653335453,2.6457468031555615,0.02147151472987281,-0.11132962346574102
1.27125425085017,PASSED,-0.2637545867363382,-0.004087497344934642,0.021886140765271966,2.6457682178191164,0.02135841661394611,-0.11427711090066846
1.272254450890178,PASSED,-0.2637586630753024,-0.004065290244623262,0.02242107334211882,2.645789517971566,0.021242461576874695,-0.11707365451858383
1.273254650930186,PASSED,-0.2637627169514884,-0.004042565784602594,0.02292671780636726,2.6458107008322718,0.021123801770520135,-0.11971724091187498
1.274254850970194,PASSED,-0.26376674786232157,-0.004019353463095836,0.023402723973686382,2.6458317637737303,0.02100259132466395,-0.12220591581905701
1.275255051010202,PASSED,-0.2637707553348872,-0.003995683108598048,0.023848774847189346,2.6458527043233797,0.020878986078436898,-0.12453813316571766
1.27625525105021,PASSED,-0.2637747389262411,-0.003971584842097811,0.024264594268934826,2.64587352016524,0.020753143371875254,-0.1267124221589268
1.277255451090218,PASSED,-0.26377869822368294,-0.003947089038184249,0.024649943676646673,2.6458942091413435,0.020625221920048564,-0.12872747160519452
1.278255651130226,PASSED,-0.26378263284499237,-0.003922226289179791,0.025004619222998053,2.645914769252966,0.0204953815610042,-0.13058228400380645
1.279255851170234,PASSED,-0.26378654243862754,-0.003897027367781097,0.02532845618249105,2.64593519866167,0.020363783055615724,-0.13227598631159068
1.280256051210242,PASSED,-0.26379042668388614,-0.003871523188135228,0.025621328621455074,2.645955495690155,0.020230587947636516,-0.13380785575762094
1.2812562512502501,PASSED,-0.26379428529102905,-0.0038457447699007936,0.025883144643086758,2.645975658822901,0.0200959583173564,-0.13517747996178156
1.2822564512902581,PASSED,-0.2637981180013675,-0.003819723201623545,0.02611385070002405,2.6459956867066277,0.0199600565871944,-0.13638456362881063
1.2832566513302661,PASSED,-0.2638019245873123,-0.0037934896021428128,0.02631343200120398,2.6460155781505588,0.019823045379133916,-0.13742897101493412
1.2842568513702741,PASSED,-0.26380570485238736,-0.0037670750852488387,0.026481906822487127,2.646035332126492,0.01968508727521024,-0.1383108591961721
1.2852570514102821,PASSED,-0.26380945863120575,-0.003740510723573221,0.026619331577704155,2.6460549477686843,0.019546344634409366,-0.13903049520401298
1.2862572514502901,PASSED,-0.26381318578941015,-0.003713827511221278,0.026725799534769452,2.646074424373532,0.01940697942247749,-0.13958835641712075
1.2872574514902981,PASSED,-0.26381688622357774,-0.003687056329443951,0.026801436605698854,2.6460937613990825,0.019267153013129153,-0.13998511130248117
1.2882576515303061,PASSED,-0.2638205598610888,-0.003660227911398028,0.026846405672738965,2.6461129584643635,0.019127026024417782,-0.1402215736506284
1.2892578515703141,PASSED,-0.26382420665996137,-0.0036333728060655777,0.026860905105591217,2.646132015348497,0.01898675808444613,-0.14029885085233554
1.2902580516103221,PASSED,-0.2638278266086501,-0.003606521344777302,0.026845165410066114,2.6461509319896734,0.018846507706836674,-0.1402180621141996
1.2912582516503301,PASSED,-0.26383141972581253,-0.0035797036084189316,0.026799450323906668,2.6461697084839186,0.01870643210816908,-0.13998062303652792
1.2922584516903382,PASSED,-0.2638349860600406,-0.003552949392532528,0.02672405959473518,2.6461883450837003,0.018566686990239382,-0.13958811452514258
1.2932586517303462,PASSED,-0.2638385256895598,-0.003526288174816397,0.026619323130394827,2.6462068421963583,0.01842742641695595,-0.13904221245562565
1.2942588517703542,PASSED,-0.26384203872189593,-0.0034997490846386194,0.02648560154269888,2.646225200382368,0.0182888026379016,-0.13834482345349802
1.2952590518103622,PASSED,-0.26384552529351035,-0.003473360870289642,0.026323289553162387,2.6462434203534233,0.018150965883207453,-0.13749804218791056
1.2962592518503702,PASSED,-0.2638489855694037,-0.0034471518681087362,0.02613281059940107,2.6462615029703858,0.01801406426329222,-0.136504005066784
1.2972594518903782,PASSED,-0.2638524197426896,-0.0034211499738232122,0.025914616742939503,2.6462794492410544,0.017878243598773103,-0.1353651041540046
1.2982596519303862,PASSED,-0.26385582803413876,-0.0033953826123756413,0.02566919125065835,2.6462972603177755,0.017743647201985225,-0.13408392521046092
1.2992598519703942,PASSED,-0.26385921069169466,-0.0033698767092300856,0.025397044408820294,2.646314937494926,0.0176104158141525,-0.1326630295809026
1.3002600520104022,PASSED,-0.26386256798996,-0.003344658663561006,0.02509871317591912,2.6463324822062213,0.01747868743743951,-0.13110527480104478
1.3012602520504102,PASSED,-0.2638659002296572,-0.00331975432095633,0.024774762223847398,2.6463498960219125,0.017348597155820596,-0.12941361949749872
1.3022604520904182,PASSED,-0.26386920773706196,-0.0032951889474543733,0.024425781020696,2.646367180645809,0.017220277028195657,-0.12759113304323766
1.3032606521304262,PASSED,-0.26387249086341114,-0.0032709872045456564,0.02405238416739749,2.6463843379122016,0.017093855978494735,-0.12564099413938098
1.3042608521704342,PASSED,-0.26387574998428637,-0.0032471731251112676,0.023655209612383384,2.6464013697826356,0.016969459634272044,-0.1235665776115636
1.3052610522104422,PASSED,-0.26387898549897365,-0.0032237700898944443,0.023234918953116246,2.6464182783425674,0.0168472102038409,-0.12137133231086811
1.3062612522504502,PASSED,-0.2638821978298003,-0.0032008008051150126,0.022792195330308608,2.646435065797901,0.01672722639363656,-0.11905879546665898
1.3072614522904582,PASSED,-0.2638853874214502,-0.0031782872817281787,0.022327742091184724,2.6464517344714102,0.016609623269968714,-0.11663267580196705
1.3082616523304662,PASSED,-0.2638885547402576,-0.00315625081412777,0.02184228460655712,2.6464682867990494,0.016494512144477773,-0.1140967586169245
1.309261852370474,PASSED,-0.2638917002734818,-0.0031347119616432794,0.021336564403113063,2.6464847253261676,0.016382000508128,-0.11145488817167439
1.310262052410482,PASSED,-0.26389482452856255,-0.003113690529625635,0.020811343760665568,2.6465010527036106,0.016272191899231764,-0.10871108937927869
1.31126225245049,PASSED,-0.26389792803235745,-0.0030932055517471167,0.02026740062375394,2.6465172716837455,0.016165185823785046,-0.10586939949167608
1.312262452490498,PASSED,-0.26390101133036276,-0.0030732752749552394,0.019705527570625478,2.6465333851163857,0.016061077690773452,-0.10293395535820479
1.313262652530506,PASSED,-0.2639040749859184,-0.003053917142906211,0.019126535034630826,2.6465493959446316,0.015959958690253396,-0.099909030627955
1.314262852570514,PASSED,-0.263907119579398,-0.0030351477819198958,0.018531244954105058,2.6465653072006505,0.015861915762428853,-0.09679885928893288
1.315263052610522,PASSED,-0.26391014570738563,-0.003016982988877993,0.01792049176710088,2.6465811220013657,0.015767031510369622,-0.09360784723943644
1.31626325265053,PASSED,-0.26391315398183934,-0.0029994377180334315,0.01729512356286913,2.6465968435440863,0.015675384111671874,-0.09034043300328595
1.317263452690538,PASSED,-0.2639161450292437,-0.002982526069975015,0.01665599772211454,2.646612475102085,0.015587047311574386,-0.08700104482695575
1.318263652730546,PASSED,-0.263919119489752,-0.0029662612830003913,0.016003979809630177,2.6466280200201107,0.015502090345724319,-0.08359424653214471
1.319263852770554,PASSED,-0.26392207801631806,-0.002950655722524468,0.01533994758678528,2.6466434817098516,0.01542057786621658,-0.08012463482480035
1.320264052810562,PASSED,-0.26392502127382117,-0.0029357208746354476,0.01466478142384445,2.6466588636453614,0.015342569943382253,-0.07659678150734736
1.32126425285057,PASSED,-0.26392794993818264,-0.002921467339333173,0.01397937122122817,2.646674169358447,0.015268122030854285,-0.0730153332083823
1.322264452890578,PASSED,-0.2639308646954769,-0.0029079048234710004,0.013284612289469117,2.646689402434021,0.015197284899242885,-0.0693849972134096
1.323264652930586,PASSED,-0.2639337662410374,-0.0028950421388769603,0.012581399463753709,2.646704566505433,0.015130104639628928,-0.06571043454765804
1.324264852970594,PASSED,-0.26393665527855864,-0.0028828871971924605,0.01187063649833004,2.6467196652497655,0.015066622642862043,-0.061996371579702995
1.325265053010602,PASSED,-0.263939532519195,-0.0028714470065777796,0.011153226692248264,2.6467347023831334,0.015006875579478657,-0.05824752458584319
1.32626525305061,PASSED,-0.2639423986806585,-0.002860727673409176,0.010430070819507857,2.646749681655978,0.01495089542443013,-0.05446857535698375
1.327265453090618,PASSED,-0.2639452544863149,-0.002850734400210359,0.009702074785023773,2.646764606848313,0.014898709380397907,-0.05066435648238476
1.328265653130626,PASSED,-0.26394810066428115,-0.0028414714858609642,0.008970140725642287,2.6467794817650434,0.014850339972402869,-0.04683944233680513
1.329265853170634,PASSED,-0.2639509379465234,-0.002832942329171005,0.008235167332837034,2.646794310231227,0.014805805024956131,-0.04299861752002615
1.330266053210642,PASSED,-0.2639537670679582,-0.002825149431588662,0.007498051082013437,2.6468090960873885,0.01476511762985912,-0.039146580148334616
1.33126625325065,PASSED,-0.2639565887655564,-0.002818094399917637,0.00675968539703243,2.6468238431848286,0.014728286230683084,-0.03528794519450014
1.332266453290658,PASSED,-0.2639594037774523,-0.0028117779523326243,0.006020955710332779,2.646838555380972,0.0146953146369928,-0.03142735935414086
1.333266653330666,PASSED,-0.2639622128420578,-0.002806199924882493,0.005282741943330819,2.6468532365347417,0.014666202028789332,-0.027569440769684362
1.334266853370674,PASSED,-0.2639650166971833,-0.002801359277203093,0.004545918170112584,2.646867890501957,0.01464094300856723,-0.023718739857046242
1.335267053410682,PASSED,-0.26396781607916625,-0.0027972541016028606,0.0038113472203125283,2.6468825211307805,0.014619527649875683,-0.019879771247880717
1.33626725345069,PASSED,-0.2639706117220075,-0.0027938816311791495,0.0030798858926434085,2.646897132257204,0.014601941531867755,-0.016057015847959835
1.337267453490698,PASSED,-0.2639734043565179,-0.0027912382504020456,0.0023523773667447115,2.6469117277005907,0.014588165802914867,-0.012254871022840525
1.338267653530706,PASSED,-0.26397619470947464,-0.0027893195053710156,0.0016296568072208676,2.646926311259268,0.014578177232483721,-0.00847770337001471
1.339267853570714,PASSED,-0.26397898350278903,-0.0027881201154289657,0.0009125453652688951,2.646940886706167,0.01457194825213158,-0.004729831673556479
1.340268053610722,PASSED,-0.2639817714526863,-0.002787633986729534,0.00020185092220795236,2.646955457784541,0.014569447048107654,-0.0010154522575045032
1.34126825365073,PASSED,-0.2639845592688986,-0.0027878542242171325,-0.0005016297608034392,2.646970028203754,0.014570637644153757,0.0026612949151763
1.342268453690738,PASSED,-0.26398734765387144,-0.00278877314666954,-0.0011971175801435232,2.6469846016351264,0.014575479929130799,0.00629627835161761
1.343268653730746,PASSED,-0.2639901373019855,-0.002790382301913752,-0.0018838470202578563,2.64699918170786,0.014583929745495482,0.009885508373392608
1.3442688537707541,PASSED,-0.2639929288987927,-0.002792672482066014,-0.00256106890693094,2.6470137720050606,0.014595939031510435,0.013425137775991976
1.3452690538107621,PASSED,-0.2639957231202701,-0.0027956337410989227,-0.003228052450227243,2.6470283760598257,0.014611455842908036,0.016911260478675093
1.3462692538507701,PASSED,-0.26399852063208906,-0.0027992554108713773,-0.003884081320605922,2.647042997351431,0.014630424443652257,0.0203401609212522
1.3472694538907781,PASSED,-0.26400132208890353,-0.002803526120244135,-0.004528461407525415,2.6470576393016043,0.01465278544800664,0.02370823330980515
1.3482696539307861,PASSED,-0.264004128133656,-0.0028084338136999307,-0.0051605148213088045,2.6470723052708984,0.014678475886926577,0.027011909326690918
1.3492698539707941,PASSED,-0.26400693939690245,-0.0028139657701457097,-0.005779584195425538,2.647086998555172,0.014707429309994455,0.030247765562003523
1.3502700540108021,PASSED,-0.2640097564961576,-0.00282010862331909,-0.006385032492016832,2.6471017223821502,0.014739575885764019,0.033412449241269244
1.3512702540508101,PASSED,-0.26401258003525996,-0.0028268483829300586,-0.006976244356936846,2.6471164799081155,0.014774842529027292,0.036502772611276484
1.3522704540908181,PASSED,-0.26401541060375777,-0.002834170454929668,-0.0075526237613905995,2.6471312742147037,0.014813153013581732,0.03951562584988041
1.3532706541308261,PASSED,-0.26401824877631686,-0.0028420596634552426,-0.008113598368363464,2.6471461083057894,0.014854428031765041,0.04244794640559577
1.3542708541708341,PASSED,-0.2640210951121504,-0.002850500274413041,-0.008658619350755367,2.6471609851045197,0.01489858538266312,0.0452969538930688
1.3552710542108422,PASSED,-0.2640239501544706,-0.0028594760158908513,-0.00918715622917971,2.647175907450449,0.01494554007979587,0.048059859292535055
1.3562712542508502,PASSED,-0.264026814429964,-0.0028689701027899807,-0.009698707345762496,2.647190878096783,0.014995204398546926,0.05073395839006902
1.3572714542908582,PASSED,-0.26402968844829006,-0.002878965261750823,-0.010192793370896144,2.647205899707763,0.01504748807456813,0.053316821108628135
1.3582716543308662,PASSED,-0.2640325727016034,-0.0028894437518185317,-0.01066895453225019,2.647220974856176,0.015102298453048597,0.05580608339502402
1.3592718543708742,PASSED,-0.2640354676641002,-0.0029003873910720354,-0.011126762401006044,2.6472361060209693,0.015159540509121532,0.05819937119154279
1.3602720544108822,PASSED,-0.2640383737915892,-0.002911777582102321,-0.011565810116472468,2.6472512955850176,0.015219117053686062,0.06049466014652115
1.3612722544508902,PASSED,-0.26404129152108785,-0.002923595334898264,-0.011985714582255943,2.647266545833003,0.015280928883433168,0.06268994281416397
1.3622724544908982,PASSED,-0.2640442212704433,-0.002935821292891884,-0.012386120267862337,2.6472818589494396,0.015344874848153178,0.06478331265723984
1.3632726545309062,PASSED,-0.26404716343797824,-0.0029484357588937683,-0.012766696491232627,2.647297237016818,0.015410852010647751,0.06677306238612854
1.3642728545709142,PASSED,-0.26405011840216386,-0.002961418721492682,-0.013127140004033823,2.6473126820138946,0.015478755807655386,0.06865762008863859
1.3652730546109222,PASSED,-0.2640530865213167,-0.0029747498785010528,-0.01346716834459559,2.6473281958141106,0.015548480157437886,0.07043550291174155
1.3662732546509302,PASSED,-0.264056068133323,-0.0029884086647477383,-0.013786531514745574,2.6473437801841344,0.015619917570435397,0.07210535305469264
1.3672734546909382,PASSED,-0.2640590635553885,-0.0030023742794152396,-0.01408500343600505,2.647359436782579,0.015692959366622645,0.07366609160895528
1.3682736547309462,PASSED,-0.26406207308381374,-0.0030166257088577856,-0.014362380113573789,2.6473751671587986,0.01576749573048876,0.07511654537088465
1.3692738547709542,PASSED,-0.26406509699379727,-0.0030311417554810395,-0.014618490963040626,2.6473909727518774,0.01584341586710329,0.07645586411029322
1.3702740548109622,PASSED,-0.2640681355392633,-0.0030459010639581644,-0.014853186819848253,2.6474068548897223,0.0159206081971111,0.07768330727282032
1.3712742548509702,PASSED,-0.2640711889527168,-0.00306088214555463,-0.01506634478087688,2.6474228147882957,0.01599896040733455,0.078798145523866
1.3722744548909782,PASSED,-0.26407425744512436,-0.00307606340651167,-0.01525787174114844,2.6474388535510074,0.016078359643799955,0.07979996375976235
1.3732746549309862,PASSED,-0.2640773412058211,-0.003091423172968072,-0.01542769626657075,2.6474549721682097,0.016158692641011448,0.08068835284597939
1.3742748549709942,PASSED,-0.26408044040244416,-0.0031069397168766635,-0.015575775669938095,2.6474711715168593,0.016239845837064042,0.08146309152367438
1.3752750550110022,PASSED,-0.2640835551808914,-0.003122591282641024,-0.01570209249397559,2.647487452360299,0.01632170553486192,0.08212410198068469
1.3762752550510102,PASSED,-0.2640866856653068,-0.003138356112767009,-0.015806655213991706,2.6475038153481725,0.016404158016460182,0.0826714013433112
1.3772754550910182,PASSED,-0.26408983195809044,-0.0031542124722088163,-0.015889495593683762,2.6475202610164836,0.016487089682516536,0.08310517586504595
1.3782756551310262,PASSED,-0.2640929941399348,-0.0031701386749977732,-0.01595067425247182,2.6475367897877815,0.016570387197344456,0.08342574080317043
1.3792758551710342,PASSED,-0.26409617226988596,-0.00318611310929069,-0.01599027431988008,2.6475534019714697,0.016653937589054563,0.08363349231473739
1.3802760552110422,PASSED,-0.26409936638542897,-0.0032021142605179547,-0.016008402498853828,2.64757009776427,0.01673762842062602,0.08372905774260388
1.3812762552510502,PASSED,-0.26410257650259916,-0.003218120737667582,-0.016005193583477063,2.6475868772507845,0.016821347885773802,0.0837130700845657
1.3822764552910582,PASSED,-0.26410580261611677,-0.003234111297393055,-0.01598080382013712,2.647603740404208,0.016904984935007444,0.08358636866635534
1.3832766553310663,PASSED,-0.2641090446995457,-0.0032500648660007824,-0.015935411799454017,2.6476206870871457,0.016988429418340577,0.08334989311098005
1.3842768553710743,PASSED,-0.26411230270547625,-0.003265960563871374,-0.01586922191801706,2.6476377170525853,0.017071572217703095,0.08300473686354702
1.3852770554110823,PASSED,-0.26411557656573037,-0.003281777730033112,-0.0157824623242187,2.6476548299449445,0.017154305311832638,0.08255199897353223
1.3862772554510903,PASSED,-0.26411886619159036,-0.003297495942136028,-0.015675378622047542,2.647672025301284,0.017236521949698796,0.0819930637945767
1.3872774554910983,PASSED,-0.26412217147404954,-0.003313095039155604,-0.015548242617928603,2.6476893025526067,0.017318116763499977,0.08132931380557791
1.3882776555311063,PASSED,-0.2641254922840849,-0.003328555144982352,-0.015401347965960693,2.6477066610252806,0.017398985834213745,0.08056224198589439
1.3892778555711143,PASSED,-0.2641288284729507,-0.003343856687078002,-0.01523500484877639,2.6477240999425793,0.01747902684879581,0.07969352964617522
1.3902780556111223,PASSED,-0.26413217987249393,-0.003358980417961033,-0.015049548239201327,2.6477416184263185,0.017558139198719576,0.07872489677549056
1.3912782556511303,PASSED,-0.2641355462954888,-0.003373907436134603,-0.014845331463148204,2.6477592154986116,0.01763622406494685,0.0776581791951244
1.3922784556911383,PASSED,-0.2641389275359924,-0.003388619204963967,-0.01462272707350778,2.6477768900837186,0.017713184532578377,0.07649532658913312
1.3932786557311463,PASSED,-0.2641423233697182,-0.0034030975703516334,-0.014382124263772207,2.6477946410100075,0.017788925712480506,0.0752384154441244
1.3942788557711543,PASSED,-0.26414573355442944,-0.003417324780976565,-0.014123934865703984,2.647812467012001,0.017863354797075907,0.07388953069625304
1.3952790558111623,PASSED,-0.2641491578303497,-0.0034312835061515814,-0.013848585381225131,2.647830366732524,0.017936381162982965,0.0724509227142556
1.3962792558511703,PASSED,-0.2641525959205913,-0.0034449568508836143,-0.01355651763257151,2.647848338724934,0.018007916487217515,0.07092492524808074
1.3972794558911783,PASSED,-0.2641560475316002,-0.0034583283734708455,-0.013248192557004013,2.647866381455464,0.018077874823511437,0.06931394365780989
1.3982796559311863,PASSED,-0.26415951235361734,-0.0034713821025754545,-0.012924086803011946,2.6478844933056047,0.01814617263589511,0.06762039153424533
1.3992798559711943,PASSED,-0.2641629900611554,-0.00348410255027199,-0.012584688292218309,2.6479026725746224,0.018212728956520513,0.0658469400195076
1.4002800560112023,PASSED,-0.26416648031348994,-0.003496474726941979,-0.012230502255169768,2.6479209174821063,0.018277465423370907,0.06399615140431592
1.4012802560512103,PASSED,-0.26416998275516523,-0.0035084841568057573,-0.011862048269517377,2.647939226170616,0.018340306311103546,0.06207071195152338
1.4022804560912183,PASSED,-0.26417349701651316,-0.003520116888773297,-0.011479854432887635,2.6479575967083995,0.01840117868704879,0.060073485274390534
1.4032806561312263,PASSED,-0.2641770227141848,-0.0035313595093708025,-0.011084464707251137,2.6479760270921613,0.018460012419319338,0.05800723026798353
1.4042808561712343,PASSED,-0.264180559451694,-0.0035421991554188477,-0.010676433608574875,2.6479945152499065,0.0185167402130955,0.05587483611494788
1.4052810562112423,PASSED,-0.2641841068199726,-0.0035526235240043143,-0.010256325236727246,2.648013059043839,0.018571297734131017,0.053679310982563996
1.4062812562512503,PASSED,-0.26418766439793534,-0.0035626208818528428,-0.009824712923062499,2.6480316562733197,0.018623623639882316,0.0514236355971158
1.4072814562912583,PASSED,-0.26419123175305514,-0.0035721800764254696,-0.009382182339003627,2.6480503046778665,0.01867365958273236,0.049110814351996525
1.4082816563312663,PASSED,-0.2641948084419476,-0.003581290544299964,-0.008929324898154893,2.648069001940208,0.01872135030025555,0.04674398630398576
1.4092818563712743,PASSED,-0.264198394010963,-0.00358994231686321,-0.00846673767330682,2.648087745689382,0.018766643673740493,0.04432629827225132
1.4102820564112823,PASSED,-0.26420198799678657,-0.003598126030214396,-0.007995030469772213,2.648106533503865,0.018809490707436056,0.04186085731110151
1.4112822564512904,PASSED,-0.26420558992704485,-0.0036058329306954107,-0.0075148138218426915,2.6481253629147528,0.018849845604434676,0.03935092345696125
1.4122824564912984,PASSED,-0.2642091993209186,-0.0036130548790363278,-0.007026704686966804,2.6481442314089523,0.018887665795080704,0.036799702105404564
1.4132826565313064,PASSED,-0.2642128156897606,-0.0036197843573593435,-0.0065313274137150405,2.6481631364324136,0.018922911930204706,0.03421042380306768
1.4142828565713144,PASSED,-0.26421643853771826,-0.00362601447213157,-0.006029306344567425,2.648182075393383,0.01895554793470675,0.03158639163469933
1.4152830566113224,PASSED,-0.26422006736235903,-0.0036317389568156833,-0.0055212702438108075,2.6482010456656755,0.01898554102656761,0.02893089201163508
1.4162832566513304,PASSED,-0.26422370165530024,-0.0036369521763757935,-0.005007852437643289,2.648220044591966,0.019012861709393123,0.02624721003476498
1.4172834566913384,PASSED,-0.2642273409028396,-0.003641649127201875,-0.0044896830850415575,2.648239069487076,0.01903748376901215,0.023538626008538656
1.4182836567313464,PASSED,-0.26423098458658806,-0.003645825438388321,-0.00396739658738202,2.6482581176412947,0.0190593843384997,0.02080853180689174
1.4192838567713544,PASSED,-0.264234632184103,-0.003649477373949453,-0.0034416282102987254,2.6482771863236754,0.01907854384121801,0.0180601499925877
1.4202840568113624,PASSED,-0.2642382831695214,-0.003652601830026999,-0.0029130079890444674,2.6482962727853585,0.01909494600371102,0.015296837493290959
1.4212842568513704,PASSED,-0.26424193701419224,-0.0036551963338235455,-0.002382167668214577,2.6483153742628693,0.019108577879544425,0.012521901393484377
1.4222844568913784,PASSED,-0.26424559318730734,-0.003657259044251351,-0.0018497389341993935,2.6483344879814092,0.019119429783147367,0.009738571742578327
1.4232846569313862,PASSED,-0.2642492511565297,-0.003658788746262456,-0.0013163440623754235,2.648353611158156,0.019127495327900135,0.006950193426225052
1.4242848569713942,PASSED,-0.2642529103886192,-0.0036597848486776725,-0.000782607983777678,2.6483727410055207,0.019132771394845437,0.004159982624690806
1.4252850570114022,PASSED,-0.2642565703500544,-0.003660247380886655,-0.000249148359119095,2.648391874734409,0.01913525808913795,0.0013711687377233064
1.4262852570514102,PASSED,-0.26426023050764974,-0.0036601769867827907,0.00028342241251961067,2.6484110095574374,0.019134958730611787,-0.001413043368752418
1.4272854570914182,PASSED,-0.26426389032916814,-0.0036595749200956477,0.0008144962035585193,2.648430142692145,0.019131879846611716,-0.004189444420952633
1.4282856571314262,PASSED,-0.2642675492839273,-0.00365844303831089,0.0013434721722231043,2.648449271364155,0.01912603110163565,-0.006954945346140065
1.4292858571714342,PASSED,-0.26427120684340005,-0.003656783795552338,0.0018697564827715603,2.648468392810321,0.01911742528007136,-0.00970640570972712
1.4302860572114422,PASSED,-0.264274862481807,-0.003654600234753431,0.002392763676330301,2.6484875042818175,0.0191060782569952,-0.012440767987113513
1.4312862572514502,PASSED,-0.2642785156767019,-0.003651895980870614,0.0029119140204749575,2.6485066030472177,0.019092008958568125,-0.015154985387048814
1.4322864572914582,PASSED,-0.26428216590954895,-0.0036486752318646816,0.003426638996237488,2.648525686395484,0.019075239265180153,-0.017846165388587267
1.4332866573314662,PASSED,-0.2642858126662902,-0.003644942747793195,0.003936380788320041,2.6485447516389566,0.019055794029861156,-0.020511281939272232
1.4342868573714742,PASSED,-0.2642894554379039,-0.003640703842203353,0.004440588790857531,2.648563796116271,0.019033701021761884,-0.023147492205943063
1.4352870574114822,PASSED,-0.26429309372095316,-0.0036359643736035697,0.004938721805733358,2.6485828171952166,0.01900899080164833,-0.02575203871862785
1.4362872574514902,PASSED,-0.2642967270181232,-0.0036307307310132057,0.005430256446784515,2.648601812275554,0.018981696734270404,-0.02832208648413208
1.4372874574914982,PASSED,-0.26430035483874725,-0.003625009823020464,0.0059146756900470355,2.6486207787917655,0.018951854926177878,-0.03085495583145704
1.4382876575315062,PASSED,-0.2643039766993216,-0.003618809069036489,0.0063914728465937105,2.6486397142157485,0.018919504120634027,-0.03334803868545036
1.4392878575715142,PASSED,-0.2643075921240073,-0.0036121363834536605,0.0068601607403181285,2.6486586160594254,0.018884685635115812,-0.0357987834067203
1.4402880576115222,PASSED,-0.2643112006451195,-0.003605000161805161,0.007320262253953685,2.6486774818773275,0.018847443361346087,-0.038204600678398884
1.4412882576515302,PASSED,-0.26431480180360367,-0.003597409271192057,0.007771309519204388,2.6486963092690683,0.018807823624589826,-0.04056316080817408
1.4422884576915382,PASSED,-0.26431839514949795,-0.0035893730342691837,0.008212855191985535,2.648715095881767,0.018765875104053302,-0.04287209368875587
1.4432886577315462,PASSED,-0.2643219802423812,-0.0035809012124053186,0.00864446631178422,2.6487338394123867,0.018721648817703364,-0.04512908145739455
1.4442888577715542,PASSED,-0.26432555665180646,-0.003572003994794597,0.009065718476680534,2.6487525376100107,0.018675198017545466,-0.04733194595823601
1.4452890578115622,PASSED,-0.26432912395771974,-0.0035626919821663263,0.009476208729331758,2.64877118827803,0.018626578084606497,-0.0494785909261267
1.4462892578515703,PASSED,-0.26433268175086333,-0.003552976169713368,0.009875548268708704,2.648789789276249,0.018575846469615156,-0.05156696436815038
1.4472894578915783,PASSED,-0.2643362296331631,-0.0035428679320332903,0.010263363954323326,2.648808338522913,0.018523062625731477,-0.05359509689403433
1.4482896579315863,PASSED,-0.2643397672181002,-0.0035323790083602096,0.010639296818919206,2.6488268339966536,0.01846828789545152,-0.05556115253724347
1.4492898579715943,PASSED,-0.26434329413106594,-0.0035215214841886207,0.011003009073368666,2.648845273738348,0.018411585439203126,-0.05746332538916001
1.4502900580116023,PASSED,-0.2643468100097007,-0.003510307774596191,0.011354176605137444,2.6488636558528933,0.018353020154248747,-0.05929992466452852
1.4512902580516103,PASSED,-0.2643503145042149,-0.003498750608574873,0.011692492298771335,2.6488819785108744,0.01829265854818911,-0.06106939365637983
1.4522904580916183,PASSED,-0.2643538072776942,-0.003486863010964029,0.01201766781889206,2.648900239950173,0.018230568702568013,-0.06277014693090463
1.4532906581316263,PASSED,-0.26435728800638575,-0.0034746582840786736,0.012329432929663972,2.6489184384774664,0.018166820167045877,-0.06440079458295492
1.4542908581716343,PASSED,-0.2643607563799681,-0.0034621499910802455,0.012627533044271059,2.6489365724696308,0.018101483811334244,-0.0659600631307533
1.4552910582116423,PASSED,-0.2643642121018028,-0.003449351939000328,0.012911731437014807,2.6489546403750577,0.018034631793678743,-0.06744665400533686
1.4562912582516503,PASSED,-0.2643676548891679,-0.003436278158176542,0.01318181374830042,2.648972640714895,0.01796633749327471,-0.06885939800316417
1.4572914582916583,PASSED,-0.26437108447347407,-0.003422942885734783,0.013437578237398117,2.6489905720841507,0.017896675305052477,-0.07019738170161699
1.4582916583316663,PASSED,-0.2643745006004615,-0.003409360548472779,0.013678843278407042,2.649008433152746,0.01782572062821245,-0.07145954026563363
1.4592918583716743,PASSED,-0.26437790303037983,-0.0033955457421842735,0.01390544829523802,2.64902622266645,0.01775354980247908,-0.07264501604519442
1.4602920584116823,PASSED,-0.2643812915381484,-0.0033815132138621854,0.014117248339987811,2.6490439394477074,0.01768023988670361,-0.07375318226232219
1.4612922584516903,PASSED,-0.26438466591349885,-0.0033672778449013196,0.014314116041451008,2.649061582396416,0.017605868686717745,-0.07478321180156154
1.4622924584916983,PASSED,-0.2643880259610997,-0.0033528546317364493,0.014495944580483896,2.6490791504905364,0.01753051460145671,-0.07573466756735299
1.4632926585317063,PASSED,-0.2643913715006615,-0.0033382586657442924,0.014662646933272535,2.6490966427866844,0.0174542565262903,-0.0766070135657823
1.4642928585717143,PASSED,-0.264394702367024,-0.0033235051173899945,0.01481414930164785,2.6491140584205617,0.01737717377277812,-0.07739991347645077
1.4652930586117223,PASSED,-0.26439801841022553,-0.003308609217198813,0.014950400784204475,2.6491313966073364,0.017299345971047448,-0.0781130605668174
1.4662932586517303,PASSED,-0.26440131949555323,-0.0032935862363992845,0.01507136747641137,2.64914865664189,0.01722085295445909,-0.07874632060271959
1.4672934586917383,PASSED,-0.2644046055035754,-0.0032784514694689407,0.015177033232965024,2.6491658378990097,0.017141774697101677,-0.0792995485272091
1.4682936587317463,PASSED,-0.2644078763301561,-0.0032632202168827863,0.015267398821613473,2.649182939833439,0.017062191183356498,-0.07977282389049647
1.4692938587717543,PASSED,-0.2644111318864508,-0.0032479077654938783,0.01534248643377069,2.6491999619798823,0.016982182342081528,-0.08016618619795059
1.4702940588117623,PASSED,-0.2644143720988855,-0.0032325293720877773,0.015402331387654752,2.6492169039528846,0.016901827962033423,-0.08047984261487619
1.4712942588517703,PASSED,-0.2644175969091168,-0.003217100245504982,0.0154469900462225,2.649233765446621,0.016821207541488577,-0.08071413916482092
1.4722944588917783,PASSED,-0.2644208062739753,-0.0032016355283109115,0.01547653529263645,2.649250546234608,0.016740400257130472,-0.08086938115362637
1.4732946589317863,PASSED,-0.2644240001653917,-0.003186150281034749,0.015491055265179578,2.6492672461693245,0.016659484888703426,-0.08094602660932552
1.4742948589717944,PASSED,-0.2644271785703052,-0.0031706594643298547,0.015490657664704033,2.649283865181715,0.016578539629929456,-0.0809447468837338
1.4752950590118024,PASSED,-0.26443034149055583,-0.003155177922449558,0.015475464690691536,2.6493004032806486,0.01649764210320734,-0.08086604661437895
1.4762952590518104,PASSED,-0.26443348894275953,-0.00313972036624805,0.015445617208719002,2.6493168605522497,0.016416869255606474,-0.08071071492518583
1.4772954590918184,PASSED,-0.2644366209581672,-0.0031243013578365567,0.01540126921334274,2.649333237159178,0.016336297218993285,-0.08047958440519155
1.4782956591318264,PASSED,-0.2644397375825078,-0.003108935294613345,0.0153425925631245,2.6493495333397967,0.016256001274890606,-0.08017351723433111
1.4792958591718344,PASSED,-0.26444283887581543,-0.0030936363929896576,0.015269774330730032,2.6493657494072766,0.01617605577747611,-0.07979348420126782
1.4802960592118424,PASSED,-0.26444592491224134,-0.003078418673359063,0.015183016497171362,2.649381885748616,0.016096534050888397,-0.07934055484533964
1.4812962592518504,PASSED,-0.2644489957798507,-0.0030632959464288643,0.015082533885549922,2.649397942823563,0.016017508288204314,-0.0788159012432455
1.4822964592918584,PASSED,-0.26445205158040463,-0.003048281796872482,0.014968560003603809,2.649413921163506,0.0159390495628942,-0.07822060802135494
1.4832966593318664,PASSED,-0.264455092429128,-0.003033389569535003,0.014841338893396012,2.649429821370225,0.015861227653688893,-0.07755610999461168
1.4842968593718744,PASSED,-0.26445811845446315,-0.0030186323574577733,0.0147011275331193,2.64944564411464,0.015784111021398862,-0.07682364715364164
1.4852970594118824,PASSED,-0.2644611297978103,-0.0030040229865328835,0.01454819985273643,2.649461390135428,0.01570776676389423,-0.07602466440529071
1.4862972594518904,PASSED,-0.26446412661325414,-0.002989574002486525,0.014382840175440257,2.6494770602376048,0.01563226047769533,-0.07516070072797183
1.4872974594918984,PASSED,-0.2644671090672789,-0.002975297660292287,0.01420534354010266,2.64949265529104,0.01555765626130097,-0.074233226838618
1.4882976595319064,PASSED,-0.26447007733846967,-0.002961205910200581,0.01401602112610817,2.6495081762288906,0.015484016628718678,-0.07324390307807409
1.4892978595719144,PASSED,-0.2644730316172032,-0.002947310386828418,0.013815191536199388,2.6495236240459774,0.015411402404246313,-0.07219443873522831
1.4902980596119224,PASSED,-0.2644759721053259,-0.002933622397855807,0.013603187263552191,2.649538999797124,0.015339872752963843,-0.07108645964729929
1.4912982596519304,PASSED,-0.26447889901582267,-0.002920152913805831,0.013380348574259165,2.6495543045954006,0.015269485056496378,-0.0699218543475741
1.4922984596919384,PASSED,-0.2644818125724734,-0.0029069125571484443,0.013147028712805155,2.649569539610347,0.015200294855682181,-0.0687024317919473
1.4932986597319464,PASSED,-0.2644847130095008,-0.00289391159246698,0.012903588660571143,2.6495847060661246,0.015132355858870662,-0.06743004015790065
1.4942988597719544,PASSED,-0.2644876005712081,-0.002881159918058088,0.012650398241105263,2.6495998052396166,0.015065719836044484,-0.06610667793836478
1.4952990598119624,PASSED,-0.2644904755116083,-0.0028686670570709652,0.012387836151134753,2.649614838458503,0.015000436595697548,-0.06473428195264969
1.4962992598519704,PASSED,-0.26449333809404385,-0.002856442147446713,0.012116291939664034,2.6496298070992665,0.014936553954083071,-0.0633148813890244
1.4972994598919784,PASSED,-0.26449618859080004,-0.002844493937114707,0.01183615592690071,2.649644712585165,0.014874117659325297,-0.06185057033693969
1.4982996599319864,PASSED,-0.2644990272827092,-0.0028328307749576425,0.011547832977173954,2.6496595563841696,0.014813171383673872,-0.06034341252774798
1.4992998599719944,PASSED,-0.2645018544587488,-0.002821460603253797,0.011251730854959471,2.649674340006867,0.01475375669636814,-0.05879553715771808
1.5003000600120024,PASSED,-0.2645046704156335,-0.002810390954654216,0.010948260429328652,2.649689065004312,0.014695912986076757,-0.057209159047158564
1.5013002600520104,PASSED,-0.26450747545740055,-0.0027996289440268955,0.010637844092649043,2.649703732965878,0.014639677480048446,-0.05558640401574668
1.5023004600920185,PASSED,-0.2645102698949898,-0.0027891812623295304,0.010320906767175701,2.64971834551705,0.014585085203965075,-0.05392952412845082
1.5033006601320265,PASSED,-0.2645130540458199,-0.0027790541757374823,0.009997873141963827,2.6497329043172075,0.014532168920215298,-0.05224079016399342
1.5043008601720345,PASSED,-0.26451582823335884,-0.00276925351974627,0.009669177890711134,2.649747411057393,0.014480959176337991,-0.050522379686185205
1.5053010602120425,PASSED,-0.264518592786692,-0.002759784693192711,0.009335258995457974,2.6497618674580337,0.01443148423160469,-0.04877665476471259
1.5063012602520505,PASSED,-0.26452134804008565,-0.0027506526589646287,0.008996551049832107,2.6497762752666687,0.014383770032707854,-0.04700589498491622
1.5073014602920585,PASSED,-0.2645240943325495,-0.0027418619420013068,0.00865349423898162,2.6497906362556702,0.014337840286595934,-0.045212313529924074
1.5083016603320665,PASSED,-0.2645268320073949,-0.0027334166224942677,0.008306536352410134,2.6498049522199176,0.01429371634675676,-0.043398357378673064
1.5093018603720745,PASSED,-0.26452956141179373,-0.002725320338758249,0.00795611532509062,2.6498192249745056,0.014251417249041522,-0.041566257939616824
1.5103020604120825,PASSED,-0.2645322828963342,-0.002717576287152693,0.007602675792533758,2.6498334563524066,0.014210959733570195,-0.03971835382580059
1.5113022604520905,PASSED,-0.26453499681457754,-0.0027101872174605385,0.007246665625234605,2.649847648202167,0.014172358205387073,-0.03785697775466698
1.5123024604920985,PASSED,-0.2645377035226138,-0.0027031554361926597,0.006888525029641142,2.649861802385573,0.014135624740543218,-0.03598445623664561
1.5133026605321065,PASSED,-0.26454040337861867,-0.0026964828085594833,0.006528696035533183,2.649875920775339,0.014100769109692558,-0.03410308059333492
1.5143028605721145,PASSED,-0.26454309674241044,-0.0026901707553722,0.006167624621783681,2.6498900052527943,0.01406779877841183,-0.03221516507232434
1.5153030606121225,PASSED,-0.26454578397501,-0.0026842202584436946,0.005805745132986456,2.6499040577055717,0.014036718890174311,-0.030323037014313426
1.5163032606521305,PASSED,-0.26454846543820115,-0.002678631862772968,0.0054434960292198105,2.649918080025318,0.014007532311765934,-0.02842893933775363
1.5173034606921385,PASSED,-0.2645511414940947,-0.002673405676661862,0.005081312832363294,2.649932074105408,0.01398023964251251,-0.026535155863869026
1.5183036607321465,PASSED,-0.2645538125046946,-0.0026685413769831773,0.004719624242899211,2.649946041838681,0.013954839206365387,-0.024643956335958696
1.5193038607721545,PASSED,-0.2645564788314687,-0.0026640382136831845,0.004358856004721617,2.649959985115188,0.013931327093618651,-0.02275755035391845
1.5203040608121625,PASSED,-0.2645591408349223,-0.0026598950116260307,0.00399943275877492,2.649973905819976,0.013909697199565897,-0.02087812318531116
1.5213042608521705,PASSED,-0.26456179887417686,-0.0026561101765495954,0.0036417699548745405,2.649987805830863,0.013889941186650826,-0.019007939401575913
1.5223044608921785,PASSED,-0.2645644533065533,-0.0026526817009299027,0.003286279396237908,2.650001687016285,0.013872048583692429,-0.017149045329612284
1.5233046609321865,PASSED,-0.26456710448716125,-0.0026496071682047067,0.0029333682778352865,2.6500155512331185,0.013856006776904762,-0.0153036477597044
1.5243048609721945,PASSED,-0.26456975276849276,-0.002646883758754134,0.0025834368990647126,2.6500294003245863,0.013841801039213248,-0.013473797646053802
1.5253050610122025,PASSED,-0.26457239850002384,-0.00264450825847929,0.0022368758586966474,2.6500432361181474,0.013829414576958689,-0.011661571993563193
1.5263052610522105,PASSED,-0.26457504202782156,-0.002642477062794916,0.001894075568159105,2.650057060423458,0.01381882856208941,-0.009868976786423763
1.5273054610922185,PASSED,-0.26457768369415846,-0.002640786185143229,0.0015554123740384636,2.650070875030351,0.013810022173921615,-0.008097995755373915
1.5283056611322265,PASSED,-0.2645803238371347,-0.002639431265492231,0.0012212578356379585,2.650084681706851,0.013802972611238166,-0.006350607302165067
1.5293058611722345,PASSED,-0.26458296279030746,-0.002638407577159966,0.0008919753300169341,2.6500984821972495,0.01379765518316939,-0.004628641913184856
1.5303060612122426,PASSED,-0.26458560088232935,-0.002637710035320404,0.0005679195125921041,2.650112278220211,0.013794043334803836,-0.0029339860004673033
1.5313062612522506,PASSED,-0.26458823843659457,-0.0026373332059819394,0.00024943588904595074,2.650126071466911,0.013792108641192699,-0.0012684986849163628
1.5323064612922586,PASSED,-0.2645908757708946,-0.002637271315842815,-6.314036082295717e-05,2.6501398635992435,0.01379182092336502,0.00036613607714415465
1.5333066613322666,PASSED,-0.2645935131970825,-0.002637518260362736,-0.00036948062598625577,2.650153656248071,0.01379314830594703,0.00196821358525518
1.5343068613722746,PASSED,-0.26459615102074785,-0.0026380676138279806,-0.0006692686914172961,2.65016745101151,0.013796057180060443,0.0035359811321825424
1.5353070614122826,PASSED,-0.2645987895409003,-0.0026389126405437597,-0.0009621987320203884,2.6501812494532895,0.01380051233001437,0.00506792916842311
1.5363072614522904,PASSED,-0.26460142904966416,-0.0026400463035554282,-0.0012479725314345617,2.65019505310114,0.013806476989150501,0.006562479114604926
1.5373074614922984,PASSED,-0.26460406983198326,-0.002641461276207747,-0.0015263060662417428,2.6502088634452656,0.013813912854630538,0.00801812305699247
1.5383076615323064,PASSED,-0.26460671216533627,-0.002643149953080086,-0.0017969240764031413,2.650222681936833,0.013822780147278297,0.00943340570826997
1.5393078615723144,PASSED,-0.2646093563194634,-0.0026451044604039213,-0.0020595628221230016,2.6502365099865695,0.013833037731297253,0.010807036226081528
1.5403080616123224,PASSED,-0.26461200255610395,-0.0026473166672984823,-0.0023139696095190853,2.650250348963364,0.013844643095808623,0.012137583368229923
1.5413082616523304,PASSED,-0.2646146511287453,-0.0026497781985530787,-0.0025599056846475543,2.6502642001929693,0.013857552431437577,0.013423837136104535
1.5423084616923384,PASSED,-0.2646173022823843,-0.002652480445941745,-0.0027971418580126322,2.6502780649567454,0.013871720755129135,0.014664648061862394
1.5433086617323464,PASSED,-0.2646199562532989,-0.002655414578203331,-0.0030254591973020123,2.6502919444904744,0.013887101899174801,0.015858808034868468
1.5443088617723544,PASSED,-0.26462261326883374,-0.0026585715558940233,-0.0032446566862853296,2.6503058399832273,0.013903648582430327,0.017005266735964485
1.5453090618123624,PASSED,-0.26462527354719634,-0.0026619421430202545,-0.0034545407528614714,2.650319752576306,0.013921312526123343,0.018103061664383007
1.5463092618523704,PASSED,-0.2646279372972661,-0.002665516916786628,-0.0036549291087146375,2.65033368336224,0.013940044472174387,0.019151202308817866
1.5473094618923784,PASSED,-0.2646306047184163,-0.0026692862839549454,-0.0038456592080521,2.6503476333838494,0.013959794237446211,0.020148807247165158
1.5483096619323864,PASSED,-0.2646332760003478,-0.0026732404916690994,-0.004026573384888288,2.650361603633391,0.013980510847355548,0.02109514501745256
1.5493098619723944,PASSED,-0.26463595132293594,-0.0026773696385858623,-0.004197529271345511,2.6503755950517425,0.014002142537029734,0.021989386112007157
1.5503100620124024,PASSED,-0.2646386308560897,-0.0026816636903566437,-0.004358400103738587,2.6503896085276675,0.014024636810310263,0.022830864726211323
1.5513102620524104,PASSED,-0.26464131475962427,-0.002686112491795551,-0.004509068995685991,2.6504036448971506,0.014047940580732133,0.023619040885641297
1.5523104620924184,PASSED,-0.2646440031831463,-0.002690705778030563,-0.004649431061229294,2.6504177049427984,0.014072000187579082,0.024353317487818733
1.5533106621324264,PASSED,-0.26464669626595116,-0.0026954331886833,-0.004779397047075286,2.6504317893933003,0.014096761438321517,0.025033206245510465
1.5543108621724344,PASSED,-0.2646493941369349,-0.0027002842823865723,-0.0048988914740701805,2.650445898922965,0.014122169735494974,0.02565835779208903
1.5553110622124424,PASSED,-0.2646520969145169,-0.002705248546098702,-0.0050078452041687205,2.650460034151314,0.014148170107655188,0.02622838173896352
1.5563112622524504,PASSED,-0.2646548047065777,-0.002710315410507622,-0.005106210545420914,2.650474195642766,0.014174707289745772,0.026743048991663698
1.5573114622924584,PASSED,-0.26465751761040773,-0.0027154742634407014,-0.005193947858185084,2.650488383906349,0.014201725770594253,0.027202102086359238
1.5583116623324664,PASSED,-0.2646602357126702,-0.002720714459908766,-0.005271028874650528,2.650502599395532,0.014229169901433131,0.027605483340555494
1.5593118623724744,PASSED,-0.26466295908937626,-0.002726025337333032,-0.005337443124009621,2.6505168425080687,0.014256983922328431,0.027953045931798762
1.5603120624124824,PASSED,-0.2646656878058729,-0.002731396227996557,-0.0053931890232020085,2.6505311135859477,0.014285112024651837,0.028244806584476943
1.5613122624524904,PASSED,-0.26466842191684326,-0.0027368164696731615,-0.005438276778872749,2.65054541291539,0.014313498467314974,0.028480866715578885
1.5623124624924984,PASSED,-0.26467116146632,-0.0027422754203782753,-0.005472733322608111,2.6505597407269206,0.014342087601909026,0.028661313179702212
1.5633126625325064,PASSED,-0.26467390648771105,-0.0027477624702484642,-0.005496594235242332,2.6505740971954928,0.014370823916929214,0.028786316247178947
1.5643128625725145,PASSED,-0.26467665700383697,-0.0027532670524324813,-0.005509907483200379,2.650588482440697,0.014399652165203017,0.028856202958217503
1.5653130626125225,PASSED,-0.2646794130269809,-0.0027587786559067516,-0.005512734134983794,2.6506028965270163,0.014428517390620078,0.028871240389621022
1.5663132626525305,PASSED,-0.264682174558951,-0.0027642868391479633,-0.00550514931203036,2.6506173394641426,0.014457364951752887,0.028831774961597768
1.5673134626925385,PASSED,-0.2646849415911538,-0.0027697812391568734,-0.005487233806830112,2.6506318112073677,0.01448614065642491,0.028738324478974727
1.5683136627325465,PASSED,-0.26468771410468,-0.0027752515837255673,-0.005459085076603425,2.650646311658039,0.014514790810864327,0.028591374413042936
1.5693138627725545,PASSED,-0.26469049207040113,-0.0027806877046180605,-0.005420811436419998,2.6506608406640506,0.014543262205015735,0.02839140731031917
1.5703140628125625,PASSED,-0.26469327544907806,-0.0027860795470675504,-0.005372529791535922,2.6506753980204127,0.014571502238493688,0.028139117589709245
1.5713142628525705,PASSED,-0.2646960641914801,-0.002791417180072473,-0.005314368480513518,2.650689983469884,0.01459945900626067,0.02783520121849663
1.5723144628925785,PASSED,-0.26469885823851513,-0.0027966908092826683,-0.005246469696649351,2.6507045967036373,0.01462708125810314,0.027480285591786877
1.5733146629325865,PASSED,-0.2647016575213703,-0.002801890786100317,-0.005168981564981182,2.6507192373620048,0.014654318512090342,0.027075232917476617
1.5743148629725945,PASSED,-0.2647044619616632,-0.00280700761759651,-0.00508206478366758,2.6507339050352616,0.014681121141633788,0.026620893960758406
1.5753150630126025,PASSED,-0.26470727147160283,-0.002812031977492513,-0.004985889970893386,2.6507485992644773,0.014707440361789144,0.02611810428508931
1.5763152630526105,PASSED,-0.2647100859541608,-0.002816954715427889,-0.0048806365783645445,2.650763319542398,0.014733228289656135,0.025567810254922975
1.5773154630926185,PASSED,-0.26471290530325153,-0.0028217668655324737,-0.00476649245539821,2.650778065314397,0.01475843804359383,0.024971049726209896
1.5783156631326265,PASSED,-0.26471572940392246,-0.0028264596573026025,-0.004643657979948659,2.6507928359794537,0.014783023734563562,0.02432878513207802
1.5793158631726345,PASSED,-0.2647185581325526,-0.0028310245234306427,-0.004512338226768217,2.65080763089122,0.014806940554275375,0.02364217609830258
1.5803160632126425,PASSED,-0.2647213913570597,-0.0028354531070503486,-0.00437274721499778,2.65082244935908,0.014830144793752454,0.022912281729598437
1.5813162632526505,PASSED,-0.26472422893711667,-0.002839737272399374,-0.004225110771710079,2.6508372906492785,0.01485259386700179,0.02214026759582835
1.5823164632926585,PASSED,-0.2647270707243748,-0.0028438691116160295,-0.004069658179953091,2.6508521539861114,0.014874246431488497,0.021327429080625175
1.5833166633326665,PASSED,-0.26472991656269573,-0.002847840951589643,-0.003906627836053564,2.6508670385531197,0.014895062351578565,0.020474914096363917
1.5843168633726745,PASSED,-0.2647327662883904,-0.002851645361919373,-0.0037362653255144764,2.6508819434943325,0.014915002712813468,0.019583992660595875
1.5853170634126825,PASSED,-0.26473561973046444,-0.0028552751619008413,-0.003558823085438083,2.6508968679155736,0.014934029982814078,0.018656121560617345
1.5863172634526905,PASSED,-0.26473847671087175,-0.002858723426755974,-0.0033745593682624757,2.650911810885771,0.014952107949429175,0.017692529984752094
1.5873174634926985,PASSED,-0.2647413370447731,-0.002861983494048006,-0.003183739241210893,2.6509267714383027,0.014969201697629893,0.016694560344697053
1.5883176635327065,PASSED,-0.264744200540801,-0.002865048968848532,-0.002986631840069503,2.650941748572403,0.014985277806528073,0.015663807933835972
1.5893178635727145,PASSED,-0.26474706700133094,-0.0028679137300981605,-0.0027835141893340705,2.6509567412545625,0.015000304271019836,0.01460156886371414
1.5903180636127225,PASSED,-0.26474993622275705,-0.0028705719358775483,-0.002574666839423786,2.650971748419975,0.01501425047187212,0.013509288844661644
1.5913182636527305,PASSED,-0.26475280799577305,-0.002873018026365987,-0.002360372921115336,2.6509867689740068,0.015027087336526574,0.012388581860981423
1.5923184636927386,PASSED,-0.2647556821056579,-0.0028752467303297152,-0.002140924658804079,2.6510018017936927,0.015038787309749193,0.011240900797044765
1.5933186637327466,PASSED,-0.2647585583325655,-0.0028772530686110576,-0.001916614029700955,2.651016845729246,0.015049324300050565,0.010067716637590035
1.5943188637727546,PASSED,-0.2647614364518179,-0.00287903235600282,-0.0016877362998028694,2.6510318996055946,0.015058673790759728,0.008870673423546445
1.5953190638127626,PASSED,-0.2647643162342024,-0.002880580207030361,-0.0014545941793664197,2.651046962223935,0.015066812855944266,0.007651326358533034
1.5963192638527706,PASSED,-0.26476719744627175,-0.0028818925382168353,-0.0012174891912130747,2.651062032363302,0.015073720103817951,0.006411195550453315
1.5973194638927786,PASSED,-0.26477007985064666,-0.0028829655683598313,-0.000976724110851359,2.6510771087821463,0.015079375736353392,0.005151923858767525
1.5983196639327866,PASSED,-0.2647729632063207,-0.002883795823323718,-0.0007326088659105661,2.6510921902199356,0.015083761584680331,0.00387513130571856
1.5993198639727946,PASSED,-0.2647758472689676,-0.002884380137738621,-0.00048545144756430004,2.6511072753987577,0.01508686107157239,0.0025823906162852272
1.6003200640128026,PASSED,-0.26477873179124933,-0.0028847156536885325,-0.00023555895147622395,2.651122363024935,0.015088659229173403,0.0012753355908318267
1.6013202640528106,PASSED,-0.2647816165231263,-0.002884799824539489,1.6754549389709275e-05,2.651137451790642,0.015089142728315953,-4.439182297366989e-05
1.6023204640928186,PASSED,-0.2647845012121675,-0.002884630414985347,0.0002711795573112118,2.651152540375528,0.015088299857400449,-0.001375190310525795
1.6033206641328266,PASSED,-0.2647873856038616,-0.0028842054995963486,0.0005274059434569802,2.6511676274483467,0.015086120527478177,-0.002715422996772395
1.6043208641728346,PASSED,-0.2647902694419281,-0.002883523464828809,0.000785120650261638,2.651182711668586,0.015082596294605701,-0.004063439456277758
1.6053210642128426,PASSED,-0.264793152468628,-0.002882583008174369,0.0010440139905592077,2.65119779168809,0.015077720327255,-0.005417652613649367
1.6063212642528506,PASSED,-0.26479603442507416,-0.0028813831356989464,0.0013037781319983708,2.651212866152675,0.015071487395730077,-0.006776450799106487
1.6073214642928586,PASSED,-0.26479891505153996,-0.002879923162549403,0.0015641031612398792,2.651227933703756,0.015063893917738515,-0.00813816278653143
1.6083216643328666,PASSED,-0.26480179408776755,-0.0028782027114493606,0.0018246830592444122,2.651242992979953,0.015054937907833322,-0.009501241317633524
1.6093218643728746,PASSED,-0.26480467127327356,-0.0028762217094890313,0.0020852145610529035,2.6512580426186916,0.01504461895424152,-0.010864095107912131
1.6103220644128826,PASSED,-0.26480754634765324,-0.002873980386840839,0.0023453947062852766,2.6512730812577923,0.015032938253693054,-0.012225104175504984
1.6113222644528906,PASSED,-0.26481041905088215,-0.002871479274482345,0.002604924126632923,2.6512881075370442,0.015019898566013126,-0.01358274334954232
1.6123224644928986,PASSED,-0.26481328912361485,-0.002868719200497934,0.0028635072229301075,2.6513031200997834,0.015005504211946132,-0.014935427878624936
1.6133226645329066,PASSED,-0.2648161563074807,-0.00286570128671524,0.0031208514892025014,2.6513181175944225,0.014989761043549883,-0.01628166207466492
1.6143228645729146,PASSED,-0.26481902034537635,-0.0028624269466123032,0.0033766658454259667,2.651333098675986,0.014972676427055442,-0.01761991944095663
1.6153230646129226,PASSED,-0.26482188098175447,-0.0028588978799028893,0.0036306672854065627,2.6513480620076266,0.014954259250007236,-0.01894868211970485
1.6163232646529306,PASSED,-0.26482473796290834,-0.0028551160687176696,0.003882573785095082,2.6513630062621125,0.014934519874427368,-0.020266504553311613
1.6173234646929386,PASSED,-0.2648275910372523,-0.0028510837738166856,0.004132108978243427,2.6513779301232816,0.014913470085770321,-0.021571978059536444
1.6183236647329466,PASSED,-0.2648304399555974,-0.002846803529345283,0.0043790014668419275,2.6513928322875038,0.014891123138908271,-0.02286359273039162
1.6193238647729546,PASSED,-0.26483328447142257,-0.0028422781375508437,0.004622985346171102,2.651407711465083,0.014867493688422466,-0.024140022322749463
1.6203240648129626,PASSED,-0.26483612434113973,-0.0028375106636406118,0.004863799619606025,2.651422566381659,0.014842597738486767,-0.02539990167766754
1.6213242648529707,PASSED,-0.26483895932435464,-0.002832504430798275,0.005101188324157442,2.651437395779556,0.014816452657936753,-0.026641866464912553
1.6223244648929787,PASSED,-0.26484178918412105,-0.0028272630135713272,0.0053349031621422885,2.651452198419122,0.014789077138812992,-0.027864620896325257
1.6233246649329867,PASSED,-0.2648446136871892,-0.0028217902313038023,0.005564701671113809,2.6514669730800264,0.014760491140530227,-0.02906691654039164
1.6243248649729947,PASSED,-0.2648474326042483,-0.0028160901436815808,0.005790344922960175,2.651481718562537,0.014730715893955314,-0.03024746659792392
1.6253250650130027,PASSED,-0.2648502457101624,-0.0028101670427441035,0.0060116049471554776,2.6514964336887394,0.01469977383168088,-0.03140512605877504
1.6263252650530107,PASSED,-0.26485305278419935,-0.002804025445220374,0.00622825924144563,2.651511117303743,0.014667688558867064,-0.03253870398384319
1.6273254650930187,PASSED,-0.2648558536102535,-0.0027976700881883025,0.006440088892488997,2.651525768276853,0.014634484866023178,-0.03364701875057881
1.6283256651330267,PASSED,-0.2648586479770603,-0.002791105919444568,0.006646888644564371,2.651540385502674,0.0146001886010806,-0.03472909573724665
1.6293258651730347,PASSED,-0.26486143567840487,-0.0027843380908125115,0.00684845529038472,2.6515549679022237,0.014564826704726298,-0.03578376343234061
1.6303260652130427,PASSED,-0.2648642165133215,-0.0027773719512499398,0.007044595744030204,2.651569514423965,0.014528427168342151,-0.0368100516853506
1.6313262652530507,PASSED,-0.2648669902862873,-0.002770213038675386,0.007235123794903351,2.6515840240448187,0.014491018921974652,-0.03780704282226381
1.6323264652930587,PASSED,-0.2648697568074064,-0.0027628670711407483,0.007419863361127659,2.6515984957711303,0.01445263187003365,-0.038773724686828784
1.6333266653330667,PASSED,-0.26487251589258715,-0.0027553399402015814,0.007598642657859527,2.6516129286395986,0.014413296845060156,-0.03970922516460101
1.6343268653730747,PASSED,-0.26487526736371075,-0.0027476377021136518,0.007771301707976432,2.651627321718159,0.014373045500435562,-0.04061275759792178
1.6353270654130827,PASSED,-0.2648780110487917,-0.0027397665688498876,0.007937687634289049,2.6516416741068154,0.014331910309567639,-0.041483479714590085
1.6363272654530907,PASSED,-0.26488074678212986,-0.0027317329007536047,0.008097655070945573,2.651655984938448,0.014289924562957666,-0.04232059120689419
1.6373274654930987,PASSED,-0.26488347440445426,-0.002723543197734562,0.00825106831777475,2.6516702533795553,0.01424712224276314,-0.04312347285294569
1.6383276655331067,PASSED,-0.26488619376305755,-0.0027152040891850206,0.00839780203738631,2.651684478630967,0.014203538007054081,-0.04389141094646926
1.6393278655731147,PASSED,-0.26488890471192256,-0.002706722327211434,0.008537735264386588,2.6516986599284973,0.01415920718586612,-0.04462376134895468
1.6403280656131227,PASSED,-0.26489160711183973,-0.002698104777137108,0.008670759947619427,2.651712796543575,0.014114165693840833,-0.045319979142838134
1.6413282656531307,PASSED,-0.26489430083051546,-0.002689358407580477,0.008796775962638649,2.651726887783785,0.014068449947037088,-0.045979591911019406
1.6423284656931387,PASSED,-0.264896985742672,-0.0026804902829009663,0.008915690490758287,2.651740932993421,0.014022096915770168,-0.04660199083752158
1.6433286657331467,PASSED,-0.26489966173013807,-0.0026715075539976143,0.00902742117841477,2.651754931553936,0.013975144010998523,-0.04718684739439222
1.6443288657731547,PASSED,-0.2649023286819304,-0.0026624174479289433,0.009131895995508127,2.6517688828843884,0.0139276290118687,-0.04773376695344112
1.6453290658131627,PASSED,-0.26490498649432664,-0.002653227260624961,0.009229048176298028,2.651782786441806,0.01387959008658296,-0.048242364173941614
1.6463292658531707,PASSED,-0.26490763507092857,-0.002643944347246877,0.009318823512608113,2.651796641721534,0.013831065720143879,-0.048712367949177375
1.6473294658931787,PASSED,-0.264910274322717,-0.002634576112093533,0.00940117624716858,2.6518104482575118,0.013782094630945338,-0.04914357003144868
1.6483296659331867,PASSED,-0.26491290416809726,-0.0026251300010713256,0.009476067538899588,2.651824205622514,0.013732715765826508,-0.049535728510415884
1.6493298659731948,PASSED,-0.2649155245329352,-0.0026156134923380793,0.009543469529477972,2.6518379134283405,0.013682968248746133,-0.049888709460345584
1.6503300660132025,PASSED,-0.2649181353505853,-0.002606034086194197,0.009603363886818568,2.651851571325966,0.013632891312950545,-0.05020242001908148
1.6513302660532105,PASSED,-0.26492073656190857,-0.0025963992972373212,0.009655739003581217,2.6518651790056267,0.013582524258993508,-0.05047680991567397
1.6523304660932185,PASSED,-0.2649233281152825,-0.0025867166457506155,0.009700593142121766,2.6518787361968803,0.01353190642982081,-0.050711842010712035
1.6533306661332265,PASSED,-0.26492590996660176,-0.002576993647695291,0.009737934664125973,2.651892242668613,0.013481077157906573,-0.05090755851658991
1.6543308661732345,PASSED,-0.2649284820792697,-0.0025672378063528764,0.009767779127940539,2.651905698228984,0.013430075675124617,-0.051064098958865774
1.6553310662132426,PASSED,-0.2649310444241821,-0.00255745660451526,0.009790150310734031,2.6519191027253477,0.013378941123187939,-0.051181520588554436
1.6563312662532506,PASSED,-0.26493359697970126,-0.0025476574949738276,0.009805082361897937,2.6519324560441224,0.01332771251454579,-0.05126000067787891
1.6573314662932586,PASSED,-0.2649361397316224,-0.002537847891856103,0.009812616954941962,2.6519457581106067,0.013276428618337966,-0.05129982656112009
1.6583316663332666,PASSED,-0.2649386726731308,-0.0025280351631705496,0.009812803172627541,2.6519590088887606,0.01322512797017406,-0.051301195899095216
1.6593318663732746,PASSED,-0.2649411958047514,-0.0025182266218994683,0.009805700003383702,2.6519722083809496,0.013173848861553197,-0.05126438376870811
1.6603320664132826,PASSED,-0.26494370913428994,-0.002508429518122276,0.009791372959731285,2.651985356627623,0.013122629203181644,-0.051189841440117796
1.6613322664532906,PASSED,-0.2649462126767656,-0.0024986510306539583,0.00976989714070879,2.6519984537069634,0.013071506528503054,-0.05107789683757054
1.6623324664932986,PASSED,-0.2649487064543365,-0.0024888982597089456,0.009741353481215716,2.652011499734512,0.013020518025733436,-0.0509289067243172
1.6633326665333066,PASSED,-0.2649511904962167,-0.0024791782188385756,0.009705832463139621,2.652024494862719,0.012969700376573681,-0.05074347745004924
1.6643328665733146,PASSED,-0.26495366483858607,-0.002469497827591773,0.00966343043591048,2.6520374392804866,0.012919089762880987,-0.05052203785445649
1.6653330666133226,PASSED,-0.2649561295244927,-0.002459863904070264,0.009614252245241314,2.652050333212643,0.012868721879697637,-0.05026511340261235
1.6663332666533306,PASSED,-0.2649585846037474,-0.002450283157521972,0.00955840941699253,2.6520631769194005,0.012818631824219204,-0.04997335019564468
1.6673334666933386,PASSED,-0.26496103013281214,-0.0024407621820165845,0.009496019564317768,2.652075970695776,0.012768854091438893,-0.04964732117008941
1.6683336667333466,PASSED,-0.26496346617468064,-0.002431307448706941,0.009427209139860587,2.6520887148709553,0.012719422544527506,-0.04928769740558381
1.6693338667733546,PASSED,-0.26496589279875266,-0.0024219252996986653,0.009352108920552686,2.652101409807648,0.012670370369854734,-0.048895159517562924
1.6703340668133626,PASSED,-0.264968310080702,-0.0024126219422272673,0.00927085650529426,2.652114055901387,0.012621730041544797,-0.04847044083818815
1.6713342668533706,PASSED,-0.2649707181023374,-0.002403403440654352,0.009183598284663088,2.6521266535798116,0.012573533295418977,-0.04801428298424229
1.6723344668933786,PASSED,-0.2649731169514584,-0.002394275712441264,0.009090481498704922,2.6521392033018976,0.012525811085307701,-0.047527494862632046
1.6733346669333866,PASSED,-0.2649755067217045,-0.002385244521982227,0.008991663099258392,2.652151705557185,0.012478593576872216,-0.047010850817388344
1.6743348669733946,PASSED,-0.2649778875123987,-0.0023763154732287725,0.00888730585625103,2.6521641608649587,0.012431910113289665,-0.04646520542599339
1.6753350670134026,PASSED,-0.2649802594283862,-0.0023674940066113095,0.008777573791604288,2.6521765697733883,0.012385789134891679,-0.04589149371264541
1.6763352670534106,PASSED,-0.2649826225798672,-0.002358785393711225,0.00866263897240473,2.6521889328586723,0.012340258232467627,-0.045290508231657686
1.6773354670934186,PASSED,-0.26498497708222535,-0.0023501947306727327,0.008542679082550162,2.652201250724136,0.01229534409969658,-0.044663215797304756
1.6783356671334266,PASSED,-0.26498732305585065,-0.002341726934861963,0.008417873629582072,2.6522135239992943,0.012251072436942395,-0.04401062739210367
1.6793358671734346,PASSED,-0.2649896606259589,-0.002333386741104813,0.00828840717552921,2.652225753338922,0.012207468027451951,-0.043333597556005306
1.6803360672134426,PASSED,-0.2649919899224062,-0.0023251786963211555,0.00815446985574337,2.652237939422078,0.012164554693795933,-0.0426331577226947
1.6813362672534506,PASSED,-0.2649943110794993,-0.0023171071557210677,0.008016254429650507,2.6522500829511135,0.012122355206086519,-0.04191037436722928
1.6823364672934586,PASSED,-0.26499662423580295,-0.0023091762804144517,0.007873955891260291,2.6522621846506556,0.012080891326103817,-0.04116621705968382
1.6833366673334667,PASSED,-0.2649989295339433,-0.002301390033103916,0.00772777492338608,2.6522742452665966,0.012040183827628274,-0.04040168608611333
1.6843368673734747,PASSED,-0.26500122712040786,-0.0022937521745991733,0.00757791422564699,2.6522862655650368,0.012000252385696525,-0.039617945828840796
1.6853370674134827,PASSED,-0.2650035171453432,-0.0022862662622384366,0.007424577784129959,2.6522982463312257,0.011961115596727984,-0.03881601772834024
1.6863372674534907,PASSED,-0.26500579976234917,-0.0022789356460975086,0.0072679750454603485,2.6523101883684816,0.011922791009984857,-0.03799696608631809
1.6873374674934987,PASSED,-0.265008075128271,-0.002271763467172606,0.007108314844530519,2.6523220924971223,0.011885295082419938,-0.03716190188398657
1.6883376675335067,PASSED,-0.26501034340298957,-0.0022647526561455707,0.006945808482039244,2.6523339595533444,0.011848643129197482,-0.03631198744810048
1.6893378675735147,PASSED,-0.2650126047492091,-0.0022579059298726933,0.006780671466769946,2.652345790388133,0.011812849382019843,-0.03544825366399555
1.6903380676135227,PASSED,-0.2650148593322438,-0.0022512257908384853,0.006613117412500862,2.652357585866128,0.01177792695083398,-0.03457188286710654
1.6913382676535307,PASSED,-0.2650171073198024,-0.0022447145265407542,0.006443362221218223,2.652369346864512,0.011743887801038756,-0.03368399441396958
1.6923384676935387,PASSED,-0.26501934888177253,-0.002238374207407347,0.006271623741533431,2.6523810742718736,0.011710742774386506,-0.03278571481110346
1.6933386677335467,PASSED,-0.26502158419000343,-0.0022322066860404836,0.006098119783750382,2.652392768987072,0.011678501578099474,-0.03187818393765051
1.6943388677735547,PASSED,-0.26502381341808845,-0.0022262135981214555,0.005923066675880325,2.6524044319181006,0.011647172774333255,-0.030962550318599194
1.6953390678135627,PASSED,-0.2650260367411468,-0.0022203963602512675,0.005746685333059273,2.6524160639809455,0.011616763782974316,-0.030039952052499475
1.6963392678535707,PASSED,-0.26502825433560584,-0.002214756171426708,0.005569191152226909,2.652427666098442,0.011587280883389861,-0.029111531272426373
1.6973394678935787,PASSED,-0.2650304663789831,-0.0022092940134127766,0.0053908025884011595,2.652439239199143,0.011558729227973533,-0.02817840484559672
1.6983396679335867,PASSED,-0.2650326730496688,-0.002204010649726657,0.005211737751265438,2.6524507842161706,0.011531112813801972,-0.027241753722203478
1.6993398679735947,PASSED,-0.2650348745267091,-0.002198906627906005,0.005032211200243237,2.65246230208609,0.011504434511991287,-0.02630266720300625
1.7003400680136027,PASSED,-0.26503707098959006,-0.0021939822805438843,0.004852438136705796,2.6524737937477774,0.011478696081804777,-0.02536227217551234
1.7013402680536107,PASSED,-0.26503926261802335,-0.0021892377258434788,0.004672632409538603,2.6524852601412965,0.01145389814270728,-0.02442171704548454
1.7023404680936187,PASSED,-0.26504144959173276,-0.0021846728695045095,0.004493005625256759,2.652496702206787,0.011430040211595315,-0.02348207382295037
1.7033406681336267,PASSED,-0.2650436320902425,-0.002180287406300115,0.0043137682571537566,2.652508120883343,0.011407120693588006,-0.022544480796879478
1.7043408681736347,PASSED,-0.2650458102926679,-0.0021760808228831964,0.004135126856762506,2.652519517107937,0.011385136919651795,-0.021609969362431872
1.7053410682136427,PASSED,-0.2650479843775071,-0.0021720523988296874,0.003957288851340014,2.65253089181432,0.01136408513315497,-0.020679664586419323
1.7063412682536507,PASSED,-0.2650501545224367,-0.002168201209577396,0.003780456186258136,2.652542245931951,0.011343960495113896,-0.019754620344174762
1.7073414682936587,PASSED,-0.2650523209041083,-0.0021645261299155323,0.0036048286456011338,2.652553580384932,0.011324757123186842,-0.018835872982306143
1.7083416683336667,PASSED,-0.26505448369794915,-0.0021610258358704068,0.003430604311474983,2.652564896090973,0.011306468113825876,-0.01792443361340833
1.7093418683736747,PASSED,-0.26505664307796506,-0.002157698807502157,0.003257977739432422,2.6525761939603534,0.011289085519097434,-0.017021368805131387
1.7103420684136827,PASSED,-0.26505879921654674,-0.002154543333687671,0.0030871378645223797,2.6525874748949048,0.011272600373796814,-0.01612766296428051
1.7113422684536908,PASSED,-0.2650609522842797,-0.0021515575148688226,0.0029182727883988045,2.6525987397870288,0.011257002771078682,-0.015244229220700097
1.7123424684936988,PASSED,-0.2650631024497574,-0.0021487392657016436,0.0027515667530324584,2.6526099895187136,0.01124228181372053,-0.014372109449786213
1.7133426685337068,PASSED,-0.26506524987939833,-0.002146086320464263,0.0025871975602798376,2.6526212249605656,0.01122842561966064,-0.013512250466626805
1.7143428685737148,PASSED,-0.2650673947372678,-0.002143596237669648,0.002425339617504975,2.652632446970899,0.011215421452349666,-0.012665445207206014
1.7153430686137228,PASSED,-0.26506953718490245,-0.002141266401240464,0.0022661676369695634,2.652643656394796,0.011203255635102846,-0.01183273193989503
1.7163432686537308,PASSED,-0.26507167738114035,-0.0021390940281129037,0.0021098434546206937,2.65265485406323,0.011191913583576577,-0.011014931250514956
1.7173434686937388,PASSED,-0.2650738154819552,-0.0021370761723872264,0.0019565305730486183,2.6526660407922,0.011181379922071254,-0.010212815008525963
1.7183436687337468,PASSED,-0.2650759516402949,-0.0021352097276863707,0.0018063874527272188,2.652677217381872,0.011171638397195933,-0.009427331453184227
1.7193438687737548,PASSED,-0.2650780860059255,-0.0021334914346221134,0.0016595634719435935,2.652688384615777,0.01116267194564644,-0.008659198280362896
1.7203440688137628,PASSED,-0.26508021872527965,-0.0021319178854886157,0.0015162062412001722,2.6526995432600087,0.011154462762626136,-0.007909172846930315
1.7213442688537708,PASSED,-0.26508234994131014,-0.002130485527324925,0.0013764594453504553,2.6527106940624643,0.011146992267074789,-0.007178044020956646
1.7223444688937788,PASSED,-0.26508447979334937,-0.0021291906703914294,0.0012404552589262807,2.6527218377520994,0.011140241139654167,-0.006466516353731583
1.7233446689337868,PASSED,-0.26508660841697307,-0.0021280294910033973,0.0011083288074361323,2.652732975038227,0.011134189400331755,-0.005775221301531186
1.7243448689737948,PASSED,-0.2650887359438707,-0.002126998038319683,0.0009802019345656117,2.6527441066098283,0.011128816382849058,-0.005104881603471606
1.7253450690138028,PASSED,-0.2650908625017203,-0.002126092239678561,0.0008561964454938529,2.6527552331349007,0.011124100763764385,-0.00445611073880809
1.7263452690538108,PASSED,-0.26509298821406996,-0.002125307906425245,0.0007364244585302596,2.652766355259841,0.011120020650872722,-0.003829447660234665
1.7273454690938188,PASSED,-0.26509511320022444,-0.00212464073954156,0.0006209951671222042,2.652777473608854,0.011116553566845606,-0.003225508271702246
1.7283456691338268,PASSED,-0.2650972375751382,-0.0021240863358306444,0.0005100094067778155,2.6527885887833738,0.011113676441833989,-0.0026448695048928894
1.7293458691738348,PASSED,-0.26509936144931395,-0.0021236401941102183,0.00040356326285748064,2.6527997013615643,0.01111136575876923,-0.0020878921046702057
1.7303460692138428,PASSED,-0.2651014849287072,-0.002123297720213969,0.0003017476518441198,2.6528108118977904,0.011109597489719996,-0.0015551870122728116
1.7313462692538508,PASSED,-0.2651036081146376,-0.0021230542344411714,0.00020464452009957512,2.652821920922172,0.01110834712575465,-0.0010471486007269583
1.7323464692938588,PASSED,-0.26510573110370556,-0.002122904977384485,0.00011233208107756776,2.6528330289401394,0.011107589789525519,-0.0005641279814022034
1.7333466693338668,PASSED,-0.26510785398771547,-0.002122845115262561,2.488214915493667e-05,2.6528441364320314,0.011107300195229106,-0.00010657183975444765
1.7343468693738748,PASSED,-0.26510997685360527,-0.00212286974714729,-5.7641240651333394e-05,2.652855243852729,0.011107452686519668,0.0003252000441073253
1.7353470694138828,PASSED,-0.26511209978338224,-0.002122973911457666,-0.00013517969019286876,2.6528663516313182,0.011108021319779398,0.000730922070145411
1.7363472694538908,PASSED,-0.2651142228540649,-0.002123152591320479,-0.00020767997789197248,2.6528774601707923,0.01110897985996097,0.0011102855891895783
1.7373474694938988,PASSED,-0.26511634613763124,-0.0021234007210665165,-0.0002750962581351009,2.6528885698477622,0.011110301773759131,0.0014629992708078366
1.7383476695339068,PASSED,-0.26511846970097397,-0.002123713193944003,-0.00033739062372096905,2.6528996810122454,0.011111960365578754,0.0017889868521664934
1.7393478695739149,PASSED,-0.265120593605861,-0.002124084866955183,-0.00039452793615322513,2.65291079398744,0.011113928735107123,0.0020879579791727746
1.7403480696139229,PASSED,-0.265122717908903,-0.0021245105667447063,-0.00044648102510374453,2.652921909069568,0.011116179794979489,0.0023597944678252513
1.7413482696539309,PASSED,-0.2651248426615274,-0.002124985098202927,-0.0004932317469647262,2.65293302652773,0.011118686377370237,0.0026044410060291883
1.7423484696939389,PASSED,-0.2651269679099581,-0.00212550324910085,-0.0005347636652292581,2.6529441466038017,0.011121421213570131,0.002821766329138371
1.7433486697339469,PASSED,-0.26512909369520193,-0.0021260597958621475,-0.0005710688253429052,2.652955269512364,0.011124356965597855,0.0030117424934467604
1.7443488697739549,PASSED,-0.26513122005304113,-0.002126649511569992,-0.0006021469628451274,2.6529663954406653,0.011127466294063,0.003174385779608881
1.7453490698139629,PASSED,-0.2651333470140323,-0.0021272671708723948,-0.0006280008621076803,2.652977524548611,0.011130721860222183,0.003309686412231645
1.7463492698539709,PASSED,-0.26513547460351133,-0.002127907555992435,-0.0006486412919955156,2.652988656968786,0.011134096348989504,0.0034176903373805386
1.7473494698939789,PASSED,-0.2651376028416045,-0.002128565464089456,-0.0006640859670382979,2.652999792806525,0.011137562553902287,0.003498547963050379
1.7483496699339869,PASSED,-0.2651397317432452,-0.002129235712033842,-0.0006743559292842929,2.653010932139993,0.011141093359828328,0.00355231123470203
1.7493498699739949,PASSED,-0.26514186131819795,-0.0021299131429395783,-0.0006794808900378807,2.6530220750202993,0.011144661757117667,0.003579121325766463
1.750350070014003,PASSED,-0.2651439915710865,-0.0021305926315770773,-0.0006794938024736547,2.653033221471662,0.01114824094593801,0.0035792338167279464
1.751350270054011,PASSED,-0.2651461225014293,-0.0021312690907981484,-0.0006744361668025895,2.653044371491591,0.011151804326995817,0.0035528125518605853
1.752350470094019,PASSED,-0.2651482541036799,-0.002131937477329902,-0.0006643534417214075,2.6530555250510828,0.011155325475618566,0.0035000393366746937
1.753350670134027,PASSED,-0.2651503863672733,-0.002132592796170913,-0.0006492957738704881,2.653066682094884,0.011158778269453773,0.003421296834227599
1.754350870174035,PASSED,-0.2651525192766777,-0.0021332301073075676,-0.0006293213785104324,2.6530778425417427,0.01116213686990908,0.0033168028693577553
1.755351070214043,PASSED,-0.2651546528114519,-0.002133844531110808,-0.0006044920863933755,2.65308900628473,0.01116537573313119,0.0031869034572755057
1.756351270254051,PASSED,-0.2651567869463079,-0.002134431252522642,-0.0005748742954615623,2.6531001731915427,0.011168469659248921,0.003031941224703928
1.757351470294059,PASSED,-0.26515892165117877,-0.0021349855274326803,-0.0005405419864221759,2.6531113431048787,0.01117139383311196,0.002852328955259904
1.758351670334067,PASSED,-0.26516105689129177,-0.002135502687450036,-0.0005015720379785952,2.6531225158428065,0.01117412382189079,0.0026484286612092887
1.759351870374075,PASSED,-0.2651631926272461,-0.0021359781439175825,-0.0004580460872584853,2.653133691199179,0.011176635609177412,0.002420693036899714
1.760352070414083,PASSED,-0.2651653288150958,-0.002136407394067018,-0.00041005285755398274,2.6531448689440658,0.01117890564065579,0.0021695904393608458
1.761352270454091,PASSED,-0.26516746540643754,-0.00213678602519404,-0.0003576833066667067,2.653156048824207,0.01118091081646145,0.0018955660498574758
1.762352470494099,PASSED,-0.26516960234850234,-0.0021371097178642766,-0.0003010322459499781,2.6531672305634997,0.011182628534492358,0.0015991526849434216
1.763352670534107,PASSED,-0.26517173958425255,-0.0021373742525615906,-0.00024020299822294472,2.653178413863498,0.011184036712292992,0.0012808612110937314
1.7643528705741147,PASSED,-0.26517387705248235,-0.0021375755125889254,-0.00017529804674235605,2.6531895984039533,0.011185113815141076,0.0009412639394121116
1.7653530706141227,PASSED,-0.2651760146879233,-0.0021377094878972476,-0.00010642681604258487,2.653200783843342,0.011185838842656053,0.0005808698986844853
1.7663532706541307,PASSED,-0.2651781524213525,-0.0021377722794108504,-3.370131197639021e-05,2.6532119698194583,0.01118619139761356,0.00020034499672349313
1.7673534706941387,PASSED,-0.2651802901797064,-0.00213776010322013,4.276119251819352e-05,2.6532231559499877,0.011186151681363533,-0.0001997570811941957
1.7683536707341467,PASSED,-0.26518242788619634,-0.002137669293323784,0.00012284236556442095,2.653234341833123,0.011185700494454724,-0.0006188067938863434
1.7693538707741547,PASSED,-0.26518456546042923,-0.002137496305571997,0.0002064180092687599,2.653245527048195,0.011184819298261324,-0.0010561224597428896
1.7703540708141627,PASSED,-0.26518670281853046,-0.002137237720599841,0.0002933629474149766,2.653256711156312,0.011183490201583516,-0.0015110794898520541
1.7713542708541707,PASSED,-0.2651888398732706,-0.0021368902473297238,0.0003835468185849837,2.6532678937010217,0.011181695963831497,-0.001983009926795391
1.7723544708941787,PASSED,-0.26519097653419466,-0.002136450725619068,0.00047683830536978934,2.6532790742089873,0.011179420044611716,-0.0024711920817712596
1.7733546709341867,PASSED,-0.26519311270775464,-0.0021359161286554776,0.0005731027357371956,2.6532902521906916,0.011176646624565781,-0.0029749053553772362
1.7743548709741948,PASSED,-0.2651952482974442,-0.0021352835659524867,0.0006722026811598931,2.6533014271411277,0.011173360560267765,-0.0034935035931085738
1.7753550710142028,PASSED,-0.26519738320393604,-0.0021345502858963264,0.0007739983061606348,2.6533125985405217,0.011169547432246983,-0.0040262109725649
1.7763552710542108,PASSED,-0.2651995173252217,-0.002133713677254956,0.000878348864844112,2.6533237658550646,0.011165193593581492,-0.004572257127442721
1.7773554710942188,PASSED,-0.26520165055675315,-0.0021327712717199394,0.0009851099817980665,2.6533349285376597,0.011160286126905845,-0.005130939707781877
1.7783556711342268,PASSED,-0.26520378279158646,-0.002131720745502039,0.0010941370419689225,2.653346086028667,0.011154812851612184,-0.005701499017580065
1.7793558711742348,PASSED,-0.26520591392052734,-0.0021305599211647107,0.0012052825342354567,2.6533572377566585,0.011148762368174648,-0.006283139717504248
1.7803560712142428,PASSED,-0.26520804383227775,-0.002129286768601147,0.0013183992497821165,2.653368383139202,0.011142124065972403,-0.00687507719207322
1.7813562712542508,PASSED,-0.2652101724135846,-0.0021278994071750575,0.00143333621029394,2.6533795215836236,0.01113488808567573,-0.007476582366406168
1.7823564712942588,PASSED,-0.26521229954938874,-0.0021263961058777827,0.0015499446885948419,2.653390652487801,0.011127045366145956,-0.0080868109720192
1.7833566713342668,PASSED,-0.26521442512297577,-0.0021247752844831135,0.0016680725320522036,2.6534017752409365,0.011118587635896628,-0.008705009767533406
1.7843568713742748,PASSED,-0.26521654901612723,-0.0021230355148396276,0.0017875677177740692,2.6534128892243616,0.011109507412846727,-0.009330365238148036
1.7853570714142828,PASSED,-0.2652186711092723,-0.0021211755209016516,0.0019082780847778054,2.6534239938123267,0.011099798018949626,-0.00996207966973837
1.7863572714542908,PASSED,-0.2652207912816403,-0.0021191941787085298,0.002030051598684666,2.653435088372793,0.01108945356011667,-0.010599378275101991
1.7873574714942988,PASSED,-0.26522290941141324,-0.00211709051727728,0.002152734652960132,2.6534461722682425,0.011078468957500285,-0.01124141884390425
1.7883576715343068,PASSED,-0.2652250253758784,-0.0021148637182575062,0.0022761752643165084,2.6534572448564657,0.011066839923896832,-0.011887443443150379
1.7893578715743148,PASSED,-0.26522713905158085,-0.0021125131159140274,0.002400220396253617,2.6534683054913653,0.011054562961061956,-0.012536642429360603
1.7903580716143228,PASSED,-0.265229250314476,-0.002110038196456558,0.0025247188316137406,2.6534793535237475,0.011041635375497556,-0.013188214321094597
1.7913582716543308,PASSED,-0.26523135904008094,-0.0021074385975012053,0.00264951903784494,2.6534903883021315,0.011028055284037634,-0.01384134288580595
1.7923584716943388,PASSED,-0.26523346510362594,-0.0021047141074428642,0.0027744707386719207,2.6535014091735194,0.011013821556327276,-0.014495317593389527
1.7933586717343468,PASSED,-0.2652355683802048,-0.002101864665399563,0.0028994229130542347,2.6535124154841987,0.010998933863559917,-0.015149276216672057
1.7943588717743548,PASSED,-0.2652376687449241,-0.0020988903585290636,0.0030242295087957284,2.6535234065805144,0.010983392672262988,-0.01580246801710041
1.7953590718143628,PASSED,-0.2652397660730516,-0.0020957914215287243,0.003148741994702108,2.6535343818096537,0.010967199199927549,-0.016454141881000243
1.7963592718543708,PASSED,-0.26524186024016305,-0.0020925682361804636,0.003272814250632577,2.6535453405204095,0.010950355433567606,-0.01710351601257215
1.7973594718943788,PASSED,-0.2652439511222875,-0.0020892213281625254,0.003396303862808844,2.6535562820639393,0.010932864122615085,-0.01774984091248571
1.7983596719343868,PASSED,-0.2652460385960516,-0.0020857513664453305,0.0035190669534527377,2.653567205794523,0.010914728763813237,-0.018392370728090125
1.7993598719743948,PASSED,-0.2652481225388213,-0.002082159161668964,0.003640963324975035,2.6535781110703067,0.010895953593544202,-0.019030369963000466
1.8003600720144028,PASSED,-0.2652502028288417,-0.0020784456622928564,0.0037618567435286922,2.6535889972540283,0.010876543565873257,-0.019663132809575844
1.8013602720544108,PASSED,-0.2652522793453757,-0.002074611954743347,0.003881608086829695,2.6535998637137497,0.010856504366038392,-0.020289911185056814
1.8023604720944189,PASSED,-0.2652543519688393,-0.0020706592602583807,0.004000085417057283,2.6536107098235595,0.010835842379863646,-0.02091003616787154
1.8033606721344269,PASSED,-0.26525642058093496,-0.002066588930945011,0.004117158577577733,2.653621534964273,0.010814564670089611,-0.02152282551147576
1.8043608721744349,PASSED,-0.26525848506478267,-0.0020624024497320173,0.004232696303270926,2.6536323385241265,0.01079267900666744,-0.02212755536263352
1.8053610722144429,PASSED,-0.2652605453050482,-0.002058101426438559,0.004346574620250017,2.6536431198994275,0.010770193794915376,-0.02272364934502
1.8063612722544509,PASSED,-0.2652626011880684,-0.0020536875936496644,0.004458671567991193,2.653653878495234,0.010747118100495966,-0.023310391135670946
1.8073614722944589,PASSED,-0.26526465260197357,-0.0020491628062729544,0.004568864582522513,2.6536646137259767,0.01072346162982129,-0.023887190367345948
1.8083616723344669,PASSED,-0.2652666994368073,-0.002044529036977701,0.004677039103741032,2.6536753250161067,0.010699234705314078,-0.024453413933791076
1.8093618723744749,PASSED,-0.2652687415846426,-0.0020397883723391325,0.004783081661787489,2.6536860118006746,0.010674448227335208,-0.025008520675591887
1.8103620724144829,PASSED,-0.2652707789396949,-0.002034943011135231,0.004886880898644508,2.6536966735259533,0.010649113711354071,-0.02555184618483326
1.8113622724544909,PASSED,-0.26527281139843206,-0.0020299952603304583,0.00498833074219168,2.6537073096499886,0.01062324322703162,-0.02608290974752743
1.8123624724944989,PASSED,-0.2652748388596803,-0.002024947530656323,0.005087328962097957,2.6537179196431646,0.010596849366734289,-0.026601160663868053
1.813362672534507,PASSED,-0.265276861224727,-0.0020198023341308183,0.005183774901109622,2.6537285029887494,0.010569945296589065,-0.027106009799460363
1.814362872574515,PASSED,-0.26527887839741987,-0.0020145622802992895,0.005277573118475539,2.653739059183394,0.010542544657626813,-0.027597058404113268
1.815363072614523,PASSED,-0.26528089028426177,-0.002009230071025772,0.005368633376878824,2.6537495877376527,0.010514661581716059,-0.02807375424851432
1.816363272654531,PASSED,-0.2652828967945028,-0.002003808498443358,0.005456865386104082,2.6537600881764445,0.01048631068966551,-0.028535650585239537
1.817363472694539,PASSED,-0.2652848978402271,-0.0019983004406830783,0.005542186009730602,2.653770560039518,0.010457507027795531,-0.02898233605980347
1.818363672734547,PASSED,-0.2652868933364368,-0.0019927088565247835,0.005624516257337242,2.653781002881893,0.010428266080304508,-0.029413355111837212
1.819363872774555,PASSED,-0.26528888320113153,-0.0019870367820561037,0.005703779942907957,2.653791416274264,0.010398603733671425,-0.0298283409805798
1.820364072814563,PASSED,-0.2652908673553836,-0.001981287327541073,0.00577990422977981,2.6538017998034134,0.010368536267128727,-0.03022688358411296
1.821364272854571,PASSED,-0.2652928457234093,-0.001975463672171452,0.005852822796181823,2.6538121530725647,0.010338080303869733,-0.03060868304224687
1.822364472894579,PASSED,-0.26529481823263557,-0.0019695690588642976,0.005922473647802813,2.6538224757017495,0.010307252821809157,-0.030973348072796624
1.823364672934587,PASSED,-0.26529678481376345,-0.0019636067927204072,0.0059887944746158245,2.653832767328125,0.010276071117396667,-0.03132060863895173
1.824364872974595,PASSED,-0.26529874540082554,-0.0019575802341726387,0.006051734596536994,2.653843027606279,0.010244552756798395,-0.03165019523782014
1.825365073014603,PASSED,-0.26530069993124067,-0.0019514927950646582,0.006111242115609217,2.6538532562085266,0.010212715612775406,-0.03196177654643518
1.826365273054611,PASSED,-0.2653026483458635,-0.001945347936213126,0.006167270008814261,2.653863452825153,0.010180577788794942,-0.03225518893648341
1.827365473094619,PASSED,-0.2653045905890295,-0.0019391491602877436,0.00621977986976103,2.6538736171646673,0.010148157611008991,-0.03253017035226098
1.828365673134627,PASSED,-0.265306526608596,-0.0019329000081712631,0.006268733614293538,2.6538837489539953,0.010115473605521043,-0.032786562245072974
1.829365873174635,PASSED,-0.2653084563559786,-0.0019266040565686193,0.006314096928210998,2.653893847938694,0.010082544496132228,-0.033024140817976055
1.830366073214643,PASSED,-0.2653103797861834,-0.0019202649112338098,0.006355844272541778,2.6539039138831013,0.01004938914775655,-0.033242820080812335
1.831366273254651,PASSED,-0.265312296857834,-0.0019138862020070793,0.00639395252952323,2.6539139465704933,0.010016026557529804,-0.033442436990703345
1.832366473294659,PASSED,-0.26531420753319485,-0.0019074715813237814,0.006428399452481134,2.6539239458031942,0.009982475840460147,-0.033622903788960164
1.833366673334667,PASSED,-0.2653161117781901,-0.0019010247178382616,0.006459172840879134,2.653933911402679,0.009948756185558492,-0.03378415564345242
1.834366873374675,PASSED,-0.26531800956241747,-0.0018945492905537357,0.006486263580290407,2.6539438432096465,0.009914886851937591,-0.03392611893920163
1.835367073414683,PASSED,-0.26531990085915835,-0.0018880489878686834,0.006509662088226909,2.65395374108408,0.009880887154538116,-0.03404874970632427
1.836367273454691,PASSED,-0.26532178564538317,-0.0018815275017066053,0.006529368877979045,2.6539636049052593,0.009846776391451333,-0.034152105340425426
1.837367473494699,PASSED,-0.2653236639017523,-0.0018749885207864593,0.006545388948257417,2.6539734345717805,0.00981257387422218,-0.03423612515497298
1.838367673534707,PASSED,-0.265325535612613,-0.001868435729640107,0.006557725945082269,2.6539832300015336,0.009778298903736795,-0.03430086737232685
1.839367873574715,PASSED,-0.2653274007659919,-0.0018618728045422615,0.006566391199687231,2.653992991131666,0.00974397070040144,-0.03434642731070709
1.840368073614723,PASSED,-0.2653292593535831,-0.0018553034055135782,0.006571404248013882,2.6540027179185146,0.00970960841471173,-0.03437285794237678
1.841368273654731,PASSED,-0.26533111137073206,-0.0018487311747797943,0.006572781724297345,2.6540124103375273,0.009675231125108298,-0.034380244044138454
1.842368473694739,PASSED,-0.2653329568164159,-0.001842159734610298,0.006570545799628779,2.654022068383162,0.00964085778539904,-0.03436873681933648
1.843368673734747,PASSED,-0.2653347956932187,-0.0018355926787205143,0.006564729283220221,2.65403169206875,0.009606507191888177,-0.03433849797187922
1.844368873774755,PASSED,-0.26533662800730373,-0.001829033570675535,0.0065553605528188424,2.6540412814263554,0.009572198004023029,-0.03428964779399227
1.845369073814763,PASSED,-0.2653384537683808,-0.0018224859418344104,0.006542474366661755,2.6540508365066064,0.009537948710631487,-0.03422239045657386
1.846369273854771,PASSED,-0.26534027298967017,-0.0018159532832613273,0.006526114710697406,2.6540603573785018,0.009503777569551184,-0.034136974829455276
1.847369473894779,PASSED,-0.26534208568786294,-0.0018094390446337617,0.006506321238811135,2.65406984412921,0.00946970264580202,-0.034033556362302625
1.848369673934787,PASSED,-0.26534389188307694,-0.0018029466314416689,0.0064831411609471735,2.6540792968638294,0.009435741763593295,-0.03391243277300288
1.849369873974795,PASSED,-0.2653456915988098,-0.001796479398841073,0.006456626893695456,2.6540887157051456,0.009401912464937911,-0.03377387591030413
1.850370074014803,PASSED,-0.26534748486188736,-0.00179004064840036,0.006426832805391257,2.6540981007933793,0.00936823206471504,-0.03361808309791502
1.851370274054811,PASSED,-0.26534927170240985,-0.001783633627530345,0.006393812913097813,2.6541074522858716,0.009334717537692825,-0.03344548963841237
1.852370474094819,PASSED,-0.26535105215369353,-0.0017772615229336942,0.006357632385686357,2.654116770356805,0.009301385549382254,-0.03325632075867705
1.853370674134827,PASSED,-0.26535282625220996,-0.0017709274577264245,0.0063183537549920815,2.6541260551968766,0.009268252481882261,-0.03305089866087024
1.854370874174835,PASSED,-0.26535459403752104,-0.00176463449062814,0.0062760426604794636,2.6541353070129614,0.009235334332383265,-0.03282965005774674
1.855371074214843,PASSED,-0.26535635555221193,-0.0017583856105855107,0.006230771630728991,2.654144526027751,0.009202646717964759,-0.03259292399234521
1.856371274254851,PASSED,-0.26535811084182037,-0.0017521837338946742,0.0061826133975745766,2.654153712479403,0.009170204942924812,-0.032341009071682095
1.857371474294859,PASSED,-0.26535985995476313,-0.0017460317027261267,0.006131643015862726,2.6541628666211348,0.009138023874303304,-0.0320744416547281
1.858371674334867,PASSED,-0.2653616029422599,-0.0017399322815953872,0.006077939873990486,2.6541719887208424,0.009106117960062039,-0.03179356263228857
1.859371874374875,PASSED,-0.2653633398582543,-0.001733888154454085,0.006021585319509842,2.654181079060676,0.009074501274651727,-0.03149876726232726
1.860372074414883,PASSED,-0.26536507075933236,-0.0017279019226119094,0.005962662857286403,2.654190137936619,0.00904318742916125,-0.03119056430924645
1.861372274454891,PASSED,-0.2653667957046385,-0.0017219761019292908,0.005901259232839737,2.654199165658051,0.009012189587547686,-0.030869359816441365
1.862372474494899,PASSED,-0.2653685147557895,-0.0017161131214901008,0.005837461243423486,2.6542081625472846,0.0089815204653057,-0.030535630525683453
1.863372674534907,PASSED,-0.26537022797678556,-0.0017103153201587463,0.005771361389975314,2.6542171289391163,0.008951192310519314,-0.03018983762685375
1.864372874574915,PASSED,-0.26537193543391985,-0.001704584944778523,0.005703051373722109,2.6542260651803504,0.008921216896084,-0.029832465640952613
1.865373074614923,PASSED,-0.26537363719568585,-0.0016989241496500795,0.00563262429825787,2.6542349716292954,0.008891605472072446,-0.029464062925287762
1.866373274654931,PASSED,-0.26537533333268315,-0.0016933349933742174,0.0055601775942651505,2.6542438486553017,0.008862368836636113,-0.029085017110360042
1.867373474694939,PASSED,-0.2653770239175208,-0.0016878194365058882,0.005485809717705336,2.654252696638227,0.00883351725689908,-0.028695954821484463
1.868373674734947,PASSED,-0.2653787090247199,-0.0016823793422021333,0.005409617361121548,2.6542615159679452,0.008805060465422121,-0.028297349247273482
1.869373874774955,PASSED,-0.2653803887306139,-0.0016770164733993257,0.005331703097264659,2.654270307043821,0.008777007715041378,-0.027889684469721437
1.870374074814963,PASSED,-0.26538206311324863,-0.0016717324912829945,0.005252168129042184,2.6542790702741725,0.008749367688854585,-0.027473587331508627
1.871374274854971,PASSED,-0.2653837322522796,-0.0016665289548623916,0.005171115281642915,2.6542878060757626,0.008722148553083684,-0.027049501397164992
1.872374474894979,PASSED,-0.26538539622886986,-0.0016614073199089396,0.005088648067991512,2.6542965148732316,0.00869535793374595,-0.026618031298114884
1.873374674934987,PASSED,-0.2653870551255855,-0.0016563689374485806,0.005004872055270279,2.6543051970985814,0.008669002906709402,-0.026179690862166823
1.874374874974995,PASSED,-0.2653887090262915,-0.001651415053586528,0.0049198917332408465,2.654313853190601,0.008643089986920717,-0.025735072406364228
1.8753750750150031,PASSED,-0.2653903580160457,-0.0016465468087881437,0.004833813508480382,2.6543224835943366,0.008617625153522887,-0.02528467405880906
1.8763752750550111,PASSED,-0.265392002180993,-0.0016417652366345016,0.004746744583749886,2.654331088760518,0.00859261381835274,-0.02482910924437231
1.8773754750950191,PASSED,-0.2653936416082593,-0.0016370712651320896,0.0046587894481866935,2.654339669145022,0.00856806084339515,-0.02436888543306784
1.878375675135027,PASSED,-0.26539527638584415,-0.0016324657146420097,0.004570057851342065,2.654348225208293,0.008543970523189096,-0.023904610054710305
1.879375875175035,PASSED,-0.26539690660251414,-0.0016279492979595497,0.004480655903205528,2.6543567574147997,0.008520346591881538,-0.023436812142791502
1.880376075215043,PASSED,-0.2653985323476959,-0.0016235226222449655,0.004390688922169845,2.6543652662324657,0.008497192234082341,-0.02296605490346948
1.881376275255051,PASSED,-0.2654001537113688,-0.001619186186967459,0.004300266181064168,2.6543737521321096,0.00847451005992505,-0.022492920326506727
1.882376475295059,PASSED,-0.2654017707839587,-0.0016149403844208318,0.004209493457002449,2.6543822155868924,0.00845230213237006,-0.022017932373977873
1.883376675335067,PASSED,-0.2654033836562313,-0.0016107855019537884,0.004118475140403952,2.6543906570717573,0.00843056996256695,-0.02154166142252928
1.884376875375075,PASSED,-0.2654049924191856,-0.0016067217199281542,0.0040273199491210184,2.654399077062871,0.008409314484854657,-0.02106468857213607
1.885377075415083,PASSED,-0.2654065971639495,-0.0016027491138152182,0.00393613022214576,2.654407476037078,0.008388536106865005,-0.02058750426799824
1.886377275455091,PASSED,-0.2654081979816741,-0.0015988676557146873,0.003845010019454036,2.654415854471346,0.008368234683687234,-0.02011070245095367
1.887377475495099,PASSED,-0.26540979496343026,-0.0015950772128731096,0.0037540647229933853,2.6544242128422346,0.008348409530747208,-0.019634786599406973
1.888377675535107,PASSED,-0.26541138820010524,-0.0015913775498707233,0.0036633951886485563,2.654432551625332,0.008329059404785736,-0.019160352202848317
1.889377875575115,PASSED,-0.2654129777823009,-0.0015877683311683096,0.0035731010449239022,2.654440871294744,0.00831018255571047,-0.018687846990208642
1.890378075615123,PASSED,-0.26541456380023243,-0.0015842491196674208,0.003483285138198833,2.6544491723225594,0.008291776720769537,-0.018217826908081446
1.891378275655131,PASSED,-0.2654161463436292,-0.0015808193793091872,0.003394043838256487,2.654457455178322,0.008273839075530337,-0.01775085745994702
1.892378475695139,PASSED,-0.26541772550163595,-0.0015774784774383204,0.00330547389260666,2.654465720328516,0.008256366300368499,-0.017287386963098186
1.893378675735147,PASSED,-0.26541930136271635,-0.0015742256841610317,0.003217672867076911,2.6544739682360707,0.008239354611832743,-0.01682788958419356
1.894378875775155,PASSED,-0.26542087401455744,-0.001571060175343846,0.0031307327839250635,2.6544821993598506,0.008222799685008152,-0.01637295165152605
1.895379075815163,PASSED,-0.26542244354397615,-0.0015679810347963468,0.0030447457232152873,2.6544904141541714,0.008206696712415305,-0.015922986553725843
1.896379275855171,PASSED,-0.26542401003682753,-0.001564987254679945,0.002959803045192749,2.654498613068313,0.008191040441720017,-0.015478460122997171
1.897379475895179,PASSED,-0.2654255735779143,-0.0015620777377550396,0.002875992844713371,2.654506796546053,0.008175825129516201,-0.015039880257693065
1.898379675935187,PASSED,-0.2654271342508995,-0.001559251300938334,0.0027933994647005725,2.654514965025211,0.0081610445818705,-0.014607659237705966
1.899379875975195,PASSED,-0.26542869213821974,-0.0015565066752355106,0.00271210986157191,2.6545231189371834,0.00814669215732876,-0.014182268077764302
1.900380076015203,PASSED,-0.2654302473210017,-0.0015538425082560032,0.0026322050581308576,2.6545312587065144,0.008132760782903956,-0.013764111989495714
1.901380276055211,PASSED,-0.2654317998789804,-0.0015512573685282029,0.0025537628409135005,2.6545393847504735,0.008119242978788006,-0.013353598866918063
1.902380476095219,PASSED,-0.26543334989041967,-0.0015487497456034346,0.0024768629806712836,2.6545474974786223,0.008106130825222425,-0.01295119003135661
1.903380676135227,PASSED,-0.2654348974320351,-0.0015463180522492395,0.002401580269877309,2.6545555972924344,0.008093416030028408,-0.012557198635791147
1.904380876175235,PASSED,-0.26543644257891924,-0.0015439606290484026,0.0023279851548097257,2.65456368458488,0.008081089909774637,-0.012172067999088805
1.905381076215243,PASSED,-0.26543798540446983,-0.0015416757456454017,0.002256148901794841,2.6545717597400658,0.00806914339651651,-0.01179614343082229
1.906381276255251,PASSED,-0.2654395259803197,-0.0015394616023249456,0.0021861395995637226,2.654579823132862,0.008057567086061696,-0.011429755137476351
1.907381476295259,PASSED,-0.26544106437627035,-0.0015373163344148532,0.002118020117111862,2.6545878751285583,0.008046351225969568,-0.011073263395231426
1.908381676335267,PASSED,-0.2654426006602272,-0.0015352380149613368,0.002051852344452784,2.6545959160825205,0.008035485715799033,-0.010727008020736655
1.909381876375275,PASSED,-0.2654441348981383,-0.0015332246555481025,0.0019876974590887363,2.654603946339875,0.008024960162770156,-0.010391249700969685
1.910382076415283,PASSED,-0.26544566715393547,-0.0015312742107491898,0.0019256096921283867,2.65461196623519,0.008014763860888986,-0.010066336667971711
1.911382276455291,PASSED,-0.26544719748947837,-0.0015293845817034245,0.0018656419481899397,2.6546199760922016,0.008004885825729478,-0.009752500820535841
1.912382476495299,PASSED,-0.2654487259645016,-0.0015275536168181377,0.0018078468433515343,2.6546279762235105,0.007995314790817963,-0.00945005763883444
1.913382676535307,PASSED,-0.26545025263656435,-0.001525779115660084,0.001752270701188444,2.6546359669303468,0.007986039254530015,-0.00915918872068956
1.914382876575315,PASSED,-0.2654517775610034,-0.0015240588331323973,0.001698957078685651,2.6546439485023012,0.00797704746134533,-0.008880196160685146
1.915383076615323,PASSED,-0.26545330079088886,-0.0015223904810492855,0.001647948752729601,2.654651921217109,0.007968327430959782,-0.00861325320212172
1.916383276655331,PASSED,-0.26545482237698304,-0.0015207717311049437,0.0015992840720830774,2.6546598853404197,0.007959866982516604,-0.008358578603880697
1.917383476695339,PASSED,-0.2654563423677023,-0.0015192002188260838,0.0015529977500442589,2.6546678411256153,0.007951653749378423,-0.008116336161048902
1.918383676735347,PASSED,-0.2654578608090821,-0.0015176735462397195,0.0015091224772443173,2.6546757888136105,0.007943675173326593,-0.007886735979017007
1.919383876775355,PASSED,-0.2654593777447448,-0.0015161892849673056,0.0014676871358601557,2.654683728632693,0.007935918540791054,-0.007669896906553784
1.920384076815363,PASSED,-0.265460893215871,-0.0015147449788912022,0.0014287187029321177,2.654691660798373,0.007928371010832241,-0.007465951993652811
1.921384276855371,PASSED,-0.2654624072611736,-0.0015133381479982713,0.0013922390195966641,2.6546995855132427,0.007921019595275601,-0.007275057931967334
1.922384476895379,PASSED,-0.26546391991687535,-0.0015119662914539079,0.0013582682275412382,2.6547075029668634,0.007913851202074475,-0.007097283380565691
1.923384676935387,PASSED,-0.265465431216689,-0.0015106268897476093,0.0013268240254703447,2.6547154133356616,0.007906852658256268,-0.006932717443298881
1.924384876975395,PASSED,-0.26546694119180103,-0.001509317408819063,0.0012979188639300578,2.6547233167828383,0.007900010688912775,-0.006781470610290005
1.925385077015403,PASSED,-0.2654684498708586,-0.0015080353033375242,0.0012715632266114706,2.654731213458307,0.007893311973640703,-0.006643545046590496
1.926385277055411,PASSED,-0.2654699572799586,-0.0015067780182509156,0.0012477663266068305,2.654739103498636,0.007886743153403035,-0.006519003698384875
1.927385477095419,PASSED,-0.2654714634426411,-0.001505542993504723,0.0012265303592497493,2.6547469870270053,0.007880290809598766,-0.006407903874856375
1.928385677135427,PASSED,-0.26547296837988527,-0.0015043276669497836,0.0012078573520658002,2.654754864153193,0.007873941533594503,-0.006310190757201836
1.929385877175435,PASSED,-0.26547447211010794,-0.0015031294757918204,0.0011917470285613093,2.6547627349735694,0.007867681933312368,-0.006225873298757175
1.930386077215443,PASSED,-0.2654759746491661,-0.0015019458618170509,0.0011781919389086933,2.654770599571109,0.007861498607599538,-0.00615496065554458
1.931386277255451,PASSED,-0.2654774760103616,-0.00150077427312009,0.0011671865356620939,2.654778458015402,0.007855378180078278,-0.006097405431738984
1.932386477295459,PASSED,-0.26547897620444916,-0.0014996121663925048,0.0011587201888673402,2.6547863103627174,0.007849307365923567,-0.006053086636691569
1.933386677335467,PASSED,-0.2654804752396475,-0.0014984570120614375,0.001152777092533687,2.654794156656046,0.007843272921356564,-0.00602201652054449
1.934386877375475,PASSED,-0.26548197312165306,-0.0014973062951276173,0.001149343494678135,2.6548019969251766,0.007837261664074616,-0.006004084456217903
1.935387077415483,PASSED,-0.26548346985365656,-0.0014961575182920455,0.0011483990628343445,2.654809831186783,0.007831260538237902,-0.005999153423710946
1.936387277455491,PASSED,-0.26548496543636285,-0.001495008206348079,0.0011499205313880271,2.6548176594445265,0.007825256587583127,-0.006007148808817503
1.937387477495499,PASSED,-0.26548645986801306,-0.0014938559069192312,0.00115388536048751,2.6548254816891794,0.007819236975765073,-0.006027920490878234
1.9383876775355071,PASSED,-0.2654879531444097,-0.001492698194131403,0.0011602644060554888,2.6548332978987346,0.007813188990167152,-0.006061362335950372
1.9393878775755151,PASSED,-0.26548944525894425,-0.0014915326715803404,0.0011690279810671468,2.6548411080385836,0.007807100109864518,-0.006107225613758363
1.9403880776155231,PASSED,-0.26549093620262776,-0.0014903569741633311,0.001180143707637388,2.6548489120616448,0.007800957948438407,-0.006165451967679788
1.9413882776555311,PASSED,-0.2654924259641237,-0.0014891687713216209,0.001193575597758429,2.654856709908551,0.007794750286330348,-0.006235802201646094
1.9423884776955391,PASSED,-0.2654939145297834,-0.0014879657689495975,0.0012092868881999905,2.6548645015078387,0.007788465145749108,-0.006318032834304284
1.9433886777355471,PASSED,-0.2654954018836839,-0.001486745711978619,0.001227237026164419,2.654872286776125,0.00778209070142898,-0.006412051977341802
1.9443888777755551,PASSED,-0.26549688800766863,-0.001485506387434402,0.0012473828895849652,2.6548800656183538,0.007775615374321363,-0.006517510527801238
1.9453890778155631,PASSED,-0.26549837288138944,-0.0014842456253351128,0.0012696815724253018,2.654887837927982,0.007769027816184502,-0.006634256542900143
1.9463892778555711,PASSED,-0.2654998564823519,-0.001482961302199035,0.0012940841785128434,2.6548956035872364,0.007762316888458617,-0.006762041847877072
1.9473894778955791,PASSED,-0.2655013387859624,-0.0014816513427481591,0.0013205429657849232,2.654903362467361,0.0077554717523165085,-0.006900532338261492
1.9483896779355871,PASSED,-0.26550281976557705,-0.001480313721660966,0.0013490065014653656,2.6549111144288604,0.007748481798013216,-0.007049568946646409
1.9493898779755952,PASSED,-0.26550429939255327,-0.001478946465964825,0.0013794218259248335,2.6549188593217754,0.007741336678090605,-0.007208820573253724
1.9503900780156032,PASSED,-0.26550577763630273,-0.0014775476569547981,0.0014117337994283576,2.6549265969859692,0.007734026380960885,-0.007377948167364362
1.9513902780556112,PASSED,-0.2655072544643465,-0.0014761154317784013,0.0014458860943757717,2.6549343272513974,0.007726541135097152,-0.007556777661311391
1.9523904780956192,PASSED,-0.265508729842372,-0.0014746479856833415,0.0014818194288487125,2.654942049938426,0.007718871486418714,-0.00774489602319143
1.9533906781356272,PASSED,-0.2655102037342916,-0.0014731435729475899,0.001519474940353883,2.654949764858123,0.007711008317491348,-0.007942017530148018
1.9543908781756352,PASSED,-0.2655116761023028,-0.0014716005090822694,0.001558789815298179,2.65495747181258,0.007702942794164183,-0.008147860525175736
1.9553910782156432,PASSED,-0.2655131469069502,-0.0014700171725997822,0.001599700927279852,2.6549651705952386,0.007694666428284383,-0.008362036116217508
1.9563912782556512,PASSED,-0.26551461610718863,-0.0014683920053381704,0.001642144817833036,2.6549728609912147,0.007686171073668126,-0.008584233616282324
1.9573914782956592,PASSED,-0.26551608366044804,-0.0014667235148444432,0.0016860542776568747,2.654980542777638,0.007677448901985697,-0.00881413039319303
1.9583916783356672,PASSED,-0.2655175495226992,-0.0014650102756168,0.0017313625276340143,2.654988215724009,0.0076684924623092055,-0.00905131253202355
1.9593918783756752,PASSED,-0.2655190136485213,-0.0014632509296940786,0.0017780015194462672,2.654995879592532,0.007659294641076684,-0.00929549369951949
1.9603920784156832,PASSED,-0.2655204759911699,-0.0014614441872981845,0.001825902980192546,2.655003534138487,0.007649848678334463,-0.009546275437354918
1.9613922784556912,PASSED,-0.26552193650264666,-0.001459588829886024,0.0018749937001389235,2.6550111791105877,0.0076401482062645664,-0.009803269824923494
1.9623924784956992,PASSED,-0.2655233951337694,-0.0014576837089708152,0.0019252057252554533,2.65501881425135,0.00763018720948589,-0.010066148081178746
1.9633926785357072,PASSED,-0.26552485183424324,-0.00145572774717818,0.0019764658375548065,2.655026439297463,0.007619960034538127,-0.01033452619215206
1.9643928785757152,PASSED,-0.265526306552733,-0.0014537199404606918,0.0020287006374439523,2.6550340539801733,0.007609461441677952,-0.010607970638856592
1.9653930786157232,PASSED,-0.26552775923693517,-0.0014516593570989371,0.0020818385112949395,2.65504165802565,0.0075986865445132066,-0.010886181515337965
1.9663932786557312,PASSED,-0.26552920983365164,-0.0014495451388660213,0.0021358047139962595,2.655049251155381,0.007587630837828571,-0.011168723464166691
1.9673934786957392,PASSED,-0.26553065828886324,-0.001447376502034165,0.00219052491043004,2.6550568330865585,0.00757629024047489,-0.011455179946690089
1.9683936787357472,PASSED,-0.2655321045478038,-0.0014451527362406079,0.002245926382308221,2.655064403532456,0.007564661018746791,-0.011745249582372786
1.9693938787757552,PASSED,-0.2655335485550346,-0.001442873206499517,0.0023019319802795096,2.6550719622028334,0.0075527398426502475,-0.012038460439323535
1.9703940788157632,PASSED,-0.2655349902545191,-0.001440537352520271,0.002358468645223774,2.655079508804309,0.007540523787262942,-0.012334452019292673
1.9713942788557712,PASSED,-0.26553642958969775,-0.0014381446882894685,0.0024154612878550022,2.655087043040774,0.007528010310266844,-0.012632826980634383
1.9723944788957792,PASSED,-0.2655378665035627,-0.001435694803162839,0.0024728343524792894,2.6550945646137603,0.007515197243896124,-0.012933225964112068
1.9733946789357872,PASSED,-0.2655393009387327,-0.0014331873611404349,0.002530513802353917,2.655102073222852,0.007502082841742316,-0.01323518628027258
1.9743948789757952,PASSED,-0.26554073283752766,-0.001430622100639469,0.002588424966706936,2.655109568566058,0.007488665729196242,-0.013538396723274925
1.9753950790158032,PASSED,-0.26554216214204335,-0.0014279988347915794,0.0026464931020116576,2.655117050340225,0.00747494492625754,-0.013842407082320093
1.9763952790558112,PASSED,-0.2655435887942253,-0.0014253174503479826,0.0027046453379869374,2.655124518241398,0.007460919836152741,-0.01414687878645165
1.9773954790958193,PASSED,-0.26554501273594255,-0.0014225779074519315,0.0027628079347605133,2.6551319719652304,0.007446590253050682,-0.014451385979128645
1.9783956791358273,PASSED,-0.26554643390906124,-0.0014197802401510373,0.0028209068783168873,2.655139411207356,0.007431956355991661,-0.014755571112283889
1.9793958791758353,PASSED,-0.2655478522555171,-0.0014169245542829374,0.0028788718612882233,2.6551468356637646,0.007417018681067598,-0.015059077465248955
1.9803960792158433,PASSED,-0.26554926771738746,-0.0014140110270071166,0.002936630885509451,2.655154245031193,0.007401778167245538,-0.015361471393269382
1.9813962792558513,PASSED,-0.265550680236963,-0.0014110399076344812,0.0029941116973859847,2.6551616390074955,0.007386236130365021,-0.015662413872015418
1.9823964792958593,PASSED,-0.26555208975681804,-0.0014080115150061619,0.0030512465822746604,2.6551690172919997,0.007370394209857791,-0.01596159159737173
1.9833966793358673,PASSED,-0.2655534962198804,-0.0014049262370428477,0.0031079655506737296,2.6551763795858925,0.0073542544493326355,-0.016258539810342993
1.9843968793758753,PASSED,-0.2655548995695002,-0.0014017845306744435,0.003164200246891147,2.655183725592558,0.007337819242555623,-0.016552984754793408
1.9853970794158833,PASSED,-0.2655562997495175,-0.0013985869194507853,0.003219885208169654,2.655191055017957,0.007321091324513514,-0.01684454023365303
1.9863972794558913,PASSED,-0.2655576967043292,-0.0013953339930430305,0.0032749538741447823,2.6551983675709527,0.007304073777001682,-0.017132885697284835
1.9873974794958993,PASSED,-0.26555909037895425,-0.0013920264065108668,0.0033293416375097485,2.655205662963672,0.00728677003658464,-0.017417643563546477
1.9883976795359073,PASSED,-0.2655604807190983,-0.0013886648784929916,0.0033829856047857105,2.6552129409118237,0.007269183851091956,-0.017698546778775515
1.9893978795759153,PASSED,-0.26556186767121626,-0.0013852501893885873,0.003435824770816645,2.655220201135049,0.007251319312686774,-0.017975199489453683
1.9903980796159233,PASSED,-0.26556325118257434,-0.001381783181129684,0.0034877972509608835,2.6552274433572305,0.007233180836969921,-0.018247326535119256
1.9913982796559313,PASSED,-0.26556463120131,-0.0013782647550769622,0.003538845253895781,2.6552346673068032,0.007214773110902041,-0.018514659089720588
1.992398479695939,PASSED,-0.26556600767649086,-0.0013746958700893337,0.0035889114767836904,2.65524187271708,0.007196101177488236,-0.018776782963195456
1.993398679735947,PASSED,-0.2655673805581717,-0.0013710775421566272,0.0036379389033217636,2.6552490593265365,0.007177170362716804,-0.01903350264359019
1.994398879775955,PASSED,-0.26556874979745015,-0.0013674108415844142,0.0036858750181403767,2.6552562268791022,0.007157986232855348,-0.019284548006699258
1.995399079815963,PASSED,-0.2655701153465207,-0.0013636968917618009,0.0037326663589287204,2.6552633751244508,0.007138554687931572,-0.019529542868493233
1.996399279855971,PASSED,-0.2655714771587269,-0.0013599368679855083,0.003778262054535321,2.6552705038182713,0.007118881897058989,-0.01976828954197475
1.997399479895979,PASSED,-0.2655728351886119,-0.0013561319942950445,0.003822614781082867,2.655277612722528,0.007098974235037042,-0.020000577008594263
1.998399679935987,PASSED,-0.265574189391967,-0.0013522835431981244,0.0038656753074783412,2.6552847016057193,0.007078838370489568,-0.020226056240060818
1.999399879975995,PASSED,-0.2655755397258787,-0.0013483928336548564,0.00390739903379444,2.655291770243122,0.0070584812229654206,-0.02044454171353939
2.000400080016003,PASSED,-0.2655768861487738,-0.0013444612273059392,0.003947744558999214,2.6552988184170276,0.0070379099040440915,-0.020655837059854406
2.001400280056011,PASSED,-0.265578228620462,-0.0013404901285413557,0.00398666823497286,2.6553058459169674,0.007017131762548213,-0.02085967778656223
2.002400480096019,PASSED,-0.2655795671021777,-0.0013364809827499777,0.004024130828981447,2.6553128525399265,0.006996154373015468,-0.021055864030199437
2.003400680136027,PASSED,-0.26558090155661884,-0.0013324352724376314,0.0040600966345894,2.6553198380905543,0.006974985495375769,-0.021244220046032908
2.004400880176035,PASSED,-0.26558223194798364,-0.0013283545159586414,0.0040945297085904445,2.6553268023813534,0.006953633072474554,-0.02142455813800375
2.005401080216043,PASSED,-0.26558355824200647,-0.0013242402670629243,0.00412739502046784,2.655333745232863,0.006932105234384523,-0.02159669139138204
2.006401280256051,PASSED,-0.26558488040599026,-0.001320094110747984,0.004158663844588246,2.6553406664738355,0.006910410282491574,-0.021760458893993227
2.007401480296059,PASSED,-0.26558619840883774,-0.0013159176610279108,0.004188306970396482,2.655347565941395,0.006888556664817252,-0.021915723527874482
2.008401680336067,PASSED,-0.26558751222108007,-0.0013117125612615306,0.004216294963702668,2.655354443481194,0.006866552985050214,-0.02206231725981415
2.009401880376075,PASSED,-0.26558882181490373,-0.001307480479819858,0.004242605760319151,2.6553612989475424,0.006844407967666223,-0.022200150800110136
2.010402080416083,PASSED,-0.26559012716417474,-0.0013032231074486973,0.004267216778388766,2.6553681322035505,0.006822130474071068,-0.022329055458517082
2.011402280456091,PASSED,-0.26559142824446147,-0.001298942158037013,0.0042901045005483114,2.655374943121233,0.0067997294723317605,-0.022448965926501238
2.012402480496099,PASSED,-0.2655927250330546,-0.001294639363777643,0.004311254098584169,2.655381731581619,0.006777214017096304,-0.022559781441427066
2.013402680536107,PASSED,-0.2655940175089851,-0.0012903164730567835,0.004330648469042945,2.655388497474857,0.006754593284276655,-0.02266136707179697
2.014402880576115,PASSED,-0.2655953056530404,-0.0012859752504554573,0.004348272022848176,2.6553952407002814,0.006731876498824572,-0.0227537310389396
2.015403080616123,PASSED,-0.26559658944777753,-0.0012816174719068802,0.0043641162323964375,2.655401961166494,0.006709072947929121,-0.022836764133125274
2.016403280656131,PASSED,-0.26559786887753534,-0.0012772449244134894,0.0043781683340535435,2.6554086587914174,0.006686191996636976,-0.022910409398156226
2.017403480696139,PASSED,-0.2655991439284433,-0.0012728594035483036,0.004390422552607345,2.6554153335023583,0.006663243051453053,-0.022974635707768882
2.018403680736147,PASSED,-0.26560041458842876,-0.0012684627099651521,0.004400874270181088,2.6554219852360235,0.006640235518604986,-0.023029464274933124
2.019403880776155,PASSED,-0.2656016808472222,-0.001264056648965766,0.00440951881885601,2.6554286139385708,0.006617178865518052,-0.023074778961601847
2.020404080816163,PASSED,-0.26560294269635965,-0.0012596430276492657,0.004416356314929883,2.655435219565601,0.00659408255242321,-0.02311066918366889
2.021404280856171,PASSED,-0.26560420012918373,-0.001255223652035805,0.004421388479147822,2.655441802082173,0.006570956013658388,-0.023137118485590292
2.022404480896179,PASSED,-0.2656054531408422,-0.001250800326747423,0.004424616494538422,2.655448361462803,0.006547808722607648,-0.023154072760841072
2.023404680936187,PASSED,-0.2656067017282843,-0.001246374850986731,0.004426048604794729,2.6554548976914294,0.006524650088849665,-0.023161674422743847
2.024404880976195,PASSED,-0.26560794589025516,-0.0012419490173046699,0.004425690400238352,2.655461410761393,0.006501489476605682,-0.0231599041248085
2.025405081016203,PASSED,-0.2656091856272882,-0.001237524610367252,0.004423551295537244,2.6554679006754025,0.006478336258018227,-0.023148761562552262
2.026405281056211,PASSED,-0.26561042094169546,-0.0012331034033747702,0.004419644123778583,2.655474367445472,0.006455199708820586,-0.02312840762103427
2.027405481096219,PASSED,-0.26561165183755575,-0.00122868715652761,0.00441398199608134,2.6554808110928683,0.006432089027110048,-0.023098864436874336
2.028405681136227,PASSED,-0.2656128783207012,-0.001224277616596657,0.004406578554200852,2.6554872316480367,0.006409013377632333,-0.02306017283827514
2.029405881176235,PASSED,-0.26561410039870104,-0.0012198765126844007,0.00439745415095984,2.655493629150513,0.006385981803475861,-0.02301250836860458
2.030406081216243,PASSED,-0.2656153180808448,-0.0012154855551577593,0.004386626443762745,2.655500003648846,0.006363003258898628,-0.02295590204965177
2.0314062812562512,PASSED,-0.2656165313781226,-0.0012111064356132323,0.004374114945036358,2.6555063552004783,0.00634008659762041,-0.022890500763928803
2.0324064812962592,PASSED,-0.2656177403032033,-0.0012067408213178124,0.00435994719567579,2.655512683871649,0.00631724055436172,-0.022816404921863948
2.0334066813362672,PASSED,-0.26561894487041227,-0.0012023903566874623,0.004344142920132635,2.6555189897372653,0.006294473736574943,-0.022733759696718016
2.0344068813762752,PASSED,-0.265620145095706,-0.001198056661168862,0.004326730584245644,2.6555252728807806,0.006271794623641223,-0.022642681758388537
2.0354070814162832,PASSED,-0.26562134099664564,-0.00119374132505807,0.004307739795155934,2.6555315333940395,0.00624921153369063,-0.022543362078729146
2.0364072814562912,PASSED,-0.26562253259236884,-0.0011894459102755666,0.004287198107401484,2.6555377713771464,0.006226732650325415,-0.02243589755620705
2.0374074814962992,PASSED,-0.26562371990355976,-0.0011851719489568376,0.004265136792947102,2.6555439869382997,0.006204365997238416,-0.02232049010752623
2.0384076815363072,PASSED,-0.2656249029524177,-0.001180920939905381,0.00424159055712976,2.6555501801936376,0.006182119422629335,-0.02219729761011781
2.0394078815763153,PASSED,-0.265626081762624,-0.0011766943479994479,0.004216592805135227,2.6555563512670464,0.0061600005865919405,-0.02206652832224604
2.0404080816163233,PASSED,-0.2656272563593075,-0.0011724936040594619,0.004190178029886846,2.655562500289995,0.006138016979380198,-0.021928326471408067
2.0414082816563313,PASSED,-0.2656284267690091,-0.001168320101661294,0.004162385310355486,2.6555686274013532,0.006116175920645832,-0.021782880243005846
2.0424084816963393,PASSED,-0.2656295930196438,-0.0011641751956646853,0.004133253120777251,2.6555747327471737,0.006094484478990275,-0.02163048259725716
2.0434086817363473,PASSED,-0.2656307551404624,-0.0011600602027279877,0.004102819480644513,2.655580816480511,0.0060729495486079536,-0.021471228905697637
2.0444088817763553,PASSED,-0.26563191316201185,-0.0011559763990771378,0.004071126430986959,2.6555868787612007,0.006051577832006527,-0.021305375065245907
2.0454090818163633,PASSED,-0.2656330671160938,-0.0011519250183155336,0.004038216982015784,2.655592919755653,0.006030375772552859,-0.02113318237928279
2.0464092818563713,PASSED,-0.26563421703572254,-0.0011479072519232508,0.004004132665794276,2.655598939636622,0.00600934960305179,-0.020954827582260777
2.0474094818963793,PASSED,-0.2656353629550817,-0.0011439242475401537,0.003968918861298971,2.6556049385829903,0.005988505351585379,-0.020770534055843382
2.0484096819363873,PASSED,-0.2656365049094796,-0.0011399771071827177,0.003932621354860574,2.655610916779525,0.005967848780708314,-0.02058059542454514
2.0494098819763953,PASSED,-0.2656376429353044,-0.0011360668882228221,0.003895284029918824,2.655616874416646,0.005947385409295849,-0.020385222071077937
2.0504100820164033,PASSED,-0.2656387770699772,-0.001132194600397394,0.0038569570224343368,2.6556228116901885,0.005927120550657709,-0.020184616349516113
2.0514102820564113,PASSED,-0.2656399073519057,-0.0011283612059502393,0.0038176860636350107,2.6556287288011435,0.00590705923196972,-0.019979120246970957
2.0524104820964193,PASSED,-0.2656410338204354,-0.0011245676195416234,0.0037775199719365525,2.6556346259554284,0.005887206242889606,-0.019768901635541385
2.0534106821364273,PASSED,-0.265642156515802,-0.001120814706322313,0.0037365087175596327,2.655640503363603,0.005867566109867796,-0.019554287279323016
2.0544108821764353,PASSED,-0.2656432754790809,-0.0011171032812379144,0.0036947026622914515,2.655646361240641,0.005848143109987397,-0.019335474947782035
2.0554110822164433,PASSED,-0.26564439075213847,-0.0011134341105054047,0.003652149445988554,2.655652199805644,0.005828941245845974,-0.01911279027051798
2.0564112822564513,PASSED,-0.2656455023775809,-0.0011098079087856966,0.0036089032355210112,2.6556580192816015,0.005809964267124676,-0.01888643768848595
2.0574114822964593,PASSED,-0.26564661039870335,-0.0011062253389385018,0.003565014254977102,2.6556638198950955,0.00579121563654167,-0.018656759179351248
2.0584116823364673,PASSED,-0.2656477148594389,-0.0011026870134882387,0.0035205329137869574,2.6556696018760655,0.005772698573841092,-0.01842393171472828
2.0594118823764753,PASSED,-0.2656488158043066,-0.001099193492766623,0.003475512593501355,2.655675365457511,0.005754416014788718,-0.018188310610806623
2.0604120824164833,PASSED,-0.2656499132783595,-0.001095745284203305,0.003430005876529308,2.655681110875225,0.005736370592524711,-0.017950163366140783
2.0614122824564913,PASSED,-0.2656510073271329,-0.0010923428442323046,0.003384062700647505,2.6556868383675307,0.005718564720235413,-0.01770967823806997
2.0624124824964993,PASSED,-0.26565209799659134,-0.0010889865761668993,0.003337738308576958,2.6556925481750033,0.005701000519011445,-0.01746721654789917
2.0634126825365073,PASSED,-0.26565318533307664,-0.0010856768302437347,0.0032910843328891526,2.6556982405401865,0.0056836797957721666,-0.017223061033531814
2.0644128825765153,PASSED,-0.2656542693832552,-0.001082413905568589,0.003244151569983151,2.655703915707331,0.005666604132391488,-0.01697739827877627
2.0654130826165233,PASSED,-0.2656553501940656,-0.0010791980480650205,0.0031969947926255514,2.655709573922113,0.00564977483066317,-0.016730570694678305
2.0664132826565313,PASSED,-0.2656564278126664,-0.001076029451063232,0.0031496651412301806,2.6557152154313552,0.005633192876859951,-0.01648287587557781
2.0674134826965394,PASSED,-0.2656575022863837,-0.0010729082561505793,0.003102214760267609,2.655720840482765,0.005616859024821248,-0.01623450281411999
2.0684136827365474,PASSED,-0.26565857366265905,-0.0010698345531018174,0.0030546952410913887,2.655726449324654,0.005600773762963876,-0.015985767886205465
2.0694138827765554,PASSED,-0.26565964198899816,-0.0010668083799869074,0.0030071583641224607,2.6557320422056705,0.005584937268686078,-0.015736978538861163
2.0704140828165634,PASSED,-0.265660707312919,-0.0010638297236150976,0.002959655043601625,2.6557376193745306,0.005569349477946625,-0.015488332206512344
2.0714142828565714,PASSED,-0.2656617696819012,-0.0010608985199733812,0.0029122360404596616,2.655743181079742,0.005554010064507397,-0.015240134261039881
2.0724144828965794,PASSED,-0.265662829143335,-0.0010580146544282869,0.0028649518815174633,2.65574872756936,0.005538918432795782,-0.014992630011998251
2.0734146829365874,PASSED,-0.26566388574447175,-0.001055177963295572,0.0028178506335128383,2.655754259090699,0.005524073710528053,-0.014746117104881485
2.0744148829765954,PASSED,-0.26566493953237386,-0.0010523882330677628,0.002770983290673748,2.6557597758901,0.005509474797161447,-0.014500777541088323
2.0754150830166034,PASSED,-0.26566599055386614,-0.0010496452014279356,0.0027243972059299557,2.6557652782126473,0.005495120313279039,-0.014256954776622114
2.0764152830566114,PASSED,-0.2656670388554876,-0.0010469485587093388,0.002678139727041055,2.6557707663019405,0.005481008636148627,-0.014014825366272155
2.0774154830966194,PASSED,-0.2656680844834438,-0.001044297947946124,0.002632258120664242,2.6557762403998293,0.005467137908241923,-0.013774662933657951
2.0784156831366274,PASSED,-0.2656691274835601,-0.0010416929654078883,0.002586798816616325,2.6557817007461755,0.005453506007460694,-0.013536726012944006
2.0794158831766354,PASSED,-0.26567016790123554,-0.0010391331620421634,0.0025418063984636455,2.655787147578612,0.005440110586549053,-0.013301217510770336
2.0804160832166434,PASSED,-0.26567120578139797,-0.0010366180442411882,0.0024973254026495017,2.655792581132306,0.005426949070588425,-0.013068381593865096
2.0814162832566514,PASSED,-0.2656722411684598,-0.0010341470745408757,0.0024533992320879545,2.6557980016397202,0.005414018628087294,-0.012838483105976543
2.0824164832966594,PASSED,-0.2656732741062746,-0.001031719672698439,0.0024100702493360404,2.6558034093304013,0.005401316236459871,-0.012611663975053377
2.0834166833366674,PASSED,-0.26567430463809505,-0.0010293352166542034,0.0023673799075020455,2.6558088044307495,0.005388838650275847,-0.012388200990005824
2.0844168833766754,PASSED,-0.2656753328065315,-0.0010269930437263983,0.00232536827467407,2.655814187163802,0.005376582378226855,-0.012168319421649516
2.0854170834166834,PASSED,-0.26567635865351186,-0.0010246924517952197,0.0022840743688482524,2.6558195577490187,0.005364543744616592,-0.011952176402672808
2.0864172834566914,PASSED,-0.26567738222024284,-0.001022432699939783,0.002243536846495757,2.655824916402098,0.005352718906712916,-0.011739945571012118
2.0874174834966994,PASSED,-0.26567840354717165,-0.0010202130100113631,0.0022037919830360025,2.65583026333475,0.005341103757357637,-0.011531951878121314
2.0884176835367074,PASSED,-0.2656794226739497,-0.0010180325681613607,0.0021648750946463694,2.655835598754526,0.005329694034045639,-0.011328237601249945
2.0894178835767154,PASSED,-0.2656804396393968,-0.0010158905252013728,0.0021268215368821742,2.6558409228646287,0.0053184853304044065,-0.011129014334553435
2.0904180836167234,PASSED,-0.26568145448146735,-0.0010137859984786046,0.002089663513358925,2.6558462358637147,0.005307472981164254,-0.010934572510551747
2.0914182836567314,PASSED,-0.26568246723721683,-0.0010117180731920798,0.0020534331353020767,2.655851537945758,0.005296652219755299,-0.010744887341224344
2.0924184836967394,PASSED,-0.2656834779427708,-0.0010096858037966215,0.002018160235562536,2.6558568292998466,0.005286018108633927,-0.010560260308135509
2.0934186837367474,PASSED,-0.2656844866332943,-0.0010076882146318627,0.001983875117556088,2.655862110110049,0.005275565511301756,-0.010380822014861858
2.0944188837767554,PASSED,-0.26568549334296276,-0.0010057243017498848,0.0019506047249257432,2.655867380555253,0.005265289191838819,-0.010206651094986825
2.0954190838167635,PASSED,-0.26568649810493494,-0.0010037930353865548,0.0019183741222662232,2.655872640809025,0.0052551837671098965,-0.010037940484881039
2.0964192838567715,PASSED,-0.26568750095132654,-0.0010018933593020926,0.0018872107259262,2.6558778910394687,0.005245243685605058,-0.009874842184811454
2.0974194838967795,PASSED,-0.2656885019131855,-0.0010000241933677259,0.0018571360733271346,2.6558831314091003,0.00523546330295415,-0.009717409628307814
2.0984196839367875,PASSED,-0.26568950102046895,-0.000998184435962592,0.0018281716263383032,2.6558883620747253,0.0052258368649784415,-0.00956579020730906
2.0994198839767955,PASSED,-0.26569049830202124,-0.0009963729632570166,0.0018003400917337784,2.6558935831873236,0.005216358471450308,-0.009420129075348381
2.1004200840168035,PASSED,-0.2656914937855538,-0.0009945886321199927,0.0017736585005509418,2.6558987948919475,0.005207022144573723,-0.00928045874407472
2.1014202840568115,PASSED,-0.2656924874976263,-0.0009928302823724948,0.0017481439121293805,2.6559039973276155,0.0051978218140720485,-0.009146911673408756
2.1024204840968195,PASSED,-0.26569347946362915,-0.0009910967359375226,0.0017238147835344326,2.6559091906272325,0.0051887513131416915,-0.009019560434988205
2.1034206841368275,PASSED,-0.2656944697077682,-0.0009893868002208439,0.001700683005441512,2.6559143749174936,0.005179804391649966,-0.008898495529550186
2.1044208841768355,PASSED,-0.2656954582530502,-0.0009876992698607096,0.001678761929929327,2.6559195503188193,0.005170974738662525,-0.008783757959365921
2.1054210842168435,PASSED,-0.2656964451212696,-0.000986032926033767,0.0016580650916181662,2.655924716945287,0.005162255986287527,-0.008675415318754893
2.1064212842568515,PASSED,-0.2656974303329983,-0.0009843865407924781,0.0016385986744029482,2.6559298749045728,0.005153641699605139,-0.008573534258142786
2.1074214842968595,PASSED,-0.26569841390757515,-0.0009827588769049413,0.00162037402962623,2.6559350242978965,0.005145125395392811,-0.008478150848450494
2.1084216843368675,PASSED,-0.2656993958630982,-0.000981148689013333,0.001603397132929384,2.6559401652199837,0.005136700562106854,-0.008389288244295018
2.1094218843768755,PASSED,-0.2657003762164178,-0.0009795547265634911,0.001587672661116951,2.655945297759026,0.005128360650961073,-0.008306993080107032
2.1104220844168835,PASSED,-0.2657013549831317,-0.0009779757351044529,0.0015732039909859459,2.655950421996661,0.005120099094697966,-0.008231265051773037
2.1114222844568915,PASSED,-0.2657023321775812,-0.0009764104562375814,0.0015599954507949545,2.6559555380079427,0.005111909299516302,-0.008162148601591738
2.1124224844968995,PASSED,-0.26570330781284945,-0.000974857630657752,0.0015480456658522623,2.6559606458613496,0.005103784689374068,-0.008099584502660963
2.1134226845369075,PASSED,-0.26570428190076045,-0.000973315999645583,0.001537354576380325,2.6559657456187504,0.005095718651164047,-0.008043674014928727
2.1144228845769155,PASSED,-0.26570525445188004,-0.0009717843056055958,0.001527920349058435,2.6559708373354503,0.005087704621149543,-0.00799426734755546
2.1154230846169235,PASSED,-0.26570622547551837,-0.0009702612939372584,0.0015197392145234034,2.65597592106016,0.005079736026543266,-0.007951479445423395
2.1164232846569315,PASSED,-0.2657071949797336,-0.0009687457151299686,0.0015128052024671235,2.655980996835046,0.005071806310617807,-0.00791520691214979
2.1174234846969395,PASSED,-0.2657081629713374,-0.000967236325520293,0.0015071125478147275,2.6559860646957456,0.005063908980095326,-0.007885412929368688
2.1184236847369475,PASSED,-0.2657091294559012,-0.0009657318879880742,0.001502654188488332,2.655991124671408,0.005056037562478579,-0.007862087408331627
2.1194238847769555,PASSED,-0.2657100944377645,-0.0009642311753380795,0.0014994182909989298,2.6559961767847255,0.005048185610090008,-0.007845195708728799
2.1204240848169635,PASSED,-0.26571105792004485,-0.0009627329706764226,0.00149739557542903,2.656001221051999,0.005040346766948176,-0.007834608097233785
2.1214242848569715,PASSED,-0.26571201990464766,-0.0009612360669010568,0.0014965759086568704,2.656006257483182,0.005032514722298586,-0.007830335684495277
2.1224244848969795,PASSED,-0.2657129803922794,-0.0009597392715825775,0.0014969415916941465,2.6560112860819487,0.005024683212451488,-0.007832292622165827
2.1234246849369875,PASSED,-0.26571393938246046,-0.0009582414061492612,0.0014984813277309605,2.656016306845765,0.00501684607552901,-0.007840366456019866
2.1244248849769956,PASSED,-0.26571489687354033,-0.0009567413064583007,0.001501178599780374,2.656021319765968,0.005008997227709168,-0.007854502062391872
2.1254250850170036,PASSED,-0.26571585286271343,-0.000955237826191247,0.0015050147119024604,2.6560263248278457,0.005001130652846876,-0.007874623395558432
2.1264252850570116,PASSED,-0.2657168073460366,-0.0009537298365969061,0.001509972849299947,2.6560313220107292,0.004993240440356541,-0.007900605220186213
2.1274254850970196,PASSED,-0.2657177603184473,-0.0009522162272732862,0.0015160336398331584,2.656036311288098,0.004985320800547107,-0.007932329535599488
2.1284256851370276,PASSED,-0.2657187117737837,-0.0009506959093235318,0.0015231741563685262,2.6560412926276595,0.0049773660000979065,-0.007969781058268316
2.1294258851770356,PASSED,-0.2657196617048052,-0.0009491678148111362,0.0015313747497471004,2.6560462659914874,0.004969370457258125,-0.00801271736078983
2.1304260852170436,PASSED,-0.2657206101032145,-0.0009476308975546615,0.0015406122609597762,2.6560512313361166,0.004961328716686327,-0.008061089379137996
2.1314262852570516,PASSED,-0.2657215569596806,-0.0009460841357109486,0.0015508615655484333,2.656056188612672,0.004953235404211336,-0.008114794538894278
2.1324264852970596,PASSED,-0.26572250226386257,-0.0009445265319247246,0.001562098600007443,2.656061137766993,0.00494508530131282,-0.008173641804930465
2.1334266853370676,PASSED,-0.26572344600443526,-0.0009429571141934249,0.0015742971521612275,2.6560660787397588,0.004936873327032381,-0.008237529264111837
2.1344268853770756,PASSED,-0.2657243881691144,-0.000941374936700971,0.0015874310526489673,2.656071011466634,0.0049285945252720035,-0.008306316757887825
2.1354270854170836,PASSED,-0.2657253287446846,-0.0009397790816957381,0.0016014709736221757,2.6560759358784045,0.0049202440899032964,-0.008379847775919422
2.1364272854570916,PASSED,-0.26572626771702584,-0.0009381686592730447,0.001616390055407506,2.6560808519011214,0.0049118173616784075,-0.00845798185753516
2.1374274854970996,PASSED,-0.2657272050711435,-0.0009365428084974145,0.001632157922445336,2.6560857594562552,0.004903309834044222,-0.008540558151951544
2.1384276855371076,PASSED,-0.2657281407911972,-0.0009349006990319959,0.0016487438274007309,2.6560906584608466,0.004894717156456132,-0.008627423878849643
2.1394278855771156,PASSED,-0.2657290748605308,-0.0009332415300989485,0.001666119003478515,2.656095548827673,0.004886035146437627,-0.008718400778274757
2.1404280856171236,PASSED,-0.265730007261704,-0.0009315645329201737,0.0016842492956391242,2.6561004304653926,0.004877259762097928,-0.008813373380648085
2.1414282856571316,PASSED,-0.26573093797652336,-0.0009298689710225923,0.0017031036322094197,2.6561053032787347,0.004868387158452576,-0.008912090488489685
2.1424284856971396,PASSED,-0.26573186698607515,-0.000928154139476534,0.001722650155291093,2.656110167168646,0.004859413649664908,-0.009014454320453183
2.1434286857371476,PASSED,-0.26573279427075797,-0.0009264193676764084,0.0017428528966820277,2.6561150220324774,0.004850335705831846,-0.009120270174800249
2.1444288857771556,PASSED,-0.2657337198103162,-0.0009246640184773796,0.0017636800672598423,2.6561198677641547,0.0048411500038340475,-0.009229323213129992
2.1454290858171636,PASSED,-0.2657346435838741,-0.0009228874879408187,0.0017850975160950894,2.656124704254354,0.0048318533863685245,-0.009341480300450997
2.1464292858571716,PASSED,-0.26573556556997013,-0.0009210892080762242,0.0018070680969274353,2.6561295313906874,0.0048224428684029985,-0.009456543075576529
2.1474294858971796,PASSED,-0.2657364857465917,-0.0009192686456313837,0.001829558676782363,2.6561343490578775,0.0048129156566300265,-0.009574324237902467
2.1484296859371876,PASSED,-0.26573740409121077,-0.0009174253022994543,0.001852533102027388,2.6561391571379533,0.00480326915504077,-0.009694619823492834
2.1494298859771956,PASSED,-0.2657383205808189,-0.0009155587156174094,0.0018759557353897364,2.656143955510424,0.004793500933011718,-0.009817290166091133
2.1504300860172036,PASSED,-0.26573923519196385,-0.0009136684599774557,0.0018997889096629855,2.6561487440524707,0.004783608749668024,-0.009942112128762918
2.1514302860572116,PASSED,-0.2657401479007847,-0.0009117541448588924,0.001923999257830222,2.6561535226391477,0.004773590587812882,-0.010068861672728795
2.1524304860972197,PASSED,-0.26574105868304904,-0.0009098154163638331,0.0019485479865456138,2.6561582911435506,0.0047634445773337515,-0.0101974430167321
2.1534306861372277,PASSED,-0.26574196751418894,-0.0009078519579005049,0.0019733987811832317,2.6561630494370227,0.004753169046708144,-0.010327589031524422
2.1544308861772357,PASSED,-0.2657428743693378,-0.0009058634888676863,0.0019985158672423697,2.656167797389348,0.004742762560181338,-0.010459084856992484
2.1554310862172437,PASSED,-0.26574377922336667,-0.0009038497649340745,0.0020238626445245036,2.6561725348689254,0.0047322238130313755,-0.010591855345275113
2.1564312862572517,PASSED,-0.2657446820509213,-0.0009018105795990528,0.0020494004620197548,2.6561772617429864,0.004721551722257223,-0.010725581060071742
2.1574314862972597,PASSED,-0.2657455828264584,-0.0008997457621676613,0.0020750954109726525,2.656181977877766,0.0047107454175538185,-0.01086012046562705
2.1584316863372677,PASSED,-0.26574648152428254,-0.000897655178130777,0.002100909787492149,2.6561866831387007,0.004699804170098593,-0.010995332114955951
2.1594318863772757,PASSED,-0.2657473781185825,-0.0008955387305562746,0.0021268060991757867,2.65619137739062,0.004688727468737131,-0.011130947525799588
2.1604320864172837,PASSED,-0.2657482725834677,-0.0008933963583101013,0.0021527496775050284,2.656196060497943,0.004677515022738756,-0.011266778313424715
2.1614322864572917,PASSED,-0.2657491648930042,-0.0008912280354084264,0.0021787050511214235,2.6562007323248573,0.00466616667542826,-0.01140272664187742
2.1624324864972992,PASSED,-0.26575005502125065,-0.0008890337728536811,0.0022046342238277545,2.6562053927355107,0.004654682469814822,-0.011538524927810092
2.1634326865373072,PASSED,-0.26575094294229407,-0.0008868136170484354,0.002230503526191073,2.656210041594204,0.004643062681726453,-0.011673963528741534
2.1644328865773153,PASSED,-0.2657518286302851,-0.0008845676487928443,0.0022562780751912057,2.656214678765562,0.004631307710888752,-0.01180897571034163
2.1654330866173233,PASSED,-0.265752712059473,-0.0008822959840776627,0.002281922475175059,2.656219304114733,0.004619418160751208,-0.011943266422346216
2.1664332866573313,PASSED,-0.26575359320424036,-0.0008799987739440271,0.0023074019059425087,2.656223917507564,0.0046073948497283,-0.012076674089948376
2.1674334866973393,PASSED,-0.2657544720391371,-0.0008776762024406125,0.002332684568395957,2.656228518810769,0.004595238711470749,-0.012209114369285361
2.1684336867373473,PASSED,-0.26575534853891425,-0.0008753284873021457,0.0023577355185141697,2.656233107892124,0.004582950890727855,-0.012340291658633627
2.1694338867773553,PASSED,-0.26575622267855736,-0.0008729558801188642,0.0023825216264598253,2.656237684620622,0.004570532715471468,-0.012470097654888644
2.1704340868173633,PASSED,-0.26575709443331885,-0.00087055866359901,0.0024070131154505093,2.656242248866669,0.004557985668899909,-0.012598345849340551
2.1714342868573713,PASSED,-0.2657579637787505,-0.0008681371529757016,0.0024311756285467024,2.656246800502218,0.004545311377755541,-0.012724921341052282
2.1724344868973793,PASSED,-0.2657588306907347,-0.0008656916951548655,0.0024549792823626198,2.6562513394009692,0.004532511674902437,-0.012849557194472722
2.1734346869373873,PASSED,-0.26575969514551545,-0.0008632226665229508,0.002478394864949263,2.656255865438507,0.004519588539759696,-0.01297218710825507
2.1744348869773953,PASSED,-0.26576055711972857,-0.0008607304739922793,0.0025013909744863454,2.6562603784924703,0.004506544080206902,-0.013092641182486884
2.1754350870174033,PASSED,-0.26576141659043123,-0.0008582155537557936,0.002523939744485547,2.6562648784427023,0.004493380591019063,-0.013210721191407681
2.1764352870574113,PASSED,-0.2657622735351307,-0.0008556783702350019,0.002546012704995814,2.6562693651713998,0.004480100503144784,-0.013326332329524035
2.1774354870974193,PASSED,-0.26576312793181267,-0.0008531194156019605,0.002567582585071785,2.656273838563271,0.004466706395940696,-0.0134392904537977
2.1784356871374273,PASSED,-0.2657639797589679,-0.0008505392083592581,0.002588623681122704,2.656278298505664,0.004453200982826713,-0.013549494887439765
2.1794358871774353,PASSED,-0.2657648289956196,-0.0008479382942348326,0.0026091077532941036,2.6562827448887143,0.004439587113152299,-0.013656786199063816
2.1804360872174433,PASSED,-0.2657656756213481,-0.0008453172433575128,0.002629012960003511,2.656287177605474,0.004425867777800982,-0.013761034786154695
2.1814362872574513,PASSED,-0.26576651961631625,-0.0008426766496519258,0.0026483142026427226,2.656291596552046,0.004412046089721832,-0.013862123607814004
2.1824364872974593,PASSED,-0.2657673609612932,-0.0008400171321332353,0.002666986396055586,2.6562960016277057,0.004398125281169256,-0.013959931849082953
2.1834366873374673,PASSED,-0.26576819963767745,-0.0008373393312547618,0.0026850105334188497,2.6563003927350257,0.004384108710395173,-0.014054330057416395
2.1844368873774753,PASSED,-0.26576903562751847,-0.000834643908343194,0.002702364497000603,2.656304769779986,0.00436999984395745,-0.01414522402459453
2.1854370874174833,PASSED,-0.2657698689135385,-0.0008319315471664734,0.0027190256298672234,2.656309132672087,0.004355802251505014,-0.01423250473766459
2.1864372874574913,PASSED,-0.26577069947915244,-0.000829202950724577,0.0027349769832492542,2.6563134813244558,0.004341519614708199,-0.014316058169581298
2.1874374874974993,PASSED,-0.26577152730848697,-0.0008264588392378932,0.0027502011556400354,2.656317815653951,0.004327155719981474,-0.014395785764820203
2.1884376875375073,PASSED,-0.265772352386399,-0.0008236999524002431,0.0027646772923236545,2.6563221355812483,0.004312714423944649,-0.014471636218161507
2.1894378875775153,PASSED,-0.26577317469849265,-0.0008209270463720101,0.002778391852172585,2.65632644103094,0.0042981996861540936,-0.014543472172152423
2.1904380876175233,PASSED,-0.2657739942311357,-0.0008181408918614099,0.0027913296162185484,2.656330731931606,0.004283615542056862,-0.014611258713952127
2.1914382876575313,PASSED,-0.2657748109714746,-0.0008153422755464945,0.002803474114046641,2.6563350082159216,0.004268966125580802,-0.014674854984131786
2.1924384876975394,PASSED,-0.26577562490744866,-0.000812531997364608,0.0028148142271130438,2.6563392698206987,0.004254255612099401,-0.014734285812913996
2.1934386877375474,PASSED,-0.26577643602780343,-0.0008097108694225536,0.0028253370853485705,2.6563435166869738,0.004239488242022446,-0.014789426252981809
2.1944388877775554,PASSED,-0.2657772443221023,-0.0008068797157608652,0.002835031379248247,2.656347748760069,0.004224668355350062,-0.014840193618651739
2.1954390878175634,PASSED,-0.26577804978073793,-0.0008040393709247026,0.0028438871407721693,2.6563519659896433,0.004209800310765485,-0.014886611895194753
2.1964392878575714,PASSED,-0.26577885239494176,-0.0008011906785128259,0.002851895925946259,2.656356168329749,0.0041948885074518895,-0.014928597592530159
2.1974394878975794,PASSED,-0.26577965215679333,-0.0007983344909484091,0.0028590486567304217,2.6563603557388813,0.004179937435691884,-0.014966054538322305
2.1984396879375874,PASSED,-0.2657804490592278,-0.0007954716677067654,0.002865339631586,2.6563645281800152,0.004164951592774195,-0.014999035170601702
2.1994398879775954,PASSED,-0.2657812430960428,-0.0007926030741000961,0.002870762923391456,2.656368685620635,0.0041499354808314385,-0.015027496457527361
2.2004400880176034,PASSED,-0.26578203426190394,-0.0007897295810035086,0.0028753132120514237,2.656372828032777,0.004134893687773927,-0.015051324124167261
2.2014402880576114,PASSED,-0.2657828225523498,-0.0007868520637863023,0.0028789865539761684,2.6563769553930463,0.0041198308002610195,-0.015070596438733564
2.2024404880976194,PASSED,-0.2657836079637951,-0.0007839713998216655,0.0028817822384104674,2.656381067682635,0.004104751389424002,-0.015085287102539063
2.2034406881376274,PASSED,-0.26578439049353303,-0.0007810884686774703,0.002883697081385096,2.656385164887336,0.00408966007271886,-0.015095336440211469
2.2044408881776354,PASSED,-0.26578517013973746,-0.0007782041519232677,0.0028847298694142987,2.656389246997545,0.004074561462844149,-0.015100792164376115
2.2054410882176434,PASSED,-0.26578594690146246,-0.0007753193297212864,0.0028848837570259155,2.6563933140082794,0.004059460175063157,-0.01510161819207061
2.2064412882576514,PASSED,-0.26578672077864207,-0.0007724348808283036,0.0028841589836206536,2.656397365919159,0.004044360813933247,-0.015097856421803842
2.2074414882976594,PASSED,-0.26578749177208844,-0.0007695516833227295,0.0028825565202097955,2.656401402734396,0.004029267953379092,-0.015089529975721789
2.2084416883376674,PASSED,-0.2657882598834893,-0.0007666706111595838,0.002880082591769443,2.656405424462794,0.004014186190352763,-0.015076585060066434
2.2094418883776754,PASSED,-0.26578902511540403,-0.0007637925332877768,0.0028767413918321517,2.656409431117717,0.003999120077430207,-0.015059131497549231
2.2104420884176834,PASSED,-0.26578978747125914,-0.0007609183149187352,0.002872536353847946,2.656413422717072,0.003984074128583157,-0.015037160413383942
2.2114422884576914,PASSED,-0.2657905469553424,-0.0007580488143252184,0.0028674767532961684,2.6564173992832734,0.00396905284817212,-0.015010693742805614
2.2124424884976994,PASSED,-0.26579130357279596,-0.0007551848818332901,0.002861569651016343,2.656421360843212,0.003954060694364802,-0.01497979385032551
2.2134426885377074,PASSED,-0.26579205732960925,-0.0007523273612553481,0.0028548211958921935,2.6564253074282096,0.00393910206806427,-0.014944514600669905
2.2144428885777154,PASSED,-0.2657928082326101,-0.0007494770869157309,0.0028472431021006146,2.656429239073984,0.0039241813496305455,-0.014904854322429035
2.2154430886177234,PASSED,-0.2657935562894549,-0.000746634881610586,0.002838846773841092,2.6564331558205905,0.003909302857299462,-0.014860917670186786
2.2164432886577314,PASSED,-0.26579430150861905,-0.0007438015591820248,0.002829639531707846,2.6564370577123664,0.0038944708255781663,-0.01481277442203569
2.2174434886977394,PASSED,-0.26579504389938474,-0.0007409779215219493,0.0028196364123205396,2.6564409447978816,0.0038796894707337735,-0.014760408459297597
2.2184436887377474,PASSED,-0.2657957834718293,-0.0007381647564480952,0.0028088508482098065,2.656444817129867,0.0038649629295258252,-0.014703963040382476
2.2194438887777554,PASSED,-0.26579652023681216,-0.0007353628400069441,0.0027972935031117664,2.6564486747651475,0.003850295238098278,-0.014643510352323445
2.2204440888177635,PASSED,-0.265797254205961,-0.0007325729336829605,0.002784981537898235,2.6564525177645737,0.0038356904008642312,-0.01457905515519647
2.2214442888577715,PASSED,-0.26579798539165705,-0.0007297957828843743,0.0027719303057115153,2.6564563461929387,0.0038211523276073553,-0.014510751991329248
2.2224444888977795,PASSED,-0.26579871380701986,-0.0007270321184817744,0.002758153800525614,2.6564601601188986,0.0038066848180426907,-0.014438681280221567
2.2234446889377875,PASSED,-0.26579943946589085,-0.0007242826545058069,0.0027436707595953737,2.6564639596149022,0.0037922916408439505,-0.014362841144419894
2.2244448889777955,PASSED,-0.26580016238281695,-0.0007215480873204348,0.0027284981358899336,2.656467744757077,0.003777976434296383,-0.014283450149665712
2.2254450890178035,PASSED,-0.26580088257303236,-0.0007188290955001185,0.0027126542766005273,2.6564715156251566,0.003763742728513221,-0.014200542872158859
2.2264452890578115,PASSED,-0.2658016000524409,-0.0007161263395271171,0.0026961571039351606,2.6564752723023886,0.0037495940237597418,-0.014114146007692783
2.2274454890978195,PASSED,-0.2658023148375967,-0.0007134404604016119,0.002679027139885456,2.6564790148754125,0.0037355336517300606,-0.014024522711007249
2.2284456891378275,PASSED,-0.2658030269456848,-0.0007107720787494932,0.002661284660274192,2.656482743434177,0.0037215648415517876,-0.01393166848978346
2.2294458891778355,PASSED,-0.26580373639450133,-0.000708121795536199,0.0026429489153076084,2.656486458071834,0.0037076907880473605,-0.013835643514189467
2.2304460892178435,PASSED,-0.26580444320243235,-0.0007054901906860536,0.002624042140037345,2.656490158884619,0.0036939145014091134,-0.013736715387618668
2.2314462892578515,PASSED,-0.2658051473884328,-0.0007028778218784976,0.0026045865859016127,2.656493845971753,0.003680238889210314,-0.013634876739586728
2.2324464892978595,PASSED,-0.26580584897200504,-0.0007002852257697175,0.002584602457365764,2.656497519435315,0.0036666667875535405,-0.013530251601565008
2.2334466893378675,PASSED,-0.2658065479731761,-0.0006977129162820479,0.0025641141745388276,2.656501179380144,0.003653200884645238,-0.013423003779461528
2.2344468893778755,PASSED,-0.26580724441247555,-0.0006951613838479163,0.002543144607193583,2.6565048259136987,0.0036398437276717113,-0.013313259102903194
2.2354470894178835,PASSED,-0.2658079383109123,-0.0006926310966628473,0.0025217155703191876,2.656508459145952,0.0036265977806278385,-0.013201072337852008
2.2364472894578915,PASSED,-0.26580862968995084,-0.0006901224986128106,0.0024998530365151236,2.6565120791892656,0.003613465382365755,-0.013086615544904198
2.2374474894978995,PASSED,-0.2658093185714878,-0.0006876360094733558,0.002477579874747919,2.6565156861582575,0.003600448705271551,-0.012970051460404336
2.2384476895379075,PASSED,-0.2658100049778276,-0.0006851720249787191,0.0024549209078957293,2.656519280169692,0.0035875498420093574,-0.012851404463386291
2.2394478895779155,PASSED,-0.2658106889316579,-0.0006827309163543865,0.002431900435290757,2.656522861342332,0.003574770735516933,-0.01273090784511588
2.2404480896179235,PASSED,-0.26581137045602515,-0.0006803130300565158,0.0024085435395907163,2.6565264297968207,0.0035621131799916917,-0.012608653978658676
2.2414482896579315,PASSED,-0.2658120495743097,-0.000677918687119051,0.0023848758693808658,2.6565299856555513,0.0035495788774471196,-0.01248473492184743
2.2424484896979395,PASSED,-0.26581272631020025,-0.0006755481834273984,0.002360922239833845,2.6565335290425316,0.0035371693784584887,-0.01235934169982014
2.2434486897379475,PASSED,-0.2658134006876688,-0.0006732017896743217,0.00233670809523862,2.6565370600832523,0.003524886081226163,-0.012232600920662981
2.2444488897779555,PASSED,-0.26581407273094526,-0.0006708797511620537,0.0023122587902877595,2.6565405789045595,0.0035127302898238836,-0.012104585056690861
2.2454490898179635,PASSED,-0.2658147424644917,-0.0006685822869445138,0.002287601169041367,2.6565440856345095,0.0035007031501740537,-0.01197550937858958
2.2464492898579715,PASSED,-0.26581540991297686,-0.0006663095908890254,0.002262759313119641,2.65654758040224,0.0034888056556585936,-0.011845484606706876
2.2474494898979795,PASSED,-0.2658160751012503,-0.0006640618311602028,0.0022377600059579443,2.656551063337846,0.0034770387195133087,-0.011714570504337204
2.2484496899379876,PASSED,-0.2658167380543168,-0.0006618391499685921,0.0022126286487124287,2.6565545345722237,0.0034654030713282113,-0.011583033305604373
2.2494498899779956,PASSED,-0.2658173987973108,-0.0006596416641077771,0.0021873906688834087,2.656557994236956,0.0034538993100648166,-0.01145091323525461
2.2504500900180036,PASSED,-0.2658180573554702,-0.0006574694644136961,0.002162072377545897,2.656561442464167,0.0034425279362838884,-0.01131834747804396
2.2514502900580116,PASSED,-0.2658187137541115,-0.000655322616428167,0.002136698390851132,2.65656487938639,0.0034312892808545446,-0.011185527396877152
2.2524504900980196,PASSED,-0.2658193680186038,-0.0006532011603459547,0.0021112945431199,2.6565683051364344,0.0034201835465954974,-0.011052538833827253
2.2534506901380276,PASSED,-0.26582002017434364,-0.0006511051106955605,0.0020858863885771482,2.656571719847257,0.003409210826652018,-0.010919507349914905
2.2544508901780356,PASSED,-0.26582067024672973,-0.0006490344570006114,0.0020604985658636576,2.656575123651827,0.0033983710673371665,-0.010786593958142212
2.2554510902180436,PASSED,-0.26582131826113825,-0.000646989164588009,0.0020351549770951487,2.656578516682989,0.0033876640638765406,-0.010653943128947777
2.2564512902580516,PASSED,-0.26582196424289745,-0.0006449691729970426,0.002009882666880501,2.6565818990733465,0.0033770895219932154,-0.010521607719576786
2.2574514902980596,PASSED,-0.2658226082172639,-0.0006429743980830752,0.001984703078692034,2.656585270955117,0.0033666469993641705,-0.010389799235357076
2.2584516903380676,PASSED,-0.2658232502093974,-0.0006410047314693146,0.001959642303806375,2.6565886324600236,0.003356335917769654,-0.010258603167289422
2.2594518903780756,PASSED,-0.2658238902443376,-0.0006390600405481539,0.0019347233327303732,2.6565919837191503,0.003346155590773859,-0.010128142881464635
2.2604520904180836,PASSED,-0.2658245283469803,-0.0006371401700459274,0.0019099686152239251,2.6565953248628373,0.0033361052138786425,-0.009998532904384783
2.2614522904580916,PASSED,-0.2658251645420536,-0.0006352449406669773,0.0018854032214341624,2.656598656020539,0.003326183830338823,-0.0098699506301105
2.2624524904980996,PASSED,-0.26582579885409596,-0.0006333741509985406,0.0018610472997716279,2.656601977320725,0.003316390398204682,-0.00974241980349358
2.2634526905381076,PASSED,-0.2658264313074325,-0.0006315275770504477,0.0018369250469739333,2.6566052888907405,0.003306723744997968,-0.009616142142194946
2.2644528905781156,PASSED,-0.26582706192615385,-0.0006297049726734661,0.001813057263653258,2.656608590856709,0.0032971825764360244,-0.009491186175109289
2.2654530906181236,PASSED,-0.265827690734094,-0.0006279060711437615,0.0017894643737390466,2.656611883343409,0.003287765501409412,-0.009367667594280513
2.2664532906581316,PASSED,-0.2658283177548093,-0.0006261305839158389,0.0017661691307116335,2.6566151664741637,0.003278471007169276,-0.009245712004039765
2.2674534906981396,PASSED,-0.26582894301155746,-0.0006243782017392687,0.0017431908738091083,2.6566184403707362,0.0032692974764255154,-0.009125409903574442
2.2684536907381476,PASSED,-0.2658295665272777,-0.0006226485968185203,0.001720547618707721,2.6566217051532224,0.0032602431941429286,-0.009006863868594396
2.2694538907781556,PASSED,-0.2658301883245709,-0.0006209414209760233,0.0016982613250233034,2.65662496093994,0.003251306325360043,-0.008890205392413718
2.2704540908181636,PASSED,-0.2658308084256805,-0.0006192563064762625,0.0016763499495856392,2.6566282078473424,0.0032424849592444503,-0.008775473264378933
2.2714542908581716,PASSED,-0.26583142685247385,-0.0006175928686382421,0.0016548297636435956,2.656631445989917,0.0032337770907316294,-0.008662798678448552
2.2724544908981796,PASSED,-0.2658320436264243,-0.0006159507047051617,0.0016337200460382589,2.656634675480076,0.0032251805795359516,-0.008552319540498196
2.2734546909381876,PASSED,-0.26583265876859374,-0.0006143293942236708,0.0016130374384594462,2.6566378964280943,0.00321669325247467,-0.00844399874180305
2.2744548909781956,PASSED,-0.26583327229961606,-0.0006127285010857009,0.0015927969376433554,2.6566411089419906,0.0032083128210352247,-0.00833805323787385
2.2754550910182036,PASSED,-0.2658338842396807,-0.0006111475729809739,0.0015730155494495127,2.656644313127464,0.0032000368980492503,-0.008234502818041424
2.2764552910582116,PASSED,-0.2658344946085172,-0.00060958614203317,0.0015537078800401726,2.656647509087807,0.003191863060311478,-0.008133394350925655
2.2774554910982197,PASSED,-0.2658351034253806,-0.0006080437265622461,0.0015348871981797417,2.656650696923827,0.0031837887816491186,-0.008034868203315792
2.2784556911382277,PASSED,-0.265835710709037,-0.0006065198308956754,0.0015165679788312005,2.6566538767337664,0.003175811441421481,-0.00793898824385185
2.2794558911782357,PASSED,-0.2658363164777502,-0.0006050139455724389,0.0014987635528401172,2.6566570486132455,0.0031679284011860995,-0.007845741563068918
2.2804560912182437,PASSED,-0.26583692074926885,-0.0006035255495208155,0.0014814843841455799,2.656660212655181,0.003160136927479374,-0.007755295135829177
2.2814562912582517,PASSED,-0.26583752354081425,-0.0006020541094967859,0.0014647437839524183,2.656663368949734,0.0031524342122825656,-0.007667661904128274
2.2824564912982597,PASSED,-0.2658381248690693,-0.0006005990812694408,0.0014485511896070004,2.656666517584242,0.00314481742282286,-0.007582874496757574
2.2834566913382677,PASSED,-0.26583872475016745,-0.0005991599101979041,0.0014329176594898325,2.656669658643169,0.003137283653074351,-0.007501033249676689
2.2844568913782757,PASSED,-0.26583932319968284,-0.0005977360320598301,0.0014178517904632317,2.6566727922080506,0.003129829942277115,-0.007422162495608541
2.2854570914182837,PASSED,-0.26583992023262115,-0.0005963268741441213,0.001403361999206035,2.656675918357443,0.003122453291355231,-0.007346309872734393
2.2864572914582917,PASSED,-0.2658405158634112,-0.0005949318552519148,0.0013894568208734888,2.656679037166884,0.0031151506651571816,-0.007273503748259183
2.2874574914982997,PASSED,-0.2658411101058969,-0.0005935503868314244,0.001376142820234913,2.656682148708852,0.0031079189821322864,-0.007203802542652752
2.2884576915383077,PASSED,-0.2658417029733306,-0.0005921818737840625,0.0013634265321133799,2.656685253052724,0.003100755116411346,-0.007137241173131739
2.2894578915783157,PASSED,-0.26584229447836666,-0.0005908257152080241,0.0013513132719883648,2.656688350264743,0.003093655922657216,-0.0070738288081289465
2.2904580916183237,PASSED,-0.265842884633056,-0.0005894813049939842,0.0013398081754077136,2.656691440408001,0.0030866182434684773,-0.007013579442479338
2.2914582916583317,PASSED,-0.2658434734488412,-0.0005881480323788102,0.0013289155750181396,2.656694523542401,0.0030796388687906466,-0.006956571501399035
2.2924584916983397,PASSED,-0.2658440609365526,-0.0005868252834096557,0.0013186378985788742,2.656697599724636,0.003072714574195668,-0.006902776657365425
2.2934586917383477,PASSED,-0.26584464710640515,-0.0005855124414132044,0.0013089780616993623,2.656700669008184,0.003065842150723256,-0.006852188015776198
2.2944588917783557,PASSED,-0.2658452319679956,-0.0005842088865360497,0.0012999394207916335,2.656703731443282,0.003059018347518588,-0.006804879997262602
2.2954590918183637,PASSED,-0.265845815530301,-0.0005829139985002467,0.0012915204458104352,2.656706787076923,0.0030522399026300887,-0.006760821482657155
2.2964592918583717,PASSED,-0.2658463978016775,-0.000581627156110933,0.0012837236849825003,2.656709835952849,0.003045503579379215,-0.006719991096350848
2.2974594918983797,PASSED,-0.2658469787898602,-0.0005803477381172029,0.0012765475328951246,2.6567128781115503,0.0030388061235009966,-0.006682432399463089
2.2984596919383877,PASSED,-0.2658475585019633,-0.000579075124062586,0.0012699917357646953,2.6567159135902685,0.003032144278624872,-0.0066481198605655495
2.2994598919783957,PASSED,-0.26584813694448145,-0.0005778086949405246,0.0012640540462591718,2.656718942422995,0.0030255148036905065,-0.006617044983565827
2.3004600920184037,PASSED,-0.2658487141232917,-0.0005765478344105633,0.0012587315190960493,2.656721964640494,0.0030189144807527815,-0.006589174907164542
2.3014602920584117,PASSED,-0.26584929004365576,-0.0005752919283945374,0.001254022347312483,2.6567249802703046,0.0030123400905798254,-0.00656453368348352
2.3024604920984197,PASSED,-0.26584986471022365,-0.0005740403666520555,0.0012499213392616574,2.6567279893367615,0.0030057884266045235,-0.006543084169847552
2.3034606921384277,PASSED,-0.2658504381270372,-0.0005727925435819224,0.0012464242240470644,2.6567309918610227,0.0029992563381818025,-0.0065247579246372105
2.3044608921784357,PASSED,-0.2658510102975352,-0.0005715478583009407,0.0012435259856048726,2.656733987861076,0.0029927406645372137,-0.006509617457889619
2.3054610922184438,PASSED,-0.26585158122455826,-0.0005703057153207478,0.0012412209765847084,2.656736977351789,0.002986238287807333,-0.006497549577874456
2.3064612922584518,PASSED,-0.26585215091035513,-0.0005690655258776593,0.0012395017540910195,2.656739960344924,0.0029797461378474306,-0.006488550214587885
2.3074614922984598,PASSED,-0.265852719356589,-0.0005678267082253218,0.0012383615845019665,2.656742936849178,0.0029732611523812006,-0.006482608967324645
2.3084616923384678,PASSED,-0.26585328656434504,-0.0005665886874001105,0.0012377936523509333,2.6567459068702215,0.0029667803251085863,-0.006479639476140533
2.3094618923784758,PASSED,-0.26585385253413785,-0.0005653508971085696,0.0012377880510009126,2.6567488704107394,0.002960300704917373,-0.006479607334595431
2.3104620924184838,PASSED,-0.2658544172659205,-0.0005641127805340697,0.0012383355901657914,2.6567518274704733,0.0029538193571675203,-0.006482508026690729
2.3114622924584918,PASSED,-0.2658549807590931,-0.0005628737887731006,0.0012394292081713077,2.656754778046271,0.0029473334125528516,-0.006488235673320408
2.3124624924984998,PASSED,-0.26585554301251274,-0.000561633383843507,0.0012410554105419926,2.6567577221321375,0.002940840066767562,-0.006496752526601824
2.313462692538508,PASSED,-0.2658561040245032,-0.0005603910380733071,0.001243206009971639,2.6567606597192825,0.0029343365389799176,-0.006508044628340015
2.314462892578516,PASSED,-0.2658566637928666,-0.0005591462346069202,0.0012458684373303631,2.6567635907961904,0.0029278201329907974,-0.006521980229640181
2.315463092618524,PASSED,-0.2658572223148937,-0.0005578984681207522,0.0012490318520598104,2.65676651534866,0.0029212882048192273,-0.006538560132856638
2.316463292658532,PASSED,-0.2658577795873762,-0.0005566472453228445,0.001252683428472925,2.65676943335988,0.002914738160026398,-0.006557701232811588
2.31746349269854,PASSED,-0.26585833560661887,-0.0005553920859611982,0.0012568099837619669,2.656772344810497,0.0029081675006982495,-0.0065792980583736825
2.318463692738548,PASSED,-0.26585889036845234,-0.0005541325218611459,0.0012614001775791226,2.656775249678661,0.0029015737612091974,-0.0066033671095045475
2.319463892778556,PASSED,-0.26585944386824617,-0.0005528680986166564,0.0012664386224297136,2.6567781479401162,0.0028949545590985916,-0.006629758778006768
2.320464092818564,PASSED,-0.26585999610092265,-0.0005515983762947923,0.0012719114548203438,2.656781039568264,0.002888307609889803,-0.006658409495976998
2.321464292858572,PASSED,-0.2658605470609708,-0.0005503229283080347,0.0012778056747157756,2.6567839245342375,0.002881630668513827,-0.006689295962642192
2.32246449289858,PASSED,-0.2658610967424605,-0.0005490413427187305,0.0012841055323631982,2.6567868028069728,0.002874921568697729,-0.006722302385068086
2.323464692938588,PASSED,-0.2658616451390579,-0.0005477532234652481,0.0012907950675616836,2.6567896743532917,0.002868178249558884,-0.006757330308029467
2.324464892978596,PASSED,-0.26586219224404006,-0.0005464581892558741,0.0012978603039155525,2.6567925391379803,0.0028613987141874898,-0.00679433874697039
2.325465093018604,PASSED,-0.26586273805031074,-0.0005451558741437237,0.0013052849843069615,2.6567953971238722,0.0028545810420597152,-0.006833227714977097
2.326465293058612,PASSED,-0.2658632825504159,-0.0005438459285604261,0.0013130526492916162,2.6567982482719206,0.0028477233963968883,-0.006873924294727396
2.32746549309862,PASSED,-0.2658638257365605,-0.0005425280197904911,0.001321146183697094,2.6568010925413024,0.0028408240523762843,-0.00691629050452121
2.328465693138628,PASSED,-0.265864367600624,-0.0005412018303679369,0.0013295515817922303,2.6568039298894788,0.0028338813306126647,-0.006960342603017526
2.329465893178636,PASSED,-0.26586490813417774,-0.000539867060182123,0.0013382492551616602,2.656806760272308,0.0028268936643492714,-0.007005882036977351
2.330466093218644,PASSED,-0.26586544732850126,-0.0005385234265415641,0.0013472232308238423,2.6568095836441135,0.002819859581451857,-0.0070528834710396416
2.331466293258652,PASSED,-0.2658659851745998,-0.0005371706633535832,0.00135645649275215,2.6568123999577864,0.002812777679552539,-0.007101247518170136
2.33246649329866,PASSED,-0.2658665216632212,-0.0005358085218360895,0.0013659315339883626,2.656815209164864,0.0028056466508291117,-0.007150882860265862
2.333466693338668,PASSED,-0.26586705678487366,-0.0005344367711894744,0.0013756300550328627,2.6568180112156377,0.002798465304944286,-0.007201654567865248
2.334466893378676,PASSED,-0.26586759052984305,-0.0005330551981325512,0.0013855350581833679,2.6568208060592275,0.0027912325137191937,-0.007253548996576498
2.335467093418684,PASSED,-0.2658681228882106,-0.0005316636063072944,0.0013956296699723467,2.6568235936436864,0.002783947241947357,-0.007306420288677527
2.336467293458692,PASSED,-0.2658686538498709,-0.0005302618183545426,0.001405893474604834,2.6568263739160836,0.0027766085707379732,-0.007360171823186906
2.3374674934987,PASSED,-0.26586918340454957,-0.0005288496745944974,0.0014163106170054945,2.6568291468226106,0.002769215666507166,-0.00741472583588722
2.338467693538708,PASSED,-0.2658697115418213,-0.000527427032215449,0.0014268635537438054,2.656831912308663,0.0027617677709886575,-0.007470008640256298
2.339467893578716,PASSED,-0.2658702382511276,-0.000525993767516501,0.0014375321290841644,2.6568346703189456,0.0027542642464085092,-0.007525868540076398
2.340468093618724,PASSED,-0.26587076352179506,-0.0005245497747039912,0.0014482999347934932,2.6568374207975505,0.002746704528145131,-0.007582284745579083
2.341468293658732,PASSED,-0.26587128734305293,-0.0005230949651577296,0.0014591492872404617,2.6568401636880723,0.002739088159640219,-0.007639091011133698
2.34246849369874,PASSED,-0.2658718097040514,-0.0005216292687111843,0.0014700612194150416,2.6568428989336836,0.0027314147784462963,-0.0076962413157825515
2.343468693738748,PASSED,-0.2658723305938794,-0.0005201526333093672,0.0014810181900851188,2.656845626477238,0.002723684097470334,-0.00775364074941502
2.344468893778756,PASSED,-0.26587285000158206,-0.0005186650240632844,0.0014920032834144477,2.656848346261362,0.0027158959426107116,-0.0078111642664275786
2.345469093818764,PASSED,-0.265873367916179,-0.0005171664237565904,0.001502998322213839,2.656851058228543,0.0027080502249146716,-0.007868753315781414
2.346469293858772,PASSED,-0.2658738843266814,-0.0005156568333956667,0.0015139850533968761,2.656853762321231,0.0027001469474628114,-0.007926293542579671
2.34746949389878,PASSED,-0.26587439922210976,-0.0005141362705981675,0.001524947960234076,2.6568564584819203,0.002692186202361725,-0.00798371280675795
2.348469693938788,PASSED,-0.26587491259151114,-0.0005126047706323209,0.0015358679695882242,2.6568591466532454,0.0026841681728379018,-0.008040907335200383
2.349469893978796,PASSED,-0.26587542442397627,-0.0005110623860779528,0.0015467289442214495,2.656861826778068,0.0026760931343815728,-0.00809779253708126
2.350470094018804,PASSED,-0.26587593470865656,-0.0005095091856488307,0.0015575147523892057,2.656864498799567,0.002667961445231734,-0.008154286891676894
2.351470294058812,PASSED,-0.26587644343478084,-0.0005079452549492021,0.0015682079977881983,2.656867162661333,0.002659773565059036,-0.008210275693379064
2.35247049409882,PASSED,-0.2658769505916718,-0.0005063706966876568,0.001578791770716782,2.65686981830744,0.00265153001702503,-0.00826572959442366
2.353470694138828,PASSED,-0.2658774561687624,-0.000504785628818657,0.0015892519345219699,2.6568724656825444,0.002643231422055143,-0.008320505220196098
2.354470894178836,PASSED,-0.2658779601556118,-0.0005031901854758324,0.0015995709483595845,2.6568751047319603,0.002634878489172906,-0.008374551323597039
2.355471094218844,PASSED,-0.2658784625419211,-0.0005015845166103111,0.0016097341436292008,2.656877735401746,0.002626471995600151,-0.008427788405527112
2.356471294258852,PASSED,-0.26587896331754873,-0.0004999687870496418,0.0016197265053628075,2.6568803576387823,0.0026180128064329546,-0.008480123008309052
2.35747149429886,PASSED,-0.26587946247252575,-0.0004983431771788347,0.0016295321144365988,2.6568829713908593,0.002609501873852584,-0.008531472295078675
2.358471694338868,PASSED,-0.2658799599970705,-0.0004967078814780122,0.0016391380917462324,2.656885576606741,0.002600940206848414,-0.008581796810230604
2.359471894378876,PASSED,-0.26588045588160314,-0.0004950631088704463,0.0016485289514456872,2.6568881732362524,0.0025923288990082126,-0.008630981860182253
2.360472094418884,PASSED,-0.26588095011675983,-0.0004934090827043701,0.0016576909758298662,2.6568907612303456,0.0025836691243955037,-0.008678969781059165
2.361472294458892,PASSED,-0.26588144269340624,-0.000491746039021378,0.0016666121544337967,2.6568933405411803,0.002574962122608174,-0.008725689791509323
2.3624724944989,PASSED,-0.26588193360265117,-0.000490074227371593,0.0016752779800192448,2.6568959111221817,0.0025662091888125054,-0.008771096465107564
2.363472694538908,PASSED,-0.26588242283585933,-0.000488393910568315,0.0016836760187837689,2.656898472928125,0.0025574117117162258,-0.008815064183727607
2.364472894578916,PASSED,-0.2658829103846641,-0.00048670536325147397,0.001691794848879244,2.6569010259151806,0.0025485711215697216,-0.008857607455022126
2.365473094618924,PASSED,-0.26588339624097934,-0.0004850088719043436,0.00169962234596452,2.656903570040995,0.002539688912855412,-0.0088986095538348
2.366473294658932,PASSED,-0.2658838803970116,-0.0004833047351177387,0.0017071464136984116,2.6569061052647465,0.0025307666658205626,-0.008938005355525141
2.36747349469894,PASSED,-0.26588436284527084,-0.0004815932617667566,0.0017143579758379128,2.656908631547202,0.0025218059904029235,-0.008975788792381229
2.368473694738948,PASSED,-0.26588484357858166,-0.0004798747717311902,0.001721244742052012,2.6569111488507735,0.0025128085507058542,-0.009011873633527977
2.369473894778956,PASSED,-0.2658853225900935,-0.000478149595303732,0.0017277975510622801,2.656913657139574,0.00250377608635439,-0.009046191496755904
2.370474094818964,PASSED,-0.2658857998732904,-0.0004764180715932294,0.001734007816796245,2.656916156379474,0.002494710381041145,-0.009078714524237636
2.371474294858972,PASSED,-0.2658862754220008,-0.0004746805497307963,0.0017398645595242655,2.6569186465381387,0.002485613243102189,-0.009109420215435664
2.37247449489898,PASSED,-0.26588674923040595,-0.000472937387399657,0.0017453608455492604,2.6569211275850924,0.002476486562001074,-0.009138188358234274
2.373474694938988,PASSED,-0.2658872212930489,-0.0004711889498246718,0.0017504887279424545,2.6569235994917415,0.002467332246737084,-0.009165066534493763
2.374474894978996,PASSED,-0.26588769160484216,-0.00046943561051882195,0.0017552396911215103,2.6569260622314355,0.002458152243734001,-0.009189960648808376
2.375475095019004,PASSED,-0.26588816016107475,-0.0004676777501771865,0.0017596074419781152,2.656928515779492,0.002448948558826444,-0.009212834413389458
2.376475295059012,PASSED,-0.26588862695742027,-0.00046591575620194374,0.0017635849974191756,2.656930960113241,0.0024397232132880196,-0.009233686288447882
2.37747549509902,PASSED,-0.265889091989942,-0.000464150021542512,0.0017671677674401714,2.656933395212055,0.0024304782638813463,-0.009252458152157004
2.378475695139028,PASSED,-0.2658895552550997,-0.000462380945806232,0.0017703477155065997,2.656935821057389,0.002421215817060552,-0.009269105933219364
2.379475895179036,PASSED,-0.26589001674975465,-0.0004606089330369557,0.001773122805122715,2.656938237632788,0.0024119379681193107,-0.009283677613255874
2.380476095219044,PASSED,-0.26589047647117475,-0.0004588343918159188,0.0017754868316461963,2.6569406449239312,0.0024026468580450374,-0.009296065048284917
2.381476295259052,PASSED,-0.2658909344170384,-0.0004570577351574235,0.001777436543061305,2.6569430429186567,0.002393344681375626,-0.009306251083496433
2.38247649529906,PASSED,-0.265891390585439,-0.00045527937975796287,0.001778967970393546,2.656945431606959,0.002384033580484155,-0.00931433409678811
2.383476695339068,PASSED,-0.2658918449748876,-0.00045349974522889737,0.0017800789015133855,2.6569478109810323,0.002374715759076711,-0.009320146281214185
2.384476895379076,PASSED,-0.26589229758431626,-0.00045171925319528364,0.0017807674550138922,2.656950181035272,0.002365393457141027,-0.0093237390386638
2.385477095419084,PASSED,-0.2658927484130799,-0.0004499383280503974,0.0017810302714677921,2.6569525417662874,0.002356068864876487,-0.009325161081790757
2.386477295459092,PASSED,-0.2658931974609582,-0.0004481573951878089,0.001780867923335655,2.656954893172909,0.0023467442065785208,-0.009324323108750029
2.3874774954991,PASSED,-0.26589364472815674,-0.00044637688099501176,0.001780278372438019,2.6569572352562036,0.002337421746457004,-0.009321218130028428
2.388477695539108,PASSED,-0.2658940902153078,-0.0004445972126202452,0.0017792617096522147,2.6569595680194653,0.002328103695367423,-0.009315939729282683
2.389477895579116,PASSED,-0.2658945339234706,-0.00044281881704337256,0.0017778181550196334,2.6569618914682356,0.0023187922946442674,-0.009308374719071491
2.3904780956191236,PASSED,-0.2658949758541307,-0.0004410421199989403,0.0017759496373739802,2.6569642056102727,0.0023094897777687384,-0.009298611646500256
2.3914782956591316,PASSED,-0.26589541600919947,-0.0004392675472103155,0.001773654889458754,2.656966510455577,0.002300198369944861,-0.009286605275462184
2.3924784956991396,PASSED,-0.2658958543910127,-0.0004374955223141733,0.001770938233931148,2.656968806016367,0.002290920295785544,-0.009272386748553022
2.3934786957391476,PASSED,-0.26589629100232876,-0.0004357264665636977,0.0017678007615051197,2.6569710923070726,0.0022816577527743228,-0.009255980519667072
2.3944788957791556,PASSED,-0.265896725846326,-0.00043396079904921677,0.0017642453497981243,2.6569733693443265,0.0022724129393579223,-0.009237368680889433
2.3954790958191636,PASSED,-0.2658971589266005,-0.00043219893586612425,0.00176027507195543,2.656975637146947,0.0022631880410361135,-0.009216584749088222
2.3964792958591716,PASSED,-0.2658975902471624,-0.00043044128979313816,0.0017558934070065735,2.656977895735918,0.0022539852044238706,-0.009193671187679992
2.3974794958991796,PASSED,-0.26589801981243233,-0.00042868826865643394,0.0017511062898358971,2.656980145134378,0.0022448065771075412,-0.009168598068762128
2.3984796959391876,PASSED,-0.2658984476272371,-0.0004269402768143292,0.001745915543617342,2.6569823853675913,0.002235654280188093,-0.009141429486572393
2.3994798959791956,PASSED,-0.26589887369680526,-0.00042519771402090776,0.0017403276266242786,2.656984616462924,0.002226530390773861,-0.009112196032671743
2.4004800960192036,PASSED,-0.26589929802676165,-0.0004234609732108483,0.0017343495990162381,2.65698683844982,0.0022174369822802195,-0.009080883467622093
2.4014802960592116,PASSED,-0.2658997206231223,-0.0004217304430435494,0.0017279838794874213,2.6569890513597656,0.0022083760803929945,-0.00904758083362734
2.4024804960992197,PASSED,-0.26590014149228813,-0.00042000650603758364,0.0017212390902846667,2.6569912552262696,0.0021993496883495685,-0.009012266183292338
2.4034806961392277,PASSED,-0.26590056064103884,-0.00041828953663320783,0.001714122947103216,2.6569934500848253,0.002190359783032999,-0.008974998072088115
2.4044808961792357,PASSED,-0.26590097807652596,-0.00041657990356708913,0.0017066398121290658,2.6569956359728644,0.0021814082704764907,-0.008935855546121588
2.4054810962192437,PASSED,-0.26590139380626576,-0.00041487796855226066,0.0016987984832947994,2.6569978129297382,0.0021724970572443423,-0.008894785022832877
2.4064812962592517,PASSED,-0.26590180783813183,-0.00041318408449371273,0.0016906077753833346,2.656999980996662,0.0021636279996937713,-0.008851905902396463
2.4074814962992597,PASSED,-0.265902220180347,-0.00041149859654307703,0.0016820747341372742,2.657002140216687,0.002154802893307154,-0.008807240042764517
2.4084816963392677,PASSED,-0.26590263084147514,-0.00040982184210870535,0.0016732075678613611,2.657004290634645,0.0021460235060227133,-0.008760818778891491
2.4094818963792757,PASSED,-0.26590303983041264,-0.0004081541487524555,0.0016640172151755085,2.657006432297109,0.0021372915585520266,-0.008712699931883162
2.4104820964192837,PASSED,-0.2659034471563793,-0.00040649583566223666,0.0016545103402476752,2.6570085652523483,0.0021286087175378865,-0.008662935068978058
2.4114822964592917,PASSED,-0.2659038528289093,-0.0004048472127855964,0.0016446979009020635,2.657010689550279,0.0021199766109231914,-0.008611554311839775
2.4124824964992997,PASSED,-0.2659042568578416,-0.000403208579543931,0.0016345901355075672,2.657012805242409,0.002111396802844569,-0.008558643923144302
2.4134826965393077,PASSED,-0.2659046592533096,-0.00040158022576555416,0.0016241962069564286,2.6570149123817957,0.002102870813178261,-0.00850422016174943
2.4144828965793157,PASSED,-0.265905060025732,-0.0003999624316785994,0.001613526006953639,2.6570170110229827,0.002094400110017376,-0.008448358493641376
2.4154830966193237,PASSED,-0.2659054591858015,-0.00039835546586816547,0.0016025923460874713,2.6570191012219535,0.002085986095952003,-0.008391117779860667
2.4164832966593317,PASSED,-0.2659058567444746,-0.0003967595865315989,0.001591403996885926,2.6570211830360666,0.0020776301222505474,-0.008332544315852392
2.4174834966993397,PASSED,-0.2659062527129606,-0.0003951750418602008,0.001579971787739536,2.6570232565240155,0.0020693335017747693,-0.008272671249061711
2.4184836967393477,PASSED,-0.2659066471027107,-0.0003936020676162234,0.0015683092148026225,2.6570253217457527,0.0020610974585294276,-0.008211624576195238
2.4194838967793557,PASSED,-0.2659070399254064,-0.0003920408878045758,0.0015564268762108138,2.6570273787624363,0.0020529231571376474,-0.008149419268836385
2.4204840968193637,PASSED,-0.26590743119294824,-0.00039049171680654346,0.0015443337459133191,2.657029427636375,0.0020448117365858384,-0.008086088073790725
2.4214842968593717,PASSED,-0.2659078209174441,-0.00038895475588862774,0.0015320456992507035,2.657031468430962,0.0020367642495980063,-0.008021752930526729
2.4224844968993797,PASSED,-0.2659082091111972,-0.0003874301935270674,0.0015195734697667205,2.657033501210616,0.0020287816730816034,-0.007956458906986513
2.4234846969393877,PASSED,-0.2659085957866946,-0.0003859182085270258,0.0015069260202248153,2.6570355260407097,0.0020208649406393774,-0.007890248132386157
2.4244848969793957,PASSED,-0.2659089809565945,-0.00038441896607054044,0.001494120080659097,2.6570375429875237,0.002013014937553574,-0.0078231730547482
2.4254850970194037,PASSED,-0.26590936463371434,-0.00038293261815864336,0.0014811664660558342,2.6570395521181687,0.0020052324508659874,-0.007755362442812207
2.4264852970594117,PASSED,-0.2659097468310187,-0.0003814593066954277,0.0014680747946555584,2.6570415535005196,0.001997518203725973,-0.007686836938149376
2.4274854970994197,PASSED,-0.2659101275616065,-0.00037999916004570456,0.0014548612197681319,2.657043547203164,0.0019898728957382238,-0.007617622020816072
2.4284856971394277,PASSED,-0.26591050683869866,-0.00037855229301340666,0.0014415375739844757,2.657045533295324,0.0019822971253302757,-0.007547869332703439
2.4294858971794357,PASSED,-0.26591088467562585,-0.0003771188095428094,0.0014281140683392057,2.657047511846794,0.0019747914120540823,-0.007477609238519633
2.4304860972194438,PASSED,-0.2659112610858156,-0.0003756988006068955,0.0014146055142969876,2.6570494829278837,0.0019673562609802864,-0.007406845630646831
2.4314862972594518,PASSED,-0.2659116360827798,-0.00037429234372872623,0.001401024454084091,2.657051446609334,0.001959992067277739,-0.007335759083813726
2.4324864972994598,PASSED,-0.26591200968010237,-0.0003728995048102215,0.0013873818947850852,2.6570534029622768,0.0019526991721995444,-0.007264319074449015
2.4334866973394678,PASSED,-0.2659123818914263,-0.00037152033666996867,0.001373692303898009,2.657055352058139,0.0019454778587118839,-0.007192643096468346
2.4344868973794758,PASSED,-0.2659127527304413,-0.0003701548796087169,0.001359966899487659,2.657057293968603,0.001938328336074882,-0.007120775664024187
2.4354870974194838,PASSED,-0.26591312221087127,-0.00036880316178534826,0.00134621843928934,2.6570592287655215,0.0019312507461313108,-0.007048799463269312
2.4364872974594918,PASSED,-0.2659134903464619,-0.0003674651987509227,0.001332459431183016,2.6570611565208724,0.0019242451831534026,-0.006976738654334367
2.4374874974994998,PASSED,-0.26591385715096794,-0.00036614099325904575,0.0013187028656729222,2.65706307730667,0.0019173116492950156,-0.0069047306610886755
2.438487697539508,PASSED,-0.26591422263814135,-0.0003648305362864765,0.0013049597105001733,2.657064991194922,0.0019104501008129335,-0.006832760362744423
2.439487897579516,PASSED,-0.26591458682171865,-0.0003635338064434835,0.0012912432646549586,2.6570668982575527,0.0019036604366869372,-0.00676093330149788
2.440488097619524,PASSED,-0.265914949715409,-0.00036225077029496263,0.0012775647377648008,2.6570687985663417,0.0018969424633193234,-0.00668933341169116
2.441488297659532,PASSED,-0.26591531133288226,-0.00036098138249312806,0.0012639365112143976,2.6570706921928613,0.0018902959467213397,-0.00661797205551217
2.44248849769954,PASSED,-0.26591567168775676,-0.0003597255854878973,0.001250370667908336,2.6570725792084233,0.0018837206101782959,-0.0065469128680654
2.443488697739548,PASSED,-0.26591603079358794,-0.00035848331080541937,0.001236877358857685,2.657074459684002,0.001877216070687053,-0.00647629057336111
2.444488897779556,PASSED,-0.2659163886638567,-0.00035725447805462013,0.0012234696787603164,2.657076333690184,0.001870781901651842,-0.006406088009777789
2.445489097819564,PASSED,-0.2659167453119578,-0.0003560389952771566,0.0012101581765990251,2.657078201297102,0.0018644176424320758,-0.006336373359758204
2.446489297859572,PASSED,-0.26591710075118874,-0.00035483675969882184,0.0011969538461585618,2.6570800625743853,0.0018581227512947955,-0.0062672363222950845
2.44748949789958,PASSED,-0.2659174549947392,-0.0003536476581788918,0.0011838666357776291,2.6570819175910927,0.0018518966198825776,-0.0061987281388334245
2.448489697939588,PASSED,-0.26591780805567905,-0.0003524715655370972,0.0011709099791393238,2.657083766415661,0.0018457386055483985,-0.006130871797742678
2.449489897979596,PASSED,-0.2659181599469492,-0.00035130834682293484,0.0011580912041777738,2.6570856091158497,0.0018396480108457873,-0.006063743305856743
2.450490098019604,PASSED,-0.26591851068135003,-0.0003501578576162074,0.0011454212084271804,2.6570874457586773,0.0018336240517498811,-0.0059974362892725236
2.451490298059612,PASSED,-0.2659188602715321,-0.0003490199420542789,0.0011329117975960672,2.6570892764103884,0.0018276659360330762,-0.005931902001826404
2.45249049809962,PASSED,-0.26591920872998565,-0.000347894435077749,0.0011205704291525002,2.6570911011363814,0.0018217728038584522,-0.005867285623155718
2.453490698139628,PASSED,-0.2659195560690313,-0.00034678116266330557,0.0011084070713040935,2.657092920001165,0.001815943713844178,-0.005803626275019485
2.454490898179636,PASSED,-0.26591990230081064,-0.00034567994094744615,0.0010964314788962993,2.6570947330683157,0.001810177727742296,-0.0057408926531238415
2.455491098219644,PASSED,-0.26592024743727716,-0.0003445905772137846,0.001084651903504983,2.6570965404004214,0.0018044738406920717,-0.005679216648291502
2.456491298259652,PASSED,-0.26592059149018726,-0.0003435128701173752,0.0010730772250124238,2.6570983420590406,0.0017988309770090869,-0.005618628372780658
2.45749149829966,PASSED,-0.2659209344710921,-0.0003424466103747706,0.0010617147543327933,2.657100138104657,0.0017932480560860367,-0.0055591159565633345
2.458491698339668,PASSED,-0.265921276391329,-0.000341391579661985,0.0010505746850874675,2.657101928596631,0.0017877239357154285,-0.005500789979971541
2.459491898379676,PASSED,-0.265921617262014,-0.00034034755300333666,0.0010396613076889558,2.657103713593165,0.0017822574222953525,-0.005443662380145837
2.460492098419684,PASSED,-0.26592195709403366,-0.0003393142975720247,0.0010289848470606223,2.657105493151268,0.001776847317679769,-0.005387732772542171
2.461492298459692,PASSED,-0.26592229589803845,-0.00033829157309629156,0.0010185508948481342,2.6571072673266993,0.001771492350237623,-0.00533312388854888
2.4624924984997,PASSED,-0.26592263368443525,-0.0003372791327647038,0.0010083666227474028,2.657109036173955,0.0017661912277159226,-0.0052797882771345945
2.463492698539708,PASSED,-0.26592297046338137,-0.0003362767237984635,0.0009984371952355727,2.657110799746218,0.0017609426378378187,-0.005227790945416847
2.464492898579716,PASSED,-0.2659233062447776,-0.0003352840869542753,0.000988769943489866,2.6571125580953288,0.0017557452093831863,-0.005177186794109667
2.465493098619724,PASSED,-0.26592364103826294,-0.0003343009567480745,0.0009793703813413817,2.6571143112717532,0.0017505975512721943,-0.005127972322246738
2.466493298659732,PASSED,-0.26592397485320846,-0.0003333270630631799,0.0009702425539300095,2.657116059324568,0.001745498274824569,-0.005080145864544331
2.46749349869974,PASSED,-0.2659243076987126,-0.00033236213094061816,0.0009613918349828956,2.6571178023014044,0.001740445906240773,-0.005033850396630462
2.468493698739748,PASSED,-0.26592463958359586,-0.00033140587926966294,0.0009528248949367523,2.657119540248451,0.0017354389864347648,-0.004988966078926714
2.469493898779756,PASSED,-0.2659249705163965,-0.0003304580239958513,0.0009445421930615836,2.6571212732104104,0.00173047604165281,-0.004945597250640031
2.470494098819764,PASSED,-0.2659253005053665,-0.00032951827752233226,0.0009365493271573665,2.657123001230492,0.001725555546058252,-0.004903761157169918
2.471494298859772,PASSED,-0.2659256295584677,-0.00032858634690034305,0.0009288514852104027,2.6571247243503855,0.0017206759760470813,-0.004863442580504569
2.47249449889978,PASSED,-0.2659259576833682,-0.0003276619365625115,0.0009214495729122196,2.657126442610241,0.0017158357891738007,-0.004824683068464653
2.473494698939788,PASSED,-0.2659262848874394,-0.0003267447495796546,0.0009143452561533575,2.657128156048652,0.001711033411815099,-0.004787506885526578
2.474494898979796,PASSED,-0.2659266111777537,-0.0003258344848221981,0.0009075444249918436,2.6571298647026467,0.0017062672756184632,-0.004751889070708791
2.475495099019804,PASSED,-0.26592693656108146,-0.00032493083885346094,0.0009010469979006309,2.6571315686076797,0.0017015358125108493,-0.00471784579888392
2.476495299059812,PASSED,-0.2659272610438897,-0.0003240335078993332,0.0008948535916125158,2.657133267797611,0.0016968374076975021,-0.00468544415632272
2.47749549909982,PASSED,-0.26592758463234023,-0.00032314218628733485,0.0008889669589222443,2.6571349623046983,0.0016921704499828422,-0.004654633420218142
2.478495699139828,PASSED,-0.26592790733228816,-0.0003222565660911852,0.0008833890209679325,2.657136652159602,0.0016875333625968223,-0.004625390029887665
2.479495899179836,PASSED,-0.2659282291492817,-0.0003213763402590852,0.0008781170395213923,2.6571383373913697,0.0016829245198978077,-0.004597811145099245
2.480496099219844,PASSED,-0.2659285500885611,-0.00032050120109827844,0.0008731539083303041,2.6571400180274383,0.0016783422931524075,-0.004571837145600542
2.481496299259852,PASSED,-0.2659288701550586,-0.0003196308398442871,0.0008684994844319956,2.6571416940936303,0.0016737850913179923,-0.004547444960291854
2.48249649929986,PASSED,-0.26592918935339904,-0.0003187649495673024,0.0008641508053531885,2.657143365614166,0.0016692513115655829,-0.004524669613821553
2.483496699339868,PASSED,-0.26592950768789975,-0.00031790322345696666,0.0008601096469908275,2.657145032611638,0.0016647393052281697,-0.004503564153140484
2.484496899379876,PASSED,-0.2659298251625722,-0.0003170453554638019,0.0008563735572807271,2.6571466951070573,0.00166024751229738,-0.004483945449222605
2.485497099419884,PASSED,-0.2659301417811226,-0.0003161910416256949,0.0008529406919911621,2.6571483531198274,0.0016557743448151684,-0.004465982170870892
2.486497299459892,PASSED,-0.2659304575469542,-0.00031533997959958833,0.0008498095821835966,2.6571500066677607,0.0016513181714565928,-0.004449634150378466
2.4874974994999,PASSED,-0.26593077246316854,-0.00031449186873471423,0.0008469783866676821,2.657151655767097,0.001646877453866581,-0.004434773216433964
2.488497699539908,PASSED,-0.2659310865325683,-0.0003136464111664124,0.0008444436893912371,2.657153300432508,0.0016424506460888078,-0.004421497485332643
2.489497899579916,PASSED,-0.2659313997576595,-0.000312803311879105,0.0008422030192514054,2.6571549406771138,0.0016380361678236253,-0.004409798785082409
2.490498099619924,PASSED,-0.2659317121406547,-0.00031196227879093857,0.0008402531341099086,2.657156576512495,0.0016336324996056477,-0.0043995811732410696
2.491498299659932,PASSED,-0.2659320236834762,-0.00031112302334153276,0.0008385903262697293,2.6571582079487137,0.0016292381500115488,-0.004390861874670784
2.49249849969994,PASSED,-0.2659323343877593,-0.0003102852602506241,0.0008372116006679372,2.657159834994331,0.001624851608526328,-0.00438366122558802
2.493498699739948,PASSED,-0.26593264425485685,-0.00030944870918967615,0.0008361107011346261,2.657161457656426,0.0016204714012550817,-0.004377904635017909
2.494498899779956,PASSED,-0.2659329532858425,-0.0003086130930781618,0.0008352863851008768,2.6571630759406175,0.0016160960945272522,-0.004373574789704345
2.495499099819964,PASSED,-0.26593326148151597,-0.00030777813998051696,0.0008347309060074457,2.657164689851089,0.0016117242547661233,-0.004370683075412137
2.496499299859972,PASSED,-0.2659335688424071,-0.0003069435829899,0.0008344410470233393,2.6571662993906093,0.0016073544769906064,-0.004369174242253386
2.49749949989998,PASSED,-0.26593387536878144,-0.0003061091595655118,0.0008344116759648835,2.657167904560568,0.0016029854051370876,-0.004369003594362314
2.498499699939988,PASSED,-0.26593418106064515,-0.0003052746137115372,0.0008346353059810858,2.6571695053609883,0.0015986156810051614,-0.004370204490302002
2.499499899979996,PASSED,-0.2659344859177506,-0.0003044396943001783,0.0008351088149439992,2.6571711017905773,0.0015942440013653261,-0.004372663072857353
2.500500100020004,PASSED,-0.2659347899396021,-0.00030360415554515143,0.0008358253817488373,2.6571726938467264,0.0015898690718275745,-0.0043764405143474705
2.501500300060012,PASSED,-0.26593509312546215,-0.0003027677595124674,0.0008367764666407337,2.657174281525572,0.0015854896411177178,-0.004381424173529761
2.50250050010002,PASSED,-0.2659353954743574,-0.00030193027338727924,0.0008379592308865114,2.657175864822019,0.001581104517215458,-0.00438759038807939
2.503500700140028,PASSED,-0.2659356969850853,-0.0003010914705824157,0.0008393651875149031,2.6571774437297586,0.001576712481197567,-0.0043949997710988125
2.504500900180036,PASSED,-0.26593599765622056,-0.00030025113241992883,0.000840986812468185,2.657179018241327,0.0015723123936479794,-0.004403479401913401
2.505501100220044,PASSED,-0.2659362974861225,-0.0002994090468351588,0.0008428180996379682,2.657180588348126,0.0015679031681936318,-0.004413056155970324
2.506501300260052,PASSED,-0.2659365964729416,-0.0002985650083325617,0.0008448521045698246,2.6571821540404676,0.0015634837047493009,-0.0044237349699049
2.50750150030006,PASSED,-0.26593689461462694,-0.0002977188191765344,0.0008470805236655432,2.65718371530761,0.0015590529707671253,-0.004435399990356017
2.508501700340068,PASSED,-0.26593719190893383,-0.0002968702896455925,0.0008494955357927801,2.657185272137789,0.0015546099807533173,-0.004448050029442759
2.509501900380076,PASSED,-0.26593748835343123,-0.0002960192370447829,0.0008520906441541892,2.6571868245182744,0.0015501537764911364,-0.004461640417339334
2.510502100420084,PASSED,-0.2659377839455095,-0.00029516548652009684,0.0008548571117072532,2.6571883724353933,0.0015456834342797263,-0.0044761434074573865
2.511502300460092,PASSED,-0.26593807868238833,-0.0002943088717222911,0.0008577865885380864,2.657189915874587,0.0015411980949054614,-0.004491470018803211
2.5125025005001,PASSED,-0.26593837256112485,-0.0002934492338652029,0.000860872036121627,2.6571914548204356,0.00153669691816407,-0.004507647889783597
2.513502700540108,PASSED,-0.2659386655786216,-0.00029258642235159755,0.0008641044985945039,2.6571929892567163,0.0015321791135163197,-0.004524575819728533
2.514502900580116,PASSED,-0.2659389577316352,-0.0002917202956106949,0.0008674749024413,2.657194519166441,0.0015276439530132605,-0.0045422169586129876
2.515503100620124,PASSED,-0.2659392490167839,-0.0002908507196810248,0.000870976614489404,2.657196044531898,0.0015230907236659609,-0.004560570939757344
2.516503300660132,PASSED,-0.2659395394305571,-0.00028997756942375166,0.0008745993524622571,2.657197565334696,0.0015185187632424412,-0.004579553412694763
2.51750350070014,PASSED,-0.26593982896932306,-0.00028910072840692406,0.0008783354597378834,2.657199081555815,0.0015139274818199674,-0.004599100095660134
2.518503700740148,PASSED,-0.26594011762933784,-0.0002882200885077641,0.0008821761921079844,2.6572005931756437,0.0015093163033801727,-0.004619230669217756
2.519503900780156,PASSED,-0.26594040540675407,-0.0002873355508129619,0.0008861120299316839,2.6572021001740325,0.0015046847009991392,-0.004639850188910532
2.520504100820164,PASSED,-0.26594069229762946,-0.00028644702482919957,0.0008901352863160553,2.6572036025303305,0.0015000322131671223,-0.00466091292742123
2.521504300860172,PASSED,-0.2659409782979354,-0.0002855544281315349,0.0008942376385637847,2.6572051002234374,0.0014953584065291892,-0.0046824024449411625
2.52250450090018,PASSED,-0.2659412634035663,-0.00028465768846084206,0.0008984076921121933,2.657206593231852,0.001490662899944241,-0.004704242678286653
2.523504700940188,PASSED,-0.2659415476103478,-0.00028375674193683085,0.0009026390786105795,2.657208081533709,0.001485945358145487,-0.004726407879065373
2.524504900980196,PASSED,-0.26594183091404594,-0.0002828515325700521,0.0009069228922241991,2.657209565106831,0.0014812054861743,-0.004748848032601449
2.525505101020204,PASSED,-0.2659421133103758,-0.00028194201397367934,0.0009112490658052054,2.6572110439287733,0.0014764430429596103,-0.004771506669415382
2.526505301060212,PASSED,-0.26594239479501025,-0.00028102814876990694,0.0009156092957505286,2.657212517976878,0.0014716578447283907,-0.0047943259390892815
2.52750550110022,PASSED,-0.26594267536358884,-0.00028010990762869693,0.0009199957048496481,2.6572139872283027,0.0014668497188593831,-0.0048173258222862616
2.528505701140228,PASSED,-0.2659429550117265,-0.0002791872702625099,0.0009243984737453557,2.6572154516600794,0.0014620185600484913,-0.004840380803295225
2.529505901180236,PASSED,-0.26594323373502204,-0.0002782602251752341,0.000928809496296046,2.6572169112491606,0.0014571643326569293,-0.004863458450406692
2.530506101220244,PASSED,-0.26594351152906703,-0.00027732876903576234,0.0009332205682555147,2.657218365972451,0.0014522869909787343,-0.004886597163387358
2.531506301260252,PASSED,-0.26594378838945415,-0.00027639290743242795,0.0009376222933869011,2.6572198158068687,0.0014473865683100823,-0.004909639672161847
2.53250650130026,PASSED,-0.2659440643117858,-0.00027545265455527167,0.0009420065996691814,2.6572212607293806,0.0014424631599713215,-0.004932587449826913
2.533506701340268,PASSED,-0.2659443392916823,-0.0002745080321614056,0.0009463662566639831,2.6572227007170524,0.0014375168663041526,-0.004955431145396794
2.534506901380276,PASSED,-0.2659446133247907,-0.00027355907114360895,0.0009506908585517943,2.657224135747077,0.001432547830473259,-0.004978105621225089
2.535507101420284,PASSED,-0.2659448864067923,-0.00027260581025258186,0.0009549742460105719,2.6572255657968364,0.0014275562812050958,-0.00500051169945523
2.536507301460292,PASSED,-0.26594515853341116,-0.0002716482954143593,0.0009592085663638944,2.6572269908439377,0.0014225424664055415,-0.00502268353295389
2.5375075015003,PASSED,-0.2659454297004221,-0.00027068658226640075,0.0009633828690216289,2.6572284108662494,0.0014175066457930501,-0.005044578665516315
2.538507701540308,PASSED,-0.26594569990365835,-0.0002697207328674641,0.0009674937522134441,2.657229825841945,0.0014124491570206722,-0.005066095510285741
2.539507901580316,PASSED,-0.2659459691390193,-0.00026875081672453197,0.0009715310700778096,2.657231235749552,0.001407370387211063,-0.005087219342491584
2.540508101620324,PASSED,-0.2659462374024783,-0.00026777691223977515,0.0009754867612094563,2.6572326405679716,0.001402270708921205,-0.00510798425476846
2.541508301660332,PASSED,-0.2659465046900897,-0.00026679910379342727,0.0009793562364402103,2.6572340402765455,0.0013971505854243817,-0.005128216324859794
2.54250850170034,PASSED,-0.26594677099799635,-0.0002658174831392379,0.0009831302660221674,2.6572354348550635,0.001392010503614309,-0.005147992133547558
2.543508701740348,PASSED,-0.26594703632243666,-0.0002648321500514837,0.00098680163557549,2.6572368242838302,0.0013868509717890971,-0.0051672249529884995
2.544508901780356,PASSED,-0.2659473006597514,-0.0002638432100564063,0.000990365568078719,2.657238208543674,0.0013816725435199786,-0.00518589714653839
2.545509101820364,PASSED,-0.2659475640063907,-0.00026285077540071235,0.0009938140474374316,2.6572395876160027,0.0013764758145845147,-0.005203950128080981
2.546509301860372,PASSED,-0.26594782635892017,-0.0002618549654956144,0.0009971404768716766,2.657240961482826,0.001371261405967455,-0.005221380943045061
2.54750950190038,PASSED,-0.26594808771402767,-0.00026085590542083563,0.001000339806716862,2.6572423301267976,0.001366029972438063,-0.0052381352536233754
2.548509701940388,PASSED,-0.2659483480685293,-0.0002598537263155135,0.0010034053043923824,2.657243693531238,0.0013607822010113081,-0.0052541955421756764
2.549509901980396,PASSED,-0.2659486074193751,-0.00025884856521376576,0.0010063316333178626,2.657245051680171,0.0013555188073662086,-0.005269525713715591
2.550510102020404,PASSED,-0.2659488657636554,-0.00025784056543210854,0.0010091118805501602,2.657246404558356,0.0013502405468085676,-0.0052840837869248865
2.551510302060412,PASSED,-0.2659491230986056,-0.0002568298744037262,0.001011743793603769,2.657247752151312,0.0013449481911645405,-0.005297870215428767
2.55251050210042,PASSED,-0.265949379421612,-0.0002558166457486118,0.0010142185627881682,2.657249094445348,0.0013396425404166039,-0.005310837769608464
2.553510702140428,PASSED,-0.26594963473021666,-0.0002548010380809482,0.0010165337375804505,2.657250431427585,0.00133432442123704,-0.005322973452867498
2.554510902180436,PASSED,-0.2659498890221224,-0.0002537832142668422,0.0010186838651229902,2.6572517630859935,0.0013289947004617884,-0.005334218990174411
2.555511102220444,PASSED,-0.26595014229519726,-0.00025276334160670975,0.001020665190138827,2.6572530894094015,0.0013236542457083305,-0.0053446119289804325
2.556511302260452,PASSED,-0.2659503945474788,-0.00025174159199195946,0.0010224725644913002,2.657254410387528,0.0013183039495696517,-0.005354085611810787
2.55751150230046,PASSED,-0.2659506457771785,-0.0002507181414645756,0.0010241025026455452,2.657255726011005,0.0013129447507532295,-0.0053626076194968906
2.558511702340468,PASSED,-0.26595089598268545,-0.00024969316961317187,0.0010255514172425653,2.657257036271391,0.0013075775804362328,-0.0053702121153301335
2.559511902380476,PASSED,-0.2659511451625701,-0.00024866685895939095,0.001026816811473211,2.6572583411612,0.0013022033944757644,-0.005376835190560615
2.560512102420484,PASSED,-0.26595139331558765,-0.0002476393966144704,0.0010278927005521025,2.657259640673901,0.0012968231664670434,-0.0053824898874946505
2.561512302460492,PASSED,-0.26595164044068104,-0.00024661097197114075,0.001028779271847895,2.65726093480396,0.0012914378995396829,-0.005387118287271264
2.5625125025005002,PASSED,-0.2659518865369841,-0.00024558177638793797,0.0010294731241060817,2.657262223546836,0.0012860485974240728,-0.005390758001169478
2.5635127025405082,PASSED,-0.265952131603824,-0.0002445520053208619,0.001029969695722719,2.657263506899001,0.001280656269461644,-0.005393374603268002
2.5645129025805162,PASSED,-0.26595237564072377,-0.00024352185567261362,0.00103026961659867,2.6572647848579547,0.0012752619583116204,-0.0053949355145270885
2.5655131026205242,PASSED,-0.2659526186474044,-0.00024249152607457762,0.0010303695856608687,2.6572660574222295,0.001269866701541482,-0.005395470940545827
2.5665133026605322,PASSED,-0.2659528606237865,-0.00024146121729406992,0.0010302682437389442,2.6572673245914076,0.0012644715464989295,-0.005394944443889837
2.5675135027005402,PASSED,-0.26595310156999225,-0.00024043113172501126,0.0010299637859384504,2.657268586366124,0.0012590775595397394,-0.005393348636056838
2.5685137027405482,PASSED,-0.2659533414863466,-0.00023940147282471282,0.0010294556432050978,2.657269842748078,0.001253685803767989,-0.00539069386221277
2.5695139027805562,PASSED,-0.26595358037337846,-0.00023837244484528898,0.0010287428702363526,2.6572710937400297,0.0012482973388320774,-0.005386978985044138
2.5705141028205643,PASSED,-0.2659538182318214,-0.000237344252827779,0.0010278247823590281,2.6572723393458255,0.0012429132614585443,-0.005382142965859227
2.5715143028605723,PASSED,-0.2659540550626144,-0.00023631710266102147,0.001026700423023234,2.6572735795703717,0.0012375346301187475,-0.005376290255755348
2.5725145029005803,PASSED,-0.2659542908669021,-0.00023529120018448552,0.0010253705122110894,2.6572748144196603,0.0012321625188998532,-0.0053693251943203535
2.5735147029405883,PASSED,-0.265954525646035,-0.00023426675084463685,0.001023835224940392,2.657276043900763,0.0012267980333412506,-0.0053612591347907135
2.5745149029805963,PASSED,-0.26595475940156915,-0.00023324396045221898,0.0010220938374028952,2.6572772680218177,0.001221442216583297,-0.005352188506728958
2.5755151030206043,PASSED,-0.2659549921352659,-0.0002322230341338628,0.0010201479723250082,2.6572784867920523,0.0012160961579225718,-0.005341972096722861
2.5765153030606123,PASSED,-0.2659552238490912,-0.00023120417579568464,0.0010179985820802568,2.6572797002217516,0.0012107609352367992,-0.005330723078472639
2.5775155031006203,PASSED,-0.26595545454521463,-0.00023018758873856067,0.001015646040486435,2.6572809083222793,0.0012054375967314077,-0.005318415456670837
2.5785157031406283,PASSED,-0.2659556842260085,-0.0002291734754337775,0.0010130914809810172,2.657282111106049,0.0012001272020824585,-0.005305047443801663
2.5795159031806363,PASSED,-0.26595591289404613,-0.0002281620355563792,0.001010338808343117,2.6572833085865364,0.0011948308140184924,-0.005290615144075492
2.5805161032206443,PASSED,-0.26595614055210065,-0.00022715346823991956,0.0010073863218706095,2.6572845007782586,0.001189549464833159,-0.005275171879505255
2.5815163032606523,PASSED,-0.26595636720314275,-0.0002261479705553545,0.001004238593028057,2.6572856876967723,0.0011842841840058473,-0.005258686792515725
2.5825165033006603,PASSED,-0.2659565928503391,-0.0002251457370936893,0.0010008967074233012,2.6572868693586487,0.0011790359847498309,-0.005241207565017126
2.5835167033406683,PASSED,-0.26595681749704964,-0.0002241469597727097,0.0009973643966838008,2.6572880457814887,0.0011738058959892797,-0.0052226762242405435
2.5845169033806763,PASSED,-0.2659570411468254,-0.00022315182871214417,0.000993642169819985,2.6572892169838798,0.0011685948960165192,-0.005203215805107382
2.5855171034206843,PASSED,-0.26595726380340556,-0.00022216053067425562,0.0009897352832675883,2.6572903829854,0.0011634039520566437,-0.005182762729720612
2.5865173034606923,PASSED,-0.2659574854707148,-0.00022117324933913296,0.0009856453696927203,2.6572915438065974,0.0011582340494784868,-0.005161329143781003
2.5875175035007003,PASSED,-0.26595770615285996,-0.00022019016565576319,0.000981375892487787,2.657292699468979,0.0011530861314193747,-0.005138977335999472
2.5885177035407083,PASSED,-0.2659579258541268,-0.0002192114567980372,0.0009769308345515036,2.6572938499949816,0.0011479611063124225,-0.005115723620920418
2.5895179035807163,PASSED,-0.26595814457897665,-0.00021823729629242043,0.0009723136196602598,2.6572949954079657,0.001142859901555055,-0.005091525514999141
2.5905181036207243,PASSED,-0.2659583623320425,-0.00021726785420725372,0.000967527728837667,2.657296135732187,0.0011377834060057482,-0.005066475572178814
2.5915183036607323,PASSED,-0.26595857911812515,-0.0002163032963809832,0.0009625778912257645,2.657297270992789,0.0011327324840872547,-0.005040552816036921
2.5925185037007403,PASSED,-0.2659587949421894,-0.00021534378457446212,0.0009574677500513084,2.6572984012157623,0.001127707979161212,-0.005013806332713231
2.5935187037407483,PASSED,-0.26595900980935966,-0.0002143894764049565,0.0009522017824751433,2.657299526427941,0.001122710723570715,-0.004986221762352799
2.5945189037807563,PASSED,-0.2659592237249155,-0.00021344052478328263,0.0009467848478063613,2.657300646656971,0.001117741521020619,-0.004957856408591561
2.5955191038207643,PASSED,-0.26595943669428745,-0.00021249707842643716,0.000941220696204883,2.6573017619312833,0.0011128011352372436,-0.00492873869989823
2.5965193038607723,PASSED,-0.2659596487230519,-0.0002115592808806602,0.0009355154454917037,2.657302872280084,0.0011078903367815554,-0.004898838292881362
2.5975195039007803,PASSED,-0.2659598598169266,-0.00021062727090369424,0.0009296729979488069,2.657303977733305,0.0011030098384639385,-0.0048682716674406535
2.5985197039407884,PASSED,-0.2659600699817657,-0.0002097011825265541,0.0009236986299343338,2.6573050783216043,0.0010981603437108995,-0.004836976810104428
2.5995199039807964,PASSED,-0.2659602792235543,-0.00020878114412507953,0.0009175982491680539,2.6573061740763237,0.001093342543191666,-0.004805016325319717
2.6005201040208044,PASSED,-0.26596048754840385,-0.00020786727927061592,0.0009113759246606281,2.657307265029457,0.0010885570522913021,-0.004772473950393451
2.6015203040608124,PASSED,-0.2659606949625462,-0.0002069597061934773,0.0009050378454572705,2.6573083512136444,0.0010838045118477522,-0.004739251438987844
2.6025205041008204,PASSED,-0.26596090147232876,-0.0002060585370316958,0.000898590039331037,2.657309432662116,0.0010790855123039072,-0.004705498280416356
2.6035207041408284,PASSED,-0.2659611070842085,-0.00020516387901424338,0.0008920366695333602,2.6573105094086866,0.00107440059628054,-0.004671194518667787
2.6045209041808364,PASSED,-0.2659613118047466,-0.0002042758335992397,0.0008853845786505402,2.6573115814877117,0.0010697503104191539,-0.004636346756531721
2.6055211042208444,PASSED,-0.26596151564060266,-0.0002033944959269086,0.0008786397347847511,2.657312648934067,0.0010651351582954796,-0.004601022368436194
2.6065213042608524,PASSED,-0.2659617185985291,-0.0002025199560737969,0.0008718065986630252,2.6573137117831016,0.0010605555831560047,-0.00456527698683387
2.6075215043008604,PASSED,-0.2659619206853648,-0.00020165229786393642,0.0008648926173254835,2.6573147700706334,0.0010560120512611453,-0.004529035166876548
2.6085217043408684,PASSED,-0.2659621219080298,-0.00020079159920685655,0.0008579026835828026,2.6573158238328998,0.00105150497813741,-0.004492431761641123
2.6095219043808764,PASSED,-0.2659623222735191,-0.00019993793227659305,0.0008508430947173066,2.657316873106524,0.0010470347014802884,-0.004455506587441813
2.6105221044208844,PASSED,-0.2659625217888964,-0.0001990913622607875,0.0008437212965310045,2.6573179179284963,0.0010426015909838693,-0.0044181797690704535
2.6115223044608924,PASSED,-0.2659627204612883,-0.00019825194942613904,0.0008365405267267876,2.65731895833614,0.0010382059834490938,-0.0043805593785788115
2.6125225045009004,PASSED,-0.26596291829787827,-0.00019741974800436263,0.0008293086851428311,2.6573199943670605,0.0010338481074187004,-0.0043427537982698465
2.6135227045409084,PASSED,-0.2659631153059002,-0.00019659480446597956,0.000822033440543237,2.657321026059147,0.0010295282443084622,-0.004304602651550694
2.6145229045809164,PASSED,-0.2659633114926327,-0.0001957771606276537,0.0008147174368475597,2.6573220534505055,0.0010252466215913336,-0.004266302760847013
2.6155231046209244,PASSED,-0.2659635068653925,-0.00019496685245268974,0.0008073686670416307,2.6573230765794587,0.0010210033994054017,-0.004227835135988306
2.6165233046609324,PASSED,-0.2659637014315287,-0.00019416390824194125,0.0007999945732197436,2.657324095484483,0.0010167987326770113,-0.004189221123325496
2.61752350470094,PASSED,-0.26596389519841634,-0.00019336835098228707,0.0007925990506104905,2.6573251102041984,0.0010126327564559906,-0.004150479619484237
2.618523704740948,PASSED,-0.2659640881734503,-0.00019258019780682715,0.0007851892586928452,2.65732612077733,0.001008505554813397,-0.004111682991333119
2.619523904780956,PASSED,-0.2659642803640393,-0.00019179945947137437,0.0007777710532927649,2.6573271272426733,0.0010044171710663432,-0.004072850917534334
2.620524104820964,PASSED,-0.26596447177759974,-0.0001910261402990128,0.0007703512517407559,2.6573281296390627,0.0010003676397176272,-0.00403398496950385
2.621524304860972,PASSED,-0.26596466242154965,-0.00019026023906958893,0.0007629345478792737,2.6573291280053453,0.0009963569615655987,-0.003995140273711672
2.62252450490098,PASSED,-0.2659648523033026,-0.00018950174844088095,0.0007555280159271319,2.6573301223803383,0.0009923850788207038,-0.003956377725683825
2.623524704940988,PASSED,-0.2659650414302617,-0.00018875065462501986,0.0007481376824837264,2.657331112802808,0.0009884519260207577,-0.003917669516121186
2.624524904980996,PASSED,-0.26596522980981385,-0.0001880069389017614,0.0007407677504416204,2.657332099311441,0.0009845574243483805,-0.0038790564432146604
2.625525105021004,PASSED,-0.2659654174493236,-0.0001872705757030952,0.0007334268308159493,2.6573330819448,0.0009807014179615326,-0.0038406396826035226
2.626525305061012,PASSED,-0.2659656043561277,-0.00018654153416063296,0.0007261180168930934,2.657334060741302,0.0009768837401710002,-0.003802369862484665
2.62752550510102,PASSED,-0.26596579053752895,-0.00018581977803434018,0.0007188481992259385,2.657335035739188,0.0009731042234316808,-0.0037642813238759013
2.628525705141028,PASSED,-0.2659659760007909,-0.00018510526489439637,0.0007116231004224069,2.657336006976494,0.0009693626356713245,-0.003726458718009946
2.629525905181036,PASSED,-0.2659661607531321,-0.00018439794668994078,0.0007044482738110303,2.657336974491022,0.0009656587196220645,-0.003688887603426646
2.630526105221044,PASSED,-0.26596634480172054,-0.00018369777054453763,0.0006973280597978894,2.6573379383203046,0.0009619922022239227,-0.003651603927951952
2.631526305261052,PASSED,-0.2659665281536685,-0.00018300467819253068,0.0006902685468129905,2.65733889850159,0.0009583627872529635,-0.0036146223329639984
2.63252650530106,PASSED,-0.265966710816027,-0.00018231860528173586,0.0006832758201160031,2.6573398550717955,0.0009547701214382455,-0.0035780281358873812
2.633526705341068,PASSED,-0.26596689279578095,-0.00018163948334150998,0.0006763526869657899,2.6573408080675014,0.0009512138554358042,-0.0035417579134773814
2.634526905381076,PASSED,-0.2659670740998436,-0.00018096723839135196,0.0006695064589528361,2.6573417575249083,0.000947693609052131,-0.0035059053638037117
2.635527105421084,PASSED,-0.26596725473505217,-0.00018030179159181427,0.0006627403599275924,2.6573427034798205,0.000944208954603149,-0.0034704871724339555
2.636527305461092,PASSED,-0.2659674347081626,-0.0001796430596169269,0.0006560597181938814,2.6573436459676136,0.0009407594599457254,-0.0034354996474167303
2.6375275055011,PASSED,-0.2659676140258448,-0.00017899095390546234,0.000649469706978312,2.6573445850232154,0.0009373446682104938,-0.003400986460441557
2.638527705541108,PASSED,-0.26596779269467863,-0.00017834538200211752,0.000642973367589124,2.657345520681084,0.0009339640942190005,-0.003366965678861239
2.639527905581116,PASSED,-0.2659679707211487,-0.00017770624678735918,0.0006365764462045212,2.657346452975173,0.0009306172194042863,-0.0033334809052829777
2.640528105621124,PASSED,-0.26596814811164066,-0.00017707344678786983,0.0006302823683458754,2.6573473819389233,0.0009273035218363443,-0.0033005086763812992
2.641528305661132,PASSED,-0.26596832487243677,-0.00017644687697306797,0.0006240947791059006,2.6573483076052318,0.0009240224523518384,-0.0032681100232556377
2.64252850570114,PASSED,-0.2659685010097121,-0.00017582642792348343,0.0006180185632369555,2.657349230006434,0.000920773430098732,-0.0032362970730070452
2.643528705741148,PASSED,-0.26596867652953027,-0.00017521198628855648,0.0006120570160536051,2.657350149174283,0.0009175558675928126,-0.0032050727945275594
2.644528905781156,PASSED,-0.2659688514378403,-0.00017460343566752114,0.0006062130243565136,2.6573510651399306,0.0009143691548078402,-0.0031744727786022593
2.645529105821164,PASSED,-0.26596902574047265,-0.00017400065595413652,0.0006004908394033566,2.6573519779339057,0.0009112126551751408,-0.003144517535430804
2.646529305861172,PASSED,-0.265969199443136,-0.00017340352330362228,0.0005948938579214842,2.657352887586107,0.0009080857350538973,-0.003115188511785401
2.64752950590118,PASSED,-0.265969372551414,-0.00017281191132778855,0.0005894240544419079,2.6573537941257728,0.0009049877263864759,-0.0030865554378452635
2.648529705941188,PASSED,-0.2659695450707622,-0.0001722256906516213,0.0005840850906508395,2.6573546975814666,0.0009019179339084412,-0.0030586171714943183
2.649529905981196,PASSED,-0.26596971700650535,-0.0001716447285822457,0.0005788800551920992,2.657355597981075,0.0008988756882454639,-0.0030313313239658584
2.650530106021204,PASSED,-0.2659698883638343,-0.00017106889010128662,0.0005738107648037769,2.657356495351782,0.0008958602842429979,-0.0030047857881327425
2.651530306061212,PASSED,-0.26597005914780386,-0.00017049803801308128,0.0005688796371397389,2.6573573897200533,0.00089287097183412,-0.00297899682270785
2.65253050610122,PASSED,-0.2659702293633301,-0.00016993203243124223,0.0005640895449719352,2.6573582811116347,0.0008899070425089522,-0.002953884326807905
2.653530706141228,PASSED,-0.2659703990151884,-0.00016937073139282877,0.0005594420340411548,2.657359169551531,0.0008869677603480701,-0.0029295473835983295
2.654530906181236,PASSED,-0.2659705681080114,-0.00016881399146534285,0.0005549385231157774,2.6573600550639997,0.0008840523486589954,-0.0029059878927255403
2.655531106221244,PASSED,-0.265970736646287,-0.00016826166665143157,0.0005505823411082871,2.6573609376725464,0.0008811600634927819,-0.0028831500152056
2.656531306261252,PASSED,-0.2659709046343568,-0.00016771360999255362,0.0005463728707243888,2.6573618173999,0.0008782901287101845,-0.0028611246275251517
2.65753150630126,PASSED,-0.26597107207641474,-0.00016716967342272516,0.0005423123692311619,2.6573626942680266,0.0008754417646208736,-0.00283985706383492
2.658531706341268,PASSED,-0.2659712389765056,-0.0001666297068057596,0.0005384027821218282,2.6573635682981047,0.0008726141942818268,-0.0028193791891878463
2.659531906381276,PASSED,-0.26597140533852387,-0.00016609355916634856,0.0005346442109371565,2.6573644395105296,0.0008698066216121183,-0.002799701656722455
2.660532106421284,PASSED,-0.26597157116621295,-0.000165561079409037,0.0005310367882278141,2.6573653079249,0.0008670182495848538,-0.002780818940959194
2.661532306461292,PASSED,-0.26597173646316447,-0.00016503211538873488,0.0005275821750183491,2.657366173560027,0.000864248292172857,-0.002762716392688553
2.6625325065013,PASSED,-0.2659719012328173,-0.00016450651362705785,0.0005242814861161728,2.6573670364339135,0.0008614959398687806,-0.0027454429116681215
2.663532706541308,PASSED,-0.26597206547845753,-0.00016398412144342587,0.0005211326486425702,2.657367896563771,0.0008587603935956789,-0.002728948514057378
2.664532906581316,PASSED,-0.2659722292032182,-0.00016346478583929277,0.0005181375744601383,2.6573687539660042,0.000856040857182396,-0.0027132616794334043
2.665533106621324,PASSED,-0.265972392410079,-0.0001629483532199311,0.000515295982629353,2.657369608656218,0.0008533365210552441,-0.0026983857589643555
2.666533306661332,PASSED,-0.26597255510186646,-0.00016243467057145905,0.0005126070923672309,2.6573704606492097,0.0008506465781445876,-0.002684314345117861
2.66753350670134,PASSED,-0.2659727172812545,-0.0001619235854595783,0.0005100704582231008,2.65737130995898,0.0008479702385026877,-0.0026710231730878655
2.668533706741348,PASSED,-0.26597287895076466,-0.00016141494597591725,0.0005076855006196691,2.6573721565987363,0.0008453067119481246,-0.002658528808880037
2.669533906781356,PASSED,-0.26597304011276673,-0.00016090860035245189,0.0005054523720292149,2.657373000580886,0.0008426551928215021,-0.0026468460051173796
2.670534106821364,PASSED,-0.2659732007694796,-0.00016040439828035616,0.0005033685388067655,2.6573738419170474,0.0008400148929847252,-0.0026359357245501424
2.671534306861372,PASSED,-0.2659733609229724,-0.00015990219069119037,0.0005014336227385056,2.6573746806180543,0.0008373850417498118,-0.0026257949084886744
2.67253450690138,PASSED,-0.26597352057516516,-0.00015940182865653213,0.000499647642604722,2.65737551669396,0.0008347648543263207,-0.002616449100159327
2.673534706941388,PASSED,-0.26597367972783065,-0.0001589031658308764,0.0004980062810230499,2.657376350154052,0.0008321535664587576,-0.002607847045832357
2.674534906981396,PASSED,-0.26597383838259536,-0.00015840605691789736,0.0004965106676163488,2.6573771810068414,0.0008295504090755029,-0.002600030941536111
2.675535107021404,PASSED,-0.26597399654094145,-0.00015791035785245574,0.0004951579973251205,2.657378009260089,0.0008269546327716662,-0.0025929398787038604
2.676535307061412,PASSED,-0.26597415420420834,-0.00015741592736797665,0.000493945475915022,2.657378834920812,0.0008243655089878673,-0.0025865797205289615
2.67753550710142,PASSED,-0.2659743113735947,-0.00015692262547983398,0.0004928728296277235,2.6573796579952798,0.0008217822807470546,-0.0025809939210019056
2.678535707141428,PASSED,-0.2659744680501602,-0.00015643031380326087,0.0004919375745367288,2.6573804784890447,0.0008192042394927908,-0.002576072809771969
2.679535907181436,PASSED,-0.26597462423482815,-0.0001559388576416874,0.0004911352195979954,2.6573812964069434,0.0008166306945094067,-0.002571859765792186
2.680536107221444,PASSED,-0.2659747799283875,-0.00015544812382717964,0.0004904662111143001,2.6573821117530994,0.000814060908248249,-0.0025684039247347765
2.681536307261452,PASSED,-0.2659749351314954,-0.00015495798145376722,0.0004899264816111664,2.65738292453096,0.0008114942245353951,-0.0025655369049333034
2.68253650730146,PASSED,-0.2659750898446799,-0.00015446830293242955,0.000489513214488702,2.6573837347432856,0.000808929983649289,-0.0025633768735548713
2.683536707341468,PASSED,-0.2659752440683424,-0.00015397896285407185,0.0004892246542703357,2.657384542392175,0.0008063674933222305,-0.0025618992960610744
2.684536907381476,PASSED,-0.2659753978027607,-0.00015348983916660858,0.000489056376258555,2.657385347479086,0.0008038061412991969,-0.002560987174348726
2.685537107421484,PASSED,-0.2659755510480919,-0.00015300081293598096,0.0004890061335403291,2.65738615000484,0.000801245312030972,-0.0025607239974753775
2.686537307461492,PASSED,-0.2659757038043755,-0.00015251176761287453,0.0004890714494838709,2.6573869499696374,0.0007986843611576287,-0.002561102123922114
2.6875375075015002,PASSED,-0.26597585607153645,-0.00015202259043265966,0.0004892476673688232,2.657387747373091,0.0007961227267366123,-0.0025619892857458694
2.6885377075415082,PASSED,-0.2659760078493886,-0.00015153317214443765,0.00048953203545744,2.6573885422142185,0.0007935598363077748,-0.0025634911908985715
2.6895379075815162,PASSED,-0.26597615913763795,-0.0001510434064527901,0.0004899214624409726,2.657389334491482,0.0007909951116998543,-0.0025655468859350715
2.6905381076215242,PASSED,-0.26597630993588617,-0.00015055319059073926,0.0004904121284574646,2.6573901242027955,0.0007884280379527701,-0.002568091654516997
2.6915383076615322,PASSED,-0.26597646024363425,-0.00015006242607986395,0.0004909994324871825,2.6573909113455434,0.0007858580919031724,-0.00257118231298477
2.6925385077015402,PASSED,-0.265976610060286,-0.00014957101725026484,0.0004916817610070752,2.6573916959166013,0.000783284758425561,-0.002574767587362393
2.6935387077415482,PASSED,-0.2659767593851518,-0.0001490788725205005,0.0004924533756024773,2.6573924779123557,0.0007807075758539165,-0.002578792561166054
2.6945389077815562,PASSED,-0.2659769082174525,-0.00014858590465278255,0.0004933108624615897,2.6573932573287307,0.0007781260930468845,-0.002583276304276068
2.6955391078215643,PASSED,-0.26597705655632337,-0.0001480920298091636,0.0004942508310571684,2.6573940341611895,0.0007755398420057106,-0.002588234199105791
2.6965393078615723,PASSED,-0.26597720440081773,-0.00014759716778278535,0.0004952694899256632,2.6573948084047796,0.000772948425183961,-0.0025935385701787166
2.6975395079015803,PASSED,-0.26597735174991116,-0.00014710124301947354,0.0004963616122359199,2.6573955800541307,0.0007703514513902498,-0.0025992639427330896
2.6985397079415883,PASSED,-0.2659774986025058,-0.0001466041843606623,0.00049752335652807,2.657396349103493,0.0007677485251266534,-0.0026053678108385555
2.6995399079815963,PASSED,-0.2659776449574338,-0.00014610592367696307,0.0004987522351466867,2.657397115546751,0.0007651393060314762,-0.0026117866180695587
2.7005401080216043,PASSED,-0.2659777908134621,-0.00014560639739840737,0.0005000423074950593,2.657397879377442,0.0007625234624641501,-0.002618548200163712
2.7015403080616123,PASSED,-0.2659779361692963,-0.00014510554710560092,0.0005013889496807215,2.6573986405887915,0.0007599006827981899,-0.002625600643157614
2.7025405081016203,PASSED,-0.265978081023585,-0.00014460331752693588,0.0005027899979879165,2.657399399173722,0.0007572706818613949,-0.002632934465886534
2.7035407081416283,PASSED,-0.26597822537492394,-0.00014409965756407875,0.0005042399394365844,2.6574001551248716,0.0007546331783654861,-0.002640549515923606
2.7045409081816363,PASSED,-0.2659783692218604,-0.0001435945215880467,0.000505733333762366,2.6574009084346377,0.000751987952408491,-0.0026483435843760368
2.7055411082216443,PASSED,-0.2659785125628974,-0.00014308786704879072,0.0005072686762516998,2.6574016590951746,0.0007493347733252102,-0.002656402749217287
2.7065413082616523,PASSED,-0.26597865539649806,-0.00014257965616242777,0.0005088390264370752,2.657402407098439,0.0007466734398335487,-0.0026646206532910466
2.7075415083016603,PASSED,-0.26597879772108973,-0.00014206985577559596,0.0005104412937616272,2.657403152436188,0.0007440037798877641,-0.0026730194741137344
2.7085417083416683,PASSED,-0.2659789395350688,-0.0001415584364601826,0.0005120713298478482,2.6574038951000234,0.0007413256401393443,-0.0026815532646236903
2.7095419083816763,PASSED,-0.2659790808368044,-0.00014104537346152444,0.0005137241111983906,2.657404635081404,0.0007386388949202749,-0.002690206522033067
2.7105421084216843,PASSED,-0.265979221624643,-0.00014053064646597432,0.0005153955851179758,2.6574053723716737,0.0007359434381916115,-0.002698956866416792
2.7115423084616923,PASSED,-0.2659793618969128,-0.0001400142389495476,0.0005170821372991954,2.6574061069620716,0.0007332391712003193,-0.0027078070745425653
2.7125425085017003,PASSED,-0.26597950165192785,-0.00013949613897234418,0.0005187785371395821,2.657406838843767,0.0007305260382593465,-0.002716683518593032
2.7135427085417083,PASSED,-0.26597964088799236,-0.00013897633906005997,0.0005204808290472855,2.6574075680078795,0.0007278040123547463,-0.002725587495271769
2.7145429085817163,PASSED,-0.2659797796034048,-0.0001384548353271287,0.0005221856688539176,2.657408294445496,0.0007250730560436744,-0.002734535521605483
2.7155431086217243,PASSED,-0.26597991779646235,-0.00013793162866567235,0.0005238873231912445,2.6574090181477006,0.0007223331777969472,-0.002743440063474924
2.7165433086617323,PASSED,-0.2659800554654648,-0.00013740672387710904,0.000525583098811356,2.6574097391055864,0.0007195844133950479,-0.002752313960848813
2.7175435087017403,PASSED,-0.2659801926087189,-0.00013688012975023614,0.0005272681455806492,2.6574104573102866,0.0007168267984168612,-0.0027611489897453544
2.7185437087417483,PASSED,-0.2659803292245422,-0.0001363518593219041,0.0005289386168329822,2.6574111727529863,0.0007140603968221204,-0.002769903331404518
2.7195439087817563,PASSED,-0.26598046531126723,-0.00013582192947108712,0.0005305906734729932,2.6574118854249544,0.0007112853104997527,-0.002778541649676512
2.7205441088217643,PASSED,-0.26598060086724534,-0.000135290360909897,0.0005322204863348678,2.6574125953175534,0.0007085016394055272,-0.0027870907239248934
2.7215443088617723,PASSED,-0.26598073589085097,-0.00013475717888207438,0.00053382305548112,2.657413302422272,0.0007057095168767431,-0.0027954770653569492
2.7225445089017803,PASSED,-0.2659808703804849,-0.00013422241162907499,0.0005353967180115464,2.6574140067307326,0.0007029090933286373,-0.002803721203271663
2.7235447089417884,PASSED,-0.2659810043345784,-0.00013368609099420907,0.0005369365794355269,2.657414708234721,0.0007001005354975273,-0.0028117822496687883
2.7245449089817964,PASSED,-0.265981137751597,-0.00013314825382458907,0.0005384375630763214,2.6574154069261966,0.0006972840303713172,-0.0028196537105711233
2.7255451090218044,PASSED,-0.26598127063004384,-0.00013260893951855406,0.0005398988013408113,2.6574161027973204,0.0006944597854662656,-0.00282730570137191
2.7265453090618124,PASSED,-0.2659814029684637,-0.00013206819058801154,0.0005413156833436569,2.657416795840473,0.0006916280364864996,-0.002834711165361867
2.7275455091018204,PASSED,-0.2659815347654457,-0.00013152605399116717,0.0005426838725115064,2.657417486048262,0.0006887890136610613,-0.0028418972654892806
2.7285457091418284,PASSED,-0.26598166601962764,-0.0001309825798706308,0.0005440009525529482,2.657418173413551,0.0006859429782868912,-0.0028487941132906373
2.7295459091818364,PASSED,-0.26598179672969846,-0.00013043782074825146,0.0005452645689302478,2.6574188579294766,0.0006830902252982578,-0.0028553922388618465
2.7305461092218444,PASSED,-0.26598192689440187,-0.00012989183309355132,0.0005464697118800789,2.6574195395894584,0.0006802310355782108,-0.002861721374170462
2.7315463092618524,PASSED,-0.2659820565125395,-0.00012934467684294398,0.0005476139430922001,2.6574202183872164,0.0006773657114908571,-0.0028677258961427054
2.7325465093018604,PASSED,-0.26598218558297376,-0.00012879641358235167,0.0005486961389257386,2.6574208943167954,0.0006744946028881557,-0.0028733637404071183
2.7335467093418684,PASSED,-0.2659823141046308,-0.00012824710856013222,0.0005497109444152705,2.657421567372567,0.0006716180349397889,-0.0028787040870067605
2.7345469093818764,PASSED,-0.2659824420765033,-0.0001276968302152314,0.0005506566118911883,2.657422237549259,0.0006687363631367388,-0.0028836502804123042
2.7355471094218844,PASSED,-0.2659825694976532,-0.00012714564884615598,0.0005515312071982209,2.657422904841956,0.0006658499680926908,-0.002888224886471981
2.7365473094618924,PASSED,-0.2659826963672142,-0.00012659363738731243,0.0005523316266070461,2.6574235692461174,0.0006629592178838808,-0.0028924337570352663
2.7375475095019004,PASSED,-0.2659828226843947,-0.00012604087178088653,0.0005530549263051371,2.657424230757599,0.0006600645192377924,-0.002896208572123766
2.7385477095419084,PASSED,-0.2659829484484794,-0.00012548742984369937,0.0005536999444418446,2.657424889372655,0.0006571662854959767,-0.002899583854943849
2.7395479095819164,PASSED,-0.26598307365883217,-0.00012493339144015409,0.0005542640429475501,2.6574255450879534,0.0006542649199113497,-0.0029025534044158858
2.7405481096219244,PASSED,-0.26598319831489814,-0.00012437883904604764,0.0005547446282123899,2.6574261979005818,0.0006513608535557628,-0.0029050749897007837
2.7415483096619324,PASSED,-0.26598332241620537,-0.00012382385667002605,0.0005551408745610774,2.6574268478080745,0.0006484545515722146,-0.002907119979446372
2.7425485097019404,PASSED,-0.265983445962367,-0.0001232685300816581,0.0005554503975725236,2.6574274948083993,0.0006455464380517919,-0.0029087758810736344
2.7435487097419484,PASSED,-0.2659835689530832,-0.00012271294743149778,0.0005556708185522052,2.657428138899987,0.0006426369723534991,-0.002909925576438933
2.7445489097819564,PASSED,-0.26598369138814254,-0.00012215719807195233,0.0005558017202076538,2.6574287800817284,0.0006397266470973523,-0.0029105917092852778
2.7455491098219644,PASSED,-0.26598381326742365,-0.00012160137239060706,0.0005558416554370367,2.6574294183529874,0.0006368159177663263,-0.0029108210788532274
2.7465493098619724,PASSED,-0.26598393459089675,-0.00012104556276981484,0.0005557882643623109,2.657430053713609,0.0006339052665791058,-0.002910537926131752
2.7475495099019804,PASSED,-0.2659840553586246,-0.00012048986276760965,0.0005556411607671292,2.6574306861639165,0.0006309951909948265,-0.0029097673563778016
2.7485497099419884,PASSED,-0.2659841755707642,-0.00011993436677685638,0.0005553992107440363,2.6574313157047347,0.0006280861849518566,-0.00290849850069788
2.7495499099819964,PASSED,-0.2659842952275674,-0.00011937917035167326,0.0005550612348091776,2.657431942337379,0.0006251787429058528,-0.0029067377428742902
2.7505501100220044,PASSED,-0.2659844143293819,-0.00011882436971621519,0.0005546269025573369,2.657432566063671,0.0006222733733041066,-0.002904457507660861
2.7515503100620124,PASSED,-0.26598453287665236,-0.00011827006208607424,0.0005540947818633614,2.657433186885937,0.000619370587797589,-0.002901670839088648
2.7525505101020205,PASSED,-0.26598465086992057,-0.00011771634518797703,0.0005534649755864555,2.6574338048070145,0.0006164708923166479,-0.0028983785755093256
2.7535507101420285,PASSED,-0.2659847683098264,-0.00011716331721207153,0.0005527366427848839,2.657434419830252,0.0006135748015495707,-0.0028945655614557217
2.7545509101820365,PASSED,-0.26598488519710806,-0.00011661107662796443,0.0005519098783218922,2.657435031959516,0.0006106828369236667,-0.002890230668869529
2.7555511102220445,PASSED,-0.2659850015326023,-0.0001160597221026779,0.0005509842899296168,2.657435641199186,0.0006077955115790064,-0.0028853884618540485
2.7565513102620525,PASSED,-0.2659851173172449,-0.00011550935292550647,0.0005499591019993202,2.6574362475541626,0.0006049133411458139,-0.002880025080751518
2.7575515103020605,PASSED,-0.2659852325520703,-0.00011496006760298252,0.000548836136207021,2.657436851029861,0.0006020368484546957,-0.0028741377646957318
2.7585517103420685,PASSED,-0.2659853472382118,-0.00011441196492018698,0.0005476137138545635,2.6574374516322146,0.0005991665477518102,-0.002867742661678751
2.7595519103820765,PASSED,-0.26598546137690143,-0.00011386514359652465,0.0005462930635341675,2.657438049367677,0.0005963029582030995,-0.002860820806731967
2.7605521104220845,PASSED,-0.2659855749694694,-0.00011331970153482088,0.0005448747271501736,2.657438644243212,0.0005934465910147354,-0.002853398109452121
2.7615523104620925,PASSED,-0.2659856880173438,-0.00011277573643348008,0.0005433586841345437,2.6574392362662964,0.0005905979521440806,-0.0028454660447899288
2.7625525105021005,PASSED,-0.2659858005220499,-0.00011223334530521337,0.0005417460910214938,2.6574398254449196,0.000587757559922049,-0.0028370096735260094
2.7635527105421085,PASSED,-0.26598591248520986,-0.00011169262442658277,0.0005400374037033216,2.657440411787573,0.0005849259150366445,-0.002828068359990042
2.7645529105821165,PASSED,-0.2659860239085416,-0.00011115366928266172,0.0005382336373995597,2.6574409953032543,0.0005821035123942703,-0.0028186254972970143
2.7655531106221245,PASSED,-0.2659861347938579,-0.00011061657431571274,0.0005363358533152775,2.6574415760014523,0.0005792908472274305,-0.0028086916132018004
2.7665533106621325,PASSED,-0.2659862451430657,-0.00011008143306089245,0.0005343448558236636,2.6574421538921564,0.0005764884207817169,-0.0027982496673881765
2.7675535107021405,PASSED,-0.2659863549581646,-0.00010954833772085833,0.0005322623295077438,2.657442728985839,0.0005736967096044382,-0.002787352183872187
2.7685537107421485,PASSED,-0.26598646424124606,-0.00010901737958821702,0.0005300886680636981,2.657443301293448,0.0005709161787709914,-0.002775983266496644
2.7695539107821565,PASSED,-0.26598657299449174,-0.00010848864813212395,0.0005278266481126707,2.657443870826405,0.0005681473056158746,-0.0027641330808634746
2.7705541108221645,PASSED,-0.2659866812201722,-0.00010796223118445067,0.0005254771473803742,2.6574444375966078,0.0005653905717837857,-0.0027518009995723867
2.7715543108621725,PASSED,-0.2659867889206455,-0.00010743821582144261,0.0005230408400931814,2.657445001616399,0.0005626464026595837,-0.002739081207288383
2.7725545109021805,PASSED,-0.2659868960983553,-0.00010691668719388154,0.0005205204858729837,2.6574455628985754,0.0005599152427804449,-0.0027258789937058153
2.7735547109421885,PASSED,-0.2659870027558294,-0.00010639772774824279,0.0005179187521492618,2.657446121456376,0.0005571975584861358,-0.0027122211613779842
2.7745549109821965,PASSED,-0.265987108895678,-0.00010588141921619833,0.0005152350519745677,2.6574466773034695,0.0005544937534645755,-0.0026981942616816864
2.7755551110222045,PASSED,-0.2659872145205915,-0.00010536784148410276,0.0005124728521762648,2.6574472304539385,0.0005518042238956227,-0.0026837531071336857
2.7765553110622125,PASSED,-0.26598731963333877,-0.00010485707120523695,0.0005096352299921743,2.657447780922293,0.0005491294250635169,-0.002668829315420287
2.7775555111022205,PASSED,-0.26598742423676486,-0.00010434918382878935,0.0005067221407511991,2.6574483287234227,0.0005464697177202184,-0.0026536260285507625
2.7785557111422285,PASSED,-0.26598752833378936,-0.00010384425314090642,0.0005037363859707551,2.657448873872623,0.0005438254759656413,-0.002637985571927909
2.7795559111822365,PASSED,-0.26598763192740366,-0.00010334234931451465,0.0005006821200057493,2.6574494163855484,0.0005411970935945799,-0.0026219802371506415
2.7805561112222446,PASSED,-0.26598773502066875,-0.00010284354074515805,0.0004975595355905173,2.657449956278242,0.0005385849367390152,-0.0026056079345076156
2.7815563112622526,PASSED,-0.2659878376167132,-0.00010234789433338324,0.0004943709958976503,2.6574504935670773,0.0005359893196789013,-0.002588956477184836
2.7825565113022606,PASSED,-0.26598793971873036,-0.00010185547357809457,0.0004911205948826971,2.6574510282687767,0.0005334105868371315,-0.002571917084826358
2.7835567113422686,PASSED,-0.2659880413299761,-0.00010136633927741845,0.00048781010453840607,2.657451560400397,0.0005308490931985745,-0.0025545446743772695
2.7845569113822766,PASSED,-0.2659881424537663,-0.00010088055054813285,0.00048444114578372126,2.657452089979299,0.0005283051041400682,-0.002536951981259112
2.7855571114222846,PASSED,-0.265988243093474,-0.00010039816322207152,0.0004810181129130612,2.6574526170231447,0.0005257789115852371,-0.0025190196038791042
2.7865573114622926,PASSED,-0.26598834325252707,-9.991923031264054e-05,0.00047754277377624454,2.657453141549885,0.0005232708319506685,-0.002500786321694898
2.7875575115023006,PASSED,-0.2659884429344051,-9.944380293618198e-05,0.0004740171115801035,2.6574536635777446,0.000520781107801857,-0.0024823493668893358
2.7885577115423086,PASSED,-0.26598854214263723,-9.897192899181313e-05,0.00047044516622801394,2.657454183125203,0.0005183099760610542,-0.0024636533234114293
2.7895579115823166,PASSED,-0.2659886408807987,-9.850365289329886e-05,0.00046683005337178583,2.6574547002109803,0.0005158576926931988,-0.0024447033974849207
2.7905581116223246,PASSED,-0.26598873915250876,-9.80390173723077e-05,0.000463172499404077,2.6574552148540325,0.0005134244845640744,-0.002425544616883914
2.7915583116623326,PASSED,-0.265988836961427,-9.757806172969278e-05,0.00045947773808881535,2.6574557270735255,0.0005110105385469393,-0.002406213617302467
2.7925585117023406,PASSED,-0.2659889343112511,-9.712082180973716e-05,0.0004557480412001645,2.6574562368888177,0.0005086160429475355,-0.0023866835874711
2.7935587117423486,PASSED,-0.26598903120571366,-9.666733188476685e-05,0.00045198451415040785,2.6574567443194583,0.0005062411951535351,-0.0023669572650200613
2.7945589117823566,PASSED,-0.2659891276485793,-9.621762217922969e-05,0.0004481931664616678,2.6574572493851645,0.0005038861478916421,-0.0023471072598082094
2.7955591118223646,PASSED,-0.2659892236436416,-9.577171967450342e-05,0.0004443753969026515,2.657457752105799,0.0005015510262391784,-0.0023271312475672858
2.7965593118623726,PASSED,-0.2659893191947203,-9.532965005554029e-05,0.0004405324336701292,2.657458252501366,0.0004992359796019626,-0.0023069902303148493
2.7975595119023806,PASSED,-0.26598941430565815,-9.489143422146588e-05,0.00043667143434392744,2.6574587505919904,0.0004969411233067787,-0.002286767005096519
2.7985597119423886,PASSED,-0.2659895089803181,-9.445709032916837e-05,0.0004327921975999073,2.657459246397898,0.0004946665315042979,-0.0022664750007370597
2.7995599119823966,PASSED,-0.26598960322258,-9.402663502124075e-05,0.00042889738147945216,2.657459739939409,0.000492412305785798,-0.002246059530342018
2.8005601120224046,PASSED,-0.2659896970363378,-9.360008024025491e-05,0.00042499304732343475,2.6574602312369175,0.0004901785182269507,-0.002225606244517447
2.8015603120624126,PASSED,-0.26598979042549675,-9.317743532934221e-05,0.00042107948663887155,2.6574607203108678,0.00048796518827504565,-0.002205145756830009
2.8025605121024206,PASSED,-0.2659898833939698,-9.275870733859444e-05,0.0004171603268203681,2.657461207181761,0.00048577238238679994,-0.0021845793091894838
2.8035607121424286,PASSED,-0.26598997594567525,-9.234389975651693e-05,0.0004132390855822781,2.657461691870106,0.0004836001045776891,-0.0021640768090583815
2.8045609121824366,PASSED,-0.2659900680845334,-9.19330129046521e-05,0.00040931869605318984,2.6574621743964393,0.0004814483513010623,-0.0021435375883390815
2.8055611122224446,PASSED,-0.2659901598144637,-9.152604464875592e-05,0.000405401295791532,2.6574626547812845,0.00047931713142044293,-0.0021230080754728333
2.8065613122624526,PASSED,-0.26599025113938174,-9.11229896744149e-05,0.0004014907600406692,2.6574631330451455,0.0004772063970698202,-0.002102551867389332
2.8075615123024606,PASSED,-0.26599034206319644,-9.072383992801786e-05,0.0003975890706346205,2.657463609208493,0.0004751161077549717,-0.00208211427982131
2.8085617123424687,PASSED,-0.265990432589807,-9.032858402620715e-05,0.0003937004559281373,2.657464083291748,0.0004730462244179173,-0.0020617293752097305
2.8095619123824767,PASSED,-0.2659905227231003,-8.993720832776985e-05,0.00038982586011007214,2.6574645553152636,0.0004709966531207798,-0.002041465911756082
2.8105621124224847,PASSED,-0.26599061246694766,-8.954969598445521e-05,0.0003859699987843371,2.6574650252993144,0.00046896730729535565,-0.0020212657678694884
2.8115623124624927,PASSED,-0.26599070182520257,-8.916602748376908e-05,0.00038213416862067744,2.657465493264079,0.00046695810149280045,-0.002001165825679042
2.8125625125025007,PASSED,-0.2659907908016973,-8.878618052012229e-05,0.0003783221603308612,2.65746595922963,0.00046496890975911105,-0.00198120900569628
2.8135627125425087,PASSED,-0.26599087940024074,-8.84101302180488e-05,0.0003745357299019069,2.657466423215905,0.00046299958091372556,-0.0019614087385116242
2.8145629125825167,PASSED,-0.26599096762461544,-8.803784893379354e-05,0.00037077832049082246,2.6574668852427226,0.00046105000995286,-0.0019416791091015064
2.8155631126225247,PASSED,-0.26599105547857493,-8.766930619756951e-05,0.0003670523467128509,2.657467345329734,0.00045912001978815027,-0.001922197535115235
2.8165633126625327,PASSED,-0.2659911429658414,-8.730446972038123e-05,0.0003633592308385678,2.6574678034964325,0.00045720941561563585,-0.001902875264113862
2.8175635127025407,PASSED,-0.26599123009010295,-8.69433039828141e-05,0.00035970340871952487,2.657468259762131,0.0004553180491226692,-0.0018836939788685328
2.8185637127425487,PASSED,-0.2659913168550112,-8.658577089649775e-05,0.00035608620471424456,2.6574687141459545,0.00045344571655978554,-0.0018647582855604665
2.8195639127825567,PASSED,-0.2659914032641788,-8.62318309570167e-05,0.0003525090959922253,2.657469166666822,0.00045159218355242224,-0.001846049488565245
2.8205641128225647,PASSED,-0.26599148932117717,-8.588144147012459e-05,0.00034897641415872346,2.6574696173434345,0.0004497572448104698,-0.0018275315775439474
2.8215643128625727,PASSED,-0.26599157502953413,-8.553455759298624e-05,0.00034548885245809486,2.6574700661942656,0.0004479406723105217,-0.0018092664482176357
2.8225645129025807,PASSED,-0.26599166039273175,-8.519113252028116e-05,0.00034204921953640005,2.6574705132375525,0.00044614221023430106,-0.0017912591615559627
2.8235647129425887,PASSED,-0.26599174541420423,-8.485111744894118e-05,0.00033865897254238515,2.6574709584912783,0.00044436160221790954,-0.0017735072529486357
2.8245649129825967,PASSED,-0.26599183009733546,-8.45144608154301e-05,0.00033532174082351936,2.6574714019731642,0.0004425985850757224,-0.0017560237350128392
2.8255651130226047,PASSED,-0.26599191444545756,-8.418110991596226e-05,0.0003320370052306899,2.6574718437006624,0.0004408528847543044,-0.0017388180456880517
2.8265653130626127,PASSED,-0.2659919984618484,-8.385100992489711e-05,0.0003288086482881347,2.657472283690935,0.00043912419847160774,-0.0017219317740357837
2.8275655131026207,PASSED,-0.26599208214973,-8.352410343863141e-05,0.0003256383782507528,2.6574727219608554,0.0004374122362703662,-0.0017053158193787014
2.8285657131426287,PASSED,-0.2659921655122667,-8.320033211225212e-05,0.00032252662513165435,2.6574731585269964,0.0004357167033000483,-0.00168901107094402
2.8295659131826367,PASSED,-0.2659922485525635,-8.287963598963469e-05,0.000319475787607945,2.657473593405618,0.0004340372678269031,-0.0016730517412792548
2.8305661132226447,PASSED,-0.26599233127366395,-8.256195265012342e-05,0.00031648837411348224,2.657474026612658,0.0004323736040546172,-0.0016574051262902702
2.8315663132626527,PASSED,-0.2659924136785494,-8.22472187672357e-05,0.000313564222070551,2.657474458163728,0.0004307253939209202,-0.0016420801386348347
2.8325665133026607,PASSED,-0.26599249577013695,-8.193537009978449e-05,0.00031070496437166155,2.657474888074106,0.0004290922936225334,-0.0016271137382214695
2.8335667133426687,PASSED,-0.2659925775512778,-8.162633953361823e-05,0.0003079143006959857,2.657475316358722,0.0004274739442797717,-0.0016125064124551498
2.8345669133826767,PASSED,-0.2659926590247567,-8.132005984263637e-05,0.0003051899511724473,2.6574757430321645,0.0004258700112864076,-0.0015982173806367993
2.8355671134226847,PASSED,-0.2659927401932903,-8.101646293222825e-05,0.000302534883231899,2.6574761681086505,0.00042428011651098963,-0.001584346371938653
2.8365673134626928,PASSED,-0.2659928210595256,-8.071547804046447e-05,0.0002999515641183483,2.65747659160205,0.00042270390408422276,-0.0015707897966523961
2.8375675135027008,PASSED,-0.2659929016260397,-8.041703485692738e-05,0.0002974375964829307,2.6574770135258534,0.0004211410067966335,-0.0015576356148804958
2.8385677135427088,PASSED,-0.26599298189533827,-8.012106186009258e-05,0.0002949965970693709,2.65747743389319,0.0004195910444355089,-0.0015448468586206705
2.8395679135827168,PASSED,-0.2659930618698547,-7.982748571328137e-05,0.0002926291799724336,2.657477852716792,0.00041805362274249314,-0.001532471582612453
2.8405681136227248,PASSED,-0.2659931415519496,-7.95362334681991e-05,0.00029033428848881926,2.65747827000903,0.0004165283831649047,-0.0015204182409056868
2.8415683136627328,PASSED,-0.2659932209439096,-7.92472313166133e-05,0.00028811406031710847,2.6574786857818755,0.0004150149282460326,-0.0015088127041829778
2.8425685137027408,PASSED,-0.2659933000479472,-7.896040413592614e-05,0.0002859692609338656,2.6574791000469165,0.00041351285197053594,-0.001497585323039197
2.8435687137427488,PASSED,-0.26599337886619995,-7.867567696883871e-05,0.00028389910452313884,2.6574795128153443,0.0004120217787355828,-0.0014867318428958202
2.844568913782757,PASSED,-0.26599345740073,-7.839297429077289e-05,0.00028190506042760676,2.6574799240979603,0.00041054131251712524,-0.00147628913549869
2.8455691138227643,PASSED,-0.26599353565352407,-7.811222046608026e-05,0.00027998633420263423,2.6574803339051667,0.00040907104342774187,-0.001466255725306489
2.8465693138627723,PASSED,-0.2659936136264925,-7.78333388819297e-05,0.0002781450841158463,2.6574807422469697,0.0004076105824289889,-0.0014565978477172564
2.8475695139027803,PASSED,-0.26599369132146977,-7.755625359917812e-05,0.0002763787485087422,2.657481149132975,0.0004061595324885082,-0.0014473513356563104
2.8485697139427884,PASSED,-0.2659937687402139,-7.728088835318354e-05,0.00027468957765177683,2.657481554572386,0.0004047174794824674,-0.0014385207862971042
2.8495699139827964,PASSED,-0.26599384588440667,-7.700716652748924e-05,0.0002730766577226701,2.657481958574015,0.000403284041494719,-0.0014300494553825174
2.8505701140228044,PASSED,-0.2659939227556537,-7.673501236025043e-05,0.0002715391735829085,2.6574823611462675,0.0004018588153279105,-0.0014220106410925241
2.8515703140628124,PASSED,-0.26599399935548446,-7.646434970597175e-05,0.000270078308075863,2.657482762297154,0.00040044139158899276,-0.0014143658041345323
2.8525705141028204,PASSED,-0.2659940756853527,-7.619510286914757e-05,0.00026869252265641626,2.657483162034285,0.0003990313819188773,-0.0014071055807693977
2.8535707141428284,PASSED,-0.2659941517466364,-7.592719597778327e-05,0.0002673831371695379,2.6574835603648763,0.0003976283941004555,-0.0014002426435234087
2.8545709141828364,PASSED,-0.26599422754063856,-7.56605549212195e-05,0.0002661463361599486,2.6574839572957565,0.00039623203846465767,-0.0013937642973141165
2.8555711142228444,PASSED,-0.2659943030685875,-7.539510498700629e-05,0.0002649856662487065,2.6574843528333534,0.0003948419126003823,-0.0013877002422494897
2.8565713142628524,PASSED,-0.2659943783316376,-7.513077207879846e-05,0.00026389773618057643,2.657484746983714,0.0003934576383608343,-0.001381990237747063
2.8575715143028604,PASSED,-0.26599445333086946,-7.48674834349933e-05,0.0002628825822215554,2.657485139752498,0.00039207883926977675,-0.001376671659931266
2.8585717143428684,PASSED,-0.26599452806729124,-7.46051667713634e-05,0.00026193938456879856,2.657485531144981,0.0003907051191139807,-0.001371752486372578
2.8595719143828764,PASSED,-0.26599460254183915,-7.434375036672976e-05,0.0002610677513435207,2.657485921166069,0.0003893361177039259,-0.0013671673591762216
2.8605721144228844,PASSED,-0.2659946767553781,-7.408316323077472e-05,0.0002602667256960649,2.6574863098202917,0.00038797146736669925,-0.0013629723225937137
2.8615723144628924,PASSED,-0.2659947507087031,-7.382333647681438e-05,0.00025953343946988436,2.6574866971118074,0.00038661078220839985,-0.0013591603821032751
2.8625725145029004,PASSED,-0.2659948244025398,-7.35642009908928e-05,0.000258870183556048,2.6574870830444226,0.0003852537287977251,-0.0013556487630557105
2.8635727145429084,PASSED,-0.26599489783754604,-7.33056890520146e-05,0.00025827310909295694,2.6574874676215763,0.0003838999423385474,-0.0013525449232589836
2.8645729145829164,PASSED,-0.2659949710143126,-7.304773494451323e-05,0.00025774143977368163,2.657487850846362,0.00038254906063712286,-0.0013497728868683415
2.8655731146229244,PASSED,-0.26599504393336454,-7.279027324793808e-05,0.0002572752011094466,2.6574882327215357,0.00038120077797358144,-0.0013472891813234202
2.8665733146629324,PASSED,-0.2659951165951626,-7.25332402244709e-05,0.0002568715717056854,2.657488613249506,0.00037985473619367953,-0.0013452101789543124
2.8675735147029404,PASSED,-0.2659951890001044,-7.227657331541363e-05,0.0002565304672916616,2.657488992432353,0.00037851059349053924,-0.0013434310525976103
2.8685737147429484,PASSED,-0.26599526114852584,-7.202021183860393e-05,0.00025624881648839544,2.657489370271839,0.0003771680684719827,-0.0013419209958625247
2.8695739147829564,PASSED,-0.26599533304070255,-7.176409599300712e-05,0.0002560271983357273,2.6574897467694045,0.000375826829275122,-0.0013407846641929216
2.8705741148229644,PASSED,-0.2659954046768515,-7.150816794260654e-05,0.00025586195177713825,2.657490121926186,0.00037448655898670257,-0.001339927371237001
2.8715743148629724,PASSED,-0.26599547605713253,-7.125237170191026e-05,0.00025575243330904017,2.657490495743021,0.0003731469883543149,-0.001339332806488184
2.8725745149029804,PASSED,-0.26599554718164975,-7.099665166815657e-05,0.0002556984340501302,2.657490868220455,0.0003718078222280345,-0.001339055006141891
2.8735747149429884,PASSED,-0.2659956180504536,-7.074095532321454e-05,0.0002556949522032798,2.6574912393587513,0.0003704687693075834,-0.0013390515299905176
2.8745749149829964,PASSED,-0.2659956886635421,-7.048523158005925e-05,0.00025574293712331584,2.6574916091578964,0.00036912957019100264,-0.0013392975076408852
2.8755751150230044,PASSED,-0.26599575902086303,-7.022943020934803e-05,0.00025584032643651027,2.6574919776176236,0.00036778998345394235,-0.0013397795566732463
2.8765753150630125,PASSED,-0.2659958291223154,-6.997350385773245e-05,0.0002559837017349316,2.6574923447373946,0.0003664497231307575,-0.0013405808341925378
2.8775755151030205,PASSED,-0.2659958989677515,-6.971740694770559e-05,0.0002561723822214731,2.6574927105164416,0.0003651085677330512,-0.001341538440048788
2.8785757151430285,PASSED,-0.2659959685569786,-6.946109486678608e-05,0.0002564052133848833,2.6574930749537553,0.0003637663060196444,-0.0013427438956455184
2.8795759151830365,PASSED,-0.2659960378897609,-6.920452569198336e-05,0.00025667848241461177,2.657493438048096,0.0003624226784370001,-0.0013442167073103148
2.8805761152230445,PASSED,-0.2659961069658216,-6.894765974068628e-05,0.0002569909305520552,2.6574937997980195,0.00036107749675916756,-0.001345824991514019
2.8815763152630525,PASSED,-0.2659961757848447,-6.869045828102911e-05,0.00025734181239390173,2.657494160201866,0.0003597305720564684,-0.0013476578434892439
2.8825765153030605,PASSED,-0.26599624434647706,-6.843288543171253e-05,0.0002577268739317214,2.657494519257788,0.0003583816906761068,-0.0013496970716098363
2.8835767153430685,PASSED,-0.26599631265033036,-6.81749070782833e-05,0.00025814600642756416,2.657494876963752,0.0003570306851611033,-0.0013518778105992618
2.8845769153830765,PASSED,-0.2659963806959833,-6.791649112053815e-05,0.00025859592529020603,2.65749523331755,0.0003556773933744985,-0.0013542344372751089
2.8855771154230845,PASSED,-0.2659964484829833,-6.765760730981468e-05,0.0002590757343456311,2.657495588316811,0.00035432164580007335,-0.0013567563325251374
2.8865773154630925,PASSED,-0.26599651601084906,-6.73982279842591e-05,0.000259581719695534,2.6574959419590183,0.0003529633090280184,-0.0013593903984082535
2.8875775155031005,PASSED,-0.2659965832790722,-6.713832730448303e-05,0.00026011331982974897,2.657496294241502,0.00035160223379303464,-0.00136219845936737
2.8885777155431085,PASSED,-0.2659966502871197,-6.687788136150184e-05,0.0002606676917488257,2.6574966451614785,0.000350238308645709,-0.0013650762726311336
2.8895779155831165,PASSED,-0.2659967170344357,-6.661686867959508e-05,0.00026124267534538944,2.65749699471603,0.00034887141522897273,-0.0013681048461396663
2.8905781156231245,PASSED,-0.2659967835204439,-6.635526949999564e-05,0.0002618368491021405,2.657497342902142,0.0003475014455783718,-0.0013712128535751723
2.8915783156631325,PASSED,-0.26599684974454946,-6.609306655728211e-05,0.000262447005121123,2.657497689716698,0.0003461283203158691,-0.001374400201787678
2.8925785157031405,PASSED,-0.2659969157061412,-6.583024489827696e-05,0.00026307142826116305,2.6574980351564963,0.0003447519491613377,-0.0013776851230271874
2.8935787157431485,PASSED,-0.26599698140459366,-6.556679075533713e-05,0.00026370928605894806,2.657498379218262,0.00034337226493936666,-0.0013810169546002516
2.8945789157831565,PASSED,-0.2659970468392694,-6.530269326227196e-05,0.00026435629773597914,2.6574987218986545,0.0003419892146111534,-0.0013844059106219162
2.8955791158231645,PASSED,-0.2659971120095208,-6.503794378062411e-05,0.0002650116042557845,2.6574990631942867,0.0003406027525645523,-0.0013878328039205819
2.8965793158631725,PASSED,-0.2659971769146925,-6.477253521125443e-05,0.0002656732127789441,2.6574994031017223,0.0003392128316714604,-0.0013913129525393829
2.8975795159031805,PASSED,-0.26599724155412324,-6.450646265900424e-05,0.00026633877856437434,2.657499741617496,0.00033781942937663846,-0.0013947951896769836
2.8985797159431885,PASSED,-0.265997305927148,-6.4239723538511e-05,0.00026700601511249917,2.657500078738129,0.00033642254924432175,-0.001398270094076531
2.8995799159831965,PASSED,-0.2659973700331,-6.397231715936178e-05,0.0002676732885070441,2.657500414460128,0.00033502216911078037,-0.0014017868265178868
2.9005801160232045,PASSED,-0.2659974338713128,-6.370424475094291e-05,0.00026833848836008893,2.6575007487800053,0.0003336182974879605,-0.0014052614870212054
2.9015803160632125,PASSED,-0.26599749744112244,-6.343550992049472e-05,0.0002689990585069298,2.6575010816942766,0.00033221095621415337,-0.0014087277983311306
2.9025805161032205,PASSED,-0.26599756074186925,-6.31661180259539e-05,0.00026965378523005883,2.6575014131994927,0.00033080017743223494,-0.0014121461043100044
2.9035807161432285,PASSED,-0.2659976237728999,-6.289607599024981e-05,0.00027030086935348266,2.6575017432922303,0.00032938599355016295,-0.0014155424005799517
2.9045809161832365,PASSED,-0.2659976865335693,-6.262539317833275e-05,0.00027093744029276173,2.65750207196911,0.0003279684493558052,-0.0014188787235429458
2.9055811162232446,PASSED,-0.26599774902324264,-6.235408145141215e-05,0.0002715612513391781,2.657502399226807,0.0003265476146510812,-0.0014221386921781313
2.9065813162632526,PASSED,-0.265997811241297,-6.208215280180859e-05,0.0002721735817798174,2.657502725062059,0.0003251235472605814,-0.0014253531893808331
2.9075815163032606,PASSED,-0.2659978731871236,-6.180962227857413e-05,0.00027276848420424614,2.657503049471678,0.00032369632833099813,-0.0014284627563848251
2.9085817163432686,PASSED,-0.26599793486012924,-6.153650743975157e-05,0.00027334574190144206,2.657503372452559,0.0003222660536583556,-0.0014314826168142119
2.9095819163832766,PASSED,-0.2659979962597383,-6.126282559084444e-05,0.00027390592024426953,2.657503694001685,0.0003208328021128197,-0.0014344308313504297
2.9105821164232846,PASSED,-0.26599805738539456,-6.0988597097698446e-05,0.00027444354174713747,2.657504014116142,0.0003193966870577881,-0.0014372378708189804
2.9115823164632926,PASSED,-0.2659981182365626,-6.07138445610896e-05,0.0002749585331833059,2.6575043327931254,0.0003179578326137156,-0.0014399321595749144
2.9125825165033006,PASSED,-0.2659981788127297,-6.043859053265461e-05,0.00027545102526944546,2.6575046500299533,0.0003165163523168698,-0.0014425123883597855
2.9135827165433086,PASSED,-0.26599823911340736,-6.0162860208941456e-05,0.00027591652267562047,2.6575049658240637,0.0003150723703574391,-0.0014449616734779295
2.9145829165833166,PASSED,-0.26599829913813294,-5.9886680788147314e-05,0.000276354686206482,2.6575052801730354,0.0003136260405607354,-0.0014472418788542658
2.9155831166233246,PASSED,-0.2659983588864713,-5.961007995540326e-05,0.0002767649304357658,2.65750559307459,0.0003121775091847448,-0.0014493910407481249
2.9165833166633326,PASSED,-0.26599841835801563,-5.933308675828738e-05,0.000277145374902627,2.6575059045265954,0.00031072691378480194,-0.0014513983060726228
2.9175835167033406,PASSED,-0.2659984775523901,-5.90557332194334e-05,0.0002774923148215523,2.6575062145270807,0.00030927442801495156,-0.0014532107457022488
2.9185837167433486,PASSED,-0.26599853646925004,-5.8778051507942184e-05,0.00027780797593766714,2.6575065230742445,0.0003078202350231223,-0.0014548478225805093
2.9195839167833566,PASSED,-0.2659985951082837,-5.850007388043486e-05,0.0002780907285537671,2.657506830166454,0.00030636449006485913,-0.001456343048718293
2.9205841168233646,PASSED,-0.265998653469214,-5.82218366911289e-05,0.00027833482980741417,2.657507135802256,0.0003049073766273244,-0.0014576270300788988
2.9215843168633726,PASSED,-0.26599871155179877,-5.794337593841527e-05,0.0002785447013177764,2.6575074399803826,0.0003034490990976224,-0.0014587111961174453
2.9225845169033806,PASSED,-0.26599876935583294,-5.76647277787621e-05,0.00027871713187676417,2.657507742699759,0.0003019898406944851,-0.0014596232078171617
2.9235847169433886,PASSED,-0.2659988268811489,-5.73859312450024e-05,0.0002788494683483229,2.6575080439595054,0.00030052979618335623,-0.0014603253800034416
2.9245849169833966,PASSED,-0.2659988841276179,-5.71070258904276e-05,0.00027894261205912334,2.6575083437589524,0.0002990691931124571,-0.0014607881981630081
2.9255851170234046,PASSED,-0.265998941095151,-5.682805119479456e-05,0.00027899608468232273,2.6575086420976306,0.00029760822470019523,-0.0014610885549944492
2.9265853170634126,PASSED,-0.26599899778369995,-5.654904892637966e-05,0.0002790063909032706,2.6575089389752873,0.00029614710113942726,-0.0014611468979503397
2.9275855171034206,PASSED,-0.2659990541932581,-5.6270061058531856e-05,0.0002789755191441647,2.6575092343918865,0.00029468606124707973,-0.0014609685552789582
2.9285857171434286,PASSED,-0.26599911032386125,-5.599113011240807e-05,0.0002789012307768645,2.657509528347616,0.0002932253193252098,-0.0014605908329305111
2.9295859171834366,PASSED,-0.26599916617558833,-5.571229979220769e-05,0.0002787830464827202,2.6575098208428933,0.00029176510573855526,-0.0014599620891373184
2.9305861172234446,PASSED,-0.26599922174856205,-5.543361434318424e-05,0.00027862038405060673,2.6575101118783535,0.00029030564356458615,-0.001459128897190305
2.9315863172634526,PASSED,-0.2659992770429499,-5.515511868828112e-05,0.0002784125021381131,2.6575104014548763,0.0002888471755091699,-0.0014580274942335536
2.9325865173034606,PASSED,-0.26599933205896403,-5.4876857836967864e-05,0.0002781597507633652,2.6575106895735763,0.0002873899509470034,-0.0014566892741218853
2.9335867173434687,PASSED,-0.26599938679686264,-5.4598877991535196e-05,0.0002778599085455317,2.657510976235802,0.00028593418487688426,-0.001455150600784015
2.9345869173834767,PASSED,-0.2659994412569497,-5.432122526086061e-05,0.0002775146120939626,2.657511261443145,0.0002844801275102292,-0.0014533285439023841
2.9355871174234847,PASSED,-0.26599949543957563,-5.404394621801311e-05,0.0002771219966831798,2.657511545197439,0.00028302803793279146,-0.0014512635997945935
2.9365873174634927,PASSED,-0.26599954934513775,-5.3767087958254594e-05,0.0002766824351420716,2.6575118275007665,0.0002815781476355792,-0.001448974762157364
2.9375875175035007,PASSED,-0.2659996029740803,-5.349069749311663e-05,0.00027619581846855055,2.657512108355454,0.0002801307038097379,-0.0014464232016306274
2.9385877175435087,PASSED,-0.26599965632689493,-5.321482222757373e-05,0.00027566156359248156,2.6575123877640747,0.0002786859623129635,-0.0014436203602035452
2.9395879175835167,PASSED,-0.26599970940412043,-5.2939509568062234e-05,0.00027508005679084614,2.657512665729449,0.0002772441637399499,-0.001440584048220423
2.9405881176235247,PASSED,-0.26599976220634325,-5.266480710751283e-05,0.00027445072972176704,2.657512942254654,0.00027580556695299844,-0.0014372719461055435
2.9415883176635327,PASSED,-0.26599981473419737,-5.2390762377689886e-05,0.0002737740632237252,2.6575132173430025,0.0002743704086427187,-0.0014337492197291528
2.9425885177035407,PASSED,-0.2659998669883641,-5.211742264469803e-05,0.00027305017950394214,2.657513490998064,0.00027293893658370027,-0.00142995395187797
2.9435887177435487,PASSED,-0.2659999189695723,-5.1844835470350454e-05,0.00027227850424334075,2.6575137632236565,0.0002715114160407572,-0.001425898270319802
2.9445889177835567,PASSED,-0.2659999706785979,-5.157304796438343e-05,0.00027146017378281264,2.657514034023846,0.0002700880855225693,-0.0014216186834332294
2.9455891178235647,PASSED,-0.26600002211626395,-5.13021069059853e-05,0.0002705949814750038,2.657514303402938,0.00026866917351506866,-0.001417107556878822
2.9465893178635727,PASSED,-0.26600007328344016,-5.103205876903705e-05,0.00026968357393040917,2.657514571365485,0.0002672549395212415,-0.0014123182851260637
2.9475895179035807,PASSED,-0.2660001241810429,-5.07629501994377e-05,0.0002687252333786532,2.657514837916293,0.0002658456437830559,-0.0014072807068919663
2.9485897179435887,PASSED,-0.26600017481003424,-5.049482687164835e-05,0.00026772205739649107,2.657515103060396,0.00026444149229833586,-0.0014020653366053962
2.9495899179835967,PASSED,-0.2660002251714222,-5.022773401781501e-05,0.0002666733847912461,2.657515366803075,0.0002630427358709018,-0.00139655048798648
2.9505901180236047,PASSED,-0.26600027526625963,-4.99617166423096e-05,0.0002655800359815142,2.65751562914984,0.0002616496197655684,-0.001390826516898162
2.9515903180636127,PASSED,-0.26600032509564414,-4.9696819150831896e-05,0.00026444246180850446,2.6575158901064433,0.0002602623666102474,-0.001384870914269534
2.9525905181036207,PASSED,-0.2660003746607174,-4.94330853088507e-05,0.0002632614287629907,2.657516149678859,0.00025888119875122173,-0.001378699155529673
2.9535907181436287,PASSED,-0.26600042396266427,-4.917055766793956e-05,0.00026203844900990963,2.6575164078732922,0.00025750635184113095,-0.0013722787464648977
2.9545909181836367,PASSED,-0.26600047300271235,-4.890927888881007e-05,0.00026077233254254514,2.657516664696176,0.000256138054458482,-0.0013656431401049866
2.9555911182236447,PASSED,-0.2660005217821311,-4.8649290810432174e-05,0.00025946524226813753,2.6575169201541553,0.0002547765055668692,-0.0013588193926179755
2.9565913182636527,PASSED,-0.26600057030223123,-4.839063341985136e-05,0.00025811882278925735,2.6575171742540955,0.00025342192577278475,-0.0013517533950620614
2.9575915183036607,PASSED,-0.26600061856436363,-4.8133346954194204e-05,0.0002567315609024338,2.6575174270030715,0.0002520745356449225,-0.0013444812830624908
2.9585917183436687,PASSED,-0.2660006665699186,-4.7877470697076716e-05,0.0002553060545941837,2.65751767840836,0.00025073451719101654,-0.001337043234468215
2.9595919183836767,PASSED,-0.26600071432032496,-4.7623042215605795e-05,0.0002538434327220748,2.65751792847745,0.0002494020860466901,-0.0013293564175652446
2.9605921184236847,PASSED,-0.2660007618170491,-4.737009873243063e-05,0.0002523435168105539,2.657518177218012,0.0002480774312645159,-0.001321520358580125
2.9615923184636928,PASSED,-0.26600080906159396,-4.7118676246291005e-05,0.00025080846569234454,2.6575184246379258,0.00024676074430209663,-0.0013134646983119181
2.9625925185037008,PASSED,-0.26600085605549795,-4.686880986917106e-05,0.00024923831807167174,2.657518670745243,0.00024545220687190183,-0.001305252584783386
2.9635927185437088,PASSED,-0.2660009028003336,-4.662053289961582e-05,0.00024763607054428555,2.657518915548201,0.00024415198876099047,-0.001296861794996729
2.9645929185837168,PASSED,-0.2660009492977072,-4.6373878809504136e-05,0.00024599943648994206,2.657519159055208,0.00024286026823178952,-0.0012882930186704543
2.9655931186237248,PASSED,-0.26600099554925677,-4.6128878902841066e-05,0.00024433355344514714,2.657519401274846,0.00024157721711294064,-0.0012795565189678423
2.9665933186637328,PASSED,-0.2660010415566516,-4.588556312886385e-05,0.00024263725433192501,2.657519642215856,0.00024030298408561044,-0.0012706840329051248
2.9675935187037408,PASSED,-0.26600108732159056,-4.564396108704399e-05,0.00024091190014514469,2.6575198818871346,0.00023903772085742325,-0.0012616493583751953
2.9685937187437488,PASSED,-0.266001132845801,-4.540410060709281e-05,0.00023915953315521235,2.657520120297728,0.0002377815837190906,-0.0012524623249709577
2.969593918783757,PASSED,-0.26600117813103763,-4.5166008102050715e-05,0.00023738115296667697,2.6575203574568227,0.00023653469961144955,-0.0012431652960877668
2.970594118823765,PASSED,-0.26600122317908104,-4.492970901232388e-05,0.00023557771423361032,2.657520593373747,0.00023529720992540777,-0.001233705946011147
2.971594318863773,PASSED,-0.2660012679917364,-4.4695227277815205e-05,0.00023375108135871597,2.657520828057953,0.00023406924227679395,-0.0012241421170156265
2.972594518903781,PASSED,-0.26600131257083215,-4.4462585266490324e-05,0.0002319026313023215,2.657521061519016,0.0002328509015873533,-0.0012144730710573132
2.973594718943789,PASSED,-0.26600135691821886,-4.423180473369674e-05,0.0002300324671210889,2.6575212937666284,0.00023164231219287182,-0.001204666943430952
2.974594918983797,PASSED,-0.26600140103576725,-4.4002905101795104e-05,0.0002281444084219887,2.657521524810587,0.000230443578337602,-0.0011947784631623928
2.975595119023805,PASSED,-0.26600144492536754,-4.377590466634128e-05,0.0002262377868083762,2.657521754660788,0.0002292547804723772,-0.0011848107999330802
2.976595319063813,PASSED,-0.26600148858892764,-4.355082111696135e-05,0.0002243140577609676,2.657521983327227,0.00022807602807709126,-0.0011747134588545427
2.977595519103821,PASSED,-0.2660015320283716,-4.332766959765111e-05,0.00022237649367642796,2.657522210819977,0.00022690739415458724,-0.0011645808982702886
2.978595719143829,PASSED,-0.2660015752456385,-4.310646400876214e-05,0.00022042498569732827,2.6575224371491952,0.00022574894632360493,-0.001154359119457013
2.979595919183837,PASSED,-0.26600161824268065,-4.2887217553656565e-05,0.00021846076804440612,2.6575226623251003,0.00022460075573194839,-0.001144078239789593
2.980596119223845,PASSED,-0.26600166102146267,-4.266994164249938e-05,0.000216486006565696,2.6575228863579867,0.0002234628937165451,-0.0011337178658124313
2.981596319263853,PASSED,-0.2660017035839594,-4.245464539006222e-05,0.00021450308301814084,2.6575231092581957,0.00022233539851553857,-0.0011233467578025769
2.982596519303861,PASSED,-0.2660017459321548,-4.2241337149835764e-05,0.00021251167836533534,2.6575233310361166,0.0002212183061584067,-0.001112922756684735
2.983596719343869,PASSED,-0.2660017880680405,-4.2030024551878586e-05,0.00021051321101841225,2.6575235517021785,0.00022011166970886908,-0.001102445578106202
2.984596919383877,PASSED,-0.2660018299936142,-4.1820712509902976e-05,0.00020851126261373743,2.6575237712668436,0.00021901551145625653,-0.001091966702283476
2.985597119423885,PASSED,-0.2660018717108782,-4.161340444386272e-05,0.00020650593499127231,2.6575239897405982,0.00021792984498099946,-0.0010814663239061039
2.986597319463893,PASSED,-0.266001913221838,-4.1408103568414465e-05,0.000204497502419574,2.657524207133944,0.00021685469027161146,-0.0010709469663759403
2.987597519503901,PASSED,-0.26600195452850106,-4.120481082886693e-05,0.00020248956429950394,2.657524423457395,0.0002157900549108404,-0.0010604276237011294
2.988597719543909,PASSED,-0.26600199563287463,-4.100352501952109e-05,0.00020048330604339698,2.657524638721463,0.00021473592785506486,-0.0010499266771585064
2.989597919583917,PASSED,-0.26600203653696525,-4.080424513018665e-05,0.00019847761152847257,2.657524852936656,0.00021369230494800996,-0.001039420393652489
2.990598119623925,PASSED,-0.2660020772427765,-4.060696745821326e-05,0.00019647771226998648,2.6575250661134686,0.00021265917200044782,-0.001028941316835222
2.991598319663933,PASSED,-0.26600211775230825,-4.0411686917617775e-05,0.00019448242614581728,2.6575252782623684,0.00021163648955156277,-0.0010185098702516172
2.992598519703941,PASSED,-0.26600215806755473,-4.0218398162237786e-05,0.00019249297486943724,2.6575254893938047,0.00021062424277211856,-0.001008071385572575
2.993598719743949,PASSED,-0.2660021981905033,-4.002709303622896e-05,0.0001905132267684282,2.657525699518183,0.00020962238943597546,-0.0009977079698567893
2.994598919783957,PASSED,-0.2660022381231331,-3.9837762545610164e-05,0.00018854199985237138,2.6575259086458676,0.0002086308665025546,-0.0009873995757969283
2.995599119823965,PASSED,-0.2660022778674138,-3.965039699296577e-05,0.000186581254505729,2.657526116787174,0.00020764963825854803,-0.0009771140228130172
2.996599319863973,PASSED,-0.266002317425304,-3.946498421960314e-05,0.00018463378593390546,2.6575263239523594,0.0002066786421085609,-0.0009669175681031994
2.997599519903981,PASSED,-0.26600235679875006,-3.928151127496769e-05,0.00018269905043649104,2.657526530151618,0.00020571779918105693,-0.0009567931671044615
2.998599719943989,PASSED,-0.2660023959896848,-3.909996447647883e-05,0.00018077863052377713,2.6575267353950704,0.00020476704270806315,-0.0009467320102533004
2.999599919983997,PASSED,-0.26600243500002607,-3.892032783450317e-05,0.00017887531627691882,2.6575269396927585,0.00020382628990634082,-0.0009367666627016875
3.000600120024005,PASSED,-0.2660024738316757,-3.8742584564395224e-05,0.0001769885726619742,2.6575271430546454,0.00020289545663129845,-0.0009268776832695106
3.001600320064013,PASSED,-0.2660025124865182,-3.856671725945918e-05,0.00017511979311876094,2.6575273454906005,0.00020197444815215008,-0.0009170956764009344
3.002600520104021,PASSED,-0.26600255096641945,-3.8392706317167014e-05,0.00017327170840776392,2.657527547010392,0.00020106315308758088,-0.0009074279900146986
3.003600720144029,PASSED,-0.26600258927322545,-3.8220531099953245e-05,0.00017144422308443884,2.657527747623689,0.00020016147616320606,-0.0008978428806149151
3.004600920184037,PASSED,-0.26600262740876174,-3.805017105333068e-05,0.00016963726231464195,2.6575279473400526,0.0001992693107382803,-0.0008883804544663566
3.005601120224045,PASSED,-0.2660026653748314,-3.7881603025686066e-05,0.00016785520453128144,2.6575281461689237,0.00019838652094092326,-0.0008790626926174887
3.006601320264053,PASSED,-0.2660027031732147,-3.771480310846694e-05,0.0001660963923443508,2.6575283441196285,0.00019751299646354541,-0.0008698323338847292
3.007601520304061,PASSED,-0.26600274080566766,-3.7549747174525724e-05,0.000164362295005787,2.6575285412013585,0.0001966486047464744,-0.0008607646391952695
3.008601720344069,PASSED,-0.2660027782739211,-3.7386409595301447e-05,0.00016265443536992805,2.6575287374231844,0.00019579321070435009,-0.0008518136440770304
3.009601920384077,PASSED,-0.2660028155796799,-3.722476353135824e-05,0.00016097381632539296,2.657528932794028,0.0001949466739831792,-0.0008430187725667843
3.010602120424085,PASSED,-0.2660028527246215,-3.7064780903575876e-05,0.00015932183542033878,2.657529127322677,0.00019410884942943585,-0.0008343617411943718
3.011602320464093,PASSED,-0.26600288971039554,-3.690643400009233e-05,0.0001576969488590129,2.657529321017771,0.0001932795938822783,-0.0008258514177996769
3.012602520504101,PASSED,-0.2660029265386228,-3.6749693722365695e-05,0.00015610249697172045,2.6575295138877952,0.00019245874571720533,-0.0008175126632551336
3.013602720544109,PASSED,-0.26600296321089417,-3.659452869188823e-05,0.00015454005281462504,2.657529705941086,0.00019164615378918068,-0.0008093114378710137
3.014602920584117,PASSED,-0.2660029997287702,-3.644090888449805e-05,0.00015300631044054238,2.6575298971858103,0.00019084165280147257,-0.000801294020932863
3.015603120624125,PASSED,-0.2660030360937799,-3.628880288378545e-05,0.00015150579422729097,2.6575300876299806,0.00019004507545657126,-0.0007934328942136168
3.016603320664133,PASSED,-0.26600307230742043,-3.6138177344469464e-05,0.00015003870270844413,2.657530277281434,0.0001892562555967231,-0.0007857445036045543
3.017603520704141,PASSED,-0.26600310837115615,-3.598899993231004e-05,0.00014860321846007701,2.6575304661478425,0.0001884750209064032,-0.000778228148130161
3.018603720744149,PASSED,-0.2660031442864183,-3.584123718421585e-05,0.00014720243451692643,2.657530654236696,0.00018770118510169298,-0.0007709075757636287
3.019603920784157,PASSED,-0.2660031800546038,-3.5694853966729986e-05,0.0001458370727984874,2.6575308415553165,0.00018693458480015802,-0.0007637287853825362
3.020604120824165,PASSED,-0.2660032156770754,-3.554981618581114e-05,0.00014450491966576726,2.6575310281108333,0.00018617502475171358,-0.0007567808904857518
3.021604320864173,PASSED,-0.26600325115516066,-3.540608864315342e-05,0.00014320929131902494,2.6575312139102074,0.00018542232855143023,-0.000749973073481718
3.022604520904181,PASSED,-0.26600328649015165,-3.526363519714057e-05,0.00014194954914206563,2.6575313989601987,0.00018467630478461228,-0.0007433908957087634
3.023604720944189,PASSED,-0.26600332168330454,-3.512241987344855e-05,0.00014072584005865254,2.657531583267388,0.00018393675906582657,-0.00073698226750368
3.024604920984197,PASSED,-0.26600335673583925,-3.498240621223913e-05,0.00013953887530992998,2.657531766838165,0.00018320351757734155,-0.0007307476358059458
3.025605121024205,PASSED,-0.26600339164893894,-3.484355744921934e-05,0.0001383886881596966,2.6575319496787233,0.00018247636867202682,-0.0007247497516539476
3.026605321064213,PASSED,-0.2660034264237498,-3.470583619323911e-05,0.0001372763011939124,2.657532131795068,0.00018175512290879962,-0.0007189097709426866
3.027605521104221,PASSED,-0.26600346106138084,-3.4569205437695224e-05,0.00013620039177719402,2.657532313193007,0.00018103959867647455,-0.0007132672065799819
3.028605721144229,PASSED,-0.26600349556290365,-3.443362750666832e-05,0.00013516295719337757,2.6575324938781457,0.00018032957138065464,-0.0007078673553131814
3.029605921184237,PASSED,-0.26600352992935206,-3.429906445219675e-05,0.00013416311932370347,2.65753267385591,0.00017962487475571293,-0.0007025828046940551
3.030606121224245,PASSED,-0.26600356416172233,-3.416547885594084e-05,0.000133200580877383,2.6575328531315097,0.0001789252970856884,-0.0006975742469115024
3.031606321264253,PASSED,-0.2660035982609729,-3.403283286145286e-05,0.0001322762702283684,2.6575330317099617,0.00017823061744479089,-0.0006927499035548436
3.032606521304261,PASSED,-0.2660036322280241,-3.3901087891607633e-05,0.0001313907695897988,2.6575332095960897,0.00017754067866808645,-0.0006880646921374691
3.033606721344269,PASSED,-0.26600366606375847,-3.3770206701038966e-05,0.00013054147122124423,2.6575333867945146,0.00017685526537623202,-0.0006836456916657031
3.034606921384277,PASSED,-0.2660036997690207,-3.364015170801879e-05,0.00012973067421946102,2.6575335633096646,0.00017617416540617842,-0.0006794028223121846
3.035607121424285,PASSED,-0.26600373334461785,-3.3510884236936516e-05,0.00012895866899081,2.65753373914576,0.00017549719436023517,-0.0006753498616972858
3.036607321464293,PASSED,-0.26600376679131904,-3.338236727739027e-05,0.00012822248658321067,2.657533914306829,0.0001748241537399579,-0.0006715011259972664
3.037607521504301,PASSED,-0.2660038001098562,-3.325456376765433e-05,0.00012752419183775953,2.6575340887967083,0.0001741548525340429,-0.0006678345925268286
3.038607721544309,PASSED,-0.2660038333009236,-3.312743567252086e-05,0.00012686403066393165,2.657534262619029,0.00017348908309710134,-0.0006643926665513904
3.039607921584317,PASSED,-0.2660038663651788,-3.300094659838093e-05,0.00012623910312394137,2.6575344357772384,0.00017282666218292237,-0.0006611064125973308
3.040608121624325,PASSED,-0.26600389930324236,-3.2875060061275614e-05,0.0001256514930929031,2.657534608274588,0.00017216740555171619,-0.0006580234436120846
3.041608321664333,PASSED,-0.26600393211569856,-3.274973930712391e-05,0.000125100261524235,2.657534780114132,0.0001715110957653931,-0.0006551673481303977
3.042608521704341,PASSED,-0.26600396480309524,-3.2624948414143266e-05,0.00012458464728492045,2.6575349512987425,0.00017085756593570545,-0.0006524381507258152
3.043608721744349,PASSED,-0.2660039973659449,-3.250065228553569e-05,0.00012410378282267474,2.6575351218311036,0.00017020664019206847,-0.0006499174722444157
3.044608921784357,PASSED,-0.2660040298047245,-3.237681563758033e-05,0.0001236585580438092,2.657535291713712,0.00016955810470419003,-0.0006476141649678218
3.045609121824365,PASSED,-0.2660040621198763,-3.225340372415792e-05,0.00012324748367481032,2.6575354609488864,0.00016891179740258585,-0.0006454360593617428
3.046609321864373,PASSED,-0.2660040943118082,-3.213038268210093e-05,0.00012287008097845294,2.657535629538761,0.00016826754699536493,-0.0006434599724603804
3.047609521904381,PASSED,-0.2660041263808943,-3.2007718974371054e-05,0.00012252612556415776,2.6575357974852936,0.00016762515370729727,-0.0006416821651391953
3.048609721944389,PASSED,-0.2660041583274754,-3.188537940740953e-05,0.00012221519455975905,2.6575359647902714,0.0001669844631954284,-0.0006400294096886767
3.049609921984397,PASSED,-0.2660041901518598,-3.1763331974463944e-05,0.00012193559186947917,2.657536131455306,0.00016634530753864153,-0.000638573154852341
3.050610122024405,PASSED,-0.2660042218543235,-3.164154479085186e-05,0.00012168824477382823,2.657536297481846,0.00016570750740313418,-0.0006372847892773485
3.051610322064413,PASSED,-0.26600425343511164,-3.151998702009635e-05,0.00012147078807662218,2.657536462871174,0.00016507091316489905,-0.0006361338708736529
3.052610522104421,PASSED,-0.2660042848944383,-3.13986280405029e-05,0.00012128444060468079,2.657536627624407,0.00016443535475817265,-0.0006351747639615717
3.053610722144429,PASSED,-0.2660043162324876,-3.1277438296598246e-05,0.00012112661277130046,2.6575367917425172,0.000163800691563728,-0.0006343221481000704
3.054610922184437,PASSED,-0.26600434744941476,-3.115638939296459e-05,0.00012099709754189763,2.6575369552263113,0.0001631667627773145,-0.0006336665452891005
3.055611122224445,PASSED,-0.26600437854534625,-3.1035452880634866e-05,0.00012089612218826346,2.6575371180764535,0.00016253341375694412,-0.00063313733709122
3.056611322264453,PASSED,-0.266004409520381,-3.09146013682969e-05,0.00012082177243777036,2.6575372802934623,0.0001619005202880575,-0.0006327308900835912
3.057611522304461,PASSED,-0.26600444037459126,-3.079380906048843e-05,0.00012077266472225692,2.6575374418777162,0.0001612679371438762,-0.0006324846469130536
3.058611722344469,PASSED,-0.266004471108023,-3.067304990514867e-05,0.00012075014908477624,2.6575376028294553,0.00016063551769975677,-0.0006323759755903417
3.059611922384477,PASSED,-0.2660045017206974,-3.055229907019525e-05,0.00012075129219917533,2.6575377631487878,0.00016000314502418069,-0.0006323704755666032
3.060612122424485,PASSED,-0.26600453221261106,-3.0431533209078647e-05,0.00012077557372822053,2.657537922835699,0.0001593707020076318,-0.0006324913772037265
3.061612322464493,PASSED,-0.26600456258373734,-3.0310729103081772e-05,0.00012082312750931054,2.6575380818900465,0.00015873804835550226,-0.0006327618354134389
3.062612522504501,PASSED,-0.2660045928340273,-3.0189864856036157e-05,0.00012089166006982038,2.6575382403115793,0.0001581050848965072,-0.0006330978747161836
3.063612722544509,PASSED,-0.2660046229634102,-3.0068919505281948e-05,0.00012098114454379708,2.6575383980999248,0.00015747170288886393,-0.0006335714295946396
3.064612922584517,PASSED,-0.2660046529717953,-2.9947873019015393e-05,0.00012109004741505521,2.657538555254605,0.0001568377784160238,-0.0006341598350037916
3.065613122624525,PASSED,-0.26600468285907164,-2.9826705958376682e-05,0.00012121840278781455,2.657538711775039,0.00015620322444786372,-0.0006348167235975956
3.066613322664533,PASSED,-0.26600471262511,-2.9705400529500152e-05,0.00012136344626900886,2.6575388676605534,0.00015556795726334732,-0.0006355674917955658
3.067613522704541,PASSED,-0.26600474226976356,-2.958393983765819e-05,0.00012152552222393548,2.6575390229103752,0.00015493186540295817,-0.0006364414394515636
3.068613722744549,PASSED,-0.26600477179286874,-2.946230706282415e-05,0.00012170427657410974,2.657539177523651,0.00015429487397684548,-0.0006373580838867703
3.069613922784557,PASSED,-0.2660048011942464,-2.9340487618785404e-05,0.00012189622234850404,2.657539331499441,0.0001536569123153344,-0.0006383640465939893
3.070614122824565,PASSED,-0.2660048304737029,-2.9218467599933387e-05,0.00012210254985435916,2.65753948483673,0.000153017890514785,-0.0006394603031863349
3.071614322864573,PASSED,-0.26600485963103077,-2.9096233274214717e-05,0.00012232217629487688,2.657539637534435,0.00015237775166875023,-0.0006405912079337292
3.0726145229045807,PASSED,-0.26600488866601035,-2.8973773007698753e-05,0.0001225523266633592,2.6575397895914024,0.0001517364322950966,-0.0006418048174668754
3.0736147229445887,PASSED,-0.2660049175784102,-2.8851076073442137e-05,0.00012279333931879127,2.6575399410064193,0.00015109386322281537,-0.000643078575490855
3.0746149229845967,PASSED,-0.2660049463679886,-2.8728132195199174e-05,0.00012304423752574508,2.6575400917782233,0.0001504500090389356,-0.0006443712561390802
3.0756151230246047,PASSED,-0.2660049750344942,-2.860493213365687e-05,0.00012330394422000704,2.6575402419054965,0.00014980481831877097,-0.0006457370295150506
3.0766153230646127,PASSED,-0.26600500357766743,-2.848146884855439e-05,0.00012356951235746564,2.657540391386879,0.00014915823544885817,-0.0006471467635113265
3.0776155231046207,PASSED,-0.26600503199724124,-2.8357734971648093e-05,0.0001238434532721843,2.657540540220971,0.0001485102382144143,-0.0006485642150655411
3.0786157231446287,PASSED,-0.26600506029294235,-2.823372430479381e-05,0.00012412214257567943,2.6575406884063426,0.00014786080267112999,-0.0006500164287635155
3.0796159231846367,PASSED,-0.2660050884644921,-2.8109433046576023e-05,0.00012440400197919366,2.657540835941535,0.00014720988799774926,-0.000651513503125535
3.0806161232246447,PASSED,-0.2660051165116077,-2.79848568708021e-05,0.0001246909583037399,2.6575409828250662,0.0001465574803366356,-0.0006530037664390935
3.0816163232646527,PASSED,-0.2660051444340029,-2.7859992762566868e-05,0.00012497954152289017,2.657541129055439,0.00014590357329266997,-0.0006545092289833254
3.0826165233046607,PASSED,-0.26600517223138953,-2.773483973838588e-05,0.00012526867928638964,2.6575412746311398,0.00014524814310526267,-0.0006560441596899825
3.0836167233446687,PASSED,-0.26600519990347793,-2.760939662923002e-05,0.00012555939573550296,2.6575414195506553,0.0001445911962456111,-0.0006575486596259821
3.0846169233846767,PASSED,-0.2660052274499784,-2.748366370367425e-05,0.00012584861210260695,2.6575415638124693,0.00014393274142188636,-0.0006590589331239423
3.0856171234246847,PASSED,-0.26600525487060206,-2.7357642590529167e-05,0.00012613611384006617,2.6575417074150636,0.00014327276198499144,-0.0006605931060755288
3.0866173234646928,PASSED,-0.26600528216506153,-2.7231334978795652e-05,0.00012642194366248253,2.6575418503569375,0.00014261128722193374,-0.0006620625343791267
3.0876175235047008,PASSED,-0.2660053093330724,-2.7104744517351368e-05,0.00012670280663214706,2.657541992636601,0.00014194834126553897,-0.0006635349044051994
3.0886177235447088,PASSED,-0.266005336374354,-2.6977875383803733e-05,0.00012698001815795946,2.6575421342525836,0.00014128392516090884,-0.000665003571446756
3.0896179235847168,PASSED,-0.2660053632886298,-2.685073204844918e-05,0.00012725221348561732,2.6575422752034377,0.0001406180730054082,-0.000666417878203202
3.0906181236247248,PASSED,-0.26600539007562946,-2.6723321463986403e-05,0.00012751616511421732,2.657542415487745,0.00013995082452273715,-0.0006678022189829512
3.0916183236647328,PASSED,-0.2660054167350887,-2.6595650114971106e-05,0.0001277748049493516,2.657542555104123,0.00013928220897693232,-0.0006691577636860963
3.0926185237047408,PASSED,-0.2660054432667506,-2.6467725016878072e-05,0.00012802529352215052,2.6575426940512292,0.0001386122708333081,-0.0006704583969162767
3.0936187237447488,PASSED,-0.2660054696703666,-2.6339556101484346e-05,0.00012826466330810563,2.6575428323277586,0.00013794104761246842,-0.0006717331034552445
3.094618923784757,PASSED,-0.26600549594569706,-2.621115244919556e-05,0.00012849631160923394,2.657542969932451,0.00013726858655890435,-0.0006729463536366174
3.095619123824765,PASSED,-0.26600552209251244,-2.6082523542615235e-05,0.0001287173032277187,2.6575431068641158,0.0001365949710706192,-0.0006740615780508242
3.096619323864773,PASSED,-0.26600554811059374,-2.5953681651560345e-05,0.0001289249496063373,2.657543243121599,0.00013592022869596105,-0.0006751962390630578
3.097619523904781,PASSED,-0.2660055739997335,-2.5824638390096894e-05,0.000129122136034857,2.6575433787038127,0.00013524441123546107,-0.0006762316081245896
3.098619723944789,PASSED,-0.26600559975973675,-2.569540588162693e-05,0.00012930609009336483,2.6575435136097414,0.00013456763301260852,-0.0006771426326711953
3.099619923984797,PASSED,-0.26600562539042116,-2.5565997838856525e-05,0.0001294760112217644,2.657543647838423,0.00013388992354191278,-0.000678087362712078
3.100620124024805,PASSED,-0.2660056508916186,-2.543642880053304e-05,0.00012963105639130016,2.657543781388985,0.0001332113617692937,-0.0006788780458903882
3.101620324064813,PASSED,-0.2660056762631751,-2.5306713074734464e-05,0.00012977217207008898,2.6575439142606134,0.0001325320449690599,-0.0006796093031293738
3.102620524104821,PASSED,-0.2660057015049519,-2.5176866073622027e-05,0.00012989688714066923,2.6575440464525855,0.0001318520363509341,-0.0006802748281233955
3.103620724144829,PASSED,-0.2660057266168261,-2.5046904418136574e-05,0.00013000483438197532,2.6575441779642586,0.00013117142506203767,-0.0006808355960784492
3.104620924184837,PASSED,-0.26600575159869116,-2.4916844517966128e-05,0.00013009661069609657,2.657544308795072,0.0001304903004084492,-0.0006813173585950913
3.105621124224845,PASSED,-0.2660057764504575,-2.4786703308715495e-05,0.00013017094162032212,2.6575444389445586,0.00012980875212198627,-0.0006817022383747933
3.106621324264853,PASSED,-0.2660058011720532,-2.465649942569041e-05,0.00013022584396158902,2.6575445684123395,0.00012912687068009933,-0.0006820009108950404
3.107621524304861,PASSED,-0.2660058257634245,-2.4526250836469436e-05,0.00013026375272723063,2.657544697198133,0.00012844475579015745,-0.0006821908759731064
3.108621724344869,PASSED,-0.26600585022453616,-2.4395976111355192e-05,0.0001302820400389224,2.6575448253017577,0.00012776251132888973,-0.0006822801847974684
3.109621924384877,PASSED,-0.2660058745553721,-2.4265695346773784e-05,0.0001302799142763984,2.6575449527231285,0.00012708023063732592,-0.0006822810294080149
3.110622124424885,PASSED,-0.266005898755936,-2.4135428108152663e-05,0.00013025878818427011,2.6575450794622633,0.00012639801531550123,-0.0006821715167691635
3.111622324464893,PASSED,-0.2660059228262513,-2.4005194015870374e-05,0.00013021762834763804,2.657545205519282,0.0001257159770686709,-0.0006819494002044286
3.112622524504901,PASSED,-0.26600594676636197,-2.3875014421898416e-05,0.00013015423772149988,2.657545330894422,0.00012503423245200545,-0.0006816080943060944
3.113622724544909,PASSED,-0.26600597057633296,-2.3744910333957042e-05,0.00013007065475462864,2.6575454555880165,0.00012435287205026793,-0.000681195273358472
3.114622924584917,PASSED,-0.26600599425625,-2.3614902350277907e-05,0.00012996620296213443,2.657545579600518,0.00012367201591898636,-0.0006806300365636676
3.115623124624925,PASSED,-0.2660060178062206,-2.3485012618882786e-05,0.00012983875035045122,2.6575457029324876,0.00012299178676691526,-0.0006799618957427061
3.116623324664933,PASSED,-0.2660060412263737,-2.335526316079996e-05,0.00012968992990441324,2.657545825584605,0.00012231228858405416,-0.0006791890409400067
3.117623524704941,PASSED,-0.2660060645168606,-2.32256755875474e-05,0.00012951933548465224,2.657545947557656,0.00012163363161481087,-0.0006783022547787888
3.118623724744949,PASSED,-0.26600608767785444,-2.3096272323946427e-05,0.00012932588234518852,2.6575460688525525,0.00012095594967130497,-0.0006772684026573166
3.119623924784957,PASSED,-0.26600611070955094,-2.296707620132843e-05,0.00012910961613320164,2.6575461894703167,0.00012027935024180194,-0.0006761534474001839
3.120624124824965,PASSED,-0.2660061336121683,-2.2838109695049455e-05,0.0001288710997094854,2.657546309412091,0.00011960394345263343,-0.0006749090170140561
3.121624324864973,PASSED,-0.26600615638594766,-2.2709395434701272e-05,0.0001286097007739768,2.65754642867914,0.00011892986933526855,-0.0006735175175987665
3.122624524904981,PASSED,-0.26600617903115253,-2.2580956208756768e-05,0.00012832557605819302,2.6575465472728435,0.00011825723484695506,-0.0006720458021233077
3.123624724944989,PASSED,-0.26600620154806964,-2.2452815111263206e-05,0.00012801811178380788,2.657546665194701,0.00011758615170164057,-0.0006704413741086218
3.124624924984997,PASSED,-0.2660062239370087,-2.2324995267544545e-05,0.0001276876650085619,2.657546782446336,0.00011691676008065157,-0.0006686917855759213
3.125625125025005,PASSED,-0.2660062461983018,-2.21975188807672e-05,0.00012733553462320154,2.6575468990294877,0.00011624916769866601,-0.0006668594462586614
3.126625325065013,PASSED,-0.2660062683323046,-2.207040947484889e-05,0.00012695865344839,2.6575470149460174,0.00011558348784064099,-0.0006648934658692497
3.127625525105021,PASSED,-0.26600629033939527,-2.194369009175925e-05,0.00012655986951714196,2.657547130197909,0.0001149198630052735,-0.0006627790816996538
3.128625725145029,PASSED,-0.26600631221997484,-2.1817382739960772e-05,0.00012613900665269637,2.6575472447872603,0.00011425839226723322,-0.0006605985089340156
3.129625925185037,PASSED,-0.26600633397446705,-2.1691510497813428e-05,0.0001256943991437785,2.657547358716289,0.0001135991897289227,-0.0006582718912282016
3.130626125225045,PASSED,-0.2660063556033182,-2.1566096140429527e-05,0.00012522766287731743,2.6575474719873324,0.00011294239328097329,-0.0006558128190968759
3.131626325265053,PASSED,-0.26600637710699687,-2.144116125003669e-05,0.00012473970873651648,2.6575475846028476,0.00011228811300320227,-0.0006532585835537714
3.132626525305061,PASSED,-0.26600639848599417,-2.1316728416853352e-05,0.0001242282494812227,2.6575476965654037,0.00011163645315453493,-0.0006505940254097256
3.133626725345069,PASSED,-0.26600641974082295,-2.1192819886477263e-05,0.00012369538430600531,2.6575478078776853,0.00011098753715055411,-0.0006477973230282256
3.134626925385077,PASSED,-0.26600644087201786,-2.1069456504564857e-05,0.0001231420469833385,2.6575479185424986,0.000110341491510095,-0.000644877852079722
3.135627125425085,PASSED,-0.26600646188013527,-2.0946660160768938e-05,0.00012256587500430473,2.657548028562751,0.00010969840245824383,-0.0006418965183654599
3.136627325465093,PASSED,-0.2660064827657525,-2.0824452036936456e-05,0.00012196962305126563,2.657548137941466,0.00010905838622951269,-0.0006387627023082543
3.137627525505101,PASSED,-0.266006503529468,-2.0702852409191615e-05,0.00012135296420722354,2.657548246681784,0.00010842158111048532,-0.000635500063506803
3.138627725545109,PASSED,-0.26600652417190046,-2.058188187986321e-05,0.00012071557274252355,2.6575483547869365,0.00010778805040632156,-0.0006322177979350593
3.139627925585117,PASSED,-0.26600654469368923,-2.046156081718162e-05,0.00012005805597430133,2.6575484622602783,0.0001071579203447052,-0.0006287382374039068
3.140628125625125,PASSED,-0.2660065650954931,-2.0341908265216137e-05,0.00011938221595960537,2.657548569105257,0.00010653131024159871,-0.0006251913469082122
3.141628325665133,PASSED,-0.2660065853779905,-2.0222943776440385e-05,0.00011868600398651799,2.6575486753254243,0.00010590828451518214,-0.0006215819794221467
3.142628525705141,PASSED,-0.26600660554187877,-2.0104686339327866e-05,0.00011797172586318419,2.657548780924435,0.00010528896520190954,-0.0006178108691729143
3.143628725745149,PASSED,-0.26600662558787375,-1.998715362021327e-05,0.00011724004794886658,2.6575488859060354,0.0001046734511701937,-0.0006139828067444728
3.144628925785157,PASSED,-0.26600664551670933,-1.9870363838921012e-05,0.00011648960352118769,2.6575489902740705,0.00010406181641582316,-0.0006100693861212452
3.145629125825165,PASSED,-0.2660066653291372,-1.9754334578131616e-05,0.00011572236563486855,2.657549094032477,0.00010345416916689558,-0.0006060324907984833
3.146629325865173,PASSED,-0.26600668502592567,-1.963908188401186e-05,0.00011493957977634891,2.6575491971852774,0.00010285059314058037,-0.0006019383833263624
3.147629525905181,PASSED,-0.2660067046078601,-1.9524622778330545e-05,0.00011413878961795927,2.657549299736584,0.00010225116340749516,-0.0005977572995911246
3.148629725945189,PASSED,-0.26600672407574155,-1.941097310488013e-05,0.00011332359600538044,2.6575494016905923,0.00010165597560269226,-0.000593474808277412
3.149629925985197,PASSED,-0.2660067434303865,-1.9298146805807356e-05,0.0001124947677843727,2.65754950305158,0.00010106510844286494,-0.000589128727527267
3.150630126025205,PASSED,-0.2660067626726264,-1.9186159532705438e-05,0.00011164894331361015,2.6575496038239006,0.00010047862816302097,-0.0005847146480550975
3.151630326065213,PASSED,-0.2660067818033069,-1.907502549915286e-05,0.0001107907603785545,2.6575497040119838,9.989661504200111e-05,-0.0005802121029963762
3.152630526105221,PASSED,-0.2660068008232873,-1.8964756890319947e-05,0.00010992050780248565,2.657549803620327,9.93191375693308e-05,-0.000575654385786288
3.153630726145229,PASSED,-0.26600681973344004,-1.885536725415165e-05,0.00010903572174550218,2.657549902653501,9.874626140493976e-05,-0.0005710240167941856
3.154630926185237,PASSED,-0.26600683853464985,-1.8746868762308505e-05,0.00010814033857489865,2.657550001116139,9.817805247845949e-05,-0.0005663321996043374
3.155631126225245,PASSED,-0.26600685722781325,-1.8639272210052637e-05,0.00010723402804317657,2.6575500990129357,9.761456875951587e-05,-0.0005615847318364627
3.156631326265253,PASSED,-0.26600687581383786,-1.853258876412291e-05,0.00010631639118742467,2.657550196348643,9.705586232516777e-05,-0.0005567875693558552
3.157631526305261,PASSED,-0.2660068942936418,-1.842682903300404e-05,0.00010538862440650118,2.657550293128072,9.65019972711612e-05,-0.0005519167104403918
3.158631726345269,PASSED,-0.266006912668153,-1.8322001575586194e-05,0.00010445334609207444,2.657550389356078,9.595301380013067e-05,-0.0005470279780906441
3.159631926385277,PASSED,-0.2660069309383083,-1.8218115237783147e-05,0.00010350833227703187,2.6575504850375746,9.54089613723942e-05,-0.0005420687275003523
3.160632126425285,PASSED,-0.26600694910505307,-1.8115178850566398e-05,0.00010255509050989142,2.657550580177505,9.486987894720854e-05,-0.0005370915569758677
3.161632326465293,PASSED,-0.26600696716934036,-1.8013199125558553e-05,0.00010159614800648212,2.6575506747808646,9.433580871924253e-05,-0.0005320560086261116
3.162632526505301,PASSED,-0.2660069851321303,-1.7912182678498075e-05,0.00010062997976313982,2.6575507688526807,9.380678693043672e-05,-0.0005269989755922716
3.163632726545309,PASSED,-0.2660070029943891,-1.7812135769914867e-05,9.965819446324725e-05,2.6575508623980113,9.328283375879317e-05,-0.0005219226356777244
3.164632926585317,PASSED,-0.2660070207570888,-1.7713063405985037e-05,9.868181024088416e-05,2.6575509554219505,9.276399140127774e-05,-0.000516788838740573
3.165633126625325,PASSED,-0.2660070384212062,-1.761497024562098e-05,9.770072711284036e-05,2.6575510479296107,9.225027794744553e-05,-0.0005116631972266483
3.166633326665333,PASSED,-0.2660070559877223,-1.7517860071470903e-05,9.671647217489787e-05,2.657551139926133,9.174170906766548e-05,-0.0005065060014823138
3.167633526705341,PASSED,-0.26600707345762137,-1.742173575442556e-05,9.572954695897813e-05,2.6575512314166687,9.12383034266035e-05,-0.000501338734115072
3.168633726745349,PASSED,-0.2660070908318907,-1.7326600050919966e-05,9.473980787000913e-05,2.6575513224063894,9.074007446988827e-05,-0.0004961557717820154
3.169633926785357,PASSED,-0.26600710811151945,-1.72324543427284e-05,9.374964173926476e-05,2.657551412900475,9.024703252094353e-05,-0.0004909660670532026
3.170634126825365,PASSED,-0.2660071252974979,-1.7139299325578917e-05,9.27586007562949e-05,2.657551502904111,8.975917728597158e-05,-0.0004857813469177669
3.171634326865373,PASSED,-0.2660071423908173,-1.7047136066065632e-05,9.176636535128109e-05,2.6575515924224913,8.927651701050998e-05,-0.00048057956115747907
3.172634526905381,PASSED,-0.2660071593924684,-1.6955963218939386e-05,9.077716830955641e-05,2.6575516814608022,8.879904315033042e-05,-0.0004754033928609681
3.173634726945389,PASSED,-0.2660071763034413,-1.6865779726335383e-05,8.978770880029922e-05,2.6575517700242295,8.832674887037136e-05,-0.0004702215380244675
3.174634926985397,PASSED,-0.2660071931247246,-1.6776584424537932e-05,8.880036379555198e-05,2.657551858117948,8.785962798537419e-05,-0.00046505378297897885
3.175635127025405,PASSED,-0.2660072098573045,-1.6688373887173734e-05,8.781731974329173e-05,2.6575519457471275,8.739767247128401e-05,-0.0004598900014976522
3.176635327065413,PASSED,-0.2660072265021645,-1.6601145024305095e-05,8.68365582855403e-05,2.6575520329169153,8.694085326944088e-05,-0.0004547720020734361
3.177635527105421,PASSED,-0.2660072430602843,-1.6514894296967255e-05,8.58601733727044e-05,2.657552119632442,8.648915129663384e-05,-0.0004496552866294777
3.178635727145429,PASSED,-0.2660072595326395,-1.6429616944436515e-05,8.488880530276408e-05,2.657552205898821,8.604255932714175e-05,-0.0004445497580671665
3.179635927185437,PASSED,-0.26600727592020057,-1.6345307356344244e-05,8.392344328526988e-05,2.6575522917211267,8.560102244557122e-05,-0.00043952829723944704
3.180636127225445,PASSED,-0.2660072922239326,-1.6261959865918633e-05,8.296352185250329e-05,2.657552377104418,8.516452527044956e-05,-0.00043447642704313495
3.181636327265453,PASSED,-0.26600730844479414,-1.6179567890329592e-05,8.201094474673639e-05,2.6575524620537183,8.473305120311568e-05,-0.00042947249419439084
3.182636527305461,PASSED,-0.2660073245837372,-1.6098124302181813e-05,8.106535041513695e-05,2.6575525465740095,8.430652471322243e-05,-0.0004245624870258073
3.183636727345469,PASSED,-0.266007340641706,-1.6017621157146304e-05,8.012834144909322e-05,2.6575526306702315,8.388491158498798e-05,-0.00041964688904022693
3.184636927385477,PASSED,-0.26600735661963676,-1.5938049995293918e-05,7.91997087879184e-05,2.657552714347297,8.34682125437999e-05,-0.00041473380928664467
3.185637127425485,PASSED,-0.26600737251845696,-1.585940199863494e-05,7.828018857301924e-05,2.6575527976100584,8.305633503488795e-05,-0.00040997330866213513
3.186637327465493,PASSED,-0.2660073883390847,-1.5781667156458632e-05,7.737127791182916e-05,2.657552880463321,8.264921462047935e-05,-0.0004052184849062542
3.187637527505501,PASSED,-0.2660074040824284,-1.5704835730865128e-05,7.647152404795147e-05,2.6575529629118484,8.22468616286988e-05,-0.0004004426630300946
3.188637727545509,PASSED,-0.2660074197493857,-1.5628896938468027e-05,7.558363796319932e-05,2.657553044960337,8.184917375640588e-05,-0.000395851345134799
3.189637927585517,PASSED,-0.26600743534084353,-1.5553839114411664e-05,7.470728145180209e-05,2.6575531266134353,8.145608045505417e-05,-0.0003912546054963271
3.190638127625525,PASSED,-0.2660074508576772,-1.547965083123806e-05,7.384228432147884e-05,2.657553207875723,8.10675603039017e-05,-0.00038669718158986795
3.191638327665533,PASSED,-0.2660074663007499,-1.540631989044602e-05,7.299004510575074e-05,2.6575532887517217,8.068352713447793e-05,-0.00038225716131304755
3.192638527705541,PASSED,-0.26600748167091237,-1.533383315325519e-05,7.215119858087664e-05,2.6575533692458895,8.030390780444809e-05,-0.00037786077584103767
3.193638727745549,PASSED,-0.2660074969690024,-1.526217763576366e-05,7.132506343197244e-05,2.657553449362612,7.992864864615073e-05,-0.00037352474660156423
3.194638927785557,PASSED,-0.2660075121958442,-1.5191339596139797e-05,7.051335708512471e-05,2.6575535291062056,7.955766969837673e-05,-0.00036928174855563144
3.195639127825565,PASSED,-0.2660075273522479,-1.5121304587252628e-05,6.971611008852983e-05,2.657553608480915,7.919089358307265e-05,-0.0003651056931363685
3.196639327865573,PASSED,-0.2660075424390098,-1.505205860662795e-05,6.893256098210893e-05,2.657553687490908,7.882825049399408e-05,-0.0003610013530400714
3.197639527905581,PASSED,-0.2660075574569109,-1.4983586300621376e-05,6.816546935621636e-05,2.6575537661402726,7.846965585828482e-05,-0.00035699015748871473
3.198639727945589,PASSED,-0.26600757240671724,-1.4915872088791061e-05,6.741337347971384e-05,2.657553844433025,7.811503812843324e-05,-0.00035303611142684587
3.199639927985597,PASSED,-0.2660075872891794,-1.4848901051356833e-05,6.667614673723895e-05,2.657553922373095,7.7764312449073e-05,-0.0003491853913158187
3.200640128025605,PASSED,-0.266007602105032,-1.478265664281498e-05,6.595658307825932e-05,2.6575539999643296,7.741738573560606e-05,-0.0003454209282343542
3.201640328065613,PASSED,-0.2660076168549936,-1.471712218202333e-05,6.525304593391275e-05,2.65755407721049,7.707417860174251e-05,-0.00034173127094966566
3.202640528105621,PASSED,-0.2660076315397659,-1.4652281625060252e-05,6.456556431585335e-05,2.657554154115254,7.673460971255108e-05,-0.00033812730135261384
3.203640728145629,PASSED,-0.2660076461600343,-1.4588117823723481e-05,6.38959593507129e-05,2.6575542306822086,7.639858160014921e-05,-0.0003346286531013794
3.204640928185637,PASSED,-0.26600766071646664,-1.4524613106951258e-05,6.324388838656477e-05,2.6575543069148524,7.606600451035232e-05,-0.0003312093809272375
3.205641128225645,PASSED,-0.26600767520971375,-1.4461750714214951e-05,6.260806230280301e-05,2.657554382816592,7.573679197117917e-05,-0.00032788131133711356
3.206641328265653,PASSED,-0.2660076896404087,-1.4399512721246279e-05,6.199128007924925e-05,2.657554458390748,7.541085550743292e-05,-0.00032463989868566093
3.207641528305661,PASSED,-0.26600770400916696,-1.4337880941124622e-05,6.139211348326145e-05,2.657554533640538,7.508808584879229e-05,-0.00032152283194395055
3.208641728345669,PASSED,-0.26600771831658593,-1.427683771049836e-05,6.081064205492843e-05,2.657554608569094,7.476839758724176e-05,-0.00031846521462157234
3.209641928385677,PASSED,-0.26600773256324495,-1.4216364887438328e-05,6.024761039676722e-05,2.6575546831794474,7.445170323529568e-05,-0.0003155137768291067
3.210642128425685,PASSED,-0.26600774674970495,-1.415644367492972e-05,5.970361391650076e-05,2.6575547574745353,7.413789121576e-05,-0.0003126775146733651
3.211642328465693,PASSED,-0.26600776087650874,-1.4097056024598005e-05,5.9177007941856394e-05,2.6575548314572046,7.382687794633501e-05,-0.0003099037725927335
3.212642528505701,PASSED,-0.2660077749441803,-1.4038183206815494e-05,5.867002434294725e-05,2.6575549051301968,7.351856384340313e-05,-0.00030725432315799084
3.213642728545709,PASSED,-0.2660077889532253,-1.3979806456383462e-05,5.8181234491422195e-05,2.6575549784961603,7.321284049039673e-05,-0.0003047027062386786
3.214642928585717,PASSED,-0.2660078029041305,-1.3921907537812245e-05,5.7710707957743056e-05,2.657555051557645,7.290962207324885e-05,-0.0003022288910873396
3.215643128625725,PASSED,-0.26600781679736435,-1.3864467646902793e-05,5.725934621059387e-05,2.6575551243171014,7.260880709931461e-05,-0.0002998723624988511
3.216643328665733,PASSED,-0.26600783063337613,-1.3807467513658326e-05,5.6827324600382966e-05,2.6575551967768845,7.231029430160077e-05,-0.0002976064211905012
3.217643528705741,PASSED,-0.2660078444125968,-1.3750888859436203e-05,5.6412873969948916e-05,2.657555268939252,7.201399453184712e-05,-0.0002954286687957498
3.218643728745749,PASSED,-0.26600785813543837,-1.3694713268227515e-05,5.601740270117989e-05,2.65755534080636,7.171979982674959e-05,-0.0002933720626320606
3.2196439287857572,PASSED,-0.2660078718022944,-1.3638921663355104e-05,5.564107298656189e-05,2.657555412380271,7.142761627063215e-05,-0.00029139121844100205
3.2206441288257652,PASSED,-0.2660078854135397,-1.3583495504925741e-05,5.5282882057899e-05,2.6575554836629487,7.113735270838417e-05,-0.00028951179145262566
3.2216443288657732,PASSED,-0.2660078989695307,-1.352841674363745e-05,5.494268077522078e-05,2.6575555546562546,7.084889730233978e-05,-0.00028775114910556686
3.2226445289057812,PASSED,-0.2660079124706053,-1.3473666690742736e-05,5.462163430770999e-05,2.657555625361966,7.056217396484647e-05,-0.0002860381297517952
3.2236447289457892,PASSED,-0.26600792591708317,-1.3419226992901761e-05,5.431840686314811e-05,2.65755569578175,7.027707373881188e-05,-0.0002844749568898012
3.2246449289857972,PASSED,-0.2660079393092659,-1.3365079948212648e-05,5.403280323975566e-05,2.65755576591719,6.999349862365039e-05,-0.00028297522067596706
3.2256451290258052,PASSED,-0.26600795264743704,-1.3311207453560552e-05,5.376562226031982e-05,2.657555835769771,6.971137276664658e-05,-0.0002815596145556785
3.2266453290658133,PASSED,-0.26600796593186216,-1.3257591580167582e-05,5.351604081473913e-05,2.6575559053408817,6.943058588212452e-05,-0.0002802717311663276
3.2276455291058213,PASSED,-0.26600797916278945,-1.3204215355465624e-05,5.3283013960104656e-05,2.6575559746318222,6.915104571703484e-05,-0.00027905245437190854
3.2286457291458293,PASSED,-0.2660079923404496,-1.3151060954020599e-05,5.306865976830378e-05,2.6575560436438024,6.887267947719502e-05,-0.0002779087634850695
3.2296459291858373,PASSED,-0.266008005465056,-1.3098111183371973e-05,5.287051123550643e-05,2.657556112377939,6.859538422406301e-05,-0.0002768862462299958
3.2306461292258453,PASSED,-0.2660080185368053,-1.3045350058753619e-05,5.268820020691902e-05,2.6575561808352584,6.831906273119637e-05,-0.00027594499062439705
3.2316463292658533,PASSED,-0.2660080315558773,-1.299276035565993e-05,5.252403835153657e-05,2.65755624901671,6.804365622294206e-05,-0.00027504752000757964
3.2326465293058613,PASSED,-0.2660080445224356,-1.2940325563196251e-05,5.237529520510758e-05,2.657556316923143,6.776905662451852e-05,-0.000274300984034185
3.2336467293458693,PASSED,-0.26600805743662737,-1.2888030509652418e-05,5.224155910298401e-05,2.657556384555332,6.749517760240895e-05,-0.000273597714159825
3.2346469293858773,PASSED,-0.2660080702985843,-1.2835859299071463e-05,5.212431156626967e-05,2.657556451913966,6.722196060300344e-05,-0.00027296318956929655
3.2356471294258853,PASSED,-0.26600808310842255,-1.2783796148057034e-05,5.2022377313203574e-05,2.657556518999653,6.694930782265327e-05,-0.0002724458408707669
3.2366473294658933,PASSED,-0.266008095866243,-1.2731826719267223e-05,5.193412977421717e-05,2.65755658581292,6.667713307793894e-05,-0.00027199401394337674
3.2376475295059013,PASSED,-0.2660081085721318,-1.2679935979524685e-05,5.1861813054753376e-05,2.657556652354222,6.640538560018122e-05,-0.00027158312030063246
3.2386477295459093,PASSED,-0.2660081212261608,-1.2628109749546043e-05,5.1802507927900474e-05,2.65755671862393,6.613397267062832e-05,-0.00027129946905440525
3.2396479295859173,PASSED,-0.2660081338283876,-1.2576334580075462e-05,5.1756943832370594e-05,2.657556784622351,6.58628193562696e-05,-0.0002710558778949302
3.2406481296259253,PASSED,-0.2660081463788564,-1.2524596543873622e-05,5.172543111481983e-05,2.657556850349714,6.559186919267683e-05,-0.00027087968739131896
3.2416483296659333,PASSED,-0.266008158877598,-1.2472882752105158e-05,5.170603220422604e-05,2.6575569158061776,6.532104050009321e-05,-0.0002707946960451583
3.2426485297059413,PASSED,-0.26600817132463034,-1.2421180659467836e-05,5.169946625938657e-05,2.6575569809918393,6.505027362300045e-05,-0.0002707483311244755
3.2436487297459493,PASSED,-0.26600818371995893,-1.2369477716801365e-05,5.170526027119437e-05,2.6575570459067266,6.477950737983198e-05,-0.0002707781845311505
3.2446489297859573,PASSED,-0.26600819606357756,-1.2317762759707635e-05,5.172142164208797e-05,2.6575571105508087,6.450867488951812e-05,-0.00027086869416900506
3.2456491298259653,PASSED,-0.26600820835546796,-1.2266024050526408e-05,5.175023420731996e-05,2.657557174923989,6.423771632761596e-05,-0.00027101847372426065
3.2466493298659733,PASSED,-0.2660082205956014,-1.2214250745772268e-05,5.178868511868726e-05,2.657557239026116,6.396657855685321e-05,-0.00027121730212172404
3.2476495299059813,PASSED,-0.26600823278393804,-1.2162432584917726e-05,5.1837811345111564e-05,2.6575573028569806,6.369520390414455e-05,-0.00027147955309995823
3.2486497299459893,PASSED,-0.26600824492042807,-1.2110559554737286e-05,5.189650940399055e-05,2.6575573664163237,6.342354380597178e-05,-0.0002717804615546523
3.2496499299859973,PASSED,-0.26600825700501196,-1.2058622208435801e-05,5.1964570899814984e-05,2.6575574297038322,6.315154746261851e-05,-0.00027214026455235174
3.2506501300260053,PASSED,-0.2660082690376209,-1.2006611520181584e-05,5.2041433157151056e-05,2.657557492719147,6.287916553869143e-05,-0.0002725430301768902
3.2516503300660133,PASSED,-0.2660082810181776,-1.1954519142773242e-05,5.212634024246803e-05,2.657557555461863,6.260635736601372e-05,-0.0002729849343449134
3.2526505301060213,PASSED,-0.2660082929465961,-1.190233699365227e-05,5.221935503997247e-05,2.657557617931528,6.233307414417223e-05,-0.00027348208017255514
3.2536507301460293,PASSED,-0.26600830482278315,-1.1850057567141126e-05,5.231947415859262e-05,2.6575576801276575,6.205928852526879e-05,-0.0002739879780573733
3.2546509301860373,PASSED,-0.266008316646638,-1.1797674015119646e-05,5.242627059673959e-05,2.657557742049719,6.17849532463143e-05,-0.0002745668128859064
3.2556511302260454,PASSED,-0.2660083284180531,-1.1745179602041842e-05,5.253984139851201e-05,2.657557803697154,6.151003581812489e-05,-0.00027515117172505703
3.2566513302660534,PASSED,-0.26600834013691493,-1.1692568378498342e-05,5.2658811640159354e-05,2.6575578650693648,6.123451323223509e-05,-0.00027577019533296866
3.2576515303060614,PASSED,-0.266008351803104,-1.1639835195085715e-05,5.278276459427125e-05,2.657557926165728,6.095834798570468e-05,-0.00027642861399536465
3.2586517303460694,PASSED,-0.2660083634164957,-1.158697474377085e-05,5.291224246192775e-05,2.657557986985589,6.0681512830991124e-05,-0.0002771061818590154
3.2596519303860774,PASSED,-0.2660083749769607,-1.1533982611521944e-05,5.304539210689129e-05,2.657558047528274,6.040399764064434e-05,-0.0002777878626719636
3.2606521304260854,PASSED,-0.26600838648436564,-1.1480855222100159e-05,5.3182054298381316e-05,2.6575581077930757,6.012575903648165e-05,-0.0002785390984898499
3.2616523304660934,PASSED,-0.266008397938573,-1.1427588419076604e-05,5.3323302173674304e-05,2.6575581677792846,5.9846801376390935e-05,-0.00027923670115795367
3.2626525305061014,PASSED,-0.26600840933944253,-1.1374179749109199e-05,5.3465581829891745e-05,2.6575582274861587,5.956710482758911e-05,-0.00028000311389773176
3.2636527305461094,PASSED,-0.26600842068683106,-1.1320627074657145e-05,5.3610736200163755e-05,2.6575582869129537,5.9286641870440196e-05,-0.00028076951931636784
3.2646529305861174,PASSED,-0.26600843198059343,-1.1266927844594119e-05,5.375822597160184e-05,2.657558346058905,5.9005415972092426e-05,-0.00028153015103537534
3.2656531306261254,PASSED,-0.2660084432205826,-1.1213080836438879e-05,5.3906196277666e-05,2.6575584049232455,5.872342244145922e-05,-0.0002823024503650841
3.2666533306661334,PASSED,-0.26600845440665044,-1.1159085376957468e-05,5.405496828390592e-05,2.657558463505197,5.844064395607207e-05,-0.0002830958420685343
3.2676535307061414,PASSED,-0.26600846553864826,-1.1104940785176219e-05,5.4204340779480276e-05,2.657558521803983,5.8157085984986674e-05,-0.000283866057096636
3.2686537307461494,PASSED,-0.26600847661642696,-1.1050647150117975e-05,5.435316457742051e-05,2.65755857981882,5.787274895347874e-05,-0.00028465101444879727
3.2696539307861574,PASSED,-0.2660084876398379,-1.0996205127894428e-05,5.4501260654297515e-05,2.6575586375489344,5.7587636982716766e-05,-0.00028541927497076857
3.2706541308261654,PASSED,-0.2660084986087332,-1.0941615597154496e-05,5.464837746368863e-05,2.6575586949935444,5.730174498417752e-05,-0.00028620714758489945
3.2716543308661734,PASSED,-0.26600850952296606,-1.088687991720147e-05,5.479388161258392e-05,2.6575587521518886,5.701509469862419e-05,-0.00028694571086563457
3.2726545309061814,PASSED,-0.2660085203823917,-1.0832000544966742e-05,5.493636598282416e-05,2.657558809023203,5.67276907543081e-05,-0.0002877094332830555
3.2736547309461894,PASSED,-0.2660085311868672,-1.0776979383257177e-05,5.5077692194057804e-05,2.6575588656067444,5.643954208314815e-05,-0.00028844149641120024
3.2746549309861974,PASSED,-0.2660085419362525,-1.0721819439102903e-05,5.521477879441942e-05,2.657558921901774,5.6150666078016e-05,-0.0002891656776127805
3.2756551310262054,PASSED,-0.26600855263041057,-1.0666524173196287e-05,5.534892398141676e-05,2.657558977907577,5.586108333336768e-05,-0.00028986078933868574
3.2766553310662134,PASSED,-0.26600856326920774,-1.0611096925814944e-05,5.547946298129477e-05,2.6575590336234516,5.55708079381427e-05,-0.00029055179914918493
3.2776555311062214,PASSED,-0.2660085738525145,-1.0555542208777974e-05,5.5604886407418296e-05,2.6575590890487253,5.52798708581326e-05,-0.00029119393391737977
3.2786557311462294,PASSED,-0.26600858438020547,-1.049986467050079e-05,5.572597285702884e-05,2.657559144182735,5.49882836136989e-05,-0.0002918494514445807
3.2796559311862374,PASSED,-0.26600859485216033,-1.0444068904059088e-05,5.584229549815334e-05,2.6575591990248517,5.469607298056323e-05,-0.0002924514209297445
3.2806561312262454,PASSED,-0.26600860526826364,-1.038816045069857e-05,5.5952558602093044e-05,2.6575592535744748,5.440328748964674e-05,-0.0002930082042409838
3.2816563312662534,PASSED,-0.2660086156284058,-1.0332145249031727e-05,5.6056963710008876e-05,2.6575593078310225,5.410992784916449e-05,-0.0002935939313097563
3.2826565313062614,PASSED,-0.2660086259324828,-1.027602905413658e-05,5.6155682351908504e-05,2.6575593617939566,5.381604171260283e-05,-0.00029408094006292985
3.2836567313462695,PASSED,-0.2660086361803972,-1.0219818602807281e-05,5.624696398089198e-05,2.6575594154627655,5.352167423069025e-05,-0.0002945585098123439
3.2846569313862775,PASSED,-0.26600864637205823,-1.0163520758299261e-05,5.6331764859439876e-05,2.6575594688369755,5.322683966303748e-05,-0.0002950186062130689
3.2856571314262855,PASSED,-0.2660086565073819,-1.0107142501535591e-05,5.640925136649119e-05,2.6575595219161414,5.293157538438797e-05,-0.000295428060273796
3.2866573314662935,PASSED,-0.2660086665862918,-1.0050691426892924e-05,5.647895682678547e-05,2.6575595746998677,5.2635945055069974e-05,-0.00029576517534745154
3.2876575315063015,PASSED,-0.2660086766087189,-9.994175424798998e-06,5.6540698938686845e-05,2.657559627187793,5.233997466065404e-05,-0.000296107207128258
3.2886577315463095,PASSED,-0.2660086865746024,-9.937602581778786e-06,5.659427240789466e-05,2.6575596793795966,5.204369231830099e-05,-0.0002963990991695714
3.2896579315863175,PASSED,-0.26600869648388964,-9.880981155135703e-06,5.6639529466542784e-05,2.6575597312750006,5.174716085129039e-05,-0.0002966197122379578
3.2906581316263255,PASSED,-0.26600870633653634,-9.8243197176566e-06,5.667604282080926e-05,2.657559782873779,5.14504329300777e-05,-0.0002968000605291671
3.2916583316663335,PASSED,-0.2660087161325073,-9.767627796070583e-06,5.670250742948791e-05,2.657559834175744,5.115353215138015e-05,-0.00029696792414315163
3.2926585317063415,PASSED,-0.26600872587177626,-9.710913982347607e-06,5.672135125196923e-05,2.6575598851807576,5.085651269433483e-05,-0.0002970538123134246
3.2936587317463495,PASSED,-0.26600873555432614,-9.654187596027289e-06,5.6729743032548336e-05,2.65755993588873,5.055943889555951e-05,-0.000297087123083248
3.2946589317863575,PASSED,-0.26600874518014944,-9.597458657033407e-06,5.672840296810506e-05,2.6575599862996255,5.0262352187796214e-05,-0.0002970864308833289
3.2956591318263655,PASSED,-0.26600875474924845,-9.540737110635259e-06,5.671697535151003e-05,2.657560036413454,4.996529463034574e-05,-0.000297038308495231
3.2966593318663735,PASSED,-0.26600876426163533,-9.48403245436784e-06,5.66964435446923e-05,2.657560086230275,4.96683240244192e-05,-0.0002969254708807475
3.2976595319063815,PASSED,-0.26600877371733234,-9.427355053070815e-06,5.6664706465248475e-05,2.6575601357502134,4.9371512985307524e-05,-0.0002967347512656329
3.2986597319463895,PASSED,-0.266008783116372,-9.370715640098637e-06,5.662255064346241e-05,2.657560184973433,4.907488865645666e-05,-0.00029655071390767785
3.2996599319863975,PASSED,-0.2660087924587974,-9.314124354046975e-06,5.657044299046107e-05,2.65756023390016,4.877850708976404e-05,-0.000296268801882573
3.300660132026405,PASSED,-0.26600880174466185,-9.257591653256122e-06,5.650753932444915e-05,2.6575602825306777,4.848245483737881e-05,-0.0002959078860536629
3.301660332066413,PASSED,-0.2660088109740298,-9.201128944742601e-06,5.643282130623333e-05,2.6575603308653206,4.818675895264951e-05,-0.00029555455051305334
3.302660532106421,PASSED,-0.2660088201469761,-9.144746461182047e-06,5.634892506343692e-05,2.65756037890448,4.789146923145281e-05,-0.0002951131683191186
3.303660732146429,PASSED,-0.2660088292635867,-9.088455151623571e-06,5.625289922183317e-05,2.6575604266486073,4.7596675959086945e-05,-0.00029458000839703666
3.304660932186437,PASSED,-0.2660088383239586,-9.032266616264898e-06,5.614562611656659e-05,2.6575604740982124,4.730242259238025e-05,-0.0002940356055798083
3.305661132226445,PASSED,-0.2660088473281996,-8.97619133051616e-06,5.6028392170184456e-05,2.657560521253853,4.7008739428667047e-05,-0.0002934482024687942
3.306661332266453,PASSED,-0.2660088562764288,-8.920240457223315e-06,5.58991940412851e-05,2.6575605681161623,4.6715729331012293e-05,-0.0002927180277787282
3.307661532306461,PASSED,-0.2660088651687762,-8.864425661734244e-06,5.575852978759584e-05,2.6575606146858144,4.6423431050655536e-05,-0.0002920184487421051
3.308661732346469,PASSED,-0.26600887400538326,-8.808757530918574e-06,5.5607864834385026e-05,2.6575606609635507,4.613188150606511e-05,-0.0002912369418226401
3.309661932386477,PASSED,-0.2660088827864023,-8.753247144747525e-06,5.544540039549042e-05,2.657560706950173,4.584118033537798e-05,-0.0002903439899301158
3.310662132426485,PASSED,-0.26600889151199686,-8.697906383152755e-06,5.5271002394291355e-05,2.6575607526465337,4.555136163796827e-05,-0.00028946850239611963
3.311662332466493,PASSED,-0.26600890018234175,-8.642745696392646e-06,5.5087143003989255e-05,2.6575607980535487,4.5262470658507225e-05,-0.0002885059641709929
3.312662532506501,PASSED,-0.2660089087976228,-8.58777613975362e-06,5.489116572905156e-05,2.657560843172194,4.497460270303747e-05,-0.00028744261633558674
3.313662732546509,PASSED,-0.26600891735803667,-8.53300913575836e-06,5.4684229506064944e-05,2.6575608880034953,4.468778583462884e-05,-0.0002863997031239926
3.314662932586517,PASSED,-0.2660089258637913,-8.478455570489669e-06,5.4466455777109417e-05,2.657560932548546,4.4402078610594027e-05,-0.00028524557130869935
3.315663132626525,PASSED,-0.26600893431510536,-8.424125830141145e-06,5.423859672946715e-05,2.657560976808489,4.411755968841762e-05,-0.0002840344894215501
3.316663332666533,PASSED,-0.2660089427122083,-8.370030974360685e-06,5.399902848112078e-05,2.6575610207845255,4.383426157236862e-05,-0.00028280720046729537
3.317663532706541,PASSED,-0.26600895105534045,-8.316181959578015e-06,5.3749005650371104e-05,2.6575610644779144,4.355224547751818e-05,-0.00028148869110586854
3.318663732746549,PASSED,-0.2660089593447526,-8.26258900693103e-06,5.348891731139684e-05,2.6575611078899684,4.327158104910177e-05,-0.0002801149199567677
3.319663932786557,PASSED,-0.2660089675807059,-8.20926222648184e-06,5.32186892077188e-05,2.657561151022058,4.2992309621894195e-05,-0.00027870909870811734
3.320664132826565,PASSED,-0.26600897576347204,-8.156212387194623e-06,5.293727267355215e-05,2.657561193875606,4.27144844557502e-05,-0.00027723587776791605
3.321664332866573,PASSED,-0.2660089838933328,-8.10344949092343e-06,5.264664533628692e-05,2.6575612364520813,4.243815589408267e-05,-0.00027572368426726336
3.322664532906581,PASSED,-0.26600899197057987,-8.050983143597189e-06,5.2346148652878625e-05,2.65756127875302,4.216339313676333e-05,-0.00027412213935406503
3.323664732946589,PASSED,-0.2660089999955149,-7.998823210547883e-06,5.2035789313592973e-05,2.657561320779998,4.1890233627309346e-05,-0.0002725177561872642
3.324664932986597,PASSED,-0.266009007968449,-7.946979407261293e-06,5.171581260191989e-05,2.657561362534645,4.1618717727457e-05,-0.0002708479956290527
3.325665133026605,PASSED,-0.26600901588970294,-7.895461019702102e-06,5.1386770864036705e-05,2.65756140401864,4.134891567484024e-05,-0.0002691047572752375
3.326665333066613,PASSED,-0.2660090237596065,-7.844276960515282e-06,5.104891806867633e-05,2.657561445233711,4.108086501573098e-05,-0.0002673479269985998
3.327665533106621,PASSED,-0.2660090315784987,-7.7934363212227e-06,5.0701786775183064e-05,2.6575614861816317,4.0814604592380574e-05,-0.00026553542091827084
3.328665733146629,PASSED,-0.2660090393467271,-7.742947612881248e-06,5.0346656052300554e-05,2.657561526864226,4.0550197700835354e-05,-0.00026365453862985615
3.329665933186637,PASSED,-0.26600904706464795,-7.692819465640383e-06,4.998247469990672e-05,2.6575615672833606,4.028768149586491e-05,-0.0002617573158641706
3.330666133226645,PASSED,-0.26600905473262576,-7.643059916174401e-06,4.961093264336457e-05,2.657561607440937,4.0027077067645954e-05,-0.0002598358364554763
3.331666333266653,PASSED,-0.26600906235103305,-7.593676837109257e-06,4.9231176679664046e-05,2.6575616473389103,3.9768454668216484e-05,-0.0002578134414121296
3.332666533306661,PASSED,-0.26600906992025014,-7.544677921994338e-06,4.88440740717551e-05,2.6575616869792724,3.95118548470003e-05,-0.00025579074108555776
3.333666733346669,PASSED,-0.2660090774406647,-7.496070383820355e-06,4.844984757546734e-05,2.6575617263640563,3.925729345486791e-05,-0.0002537418261636098
3.334666933386677,PASSED,-0.2660090849126719,-7.4478615953295585e-06,4.804808243434874e-05,2.6575617654953274,3.900481654249963e-05,-0.0002516336365047254
3.335667133426685,PASSED,-0.2660090923366735,-7.400058139027196e-06,4.7640372214371105e-05,2.6575618043751907,3.8754469653586084e-05,-0.0002494890571860973
3.336667333466693,PASSED,-0.2660090997130782,-7.352666321635049e-06,4.7226114177331935e-05,2.657561843005787,3.850627871572706e-05,-0.00024732552497429793
3.337667533506701,PASSED,-0.26600910704230074,-7.3056926216637016e-06,4.680542383402361e-05,2.65756188138929,3.826027589244273e-05,-0.0002451210221576741
3.338667733546709,PASSED,-0.2660091143247621,-7.259142765706428e-06,4.637947737277386e-05,2.657561919527899,3.8016486956020154e-05,-0.00024290087926584318
3.339667933586717,PASSED,-0.2660091215608888,-7.2130221585311425e-06,4.5948027043625986e-05,2.657561957423853,3.777495372277127e-05,-0.00024062146923758745
3.340668133626725,PASSED,-0.2660091287511128,-7.1673362653377854e-06,4.551113729317728e-05,2.6575619950794125,3.7535698703871594e-05,-0.00023834405200773778
3.341668333666733,PASSED,-0.2660091358958711,-7.122089900845207e-06,4.5069849292178656e-05,2.6575620324968674,3.729873883449638e-05,-0.00023603708095352508
3.342668533706741,PASSED,-0.26600914299560546,-7.07728743353982e-06,4.462421264752714e-05,2.6575620696785296,3.7064106311287155e-05,-0.00023369615137969047
3.343668733746749,PASSED,-0.266009150050762,-7.032933310457047e-06,4.417406337293542e-05,2.6575621066267363,3.683182383555662e-05,-0.00023134002529776154
3.3446689337867572,PASSED,-0.2660091570617909,-6.989031501978989e-06,4.372030521480601e-05,2.657562143343842,3.66019034784933e-05,-0.0002289739115736873
3.3456691338267652,PASSED,-0.2660091640291461,-6.945585244948731e-06,4.326355824055955e-05,2.6575621798322295,3.637437750933554e-05,-0.0002265606742138154
3.3466693338667732,PASSED,-0.26600917095328475,-6.902597750289652e-06,4.280345227142663e-05,2.657562216094289,3.614925191311319e-05,-0.00022416887756137774
3.3476695339067812,PASSED,-0.2660091778346672,-6.860072213007519e-06,4.234026062260366e-05,2.6575622521324314,3.592653585959802e-05,-0.00022174750415104042
3.3486697339467892,PASSED,-0.26600918467375656,-6.818011079517505e-06,4.187504873495372e-05,2.6575622879490854,3.57062668518467e-05,-0.00021928334348484286
3.3496699339867972,PASSED,-0.26600919147101804,-6.776416066142846e-06,4.140832313446229e-05,2.6575623235466823,3.548843227677214e-05,-0.00021686872946769398
3.3506701340268052,PASSED,-0.2660091982269189,-6.735289439532654e-06,4.0938828927344707e-05,2.6575623589276733,3.527304462659003e-05,-0.00021440026399172015
3.3516703340668133,PASSED,-0.26600920494192803,-6.694632607669477e-06,4.046883382039833e-05,2.657562394094512,3.506012711342753e-05,-0.00021192901260968708
3.3526705341068213,PASSED,-0.26600921161651575,-6.654446320147785e-06,3.9997923322554356e-05,2.6575624290496633,3.4849671740412363e-05,-0.00020947294661882292
3.3536707341468293,PASSED,-0.26600921825115315,-6.614731709097014e-06,3.9525736202914805e-05,2.657562463795591,3.464167828152213e-05,-0.0002070071337378356
3.3546709341868373,PASSED,-0.266009224846312,-6.575489207136232e-06,3.905367913269346e-05,2.6575624983347677,3.443616542249823e-05,-0.000204516675881282
3.3556711342268453,PASSED,-0.2660092314024642,-6.536718480501462e-06,3.8582091636154635e-05,2.657562532669666,3.4233127085584083e-05,-0.0002020527776027175
3.3566713342668533,PASSED,-0.26600923792008163,-6.498419697206914e-06,3.810991106680958e-05,2.657562566802757,3.4032550657776886e-05,-0.0001995921946101893
3.3576715343068613,PASSED,-0.26600924439963575,-6.4605921089087835e-06,3.763937311901197e-05,2.6575626007365067,3.3834441954922476e-05,-0.0001971197083505576
3.3586717343468693,PASSED,-0.2660092508415971,-6.423234381601712e-06,3.7169963432444726e-05,2.657562634473382,3.3638802777518064e-05,-0.00019465215677364915
3.3596719343868773,PASSED,-0.26600925724643515,-6.386345568574244e-06,3.670137942414963e-05,2.6575626680158404,3.344561414188156e-05,-0.00019221295487841197
3.3606721344268853,PASSED,-0.2660092636146179,-6.3499242017040665e-06,3.62346918341946e-05,2.6575627013663343,3.3254871145058566e-05,-0.00018976302478605276
3.3616723344668933,PASSED,-0.26600926994661145,-6.313967819514326e-06,3.5770842426770735e-05,2.657562734527305,3.306657043196201e-05,-0.00018732583863689226
3.3626725345069013,PASSED,-0.26600927624287996,-6.278474453560131e-06,3.530838163914698e-05,2.6575627675011804,3.288068670427686e-05,-0.00018492232038398946
3.3636727345469093,PASSED,-0.266009282503885,-6.243441529201157e-06,3.484928617219048e-05,2.65756280029038,3.269721698293327e-05,-0.00018250132198331884
3.3646729345869173,PASSED,-0.26600928873008534,-6.208865646939311e-06,3.439361298828337e-05,2.657562832897307,3.2516147418194024e-05,-0.00018011505990985893
3.3656731346269253,PASSED,-0.26600929492193665,-6.174744037617491e-06,3.394027354417749e-05,2.657562865324344,3.2337444239090215e-05,-0.00017776192523310153
3.3666733346669333,PASSED,-0.26600930107989124,-6.14107314632691e-06,3.349130312151651e-05,2.657562897573862,3.216110543060481e-05,-0.0001753900639869305
3.3676735347069413,PASSED,-0.2660093072043977,-6.1078486510780835e-06,3.30466233336992e-05,2.6575629296482126,3.198711708859692e-05,-0.00017305386068853303
3.3686737347469493,PASSED,-0.26600931329590055,-6.075066633350357e-06,3.2605613990411916e-05,2.657562961549723,3.1815434884197785e-05,-0.00017076776687287824
3.3696739347869573,PASSED,-0.26600931935484007,-6.042722948898139e-06,3.216906476008731e-05,2.657562993280696,3.164604188995771e-05,-0.0001684764791515363
3.3706741348269653,PASSED,-0.26600932538165195,-6.010812438101318e-06,3.1738141487975273e-05,2.6575630248434132,3.147892717097918e-05,-0.00016620687886319572
3.3716743348669733,PASSED,-0.2660093313767668,-5.979329902554849e-06,3.131213158546664e-05,2.657563056240137,3.1314062425407886e-05,-0.0001639699900433645
3.3726745349069813,PASSED,-0.2660093373406104,-5.94827081624293e-06,3.089038946288776e-05,2.657563087473089,3.1151395933425484e-05,-0.0001617974932750869
3.3736747349469893,PASSED,-0.2660093432736029,-5.917629202525396e-06,3.047576322063154e-05,2.6575631185444712,3.099091778267618e-05,-0.0001595985890654612
3.3746749349869973,PASSED,-0.2660093491761589,-5.88739891888639e-06,3.006663058458957e-05,2.657563149456455,3.083260921405162e-05,-0.00015744855499728825
3.3756751350270053,PASSED,-0.26600935504868695,-5.857574401358086e-06,2.9663108824112926e-05,2.6575631802111825,3.067641690003126e-05,-0.00015535482003574833
3.3766753350670133,PASSED,-0.26600936089158944,-5.828149241522299e-06,2.9266527176902857e-05,2.6575632108107596,3.0522310150115975e-05,-0.00015327470316830747
3.3776755351070213,PASSED,-0.26600936670526243,-5.799116830239102e-06,2.8876334020725998e-05,2.6575632412572645,3.0370276058316078e-05,-0.00015120701755428815
3.3786757351470293,PASSED,-0.2660093724900954,-5.770470535392592e-06,2.849293539703372e-05,2.657563271552728,3.0220247892017343e-05,-0.0001492422654617009
3.3796759351870374,PASSED,-0.26600937824647086,-5.7422033640893406e-06,2.8116661907395942e-05,2.6575633016991604,3.007220684058252e-05,-0.00014724024208357045
3.3806761352270454,PASSED,-0.26600938397476437,-5.714307994082556e-06,2.7747842073044473e-05,2.6575633316985265,2.9926128124394962e-05,-0.0001453043655902116
3.3816763352670534,PASSED,-0.26600938967534415,-5.6867773390148675e-06,2.738586373078391e-05,2.657563361552752,2.978194127552477e-05,-0.0001434418377235175
3.3826765353070614,PASSED,-0.266009395348571,-5.659603834680462e-06,2.7031931403486427e-05,2.6575633912637318,2.9639632050490103e-05,-0.00014155414990876558
3.3836767353470694,PASSED,-0.26600940099479814,-5.6327794974434355e-06,2.6685941126053668e-05,2.657563420833311,2.949915749356564e-05,-0.0001397548282682612
3.3846769353870774,PASSED,-0.26600940661437095,-5.606296685962535e-06,2.6347391717464872e-05,2.6575634502633037,2.936046466728741e-05,-0.0001379848249515449
3.3856771354270854,PASSED,-0.2660094122076269,-5.58014753606179e-06,2.6016988689598178e-05,2.65756347955547,2.922351460844653e-05,-0.0001362602147670985
3.3866773354670934,PASSED,-0.26600941777489534,-5.55432344102137e-06,2.569549927430066e-05,2.6575635087115392,2.9088274339928758e-05,-0.0001345603043515606
3.3876775355071014,PASSED,-0.2660094233164973,-5.528816170205434e-06,2.53817851770267e-05,2.657563537733191,2.895469474474225e-05,-0.0001329257890764719
3.3886777355471094,PASSED,-0.26600942883274553,-5.503617654647809e-06,2.507633581135685e-05,2.657563566622067,2.8822729930246535e-05,-0.0001313241647752137
3.3896779355871174,PASSED,-0.2660094343239442,-5.478718979203724e-06,2.4780235199235684e-05,2.657563595379757,2.8692332592943857e-05,-0.00012977945232099165
3.3906781356271254,PASSED,-0.26600943979038894,-5.454111511520629e-06,2.449228933900184e-05,2.6575636240078073,2.8563458829242623e-05,-0.00012826997128805883
3.3916783356671334,PASSED,-0.26600944523236664,-5.4297866271769265e-06,2.4213281013501734e-05,2.6575636525077235,2.8436072158444303e-05,-0.00012679780380515967
3.3926785357071414,PASSED,-0.2660094506501553,-5.405735325446966e-06,2.3943315540933366e-05,2.6575636808809615,2.8310116751139604e-05,-0.0001253938096377281
3.3936787357471494,PASSED,-0.2660094560440241,-5.3819487628070375e-06,2.368206070592387e-05,2.65756370912893,2.8185540285447405e-05,-0.00012403156972850903
3.3946789357871574,PASSED,-0.26600946141423326,-5.358417937374997e-06,2.3430001916118005e-05,2.65756373725299,2.8062306993236692e-05,-0.00012270110719884658
3.3956791358271654,PASSED,-0.2660094667610341,-5.335133935207434e-06,2.31866690018591e-05,2.6575637652544626,2.7940375160559797e-05,-0.0001214189829955924
3.3966793358671734,PASSED,-0.2660094720846686,-5.312087149716608e-06,2.2953529816804048e-05,2.6575637931346088,2.7819672243048146e-05,-0.00012022554052235818
3.3976795359071814,PASSED,-0.26600947738536973,-5.289268971114442e-06,2.2727944459074473e-05,2.6575638208946564,2.7700174745556918e-05,-0.00011901213547047837
3.3986797359471894,PASSED,-0.26600948266336155,-5.266670442389037e-06,2.2512251569625446e-05,2.657563848535771,2.7581827882627943e-05,-0.00011790334790130661
3.3996799359871974,PASSED,-0.2660094879188587,-5.244281649844754e-06,2.2306486527388316e-05,2.657563876059082,2.746457219739522e-05,-0.00011682391012033485
3.4006801360272054,PASSED,-0.2660094931520666,-5.222093627590242e-06,2.2109046072596064e-05,2.65756390346566,2.7348371595737165e-05,-0.00011578506268320268
3.4016803360672134,PASSED,-0.2660094983631819,-5.200098046464203e-06,2.191993782833281e-05,2.6575639307565386,2.7233182234198003e-05,-0.00011479222744313663
3.4026805361072214,PASSED,-0.26600950355239156,-5.178284885424382e-06,2.174197651414473e-05,2.6575639579327004,2.7118950104111485e-05,-0.00011385873184877067
3.4036807361472294,PASSED,-0.26600950871987383,-5.156644793366932e-06,2.1572169086319493e-05,2.6575639849950696,2.7005610931875035e-05,-0.0001129927991615666
3.4046809361872374,PASSED,-0.26600951386579763,-5.135169605028311e-06,2.141053450682254e-05,2.65756401194454,2.6893148268046042e-05,-0.00011210924027394063
3.4056811362272454,PASSED,-0.2660095189903229,-5.113849862993807e-06,2.1259213719626327e-05,2.6575640387819432,2.6781501004054127e-05,-0.00011133927980389281
3.4066813362672534,PASSED,-0.26600952409360046,-5.092676149943178e-06,2.1116712604630316e-05,2.6575640655080717,2.667060475115111e-05,-0.00011060090163576486
3.4076815363072614,PASSED,-0.26600952917577236,-5.071640082742253e-06,2.0982303598455268e-05,2.65756409212367,2.6560441294352304e-05,-0.0001098718269075011
3.4086817363472695,PASSED,-0.26600953423697166,-5.0507327949274426e-06,2.0857277292379593e-05,2.6575641186294328,2.6450952630019986e-05,-0.00010923322261552605
3.4096819363872775,PASSED,-0.2660095392773225,-5.029945156631776e-06,2.074121229785653e-05,2.657564145026012,2.6342081371506883e-05,-0.00010862994911148643
3.4106821364272855,PASSED,-0.26600954429694046,-5.009268595305422e-06,2.0633460678687167e-05,2.657564171314011,2.6233797998450625e-05,-0.000108052322352768
3.4116823364672935,PASSED,-0.26600954929593246,-4.98869490146135e-06,2.053384928766181e-05,2.6575641974939916,2.6126057377870854e-05,-0.00010753281939777785
3.4126825365073015,PASSED,-0.26600955427439676,-4.96821527260594e-06,2.0443481900576915e-05,2.657564223566469,2.6018802232524636e-05,-0.00010707002931184206
3.4136827365473095,PASSED,-0.26600955923242336,-4.947821087172296e-06,2.0361321122355158e-05,2.657564249531912,2.5911993368332456e-05,-0.00010663475411240221
3.4146829365873175,PASSED,-0.26600956417009397,-4.927504781871373e-06,2.0286294753300416e-05,2.6575642753907474,2.5805596517578718e-05,-0.00010623824851463131
3.4156831366273255,PASSED,-0.266009569087482,-4.907257871364638e-06,2.022065434235852e-05,2.657564301143366,2.569956945693156e-05,-0.00010588626873550566
3.4166833366673335,PASSED,-0.26600957398465297,-4.887072161389373e-06,2.016241373053544e-05,2.657564326790104,2.5593849238510007e-05,-0.00010560951821225117
3.4176835367073415,PASSED,-0.2660095788616645,-4.866940404574468e-06,2.0111318871150927e-05,2.6575643523312666,2.5488415784466377e-05,-0.00010531607793121418
3.4186837367473495,PASSED,-0.26600958371856637,-4.846854694926899e-06,2.006863683184809e-05,2.6575643777671174,2.5383238320613048e-05,-0.00010508505446807826
3.4196839367873575,PASSED,-0.2660095885554009,-4.826807206405093e-06,2.003338964844505e-05,2.6575644030978713,2.5278239667394997e-05,-0.00010494105238469598
3.4206841368273655,PASSED,-0.266009593372203,-4.806791025821547e-06,2.0004707873614126e-05,2.6575644283237128,2.51734064890861e-05,-0.00010476126225836625
3.4216843368673735,PASSED,-0.2660095981690003,-4.786799183607585e-06,1.99832651075269e-05,2.657564453444792,2.506872516526746e-05,-0.000104628031525488
3.4226845369073815,PASSED,-0.26600960294581333,-4.766824119200236e-06,1.99695972738976e-05,2.6575644784612122,2.496411002686771e-05,-0.00010460654298259215
3.4236847369473895,PASSED,-0.2660096077026559,-4.7468594586396025e-06,1.996136941845643e-05,2.6575645033730453,2.485954216609615e-05,-0.00010454207263087063
3.4246849369873975,PASSED,-0.2660096124395351,-4.726898717857645e-06,1.9960321690956996e-05,2.6575645281803273,2.4755016166704578e-05,-0.00010451528389870569
3.4256851370274055,PASSED,-0.2660096171564514,-4.706935021845155e-06,1.9965945560180308e-05,2.6575645528830645,2.4650468808002184e-05,-0.00010456874190485631
3.4266853370674135,PASSED,-0.26600962185339916,-4.68696267262247e-06,1.9976618331020547e-05,2.6575645774812258,2.4545865459545612e-05,-0.0001046264194910463
3.4276855371074215,PASSED,-0.2660096265303666,-4.6669757173017736e-06,1.9993846647149147e-05,2.6575646019747494,2.4441197148595472e-05,-0.00010469623858954126
3.4286857371474295,PASSED,-0.26600963118733606,-4.646967969770861e-06,2.0017014786756395e-05,2.6575646263635426,2.43364170986465e-05,-0.00010483592418859674
3.4296859371874375,PASSED,-0.2660096358242842,-4.626934139877704e-06,2.0045039964091727e-05,2.6575646506474833,2.423149419038409e-05,-0.00010498089764495967
3.4306861372274455,PASSED,-0.2660096404411825,-4.606869292201654e-06,2.0078052817355954e-05,2.6575646748264212,2.4126415565704968e-05,-0.00010514377603522846
3.4316863372674535,PASSED,-0.26600964503799707,-4.586767846311621e-06,2.011704127181728e-05,2.6575646989001798,2.4021144598103964e-05,-0.00010535576197819008
3.4326865373074615,PASSED,-0.26600964961468887,-4.566624666421117e-06,2.0160605636294743e-05,2.657564722868555,2.3915652470057408e-05,-0.00010558303875880302
3.4336867373474695,PASSED,-0.2660096541712145,-4.546436096525368e-06,2.020721273538463e-05,2.657564746731318,2.3809923260139187e-05,-0.00010582665735783945
3.4346869373874775,PASSED,-0.26600965870752574,-4.5261971419770395e-06,2.0260115756957075e-05,2.6575647704882166,2.370393056615102e-05,-0.00010610338507505132
3.4356871374274855,PASSED,-0.2660096632235704,-4.505903546384632e-06,2.0315915482708424e-05,2.657564794138982,2.35976582824774e-05,-0.00010638488273932267
3.4366873374674936,PASSED,-0.26600966771929185,-4.4855516691608785e-06,2.0375851717783714e-05,2.6575648176833093,2.3491066508669173e-05,-0.00010672970118749332
3.4376875375075016,PASSED,-0.26600967219463023,-4.465137977486283e-06,2.043891831247027e-05,2.6575648411208923,2.338416013454603e-05,-0.00010702415608023905
3.4386877375475096,PASSED,-0.2660096766495217,-4.444658688832963e-06,2.0506202213887873e-05,2.657564864451394,2.327691771332448e-05,-0.00010738793131575991
3.4396879375875176,PASSED,-0.26600968108389933,-4.424110849115035e-06,2.0575598053955204e-05,2.6575648876744626,2.3169298884817616e-05,-0.00010777275996759894
3.4406881376275256,PASSED,-0.26600968549769316,-4.403491670886987e-06,2.0648231677441042e-05,2.657564910789734,2.3061316535700878e-05,-0.00010812207521616086
3.4416883376675336,PASSED,-0.2660096898908303,-4.382798149659121e-06,2.0723714261483067e-05,2.657564933796824,2.2952947958889157e-05,-0.00010853291120875513
3.4426885377075416,PASSED,-0.2660096942632355,-4.362028176388872e-06,2.080081260942643e-05,2.657564956695341,2.2844168967786438e-05,-0.00010894304436536493
3.4436887377475496,PASSED,-0.2660096986148311,-4.3411793926784935e-06,2.0880764444346132e-05,2.657564979484876,2.2734984053951202e-05,-0.00010934616014848094
3.4446889377875576,PASSED,-0.2660097029455374,-4.320249825926892e-06,2.0962101623104727e-05,2.657565002165012,2.262537720759888e-05,-0.00010978063715488526
3.4456891378275656,PASSED,-0.266009707255273,-4.299238365014925e-06,2.1044367104539987e-05,2.657565024735324,2.2515335227411623e-05,-0.00011021620887550561
3.4466893378675736,PASSED,-0.2660097115439548,-4.278142742006317e-06,2.1129793611320395e-05,2.6575650471953787,2.2404861759631435e-05,-0.00011064497371664556
3.4476895379075816,PASSED,-0.2660097158114985,-4.25696198912242e-06,2.121472573228097e-05,2.65756506954473,2.2293936095623462e-05,-0.00011111279086886079
3.4486897379475896,PASSED,-0.26600972005781875,-4.235695996753398e-06,2.1300170126848162e-05,2.6575650917829328,2.2182559753358277e-05,-0.00011155204319607017
3.4496899379875976,PASSED,-0.26600972428282943,-4.214343251056956e-06,2.1387796076170882e-05,2.65756511390954,2.2070744423283203e-05,-0.00011199085466107221
3.4506901380276056,PASSED,-0.2660097284864438,-4.192903259554459e-06,2.1474788453382276e-05,2.657565135924089,2.195845580700303e-05,-0.00011248712402623924
3.4516903380676136,PASSED,-0.26600973266857464,-4.1713763264986545e-06,2.1561696124084956e-05,2.6575651578261303,2.18457139721645e-05,-0.0001129116420467282
3.4526905381076216,PASSED,-0.2660097368291351,-4.1497624718283935e-06,2.164862703437792e-05,2.657565179615205,2.173252818906757e-05,-0.00011336854379706157
3.4536907381476296,PASSED,-0.2660097409680381,-4.128061454329011e-06,2.1735944476053154e-05,2.6575652012908586,2.1618876053108242e-05,-0.00011384119740083923
3.4546909381876376,PASSED,-0.266009745085197,-4.1062739974647335e-06,2.182179845642679e-05,2.6575652228526363,2.15047698818107e-05,-0.00011428282056200544
3.4556911382276456,PASSED,-0.2660097491805259,-4.0844012445954685e-06,2.1906722477823278e-05,2.6575652443000917,2.139022860764126e-05,-0.00011471357657439016
3.4566913382676536,PASSED,-0.2660097532539398,-4.0624437744949536e-06,2.1991301848976542e-05,2.6575652656327753,2.127523454416086e-05,-0.00011518105475107297
3.4576915383076616,PASSED,-0.26600975730535453,-4.040402716864034e-06,2.2074228152214107e-05,2.65756528685025,2.1159801485694377e-05,-0.00011560106094341822
3.4586917383476696,PASSED,-0.2660097613346875,-4.018279800677012e-06,2.2155374876895108e-05,2.6575653079520816,2.1043947171862614e-05,-0.00011602314909066231
3.4596919383876776,PASSED,-0.26600976534185755,-3.996076632822998e-06,2.223502983876039e-05,2.6575653289378427,2.0927664059523026e-05,-0.00011645642117220869
3.4606921384276856,PASSED,-0.2660097693267852,-3.973794800669186e-06,2.2313033697178936e-05,2.6575653498071214,2.0810973456050278e-05,-0.00011684672500644244
3.4616923384676936,PASSED,-0.26600977328939296,-3.951436292327784e-06,2.2388824770884283e-05,2.657565370559509,2.0693884100232178e-05,-0.00011725110969253535
3.4626925385077016,PASSED,-0.26600977722960545,-3.9290037357217785e-06,2.2461711162752514e-05,2.657565391194609,2.0576397505285992e-05,-0.00011764358511528263
3.4636927385477096,PASSED,-0.2660097811473497,-3.906499405731515e-06,2.2532742541938612e-05,2.657565411712043,2.0458542844823654e-05,-0.00011799537736037393
3.4646929385877177,PASSED,-0.26600978504255524,-3.883925709489449e-06,2.2600998708817987e-05,2.6575654321114435,2.0340331884963368e-05,-0.0001183546815268926
3.4656931386277257,PASSED,-0.2660097889151543,-3.8612856986345626e-06,2.2666018952265755e-05,2.6575654523924523,2.02217594275516e-05,-0.00011871764133501441
3.4666933386677337,PASSED,-0.26600979276508224,-3.838582815621971e-06,2.2727459052807676e-05,2.6575654725547264,2.0102853983976343e-05,-0.00011903064506875117
3.4676935387077417,PASSED,-0.26600979659227725,-3.815819495192327e-06,2.278722801420195e-05,2.657565492597951,1.9983652998097054e-05,-0.00011931454641964933
3.4686937387477497,PASSED,-0.26600980039668093,-3.7929992395675924e-06,2.2842274031757104e-05,2.657565512521816,1.9864144779771964e-05,-0.00011963733292871635
3.4696939387877577,PASSED,-0.2660098041782383,-3.7701259996780135e-06,2.289388379479285e-05,2.6575655323260348,1.974434648064839e-05,-0.00011990560992014636
3.4706941388277657,PASSED,-0.266009807936898,-3.747203338864639e-06,2.2941845492429713e-05,2.6575655520103343,1.962430039855549e-05,-0.00012013973020806759
3.4716943388677737,PASSED,-0.2660098116726124,-3.724234671959307e-06,2.298654784726622e-05,2.6575655715744704,1.9504019787278432e-05,-0.00012037453198971492
3.4726945389077817,PASSED,-0.26600981538533786,-3.701224346607079e-06,2.3026177022202994e-05,2.657565591018212,1.938350983418108e-05,-0.00012060023383577762
3.4736947389477897,PASSED,-0.2660098190750346,-3.6781766419541035e-06,2.306205640682364e-05,2.6575656103413503,1.926280280988896e-05,-0.00012077821792967814
3.4746949389877977,PASSED,-0.2660098227416674,-3.6550954133008387e-06,2.309401015089246e-05,2.657565629543703,1.9141933640818234e-05,-0.00012092980316476273
3.4756951390278057,PASSED,-0.26600982638520493,-3.631985105452814e-06,2.3121172979446567e-05,2.6575656486251042,1.90209031121611e-05,-0.00012109767898538694
3.4766953390678137,PASSED,-0.2660098300056205,-3.608850598653854e-06,2.3143396011969336e-05,2.657565667585411,1.889973495945746e-05,-0.00012121513518248001
3.4776955391078217,PASSED,-0.26600983360289204,-3.5856962441421115e-06,2.316166017825715e-05,2.657565686424515,1.8778484673165817e-05,-0.00012127372036441984
3.4786957391478297,PASSED,-0.26600983717700216,-3.5625267323723135e-06,2.317474616415897e-05,2.657565705142321,1.865714908885004e-05,-0.00012137682695001221
3.4796959391878377,PASSED,-0.26600984072793815,-3.539347003090018e-06,2.318305136105284e-05,2.657565723738763,1.853574393462848e-05,-0.0001214240390692575
3.4806961392278457,PASSED,-0.26600984425569213,-3.5161617671605447e-06,2.318669230842048e-05,2.6575657422137997,1.8414326934597697e-05,-0.00012141230733846629
3.4816963392678537,PASSED,-0.2660098477602613,-3.492976301834084e-06,2.318464733848712e-05,2.6575657605674166,1.8292908766885454e-05,-0.00012142207462809474
3.4826965393078617,PASSED,-0.266009851241648,-3.4697956703733768e-06,2.3177954208854152e-05,2.657565778799624,1.8171500499381705e-05,-0.00012139906275418165
3.4836967393478697,PASSED,-0.2660098546998594,-3.446624650900047e-06,2.316639631631304e-05,2.657565796910464,1.805015957431887e-05,-0.00012130216660194108
3.4846969393878777,PASSED,-0.26600985813490796,-3.423468861732049e-06,2.314871773578881e-05,2.6575658148999954,1.792889231698654e-05,-0.00012124398448591972
3.4856971394278857,PASSED,-0.26600986154681155,-3.400333662517095e-06,2.3126186867730405e-05,2.657565832768317,1.780772459739724e-05,-0.00012111687632488715
3.4866973394678937,PASSED,-0.26600986493559325,-3.37722404976171e-06,2.309856334715542e-05,2.6575658505155495,1.768670640824647e-05,-0.00012095239770136281
3.4876975395079017,PASSED,-0.26600986830128137,-3.3541453235950766e-06,2.3065501379618003e-05,2.657565868141839,1.756584259235101e-05,-0.00012080476135819107
3.4886977395479097,PASSED,-0.2660098716439097,-3.331103308475118e-06,2.3026357613519546e-05,2.6575658856473616,1.7445161465174388e-05,-0.0001205987043889024
3.4896979395879177,PASSED,-0.2660098749635176,-3.3081034465442315e-06,2.2982198142464202e-05,2.657565903032327,1.7324717903527426e-05,-0.00012034013315233842
3.4906981396279257,PASSED,-0.26600987826014955,-3.285150440928323e-06,2.293354393153917e-05,2.657565920296965,1.7204511960908593e-05,-0.00012011648226316247
3.4916983396679337,PASSED,-0.26600988153385563,-3.2622503983299883e-06,2.2877708376197925e-05,2.657565937441539,1.7084575382832394e-05,-0.00011981664195155526
3.4926985397079418,PASSED,-0.2660098847846915,-3.2394088696555325e-06,2.2817408873294582e-05,2.6575659544663415,1.6964960220082536e-05,-0.00011948084328206333
3.4936987397479498,PASSED,-0.2660098880127183,-3.2166311886144024e-06,2.2751195819687044e-05,2.657565971371693,1.6845675594887904e-05,-0.00011915381313635147
3.4946989397879578,PASSED,-0.2660098912180024,-3.1939224830955415e-06,2.268037865164341e-05,2.6575659881579363,1.6726737671890283e-05,-0.000118793996238467
3.4956991398279658,PASSED,-0.26600989440061584,-3.171288622264407e-06,2.2602848950794674e-05,2.657566004825454,1.660820689837417e-05,-0.000118355291701213
3.4966993398679738,PASSED,-0.2660098975606361,-3.1487350631013283e-06,2.2520699304600668e-05,2.657566021374649,1.6490099101069032e-05,-0.00011794280104108461
3.4976995399079818,PASSED,-0.2660099006981459,-3.1262666049819446e-06,2.243363066257246e-05,2.657566037805958,1.637242687779458e-05,-0.00011749183809669684
3.4986997399479898,PASSED,-0.2660099038132334,-3.1038893615169403e-06,2.2339651999958683e-05,2.6575660541198403,1.6255234767129442e-05,-0.0001169922923774282
3.4996999399879978,PASSED,-0.26600990690599247,-3.081608612710261e-06,2.2241480011160132e-05,2.657566070316785,1.613854956884404e-05,-0.00011648046889072202
3.500700140028006,PASSED,-0.26600990997652174,-3.059428811147469e-06,2.2138682597212746e-05,2.6575660863973116,1.6022392720577128e-05,-0.00011594110118437694
3.501700340068014,PASSED,-0.2660099130249255,-3.037356014880118e-06,2.2028872047443805e-05,2.6575661023619666,1.5906798655315045e-05,-0.00011536270798055553
3.502700540108022,PASSED,-0.26600991605131286,-3.0153954583467077e-06,2.191501285738737e-05,2.657566118211318,1.5791785389441584e-05,-0.000114780304468738
3.50370074014803,PASSED,-0.2660099190557985,-2.9935516582092622e-06,2.1796324990817392e-05,2.6575661339459726,1.5677391568263158e-05,-0.00011413616565154721
3.504700940188038,PASSED,-0.2660099220385019,-2.971829600470571e-06,2.1672546237273395e-05,2.657566149566551,1.556363575401614e-05,-0.0001135022466440028
3.505701140228046,PASSED,-0.26600992499954745,-2.9502349251266514e-06,2.1542761415016518e-05,2.657566165073705,1.5450535273088653e-05,-0.00011283263711647472
3.506701340268054,PASSED,-0.26600992793906475,-2.9287722716681177e-06,2.140924815421185e-05,2.657566180468117,1.5338139283579585e-05,-0.00011210489110413405
3.507701540308062,PASSED,-0.266009930857188,-2.9074458675002466e-06,2.1271174843643768e-05,2.6575661957504884,1.5226458691387327e-05,-0.0001113977262510052
3.50870174034807,PASSED,-0.2660099337540561,-2.8862608909381623e-06,2.1127511041044812e-05,2.6575662109215425,1.5115499399986478e-05,-0.00011066700150074633
3.509701940388078,PASSED,-0.26600993662981276,-2.865221985338405e-06,2.0979835305565043e-05,2.6575662259820354,1.5005320099374729e-05,-0.0001098541666857522
3.510702140428086,PASSED,-0.26600993948460605,-2.844333349897855e-06,2.082783553053991e-05,2.65756624093274,1.4895931057482879e-05,-0.00010907895869591428
3.511702340468094,PASSED,-0.26600994231858865,-2.8235996647541554e-06,2.0670918219139385e-05,2.6575662557744613,1.4787343196813373e-05,-0.00010826046198523613
3.512702540508102,PASSED,-0.2660099451319173,-2.803024764451942e-06,2.051088835759579e-05,2.6575662705080156,1.4679591603644572e-05,-0.0001074123472911783
3.51370274054811,PASSED,-0.26600994792475313,-2.78261299121476e-06,2.0345696490239708e-05,2.6575662851342456,1.4572691940666192e-05,-0.00010655787343651119
3.514702940588118,PASSED,-0.26600995069726135,-2.7623687467581207e-06,2.0176609767573092e-05,2.657566299654022,1.4466675697625829e-05,-0.0001056551561095981
3.515703140628126,PASSED,-0.2660099534496109,-2.7422952005876083e-06,2.0004837105805315e-05,2.657566314068225,1.4361549500109357e-05,-0.00010477355845438966
3.516703340668134,PASSED,-0.2660099561819748,-2.722396400494763e-06,1.9828108750871912e-05,2.6575663283777637,1.4257336718874272e-05,-0.00010383892975554843
3.517703540708142,PASSED,-0.2660099588945296,-2.702676207429561e-06,1.9648249274755364e-05,2.657566342583559,1.415406120593095e-05,-0.00010289990173516862
3.51870374074815,PASSED,-0.2660099615874555,-2.6831379046218955e-06,1.946500516293862e-05,2.657566356686558,1.405174001755844e-05,-0.00010193537946407257
3.519703940788158,PASSED,-0.2660099642609358,-2.6637845948778807e-06,1.9278846131398813e-05,2.65756637068772,1.3950384705326284e-05,-0.00010096860074420955
3.520704140828166,PASSED,-0.2660099669151575,-2.644619749179601e-06,1.9088845409533283e-05,2.6575663845880206,1.385001273915359e-05,-9.997420979168465e-05
3.521704340868174,PASSED,-0.2660099695503104,-2.625646645087432e-06,1.889594321392668e-05,2.657566398388459,1.375065425957223e-05,-9.894799277447901e-05
3.522704540908182,PASSED,-0.26600997216658745,-2.6068675022649354e-06,1.8701275894876585e-05,2.6575664120900435,1.3652308508982057e-05,-9.794425580063429e-05
3.52370474094819,PASSED,-0.2660099747641842,-2.5882853039130655e-06,1.8502813323198053e-05,2.6575664256938003,1.355499108980033e-05,-9.689952810245887e-05
3.524704940988198,PASSED,-0.26600997734329895,-2.5699029573039647e-06,1.8302035466368962e-05,2.6575664392007643,1.345872147571531e-05,-9.584967140672453e-05
3.525705141028206,PASSED,-0.26600997990413255,-2.551722680668395e-06,1.80991040817038e-05,2.657566452611986,1.3363505728378517e-05,-9.479313129017243e-05
3.526705341068214,PASSED,-0.266009982446888,-2.5337463360545052e-06,1.7894504968681228e-05,2.6575664659285363,1.3269369245807615e-05,-9.369871675805667e-05
3.527705541108222,PASSED,-0.26600998497177075,-2.5159765266731857e-06,1.7686678989745325e-05,2.6575664791514844,1.317630961371512e-05,-9.263357564878558e-05
3.5287057411482294,PASSED,-0.2660099874789879,-2.498414982193343e-06,1.7478121473241176e-05,2.6575664922819175,1.3084332648967119e-05,-9.15392241474793e-05
3.5297059411882374,PASSED,-0.2660099899687487,-2.481063458942627e-06,1.7267124435698683e-05,2.6575665053209283,1.2993460340659193e-05,-9.0427697748225e-05
3.5307061412282454,PASSED,-0.26600999244126383,-2.4639233850361364e-06,1.7055373553685247e-05,2.6575665182696264,1.2903705759855678e-05,-8.93058361737086e-05
3.5317063412682534,PASSED,-0.2660099948967456,-2.446996266374502e-06,1.6841615400266848e-05,2.6575665311291163,1.2815051660855086e-05,-8.821960755184716e-05
3.5327065413082614,PASSED,-0.2660099973354077,-2.430283762479051e-06,1.6626429558907175e-05,2.65756654390052,1.2727520342067389e-05,-8.70724596115979e-05
3.5337067413482695,PASSED,-0.26600999975746475,-2.4137863257301766e-06,1.6411441542185626e-05,2.657566556584967,1.2641138000799335e-05,-8.592226237235661e-05
3.5347069413882775,PASSED,-0.26601000216313253,-2.397504760766051e-06,1.6194980578752776e-05,2.65756656918358,1.2555865222941545e-05,-8.483978818141478e-05
3.5357071414282855,PASSED,-0.2660100045526276,-2.3814406576943372e-06,1.5976851400354573e-05,2.6575665816974947,1.247172558114882e-05,-8.367287753359911e-05
3.5367073414682935,PASSED,-0.26601000692616716,-2.3655940171499626e-06,1.5759833307054076e-05,2.657566594127851,1.2388748810605872e-05,-8.251269921584782e-05
3.5377075415083015,PASSED,-0.26601000928396884,-2.34996481566379e-06,1.5542113605584874e-05,2.6575666064757884,1.2306900054056649e-05,-8.140612810480561e-05
3.5387077415483095,PASSED,-0.26601001162625065,-2.3345539222011847e-06,1.532341336728572e-05,2.6575666187424414,1.2226174257897974e-05,-8.02722415279208e-05
3.5397079415883175,PASSED,-0.26601001395323076,-2.3193614962460833e-06,1.5105101013645289e-05,2.6575666309289665,1.2146628202881353e-05,-7.906193067575382e-05
3.5407081416283255,PASSED,-0.26601001626512727,-2.3043869938579042e-06,1.4887436637867696e-05,2.6575666430364913,1.2068203771300374e-05,-7.799943218446458e-05
3.5417083416683335,PASSED,-0.26601001856215795,-2.2896297670353104e-06,1.4670420279078231e-05,2.6575666550661667,1.1990907271286889e-05,-7.68278785661669e-05
3.5427085417083415,PASSED,-0.26601002084454023,-2.2750900592542315e-06,1.4452566115745668e-05,2.657566667019127,1.1914775785052756e-05,-7.566722467944517e-05
3.5437087417483495,PASSED,-0.2660100231124911,-2.260767374296837e-06,1.4236097518494513e-05,2.6575666788965098,1.1839765175528246e-05,-7.457286608788746e-05
3.5447089417883575,PASSED,-0.26601002536622687,-2.2466601456384453e-06,1.4021316084989664e-05,2.657566690699446,1.1765875428140215e-05,-7.343433492146363e-05
3.5457091418283655,PASSED,-0.26601002760596293,-2.232767898435088e-06,1.3806201282269253e-05,2.6575667024290652,1.1693127997996621e-05,-7.228949362501615e-05
3.5467093418683735,PASSED,-0.2660100298319135,-2.2190895097211956e-06,1.3593180334974318e-05,2.6575667140864905,1.1621497802427442e-05,-7.119066353195162e-05
3.5477095419083815,PASSED,-0.26601003204429186,-2.205623602882147e-06,1.3381057841764655e-05,2.6575667256728392,1.1550972100940828e-05,-7.008239345638924e-05
3.5487097419483895,PASSED,-0.26601003424330977,-2.1923689940434747e-06,1.3170309503276988e-05,2.6575667371892138,1.148155147706363e-05,-6.897944415773837e-05
3.5497099419883975,PASSED,-0.26601003642917753,-2.179323793094188e-06,1.2961795246626754e-05,2.657566748636723,1.1413239044706546e-05,-6.786775782331498e-05
3.5507101420284055,PASSED,-0.2660100386021038,-2.166486336441084e-06,1.2754564257421695e-05,2.6575667600164548,1.1346007167241994e-05,-6.68079572253753e-05
3.5517103420684135,PASSED,-0.2660100407622956,-2.1538550625139737e-06,1.2549080373569311e-05,2.6575667713294986,1.1279856000062667e-05,-6.57133071486269e-05
3.5527105421084215,PASSED,-0.2660100429099576,-2.1414274461721435e-06,1.2346640320670984e-05,2.657566782576923,1.121477556100066e-05,-6.465852700425953e-05
3.5537107421484295,PASSED,-0.26601004504529274,-2.129201644266487e-06,1.2145242962312895e-05,2.6575667937597873,1.1150739813718562e-05,-6.362056080065669e-05
3.5547109421884375,PASSED,-0.2660100471685017,-2.11717551455465e-06,1.1946720878186575e-05,2.657566804879147,1.108776083771876e-05,-6.255125279923011e-05
3.5557111422284455,PASSED,-0.26601004927978256,-2.1053461196484364e-06,1.1751177591565309e-05,2.657566815936042,1.1025819889033427e-05,-6.153407927606444e-05
3.5567113422684535,PASSED,-0.2660100513793311,-2.093711228960968e-06,1.155736608473801e-05,2.657566826931493,1.0964880336382524e-05,-6.054320156746328e-05
3.5577115423084615,PASSED,-0.2660100534673404,-2.082268291720132e-06,1.1366651344901359e-05,2.6575668378665114,1.090494733057112e-05,-5.95262086406998e-05
3.5587117423484695,PASSED,-0.26601005554400087,-2.0710141470622505e-06,1.1179140199868407e-05,2.657566848742096,1.0846017926854673e-05,-5.8531533766946033e-05
3.5597119423884775,PASSED,-0.2660100576095,-2.059946059651099e-06,1.0994052218673921e-05,2.657566859559227,1.0788052070687278e-05,-5.758873776769631e-05
3.5607121424284855,PASSED,-0.2660100596640221,-2.0490609420063942e-06,1.0812494595392158e-05,2.6575668703188713,1.0731039827459926e-05,-5.662791353378855e-05
3.5617123424684936,PASSED,-0.2660100617077486,-2.0383555928927042e-06,1.0633918792555653e-05,2.657566881021981,1.06749844565525e-05,-5.5673675823185006e-05
3.5627125425085016,PASSED,-0.2660100637408576,-2.027826502796095e-06,1.0459204299311776e-05,2.657566891669481,1.0619836089677832e-05,-5.479816090899096e-05
3.5637127425485096,PASSED,-0.26601006576352393,-2.017470782097444e-06,1.0286731631543838e-05,2.657566902262295,1.056560012308694e-05,-5.3861170378829214e-05
3.5647129425885176,PASSED,-0.26601006777591896,-2.00728489566556e-06,1.0118656298776948e-05,2.6575669128013186,1.0512266575149779e-05,-5.298179964271224e-05
3.5657131426285256,PASSED,-0.2660100697782105,-1.9972646048073146e-06,9.954713897891403e-06,2.657566923287429,1.0459783043018579e-05,-5.215135379019191e-05
3.5667133426685336,PASSED,-0.2660100717705628,-1.9874067779397984e-06,9.793235513932816e-06,2.6575669337214896,1.0408158094004904e-05,-5.1274012495996267e-05
3.5677135427085416,PASSED,-0.26601007375313634,-1.977708033888078e-06,9.635749743578309e-06,2.6575669441043335,1.0357365256720637e-05,-5.047205380977913e-05
3.5687137427485496,PASSED,-0.26601007572608787,-1.9681636786414447e-06,9.483425582003172e-06,2.657566954436788,1.0307378108237777e-05,-4.9663878264913224e-05
3.5697139427885576,PASSED,-0.2660100776895702,-1.958770186818786e-06,9.333535983096199e-06,2.657566964719652,1.0258188411753063e-05,-4.887357529791644e-05
3.5707141428285656,PASSED,-0.26601007964373224,-1.9495239292398357e-06,9.188071976186029e-06,2.6575669749537068,1.0209766747640214e-05,-4.812038998947202e-05
3.5717143428685736,PASSED,-0.26601008158871886,-1.9404203806996678e-06,9.047199582822157e-06,2.6575669851397077,1.0162085445458597e-05,-4.738857697638135e-05
3.5727145429085816,PASSED,-0.2660100835246709,-1.9314555782656673e-06,8.909871001453237e-06,2.6575669952783953,1.0115138900148582e-05,-4.665185753243624e-05
3.5737147429485896,PASSED,-0.266010085451725,-1.9226253627687094e-06,8.7771118272945e-06,2.6575670053704816,1.0068894411091293e-05,-4.597291007386115e-05
3.5747149429885976,PASSED,-0.2660100873700137,-1.9139255909627553e-06,8.648211791727379e-06,2.657567015416667,1.0023334051557704e-05,-4.528532584007624e-05
3.5757151430286056,PASSED,-0.2660100892796652,-1.905351991297245e-06,8.523858248032262e-06,2.6575670254176145,9.97843046543629e-06,-4.464909297563959e-05
3.5767153430686136,PASSED,-0.2660100911808034,-1.8968999227465197e-06,8.404208752520698e-06,2.6575670353739795,9.934167574202292e-06,-4.4005423406236155e-05
3.5777155431086216,PASSED,-0.266010093073548,-1.8885654903093165e-06,8.287914893658034e-06,2.657567045286388,9.89052496165157e-06,-4.340073864704315e-05
3.5787157431486296,PASSED,-0.2660100949580142,-1.8803441869120017e-06,8.176895733086217e-06,2.657567055155441,9.847464567467688e-06,-4.283349787510624e-05
3.5797159431886376,PASSED,-0.266010096834313,-1.8722314246563996e-06,8.07000660394612e-06,2.6575670649817194,9.804974551671633e-06,-4.2261027743356204e-05
3.5807161432286456,PASSED,-0.2660100987025507,-1.8642229627232714e-06,7.967432152582831e-06,2.6575670747657845,9.763042716831032e-06,-4.171237290543179e-05
3.5817163432686536,PASSED,-0.2660101005628295,-1.856314460530837e-06,7.869215552335226e-06,2.6575670845081656,9.721620322119386e-06,-4.1229075915786496e-05
3.5827165433086616,PASSED,-0.26601010241524675,-1.8485010697535386e-06,7.776174260607173e-06,2.657567094209378,9.680698931055647e-06,-4.071626782903883e-05
3.5837167433486696,PASSED,-0.26601010425989585,-1.840778693277863e-06,7.686511285721381e-06,2.657567103869905,9.640260142959772e-06,-4.025380160710097e-05
3.5847169433886776,PASSED,-0.26601010609686526,-1.8331428479786826e-06,7.602067974819469e-06,2.6575671134902143,9.600269139689933e-06,-3.9815804378329506e-05
3.5857171434286856,PASSED,-0.26601010792623936,-1.8255888568112606e-06,7.521939962490336e-06,2.6575671230707463,9.56070826972728e-06,-3.939091368553407e-05
3.5867173434686936,PASSED,-0.26601010974809775,-1.8181123766379831e-06,7.446173647135562e-06,2.657567132611919,9.521555576143965e-06,-3.899388018183422e-05
3.5877175435087016,PASSED,-0.2660101115625158,-1.8107090619008297e-06,7.374742130498589e-06,2.6575671421141265,9.482783600731001e-06,-3.862403890038289e-05
3.5887177435487096,PASSED,-0.2660101133695644,-1.8033744671238997e-06,7.3078298745512705e-06,2.657567151577741,9.44437241470783e-06,-3.826928410503157e-05
3.5897179435887177,PASSED,-0.26601011516931,-1.7961040231000565e-06,7.2455201233709316e-06,2.6575671610031053,9.406291931705898e-06,-3.795461559986464e-05
3.5907181436287257,PASSED,-0.26601011696181476,-1.7888934688743302e-06,7.187243627296384e-06,2.657567170390553,9.368535779674594e-06,-3.762384298559781e-05
3.5917183436687337,PASSED,-0.26601011874713626,-1.7817385286903736e-06,7.133404555063616e-06,2.6575671797403784,9.331063053569863e-06,-3.737198151748816e-05
3.5927185437087417,PASSED,-0.2660101205253281,-1.7746349218017544e-06,7.083741777656412e-06,2.657567189052867,9.293857433918414e-06,-3.709471174075718e-05
3.5937187437487497,PASSED,-0.26601012229643917,-1.7675781173364372e-06,7.038846257091042e-06,2.6575671983282745,9.256908035035154e-06,-3.6852523644928165e-05
3.5947189437887577,PASSED,-0.26601012406051455,-1.760564115900711e-06,6.997438221482752e-06,2.657567207566834,9.220171748635445e-06,-3.665879490289849e-05
3.5957191438287657,PASSED,-0.26601012581759487,-1.7535888012048593e-06,6.9605656787642974e-06,2.6575672167687596,9.183636777074131e-06,-3.6452422666923755e-05
3.5967193438687737,PASSED,-0.26601012756771664,-1.746648131914709e-06,6.927405031074216e-06,2.6575672259342435,9.147293094449936e-06,-3.627118926237572e-05
3.5977195439087817,PASSED,-0.26601012931091234,-1.7397374300156365e-06,6.899566477737576e-06,2.657567235063456,9.111103431254656e-06,-3.613531248388017e-05
3.5987197439487897,PASSED,-0.26601013104721044,-1.7328534363734996e-06,6.873611751736464e-06,2.657567244156545,9.075047656888324e-06,-3.6002748954633004e-05
3.5997199439887977,PASSED,-0.2660101327766354,-1.7259922241225094e-06,6.852945917159648e-06,2.657567253213637,9.039112028334444e-06,-3.589088162004485e-05
3.6007201440288057,PASSED,-0.26601013449920763,-1.7191489422782904e-06,6.83683912892519e-06,2.6575672622348434,9.003280288505779e-06,-3.579231196774645e-05
3.6017203440688137,PASSED,-0.26601013621494407,-1.7123209787567797e-06,6.822046449901279e-06,2.6575672712202496,8.967520867335996e-06,-3.573749397113961e-05
3.6027205441088217,PASSED,-0.2660101379238576,-1.7055042189519554e-06,6.813235374772917e-06,2.657567280169923,8.931815197547158e-06,-3.568445366730636e-05
3.6037207441488297,PASSED,-0.2660101396259576,-1.698694595105666e-06,6.807216160633899e-06,2.6575672890839135,8.896156586242617e-06,-3.564138306269679e-05
3.6047209441888377,PASSED,-0.2660101413212497,-1.6918890769493006e-06,6.8043861535199136e-06,2.6575672979622547,8.860522818161419e-06,-3.562869142686386e-05
3.6057211442288457,PASSED,-0.26601014300973624,-1.6850841352813002e-06,6.805312010987274e-06,2.65756730680495,8.824873815406728e-06,-3.5662543639910526e-05
3.6067213442688537,PASSED,-0.26601014469141593,-1.6782760949993106e-06,6.809859129324472e-06,2.657567315611999,8.78922148498138e-06,-3.564552161563855e-05
3.6077215443088617,PASSED,-0.2660101463662842,-1.6714618799138434e-06,6.817119056229387e-06,2.6575673243833773,8.753545766643296e-06,-3.569584948638145e-05
3.6087217443488697,PASSED,-0.2660101480343332,-1.6646384874424289e-06,6.827574748204524e-06,2.657567333119041,8.717798932623954e-06,-3.5780823707985304e-05
3.6097219443888777,PASSED,-0.26601014969555226,-1.6578024277953246e-06,6.841716246370774e-06,2.6575673418189374,8.682000141990451e-06,-3.581076858384544e-05
3.6107221444288857,PASSED,-0.2660101513499272,-1.650950814907135e-06,6.858210649402051e-06,2.6575673504829926,8.646130653789797e-06,-3.590863461186082e-05
3.6117223444688937,PASSED,-0.2660101529974413,-1.6440812243166103e-06,6.877177217940136e-06,2.657567359111113,8.610139351755132e-06,-3.604641364987141e-05
3.6127225445089017,PASSED,-0.2660101546380747,-1.637190311706381e-06,6.900069538421783e-06,2.6575673677032006,8.574050175574254e-06,-3.6117684534883794e-05
3.6137227445489097,PASSED,-0.2660101562718049,-1.6302752020077441e-06,6.925136472113692e-06,2.657567376259135,8.53784762880365e-06,-3.625912159441849e-05
3.6147229445889177,PASSED,-0.266010157898607,-1.6233343044642682e-06,6.951404924384105e-06,2.657567384778787,8.501489473496718e-06,-3.642417778194199e-05
3.6157231446289257,PASSED,-0.26601015951845325,-1.6163644353852398e-06,6.982178515457846e-06,2.657567393262011,8.46498662114437e-06,-3.6555302065951026e-05
3.6167233446689337,PASSED,-0.2660101611313137,-1.609363094010128e-06,7.014116614881406e-06,2.6575674017086515,8.428329227967503e-06,-3.67254539174779e-05
3.6177235447089418,PASSED,-0.2660101627371561,-1.602328757002746e-06,7.047817269048863e-06,2.6575674101185363,8.391482297750802e-06,-3.69279144161812e-05
3.6187237447489498,PASSED,-0.2660101643359461,-1.5952587470657994e-06,7.084805048878841e-06,2.6575674184914884,8.354456083744746e-06,-3.709174706597363e-05
3.6197239447889578,PASSED,-0.266010165927647,-1.588150881700949e-06,7.1232389088314864e-06,2.657567426827313,8.317236473876202e-06,-3.7304851736923735e-05
3.6207241448289658,PASSED,-0.2660101675122205,-1.5810041212690278e-06,7.16244144731418e-06,2.6575674351258134,8.279806674015258e-06,-3.751309861028802e-05
3.6217243448689738,PASSED,-0.2660101690896263,-1.5738162134469038e-06,7.2048854053306585e-06,2.6575674433867715,8.242156954763045e-06,-3.7740799680162876e-05
3.6227245449089818,PASSED,-0.2660101706598226,-1.5665852401212324e-06,7.248365272565099e-06,2.6575674516099785,8.204297949640805e-06,-3.793780875028983e-05
3.6237247449489898,PASSED,-0.26601017222276563,-1.5593100531590569e-06,7.293068088582673e-06,2.6575674597951977,8.16619609374105e-06,-3.8211220666065916e-05
3.6247249449889978,PASSED,-0.2660101737784106,-1.5519893688431147e-06,7.339095134181964e-06,2.6575674679421963,8.127848104989808e-06,-3.843916747469333e-05
3.625725145029006,PASSED,-0.2660101753267111,-1.5446215480340306e-06,7.3869712590188285e-06,2.6575674760507297,8.089266760893477e-06,-3.867612851075648e-05
3.626725345069014,PASSED,-0.26601017686761974,-1.537205625866408e-06,7.435222773358247e-06,2.657567484120554,8.050435323909594e-06,-3.893497596596582e-05
3.627725545109022,PASSED,-0.2660101784010878,-1.529740637684391e-06,7.484831787789441e-06,2.657567492151411,8.011334745095777e-06,-3.9210980712385676e-05
3.62872574514903,PASSED,-0.26601017992706566,-1.5222254526256135e-06,7.535420572769785e-06,2.6575675001430437,7.971979936606729e-06,-3.94506936734891e-05
3.629725945189038,PASSED,-0.26601018144550304,-1.5146596982604406e-06,7.58597689344134e-06,2.6575675080951826,7.932356175610591e-06,-3.9739139211237624e-05
3.630726145229046,PASSED,-0.2660101829563487,-1.507042394425757e-06,7.638188462178655e-06,2.6575675160075676,7.892465962921795e-06,-3.9990928340500984e-05
3.631726345269054,PASSED,-0.2660101844595509,-1.4993727732094361e-06,7.690576385748892e-06,2.6575675238799175,7.852295550844607e-06,-4.02900679016469e-05
3.632726545309062,PASSED,-0.2660101859550574,-1.4916509309482495e-06,7.742686178145057e-06,2.657567531711969,7.811857915811807e-06,-4.053601312023608e-05
3.63372674534907,PASSED,-0.26601018744281557,-1.4838763848333546e-06,7.795786072728073e-06,2.657567539503441,7.771146250358016e-06,-4.082876700949561e-05
3.634726945389078,PASSED,-0.26601018892277273,-1.4760487462666262e-06,7.84887356272875e-06,2.6575675472540565,7.730144331211806e-06,-4.1117353904017345e-05
3.635727145429086,PASSED,-0.2660101903948758,-1.4681681950120504e-06,7.90166971580707e-06,2.6575675549635425,7.688877830474214e-06,-4.1365931959973245e-05
3.636727345469094,PASSED,-0.26601019185907177,-1.460234693325085e-06,7.954723001071344e-06,2.65756756263162,7.647337509177114e-06,-4.1656580855186685e-05
3.637727545509102,PASSED,-0.2660101933153079,-1.452248371216311e-06,8.007388180575843e-06,2.6575675702580077,7.605499992640693e-06,-4.195814032391177e-05
3.63872774554911,PASSED,-0.2660101947635315,-1.444209514793828e-06,8.059835250421304e-06,2.6575675778424346,7.563402216992115e-06,-4.21908658650207e-05
3.639727945589118,PASSED,-0.26601019620369026,-1.4361186081825918e-06,8.111620851779488e-06,2.6575675853846263,7.521039773484711e-06,-4.24768286023263e-05
3.640728145629126,PASSED,-0.2660101976357324,-1.4279762180054062e-06,8.162903060789538e-06,2.6575675928843094,7.478386498756893e-06,-4.277090547814719e-05
3.641728345669134,PASSED,-0.26601019905960666,-1.4197827123617954e-06,8.213907365491713e-06,2.6575676003412183,7.435478400922787e-06,-4.299955940474435e-05
3.642728545709142,PASSED,-0.26601020047526236,-1.4115389506770567e-06,8.263664564236585e-06,2.6575676077550865,7.392314671876211e-06,-4.3273175474465007e-05
3.64372874574915,PASSED,-0.26601020188264973,-1.4032458101200166e-06,8.312791218909195e-06,2.6575676151256515,7.348873273609141e-06,-4.355354679547247e-05
3.644728945789158,PASSED,-0.26601020328171976,-1.394904206505345e-06,8.360811878513255e-06,2.657567622452659,7.3051867675541975e-06,-4.377514556125826e-05
3.645729145829166,PASSED,-0.2660102046724246,-1.386515115149612e-06,8.407944340546154e-06,2.6575676297358584,7.261262656381628e-06,-4.4023421580110396e-05
3.646729345869174,PASSED,-0.26601020605471726,-1.3780795936363305e-06,8.453906295105022e-06,2.6575676369749996,7.2170751146082044e-06,-4.429695523563193e-05
3.647729545909182,PASSED,-0.2660102074285521,-1.3695991124756615e-06,8.49819773771172e-06,2.657567644169848,7.172661444087741e-06,-4.449148071035012e-05
3.64872974594919,PASSED,-0.26601020879388465,-1.3610749186647403e-06,8.541524526394236e-06,2.657567651320172,7.128033257048153e-06,-4.471932459241312e-05
3.649729945989198,PASSED,-0.2660102101506719,-1.352508116069055e-06,8.583654641879627e-06,2.657567658425742,7.083160123192325e-06,-4.497567336477092e-05
3.650730146029206,PASSED,-0.26601021149887216,-1.3439006079671726e-06,8.623410408550821e-06,2.6575676654863414,7.038074912740767e-06,-4.515823517608357e-05
3.651730346069214,PASSED,-0.2660102128384456,-1.3352542061147423e-06,8.661729481683249e-06,2.6575676725017625,6.99280581076546e-06,-4.534301317478906e-05
3.652730546109222,PASSED,-0.26601021416935366,-1.3265696682387259e-06,8.699743472238693e-06,2.6575676794718026,6.9473218742653465e-06,-4.5577885383664016e-05
3.65373074614923,PASSED,-0.2660102154915596,-1.3178492091396459e-06,8.734269516974188e-06,2.6575676863962667,6.901642248034701e-06,-4.574745346196685e-05
3.654730946189238,PASSED,-0.26601021680502873,-1.3090955668913731e-06,8.766557402471436e-06,2.657567693274977,6.855808042045864e-06,-4.589204100675097e-05
3.655731146229246,PASSED,-0.2660102181097278,-1.3003094099361715e-06,8.799223323688174e-06,2.6575677001077582,6.8097961051187745e-06,-4.6091867540648995e-05
3.656731346269254,PASSED,-0.26601021940562597,-1.291492831479289e-06,8.828148545678971e-06,2.657567706894449,6.763615135749504e-06,-4.6240370588351006e-05
3.657731546309262,PASSED,-0.2660102206926939,-1.282648578118917e-06,8.854989903500726e-06,2.6575677136348967,6.717304824423226e-06,-4.6356938484896324e-05
3.65873174634927,PASSED,-0.2660102219709048,-1.2737783898994446e-06,8.880320430120075e-06,2.6575677203289567,6.670849357403929e-06,-4.65211527088979e-05
3.659731946389278,PASSED,-0.26601022324023377,-1.2648841826677734e-06,8.903465099371669e-06,2.657567726976506,6.624269388627862e-06,-4.661917948751287e-05
3.660732146429286,PASSED,-0.26601022450065814,-1.2559686600281877e-06,8.923560999728186e-06,2.657567733577416,6.577575732274287e-06,-4.6743307597616956e-05
3.661732346469294,PASSED,-0.26601022575215766,-1.2470340724657813e-06,8.941938604191773e-06,2.657567740131589,6.53078658236173e-06,-4.6819711455851535e-05
3.662732546509302,PASSED,-0.2660102269947142,-1.2380823778062633e-06,8.958198696402184e-06,2.657567746638927,6.483909168831761e-06,-4.691588157937993e-05
3.66373274654931,PASSED,-0.26601022822831205,-1.2291160681264543e-06,8.97171700208057e-06,2.6575677530993467,6.436946319949809e-06,-4.6994160417e-05
3.664732946589318,PASSED,-0.266010229452938,-1.2201379568709502e-06,8.98237409111963e-06,2.657567759512781,6.389929661951362e-06,-4.703165638607736e-05
3.665733146629326,PASSED,-0.26601023066858115,-1.2111502511819022e-06,8.991260087666738e-06,2.6575677658791728,6.342865850393994e-06,-4.708524833822899e-05
3.666733346669334,PASSED,-0.2660102318752332,-1.2021551715382367e-06,8.997626014331568e-06,2.657567772198476,6.295751623008057e-06,-4.713354675107607e-05
3.667733546709342,PASSED,-0.26601023307288846,-1.1931559181669428e-06,9.00033827593535e-06,2.6575677784706637,6.248622251645002e-06,-4.7126587771040866e-05
3.66873374674935,PASSED,-0.2660102342615437,-1.1841548003341773e-06,9.001637537319041e-06,2.6575677846957158,6.201485934404285e-06,-4.714280355383459e-05
3.669733946789358,PASSED,-0.2660102354411982,-1.17515399589748e-06,9.00024903628282e-06,2.6575677908736326,6.1543467003917766e-06,-4.7136854318290675e-05
3.670734146829366,PASSED,-0.26601023661185397,-1.1661566195940977e-06,8.995461148115038e-06,2.6575677970044214,6.107225323335254e-06,-4.7111058882010274e-05
3.671734346869374,PASSED,-0.2660102377735158,-1.1571655536176986e-06,8.98813586192192e-06,2.6575678030881082,6.060139551807552e-06,-4.706891329149732e-05
3.672734546909382,PASSED,-0.2660102389261908,-1.1481827500472697e-06,8.979248709433846e-06,2.6575678091247315,6.0130978000900436e-06,-4.702364400151674e-05
3.67373474694939,PASSED,-0.26601024006988916,-1.1392112774478434e-06,8.966288526087933e-06,2.6575678151143456,5.966115588601918e-06,-4.6954589812529856e-05
3.674734946989398,PASSED,-0.26601024120462347,-1.130254203363794e-06,8.950931122690233e-06,2.6575678210570133,5.919204511305304e-06,-4.6882068952671205e-05
3.675735147029406,PASSED,-0.26601024233040915,-1.1213135598841348e-06,8.933785050972054e-06,2.657567826952815,5.872379192878133e-06,-4.67874847435026e-05
3.676735347069414,PASSED,-0.2660102434472642,-1.1123923066698033e-06,8.912898656571179e-06,2.6575678328018446,5.825657923405767e-06,-4.6677125958276e-05
3.677735547109422,PASSED,-0.2660102445552095,-1.1034935656940649e-06,8.889302521850067e-06,2.657567838604218,5.779061156664456e-06,-4.654319392999987e-05
3.67873574714943,PASSED,-0.26601024565426856,-1.0946193238496892e-06,8.864201392726006e-06,2.6575678443600492,5.7325805509633474e-06,-4.643888021518228e-05
3.679735947189438,PASSED,-0.2660102467444675,-1.085772478702201e-06,8.835274317329905e-06,2.657567850069483,5.686249926131044e-06,-4.625845457705017e-05
3.680736147229446,PASSED,-0.26601024782583527,-1.0769564267616134e-06,8.803237022759474e-06,2.657567855732665,5.640081899626555e-06,-4.6107741122782784e-05
3.681736347269454,PASSED,-0.26601024889840336,-1.0681730409976323e-06,8.770151591462186e-06,2.6575678613497637,5.5940795299011195e-06,-4.5932122127202516e-05
3.682736547309462,PASSED,-0.26601024996220607,-1.0594249220320002e-06,8.733430548411813e-06,2.65756786692096,5.548271197091617e-06,-4.5725806597700815e-05
3.68373674734947,PASSED,-0.2660102510172803,-1.0507153413961567e-06,8.693680694131166e-06,2.6575678724464393,5.502651379349315e-06,-4.554915850537012e-05
3.684736947389478,PASSED,-0.26601025206366546,-1.0420465008879595e-06,8.652280384241088e-06,2.657567877926418,5.45725441775437e-06,-4.529549698799505e-05
3.685737147429486,PASSED,-0.26601025310140375,-1.0334209465591433e-06,8.607736958533089e-06,2.6575678833611125,5.412090421736322e-06,-4.507632870474954e-05
3.686737347469494,PASSED,-0.2660102541305397,-1.0248413496792415e-06,8.5608368274809e-06,2.657567888750754,5.367148017206457e-06,-4.485312174660887e-05
3.687737547509502,PASSED,-0.2660102551511206,-1.0163103242297224e-06,8.511151197544785e-06,2.6575678940955934,5.322470841300096e-06,-4.455987867952965e-05
3.68873774754951,PASSED,-0.2660102561631961,-1.0078301250487555e-06,8.459564503248308e-06,2.657567899395889,5.278066764275855e-06,-4.430020925404741e-05
3.689737947589518,PASSED,-0.2660102571668185,-9.99403340766412e-07,8.404930801740127e-06,2.6575679046519145,5.233928781461433e-06,-4.40298318546714e-05
3.690738147629526,PASSED,-0.2660102581620422,-9.91032469825919e-07,8.348164366328274e-06,2.6575679098639573,5.190091046607209e-06,-4.370967018725919e-05
3.691738347669534,PASSED,-0.2660102591489244,-9.827197309538384e-07,8.289121875915426e-06,2.6575679150323137,5.14656005651874e-06,-4.3411870022608625e-05
3.692738547709542,PASSED,-0.26601026012752427,-9.744673700808012e-07,8.227853537784936e-06,2.6575679201572955,5.103338394518737e-06,-4.3094856651599725e-05
3.69373874774955,PASSED,-0.2660102610979035,-9.66277845210419e-07,8.163972425447434e-06,2.657567925239225,5.060450150215902e-06,-4.275050273699032e-05
3.694738947789558,PASSED,-0.26601026206012596,-9.581534669179058e-07,8.097982203890117e-06,2.657567930278438,5.017905387966763e-06,-4.240760192390445e-05
3.695739147829566,PASSED,-0.2660102630142576,-9.500959935079991e-07,8.03046754725113e-06,2.6575679352752797,4.975706693127864e-06,-4.2059423448896476e-05
3.696739347869574,PASSED,-0.26601026396036676,-9.421077808969599e-07,7.960042653564523e-06,2.6575679402301065,4.933870686088513e-06,-4.168706276632021e-05
3.697739547909582,PASSED,-0.26601026489852364,-9.341911553686307e-07,7.887680778172266e-06,2.657567945143285,4.892409619102309e-06,-4.1310403132795005e-05
3.69873974794959,PASSED,-0.26601026582880044,-9.263474234912368e-07,7.814432610208392e-06,2.6575679500151974,4.8513348168568e-06,-4.0917734987319665e-05
3.699739947989598,PASSED,-0.2660102667512716,-9.185790623524973e-07,7.737646824426979e-06,2.65756795484623,4.810650400499658e-06,-4.052887060369041e-05
3.700740148029606,PASSED,-0.26601026766601304,-9.108878776199526e-07,7.660210004623093e-06,2.65756795963678,4.7703665084436125e-06,-4.012057302428246e-05
3.701740348069614,PASSED,-0.2660102685731028,-9.032752355325157e-07,7.580930142646089e-06,2.657567964387262,4.7305076878625645e-06,-3.968431895222338e-05
3.702740548109622,PASSED,-0.2660102694726205,-8.957434358768972e-07,7.499045997600319e-06,2.6575679690980865,4.691060705291233e-06,-3.9288758317404815e-05
3.70374074814963,PASSED,-0.26601027036464775,-8.882940507893268e-07,7.416277814217182e-06,2.6575679737696825,4.652039939888072e-06,-3.88421034603309e-05
3.704740948189638,PASSED,-0.2660102712492674,-8.809280750030479e-07,7.332441100986459e-06,2.6575679784024855,4.613472427595507e-06,-3.8384451514055145e-05
3.705741148229646,PASSED,-0.26601027212656403,-8.736475532414639e-07,7.245908868649199e-06,2.6575679829969365,4.575342625128218e-06,-3.796003643611133e-05
3.706741348269654,PASSED,-0.2660102729966237,-8.664540651481481e-07,7.158540909760117e-06,2.657567987553487,4.537662697699851e-06,-3.749318808987101e-05
3.707741548309662,PASSED,-0.2660102738595339,-8.593482432554158e-07,7.070675881380518e-06,2.6575679920725968,4.500457992810202e-06,-3.701238275616867e-05
3.70874174834967,PASSED,-0.26601027471538335,-8.523320004245325e-07,6.979954130551661e-06,2.657567996554728,4.463713552279377e-06,-3.6565812380596095e-05
3.709741948389678,PASSED,-0.26601027556426193,-8.454066035890751e-07,6.889025305394495e-06,2.657568001000353,4.4274373656731795e-06,-3.6083102756597996e-05
3.710742148429686,PASSED,-0.2660102764062609,-8.385726035430432e-07,6.79731653979003e-06,2.657568005409948,4.391650891475405e-06,-3.5588721825224564e-05
3.711742348469694,PASSED,-0.26601027724147247,-8.318313653267368e-07,6.7038526673174695e-06,2.6575680097839975,4.35634990698754e-06,-3.510915959629331e-05
3.712742548509702,PASSED,-0.2660102780699899,-8.251841498291048e-07,6.609457384508351e-06,2.65756801412299,4.321534400611922e-06,-3.4619737561834736e-05
3.71374274854971,PASSED,-0.26601027889190737,-8.186314271229175e-07,6.514899587306645e-06,2.657568018427416,4.287215714704315e-06,-3.411798480478971e-05
3.714742948589718,PASSED,-0.2660102797073197,-8.121737895152732e-07,6.419462954535978e-06,2.6575680226977787,4.253404394869053e-06,-3.3606876522244506e-05
3.715743148629726,PASSED,-0.2660102805163229,-8.058126855466728e-07,6.322197977976692e-06,2.6575680269345727,4.220085134710881e-06,-3.312751591545568e-05
3.716743348669734,PASSED,-0.26601028131901333,-7.995483278197091e-07,6.225797559621559e-06,2.6575680311383065,4.187274383237272e-06,-3.259957517904405e-05
3.717743548709742,PASSED,-0.26601028211548783,-7.933808237114002e-07,6.128641807433819e-06,2.6575680353094873,4.154981767682258e-06,-3.208797580566049e-05
3.71874374874975,PASSED,-0.2660102829058441,-7.873114414830594e-07,6.029875842278836e-06,2.6575680394486274,4.123195778344834e-06,-3.158466502526732e-05
3.719743948789758,PASSED,-0.26601028369018004,-7.81340369223421e-07,5.9318698712114215e-06,2.65756804355624,4.0919227464612915e-06,-3.1065276455725725e-05
3.720744148829766,PASSED,-0.2660102844685939,-7.754673005322994e-07,5.833867904395093e-06,2.657568047632836,4.061164129181405e-06,-3.0554177829328275e-05
3.721744348869774,PASSED,-0.2660102852411842,-7.696929459675257e-07,5.7346790050263015e-06,2.6575680516789344,4.030924837505701e-06,-3.0029367573287244e-05
3.722744548909782,PASSED,-0.2660102860080497,-7.640177597857093e-07,5.635524299676321e-06,2.657568055695051,4.001203427853389e-06,-2.951610437166123e-05
3.72374474894979,PASSED,-0.2660102867692892,-7.584411527448006e-07,5.5373288683969235e-06,2.6575680596817053,3.9719981157403325e-06,-2.899811727398502e-05
3.724744948989798,PASSED,-0.26601028752500144,-7.529631183266714e-07,5.438504784617633e-06,2.657568063639413,3.943310680468688e-06,-2.8480313936752145e-05
3.725745149029806,PASSED,-0.26601028827528517,-7.47584014306071e-07,5.339503511255374e-06,2.657568067568692,3.9151413565440794e-06,-2.7961997249845154e-05
3.726745349069814,PASSED,-0.266010289020239,-7.423034445340013e-07,5.241280612612485e-06,2.6575680714700556,3.887482196947705e-06,-2.7457267827394592e-05
3.727745549109822,PASSED,-0.26601028975996116,-7.371208346055337e-07,5.143496139037542e-06,2.657568075344023,3.860343464294287e-06,-2.6926375870769184e-05
3.72874574914983,PASSED,-0.26601029049454966,-7.320361182966781e-07,5.0455297554008506e-06,2.6575680791911034,3.833715616584341e-06,-2.6428828936063974e-05
3.729745949189838,PASSED,-0.26601029122410214,-7.270488866018995e-07,4.9483663210305195e-06,2.657568083011809,3.80759120165513e-06,-2.59214722579765e-05
3.730746149229846,PASSED,-0.2660102919487157,-7.221584904728138e-07,4.851749334455893e-06,2.6575680868066502,3.7819838581538572e-06,-2.5397924330137066e-05
3.731746349269854,PASSED,-0.26601029266848686,-7.173642193143425e-07,4.755952374481523e-06,2.6575680905761336,3.756881370219521e-06,-2.4905530337136334e-05
3.732746549309862,PASSED,-0.2660102933835116,-7.12665652471366e-07,4.660309821973183e-06,2.657568094320759,3.7322695099256555e-06,-2.4416080265018215e-05
3.73374674934987,PASSED,-0.26601029409388516,-7.080620170766366e-07,4.565852443233663e-06,2.6575680980410237,3.70815659701924e-06,-2.3910801334014257e-05
3.734746949389878,PASSED,-0.2660102947997019,-7.035522586772903e-07,4.4723623700880375e-06,2.657568101737426,3.684545702710738e-06,-2.3410956291493493e-05
3.735747149429886,PASSED,-0.26601029550105537,-6.991355835983864e-07,4.379550218114361e-06,2.657568105410453,3.661413720325553e-06,-2.294599978097978e-05
3.736747349469894,PASSED,-0.26601029619803823,-6.948112748818239e-07,4.287481048861347e-06,2.6575681090605916,3.6387624818363535e-06,-2.2454730961345464e-05
3.737747549509902,PASSED,-0.2660102968907421,-6.905780445055519e-07,4.197063261212392e-06,2.657568112688321,3.6165967227440833e-06,-2.1973111179553653e-05
3.73874774954991,PASSED,-0.26601029757925765,-6.864347221658649e-07,4.107495058670116e-06,2.6575681162941156,3.594898508473583e-06,-2.1514949664465194e-05
3.739747949589918,PASSED,-0.2660102982636743,-6.823803196665501e-07,4.019007459744643e-06,2.6575681198784418,3.5736594982575925e-06,-2.1055050583674596e-05
3.740748149629926,PASSED,-0.2660102989440801,-6.784135236560472e-07,3.931988377675117e-06,2.6575681234417656,3.552890914860391e-06,-2.057760527288615e-05
3.741748349669934,PASSED,-0.26601029962056216,-6.745329634473913e-07,3.846274762643209e-06,2.657568126984541,3.53257205732477e-06,-2.0146359044111106e-05
3.742748549709942,PASSED,-0.26601030029320616,-6.707376308543731e-07,3.7613711466014047e-06,2.6575681305072156,3.5126874420875347e-06,-1.9710119365983965e-05
3.74374874974995,PASSED,-0.26601030096209627,-6.670255967411643e-07,3.6791427576136873e-06,2.6575681340102304,3.4932490920794564e-06,-1.925717043614048e-05
3.744748949789958,PASSED,-0.2660103016273153,-6.633957033197675e-07,3.597060530585601e-06,2.6575681374940197,3.4742435472453315e-06,-1.883779443278067e-05
3.745749149829966,PASSED,-0.26601030228894473,-6.59846673258263e-07,3.5170097487835865e-06,2.657568140959009,3.455651287982535e-06,-1.8428569149473573e-05
3.746749349869974,PASSED,-0.2660103029470641,-6.563761963332394e-07,3.4394550425169912e-06,2.6575681444056167,3.437477527241401e-06,-1.8003888468907857e-05
3.747749549909982,PASSED,-0.2660103036017517,-6.529830848442669e-07,3.3622157866096436e-06,2.6575681478342523,3.419712854947211e-06,-1.760519484437757e-05
3.74874974994999,PASSED,-0.266010304253084,-6.496659476315966e-07,3.28708483004424e-06,2.6575681512453158,3.4023358054381974e-06,-1.72249526187705e-05
3.749749949989998,PASSED,-0.26601030490113575,-6.464226519154046e-07,3.214102973623981e-06,2.6575681546391996,3.385350605235516e-06,-1.682536525862186e-05
3.7507501500300062,PASSED,-0.26601030554598,-6.432512234702329e-07,3.1429787595366656e-06,2.657568158016285,3.368744791557696e-06,-1.645944595728543e-05
3.7517503500700142,PASSED,-0.26601030618768806,-6.401504502999514e-07,3.0726361107781107e-06,2.657568161376946,3.352503230426054e-06,-1.6096304581212393e-05
3.7527505501100222,PASSED,-0.26601030682632926,-6.371182755243086e-07,3.005200552219157e-06,2.6575681647215466,3.336624123537968e-06,-1.5734308426002056e-05
3.7537507501500302,PASSED,-0.2660103074619713,-6.341523276634744e-07,2.93977939991095e-06,2.6575681680504406,3.321093660249226e-06,-1.5394566530568865e-05
3.7547509501900382,PASSED,-0.2660103080946798,-6.312512827364907e-07,2.875221945032152e-06,2.6575681713639687,3.3058953605148322e-06,-1.5067455203610591e-05
3.755751150230046,PASSED,-0.2660103087245183,-6.284130340227485e-07,2.813599892882329e-06,2.657568174662468,3.291032423535907e-06,-1.4726591495801472e-05
3.756751350270054,PASSED,-0.2660103093515487,-6.25635409146284e-07,2.7536415321858374e-06,2.6575681779462634,3.2764944324102354e-06,-1.4412257545584965e-05
3.757751550310062,PASSED,-0.2660103099758306,-6.229165561832417e-07,2.6956605836129966e-06,2.6575681812156615,3.2622454639662377e-06,-1.4140109042939561e-05
3.75875175035007,PASSED,-0.2660103105974218,-6.202545189591922e-07,2.6396216510073603e-06,2.65756818447097,3.248302978267089e-06,-1.3810736803288376e-05
3.759751950390078,PASSED,-0.26601031121637797,-6.176467972963839e-07,2.5864550040089328e-06,2.657568187712478,3.234656950713552e-06,-1.3536221387035517e-05
3.760752150430086,PASSED,-0.26601031183275264,-6.150917237588049e-07,2.5341525599589076e-06,2.6575681909404643,3.2212662085321834e-06,-1.3293756044257142e-05
3.761752350470094,PASSED,-0.26601031244659723,-6.125873288525397e-07,2.484556470469538e-06,2.6575681941552056,3.2081546301343915e-06,-1.2990126633481471e-05
3.762752550510102,PASSED,-0.2660103130579613,-6.101311762070269e-07,2.437216762208132e-06,2.6575681973569516,3.1952933293238156e-06,-1.2775416928638692e-05
3.76375275055011,PASSED,-0.26601031366689193,-6.077209206227744e-07,2.3922814656154172e-06,2.6575682005459558,3.182664492634442e-06,-1.2531116529863229e-05
3.764752950590118,PASSED,-0.26601031427343436,-6.053549566218338e-07,2.348419024490707e-06,2.6575682037224513,3.1702779995606315e-06,-1.2290077436441886e-05
3.765753150630126,PASSED,-0.2660103148776315,-6.030309944273826e-07,2.3076576410913656e-06,2.657568206886667,3.1581109717989655e-06,-1.2084994645149418e-05
3.766753350670134,PASSED,-0.26601031547952414,-6.007463267962744e-07,2.2693409577860854e-06,2.657568210038811,3.1461390674859777e-06,-1.1896510758212913e-05
3.767753550710142,PASSED,-0.266010316079151,-5.984995947627693e-07,2.2316594173177058e-06,2.657568213179091,3.1343759775945705e-06,-1.1674142646869753e-05
3.76875375075015,PASSED,-0.26601031667654856,-5.96288554371167e-07,2.1972943744588715e-06,2.6575682163076975,3.1228024247889315e-06,-1.1506492911486006e-05
3.769753950790158,PASSED,-0.26601031727175123,-5.941102197603426e-07,2.165694768401407e-06,2.657568219424806,3.111384458195172e-06,-1.1358949048607934e-05
3.770754150830166,PASSED,-0.266010317864791,-5.919630535819518e-07,2.134813785050379e-06,2.657568222530587,3.100139727597974e-06,-1.1168584962924884e-05
3.771754350870174,PASSED,-0.2660103184556981,-5.898454013969774e-07,2.1062111182569938e-06,2.657568225625203,3.0890609764658403e-06,-1.1018861911606239e-05
3.772754550910182,PASSED,-0.26601031904450045,-5.877541574243937e-07,2.081265875468182e-06,2.657568228708792,3.078097664958104e-06,-1.092627790515611e-05
3.77375475095019,PASSED,-0.26601031963122374,-5.856874357316603e-07,2.057025570910299e-06,2.6575682317814957,3.067274397983615e-06,-1.0754593020711078e-05
3.774754950990198,PASSED,-0.2660103202158916,-5.836436951425955e-07,2.034883934501272e-06,2.657568234843435,3.0565824605547142e-06,-1.0650167034360727e-05
3.775755151030206,PASSED,-0.2660103207985256,-5.816203551205568e-07,2.015644080396857e-06,2.65756823789472,3.045973095107317e-06,-1.0582164389421273e-05
3.776755351070214,PASSED,-0.26601032137914515,-5.796151744485842e-07,1.9982050663562775e-06,2.6575682409354577,3.0354735510027735e-06,-1.0444463914625358e-05
3.777755551110222,PASSED,-0.2660103219577677,-5.776266258302695e-07,1.9821109862868793e-06,2.657568243965738,3.0250723653257706e-06,-1.0372333518587034e-05
3.77875575115023,PASSED,-0.26601032253440854,-5.756523401953326e-07,1.969068734036836e-06,2.657568246985638,3.0147201754549754e-06,-1.033876077226743e-05
3.779755951190238,PASSED,-0.26601032310908085,-5.73689919995445e-07,1.957987843788122e-06,2.6575682499952284,3.0044409846049293e-06,-1.0239477568564668e-05
3.780756151230246,PASSED,-0.26601032368179606,-5.717383197764133e-07,1.947341802527626e-06,2.65756825299457,2.9942319363737604e-06,-1.0188762006238397e-05
3.781756351270254,PASSED,-0.2660103242525635,-5.697951259897554e-07,1.9404284427449372e-06,2.657568255983712,2.9840488804910127e-06,-1.017925180042032e-05
3.782756551310262,PASSED,-0.2660103248213904,-5.678577314300258e-07,1.9353719710526336e-06,2.6575682589626903,2.9738983238824935e-06,-1.013142648058563e-05
3.78375675135027,PASSED,-0.2660103253882824,-5.659252527934492e-07,1.9305497469259567e-06,2.657568261931535,2.963784847440309e-06,-1.010150974991707e-05
3.784756951390278,PASSED,-0.266010325953243,-5.639955931626283e-07,1.929066220084269e-06,2.6575682648902657,2.953677967915607e-06,-1.0110459374558524e-05
3.785757151430286,PASSED,-0.26601032651627377,-5.62066140704451e-07,1.929709950239325e-06,2.6575682678388888,2.9435688727841224e-06,-1.010818563610216e-05
3.786757351470294,PASSED,-0.2660103270773749,-5.601361899916346e-07,1.930111221200988e-06,2.657568270777407,2.9334653293210944e-06,-1.0100448680978347e-05
3.787757551510302,PASSED,-0.2660103276365443,-5.58203504617772e-07,1.934401475637065e-06,2.65756827370581,2.923346865851552e-06,-1.0130473328585644e-05
3.78875775155031,PASSED,-0.26601032819377846,-5.562659414483286e-07,1.9396709653142372e-06,2.6575682766240747,2.913191620827189e-06,-1.0171759488214323e-05
3.789757951590318,PASSED,-0.26601032874907216,-5.543227331023709e-07,1.9455665997200175e-06,2.657568279532179,2.9030180312660156e-06,-1.0174809609813014e-05
3.790758151630326,PASSED,-0.26601032930241836,-5.523714860518699e-07,1.9550340176883506e-06,2.6575682824300846,2.8928054608735705e-06,-1.0237744247532737e-05
3.791758351670334,PASSED,-0.26601032985380857,-5.504108726483153e-07,1.964332994132049e-06,2.657568285317746,2.882529863426347e-06,-1.030083291368345e-05
3.792758551710342,PASSED,-0.26601033040323263,-5.484396098596571e-07,1.9758826516757394e-06,2.6575682881951113,2.8722083469210143e-06,-1.0335305566432758e-05
3.79375875175035,PASSED,-0.2660103309506791,-5.464559119196049e-07,1.988908132303283e-06,2.6575682910621174,2.8618215761477113e-06,-1.0421080911216214e-05
3.794758951790358,PASSED,-0.2660103314961348,-5.444583123798725e-07,2.003393811351711e-06,2.6575682939187,2.851358363118e-06,-1.0491301108707904e-05
3.795759151830366,PASSED,-0.26601033203958513,-5.424456475764112e-07,2.0188454648675835e-06,2.65756829676478,2.840818128495462e-06,-1.0572856965091439e-05
3.796759351870374,PASSED,-0.26601033258101436,-5.404164558927915e-07,2.0360891627879496e-06,2.6575682996002765,2.83019282907384e-06,-1.066026105930888e-05
3.797759551910382,PASSED,-0.2660103331204054,-5.383693755629367e-07,2.0544077745659986e-06,2.657568302425096,2.819467638565641e-06,-1.0768476807459014e-05
3.79875975195039,PASSED,-0.26601033365773974,-5.363033547190444e-07,2.0737628901097825e-06,2.6575683052391454,2.8086483431267435e-06,-1.0853174526523568e-05
3.799759951990398,PASSED,-0.26601033419299774,-5.342169544229158e-07,2.094825233474352e-06,2.657568308042323,2.7977294355801698e-06,-1.0962729559940037e-05
3.800760152030406,PASSED,-0.2660103347261587,-5.321092816057789e-07,2.1162378729120778e-06,2.6575683108345167,2.7866857494567174e-06,-1.1097657165793858e-05
3.801760352070414,PASSED,-0.2660103352572007,-5.299793139520194e-07,2.1391208409909915e-06,2.6575683136156147,2.775530478607512e-06,-1.1193679971479404e-05
3.802760552110422,PASSED,-0.2660103357861009,-5.278258473718742e-07,2.1630304062482402e-06,2.657568316385494,2.7642564111337896e-06,-1.1327659141884193e-05
3.80376075215043,PASSED,-0.2660103363128353,-5.256480683576113e-07,2.1876114196059585e-06,2.6575683191440325,2.752847436231477e-06,-1.1463185409265003e-05
3.804760952190438,PASSED,-0.2660103368373793,-5.234450383847071e-07,2.213309008436325e-06,2.657568321891098,2.7413104052684593e-06,-1.158626133218604e-05
3.805761152230446,PASSED,-0.266010337359707,-5.212157685358926e-07,2.2399104090665818e-06,2.6575683246265567,2.729636901208445e-06,-1.1731665878566572e-05
3.806761352270454,PASSED,-0.2660103378797921,-5.189598702588946e-07,2.266556855618935e-06,2.6575683273502726,2.7178232756201152e-06,-1.1868265394837846e-05
3.807761552310462,PASSED,-0.26601033839760735,-5.166763469710675e-07,2.294834242632537e-06,2.6575683300621002,2.705863695749858e-06,-1.202045618720359e-05
3.80876175235047,PASSED,-0.2660103389131248,-5.143643819514172e-07,2.3233855376621104e-06,2.6575683327618935,2.6937536556564667e-06,-1.2169762697515716e-05
3.809761952390478,PASSED,-0.2660103394263159,-5.120237834595967e-07,2.35207379459278e-06,2.657568335449505,2.681498547595893e-06,-1.2312004969279e-05
3.810762152430486,PASSED,-0.2660103399371517,-5.096538505628404e-07,2.3818389648652786e-06,2.657568338124779,2.669085006736085e-06,-1.2481231453493954e-05
3.811762352470494,PASSED,-0.2660103404456024,-5.072536874314133e-07,2.4123792424683646e-06,2.6575683407875634,2.656514082435368e-06,-1.263071953219945e-05
3.812762552510502,PASSED,-0.26601034095163795,-5.048235074606988e-07,2.4420471228786393e-06,2.6575683434377,2.6437905102419123e-06,-1.2785473967626687e-05
3.81376275255051,PASSED,-0.26601034145522806,-5.023629678912935e-07,2.4728678670900304e-06,2.6575683460750303,2.630904929054638e-06,-1.2952319333706016e-05
3.814762952590518,PASSED,-0.2660103419563418,-4.99871003033618e-07,2.5046961847324396e-06,2.6575683486993915,2.617852335839943e-06,-1.3119442468687358e-05
3.815763152630526,PASSED,-0.26601034245494826,-4.973480970841696e-07,2.5350457925923055e-06,2.6575683513106227,2.6046411579511385e-06,-1.327233483554854e-05
3.816763352670534,PASSED,-0.26601034295101605,-4.947940888683212e-07,2.566649831352663e-06,2.657568353908556,2.5912625112362825e-06,-1.3449521301060695e-05
3.817763552710542,PASSED,-0.26601034344451385,-4.922080988191404e-07,2.5988835277328706e-06,2.6575683564930315,2.577720225095703e-06,-1.3604129366925454e-05
3.81876375275055,PASSED,-0.26601034393541007,-4.895906254428192e-07,2.6298666087134753e-06,2.6575683590638826,2.5640159303877017e-06,-1.3771071602052242e-05
3.819763952790558,PASSED,-0.26601034442367316,-4.869419635652751e-07,2.6611920567646836e-06,2.6575683616209442,2.5501423150250055e-06,-1.3941977869792433e-05
3.820764152830566,PASSED,-0.26601034490927167,-4.842615565544155e-07,2.6932169802559874e-06,2.6575683641640513,2.536104631206021e-06,-1.4101487785112667e-05
3.821764352870574,PASSED,-0.26601034539217405,-4.815496260171665e-07,2.724406241911091e-06,2.6575683666930368,2.52190149423533e-06,-1.4270903094410462e-05
3.822764552910582,PASSED,-0.2660103458723492,-4.788068379461261e-07,2.755042623793539e-06,2.6575683692077416,2.50753921304483e-06,-1.44231999212256e-05
3.82376475295059,PASSED,-0.2660103463497658,-4.760328141274636e-07,2.7866779485750947e-06,2.6575683717080003,2.493013600588471e-06,-1.4593887479781685e-05
3.824764952990598,PASSED,-0.2660103468243929,-4.7322775688304585e-07,2.817310108312797e-06,2.657568374193649,2.4783175306527125e-06,-1.4764191573076404e-05
3.825765153030606,PASSED,-0.2660103472962002,-4.7039285813951973e-07,2.846624500334994e-06,2.6575683766645297,2.4634715575862313e-06,-1.4900494062084018e-05
3.826765353070614,PASSED,-0.2660103477651572,-4.675275922912739e-07,2.877693413519745e-06,2.6575683791204847,2.44847191836837e-06,-1.506573598837973e-05
3.827765553110622,PASSED,-0.26601034823123426,-4.646324782700545e-07,2.906727759685715e-06,2.6575683815613576,2.4333075987409614e-06,-1.5230042053427443e-05
3.82876575315063,PASSED,-0.26601034869440193,-4.617086994006141e-07,2.9351462759434616e-06,2.6575683839869915,2.4179902562886267e-06,-1.537554271827256e-05
3.829765953190638,PASSED,-0.2660103491546314,-4.587560792194957e-07,2.9642694512350656e-06,2.6575683863972404,2.4025346897984207e-06,-1.5508915671495016e-05
3.830766153230646,PASSED,-0.2660103496118943,-4.5577529277133466e-07,2.991797779445053e-06,2.6575683887919497,2.386920128476286e-06,-1.5684991755894816e-05
3.831766353270654,PASSED,-0.26601035006616286,-4.527673651777836e-07,3.018680802955106e-06,2.6575683911709813,2.3711669002056728e-06,-1.579871928042526e-05
3.832766553310662,PASSED,-0.2660103505174102,-4.4973270681919803e-07,3.0453100623391755e-06,2.657568393534188,2.355277955403775e-06,-1.594909514954684e-05
3.83376675335067,PASSED,-0.2660103509656097,-4.466718228975423e-07,3.0712664945333736e-06,2.657568395881434,2.3392437432652335e-06,-1.609095679787154e-05
3.834766953390678,PASSED,-0.266010351410736,-4.4358576395458114e-07,3.0959205752463876e-06,2.657568398212584,2.323081688583062e-06,-1.6209453271705438e-05
3.835767153430686,PASSED,-0.266010351852764,-4.404752890890183e-07,3.120177725773815e-06,2.6575684005275098,2.306795821178567e-06,-1.633681015968783e-05
3.836767353470694,PASSED,-0.26601035229166986,-4.373411782398815e-07,3.1433995980454563e-06,2.6575684028260853,2.290381928304413e-06,-1.6465281350465216e-05
3.837767553510702,PASSED,-0.2660103527274303,-4.341843032692448e-07,3.165858552364227e-06,2.6575684051081856,2.273843310139419e-06,-1.6587509374679635e-05
3.83876775355071,PASSED,-0.266010353160023,-4.310056013163315e-07,3.187264219945965e-06,2.657568407373701,2.257205042666104e-06,-1.6672106205738044e-05
3.839767953590718,PASSED,-0.2660103535894269,-4.278061908151765e-07,3.2075080219611007e-06,2.6575684096225114,2.2404452094448754e-06,-1.6818317898223015e-05
3.840768153630726,PASSED,-0.26601035401562134,-4.245868159121213e-07,3.227286157117994e-06,2.6575684118545166,2.223580772504988e-06,-1.6895182967664084e-05
3.841768353670734,PASSED,-0.2660103544385871,-4.2134845662167343e-07,3.2457413793344314e-06,2.6575684140696114,2.206627960843715e-06,-1.6991230790345663e-05
3.842768553710742,PASSED,-0.2660103548583058,-4.1809250589014686e-07,3.262756966321396e-06,2.6575684162677033,2.189576408694041e-06,-1.709176638922621e-05
3.84376875375075,PASSED,-0.26601035527476036,-4.148199522902067e-07,3.279084689019314e-06,2.657568418448698,2.1724310401505365e-06,-1.7181103313023257e-05
3.844768953790758,PASSED,-0.2660103556879345,-4.1153148330666136e-07,3.294725179896103e-06,2.657568420612515,2.1552153587564154e-06,-1.7238733448186557e-05
3.845769153830766,PASSED,-0.2660103560978133,-4.082288422522711e-07,3.3079183040529802e-06,2.6575684227590726,2.137919556420611e-06,-1.7333848260882927e-05
3.846769353870774,PASSED,-0.2660103565043828,-4.0491288743203226e-07,3.321312497696173e-06,2.6575684248882996,2.1205472454250763e-06,-1.7397952818635992e-05
3.847769553910782,PASSED,-0.2660103569076305,-4.015847977854092e-07,3.3326077459077166e-06,2.65756842700013,2.103122575270748e-06,-1.74424817114561e-05
3.84876975395079,PASSED,-0.26601035730754463,-3.9824570654280624e-07,3.3434135737330605e-06,2.6575684290945025,2.0856375224454952e-06,-1.751343356778378e-05
3.849769953990798,PASSED,-0.2660103577041153,-3.9489721896676745e-07,3.3518702442426628e-06,2.657568431171365,2.06809683026692e-06,-1.7558864585769955e-05
3.850770154030806,PASSED,-0.26601035809733325,-3.9154034874135777e-07,3.360203546187738e-06,2.657568433230671,2.050520344465943e-06,-1.7588233277781744e-05
3.851770354070814,PASSED,-0.26601035848719085,-3.881761666243257e-07,3.3668344975950366e-06,2.657568435272379,2.0329056213098336e-06,-1.763238307499402e-05
3.852770554110822,PASSED,-0.2660103588736816,-3.8480639545330325e-07,3.371728953307348e-06,2.6575684372964496,2.0152454052699698e-06,-1.7678771349777507e-05
3.85377075415083,PASSED,-0.2660103592568003,-3.814319121146344e-07,3.376319595576489e-06,2.657568439302866,1.997582057969282e-06,-1.7653064601295273e-05
3.854770954190838,PASSED,-0.2660103596365432,-3.7805436056120873e-07,3.3783728586584827e-06,2.6575684412916014,1.9798993826999567e-06,-1.7702415714678594e-05
3.855771154230846,PASSED,-0.26601036001290757,-3.7467478366075626e-07,3.3803795949817355e-06,2.6575684432626416,1.962185177528981e-06,-1.7722064808506605e-05
3.856771354270854,PASSED,-0.2660103603858922,-3.7129443832879976e-07,3.3803224899397337e-06,2.657568445215983,1.9444894845307616e-06,-1.767811179136123e-05
3.857771554310862,PASSED,-0.2660103607554973,-3.6791528865958216e-07,3.378367788736116e-06,2.6575684471516268,1.9268013663180075e-06,-1.7694789160348977e-05
3.85877175435087,PASSED,-0.2660103611217242,-3.6453811616986886e-07,3.3763756236980396e-06,2.657568449069577,1.909100730989419e-06,-1.7704532774081656e-05
3.859771954390878,PASSED,-0.26601036148457574,-3.611640784322614e-07,3.3724791468803513e-06,2.657568450969853,1.8914369448105436e-06,-1.7636621782071274e-05
3.860772154430886,PASSED,-0.266010361844056,-3.5779514462144833e-07,3.3665702534349947e-06,2.657568452852469,1.8737968814776291e-06,-1.764235770014313e-05
3.861772354470894,PASSED,-0.2660103622001705,-3.544325104875202e-07,3.3600100542567965e-06,2.6575684547174605,1.856178401274122e-06,-1.760256187241704e-05
3.862772554510902,PASSED,-0.2660103625529259,-3.510769422830354e-07,3.352606971303546e-06,2.6575684565648627,1.8386133661966676e-06,-1.7540017214145516e-05
3.86377275455091,PASSED,-0.26601036290233054,-3.4773033151542795e-07,3.3426132984767213e-06,2.6575684583947106,1.8210804631878793e-06,-1.7528160205216408e-05
3.864772954590918,PASSED,-0.26601036324839367,-3.443938775152646e-07,3.3323478012878115e-06,2.657568460207066,1.8036099618572535e-06,-1.743206208089888e-05
3.865773154630926,PASSED,-0.2660103635911263,-3.4106881706490127e-07,3.32020221641372e-06,2.657568462001973,1.7861964843832323e-06,-1.7401087736102375e-05
3.866773354670934,PASSED,-0.26601036393054045,-3.377567374551518e-07,3.3066645386400087e-06,2.6575684637795054,1.7688492546733893e-06,-1.7311324359003233e-05
3.867773554710942,PASSED,-0.2660103642666496,-3.3445865698706114e-07,3.2923577543910445e-06,2.657568465539729,1.7515832450746636e-06,-1.723579975854061e-05
3.86877375475095,PASSED,-0.2660103645994685,-3.3117585056974296e-07,3.27643885926957e-06,2.65756846728272,1.7343853172383507e-06,-1.7172679888161166e-05
3.869773954790958,PASSED,-0.2660103649290132,-3.279099846399873e-07,3.2588173100797295e-06,2.657568469008562,1.7172764822574206e-06,-1.7066271709442955e-05
3.870774154830966,PASSED,-0.266010365255301,-3.246619209269542e-07,3.240894648335463e-06,2.6575684707173512,1.7002786034207008e-06,-1.695228358823784e-05
3.871774354870974,PASSED,-0.26601036557835034,-3.21432744698505e-07,3.221363948524904e-06,2.6575684724091784,1.6833633256906271e-06,-1.689060715796435e-05
3.872774554910982,PASSED,-0.2660103658981812,-3.182244439661013e-07,3.199591921656265e-06,2.6575684740841528,1.666556249801912e-06,-1.6751388375882228e-05
3.87377475495099,PASSED,-0.2660103662148146,-3.150378614480736e-07,3.177909582275212e-06,2.657568475742377,1.6498700906266839e-06,-1.6642673041459012e-05
3.874774954990998,PASSED,-0.2660103665282727,-3.1187363313493774e-07,3.15510746704295e-06,2.657568477383976,1.633302656117892e-06,-1.651727548701355e-05
3.8757751550310062,PASSED,-0.26601036683857904,-3.0873384091348484e-07,3.129582057726181e-06,2.657568479009068,1.6168565523608867e-06,-1.6398655936999545e-05
3.8767753550710142,PASSED,-0.2660103671457581,-3.056193033771767e-07,3.104507855362811e-06,2.657568480617782,1.6005428561456822e-06,-1.6257056400674502e-05
3.8777755551110222,PASSED,-0.2660103674498357,-3.0253052325768223e-07,3.078294962248889e-06,2.6575684822102534,1.584370520154683e-06,-1.61158557178823e-05
3.8787757551510302,PASSED,-0.26601036775083864,-2.9946952631003703e-07,3.049464937909389e-06,2.657568483786623,1.5683396749441474e-06,-1.597417153897137e-05
3.8797759551910382,PASSED,-0.26601036804879485,-2.9643709874808286e-07,3.021069311317348e-06,2.6575684853470367,1.5524561238987368e-06,-1.582313738303716e-05
3.8807761552310462,PASSED,-0.2660103683437334,-2.934339161461793e-07,2.99125812896099e-06,2.6575684868916443,1.5367276399817413e-06,-1.5665381606301056e-05
3.8817763552710542,PASSED,-0.2660103686356843,-2.9046137557921265e-07,2.960062192303789e-06,2.657568488420609,1.5211662825872598e-06,-1.5492007919934806e-05
3.8827765553110622,PASSED,-0.26601036892467855,-2.875205698715938e-07,2.9279680511622496e-06,2.6575684899340883,1.5057623677832554e-06,-1.5345186060050965e-05
3.8837767553510703,PASSED,-0.26601036921074817,-2.846120344169764e-07,2.8955803902541337e-06,2.65756849143225,1.4905242205471843e-06,-1.5166788020084743e-05
3.8847769553910783,PASSED,-0.2660103694939261,-2.8173682849419514e-07,2.8616229444660007e-06,2.657568492915269,1.4754742225449268e-06,-1.4972137990372765e-05
3.8857771554310863,PASSED,-0.26601036977424625,-2.788961799634869e-07,2.8266655882031165e-06,2.657568494383321,1.4605968820160254e-06,-1.4814142221253785e-05
3.8867773554710943,PASSED,-0.2660103700517433,-2.760906032131498e-07,2.79151752509309e-06,2.657568495836589,1.4458992038044288e-06,-1.4620035538491675e-05
3.8877775555111023,PASSED,-0.2660103703264528,-2.733209280942195e-07,2.7551135148217247e-06,2.657568497275259,1.4314001074776656e-06,-1.4418470185610977e-05
3.8887777555511103,PASSED,-0.2660103705984112,-2.705882666900261e-07,2.717693330441137e-06,2.6575684986995216,1.4170886471719557e-06,-1.424012038577596e-05
3.8897779555911183,PASSED,-0.2660103708676557,-2.6789301231261256e-07,2.6802950753951625e-06,2.657568500109567,1.4029630678399671e-06,-1.4049218629463446e-05
3.8907781556311263,PASSED,-0.26601037113422416,-2.6523605281031797e-07,2.6414024535608312e-06,2.657568501505603,1.38905965861197e-06,-1.3806202960353096e-05
3.8917783556711343,PASSED,-0.2660103713981552,-2.6261807033783755e-07,2.602369151760052e-06,2.657568502887824,1.375349823011173e-06,-1.3645590694426389e-05
3.8927785557111423,PASSED,-0.2660103716594881,-2.6003956087440544e-07,2.5626030045468213e-06,2.6575685042564396,1.3618363136408003e-06,-1.342545515433701e-05
3.8937787557511503,PASSED,-0.26601037191826266,-2.575012678615959e-07,2.5220863516513418e-06,2.657568505611656,1.3485494487741944e-06,-1.3194471341451854e-05
3.8947789557911583,PASSED,-0.2660103721745194,-2.5500389434425985e-07,2.480898294459229e-06,2.657568506953688,1.335474115564967e-06,-1.2995907787744391e-05
3.8957791558311663,PASSED,-0.2660103724282994,-2.525475977598929e-07,2.4398954443054474e-06,2.657568508282748,1.322603281570694e-06,-1.278745146529204e-05
3.8967793558711743,PASSED,-0.26601037267964406,-2.501330189819812e-07,2.397701000315816e-06,2.657568509599054,1.309959003943052e-06,-1.2548828402541872e-05
3.8977795559111823,PASSED,-0.2660103729285954,-2.4776090346656013e-07,2.3550585254913015e-06,2.6575685109028253,1.2975392941841982e-06,-1.2333630663061373e-05
3.8987797559511903,PASSED,-0.2660103731751959,-2.454312899339453e-07,2.312650204030489e-06,2.6575685121942874,1.2853394333824758e-06,-1.2110680894162885e-05
3.8997799559911983,PASSED,-0.2660103734194883,-2.4314468759284604e-07,2.2692370991452033e-06,2.6575685134736613,1.27336284835009e-06,-1.188718779120088e-05
3.9007801560312063,PASSED,-0.2660103736615158,-2.409014864345666e-07,2.2258438643690216e-06,2.657568514741173,1.2616142450547882e-06,-1.1656213631368736e-05
3.9017803560712143,PASSED,-0.26601037390132176,-2.38701585009115e-07,2.1826064661732716e-06,2.6575685159970486,1.2500910562231278e-06,-1.1434505631854448e-05
3.9027805561112223,PASSED,-0.26601037413894996,-2.3654577387946854e-07,2.137947571961898e-06,2.6575685172415215,1.238804139437837e-06,-1.1188524220915402e-05
3.9037807561512303,PASSED,-0.2660103743744443,-2.344339206823567e-07,2.094456947211813e-06,2.6575685184748177,1.2277439371536157e-06,-1.0974654326425101e-05
3.9047809561912383,PASSED,-0.2660103746078489,-2.3236617867429205e-07,2.0499320486331866e-06,2.6575685196971723,1.216914703614319e-06,-1.0732286347878065e-05
3.9057811562312463,PASSED,-0.266010374839208,-2.3034300209998286e-07,2.005339591426569e-06,2.657568520908811,1.2063172094260113e-06,-1.0507632748594073e-05
3.9067813562712543,PASSED,-0.266010375068566,-2.28363962852322e-07,1.961505685150399e-06,2.657568522109973,1.1959566650395174e-06,-1.0262485478426788e-05
3.9077815563112623,PASSED,-0.26601037529596727,-2.2642941219625002e-07,1.916580636686361e-06,2.6575685233008866,1.1858255451636944e-06,-1.0043542807420213e-05
3.9087817563512703,PASSED,-0.2660103755214563,-2.2453950105420703e-07,1.8721314789474003e-06,2.6575685244817833,1.1759206003698766e-06,-9.81254611808261e-06
3.9097819563912783,PASSED,-0.2660103757450774,-2.2269371352848748e-07,1.8282248902343397e-06,2.657568525652901,1.1662624955876939e-06,-9.555143891583103e-06
3.9107821564312863,PASSED,-0.266010375966875,-2.2089233284812438e-07,1.7834845404489427e-06,2.657568526814467,1.1568285050520532e-06,-9.353221631679277e-06
3.9117823564712944,PASSED,-0.26601037618689327,-2.191352525550769e-07,1.739477461446517e-06,2.6575685279667147,1.1476182493210793e-06,-9.114945130503797e-06
3.9127825565113024,PASSED,-0.26601037640517633,-2.1742194791295484e-07,1.6958560959057478e-06,2.657568529109877,1.1386542687330152e-06,-8.863337559770835e-06
3.9137827565513104,PASSED,-0.26601037662176813,-2.1575260560902202e-07,1.651666442617513e-06,2.65756853024418,1.1299111324821753e-06,-8.663002044885886e-06
3.9147829565913184,PASSED,-0.2660103768367123,-2.1412684488143838e-07,1.6084902508944047e-06,2.657568531369853,1.1213866780312141e-06,-8.432089388344818e-06
3.9157831566313264,PASSED,-0.26601037705005226,-2.125442137801906e-07,1.5653916681500317e-06,2.6575685324871277,1.1131099489826824e-06,-8.173155488656282e-06
3.9167833566713344,PASSED,-0.2660103772618313,-2.1100497247086822e-07,1.52180773677062e-06,2.657568533596226,1.1050473393222705e-06,-7.988912441582064e-06
3.9177835567113424,PASSED,-0.26601037747209205,-2.0950802038489073e-07,1.4803816521154214e-06,2.6575685346973743,1.0972016834852378e-06,-7.750151433999948e-06
3.9187837567513504,PASSED,-0.2660103776808771,-2.0805322327195936e-07,1.4377407534753434e-06,2.657568535790792,1.0895873721686661e-06,-7.523751238286306e-06
3.9197839567913584,PASSED,-0.2660103778882284,-2.0664069626098158e-07,1.3957178493127164e-06,2.657568536876703,1.08219044785553e-06,-7.312373029702991e-06
3.9207841568313664,PASSED,-0.2660103780941875,-2.0526919057165386e-07,1.3553642493377707e-06,2.6575685379553233,1.0750063922015716e-06,-7.098510736795342e-06
3.9217843568713744,PASSED,-0.2660103782987956,-2.0393861000682142e-07,1.3140581084955682e-06,2.657568539026866,1.0680350626255267e-06,-6.886542135544422e-06
3.9227845569113824,PASSED,-0.26601037850209325,-2.0264853438661202e-07,1.27408729468527e-06,2.6575685400915483,1.0612835165089546e-06,-6.661548770590477e-06
3.9237847569513904,PASSED,-0.26601037870412053,-2.0139805929299933e-07,1.2347336262309527e-06,2.657568541149577,1.0547355615601429e-06,-6.472225734292694e-06
3.9247849569913984,PASSED,-0.2660103789049169,-2.0018676036839604e-07,1.1956757901848528e-06,2.657568542201158,1.0483852783909895e-06,-6.2689881257273155e-06
3.9257851570314064,PASSED,-0.26601037910452147,-1.9901436916823125e-07,1.1568681401514365e-06,2.657568543246499,1.0422496247654317e-06,-6.0467639587782685e-06
3.9267853570714144,PASSED,-0.26601037930297217,-1.9787958689315747e-07,1.120058365022008e-06,2.657568544285798,1.0363117158606765e-06,-5.865338868739926e-06
3.9277855571114224,PASSED,-0.2660103795003068,-1.9678197587237684e-07,1.0826461246197192e-06,2.6575685453192497,1.030554305704732e-06,-5.685457680747567e-06
3.9287857571514304,PASSED,-0.2660103796965622,-1.9572140123162215e-07,1.0458603181780271e-06,2.6575685463470506,1.0250019212858196e-06,-5.463668911022308e-06
3.9297859571914384,PASSED,-0.2660103798917746,-1.9469634188070024e-07,1.0111920394178562e-06,2.6575685473693866,1.0196365784876628e-06,-5.299792056246806e-06
3.9307861572314464,PASSED,-0.26601038008597944,-1.937061195926424e-07,9.762424538178038e-07,2.657568548386449,1.0144505329303097e-06,-5.1102145580905185e-06
3.9317863572714544,PASSED,-0.26601038027921126,-1.9275059450062968e-07,9.417135174759873e-07,2.6575685493984147,1.0094448478639748e-06,-4.935998738497711e-06
3.9327865573114624,PASSED,-0.26601038047150405,-1.9182834560134985e-07,9.092724871490545e-07,2.6575685504054642,1.0046172248777507e-06,-4.755372484708402e-06
3.9337867573514704,PASSED,-0.26601038066289084,-1.9093860053372943e-07,8.767267879346986e-07,2.657568551407768,9.999577193741232e-07,-4.5955941829069e-06
3.9347869573914784,PASSED,-0.26601038085340384,-1.9008086003237716e-07,8.450829769639462e-07,2.6575685524054955,9.954629670823528e-07,-4.4275243643457794e-06
3.9357871574314864,PASSED,-0.2660103810430744,-1.892539602888729e-07,8.147775878644794e-07,2.657568553398808,9.911295896863715e-07,-4.270612750404874e-06
3.9367873574714944,PASSED,-0.26601038123193294,-1.8845704245879624e-07,7.850113248847345e-07,2.6575685543878724,9.869644124426195e-07,-4.094886905983307e-06
3.9377875575115024,PASSED,-0.2660103814200091,-1.8768937543395445e-07,7.561041581464989e-07,2.6575685553728383,9.829430893703352e-07,-3.97228051648514e-06
3.9387877575515104,PASSED,-0.2660103816073315,-1.8694974756380935e-07,7.286436781441773e-07,2.657568556353856,9.790614982769592e-07,-3.821131477969743e-06
3.9397879575915185,PASSED,-0.2660103817939277,-1.8623726772570788e-07,7.017039447396873e-07,2.657568557331071,9.753364805130987e-07,-3.6609419544545525e-06
3.9407881576315265,PASSED,-0.2660103819798247,-1.8555127564015564e-07,6.755175127605631e-07,2.6575685583046234,9.71744022845608e-07,-3.546801476181611e-06
3.9417883576715345,PASSED,-0.2660103821650482,-1.8489058119343294e-07,6.508124026974665e-07,2.6575685592746487,9.68278859649495e-07,-3.4107376760669953e-06
3.9427885577115425,PASSED,-0.266010382349623,-1.842540868894713e-07,6.269489048044101e-07,2.6575685602412773,9.649502732677607e-07,-3.2738188521791497e-06
3.9437887577515505,PASSED,-0.2660103825335729,-1.836409614204288e-07,6.039098452012453e-07,2.657568561204633,9.61738941497975e-07,-3.169673714856583e-06
3.9447889577915585,PASSED,-0.2660103827169208,-1.83050364545669e-07,5.817215611320814e-07,2.6575685621648395,9.58646795924732e-07,-3.040460145500661e-06
3.9457891578315665,PASSED,-0.2660103828996884,-1.824808247308389e-07,5.614186506287844e-07,2.6575685631220005,9.556579431756365e-07,-2.9544478181586836e-06
3.9467893578715745,PASSED,-0.2660103830818967,-1.8193150479732624e-07,5.412541221019319e-07,2.6575685640762368,9.527864022410442e-07,-2.816269678881435e-06
3.9477895579115825,PASSED,-0.26601038326356524,-1.8140178109282793e-07,5.220367594292363e-07,2.657568565027644,9.500135195078724e-07,-2.7439581026988574e-06
3.9487897579515905,PASSED,-0.2660103834447129,-1.808900662200828e-07,5.048336149557385e-07,2.657568565976327,9.473307733806248e-07,-2.641938143613305e-06
3.9497899579915985,PASSED,-0.26601038362535745,-1.8039552304231582e-07,4.876828863078166e-07,2.6575685669223725,9.447420899172834e-07,-2.5531803431602285e-06
3.9507901580316065,PASSED,-0.2660103838055154,-1.799172256463501e-07,4.720404024043773e-07,2.6575685678658703,9.42237588872325e-07,-2.472048179490626e-06
3.9517903580716145,PASSED,-0.26601038398520244,-1.7945387267445192e-07,4.5756135156072766e-07,2.6575685688068997,9.398077805580705e-07,-2.401648404097213e-06
3.9527905581116225,PASSED,-0.26601038416443323,-1.7900482788376603e-07,4.4336708343598505e-07,2.6575685697455413,9.374576262071789e-07,-2.3158249820877676e-06
3.9537907581516305,PASSED,-0.2660103843432213,-1.7856880913462065e-07,4.311198596183321e-07,2.6575685706818644,9.35176260901439e-07,-2.2583921881747136e-06
3.9547909581916385,PASSED,-0.26601038452157905,-1.7814437340280073e-07,4.1997964662100365e-07,2.6575685716159363,9.329544452014179e-07,-2.197431374585289e-06
3.9557911582316465,PASSED,-0.266010384699518,-1.7773120995563698e-07,4.086193141923012e-07,2.657568572547811,9.307847548309548e-07,-2.151196367714999e-06
3.9567913582716545,PASSED,-0.2660103848770486,-1.7732813267781097e-07,3.993825869151179e-07,2.657568573477547,9.286741127288385e-07,-2.083605925050426e-06
3.9577915583116625,PASSED,-0.2660103850541803,-1.769335389741325e-07,3.914011148540396e-07,2.657568574405197,9.266164600049015e-07,-2.0403505898614395e-06
3.9587917583516705,PASSED,-0.26601038523092135,-1.7654695992813101e-07,3.8336433343312956e-07,2.6575685753308,9.245857555305838e-07,-2.0242737306219175e-06
3.9597919583916785,PASSED,-0.2660103854072793,-1.7616754913637474e-07,3.767750973050361e-07,2.657568576254397,9.225969703584868e-07,-1.965126133080369e-06
3.9607921584316865,PASSED,-0.26601038558326034,-1.7579362347545526e-07,3.7202603666243244e-07,2.6575685771760202,9.206440610887538e-07,-1.9447646941681306e-06
3.9617923584716945,PASSED,-0.26601038575886987,-1.7542446742479766e-07,3.672427266543873e-07,2.657568578095696,9.187058896163046e-07,-1.9337759913031614e-06
3.9627925585117025,PASSED,-0.26601038593411225,-1.7505955431168973e-07,3.6336003741027896e-07,2.6575685790134513,9.16796072203394e-07,-1.89384502731577e-06
3.9637927585517105,PASSED,-0.26601038610899097,-1.7469737107659098e-07,3.613987002243904e-07,2.6575685799293014,9.149037893969278e-07,-1.8912413258998085e-06
3.9647929585917185,PASSED,-0.2660103862835083,-1.7433700437377822e-07,3.596787045383459e-07,2.6575685808432583,9.130107796228036e-07,-1.894188739606973e-06
3.9657931586317265,PASSED,-0.2660103864576658,-1.739777865606286e-07,3.589105522238402e-07,2.657568581755331,9.111294671645008e-07,-1.8727282707667443e-06
3.9667933586717345,PASSED,-0.266010386631464,-1.7361866282045782e-07,3.592658654687512e-07,2.6575685826655215,9.092530086995267e-07,-1.8789452611123258e-06
3.9677935587117426,PASSED,-0.2660103868049024,-1.73258452768976e-07,3.608395088238821e-07,2.6575685835738296,9.073657981814056e-07,-1.8927206894603775e-06
3.9687937587517506,PASSED,-0.26601038697797985,-1.7289673473834375e-07,3.6230371183785076e-07,2.6575685844802455,9.054679547780979e-07,-1.9012585458725765e-06
3.9697939587917586,PASSED,-0.2660103871506941,-1.72532399340237e-07,3.656898556193428e-07,2.6575685853847593,9.035608148731609e-07,-1.9110608109798428e-06
3.9707941588317666,PASSED,-0.26601038732304205,-1.7216433866219158e-07,3.696412263295044e-07,2.6575685862873546,9.016349861780604e-07,-1.93567395118076e-06
3.9717943588717746,PASSED,-0.2660103874950198,-1.717920742618221e-07,3.7401318306279294e-07,2.6575685871880106,8.996836270697673e-07,-1.9618158797015467e-06
3.9727945589117826,PASSED,-0.2660103876666227,-1.7141477495830711e-07,3.7949005048310946e-07,2.657568588086707,8.977123297776794e-07,-1.977618233678723e-06
3.9737947589517906,PASSED,-0.26601038783784503,-1.71031292653353e-07,3.8614380793476786e-07,2.657568588983406,8.956983201889016e-07,-2.038270492177286e-06
3.9747949589917986,PASSED,-0.2660103880086806,-1.7064122889192498e-07,3.9267706375687347e-07,2.6575685898780823,8.93656441794149e-07,-2.04428366313629e-06
3.9757951590318066,PASSED,-0.26601038817912215,-1.702436320607363e-07,4.008766761432272e-07,2.6575685907706936,8.915782460721873e-07,-2.100803761178655e-06
3.9767953590718146,PASSED,-0.26601038834916185,-1.698375748463393e-07,4.0951090656615653e-07,2.6575685916612026,8.894489168908305e-07,-2.148346128142314e-06
3.9777955591118226,PASSED,-0.2660103885187912,-1.6942284107890848e-07,4.182156746739414e-07,2.6575685925495613,8.872770440013723e-07,-2.187557397001937e-06
3.9787957591518306,PASSED,-0.2660103886880007,-1.6899826333990865e-07,4.2881911521706264e-07,2.65756859343572,8.850529450792825e-07,-2.2484599388151005e-06
3.9797959591918386,PASSED,-0.26601038885678047,-1.6856336225941285e-07,4.3895572401493304e-07,2.6575685943196294,8.827758338461971e-07,-2.2962120959324927e-06
3.9807961592318466,PASSED,-0.2660103890251198,-1.6811759795606905e-07,4.5030335622968834e-07,2.657568595201231,8.80440137201055e-07,-2.3620196779484437e-06
3.9817963592718546,PASSED,-0.2660103891930076,-1.6766043715049108e-07,4.6173243847681236e-07,2.6575685960804707,8.780489052423088e-07,-2.410706812611272e-06
3.9827965593118626,PASSED,-0.266010389360432,-1.671908607051267e-07,4.7480578328939527e-07,2.657568596957282,8.755899667382354e-07,-2.491092965047955e-06
3.98379675935187,PASSED,-0.2660103895273803,-1.6670843055775964e-07,4.875130567522218e-07,2.6575685978315966,8.730548360734448e-07,-2.564489131285957e-06
3.984796959391878,PASSED,-0.2660103896938398,-1.6621313886912998e-07,5.004774432146165e-07,2.6575685987033557,8.704699873923004e-07,-2.598421714383214e-06
3.985797159431886,PASSED,-0.2660103898597968,-1.6570387951885673e-07,5.151139549790098e-07,2.6575685995724836,8.678071933950245e-07,-2.705708852537626e-06
3.986797359471894,PASSED,-0.2660103900252374,-1.651802713426513e-07,5.292709903563659e-07,2.6575686004389047,8.65052202508633e-07,-2.787845575627324e-06
3.987797559511902,PASSED,-0.26601039019014716,-1.646422800569558e-07,5.438048159215593e-07,2.6575686013025472,8.622405170975528e-07,-2.82757863471561e-06
3.98879775955191,PASSED,-0.2660103903545111,-1.6408881809348137e-07,5.599000618430081e-07,2.65756860216333,8.593471178525789e-07,-2.9372796518127537e-06
3.989797959591918,PASSED,-0.26601039051831393,-1.635200167207213e-07,5.747355800381168e-07,2.6575686030211725,8.563559506238262e-07,-3.027092280046052e-06
3.990798159631926,PASSED,-0.26601039068154003,-1.6293545470845876e-07,5.911129670788508e-07,2.657568603875996,8.533012771462438e-07,-3.0730609426067804e-06
3.991798359671934,PASSED,-0.26601039084417316,-1.6233426437892525e-07,6.079085711699267e-07,2.657568604727717,8.501634079937412e-07,-3.1810746257662587e-06
3.992798559711942,PASSED,-0.26601039100619717,-1.6171698632603309e-07,6.235243740403133e-07,2.657568605576246,8.469161869725783e-07,-3.2913186180938357e-06
3.99379875975195,PASSED,-0.2660103911675953,-1.6108288763154533e-07,6.411482414527305e-07,2.657568606421498,8.43596704826047e-07,-3.338257832156298e-06
3.994798959791958,PASSED,-0.26601039132835064,-1.6043138149502588e-07,6.584113998972591e-07,2.6575686072633817,8.401933194726905e-07,-3.4468037008232394e-06
3.995799159831966,PASSED,-0.266010391488446,-1.5976278568791015e-07,6.753854119280194e-07,2.6575686081018093,8.366837035268841e-07,-3.551490775795308e-06
3.996799359871974,PASSED,-0.26601039164786405,-1.5907689924006528e-07,6.928871384560594e-07,2.6575686089366903,8.3309240036544e-07,-3.6178447518766763e-06
3.997799559911982,PASSED,-0.2660103918065872,-1.583730692573054e-07,7.111252122957483e-07,2.657568609767934,8.294146384649534e-07,-3.717706666226297e-06
3.99879975995199,PASSED,-0.2660103919645978,-1.5765164474354846e-07,7.282907147310541e-07,2.6575686105954426,8.256269819522229e-07,-3.834289743733417e-06
3.999799959991998,PASSED,-0.26601039212187805,-1.5691251681905552e-07,7.463527310008384e-07,2.6575686114191304,8.217594492917511e-07,-3.889694604964173e-06
4.000800160032006,PASSED,-0.26601039227841006,-1.561552406045619e-07,7.645585368221528e-07,2.6575686122388973,8.177988505066539e-07,-4.007868238519104e-06
4.001800360072014,PASSED,-0.26601039243417574,-1.5537981161569166e-07,7.826759569023066e-07,2.6575686130546496,8.137276327787614e-07,-4.1134507208080724e-06
4.002800560112022,PASSED,-0.26601039258915715,-1.5458662083677933e-07,8.002006602523321e-07,2.6575686138662955,8.095766042089393e-07,-4.176080469164781e-06
4.00380076015203,PASSED,-0.2660103927433364,-1.5377544700122898e-07,8.184892857490509e-07,2.6575686146737403,8.053355036584868e-07,-4.284447271311068e-06
4.004800960192038,PASSED,-0.26601039289669537,-1.5294626793886425e-07,8.363055801084831e-07,2.657568615476892,8.009896648780529e-07,-4.386766453182482e-06
4.005801160232046,PASSED,-0.2660103930492162,-1.5209906430363356e-07,8.544690053121504e-07,2.6575686162756504,7.965464191869942e-07,-4.480898516309442e-06
4.006801360272054,PASSED,-0.26601039320088105,-1.5123418821492602e-07,8.718141443044332e-07,2.6575686170699293,7.920255956723702e-07,-4.547440180167013e-06
4.007801560312062,PASSED,-0.2660103933516721,-1.5035156562645432e-07,8.898282179165236e-07,2.6575686178596314,7.874035430511687e-07,-4.671794248557758e-06
4.00880176035207,PASSED,-0.2660103935015718,-1.4945131830756618e-07,9.071933862025762e-07,2.657568618644664,7.826795103624838e-07,-4.758858315436318e-06
4.009801960392078,PASSED,-0.2660103936505627,-1.485339312495873e-07,9.241828391631169e-07,2.6575686194249366,7.778799124839005e-07,-4.82675758734788e-06
4.010802160432086,PASSED,-0.26601039379862745,-1.4759918839642682e-07,9.417828624920503e-07,2.6575686202003617,7.729913076982806e-07,-4.929836251134426e-06
4.011802360472094,PASSED,-0.26601039394574916,-1.4664751346076587e-07,9.58269651106885e-07,2.657568620970844,7.679952920426006e-07,-5.040135258710466e-06
4.012802560512102,PASSED,-0.26601039409191085,-1.456792222892764e-07,9.749721850778307e-07,2.657568621736303,7.629307825908557e-07,-5.080758913768039e-06
4.01380276055211,PASSED,-0.26601039423709605,-1.446943958473112e-07,9.913959465567396e-07,2.6575686224966457,7.577791112267763e-07,-5.19894633095339e-06
4.014802960592118,PASSED,-0.2660103943812884,-1.436934135323123e-07,1.0073732272936626e-06,2.6575686232517888,7.525255810812983e-07,-5.289919355161177e-06
4.015803160632126,PASSED,-0.26601039452447195,-1.4267688793224072e-07,1.0226271819235145e-06,2.6575686240016494,7.472053499910722e-07,-5.340438913602519e-06
4.016803360672134,PASSED,-0.26601039466663107,-1.4164462496148442e-07,1.0386868299781419e-06,2.6575686247461467,7.418075760202728e-07,-5.435997342264138e-06
4.017803560712142,PASSED,-0.2660103948077505,-1.405972320581756e-07,1.0531969521959641e-06,2.6575686254851965,7.363118690982445e-07,-5.535513308537885e-06
4.01880376075215,PASSED,-0.26601039494781525,-1.3953525964853445e-07,1.0678227146046034e-06,2.6575686262187217,7.307474221759456e-07,-5.583735998139603e-06
4.019803960792158,PASSED,-0.2660103950868109,-1.3845890547243666e-07,1.0820418170932665e-06,2.6575686269466496,7.251224585262059e-07,-5.652448750806375e-06
4.020804160832166,PASSED,-0.2660103952247232,-1.3736861214627726e-07,1.0957943322034983e-06,2.6575686276689043,7.194078512636417e-07,-5.756046270402583e-06
4.021804360872174,PASSED,-0.2660103953615386,-1.3626490332618538e-07,1.108985145350805e-06,2.657568628385415,7.136241782783146e-07,-5.802090795276912e-06
4.022804560912182,PASSED,-0.26601039549724376,-1.3514807979801474e-07,1.1220491167171897e-06,2.657568629096111,7.077814288883495e-07,-5.869855119757041e-06
4.02380476095219,PASSED,-0.266010395631826,-1.3401887846579044e-07,1.1339694758957293e-06,2.6575686298009247,7.018626405194318e-07,-5.951410535024784e-06
4.024804960992198,PASSED,-0.26601039576527297,-1.328775694364796e-07,1.1462020649209082e-06,2.657568630499793,6.958840038153318e-07,-5.996787483483562e-06
4.025805161032206,PASSED,-0.26601039589757297,-1.3172472257707052e-07,1.1572767224011743e-06,2.6575686311926576,6.898562948045966e-07,-6.048323362236146e-06
4.026805361072214,PASSED,-0.26601039602871485,-1.3056115058844672e-07,1.167768832772189e-06,2.657568631879455,6.837559428098199e-07,-6.135037749803894e-06
4.027805561112222,PASSED,-0.2660103961586877,-1.293867849499162e-07,1.178763509036117e-06,2.657568632560129,6.775993463631722e-07,-6.170968911210252e-06
4.02880576115223,PASSED,-0.26601039628748147,-1.2820258053480703e-07,1.1878316858245573e-06,2.6575686332346304,6.714098174927789e-07,-6.2019021765153045e-06
4.029805961192238,PASSED,-0.26601039641508656,-1.2700947073069338e-07,1.1966285496397128e-06,2.6575686339029034,6.65154554416685e-07,-6.290837009146053e-06
4.030806161232246,PASSED,-0.26601039654149405,-1.2580737368913345e-07,1.2057427028401087e-06,2.6575686345649077,6.588563308192898e-07,-6.303147989561276e-06
4.031806361272254,PASSED,-0.26601039666669535,-1.2459688770492128e-07,1.2136481717935348e-06,2.657568635220593,6.525242134672805e-07,-6.351430260307992e-06
4.032806561312262,PASSED,-0.2660103967906827,-1.233793116433543e-07,1.2201946547493017e-06,2.6575686358699233,6.461450898557483e-07,-6.397585845681688e-06
4.03380676135227,PASSED,-0.2660103969134489,-1.2215462184932737e-07,1.227686553545309e-06,2.657568636512857,6.39729567063685e-07,-6.427480756317559e-06
4.034806961392278,PASSED,-0.26601039703498736,-1.2092343915802618e-07,1.2335134498050808e-06,2.657568637149359,6.33281291719797e-07,-6.4621384022682914e-06
4.035807161432286,PASSED,-0.2660103971552921,-1.1968705049017866e-07,1.2383054798758002e-06,2.6575686377794026,6.268094997866208e-07,-6.478227620448256e-06
4.036807361472294,PASSED,-0.26601039727435777,-1.1844535614812902e-07,1.2439535834988678e-06,2.6575686384029567,6.203066799170998e-07,-6.519214702236006e-06
4.037807561512302,PASSED,-0.26601039739217963,-1.1719913332861254e-07,1.247735643528239e-06,2.657568639019996,6.137759827578757e-07,-6.5383521305495005e-06
4.03880776155231,PASSED,-0.26601039750875366,-1.1594956341492895e-07,1.2507927604538222e-06,2.6575686396305005,6.072335215895192e-07,-6.545200526894558e-06
4.039807961592318,PASSED,-0.2660103976240766,-1.1469688336939464e-07,1.2539382355879813e-06,2.6575686402344547,6.006786708804455e-07,-6.561284163859929e-06
4.040808161632326,PASSED,-0.26601039773814555,-1.1344147359229624e-07,1.2563908047720123e-06,2.657568640831839,5.940976771965685e-07,-6.594133363888395e-06
4.041808361672334,PASSED,-0.2660103978509585,-1.1218455788065448e-07,1.257265649554936e-06,2.6575686414226487,5.875176182290601e-07,-6.570676036588459e-06
4.042808561712342,PASSED,-0.26601039796251397,-1.1092665603510869e-07,1.2583259762063564e-06,2.6575686420068694,5.809302693817422e-07,-6.598464054470904e-06
4.04380876175235,PASSED,-0.26601039807281135,-1.0966813398909397e-07,1.2586527592203033e-06,2.6575686425845046,5.743378024165185e-07,-6.5884689057255285e-06
4.044808961792358,PASSED,-0.2660103981818505,-1.0841006779964837e-07,1.2576751429291397e-06,2.6575686431555474,5.677485279267767e-07,-6.589811545752438e-06
4.045809161832366,PASSED,-0.2660103982896321,-1.0715289932363879e-07,1.2568306980631941e-06,2.6575686437200057,5.611663084586629e-07,-6.577158083021319e-06
4.046809361872374,PASSED,-0.2660103983961572,-1.0589707226293909e-07,1.255157969124052e-06,2.6575686442778834,5.545892326447374e-07,-6.577020967861727e-06
4.047809561912382,PASSED,-0.26601039850142794,-1.046438155012388e-07,1.251989290084453e-06,2.657568644829193,5.480256803286313e-07,-6.554573214935651e-06
4.04880976195239,PASSED,-0.2660103986054468,-1.0339338461171206e-07,1.2493919558215932e-06,2.657568645373945,5.41475931579144e-07,-6.5465324391883255e-06
4.049809961992398,PASSED,-0.26601039870821713,-1.021463711039439e-07,1.2454278757325424e-06,2.6575686459121592,5.349468999055276e-07,-6.517364496568633e-06
4.050810162032406,PASSED,-0.26601039880974275,-1.0090382210829194e-07,1.2406297422649148e-06,2.6575686464438535,5.284388338230242e-07,-6.501867139793232e-06
4.051810362072414,PASSED,-0.2660103989100282,-9.966604940476218e-08,1.2358680110396742e-06,2.657568646969054,5.219552635680581e-07,-6.47137233174789e-06
4.052810562112422,PASSED,-0.2660103990090788,-9.843390510530724e-08,1.2296618250651239e-06,2.657568647487788,5.155057659806556e-07,-6.434914424505522e-06
4.05381076215243,PASSED,-0.2660103991069003,-9.720778982567518e-08,1.2237509160100304e-06,2.6575686480000846,5.090826532550244e-07,-6.415244926381808e-06
4.054810962192438,PASSED,-0.26601039920349917,-9.598842902441335e-08,1.216434058096375e-06,2.6575686485059786,5.026953790282078e-07,-6.368627093773007e-06
4.055811162232446,PASSED,-0.2660103992988826,-9.477682554830432e-08,1.2083830881174695e-06,2.657568649005509,4.963553971453125e-07,-6.320885075643513e-06
4.056811362272454,PASSED,-0.26601039939305826,-9.357287117695488e-08,1.2010018935040807e-06,2.657568649498712,4.900469642209793e-07,-6.300131490126382e-06
4.057811562312462,PASSED,-0.26601039948603455,-9.237770582327884e-08,1.1912743271239955e-06,2.6575686499856337,4.837833213684204e-07,-6.239317094180609e-06
4.05881176235247,PASSED,-0.26601039957782036,-9.119199396670264e-08,1.182003542877685e-06,2.6575686504663203,4.775785758298153e-07,-6.181697834888085e-06
4.059811962392478,PASSED,-0.26601039966842516,-9.001566544287019e-08,1.1725451778023006e-06,2.657568650940823,4.714189717582478e-07,-6.1448748960204895e-06
4.060812162432486,PASSED,-0.2660103997578592,-8.884993101100705e-08,1.161193934570358e-06,2.6575686514091945,4.6531183792654543e-07,-6.081973122156913e-06
4.061812362472494,PASSED,-0.2660103998461329,-8.76953299054418e-08,1.1502058862285038e-06,2.6575686518714905,4.5926699856097295e-07,-6.02008352784944e-06
4.0628125625125024,PASSED,-0.26601039993325776,-8.655197169417812e-08,1.138793094620482e-06,2.6575686523277637,4.5327156017557577e-07,-5.9790082904290705e-06
4.0638127625525104,PASSED,-0.26601040001924536,-8.542062999461549e-08,1.1263741028573788e-06,2.657568652778088,4.4735531810470917e-07,-5.8743979244916e-06
4.0648129625925185,PASSED,-0.2660104001041081,-8.430212604912155e-08,1.1132571739183086e-06,2.6575686532225187,4.414993885333466e-07,-5.8436173359431925e-06
4.0658131626325265,PASSED,-0.2660104001878587,-8.319650344774549e-08,1.1005328863478959e-06,2.657568653661127,4.357015011172327e-07,-5.767400802894418e-06
4.0668133626725345,PASSED,-0.2660104002705106,-8.210437170408462e-08,1.0865309818695136e-06,2.6575686540939767,4.299816067818155e-07,-5.68822335709904e-06
4.0678135627125425,PASSED,-0.2660104003520774,-8.102626002963542e-08,1.0724988028356797e-06,2.6575686545211474,4.243426772258355e-07,-5.60606702190058e-06
4.0688137627525505,PASSED,-0.26601040043257357,-7.996292714701816e-08,1.0572222691383302e-06,2.6575686549427116,4.1877305329019565e-07,-5.545328544799451e-06
4.0698139627925585,PASSED,-0.2660104005120137,-7.89143691622491e-08,1.0427817951895496e-06,2.6575686553587414,4.132714550582588e-07,-5.472444690028462e-06
4.0708141628325665,PASSED,-0.2660104005904129,-7.788093643065831e-08,1.0272000225249334e-06,2.6575686557693268,4.0787311315999714e-07,-5.348940037083769e-06
4.0718143628725745,PASSED,-0.2660104006677869,-7.686369978634383e-08,1.0105943921741687e-06,2.6575686561745355,4.025385216327853e-07,-5.325025853963886e-06
4.0728145629125825,PASSED,-0.2660104007441516,-7.58625159530724e-08,9.949101273362522e-07,2.657568656574461,3.972877746973747e-07,-5.2012276563751e-06
4.0738147629525905,PASSED,-0.2660104008195234,-7.4877488112782e-08,9.784396489264978e-07,2.657568656969189,3.9214780128963767e-07,-5.099137241978328e-06
4.0748149629925985,PASSED,-0.266010400893919,-7.39099779482844e-08,9.602238415450148e-07,2.6575686573588033,3.870727635042204e-07,-5.058971481043224e-06
4.0758151630326065,PASSED,-0.2660104009673554,-7.295955756092694e-08,9.438847512324027e-07,2.6575686577433935,3.820838831072172e-07,-4.9421530076431955e-06
4.0768153630726145,PASSED,-0.26601040103985013,-7.202626960698067e-08,9.262234224221733e-07,2.6575686581230533,3.772118319532544e-07,-4.825316584842548e-06
4.0778155631126225,PASSED,-0.26601040111142094,-7.111143786308787e-08,9.072372915398854e-07,2.657568658497874,3.724181031373601e-07,-4.772670303262109e-06
4.0788157631526305,PASSED,-0.26601040118208574,-7.021458557007374e-08,8.899289606636288e-07,2.657568658867949,3.677099030827317e-07,-4.665219888872653e-06
4.0798159631926385,PASSED,-0.26601040125186304,-6.93360408055347e-08,8.709553004559791e-07,2.6575686592333754,3.631176757341403e-07,-4.5435656550704855e-06
4.0808161632326465,PASSED,-0.26601040132077114,-6.847636293899959e-08,8.521595772545565e-07,2.657568659594253,3.586219207342154e-07,-4.463881229827928e-06
4.0818163632726545,PASSED,-0.266010401388829,-6.76355804668694e-08,8.331977353806121e-07,2.6575686599506745,3.542050585455764e-07,-4.3855161611796416e-06
4.0828165633126625,PASSED,-0.2660104014560556,-6.681377372890687e-08,8.142127396838027e-07,2.6575686603027435,3.4990412230978785e-07,-4.244549618861196e-06
4.0838167633526705,PASSED,-0.2660104015224701,-6.601120500344741e-08,7.94806049309886e-07,2.657568660650559,3.457096489612346e-07,-4.1610891683479446e-06
4.0848169633926785,PASSED,-0.26601040158809186,-6.522833534249492e-08,7.749120687142313e-07,2.6575686609942255,3.4160438116195656e-07,-4.068053553231448e-06
4.0858171634326865,PASSED,-0.26601040165294054,-6.446500620515189e-08,7.556071830955729e-07,2.6575686613338423,3.376056616281768e-07,-3.9524968541453336e-06
4.0868173634726945,PASSED,-0.2660104017170357,-6.372129593730824e-08,7.35778991009029e-07,2.657568661669512,3.3371382003862817e-07,-3.851404746484119e-06
4.0878175635127025,PASSED,-0.2660104017803972,-6.299751107247573e-08,7.157887807148472e-07,2.6575686620013412,3.2992363220287887e-07,-3.7493765619260578e-06
4.0888177635527105,PASSED,-0.26601040184304486,-6.229374703254257e-08,6.957475460787195e-07,2.65756866232943,3.262329571615079e-07,-3.6515406943342275e-06
4.0898179635927185,PASSED,-0.26601040190499875,-6.160999409550115e-08,6.757565310165464e-07,2.657568662653884,3.226518960724213e-07,-3.5340746855881485e-06
4.0908181636327265,PASSED,-0.2660104019662788,-6.094607982638415e-08,6.560194278506292e-07,2.6575686629748123,3.191830289008916e-07,-3.4253954954907803e-06
4.0918183636727345,PASSED,-0.26601040202690507,-6.030231038776207e-08,6.356027791363847e-07,2.6575686632923157,3.1580702049603383e-07,-3.3430836777690638e-06
4.0928185637127426,PASSED,-0.26601040208689763,-5.967869861718274e-08,6.156177648746178e-07,2.6575686636065003,3.1253754814882196e-07,-3.2203981268404522e-06
4.0938187637527506,PASSED,-0.2660104021462767,-5.9075226252714725e-08,5.953754308636169e-07,2.657568663917471,3.0938229873638324e-07,-3.111816936170936e-06
4.094818963792759,PASSED,-0.26601040220506206,-5.849152601480247e-08,5.759167759446769e-07,2.657568664225334,3.063253871156388e-07,-3.0203080771267687e-06
4.095819163832767,PASSED,-0.266010402263274,-5.792803205737531e-08,5.552120784154847e-07,2.6575686645301912,3.0336804708222133e-07,-2.9153613376112286e-06
4.096819363872775,PASSED,-0.26601040232093215,-5.738431606319333e-08,5.360519380263041e-07,2.657568664832152,3.005281691709718e-07,-2.789555627008447e-06
4.097819563912783,PASSED,-0.2660104023780566,-5.686049846403796e-08,5.156613732414091e-07,2.657568665131316,2.977839903646961e-07,-2.713927592453809e-06
4.098819763952791,PASSED,-0.266010402434667,-5.635629263081499e-08,4.96568806544012e-07,2.657568665427787,2.951350557940258e-07,-2.605605889481329e-06
4.099819963992799,PASSED,-0.26601040249078306,-5.5871666560775435e-08,4.76664245703249e-07,2.65756866572167,2.9260535705428376e-07,-2.4790939732491274e-06
4.100820164032807,PASSED,-0.26601040254642416,-5.5406620705722274e-08,4.57300261286442e-07,2.657568666013066,2.901706226516306e-07,-2.4051613555892744e-06
4.101820364072815,PASSED,-0.2660104026016098,-5.496075384446071e-08,4.38244594578312e-07,2.6575686663020752,2.878267712557677e-07,-2.302978089378669e-06
4.102820564112823,PASSED,-0.2660104026563591,-5.453401565794485e-08,4.1906724780755494e-07,2.6575686665888028,2.856021070841694e-07,-2.172454893078004e-06
4.103820764152831,PASSED,-0.266010402710691,-5.41260317397502e-08,4.0059503178604494e-07,2.657568666873341,2.8346262120188687e-07,-2.1175065417521944e-06
4.104820964192839,PASSED,-0.2660104027646243,-5.373674508957657e-08,3.8174772909868993e-07,2.657568667155792,2.814155824419749e-07,-2.000060238685155e-06
4.105821164232847,PASSED,-0.2660104028181775,-5.336602943593277e-08,3.6336093667386977e-07,2.6575686674362538,2.7948426834434815e-07,-1.8854833369211626e-06
4.106821364272855,PASSED,-0.26601040287136907,-5.3013363846536566e-08,3.455353578777563e-07,2.65756866771482,2.776352717372136e-07,-1.8246721206101968e-06
4.107821564312863,PASSED,-0.26601040292421685,-5.2678519600577766e-08,3.277168380128333e-07,2.6575686679915878,2.7587793123824805e-07,-1.7124527512024573e-06
4.108821764352871,PASSED,-0.2660104029767387,-5.2361575798953944e-08,3.097617773644794e-07,2.6575686682666477,2.7422225210752956e-07,-1.6178300503959076e-06
4.109821964392879,PASSED,-0.2660104030289522,-5.206188889867635e-08,2.929703155530018e-07,2.657568668540091,2.726492380455281e-07,-1.5431367364051373e-06
4.110822164432887,PASSED,-0.2660104030808743,-5.1778969885998524e-08,2.7621814409437955e-07,2.657568668812012,2.7117006799821143e-07,-1.436525587924391e-06
4.111822364472895,PASSED,-0.2660104031325221,-5.151310635446008e-08,2.5896045650115546e-07,2.657568669082495,2.6978012199829984e-07,-1.3588929412364377e-06
4.112822564512903,PASSED,-0.2660104031839121,-5.126361162278592e-08,2.431842484561715e-07,2.6575686693516274,2.6846782997894253e-07,-1.281224738104567e-06
4.113822764552911,PASSED,-0.26601040323506037,-5.102974776752547e-08,2.276502597966322e-07,2.657568669619494,2.6724533672842015e-07,-1.183338925467585e-06
4.114822964592919,PASSED,-0.26601040328598285,-5.0811921070638806e-08,2.1127765494668752e-07,2.6575686698861753,2.6610348409199436e-07,-1.1141951103979442e-06
4.115823164632927,PASSED,-0.26601040333669496,-5.060931642871785e-08,1.968226332371352e-07,2.6575686701517576,2.650431159426008e-07,-1.0244835087240046e-06
4.116823364672935,PASSED,-0.26601040338721177,-5.0421343099259264e-08,1.820737936062236e-07,2.6575686704163175,2.6406175819822357e-07,-9.526072348127009e-07
4.117823564712943,PASSED,-0.266010403437548,-5.024811027979435e-08,1.6733883670405297e-07,2.6575686706799324,2.631528585604763e-07,-8.797612397036463e-07
4.118823764752951,PASSED,-0.2660104034877179,-5.008894164061557e-08,1.537218408285966e-07,2.657568670942673,2.62313993049605e-07,-8.116016916497229e-07
4.119823964792959,PASSED,-0.2660104035377353,-4.994322861252566e-08,1.40373819597451e-07,2.6575686712046203,2.615602510661807e-07,-7.151688446073711e-07
4.120824164832967,PASSED,-0.26601040358761374,-4.981091140197505e-08,1.2694613785271934e-07,2.657568671465835,2.608628872724852e-07,-6.85493759754194e-07
4.121824364872975,PASSED,-0.26601040363736617,-4.9691377830572684e-08,1.1459186043545988e-07,2.65756867172639,2.602301040013964e-07,-5.976429453119387e-07
4.122824564912983,PASSED,-0.2660104036870052,-4.9584166899997106e-08,1.0229031066899693e-07,2.657568671986352,2.5967775253110623e-07,-5.221571536090064e-07
4.123824764952991,PASSED,-0.2660104037365429,-4.94888493078025e-08,9.066911321167858e-08,2.657568672245786,2.591824369370106e-07,-4.774212210867585e-07
4.124824964992999,PASSED,-0.2660104037859909,-4.940482381150066e-08,7.95964183619439e-08,2.6575686725047483,2.5873281923886535e-07,-4.31082016184229e-07
4.125825165033007,PASSED,-0.26601040383536045,-4.9332023311127575e-08,6.826988838051689e-08,2.657568672763299,2.5835093117904304e-07,-3.490920889143811e-07
4.126825365073015,PASSED,-0.2660104038846622,-4.926948876163336e-08,5.871099023667869e-08,2.657568673021495,2.5803094688808115e-07,-3.0057909232689304e-07
4.127825565113023,PASSED,-0.26601040393390646,-4.921698236160107e-08,4.837000656269823e-08,2.6575686732793886,2.577498204029812e-07,-2.6815808028208427e-07
4.128825765153031,PASSED,-0.266010403983103,-4.9174217016278405e-08,3.902890449597445e-08,2.657568673537034,2.5752573809057927e-07,-1.9469846714845278e-07
4.129825965193039,PASSED,-0.26601040403226106,-4.9140227675847004e-08,3.06296310550151e-08,2.657568673794479,2.5735591911372073e-07,-1.5323264999862085e-07
4.130826165233047,PASSED,-0.26601040408138943,-4.9114748632266644e-08,2.2045318597255026e-08,2.657568674051766,2.5721451156724787e-07,-1.3352414412232907e-07
4.131826365273055,PASSED,-0.26601040413049637,-4.90975128587849e-08,1.4029410071404184e-08,2.6575686743089415,2.571222787982066e-07,-6.470518565393489e-08
4.132826565313063,PASSED,-0.26601040417958965,-4.90877014711672e-08,6.999372648563648e-09,2.6575686745660465,2.570798387344934e-07,-2.759664908599749e-08
4.133826765353071,PASSED,-0.26601040422867667,-4.9084924582873316e-08,-3.81012759038088e-11,2.6575686748231164,2.5705806849360393e-07,-1.7885968758518628e-08
4.134826965393079,PASSED,-0.2660104042777641,-4.908875123171585e-08,-6.352347220285795e-09,2.657568675080191,2.570780417333672e-07,4.521271211114209e-08
4.135827165433087,PASSED,-0.2660104043268583,-4.909847912997448e-08,-1.1978265617521689e-08,2.6575686753373007,2.5713701511251484e-07,6.814715717195222e-08
4.136827365473095,PASSED,-0.266010404375965,-4.9113811722057406e-08,-1.7568809726537794e-08,2.657568675594476,2.572109776877097e-07,7.783952054347358e-08
4.137827565513103,PASSED,-0.26601040442508955,-4.913426553847187e-08,-2.2377154206423013e-08,2.6575686758517425,2.5731350178458233e-07,1.1898048109205892e-07
4.138827765553111,PASSED,-0.26601040447423663,-4.9159116365741595e-08,-2.6499942645260865e-08,2.6575686761091273,2.574502653362392e-07,1.4861893203332104e-07
4.139827965593119,PASSED,-0.2660104045234106,-4.9187990005155334e-08,-3.045610392606243e-08,2.6575686763666564,2.576055016457259e-07,1.5964789445574252e-07
4.140828165633127,PASSED,-0.2660104045726152,-4.9220503897077287e-08,-3.3885750585883256e-08,2.6575686766243445,2.5776941695993255e-07,1.6676026070724743e-07
4.141828365673135,PASSED,-0.26601040462185377,-4.925595619286922e-08,-3.649665926262812e-08,2.6575686768822067,2.5795029894720224e-07,1.9029647164466194e-07
4.142828565713143,PASSED,-0.26601040467112896,-4.929395953472792e-08,-3.9007796922748814e-08,2.6575686771402656,2.581605619783086e-07,2.235740707474841e-07
4.143828765753151,PASSED,-0.2660104047204432,-4.933408385059879e-08,-4.0868661836288905e-08,2.6575686773985256,2.583656092023327e-07,1.9269599287509694e-07
4.144828965793159,PASSED,-0.2660104047697982,-4.937568916719899e-08,-4.209641977614484e-08,2.6575686776570007,2.5857772677135636e-07,2.2506528645602567e-07
4.145829165833167,PASSED,-0.2660104048191954,-4.941848838522141e-08,-4.3267750186592326e-08,2.6575686779156977,2.5881356339763663e-07,2.430175194963906e-07
4.146829365873175,PASSED,-0.26601040486863553,-4.9461809422884e-08,-4.335656264659669e-08,2.6575686781746186,2.590356035849429e-07,2.0805529917947545e-07
4.147829565913183,PASSED,-0.266010404918119,-4.950511873780688e-08,-4.3277816440403094e-08,2.6575686784337647,2.592531867181307e-07,2.23935022526647e-07
4.148829765953191,PASSED,-0.2660104049676458,-4.954839096048942e-08,-4.326849351062904e-08,2.65756867869314,2.5949256713665473e-07,2.4967734918894506e-07
4.149829965993199,PASSED,-0.26601040501721523,-4.959086351079325e-08,-4.1941921499301e-08,2.6575686789527384,2.597143995881311e-07,2.0326918633457545e-07
4.150830166033207,PASSED,-0.26601040506682644,-4.963180861615972e-08,-4.028056127790966e-08,2.6575686792125555,2.599190486877301e-07,2.055690417752416e-07
4.151830366073215,PASSED,-0.26601040511647794,-4.967143194844967e-08,-3.9185179631308536e-08,2.6575686794725826,2.6013213921035546e-07,2.1810484319216842e-07
4.152830566113223,PASSED,-0.2660104051661678,-4.9708902770944276e-08,-3.632791773680794e-08,2.657568679732812,2.6033273961620703e-07,1.8893078095782929e-07
4.153830766153231,PASSED,-0.2660104052158938,-4.9743605021254626e-08,-3.361847202604624e-08,2.6575686799932305,2.6050870457827014e-07,1.6732108279994678e-07
4.154830966193239,PASSED,-0.2660104052656531,-4.977560159458452e-08,-3.091530753246739e-08,2.6575686802538216,2.606740322375279e-07,1.6399871022965206e-07
4.155831166233247,PASSED,-0.2660104053154426,-4.9804201667893395e-08,-2.7056583826482206e-08,2.6575686805145717,2.6082881601045575e-07,1.4864048139327106e-07
4.156831366273255,PASSED,-0.2660104053652588,-4.982881286471111e-08,-2.298093881186619e-08,2.657568680775462,2.6095851783685695e-07,1.1707605640647569e-07
4.157831566313263,PASSED,-0.26601040541509763,-4.9849698449242455e-08,-1.948868167766705e-08,2.6575686810364716,2.6106399344181515e-07,9.774197065931556e-08
4.158831766353271,PASSED,-0.26601040546495497,-4.986607270531772e-08,-1.4297972340333645e-08,2.657568681297577,2.61150708066254e-07,7.936306029194016e-08
4.159831966393279,PASSED,-0.26601040551482596,-4.987708151356268e-08,-8.816032181385916e-09,2.6575686815587547,2.6121132318338944e-07,4.811648836440761e-08
4.160832166433287,PASSED,-0.2660104055647057,-4.9883269080563494e-08,-4.4352568804306815e-09,2.6575686818199773,2.612397814836331e-07,1.5352841496393492e-08
4.161832366473295,PASSED,-0.2660104056145886,-4.9883870045472597e-08,1.955229738457699e-09,2.6575686820812168,2.612429530106837e-07,-4.949349246521405e-09
4.162832566513303,PASSED,-0.26601040566446915,-4.987835747443855e-08,7.884131897770282e-09,2.657568682342445,2.612199849486214e-07,-3.4980537272872685e-08
4.163832766553311,PASSED,-0.2660104057143411,-4.986680093102282e-08,1.4004817761045501e-08,2.6575686826036247,2.611510101882806e-07,-9.163757571947295e-08
4.164832966593319,PASSED,-0.2660104057641982,-4.984887131010041e-08,2.0546156363317787e-08,2.6575686828647305,2.6106038403177035e-07,-8.995187703738244e-08
4.165833166633327,PASSED,-0.26601040581403373,-4.982374974775943e-08,2.8171832992752808e-08,2.657568683125722,2.609352273963698e-07,-1.4862647430930355e-07
4.166833366673335,PASSED,-0.2660104058638407,-4.979156261716908e-08,3.4863995655405635e-08,2.6575686833865633,2.607569500802373e-07,-1.980445440146925e-07
4.167833566713343,PASSED,-0.26601040591361197,-4.975239917489382e-08,4.20297400218326e-08,2.6575686836472183,2.60554665915146e-07,-2.0511057914230487e-07
4.168833766753351,PASSED,-0.26601040596334,-4.9705382771832664e-08,5.0340845087375996e-08,2.6575686839076456,2.6031222494877505e-07,-2.673278911900097e-07
4.169833966793359,PASSED,-0.266010406013017,-4.965019405555646e-08,5.842063040209545e-08,2.6575686841678094,2.6002337571180295e-07,-3.0319680082682205e-07
4.170834166833367,PASSED,-0.2660104060626351,-4.9587500925382634e-08,6.554146335497855e-08,2.6575686844276603,2.5968860834442175e-07,-3.558144117507906e-07
4.171834366873375,PASSED,-0.2660104061121859,-4.951610540572948e-08,7.529822385194483e-08,2.657568684687161,2.593177283441427e-07,-3.8092372596455677e-07
4.172834566913383,PASSED,-0.26601040616166116,-4.943601249632973e-08,8.328936643160824e-08,2.6575686849462676,2.5890561127316965e-07,-4.329126343119834e-07
4.173834766953391,PASSED,-0.2660104062110522,-4.934778272205825e-08,9.152337949806821e-08,2.65756868520493,2.584327192965572e-07,-4.99544871479449e-07
4.174834966993399,PASSED,-0.2660104062603503,-4.925038606106629e-08,1.0131218198788253e-07,2.657568685463108,2.5792592284996094e-07,-5.116308300074191e-07
4.175835167033407,PASSED,-0.26601040630954653,-4.914387558570365e-08,1.0997600427914142e-07,2.657568685720749,2.5737031613335667e-07,-5.849239743354367e-07
4.176835367073415,PASSED,-0.2660104063586316,-4.902825935020653e-08,1.1937638964245472e-07,2.657568685977812,2.567628891321466e-07,-6.224290191264545e-07
4.177835567113423,PASSED,-0.2660104064075965,-4.890336180238988e-08,1.2857831993277427e-07,2.657568686234243,2.561103968164475e-07,-6.725345134142493e-07
4.178835767153431,PASSED,-0.26601040645643176,-4.876910404872284e-08,1.3804404282321087e-07,2.657568686489996,2.554061391670104e-07,-7.254064067856281e-07
4.179835967193439,PASSED,-0.2660104065051279,-4.862518361504383e-08,1.478380275828892e-07,2.657568686745021,2.5465352529257947e-07,-7.707521861944615e-07
4.180836167233447,PASSED,-0.26601040655367536,-4.847171447759113e-08,1.5722321069922747e-07,2.657568686999268,2.538514924864688e-07,-8.228865527215509e-07
4.181836367273455,PASSED,-0.26601040660206454,-4.8308641536881604e-08,1.6697276071639598e-07,2.657568687252686,2.529950897832298e-07,-8.78746803583999e-07
4.182836567313463,PASSED,-0.2660104066502857,-4.8135712888193596e-08,1.7689924066908863e-07,2.6575686875052207,2.5208582423735056e-07,-9.296113740760332e-07
4.183836767353471,PASSED,-0.2660104066983291,-4.7953096271947045e-08,1.8642819996485726e-07,2.657568687756828,2.511352520163447e-07,-9.64546118959012e-07
4.184836967393479,PASSED,-0.2660104067461849,-4.7760575318411504e-08,1.965827892493304e-07,2.6575686880074496,2.501248390544533e-07,-1.0409908571797205e-06
4.185837167433487,PASSED,-0.2660104067938433,-4.7558129594003e-08,2.0635434784794688e-07,2.65756868825704,2.490637956558657e-07,-1.0744117595262103e-06
4.186837367473495,PASSED,-0.26601040684129446,-4.7346066539213644e-08,2.158688594169639e-07,2.6575686885055454,2.479574658463559e-07,-1.1276085094988358e-06
4.187837567513503,PASSED,-0.2660104068885285,-4.712406074215356e-08,2.2609708882217768e-07,2.6575686887529115,2.4678883328158626e-07,-1.1959819349502631e-06
4.188837767553511,PASSED,-0.2660104069355356,-4.689208708530019e-08,2.3589136887415768e-07,2.6575686889990897,2.455742217094656e-07,-1.227031330234253e-06
4.189837967593519,PASSED,-0.2660104069823061,-4.6650662689550256e-08,2.4511308033378356e-07,2.6575686892440307,2.4431751497113777e-07,-1.276490343723547e-06
4.190838167633527,PASSED,-0.2660104070288301,-4.6399415144211714e-08,2.553371886750464e-07,2.6575686894876798,2.4299573670803684e-07,-1.3519702093524932e-06
4.191838367673535,PASSED,-0.266010407075098,-4.613819482193561e-08,2.6514241134347463e-07,2.6575686897299877,2.416263215375772e-07,-1.3810451445310622e-06
4.192838567713543,PASSED,-0.2660104071211002,-4.5867951294837205e-08,2.736442709350247e-07,2.6575686899709026,2.402141276552128e-07,-1.4329597075866613e-06
4.193838767753551,PASSED,-0.2660104071668271,-4.55880096294447e-08,2.841399283641573e-07,2.657568690210377,2.3874630647056697e-07,-1.4910621693519093e-06
4.194838967793559,PASSED,-0.2660104072122693,-4.529828294001126e-08,2.934511968129628e-07,2.6575686904483606,2.3722992778990535e-07,-1.533256354868052e-06
4.195839167833567,PASSED,-0.2660104072574176,-4.499989150792342e-08,3.016849222710928e-07,2.6575686906848035,2.3566642033579266e-07,-1.5836748536091208e-06
4.196839367873575,PASSED,-0.2660104073022626,-4.4692211674602297e-08,3.116764406878128e-07,2.657568690919661,2.340573258571865e-07,-1.6260408952708648e-06
4.197839567913583,PASSED,-0.2660104073467953,-4.4375094675340926e-08,3.2074403831041273e-07,2.6575686911528815,2.3239576536740362e-07,-1.685240219457569e-06
4.198839767953591,PASSED,-0.2660104073910069,-4.404960988277859e-08,3.286452953969476e-07,2.657568691384419,2.3068679219135228e-07,-1.7247951471138326e-06
4.199839967993599,PASSED,-0.2660104074348884,-4.371534966426345e-08,3.380035005939394e-07,2.65756869161423,2.2894235081601242e-07,-1.7575388608238931e-06
4.200840168033607,PASSED,-0.2660104074784314,-4.337234565266633e-08,3.463376855992398e-07,2.6575686918422656,2.2714367282633553e-07,-1.8261040755788757e-06
4.201840368073615,PASSED,-0.2660104075216273,-4.302109803776596e-08,3.5452090110111727e-07,2.657568692068486,2.253021117181049e-07,-1.8518657966651288e-06
4.202840568113623,PASSED,-0.266010407564468,-4.2661919553343774e-08,3.622835399695726e-07,2.6575686922928448,2.2342464592829995e-07,-1.8945324518981756e-06
4.203840768153631,PASSED,-0.2660104076069454,-4.229455763866597e-08,3.7074749781662847e-07,2.657568692515303,2.2150110588297303e-07,-1.942878440946051e-06
4.204840968193639,PASSED,-0.2660104076490516,-4.191936325949853e-08,3.7815896673465195e-07,2.657568692735815,2.195327383625752e-07,-1.9853602400323633e-06
4.205841168233647,PASSED,-0.26601040769077916,-4.1537132863319563e-08,3.849446824751753e-07,2.657568692954343,2.1752981786533957e-07,-2.0146273353711375e-06
4.206841368273655,PASSED,-0.2660104077321206,-4.1147380111502325e-08,3.9295813137860635e-07,2.6575686931708504,2.15491726292209e-07,-2.0537343983035596e-06
4.207841568313663,PASSED,-0.26601040777306867,-4.0750185958295814e-08,4.0001816775844894e-07,2.6575686933852967,2.1341061794785935e-07,-2.0993576417136974e-06
4.208841768353671,PASSED,-0.2660104078136165,-4.034679842172992e-08,4.0563378243751684e-07,2.6575686935976504,2.1130082173359115e-07,-2.1167552626378488e-06
4.209841968393679,PASSED,-0.2660104078537576,-3.9936870078221574e-08,4.127913842222315e-07,2.6575686938078715,2.0915267133780737e-07,-2.1690804845477216e-06
4.210842168433687,PASSED,-0.2660104078934854,-3.952004729074554e-08,4.1951038964523244e-07,2.6575686940159273,2.0696534334352454e-07,-2.1994930007729102e-06
4.211842368473695,PASSED,-0.26601040793279385,-3.909775121335961e-08,4.2415320254638084e-07,2.657568694221789,2.0475960309140934e-07,-2.2099050863433955e-06
4.212842568513703,PASSED,-0.2660104079716771,-3.866994381115148e-08,4.3024353531595915e-07,2.657568694425423,2.0251863774028146e-07,-2.2616721943174904e-06
4.213842768553711,PASSED,-0.2660104080101295,-3.8236035658817945e-08,4.3635123034525145e-07,2.6575686946267996,2.002412418057359e-07,-2.2878784280309157e-06
4.214842968593719,PASSED,-0.2660104080481458,-3.779732685867942e-08,4.4028051333404886e-07,2.657568694825893,1.9794776728501681e-07,-2.297205249177891e-06
4.215843168633727,PASSED,-0.26601040808572096,-3.735403178122343e-08,4.453047868706169e-07,2.6575686950226776,1.956282738004804e-07,-2.3343523081087068e-06
4.216843368673735,PASSED,-0.26601040812285043,-3.69059654810491e-08,4.4990730904347493e-07,2.657568695217126,1.9327515816429766e-07,-2.365624521565432e-06
4.217843568713743,PASSED,-0.2660104081595297,-3.645342348860764e-08,4.5429844804010767e-07,2.6575686954092164,1.909066633565753e-07,-2.3704083318270104e-06
4.218843768753751,PASSED,-0.2660104081957547,-3.599737977017421e-08,4.5720723202898146e-07,2.6575686955989286,1.885219691481391e-07,-2.3942181261757015e-06
4.219843968793759,PASSED,-0.2660104082315217,-3.553754781583718e-08,4.6158176920905185e-07,2.6575686957862423,1.8611104518009566e-07,-2.4220611959552105e-06
4.220844168833767,PASSED,-0.2660104082668272,-3.507405386251057e-08,4.647687427383255e-07,2.657568695971139,1.83683451796576e-07,-2.431281508562639e-06
4.221844368873775,PASSED,-0.2660104083016681,-3.460810973041418e-08,4.667277250017672e-07,2.6575686961536045,1.8124863918358163e-07,-2.437166682615549e-06
4.222844568913783,PASSED,-0.26601040833604156,-3.413946611492367e-08,4.699208758163271e-07,2.6575686963336196,1.7878869381978805e-07,-2.475131151245605e-06
4.223844768953791,PASSED,-0.26601040836994505,-3.366797776792018e-08,4.725333277949309e-07,2.6575686965111744,1.7631871655094118e-07,-2.466541347247744e-06
4.224844968993799,PASSED,-0.2660104084033765,-3.319498425552849e-08,4.7330030212286273e-07,2.657568696686257,1.7384845894634007e-07,-2.4727351095033293e-06
4.225845169033807,PASSED,-0.26601040843633394,-3.272034270400459e-08,4.7553571779124276e-07,2.657568696858855,1.7135524055363673e-07,-2.506873914836695e-06
4.226845369073815,PASSED,-0.266010408468816,-3.224407233977313e-08,4.7676012852494753e-07,2.657568697028968,1.6886470932416306e-07,-2.4796361058983525e-06
4.227845569113823,PASSED,-0.2660104085008214,-3.176684240610324e-08,4.775431370998518e-07,2.65756869719658,1.6636555881139653e-07,-2.5121601173453242e-06
4.228845769153831,PASSED,-0.2660104085323494,-3.128919480260037e-08,4.777172477715541e-07,2.657568697361696,1.6386265759372845e-07,-2.496728617883267e-06
4.229845969193839,PASSED,-0.26601040856339947,-3.081103752426542e-08,4.784506320438812e-07,2.6575686975243054,1.613588015203171e-07,-2.508607710430105e-06
4.230846169233847,PASSED,-0.2660104085939713,-3.033261235323205e-08,4.784081970263701e-07,2.657568697684412,1.588531291252487e-07,-2.503715518160636e-06
4.231846369273855,PASSED,-0.2660104086240652,-2.985487607124309e-08,4.772883386306872e-07,2.6575686978420143,1.5635121868773158e-07,-2.5007070504213934e-06
4.232846569313863,PASSED,-0.2660104086536816,-2.9377740987843324e-08,4.770329132458241e-07,2.6575686979971165,1.5385209153793893e-07,-2.4980738827067873e-06
4.233846769353871,PASSED,-0.2660104086828212,-2.8901385189042705e-08,4.7590438917047915e-07,2.657568698149724,1.5136104505077108e-07,-2.4863615568085297e-06
4.234846969393879,PASSED,-0.2660104087114853,-2.8426501863052293e-08,4.742026172036992e-07,2.6575686982998397,1.4887161256630755e-07,-2.491479769566898e-06
4.235847169433887,PASSED,-0.26601040873967524,-2.795318277556772e-08,4.7273006767182567e-07,2.657568698447473,1.46391641308534e-07,-2.4722989165779563e-06
4.236847369473895,PASSED,-0.26601040876739285,-2.7481589400424296e-08,4.7083558012448415e-07,2.6575686985926303,1.439219470555253e-07,-2.4679578106292074e-06
4.237847569513903,PASSED,-0.2660104087946402,-2.701256872160945e-08,4.678107446084244e-07,2.6575686987353264,1.4146671239393514e-07,-2.4467525622307742e-06
4.238847769553911,PASSED,-0.26601040882141963,-2.654593120529006e-08,4.658553641266969e-07,2.6575686988755725,1.3902380214195752e-07,-2.4403487118088508e-06
4.239847969593919,PASSED,-0.26601040884773397,-2.6082073930708667e-08,4.6252521488452427e-07,2.6575686990133813,1.3659154456999867e-07,-2.426863478725511e-06
4.240848169633927,PASSED,-0.2660104088735862,-2.5621594263991853e-08,4.5911596793834387e-07,2.6575686991487726,1.3418406170763868e-07,-2.394562451449664e-06
4.241848369673935,PASSED,-0.2660104088989797,-2.5164585964950287e-08,4.5560318644371275e-07,2.6575686992817573,1.317865962535533e-07,-2.3994007891758433e-06
4.242848569713943,PASSED,-0.2660104089239179,-2.4711095179540898e-08,4.520825180531741e-07,2.6575686994123617,1.2941312193864645e-07,-2.3561899987275695e-06
4.243848769753951,PASSED,-0.26601040894840494,-2.4261840667124573e-08,4.473691753250889e-07,2.6575686995406005,1.2706265366787822e-07,-2.3466537854619848e-06
4.244848969793959,PASSED,-0.26601040897244493,-2.381724521483176e-08,4.4274630360462826e-07,2.6575686996665002,1.2473123829937416e-07,-2.321256423865421e-06
4.245849169833967,PASSED,-0.2660104089960423,-2.3376798213921218e-08,4.389141324478211e-07,2.65756869979008,1.224237117308782e-07,-2.2983733315830113e-06
4.246849369873975,PASSED,-0.26601040901920187,-2.29412231961224e-08,4.3334894136614537e-07,2.6575686999113683,1.2014599753285147e-07,-2.263941442322553e-06
4.247849569913983,PASSED,-0.26601040904192874,-2.251132201647628e-08,4.2760267183277325e-07,2.6575687000303905,1.1789421188857267e-07,-2.2436817789163287e-06
4.248849769953991,PASSED,-0.26601040906422807,-2.2086420200510832e-08,4.231012453872317e-07,2.6575687001471735,1.1566720171320533e-07,-2.215895773001352e-06
4.249849969993999,PASSED,-0.2660104090861055,-2.1667092602868938e-08,4.1681183247833577e-07,2.6575687002617476,1.1347370068033219e-07,-2.178571206120995e-06
4.250850170034007,PASSED,-0.2660104091075667,-2.1253951823111152e-08,4.1069341127742083e-07,2.657568700374141,1.1130752632033091e-07,-2.157909795921458e-06
4.251850370074015,PASSED,-0.26601040912861784,-2.084706659028943e-08,4.0434644718459804e-07,2.657568700484387,1.0917570821914931e-07,-2.1144236380217103e-06
4.252850570114023,PASSED,-0.26601040914926516,-2.0446377998179314e-08,3.9825002206046014e-07,2.657568700592518,1.0708023654328012e-07,-2.0828370344341934e-06
4.253850770154031,PASSED,-0.2660104091695151,-2.0052152618343768e-08,3.9154228501893357e-07,2.657568700698568,1.0501375612875803e-07,-2.0555760012473463e-06
4.254850970194039,PASSED,-0.2660104091893745,-1.9665145898264724e-08,3.8398301011911834e-07,2.657568700802573,1.0298624805776993e-07,-2.0087961174819286e-06
4.255851170234047,PASSED,-0.26601040920885016,-1.928480478657403e-08,3.779131794050801e-07,2.6575687009045663,1.009952215713815e-07,-1.9791800656594203e-06
4.256851370274055,PASSED,-0.2660104092279492,-1.8911679955723154e-08,3.6993259848140464e-07,2.65756870100459,9.90430405503152e-08,-1.9341816580042206e-06
4.257851570314063,PASSED,-0.2660104092466789,-1.8546181729066233e-08,3.625419787739349e-07,2.657568701102679,9.712843109848559e-08,-1.9015613143798744e-06
4.258851770354071,PASSED,-0.266010409265047,-1.8188381415478372e-08,3.546392034638121e-07,2.6575687011988736,9.525170628342251e-08,-1.8601671488518761e-06
4.259851970394079,PASSED,-0.26601040928306086,-1.783793727664385e-08,3.4764742908165955e-07,2.657568701293213,9.341773227384308e-08,-1.816511916731122e-06
4.260852170434087,PASSED,-0.26601040930072856,-1.749561832950168e-08,3.3876662584917546e-07,2.6575687013857396,9.162667618503372e-08,-1.7740855368615178e-06
4.261852370474095,PASSED,-0.26601040931805797,-1.716157939668768e-08,3.308871374572149e-07,2.657568701476495,8.987667205791636e-08,-1.733949853954601e-06
4.262852570514103,PASSED,-0.2660104093350572,-1.6835248425203146e-08,3.2329352750274986e-07,2.6575687015655216,8.816838328953705e-08,-1.6911813779957902e-06
4.263852770554111,PASSED,-0.26601040935173464,-1.6517702706727396e-08,3.1371384579107884e-07,2.6575687016528624,8.650346390101875e-08,-1.6474113955333021e-06
4.264852970594119,PASSED,-0.2660104093680987,-1.6208885311869054e-08,3.0555309423651757e-07,2.65756870173856,8.488320631522448e-08,-1.6021550459682611e-06
4.265853170634127,PASSED,-0.26601040938415793,-1.590797685826038e-08,2.9781202652344437e-07,2.6575687018226644,8.331443909333519e-08,-1.546508672503317e-06
4.266853370674135,PASSED,-0.2660104093999209,-1.5615880597669863e-08,2.8828574996856797e-07,2.6575687019052143,8.178152817470714e-08,-1.523845749377877e-06
4.267853570714143,PASSED,-0.2660104094153963,-1.533297878984728e-08,2.793125130585918e-07,2.6575687019862606,8.029727517211224e-08,-1.4578578380729173e-06
4.268853770754151,PASSED,-0.26601040943059306,-1.505889389250589e-08,2.705998201965904e-07,2.6575687020658476,7.886743548860594e-08,-1.4111609137952173e-06
4.269853970794159,PASSED,-0.26601040944552007,-1.479330927355164e-08,2.6224115145936057e-07,2.6575687021440224,7.747528240324825e-08,-1.3794811997326892e-06
4.270854170834167,PASSED,-0.2660104094601863,-1.4537042833932504e-08,2.522832983923196e-07,2.657568702220828,7.612565116142473e-08,-1.3297312698840699e-06
4.271854370874175,PASSED,-0.26601040947460075,-1.4290113882521226e-08,2.433593867572509e-07,2.6575687022963184,7.48398809090791e-08,-1.2564629073199948e-06
4.272854570914183,PASSED,-0.2660104094887726,-1.4051752205522249e-08,2.350298704934612e-07,2.657568702370536,7.359237499322233e-08,-1.2415345882146168e-06
4.273854770954191,PASSED,-0.2660104095027109,-1.3822792236017825e-08,2.249133688450644e-07,2.6575687024435313,7.23865025485358e-08,-1.1820976823344636e-06
4.274854970994199,PASSED,-0.2660104095164248,-1.3603281615395343e-08,2.1590878847409432e-07,2.657568702515353,7.124351663127022e-08,-1.1169114072196446e-06
4.275855171034207,PASSED,-0.26601040952992355,-1.3392498436941926e-08,2.0736610510630082e-07,2.657568702586047,7.014015028974077e-08,-1.094336297736001e-06
4.276855371074215,PASSED,-0.26601040954321636,-1.3191028499371112e-08,1.9753915921382055e-07,2.6575687026556643,6.908123790735861e-08,-1.035296438812927e-06
4.277855571114223,PASSED,-0.2660104095563124,-1.2999119292119041e-08,1.8815590594423777e-07,2.6575687027242467,6.807388721726287e-08,-9.887201909509473e-07
4.278855771154231,PASSED,-0.2660104095692208,-1.2815947573982713e-08,1.7984892626438898e-07,2.6575687027918495,6.711965225154634e-08,-9.31244815560245e-07
4.279855971194239,PASSED,-0.2660104095819507,-1.2641908776348371e-08,1.7016537854764517e-07,2.6575687028585158,6.620608836258469e-08,-9.01776604562588e-07
4.280856171234247,PASSED,-0.2660104095945114,-1.2477481216573125e-08,1.606023472603116e-07,2.6575687029242956,6.534120932635612e-08,-8.402806573392102e-07
4.281856371274255,PASSED,-0.26601040960691186,-1.2321784063550705e-08,1.524270235304947e-07,2.6575687029892388,6.453399034353304e-08,-7.851778664790053e-07
4.282856571314263,PASSED,-0.26601040961916117,-1.217491530223992e-08,1.4316325316431194e-07,2.6575687030533888,6.376110951156271e-08,-7.646828089645377e-07
4.283856771354271,PASSED,-0.2660104096312684,-1.2037485280396934e-08,1.3360786762877011e-07,2.657568703116795,6.303742877752188e-08,-6.963460174250252e-07
4.284856971394279,PASSED,-0.2660104096432424,-1.1908906966102596e-08,1.2522527873804968e-07,2.657568703179505,6.2372066968567e-08,-6.447056699747903e-07
4.285857171434287,PASSED,-0.2660104096550921,-1.1788749450203739e-08,1.1677900733939835e-07,2.6575687032415622,6.173899504380163e-08,-6.253160946257588e-07
4.286857371474295,PASSED,-0.26601040966682626,-1.1677619379202567e-08,1.073641134423549e-07,2.6575687033030158,6.115369837328585e-08,-5.58617054442448e-07
4.287857571514303,PASSED,-0.2660104096784535,-1.1575259544460349e-08,9.902364894212683e-08,2.6575687033639053,6.061795057709036e-08,-5.205016240308459e-07
4.288857771554311,PASSED,-0.2660104096899826,-1.1481216282572654e-08,9.072300385140715e-08,2.6575687034242845,6.012991037015423e-08,-4.663992622063208e-07
4.289857971594319,PASSED,-0.26601040970142187,-1.1395581261168304e-08,8.224303310631204e-08,2.6575687034841935,5.968108213281077e-08,-4.37114220768239e-07
4.290858171634327,PASSED,-0.2660104097127797,-1.1318342002136512e-08,7.390340964878054e-08,2.657568703543675,5.927190622623053e-08,-3.905503637882305e-07
4.291858371674335,PASSED,-0.2660104097240645,-1.1249458332588824e-08,6.553717614695892e-08,2.6575687036027746,5.8916558034882255e-08,-3.3188007638829943e-07
4.292858571714343,PASSED,-0.26601040973528417,-1.1188402693187456e-08,5.8067948237642244e-08,2.657568703661532,5.8595089531753806e-08,-3.1452745428854387e-07
4.293858771754351,PASSED,-0.2660104097464468,-1.1135248655872849e-08,4.987809669925181e-08,2.6575687037199907,5.8311700471605846e-08,-2.626301307209048e-07
4.294858971794359,PASSED,-0.26601040975756024,-1.1090026158661613e-08,4.211876421922494e-08,2.6575687037781934,5.808312630286916e-08,-2.0587019408054316e-07
4.295859171834367,PASSED,-0.26601040976863216,-1.1052339148741116e-08,3.4732507054680036e-08,2.6575687038361777,5.7883035647127213e-08,-1.9623763018288314e-07
4.296859371874375,PASSED,-0.26601040977967005,-1.1021954490462233e-08,2.7486092428349764e-08,2.657568703893982,5.771613563882069e-08,-1.4734159372228347e-07
4.297859571914383,PASSED,-0.26601040979068136,-1.0999004774892901e-08,1.9925464329988588e-08,2.6575687039516507,5.760758030708525e-08,-8.269782374420614e-08
4.298859771954391,PASSED,-0.26601040980167306,-1.0983129900067104e-08,1.3174481823002276e-08,2.6575687040092144,5.7520788966924937e-08,-8.952035110438324e-08
4.299859971994399,PASSED,-0.26601040981265234,-1.0974084823549438e-08,6.292139647442265e-09,2.6575687040667146,5.746749255116254e-08,-2.9147125534401606e-08
4.300860172034407,PASSED,-0.266010409823626,-1.0971842396351986e-08,-4.5738110254215724e-10,2.657568704124184,5.7462645022641785e-08,1.1352202821671824e-08
4.301860372074415,PASSED,-0.2660104098346007,-1.0976214227701063e-08,-6.9814648467690366e-09,2.6575687041816582,5.748358906107081e-08,2.7338595500595973e-08
4.302860572114423,PASSED,-0.2660104098455828,-1.0986734035724509e-08,-1.2878703474563646e-08,2.6575687042391714,5.7534034819752215e-08,6.585053413527859e-08
4.303860772154431,PASSED,-0.2660104098565786,-1.1003527352352503e-08,-1.9403058730283075e-08,2.6575687042967577,5.762890975581698e-08,1.1422453735108897e-07
4.304860972194439,PASSED,-0.266010409867594,-1.1026213716286135e-08,-2.4875234069196366e-08,2.6575687043544467,5.774717738408189e-08,1.20963022207461e-07
4.305861172234447,PASSED,-0.266010409878635,-1.1054561206810378e-08,-3.06623281609396e-08,2.65756870441227,5.7891779623167326e-08,1.60361717004087e-07
4.306861372274455,PASSED,-0.2660104098897071,-1.1088510569165076e-08,-3.614071848387333e-08,2.6575687044702536,5.80693529217103e-08,1.8904768623555815e-07
4.307861572314463,PASSED,-0.2660104099008157,-1.1127728501581614e-08,-4.1269408371646414e-08,2.65756870452843,5.82764480891572e-08,2.1912682158779824e-07
4.308861772354471,PASSED,-0.266010409911966,-1.117197866117364e-08,-4.6237327072278176e-08,2.657568704586825,5.850839721090246e-08,2.4049732185023546e-07
4.309861972394479,PASSED,-0.26601040992316305,-1.122116993252826e-08,-5.116056754284809e-08,2.657568704645464,5.876483868868612e-08,2.6707091507260566e-07
4.310862172434487,PASSED,-0.2660104099344114,-1.1274634217723944e-08,-5.500009696424299e-08,2.6575687047043726,5.9046126686238954e-08,2.907660525396516e-07
4.311862372474495,PASSED,-0.2660104099457155,-1.1332529105777294e-08,-5.982474877942297e-08,2.6575687047635728,5.93496132182103e-08,3.119668515924824e-07
4.312862572514503,PASSED,-0.26601040995707975,-1.1395060845677335e-08,-6.433640064711903e-08,2.657568704823087,5.967522566325714e-08,3.347095073497374e-07
4.313862772554511,PASSED,-0.2660104099685081,-1.146113157803146e-08,-6.722695349212826e-08,2.657568704882939,6.002427443795802e-08,3.58608286268311e-07
4.314862972594519,PASSED,-0.26601040998000436,-1.1530661373200047e-08,-7.106502295289208e-08,2.6575687049431456,6.038660806982769e-08,3.648171956039112e-07
4.315863172634527,PASSED,-0.26601040999157205,-1.1603970310732804e-08,-7.480488058600165e-08,2.6575687050037256,6.076726436823526e-08,3.9121570027668744e-07
4.316863372674535,PASSED,-0.2660104100032145,-1.1680378251192536e-08,-7.747664704221955e-08,2.6575687050647,6.117539814776832e-08,4.194124990372931e-07
4.317863572714543,PASSED,-0.26601041001493475,-1.1759500399745728e-08,-8.021914956050646e-08,2.6575687051260792,6.158630683838214e-08,4.052394849981633e-07
4.318863772754551,PASSED,-0.2660104100267356,-1.1841547441963264e-08,-8.326563732222116e-08,2.6575687051878787,6.200721378553196e-08,4.31351921917603e-07
4.319863972794559,PASSED,-0.2660104100386196,-1.1926082359996828e-08,-8.538110517446078e-08,2.6575687052501173,6.246191433120862e-08,4.702662948493523e-07
4.320864172834567,PASSED,-0.26601041005058906,-1.2012563176446936e-08,-8.721395730053944e-08,2.6575687053128023,6.291399382823455e-08,4.3995496514365073e-07
4.321864372874575,PASSED,-0.26601041006264625,-1.2101289656757468e-08,-8.973482898385884e-08,2.6575687053759465,6.336889478295873e-08,4.6486494777787916e-07
4.322864572914583,PASSED,-0.26601041007479276,-1.2191581985189692e-08,-9.066399473113507e-08,2.657568705439557,6.384748839697357e-08,4.87746058172813e-07
4.323864772954591,PASSED,-0.26601041008703036,-1.228332700533208e-08,-9.246570374989088e-08,2.6575687055036457,6.433095475226031e-08,4.806132200293556e-07
4.3248649729945985,PASSED,-0.26601041009936033,-1.2376452521741857e-08,-9.356539151636556e-08,2.6575687055682193,6.481520184085804e-08,4.866696676433094e-07
4.3258651730346065,PASSED,-0.2660104101117839,-1.2470529153239232e-08,-9.441745815138293e-08,2.657568705633283,6.530895855425492e-08,4.984814105659154e-07
4.3268653730746145,PASSED,-0.2660104101243018,-1.2565209445642542e-08,-9.485551523792886e-08,2.6575687056988384,6.580356819131861e-08,4.920284547288812e-07
4.3278655731146225,PASSED,-0.2660104101369148,-1.2660490734831292e-08,-9.556513848929758e-08,2.657568705764895,6.630589637812921e-08,5.091946748650691e-07
4.3288657731546305,PASSED,-0.2660104101496232,-1.2756265360488982e-08,-9.591428376995275e-08,2.6575687058314474,6.680302416564985e-08,4.890831959577119e-07
4.3298659731946385,PASSED,-0.26601041016242727,-1.28520187602412e-08,-9.564614374039503e-08,2.657568705898505,6.730727315465959e-08,5.143595177110907e-07
4.3308661732346465,PASSED,-0.2660104101753268,-1.2947248116633771e-08,-9.495149816068807e-08,2.6575687059660607,6.78083888667326e-08,4.922865083142827e-07
4.3318663732746545,PASSED,-0.26601041018832167,-1.3042442659880247e-08,-9.535657330366881e-08,2.657568706034116,6.830186748563932e-08,4.942733593016748e-07
4.3328665733146625,PASSED,-0.26601041020141136,-1.3137179686219297e-08,-9.432399502930242e-08,2.6575687061026665,6.879844748843003e-08,4.981177651167588e-07
4.3338667733546705,PASSED,-0.26601041021459504,-1.3230492564828929e-08,-9.263880099651904e-08,2.65756870617171,6.929122661511278e-08,4.892200343933946e-07
4.3348669733946785,PASSED,-0.2660104102278718,-1.3323043957622916e-08,-9.249312065896322e-08,2.6575687062412405,6.977319895327417e-08,4.771405406734095e-07
4.3358671734346865,PASSED,-0.26601041024124045,-1.3414537141323385e-08,-9.082655906147539e-08,2.657568706311254,7.025243797061951e-08,4.806380017932981e-07
4.3368673734746945,PASSED,-0.2660104102546997,-1.3504235594834252e-08,-8.894638314379583e-08,2.65756870638174,7.072347282339149e-08,4.646327534244177e-07
4.3378675735147025,PASSED,-0.2660104102682479,-1.3592403409242218e-08,-8.764876858407977e-08,2.657568706452692,7.1182371938614e-08,4.5507668975458023e-07
4.3388677735547105,PASSED,-0.2660104102818832,-1.3678655189406935e-08,-8.532045455180973e-08,2.6575687065241023,7.16386080916807e-08,4.570091286080985e-07
4.3398679735947185,PASSED,-0.26601041029560374,-1.3762769900851511e-08,-8.331088270641979e-08,2.657568706595959,7.20805248028074e-08,4.3185509947243603e-07
4.3408681736347265,PASSED,-0.26601041030940725,-1.3844779530145499e-08,-8.114212701903456e-08,2.6575687066682465,7.249887168599516e-08,4.093414056646501e-07
4.3418683736747345,PASSED,-0.2660104103232915,-1.3924210598880097e-08,-7.829036321163972e-08,2.6575687067409595,7.292233546470307e-08,4.328786940700621e-07
4.3428685737147426,PASSED,-0.26601041033725376,-1.400085710727533e-08,-7.555060518429466e-08,2.65756870681408,7.33280681068037e-08,3.8763527412099125e-07
4.343868773754751,PASSED,-0.2660104103512914,-1.4074906752398337e-08,-7.304900508214875e-08,2.6575687068875955,7.37059544504833e-08,3.713870567186743e-07
4.344868973794759,PASSED,-0.26601041036540146,-1.4145905623351894e-08,-6.963211486782876e-08,2.657568706961492,7.408432059066219e-08,3.830188624856977e-07
4.345869173834767,PASSED,-0.2660104103795809,-1.4213613544784725e-08,-6.642512580949977e-08,2.6575687070357494,7.444028099932665e-08,3.379214394502882e-07
4.346869373874775,PASSED,-0.26601041039382645,-1.4278121607636933e-08,-6.323002088068093e-08,2.657568707110355,7.477304125932211e-08,3.29319473692238e-07
4.347869573914783,PASSED,-0.2660104104081348,-1.4339264246286559e-08,-5.975105049559069e-08,2.657568707185289,7.509673473386539e-08,3.1994280844398446e-07
4.348869773954791,PASSED,-0.26601041042250234,-1.4396675164901207e-08,-5.5850830694020046e-08,2.6575687072605327,7.539772789714372e-08,2.883600665012316e-07
4.349869973994799,PASSED,-0.2660104104369254,-1.4450271756094187e-08,-5.2093764858953355e-08,2.6575687073360665,7.567407279476441e-08,2.683347850336745e-07
4.350870174034807,PASSED,-0.26601041045140017,-1.450004841589006e-08,-4.8231923087154704e-08,2.6575687074118717,7.593772544261495e-08,2.605312230617726e-07
4.351870374074815,PASSED,-0.26601041046592266,-1.4545773626700583e-08,-4.4054069292768684e-08,2.6575687074879295,7.618262055784379e-08,2.3447104334021172e-07
4.352870574114823,PASSED,-0.2660104104804889,-1.4587556731524347e-08,-4.026912851109424e-08,2.6575687075642116,7.63906605569777e-08,1.9041930299637707e-07
4.353870774154831,PASSED,-0.2660104104950945,-1.462472240435344e-08,-3.509670237442602e-08,2.657568707640701,7.658686457015906e-08,2.000604866380171e-07
4.354870974194839,PASSED,-0.2660104105097353,-1.4657580460173406e-08,-3.1365624783659375e-08,2.6575687077173753,7.676786130777048e-08,1.6828757159370528e-07
4.355871174234847,PASSED,-0.2660104105244068,-1.4686419078240661e-08,-2.7153946922985712e-08,2.657568707794213,7.691439803289864e-08,1.3203616081778003e-07
4.356871374274855,PASSED,-0.26601041053910457,-1.471019616451104e-08,-2.1525845835306134e-08,2.6575687078711847,7.703364518732008e-08,1.1072115015721407e-07
4.357871574314863,PASSED,-0.26601041055382385,-1.4729263891481602e-08,-1.7428981060731555e-08,2.657568707948272,7.714208910886457e-08,1.0692576913601636e-07
4.358871774354871,PASSED,-0.2660104105685602,-1.4744139913336067e-08,-1.3174049050286624e-08,2.657568708025444,7.721401052868497e-08,4.85851869433206e-08
4.359871974394879,PASSED,-0.26601041058330854,-1.4753788144128307e-08,-7.2976852868775646e-09,2.657568708102684,7.726547320166243e-08,5.3380997000198096e-08
4.360872174434887,PASSED,-0.26601041059806424,-1.4758419323210328e-08,-2.853508278780603e-09,2.657568708179961,7.729628199834258e-08,1.5760663133447665e-08
4.361872374474895,PASSED,-0.26601041061282227,-1.4758577023759821e-08,1.6395046033644674e-09,2.6575687082572466,7.728489305386219e-08,-2.9488682889609463e-08
4.362872574514903,PASSED,-0.26601041062757774,-1.4753512415774502e-08,7.3480102399532155e-09,2.6575687083345247,7.726700805482487e-08,-1.0149209802461821e-08
4.363872774554911,PASSED,-0.26601041064232556,-1.4743158547954937e-08,1.2357772872642896e-08,2.6575687084117594,7.721604198684747e-08,-7.817730676069018e-08
4.364872974594919,PASSED,-0.26601041065706077,-1.4728167802038574e-08,1.6746061278843414e-08,2.6575687084889292,7.71269081235138e-08,-9.643823438233919e-08
4.365873174634927,PASSED,-0.26601041067177816,-1.4707792140639812e-08,2.279539481203879e-08,2.6575687085660045,7.70254124698448e-08,-1.0486726652679047e-07
4.366873374674935,PASSED,-0.2660104106864727,-1.4682207241754256e-08,2.7444568267900742e-08,2.657568708642961,7.689608043046035e-08,-1.4564188795622544e-07
4.367873574714943,PASSED,-0.2660104107011391,-1.4651661221029034e-08,3.261365569677033e-08,2.6575687087197695,7.672802666942209e-08,-1.829950097595956e-07
4.368873774754951,PASSED,-0.2660104107157723,-1.4615774214401106e-08,3.8069240582035095e-08,2.6575687087964046,7.654270950063429e-08,-1.8686527480661962e-07
4.369873974794959,PASSED,-0.26601041073036713,-1.457489131365259e-08,4.2758674192836673e-08,2.657568708872839,7.633347437399754e-08,-2.2414836119015222e-07
4.370874174834967,PASSED,-0.2660104107449184,-1.4528713950314834e-08,4.8456489434368356e-08,2.657568708949041,7.608041442177723e-08,-2.7233434624039864e-07
4.371874374874975,PASSED,-0.26601041075942083,-1.4477256069757402e-08,5.345880797281044e-08,2.657568709024995,7.582236083637572e-08,-2.4853307817559883e-07
4.372874574914983,PASSED,-0.26601041077386944,-1.4420943855098826e-08,5.821448578242027e-08,2.657568709100661,7.552598074458188e-08,-3.2827810087265317e-07
4.373874774954991,PASSED,-0.26601041078825893,-1.4359175085782206e-08,6.41382916727536e-08,2.6575687091760205,7.519454878713375e-08,-3.335345284984624e-07
4.374874974994999,PASSED,-0.2660104108025842,-1.4292303248177433e-08,6.869420155945358e-08,2.6575687092510423,7.485222729162207e-08,-3.4817947352049765e-07
4.375875175035007,PASSED,-0.2660104108168402,-1.4220713408987685e-08,7.352026427661136e-08,2.657568709325702,7.447690564501691e-08,-3.934164286615835e-07
4.376875375075015,PASSED,-0.2660104108310218,-1.4143627806009773e-08,7.946249544544699e-08,2.65756870939997,7.406498790562343e-08,-4.2425194654806936e-07
4.377875575115023,PASSED,-0.26601041084512406,-1.406175681721158e-08,8.347665103335696e-08,2.657568709473827,7.364676827140618e-08,-4.141980926633864e-07
4.378875775155031,PASSED,-0.266010410859142,-1.3975224494385113e-08,8.856943735520814e-08,2.657568709547239,7.319087960176868e-08,-4.836823876202375e-07
4.379875975195039,PASSED,-0.2660104108730707,-1.3883345438815121e-08,9.40854677131802e-08,2.6575687096201857,7.270378638145555e-08,-4.893671087750534e-07
4.380876175235047,PASSED,-0.2660104108869053,-1.3786749613892481e-08,9.826939639561505e-08,2.657568709692638,7.220401093182464e-08,-5.067143435348215e-07
4.381876375275055,PASSED,-0.26601041090064104,-1.3685737244383851e-08,1.0284101825063885e-07,2.6575687097645724,7.167303707308568e-08,-5.471468688750498e-07
4.382876575315063,PASSED,-0.2660104109142732,-1.3579756648252845e-08,1.0807364805125235e-07,2.6575687098359633,7.111347292427342e-08,-5.678423354370526e-07
4.383876775355071,PASSED,-0.2660104109277972,-1.3469142757408127e-08,1.123073860403599e-07,2.657568709906791,7.054364686250617e-08,-5.711485459873849e-07
4.384876975395079,PASSED,-0.26601041094120836,-1.3354077052387522e-08,1.1690458434076645e-07,2.657568709977027,6.993886741565958e-08,-6.272000474193895e-07
4.385877175435087,PASSED,-0.2660104109545024,-1.3234740175025702e-08,1.2095840604252127e-07,2.657568710046646,6.930274754942288e-08,-6.420664121149112e-07
4.386877375475095,PASSED,-0.26601041096767486,-1.3111079312365212e-08,1.2546250040580213e-07,2.6575687101156316,6.866630002516815e-08,-6.327015990146302e-07
4.387877575515103,PASSED,-0.2660104109807215,-1.2983061316698367e-08,1.2972165917420681e-07,2.657568710183958,6.799813184306698e-08,-6.918125708255393e-07
4.388877775555111,PASSED,-0.26601041099363815,-1.2851054906098222e-08,1.3352957821743668e-07,2.6575687102516032,6.729636476090613e-08,-7.084034230510616e-07
4.389877975595119,PASSED,-0.2660104110064207,-1.2714984180890718e-08,1.377648232008827e-07,2.657568710318545,6.658717844960809e-08,-7.097082367960354e-07
4.390878175635127,PASSED,-0.2660104110190653,-1.2574956818207358e-08,1.4153572233834676e-07,2.6575687103847665,6.586149243987711e-08,-7.363378583542757e-07
4.391878375675135,PASSED,-0.26601041103156814,-1.243142786783606e-08,1.4485776905993356e-07,2.6575687104502457,6.510435858719666e-08,-7.709978488978918e-07
4.392878575715143,PASSED,-0.2660104110439254,-1.2283960181410135e-08,1.4920763133658742e-07,2.6575687105149606,6.432707500549494e-08,-7.814740702375952e-07
4.393878775755151,PASSED,-0.2660104110561337,-1.2133152023587488e-08,1.518751754800217e-07,2.6575687105788948,6.354228610496303e-08,-7.869987873947821e-07
4.394878975795159,PASSED,-0.2660104110681894,-1.1979080577147179e-08,1.5553562708050105e-07,2.6575687106420327,6.273890193848985e-08,-8.143077525254469e-07
4.395879175835167,PASSED,-0.2660104110800894,-1.1821499800996373e-08,1.5894420886434192e-07,2.6575687107043504,6.190429048676629e-08,-8.481472511889659e-07
4.396879375875175,PASSED,-0.2660104110918302,-1.166081530725837e-08,1.6184468365377771e-07,2.6575687107658412,6.107201239973812e-08,-8.216986442543058e-07
4.397879575915183,PASSED,-0.2660104111034091,-1.1497456915649667e-08,1.6436753024531829e-07,2.65756871082648,6.021611362828154e-08,-8.786988562581102e-07
4.398879775955191,PASSED,-0.26601041111482304,-1.1331124929896058e-08,1.676416227591355e-07,2.6575687108862533,5.93323825654879e-08,-8.870858671506589e-07
4.399879975995199,PASSED,-0.2660104111260693,-1.1161993179324725e-08,1.7012516911279753e-07,2.6575687109451547,5.846379574638634e-08,-8.562541204021643e-07
4.400880176035207,PASSED,-0.26601041113714535,-1.099049498416203e-08,1.724135458626268e-07,2.65756871100316,5.7561949537391116e-08,-9.322409347239347e-07
4.401880376075215,PASSED,-0.26601041114804863,-1.0816633561180529e-08,1.7482667439408577e-07,2.6575687110602613,5.663834687909675e-08,-9.178438073413247e-07
4.402880576115223,PASSED,-0.26601041115877694,-1.0640429870710976e-08,1.7712170118652946e-07,2.657568711116443,5.5724469554694624e-08,-9.112330024426566e-07
4.403880776155231,PASSED,-0.26601041116932805,-1.0462146480354983e-08,1.7905784980230164e-07,2.657568711171701,5.47971414430521e-08,-9.380581844424432e-07
4.404880976195239,PASSED,-0.2660104111797,-1.0282049936886005e-08,1.8078900591342898e-07,2.65756871122602,5.384563096291405e-08,-9.604786772684453e-07
4.405881176235247,PASSED,-0.266010411189891,-1.0100314842043741e-08,1.8236582079482161e-07,2.65756871127939,5.289184077598689e-08,-9.493311933662988e-07
4.406881376275255,PASSED,-0.26601041119989927,-9.916688868984983e-09,1.8446607456805133e-07,2.6575687113318045,5.193819820217539e-08,-9.565168274416337e-07
4.407881576315263,PASSED,-0.26601041120972346,-9.731887723961316e-09,1.8502452532740942e-07,2.6575687113832527,5.09647173953407e-08,-9.84790126430062e-07
4.408881776355271,PASSED,-0.26601041121936214,-9.545866762486486e-09,1.8668525223977694e-07,2.657568711433733,4.999214995812749e-08,-9.64418977735307e-07
4.409881976395279,PASSED,-0.2660104112288142,-9.358497379358245e-09,1.8782547038721813e-07,2.657568711483233,4.9013140555250825e-08,-9.887363529709097e-07
4.410882176435287,PASSED,-0.2660104112380785,-9.170267970888037e-09,1.8849870052553714e-07,2.6575687115317526,4.802538911577643e-08,-9.870948304767168e-07
4.411882376475295,PASSED,-0.2660104112471543,-8.981438799699034e-09,1.890494849646445e-07,2.6575687115792825,4.70351084279247e-08,-9.924045927684024e-07
4.412882576515303,PASSED,-0.2660104112560408,-8.7918142415699e-09,1.900079402387967e-07,2.657568711625821,4.604173249775655e-08,-9.940234884346478e-07
4.413882776555311,PASSED,-0.26601041126473757,-8.60177126938142e-09,1.9006632682160215e-07,2.657568711671367,4.504958929872435e-08,-9.908896727639159e-07
4.414882976595319,PASSED,-0.26601041127324415,-8.41147544959006e-09,1.9044881510453393e-07,2.657568711715917,4.405238480152068e-08,-1.0014143801635067e-06
4.415883176635327,PASSED,-0.26601041128156044,-8.221101660433864e-09,1.9032377185730345e-07,2.6575687117594686,4.3051414876906144e-08,-1.0006736209152246e-06
4.416883376675335,PASSED,-0.26601041128968633,-8.03068782988974e-09,1.9047386966866924e-07,2.6575687118020244,4.205791396045028e-08,-9.887191134829497e-07
4.417883576715343,PASSED,-0.26601041129762193,-7.840491236572216e-09,1.9001174241676193e-07,2.657568711843584,4.106346928977541e-08,-9.982617088028185e-07
4.418883776755351,PASSED,-0.2660104113053676,-7.650753587725895e-09,1.895549197993597e-07,2.657568711884148,4.006465387016868e-08,-9.991845601426783e-07
4.419883976795359,PASSED,-0.2660104113129237,-7.461354543587927e-09,1.8929512703037348e-07,2.6575687119237212,3.9077000588028854e-08,-9.799657634712507e-07
4.420884176835367,PASSED,-0.2660104113202909,-7.2727647813389595e-09,1.881195190613628e-07,2.657568711962302,3.8087548365320405e-08,-9.95776528866582e-07
4.421884376875375,PASSED,-0.26601041132746994,-7.085168105121962e-09,1.872481143207537e-07,2.6575687119998976,3.710101489567039e-08,-9.803714301723099e-07
4.422884576915383,PASSED,-0.2660104113344617,-6.898243657335355e-09,1.8670867009717647e-07,2.657568712036515,3.613049163074204e-08,-9.639578214323764e-07
4.423884776955391,PASSED,-0.2660104113412673,-6.712616711380921e-09,1.8490579652593737e-07,2.657568712072155,3.5154073215158967e-08,-9.847254783502119e-07
4.424884976995399,PASSED,-0.26601041134788794,-6.52839441753284e-09,1.8376662539617705e-07,2.6575687121068285,3.418669249339213e-08,-9.558175507112554e-07
4.425885177035407,PASSED,-0.26601041135432496,-6.3453776849381606e-09,1.825168040603469e-07,2.657568712140541,3.323656462018847e-08,-9.463347548652481e-07
4.426885377075415,PASSED,-0.26601041136057985,-6.164091196788493e-09,1.8046627754254826e-07,2.6575687121732985,3.228121953919412e-08,-9.6135196508042e-07
4.427885577115423,PASSED,-0.2660104113666544,-5.984670141951378e-09,1.7872423970015823e-07,2.6575687122051104,3.133639905785256e-08,-9.3379949218232e-07
4.428885777155431,PASSED,-0.2660104113725503,-5.806921894680275e-09,1.770975856517331e-07,2.657568712235988,3.041471364611294e-08,-9.136093581111453e-07
4.429885977195439,PASSED,-0.26601041137826953,-5.631110005708915e-09,1.7495475785111246e-07,2.657568712265939,2.9490997530438433e-08,-9.304539540500791e-07
4.430886177235447,PASSED,-0.2660104113838142,-5.4576637546355395e-09,1.7244057988821784e-07,2.657568712294978,2.858018172360441e-08,-8.977237086899876e-07
4.431886377275455,PASSED,-0.26601041138918646,-5.286388122349853e-09,1.704990005506659e-07,2.6575687123231124,2.7686640745680723e-08,-8.907524907461553e-07
4.432886577315463,PASSED,-0.26601041139438864,-5.1174300147603616e-09,1.6793084561537562e-07,2.6575687123503555,2.6799037262904064e-08,-8.855041441303273e-07
4.433886777355471,PASSED,-0.2660104113994233,-4.951308358185527e-09,1.6491553054780782e-07,2.657568712376723,2.592957974191372e-08,-8.587597722303532e-07
4.434886977395479,PASSED,-0.26601041140429293,-4.7875916975815515e-09,1.6291741397475402e-07,2.6575687124022234,2.5071511380897363e-08,-8.576074202070257e-07
4.435887177435487,PASSED,-0.2660104114090002,-4.626359019595767e-09,1.6010952065980547e-07,2.657568712426878,2.4231087097074084e-08,-8.289688595674447e-07
4.436887377475495,PASSED,-0.2660104114135482,-4.468690086760303e-09,1.560418742859026e-07,2.6575687124506944,2.3401819240137333e-08,-8.29467188516289e-07
4.437887577515503,PASSED,-0.2660104114179395,-4.313604048230197e-09,1.544488146929095e-07,2.657568712473694,2.2591423881657612e-08,-7.976808051220083e-07
4.438887777555511,PASSED,-0.2660104114221774,-4.161409888660373e-09,1.506910561544344e-07,2.6575687124958867,2.1793823563395018e-08,-7.975466603563194e-07
4.439887977595519,PASSED,-0.26601041142626497,-4.013027251825487e-09,1.4684369062185194e-07,2.6575687125172953,2.101698562245707e-08,-7.630321279923659e-07
4.440888177635527,PASSED,-0.26601041143020543,-3.8675028473626345e-09,1.4464488035685236e-07,2.657568712537931,2.0254040122891702e-08,-7.628877472807008e-07
4.441888377675535,PASSED,-0.2660104114340022,-3.7252069068367156e-09,1.4072998063862986e-07,2.657568712557813,1.9505469662614997e-08,-7.390256022740422e-07
4.442888577715543,PASSED,-0.26601041143765863,-3.586820707165056e-09,1.3682367902701337e-07,2.6575687125769627,1.878713467829697e-08,-7.045412390140188e-07
4.443888777755551,PASSED,-0.2660104114411783,-3.4519197206517027e-09,1.336191915042465e-07,2.657568712595397,1.80816670322987e-08,-7.06085250654438e-07
4.444888977795559,PASSED,-0.26601041144456483,-3.32040189610756e-09,1.3011691323740698e-07,2.6575687126131307,1.7383380602756973e-08,-6.930872154665831e-07
4.445889177835567,PASSED,-0.26601041144782184,-3.1928150020885473e-09,1.2590021454008403e-07,2.657568712630188,1.6721077833193795e-08,-6.41779805627576e-07
4.446889377875575,PASSED,-0.2660104114509531,-3.0689826706181583e-09,1.2245374275725893e-07,2.657568712646589,1.6079822000253404e-08,-6.409065178156013e-07
4.447889577915583,PASSED,-0.26601041145396254,-2.94902268972718e-09,1.1829747298012416e-07,2.657568712662347,1.543694597868517e-08,-6.441890240699884e-07
4.448889777955591,PASSED,-0.26601041145685395,-2.8329822873811085e-09,1.1453568859003679e-07,2.6575687126774894,1.483394844841285e-08,-5.755365344072082e-07
4.449889977995599,PASSED,-0.2660104114596312,-2.720777346159902e-09,1.1065110964198643e-07,2.657568712692035,1.4257809070661042e-08,-5.765412733148779e-07
4.450890178035607,PASSED,-0.2660104114622984,-2.6127423739650512e-09,1.0629088056342704e-07,2.657568712706004,1.3680495899272754e-08,-5.778277701038944e-07
4.451890378075615,PASSED,-0.26601041146485965,-2.508941327007434e-09,1.0214115788707756e-07,2.6575687127194167,1.3134130086949092e-08,-5.25391173803506e-07
4.452890578115623,PASSED,-0.26601041146731896,-2.408954543061492e-09,9.855053465185223e-08,2.657568712732298,1.2623420492079537e-08,-5.009218755802555e-07
4.453890778155631,PASSED,-0.2660104114696805,-2.3132037454720586e-09,9.388430621448737e-08,2.6575687127446637,1.2111938352655773e-08,-5.185223153194363e-07
4.454890978195639,PASSED,-0.2660104114719484,-2.221811288369486e-09,8.973122436129612e-08,2.6575687127565413,1.163076387954652e-08,-4.5627591163579897e-07
4.455891178235647,PASSED,-0.266010411474127,-2.134522127854769e-09,8.566111795033112e-08,2.65756871276795,1.1183358654187348e-08,-4.4149143450808735e-07
4.456891378275655,PASSED,-0.2660104114762204,-2.0513609827624454e-09,8.149449652031842e-08,2.657568712778913,1.0742303594218248e-08,-4.4076414360977407e-07
4.457891578315663,PASSED,-0.2660104114782329,-1.9726618761840266e-09,7.683551328381924e-08,2.6575687127894527,1.0327672143926266e-08,-3.972096547467862e-07
4.458891778355671,PASSED,-0.2660104114801687,-1.898165931764232e-09,7.293623184377801e-08,2.6575687127995913,9.944281662728231e-09,-3.7417769883220224e-07
4.459891978395679,PASSED,-0.26601041148203214,-1.8278959767414075e-09,6.849243714218852e-08,2.6575687128093493,9.571124757076862e-09,-3.7247637686414793e-07
4.460892178435687,PASSED,-0.26601041148382754,-1.7619995814654507e-09,6.416570069846896e-08,2.657568712818752,9.225343188584802e-09,-3.2798502957733287e-07
4.461892378475695,PASSED,-0.2660104114855591,-1.7003195232169456e-09,6.002296328186222e-08,2.6575687128278216,8.90954238261681e-09,-3.076779902284292e-07
4.462892578515703,PASSED,-0.2660104114872312,-1.642922229901503e-09,5.5646846671162576e-08,2.6575687128365773,8.601910615765475e-09,-3.076009512666079e-07
4.463892778555711,PASSED,-0.266010411488848,-1.5898395945126807e-09,5.1373161200595297e-08,2.6575687128450443,8.322612917097625e-09,-2.6042886360201e-07
4.464892978595719,PASSED,-0.2660104114904139,-1.5409676440082531e-09,4.720447670698237e-08,2.657568712853246,8.07594924589769e-09,-2.3748687626521736e-07
4.465893178635727,PASSED,-0.266010411491933,-1.4963319595472036e-09,4.29231562970944e-08,2.657568712861202,7.836309265333066e-09,-2.4107538343089484e-07
4.466893378675735,PASSED,-0.26601041149340965,-1.4559664035795478e-09,3.86604890813635e-08,2.657568712868934,7.619442648363627e-09,-2.0072743932847032e-07
4.467893578715743,PASSED,-0.266010411494848,-1.4198724439244642e-09,3.438294003756353e-08,2.657568712876466,7.4377398459734345e-09,-1.690197110980073e-07
4.468893778755751,PASSED,-0.2660104114962522,-1.3877184946939738e-09,3.066795535910849e-08,2.6575687128838212,7.272152624675066e-09,-1.6329889476527508e-07
4.469893978795759,PASSED,-0.2660104114976264,-1.359727691773719e-09,2.620603462768603e-08,2.6575687128910186,7.119590159770891e-09,-1.454048449967752e-07
4.470894178835767,PASSED,-0.2660104114989747,-1.3360372166053106e-09,2.201343552888976e-08,2.657568712898079,6.9944660639038805e-09,-1.1160359644716749e-07
4.471894378875775,PASSED,-0.2660104115003012,-1.3162341294151813e-09,1.83295216309555e-08,2.6575687129050265,6.896041625014948e-09,-8.963833385010961e-08
4.472894578915783,PASSED,-0.2660104115016098,-1.3002469385509286e-09,1.4425637019784338e-08,2.6575687129118792,6.808336268752356e-09,-8.641670453758125e-08
4.473894778955791,PASSED,-0.2660104115029046,-1.2884254924514474e-09,1.0085318819279302e-08,2.657568712918661,6.7468824505276806e-09,-4.481189401607167e-08
4.474894978995799,PASSED,-0.2660104115041893,-1.280364011035009e-09,6.712256481211446e-09,2.6575687129253884,6.7061656891297115e-09,-3.798667298590081e-08
4.475895179035807,PASSED,-0.26601041150546795,-1.2761084550711689e-09,2.617755618925938e-09,2.6575687129320866,6.684441887110894e-09,-1.0881888040762584e-08
4.476895379075815,PASSED,-0.2660104115067442,-1.2756960566313718e-09,-1.0578396796221736e-09,2.6575687129387684,6.677434358495546e-09,-4.424622331738359e-09
4.477895579115823,PASSED,-0.2660104115080218,-1.2787669258795616e-09,-4.412888960568384e-09,2.657568712945459,6.695940086846228e-09,3.37926288056277e-08
4.478895779155831,PASSED,-0.2660104115093044,-1.285556099677875e-09,-8.373363690143271e-09,2.6575687129521772,6.737915869599277e-09,4.74312187179969e-08
4.479895979195839,PASSED,-0.2660104115105955,-1.2959344398616956e-09,-1.1714991179605442e-08,2.6575687129589385,6.7851857913580485e-09,4.716239045262037e-08
4.480896179235847,PASSED,-0.26601041151189864,-1.3096357927289663e-09,-1.5025593992381006e-08,2.6575687129657624,6.855341241130543e-09,8.548415598574403e-08
4.481896379275855,PASSED,-0.26601041151321725,-1.3269376927459096e-09,-1.881943736665165e-08,2.6575687129726684,6.952640480189685e-09,1.0517596110807454e-07
4.482896579315863,PASSED,-0.2660104115145546,-1.3473187058198826e-09,-2.142206354552063e-08,2.6575687129796712,7.054054892771683e-09,9.890671356461426e-08
4.483896779355871,PASSED,-0.266010411515914,-1.3707380100361697e-09,-2.475079799679832e-08,2.6575687129867913,7.177469370167058e-09,1.3975298661588305e-07
4.484896979395879,PASSED,-0.2660104115172986,-1.3977669621055927e-09,-2.8547721451172757e-08,2.6575687129940415,7.321136151537064e-09,1.4627597787275485e-07
4.485897179435887,PASSED,-0.26601041151871135,-1.4273768501849397e-09,-3.031799916479621e-08,2.657568713001442,7.476340352477512e-09,1.611563496522441e-07
4.486897379475895,PASSED,-0.2660104115201553,-1.4598469648866162e-09,-3.390485839293007e-08,2.657568713009004,7.64577391903336e-09,1.749517111582497e-07
4.487897579515903,PASSED,-0.2660104115216333,-1.495528320779281e-09,-3.6865687559154616e-08,2.657568713016743,7.829047777510708e-09,1.8882195669008165e-07
4.488897779555911,PASSED,-0.26601041152314814,-1.5336731523046132e-09,-3.899759416945048e-08,2.6575687130246757,8.03245628045736e-09,2.131328671176995e-07
4.489897979595919,PASSED,-0.26601041152470245,-1.5744157260850311e-09,-4.190589352106287e-08,2.6575687130328176,8.250367287156778e-09,2.2109643308723028e-07
4.490898179635927,PASSED,-0.2660104115262988,-1.617775448775961e-09,-4.432894213750799e-08,2.6575687130411767,8.468871978722819e-09,2.1677686388524828e-07
4.491898379675935,PASSED,-0.2660104115279397,-1.6635773469529894e-09,-4.6783868870041983e-08,2.6575687130497707,8.710233214413452e-09,2.57750816894221e-07
4.492898579715943,PASSED,-0.26601041152962746,-1.7115672500840116e-09,-4.879392597167593e-08,2.6575687130586094,8.966776081935674e-09,2.5573756794089013e-07
4.493898779755951,PASSED,-0.2660104115313643,-1.7616303058072e-09,-5.0909142224196474e-08,2.657568713067708,9.228657480145115e-09,2.65977285055142e-07
4.494898979795959,PASSED,-0.2660104115331524,-1.8140745615968029e-09,-5.346766483320742e-08,2.657568713077067,9.491306682049576e-09,2.6043047980400627e-07
4.495899179835967,PASSED,-0.2660104115349937,-1.8682917729374778e-09,-5.4716909012319916e-08,2.6575687130867127,9.78758161296685e-09,3.201712316594547e-07
4.496899379875975,PASSED,-0.2660104115368902,-1.9242356159224912e-09,-5.676179896680963e-08,2.657568713096645,1.0085137006852356e-08,2.8247816870287297e-07
4.497899579915983,PASSED,-0.26601041153884364,-1.98216804347317e-09,-5.8712846606591874e-08,2.6575687131068753,1.0372784112779641e-08,2.9109306407689317e-07
4.498899779955991,PASSED,-0.2660104115408557,-2.041688374771055e-09,-6.005865442541357e-08,2.6575687131174113,1.0690502811783183e-08,3.3546912228797565e-07
4.499899979995999,PASSED,-0.266010411542928,-2.102612858263982e-09,-6.150170287126894e-08,2.6575687131282644,1.1018287863300179e-08,3.2266233766967734e-07
4.500900180036007,PASSED,-0.2660104115450619,-2.164930891913356e-09,-6.286225416811078e-08,2.65756871313944,1.133474818742944e-08,3.123256484356503e-07
4.501900380076015,PASSED,-0.2660104115472587,-2.228442284092159e-09,-6.394415085259791e-08,2.657568713150946,1.1668812722435873e-08,3.485571260536218e-07
4.502900580116023,PASSED,-0.2660104115495197,-2.293333299018955e-09,-6.55222576429282e-08,2.657568713162787,1.20138752965332e-08,3.4273287279312945e-07
4.503900780156031,PASSED,-0.26601041155184596,-2.359066434339101e-09,-6.58737204382914e-08,2.65756871317497,1.235359815472851e-08,3.3771618179676424e-07
4.504900980196039,PASSED,-0.2660104115542385,-2.425739082464613e-09,-6.720526658365966e-08,2.657568713187499,1.2701361294614773e-08,3.544611119459292e-07
4.505901180236047,PASSED,-0.2660104115566981,-2.49332436818542e-09,-6.783863181223902e-08,2.6575687132003796,1.305838473320556e-08,3.587316563540249e-07
4.506901380276055,PASSED,-0.2660104115592255,-2.5614190994398632e-09,-6.826546421591267e-08,2.657568713213616,1.3415172421798494e-08,3.55491710085539e-07
4.507901580316063,PASSED,-0.2660104115618213,-2.6301322049560284e-09,-6.90115330496674e-08,2.657568713227211,1.3773956658590797e-08,3.609792545968122e-07
4.508901780356071,PASSED,-0.26601041156448607,-2.6993838086833655e-09,-6.941165084578339e-08,2.6575687132411665,1.4136796484925695e-08,3.6408020749362044e-07
4.509901980396079,PASSED,-0.2660104115672202,-2.76888219370686e-09,-6.955620780863458e-08,2.657568713255485,1.4500174614272143e-08,3.6291007724833426e-07
4.510902180436087,PASSED,-0.266010411570024,-2.8385758038248524e-09,-6.978521165756495e-08,2.6575687132701673,1.4864491433738015e-08,3.6525464761089667e-07
4.511902380476095,PASSED,-0.26601041157289745,-2.908356068898141e-09,-6.977696735043764e-08,2.6575687132852157,1.5231985814075318e-08,3.689875354882393e-07
4.512902580516103,PASSED,-0.2660104115758407,-2.9781011547198022e-09,-6.972383146914377e-08,2.657568713300631,1.559921783095523e-08,3.66061671141025e-07
4.513902780556111,PASSED,-0.2660104115788537,-3.0478943108457747e-09,-6.983937256385768e-08,2.6575687133164085,1.5958680226105157e-08,3.5506287782253354e-07
4.514902980596119,PASSED,-0.2660104115819362,-3.117251059615079e-09,-6.903499957293559e-08,2.6575687133325543,1.632809368469281e-08,3.7898051243106346e-07
4.515903180636127,PASSED,-0.266010411585088,-3.186290256017552e-09,-6.904199428883161e-08,2.65756871334906,1.668928078286634e-08,3.493248220018413e-07
4.516903380676135,PASSED,-0.26601041158830857,-3.2549993051305925e-09,-6.848708566251357e-08,2.657568713365926,1.7040524683118533e-08,3.5252328575242343e-07
4.517903580716143,PASSED,-0.26601041159159744,-3.322976240532728e-09,-6.763683522855045e-08,2.6575687133831494,1.7403453077322825e-08,3.6986513317220396e-07
4.518903780756151,PASSED,-0.2660104115949541,-3.3904305549115458e-09,-6.733263381232934e-08,2.65756871340073,1.7761799538867742e-08,3.5066734712672774e-07
4.519903980796159,PASSED,-0.2660104115983777,-3.4569696524662715e-09,-6.60100733829895e-08,2.657568713418657,1.8097420045409368e-08,3.255892794848891e-07
4.520904180836167,PASSED,-0.2660104116018674,-3.522621638139285e-09,-6.541326053302991e-08,2.6575687134369335,1.8447274335185182e-08,3.6603096330309624e-07
4.521904380876175,PASSED,-0.26601041160542244,-3.5875711721397275e-09,-6.464038297871724e-08,2.6575687134555506,1.8793374941951302e-08,3.3281370240813415e-07
4.522904580916183,PASSED,-0.2660104116090416,-3.651113392541235e-09,-6.281011201670166e-08,2.6575687134745056,1.9119181438984485e-08,3.211350267832195e-07
4.523904780956191,PASSED,-0.26601041161272393,-3.713625050292697e-09,-6.231268824130157e-08,2.6575687134937906,1.9447363106471362e-08,3.328794279559817e-07
4.524904980996199,PASSED,-0.2660104116164681,-3.775030766380727e-09,-6.080106798584899e-08,2.657568713513397,1.976895982829151e-08,3.1407491772959337e-07
4.525905181036207,PASSED,-0.2660104116202728,-3.8347145558729866e-09,-5.89389371631997e-08,2.657568713533325,2.008555440493326e-08,3.1827434924985397e-07
4.526905381076215,PASSED,-0.26601041162413674,-3.893279922767259e-09,-5.8316320048320285e-08,2.65756871355356,2.038975325099776e-08,2.948151772742608e-07
4.527905581116223,PASSED,-0.26601041162805833,-3.950332470417595e-09,-5.621003271834564e-08,2.6575687135740957,2.06817756312225e-08,2.9016051552505594e-07
4.528905781156231,PASSED,-0.26601041163203604,-4.005427868626234e-09,-5.435230853550096e-08,2.6575687135949293,2.0981953043479922e-08,3.068553434123371e-07
4.529905981196239,PASSED,-0.26601041163606826,-4.059271776987283e-09,-5.3504974911413976e-08,2.6575687136160453,2.1260293411831992e-08,2.593303849785576e-07
4.530906181236247,PASSED,-0.26601041164015327,-4.111274321209142e-09,-5.1000923762155005e-08,2.6575687136374406,2.1527400960816514e-08,2.722923249884961e-07
4.531906381276255,PASSED,-0.2660104116442892,-4.160945386544949e-09,-4.8784493051574424e-08,2.6575687136590997,2.1793134414863822e-08,2.6136087341984845e-07
4.532906581316263,PASSED,-0.2660104116484742,-4.209240624574384e-09,-4.796906801467513e-08,2.6575687136810164,2.204384613333037e-08,2.436122818310112e-07
4.533906781356271,PASSED,-0.2660104116527064,-4.255628990631999e-09,-4.533456475290778e-08,2.657568713703181,2.2286389135920664e-08,2.418301497631444e-07
4.534906981396279,PASSED,-0.2660104116569837,-4.299446336736278e-09,-4.280586700519405e-08,2.6575687137255817,2.2519160796735217e-08,2.2673266818215865e-07
4.535907181436287,PASSED,-0.266010411661304,-4.341505143254821e-09,-4.1560766194109236e-08,2.6575687137482076,2.273537910121056e-08,2.092087286708004e-07
4.536907381476295,PASSED,-0.2660104116656653,-4.3815766576198594e-09,-3.907867981232384e-08,2.657568713771047,2.2943689221571445e-08,2.0771104815427383e-07
4.537907581516303,PASSED,-0.2660104116700654,-4.419142409668426e-09,-3.655713353939428e-08,2.6575687137940895,2.3143460192558533e-08,1.9447758620896505e-07
4.538907781556311,PASSED,-0.2660104116745019,-4.4543811883396035e-09,-3.435987542570027e-08,2.6575687138173243,2.3329457243652766e-08,1.8034336101774534e-07
4.539907981596319,PASSED,-0.2660104116789727,-4.487621222346726e-09,-3.249347306140315e-08,2.6575687138407402,2.3504396025195045e-08,1.7133572855863595e-07
4.540908181636327,PASSED,-0.26601041168347533,-4.51823461145313e-09,-2.935999980307154e-08,2.6575687138643187,2.3658205659306327e-08,1.4212557114638052e-07
4.541908381676335,PASSED,-0.26601041168800743,-4.546384114255122e-09,-2.734250480127229e-08,2.657568713888055,2.3810212042976993e-08,1.5859359202018768e-07
4.542908581716343,PASSED,-0.26601041169256656,-4.572385115768728e-09,-2.5106665988495956e-08,2.65756871391193,2.3947210590404063e-08,1.226018510316602e-07
4.543908781756351,PASSED,-0.26601041169715034,-4.595746982217918e-09,-2.2198666756319423e-08,2.657568713935937,2.4067421432202467e-08,1.1861683564290229e-07
4.544908981796359,PASSED,-0.26601041170175616,-4.616364125899885e-09,-1.9562794965732655e-08,2.6575687139600572,2.417613385877194e-08,1.0210948718718635e-07
4.545909181836367,PASSED,-0.26601041170638157,-4.634844895275421e-09,-1.775941898206918e-08,2.657568713984282,2.4274587497043607e-08,9.601640566131751e-08
4.546909381876375,PASSED,-0.2660104117110239,-4.6505932569373636e-09,-1.4407656781859313e-08,2.657568714008592,2.435197458877493e-08,6.496754911132642e-08
4.547909581916383,PASSED,-0.26601041171568074,-4.663536181111682e-09,-1.1966435769291996e-08,2.6575687140329793,2.4421129394018146e-08,7.194630933114119e-08
4.548909781956391,PASSED,-0.2660104117203494,-4.674196550610777e-09,-9.78965865229624e-09,2.6575687140574322,2.4486996521160587e-08,6.181433901663938e-08
4.549909981996399,PASSED,-0.26601041172502715,-4.682002106928008e-09,-6.4828214271876584e-09,2.6575687140819273,2.451458228781981e-08,4.766718420944964e-09
4.550910182036407,PASSED,-0.2660104117297115,-4.687269693242926e-09,-4.457429573405697e-09,2.65756871410646,2.4542705064528987e-08,4.369348223466551e-08
4.551910382076415,PASSED,-0.2660104117343999,-4.6900524563857875e-09,-1.6663188558316055e-09,2.6575687141310147,2.457160674285356e-08,1.904047571784108e-08
4.552910582116423,PASSED,-0.26601041173908946,-4.689796277703286e-09,1.5378437080564394e-09,2.657568714155574,2.4558837130881175e-08,-3.397633709920164e-08
4.553910782156431,PASSED,-0.26601041174377765,-4.68704766623532e-09,3.555789974571415e-09,2.6575687141801274,2.4541373529577675e-08,-6.455110773029223e-09
4.554910982196439,PASSED,-0.26601041174846185,-4.6818889946532165e-09,6.227259320458695e-09,2.6575687142046593,2.452570218854122e-08,-2.1815494545405222e-08
4.555911182236447,PASSED,-0.26601041175313933,-4.673743919021793e-09,9.42361983873434e-09,2.657568714229154,2.4473742264082928e-08,-7.205621106688629e-08
4.556911382276455,PASSED,-0.2660104117578075,-4.663043889672096e-09,1.1550969023672442e-08,2.6575687142536,2.441445081638244e-08,-5.0781605456226644e-08
4.557911582316463,PASSED,-0.2660104117624637,-4.6498952293197435e-09,1.4213787904805705e-08,2.657568714277986,2.43588438782462e-08,-5.8823826589575015e-08
4.558911782356471,PASSED,-0.2660104117671053,-4.633969742960722e-09,1.706661866183259e-08,2.657568714302295,2.426996515933433e-08,-1.0891531379340219e-07
4.559911982396479,PASSED,-0.26601041177172974,-4.61541824734555e-09,1.9541413584064437e-08,2.6575687143265134,2.4165613999978343e-08,-1.0130838973104427e-07
4.560912182436487,PASSED,-0.2660104117763344,-4.594387084885e-09,2.2024328378207948e-08,2.657568714350628,2.406357702638739e-08,-1.0252269616422804e-07
4.561912382476495,PASSED,-0.26601041178091667,-4.570773153011869e-09,2.4673667536411125e-08,2.657568714374625,2.3938895877614152e-08,-1.3945345051257774e-07
4.562912582516503,PASSED,-0.2660104117854741,-4.544539873658222e-09,2.727302056513828e-08,2.6575687143984923,2.3796328329095195e-08,-1.4464361385654066e-07
4.563912782556511,PASSED,-0.26601041179000406,-4.5159573024798785e-09,2.945560492047891e-08,2.657568714422217,2.365233442844115e-08,-1.4356075851905202e-07
4.564912982596519,PASSED,-0.26601041179450424,-4.484966750167307e-09,3.201385057396636e-08,2.6575687144457847,2.3490109446028984e-08,-1.7466779834090818e-07
4.565913182636527,PASSED,-0.26601041179897206,-4.451237248008055e-09,3.48732698827762e-08,2.657568714469182,2.3306779774709364e-08,-1.8910425330542697e-07
4.566913382676535,PASSED,-0.26601041180340507,-4.415214909476699e-09,3.678838429707582e-08,2.6575687144923985,2.312455504682118e-08,-1.7763837761001877e-07
4.567913582716543,PASSED,-0.26601041180780105,-4.377211088462192e-09,3.881411215946075e-08,2.6575687145154214,2.292753129598732e-08,-2.099473329830874e-07
4.568913782756551,PASSED,-0.2660104118121575,-4.336335029500509e-09,4.2250690163165816e-08,2.6575687145382356,2.270514276327749e-08,-2.3068266586099777e-07
4.569913982796559,PASSED,-0.2660104118164723,-4.293437284525299e-09,4.332911484990542e-08,2.657568714560831,2.248316980997429e-08,-2.161664782646639e-07
4.570914182836567,PASSED,-0.26601041182074303,-4.248554374619442e-09,4.591877327649266e-08,2.6575687145831983,2.2255291362323587e-08,-2.3568642724139298e-07
4.571914382876575,PASSED,-0.26601041182496765,-4.201250350607506e-09,4.822752450223141e-08,2.657568714605321,2.199822096646979e-08,-2.713263749287363e-07
4.572914582916583,PASSED,-0.266010411829144,-4.151846733714509e-09,5.018767848684021e-08,2.6575687146271934,2.1741128805762442e-08,-2.4760268455975666e-07
4.573914782956591,PASSED,-0.2660104118332699,-4.100431629554334e-09,5.22333879423974e-08,2.6575687146488014,2.147953239783834e-08,-2.7092555683366595e-07
4.574914982996599,PASSED,-0.2660104118373435,-4.047090834274609e-09,5.407906683794386e-08,2.657568714670135,2.1192385991289493e-08,-2.979603063589666e-07
4.575915183036607,PASSED,-0.2660104118413626,-3.991592919714604e-09,5.6443813041379435e-08,2.657568714691182,2.089980084952966e-08,-2.890016986937435e-07
4.576915383076615,PASSED,-0.26601041184532537,-3.934298336460613e-09,5.7861763395730523e-08,2.657568714711937,2.0610132952373064e-08,-2.901120294651684e-07
4.577915583116623,PASSED,-0.26601041184923013,-3.875556439114251e-09,5.9328653313448976e-08,2.6575687147323865,2.0296860425061212e-08,-3.2871285920964487e-07
4.578915783156631,PASSED,-0.26601041185307484,-3.8144493879962854e-09,6.229264965431052e-08,2.657568714752522,1.9972533291588594e-08,-3.2140331631459727e-07
4.579915983196639,PASSED,-0.266010411856858,-3.751904655960581e-09,6.27127869566322e-08,2.6575687147723355,1.9653785718394238e-08,-3.1697707778086264e-07
4.580916183236647,PASSED,-0.2660104118605778,-3.6880537638134926e-09,6.460962894072622e-08,2.6575687147918163,1.9316076324645858e-08,-3.5153093772672487e-07
4.581916383276655,PASSED,-0.2660104118642327,-3.622163943718021e-09,6.674328086530166e-08,2.6575687148109557,1.896267123908428e-08,-3.546545174514806e-07
4.582916583316663,PASSED,-0.2660104118678212,-3.555035774929875e-09,6.738476073670906e-08,2.657568714829751,1.8622861213727975e-08,-3.299136972928599e-07
4.583916783356671,PASSED,-0.26601041187134195,-3.486682512289498e-09,6.899893057615616e-08,2.6575687148481864,1.8259135277711933e-08,-3.8626742849816355e-07
4.584916983396679,PASSED,-0.26601041187479346,-3.4167255839225395e-09,7.059559356082635e-08,2.6575687148662634,1.7889150761085606e-08,-3.591292420451028e-07
4.585917183436687,PASSED,-0.2660104118781745,-3.3455085263743175e-09,7.163136687315214e-08,2.6575687148839706,1.7526635252617956e-08,-3.6477301941601366e-07
4.586917383476695,PASSED,-0.2660104118814838,-3.273288831895948e-09,7.26119128818481e-08,2.657568714901301,1.7141578574908585e-08,-3.985791165716101e-07
4.587917583516703,PASSED,-0.2660104118847202,-3.1999204068460995e-09,7.387276649518203e-08,2.657568714918251,1.6754920241020927e-08,-3.787111454316882e-07
4.588917783556711,PASSED,-0.26601041188788277,-3.1254666933381042e-09,7.484101151653789e-08,2.657568714934814,1.6371890927095653e-08,-3.8590809292099693e-07
4.589917983596719,PASSED,-0.2660104118909704,-3.0500343916741217e-09,7.582649509561208e-08,2.6575687149509832,1.597199008053151e-08,-4.0922934899290995e-07
4.590918183636727,PASSED,-0.2660104118939823,-2.9737697865053466e-09,7.655667855088361e-08,2.657568714966757,1.557179530069765e-08,-3.941717337278318e-07
4.591918383676735,PASSED,-0.2660104118969175,-2.8966848599001487e-09,7.743709197474064e-08,2.657568714982126,1.516946853493713e-08,-4.077634537823097e-07
4.592918583716743,PASSED,-0.26601041189977537,-2.8190814940579057e-09,7.771421508724497e-08,2.657568714997094,1.476527042275855e-08,-4.0182121777609103e-07
4.5939187837567514,PASSED,-0.2660104119025551,-2.74059990942704e-09,7.899316432661277e-08,2.6575687150116543,1.4357597907275228e-08,-4.115733806214737e-07
4.5949189837967594,PASSED,-0.2660104119052562,-2.6616897036807573e-09,7.88549000260627e-08,2.657568715025799,1.393519952892326e-08,-4.296150435056312e-07
4.5959191838367675,PASSED,-0.2660104119078782,-2.582482463941569e-09,7.944213288127212e-08,2.6575687150395293,1.3520491686150256e-08,-4.047697089512528e-07
4.5969193838767755,PASSED,-0.26601041191042063,-2.502540350743961e-09,8.02754334084987e-08,2.657568715052845,1.3112105240371791e-08,-4.1079760366327284e-07
4.5979195839167835,PASSED,-0.26601041191288316,-2.422422375748026e-09,8.001300272089251e-08,2.6575687150657417,1.2686492882730075e-08,-4.3548886029400856e-07
4.5989197839567915,PASSED,-0.2660104119152654,-2.342262579369174e-09,8.02576588174918e-08,2.6575687150782175,1.2262266687667146e-08,-4.167177515755428e-07
4.5999199839967995,PASSED,-0.2660104119175674,-2.2618222857792266e-09,8.056205010491763e-08,2.6575687150902736,1.1848586749363756e-08,-4.11654729455285e-07
4.6009201840368075,PASSED,-0.2660104119197889,-2.1811910004121116e-09,8.067744220857978e-08,2.657568715101908,1.142357863577504e-08,-4.339103696776694e-07
4.6019203840768155,PASSED,-0.26601041192192987,-2.100692469742478e-09,8.037925631033589e-08,2.6575687151131193,1.0996363221246643e-08,-4.227521110955478e-07
4.6029205841168235,PASSED,-0.2660104119239905,-2.0204521071253063e-09,8.014776682172876e-08,2.6575687151239102,1.0582516383150443e-08,-4.079099894299699e-07
4.6039207841568315,PASSED,-0.26601041192597075,-1.9401479621382517e-09,8.040839709727153e-08,2.6575687151342824,1.0165276059596112e-08,-4.234605463039048e-07
4.6049209841968395,PASSED,-0.26601041192787095,-1.8600826090383009e-09,7.983665710173693e-08,2.657568715144232,9.736335295563317e-09,-4.3259424251872183e-07
4.6059211842368475,PASSED,-0.2660104119296913,-1.7805644209424033e-09,7.930587542533814e-08,2.6575687151537672,9.326619038782337e-09,-3.9446426628915335e-07
4.6069213842768555,PASSED,-0.26601041193143227,-1.701246338675301e-09,7.932622016161166e-08,2.657568715162885,8.91446447192301e-09,-4.239481005727741e-07
4.6079215843168635,PASSED,-0.26601041193309416,-1.6223798511717058e-09,7.855999906491752e-08,2.6575687151715868,8.489224056234034e-09,-4.261019590997788e-07
4.6089217843568715,PASSED,-0.26601041193467767,-1.5444586362232964e-09,7.749535887073736e-08,2.6575687151798806,8.089552494859757e-09,-3.820512962239417e-07
4.6099219843968795,PASSED,-0.2660104119361833,-1.4668689187778668e-09,7.765262316189088e-08,2.6575687151877654,7.686906583078379e-09,-4.163756554863362e-07
4.6109221844368875,PASSED,-0.26601041193761166,-1.3896493338407317e-09,7.693089278729782e-08,2.6575687151952443,7.270616586297845e-09,-4.162328909766673e-07
4.6119223844768955,PASSED,-0.2660104119389635,-1.3137014428073039e-09,7.529255653084763e-08,2.6575687152023266,6.88391429171589e-09,-3.670152303188135e-07
4.6129225845169035,PASSED,-0.2660104119402397,-1.238550404390472e-09,7.505669300748811e-08,2.6575687152090093,6.490723377106184e-09,-4.106413708036352e-07
4.6139227845569115,PASSED,-0.2660104119414411,-1.1639877587552077e-09,7.42332807204483e-08,2.6575687152153007,6.08886477119058e-09,-3.960034293235837e-07
4.6149229845969195,PASSED,-0.2660104119425686,-1.0906300875574574e-09,7.27739315159517e-08,2.6575687152212066,5.71516460617487e-09,-3.588313221437937e-07
4.6159231846369275,PASSED,-0.26601041194362324,-1.018465323595484e-09,7.175865225932141e-08,2.657568715226729,5.336929809344877e-09,-3.911704466207924e-07
4.6169233846769355,PASSED,-0.266010411944606,-9.470191945543134e-10,7.12377802290702e-08,2.657568715231875,4.952984432128128e-09,-3.7912866428071985e-07
4.6179235847169435,PASSED,-0.2660104119455181,-8.768557356001266e-10,6.944724477093107e-08,2.6575687152366547,4.5979620671023e-09,-3.389514988558993e-07
4.6189237847569515,PASSED,-0.2660104119463608,-8.083145538336846e-10,6.793713976344916e-08,2.657568715241066,4.232948018095246e-09,-3.823890824411583e-07
4.6199239847969595,PASSED,-0.26601041194713526,-7.40524506668612e-10,6.769198543282165e-08,2.6575687152451226,3.8729872939964714e-09,-3.450084852038518e-07
4.6209241848369675,PASSED,-0.2660104119478428,-6.741468790255681e-10,6.550138911652567e-08,2.6575687152488263,3.5329224474587545e-09,-3.3676908742696076e-07
4.6219243848769755,PASSED,-0.26601041194848474,-6.094388958485388e-10,6.417904588403168e-08,2.6575687152521876,3.1918888494444844e-09,-3.438766050724769e-07
4.6229245849169835,PASSED,-0.2660104119490626,-5.459945225913123e-10,6.295459150602304e-08,2.657568715255215,2.8587315424919473e-09,-3.260111082059108e-07
4.6239247849569916,PASSED,-0.26601041194957775,-4.839496309128222e-10,6.143842512680147e-08,2.6575687152579133,2.537029228808044e-09,-3.1882978400256584e-07
4.6249249849969996,PASSED,-0.2660104119500317,-4.2360027685821105e-10,5.9623306673151e-08,2.6575687152602896,2.2159768438202328e-09,-3.225341189779747e-07
4.625925185037008,PASSED,-0.26601041195042613,-3.6491050798192506e-10,5.806741034504268e-08,2.6575687152623546,1.9085774868159575e-09,-2.973095156884759e-07
4.626925385077016,PASSED,-0.2660104119507625,-3.0757563355966734e-10,5.6846517140401125e-08,2.6575687152641185,1.6171616133270128e-09,-2.874867786892569e-07
4.627925585117024,PASSED,-0.2660104119510426,-2.5202775863974626e-10,5.468211343960099e-08,2.657568715265584,1.3177889619169218e-09,-3.072965665573138e-07
4.628925785157032,PASSED,-0.266010411951268,-1.9845821413815805e-10,5.282783187624635e-08,2.657568715266765,1.0356485794312655e-09,-2.653695931045514e-07
4.62992598519704,PASSED,-0.26601041195144054,-1.4634417472251965e-10,5.1638177775233136e-08,2.6575687152676672,7.692417078855197e-10,-2.6709839050654194e-07
4.630926185237048,PASSED,-0.26601041195156183,-9.591203148521083e-11,4.9628120212025904e-08,2.6575687152683027,5.019231906670883e-10,-2.674652683596911e-07
4.631926385277056,PASSED,-0.2660104119516339,-4.766958557650473e-11,4.731866303982624e-08,2.657568715268681,2.4965313023575635e-10,-2.4213992181242593e-07
4.632926585317064,PASSED,-0.2660104119516584,-1.0722280058253413e-12,4.611648725791482e-08,2.657568715268808,4.9282549505254844e-12,-2.4644817760043417e-07
4.633926785357072,PASSED,-0.26601041195163727,4.379619411184749e-11,4.4036378690844836e-08,2.657568715268698,-2.29555825752456e-10,-2.2650801610467968e-07
4.63492698539708,PASSED,-0.2660104119515724,8.650500427392583e-11,4.182376447623402e-08,2.6575687152683596,-4.493055315896096e-10,-2.1524416565880294e-07
4.635927185437088,PASSED,-0.2660104119514657,1.2730342038786752e-10,4.011485053908013e-08,2.6575687152678,-6.687696006606257e-10,-2.2227733801249152e-07
4.636927385477096,PASSED,-0.266010411951319,1.6643140964233192e-10,3.8470081731387277e-08,2.6575687152670326,-8.719498958854073e-10,-1.9044893336630835e-07
4.637927585517104,PASSED,-0.26601041195113445,2.0328023335868e-10,3.576798503965527e-08,2.6575687152660654,-1.0628920941009717e-09,-1.912710414484017e-07
4.638927785557112,PASSED,-0.2660104119509139,2.3813705141957005e-10,3.424937340837988e-08,2.6575687152649103,-1.2492556998079547e-09,-1.830919818793707e-07
4.63992798559712,PASSED,-0.26601041195065933,2.7134924327229024e-10,3.252073748228044e-08,2.657568715263577,-1.4212728191282103e-09,-1.6463387761417898e-07
4.640928185637128,PASSED,-0.26601041195037284,3.021978561132652e-10,2.9733863080104643e-08,2.6575687152620753,-1.5837406628270128e-09,-1.6102382108855146e-07
4.641928385677136,PASSED,-0.26601041195005637,3.3106134569758673e-10,2.8283240587132772e-08,2.6575687152604184,-1.7339818306773715e-09,-1.4305273235823026e-07
4.642928585717144,PASSED,-0.266010411949712,3.58137027117855e-10,2.6270641975691914e-08,2.6575687152586136,-1.8759491217749192e-09,-1.4124366359042586e-07
4.643928785757152,PASSED,-0.26601041194934166,3.829988962661799e-10,2.3922687263413672e-08,2.6575687152566774,-2.0018097747650216e-09,-1.1560531258988665e-07
4.64492898579716,PASSED,-0.26601041194894737,4.0597704721594634e-10,2.2348460074001633e-08,2.6575687152546115,-2.1265808921160508e-09,-1.3088165385845757e-07
4.645929185837168,PASSED,-0.26601041194853126,4.268269453936448e-10,1.985085691349641e-08,2.657568715252431,-2.2396474746102253e-09,-1.0118986825131914e-07
4.646929385877176,PASSED,-0.2660104119480954,4.453919713387346e-10,1.770780529948534e-08,2.6575687152501506,-2.3264567007392964e-09,-7.722213138090542e-08
4.647929585917184,PASSED,-0.2660104119476417,4.623156883311901e-10,1.6400991454435627e-08,2.657568715247772,-2.42329402926791e-09,-1.0991412662708572e-07
4.648929785957192,PASSED,-0.26601041194717223,4.771203264049609e-10,1.3740402486661021e-08,2.657568715245315,-2.5016291850902344e-09,-5.7282508619149664e-08
4.6499299859972,PASSED,-0.266010411946689,4.897163116922789e-10,1.1833040487756042e-08,2.657568715242785,-2.5583204870191552e-09,-5.629716413543489e-08
4.650930186037208,PASSED,-0.26601041194619407,5.004768610202708e-10,1.0045555221482506e-08,2.657568715240192,-2.624403431001495e-09,-7.260679721360938e-08
4.651930386077216,PASSED,-0.26601041194568936,5.092780220815607e-10,7.971564954494924e-09,2.65756871523755,-2.6685521434651045e-09,-2.5176655963609973e-08
4.652930586117224,PASSED,-0.2660104119451769,5.160987874060119e-10,6.053565571088838e-09,2.6575687152348655,-2.6984998277216493e-09,-3.3128369785168254e-08
4.653930786157232,PASSED,-0.2660104119446586,5.20940840368056e-10,4.034377889347557e-09,2.6575687152321508,-2.7314054848717343e-09,-3.275718206002912e-08
4.65493098619724,PASSED,-0.2660104119441363,5.239235182401226e-10,2.2815445272127732e-09,2.657568715229416,-2.7442420076067635e-09,4.4391681497046234e-10
4.655931186237248,PASSED,-0.2660104119436122,5.24817089321847e-10,-3.174454860139999e-11,2.6575687152266703,-2.746384013985796e-09,-3.865955175034027e-09
4.656931386277256,PASSED,-0.266010411943088,5.239230192807802e-10,-1.4689537027103809e-09,2.6575687152239253,-2.7453182903894675e-09,4.353509443903284e-09
4.657931586317264,PASSED,-0.2660104119425656,5.213288813100168e-10,-3.3442608161322024e-09,2.6575687152211906,-2.7282352507826864e-09,2.5569393048699132e-08
4.658931786357272,PASSED,-0.26601041194204683,5.166421273527291e-10,-5.581749384724658e-09,2.6575687152184724,-2.707462422018463e-09,1.7575119241239554e-08
4.65993198639728,PASSED,-0.2660104119415336,5.101850071980644e-10,-7.040700667958163e-09,2.6575687152157856,-2.67203796793062e-09,4.732401065224554e-08
4.660932186437288,PASSED,-0.2660104119410276,5.020608238798436e-10,-8.846505085062643e-09,2.6575687152131358,-2.6269249216092466e-09,4.36390701007917e-08
4.661932386477296,PASSED,-0.26601041194053066,4.922483832149786e-10,-1.0456397718066368e-08,2.657568715210531,-2.5827544442920875e-09,4.4524748794737625e-08
4.662932586517304,PASSED,-0.26601041194004443,4.805675567432721e-10,-1.249711230746661e-08,2.657568715207985,-2.516453636280653e-09,8.081818082256543e-08
4.663932786557312,PASSED,-0.26601041193957065,4.672707368560733e-10,-1.3829958273686887e-08,2.657568715205505,-2.441824862622933e-09,7.050250221448968e-08
4.66493298659732,PASSED,-0.2660104119391109,4.524319369285929e-10,-1.55113610300095e-08,2.6575687152030967,-2.3733005916518553e-09,6.720545014213625e-08
4.665933186637328,PASSED,-0.2660104119386669,4.3586001725041945e-10,-1.727895877694939e-08,2.6575687152007714,-2.2845269258697403e-09,1.0315247620876743e-07
4.666933386677336,PASSED,-0.26601041193824015,4.1784027459294454e-10,-1.8513598577825244e-08,2.6575687151985363,-2.184740998419165e-09,9.754156161178034e-08
4.667933586717344,PASSED,-0.2660104119378322,3.984199059997233e-10,-2.0024881936818583e-08,2.657568715196402,-2.0840355597795227e-09,1.0281468999155083e-07
4.668933786757352,PASSED,-0.2660104119374445,3.773277679826999e-10,-2.18036420704933e-08,2.65756871519437,-1.980737302150693e-09,1.0362063605368167e-07
4.66993398679736,PASSED,-0.26601041193707853,3.5484542341793437e-10,-2.2934812894280362e-08,2.6575687151924536,-1.8583276714097872e-09,1.3493562719905553e-07
4.670934186837368,PASSED,-0.26601041193673564,3.31163424321303e-10,-2.4180123231532074e-08,2.657568715190658,-1.7301257882079146e-09,1.2371272053708385e-07
4.671934386877376,PASSED,-0.2660104119364172,3.0593914188053016e-10,-2.5920388580266678e-08,2.657568715188991,-1.6046827618136437e-09,1.265965636323956e-07
4.672934586917384,PASSED,-0.2660104119361245,2.796604785252387e-10,-2.6517513205307942e-08,2.657568715187457,-1.4674157093615952e-09,1.4438071166515037e-07
4.673934786957392,PASSED,-0.26601041193585884,2.520835691486072e-10,-2.828317349084728e-08,2.6575687151860654,-1.3182232411132043e-09,1.5240030597055122e-07
4.6749349869974,PASSED,-0.26601041193562136,2.2312743077905471e-10,-2.9404781622022593e-08,2.6575687151848224,-1.1673431347403276e-09,1.4986663997442735e-07
4.675935187037408,PASSED,-0.26601041193541325,1.9327854288672208e-10,-3.014495873920598e-08,2.6575687151837317,-1.0148834602831142e-09,1.5418836411240434e-07
4.676935387077416,PASSED,-0.2660104119352355,1.624301831272167e-10,-3.131729377303833e-08,2.6575687151828027,-8.481233073226664e-10,1.7514134552580992e-07
4.677935587117424,PASSED,-0.26601041193508934,1.3021003071115805e-10,-3.2822058178072166e-08,2.657568715182038,-6.78949302807417e-10,1.651957771748758e-07
4.678935787157432,PASSED,-0.26601041193497554,9.736016029312011e-11,-3.286841191134845e-08,2.6575687151814393,-5.167299232288383e-10,1.6023511451438063e-07
4.67993598719744,PASSED,-0.2660104119348952,6.360816531967444e-11,-3.434105034817717e-08,2.657568715181019,-3.321047043890235e-10,2.0088528839010423e-07
4.680936187237448,PASSED,-0.26601041193484914,2.8693650539605735e-11,-3.529682440132973e-08,2.6575687151807776,-1.4512651093626574e-10,1.7770679682786008e-07
4.681936387277456,PASSED,-0.26601041193483815,-6.732385257131623e-12,-3.551217672700911e-08,2.657568715180722,3.3868075642207675e-11,1.7985311307888233e-07
4.682936587317464,PASSED,-0.2660104119348631,-4.297289862114568e-11,-3.6726071122017346e-08,2.6575687151808514,2.224383358080731e-10,1.9438169155718745e-07
4.683936787357472,PASSED,-0.2660104119349246,-7.993032116566548e-11,-3.711165682618811e-08,2.6575687151811738,4.2048460377156164e-10,2.0048931890102257e-07
4.68493698739748,PASSED,-0.26601041193502334,-1.1743279576959126e-10,-3.7763019789084196e-08,2.657568715181692,6.169056190076194e-10,1.93708812792748e-07
4.685937187437488,PASSED,-0.2660104119351599,-1.5562319183272033e-10,-3.847531357915899e-08,2.657568715182406,8.107815470867798e-10,1.9398733827010204e-07
4.686937387477496,PASSED,-0.2660104119353348,-1.9419874189570653e-10,-3.864237438553766e-08,2.6575687151833227,1.017647752584213e-09,2.1545211698232064e-07
4.687937587517504,PASSED,-0.26601041193554864,-2.333565271019783e-10,-3.950139242009453e-08,2.6575687151844405,1.2218801953085544e-09,1.9675265988568867e-07
4.688937787557512,PASSED,-0.2660104119358017,-2.7286165839095605e-10,-3.950762386823325e-08,2.6575687151857683,1.4304382410556637e-09,2.1642830298805667e-07
4.68993798759752,PASSED,-0.2660104119360945,-3.1265794062397724e-10,-3.998872114287986e-08,2.6575687151873004,1.6366489150234174e-09,1.9939892128755144e-07
4.690938187637528,PASSED,-0.26601041193642716,-3.527494424692468e-10,-4.016002231352942e-08,2.6575687151890435,1.846399610096961e-09,2.1665187759753815e-07
4.691938387677536,PASSED,-0.2660104119368001,-3.929535380750461e-10,-4.023347780064589e-08,2.6575687151909957,2.05863149847515e-09,2.09285228898623e-07
4.692938587717544,PASSED,-0.2660104119372134,-4.3356098000936893e-10,-4.0856751356774145e-08,2.65756871519316,2.269435310769451e-09,2.118162012247531e-07
4.693938787757552,PASSED,-0.2660104119376673,-4.742508285349781e-10,-4.0578579971499254e-08,2.6575687151955365,2.482595222333888e-09,2.140557184575592e-07
4.69493898779756,PASSED,-0.26601041193816183,-5.148774022794781e-10,-4.0658569593167305e-08,2.657568715198126,2.6967757115855576e-09,2.142636697810769e-07
4.695939187837568,PASSED,-0.26601041193869696,-5.554524492364766e-10,-4.051936519955259e-08,2.6575687152009286,2.9091222425586806e-09,2.1106843843448735e-07
4.696939387877576,PASSED,-0.2660104119392727,-5.960926155319957e-10,-4.0720700359496607e-08,2.6575687152039453,3.123252414054867e-09,2.1617132687065265e-07
4.697939587917584,PASSED,-0.266010411939889,-6.365438448246769e-10,-4.0271581914804385e-08,2.657568715207173,3.3342680565574773e-09,2.0757851959058119e-07
4.698939787957592,PASSED,-0.26601041194054575,-6.769215004107151e-10,-4.044837136686067e-08,2.6575687152106116,3.542126825574209e-09,2.0804560196749794e-07
4.6999399879976,PASSED,-0.2660104119412427,-7.171167785819037e-10,-4.002654937407388e-08,2.65756871521426,3.753454610555695e-09,2.1351590699081115e-07
4.700940188037608,PASSED,-0.2660104119419796,-7.568477405644177e-10,-3.9533903721473945e-08,2.6575687152181207,3.967115006004971e-09,2.1375672108825262e-07
4.701940388077616,PASSED,-0.2660104119427562,-7.964003151283045e-10,-3.9565021792162114e-08,2.6575687152221885,4.171750206266779e-09,1.9855418637751055e-07
4.702940588117624,PASSED,-0.2660104119435721,-8.355624788865379e-10,-3.8893591735614143e-08,2.65756871522646,4.3712482546101005e-09,2.0012728965386218e-07
4.703940788157632,PASSED,-0.2660104119444269,-8.742103774500727e-10,-3.848410311548191e-08,2.6575687152309357,4.577626367104666e-09,2.1054532772170053e-07
4.70494098819764,PASSED,-0.26601041194532027,-9.125281160980614e-10,-3.8206829002993204e-08,2.657568715235615,4.783027970353096e-09,2.0197245359958287e-07
4.705941188237648,PASSED,-0.2660104119462515,-9.501590688303308e-10,-3.724703521845347e-08,2.657568715240494,4.977658988004905e-09,1.897367270199601e-07
4.706941388277656,PASSED,-0.26601041194722025,-9.872984875455088e-10,-3.7067674379661184e-08,2.657568715245566,5.166198432586042e-09,1.8774125628858803e-07
4.707941588317664,PASSED,-0.2660104119482258,-1.023868440585867e-09,-3.623813881415625e-08,2.6575687152508327,5.364494457631351e-09,2.053325375497901e-07
4.708941788357672,PASSED,-0.26601041194926756,-1.0597907367604783e-09,-3.571173441491493e-08,2.6575687152562892,5.554157593587082e-09,1.7921686822635792e-07
4.70994198839768,PASSED,-0.2660104119503448,-1.094903000955996e-09,-3.471261738258573e-08,2.657568715261931,5.73050731947209e-09,1.7443829765744043e-07
4.710942188437688,PASSED,-0.2660104119514568,-1.129266105399874e-09,-3.4130095818073303e-08,2.6575687152677543,5.913236733370301e-09,1.8825682472539233e-07
4.711942388477696,PASSED,-0.26601041195260283,-1.1629468513559035e-09,-3.338117938133354e-08,2.6575687152737535,6.089621907952426e-09,1.6847074115328047e-07
4.712942588517704,PASSED,-0.2660104119537821,-1.1957763998268646e-09,-3.246179453071255e-08,2.6575687152799317,6.264386786159909e-09,1.789609695769514e-07
4.713942788557712,PASSED,-0.26601041195499375,-1.2277464226157018e-09,-3.164217496092044e-08,2.6575687152862764,6.429702808763306e-09,1.5621939128769397e-07
4.71494298859772,PASSED,-0.26601041195623687,-1.258684008057126e-09,-3.046785909509336e-08,2.6575687152927867,6.59022129736103e-09,1.6338455347107642e-07
4.715943188637728,PASSED,-0.2660104119575105,-1.2887367107968403e-09,-2.977593183612832e-08,2.657568715299457,6.750623958149022e-09,1.5841473233260248e-07
4.716943388677736,PASSED,-0.26601041195881375,-1.3179727723326684e-09,-2.8876148002294828e-08,2.6575687153062826,6.902593276920572e-09,1.476723763975163e-07
4.717943588717744,PASSED,-0.26601041196014563,-1.3460925947790945e-09,-2.7615605409180375e-08,2.6575687153132574,7.048062446756798e-09,1.4400036546203248e-07
4.718943788757752,PASSED,-0.26601041196150504,-1.3729834519938455e-09,-2.6407691751798083e-08,2.6575687153203753,7.188603816706454e-09,1.3823537294140273e-07
4.71994398879776,PASSED,-0.26601041196289105,-1.3991786671899337e-09,-2.6053564158948075e-08,2.6575687153276353,7.330628860088667e-09,1.445514903427543e-07
4.720944188837768,PASSED,-0.2660104119643025,-1.4240560016307323e-09,-2.4093181295365627e-08,2.657568715335027,7.458390597613561e-09,1.1656856897965266e-07
4.721944388877776,PASSED,-0.26601041196573816,-1.4475481224206034e-09,-2.3091413786208035e-08,2.6575687153425456,7.576942892923413e-09,1.1987477952998486e-07
4.722944588917784,PASSED,-0.2660104119671971,-1.4703448554008816e-09,-2.2600279109658424e-08,2.6575687153501857,7.701904829856799e-09,1.2835337520232117e-07
4.723944788957792,PASSED,-0.26601041196867803,-1.491893553690121e-09,-2.08476444089601e-08,2.6575687153579435,7.81782734902515e-09,1.0763528181237086e-07
4.7249449889978,PASSED,-0.2660104119701798,-1.511925713552923e-09,-1.948850349869675e-08,2.6575687153658074,7.914018950982862e-09,8.856248205460474e-08
4.725945189037808,PASSED,-0.2660104119717013,-1.5311160331054321e-09,-1.8991530255050774e-08,2.657568715373775,8.016099346534116e-09,1.1109233788235321e-07
4.726945389077816,PASSED,-0.2660104119732411,-1.549001134620035e-09,-1.714748235430436e-08,2.657568715381838,8.11501101645152e-09,9.079122460743581e-08
4.727945589117824,PASSED,-0.26601041197479813,-1.5654029257231549e-09,-1.5904663602330328e-08,2.657568715389993,8.19752179175136e-09,7.699047576144268e-08
4.728945789157832,PASSED,-0.26601041197637104,-1.5806361793117214e-09,-1.47856469127242e-08,2.6575687153982317,8.278348484571105e-09,8.338417085861434e-08
4.72994598919784,PASSED,-0.2660104119779586,-1.5947725821042765e-09,-1.3703573379109065e-08,2.6575687154065446,8.351632039433944e-09,6.654981086565682e-08
4.730946189237848,PASSED,-0.2660104119795595,-1.607375024047669e-09,-1.1868354319581406e-08,2.6575687154149277,8.415005366896169e-09,6.125567185993505e-08
4.731946389277856,PASSED,-0.2660104119811725,-1.6187037178558466e-09,-1.0968920133908367e-08,2.6575687154233756,8.48012537772914e-09,6.769623681499801e-08
4.732946589317864,PASSED,-0.26601041198279607,-1.6288168447531218e-09,-9.542598072853154e-09,2.6575687154318794,8.532214598347135e-09,4.1684543153324665e-08
4.733946789357872,PASSED,-0.2660104119844292,-1.637657180750766e-09,-8.37216128083837e-09,2.6575687154404335,8.575163011461528e-09,4.379099308843936e-08
4.73494698939788,PASSED,-0.2660104119860704,-1.6450200043173238e-09,-6.689931757037521e-09,2.6575687154490266,8.612436831620282e-09,3.2929038205630545e-08
4.735947189437888,PASSED,-0.26601041198771835,-1.6510891716636597e-09,-5.655324405868078e-09,2.6575687154576575,8.649052749819764e-09,3.907383819537945e-08
4.736947389477896,PASSED,-0.2660104119893717,-1.6559250705098773e-09,-4.28961513978387e-09,2.657568715466316,8.672924915278799e-09,1.3737716968139308e-08
4.737947589517904,PASSED,-0.26601041199102915,-1.659330874248799e-09,-2.8165961383471204e-09,2.6575687154749974,8.689082733116125e-09,1.777121841678476e-08
4.738947789557912,PASSED,-0.2660104119926894,-1.6613609151483863e-09,-1.505670740413965e-09,2.657568715483691,8.699968607788478e-09,6.295645509399057e-09
4.73994798959792,PASSED,-0.26601041199435105,-1.6621878688509192e-09,-3.744756772786629e-10,2.657568715492392,8.70290804823246e-09,7.019704003719811e-10
4.740948189637928,PASSED,-0.2660104119960128,-1.6615905195068009e-09,1.2452326917165057e-09,2.6575687155010965,8.705574673779477e-09,3.976395644777891e-09
4.741948389677936,PASSED,-0.26601041199767334,-1.6596707327854073e-09,2.369489407844797e-09,2.6575687155097922,8.69209414842234e-09,-2.511847269174491e-08
4.742948589717944,PASSED,-0.26601041199933134,-1.656542151913256e-09,3.63464184835566e-09,2.657568715518475,8.671935153176294e-09,-1.685267694891505e-08
4.743948789757952,PASSED,-0.2660104120009855,-1.6520360778271884e-09,5.087028911209006e-09,2.657568715527138,8.65479285282965e-09,-1.7335382611795555e-08
4.74494898979796,PASSED,-0.26601041200263453,-1.6462528806227595e-09,6.2473093999086104e-09,2.657568715535774,8.622754557417554e-09,-4.184023727896358e-08
4.745949189837968,PASSED,-0.26601041200427705,-1.6391145624145658e-09,7.73232408038353e-09,2.6575687155443757,8.580174099624308e-09,-4.3073938136102365e-08
4.746949389877976,PASSED,-0.2660104120059119,-1.6308408481717733e-09,8.634641017731749e-09,2.6575687155529386,8.54310079625989e-09,-3.3072880183296946e-08
4.747949589917984,PASSED,-0.26601041200753783,-1.6212636974787202e-09,1.0205490476600502e-08,2.657568715561453,8.492077406985023e-09,-6.299039533591185e-08
4.748949789957992,PASSED,-0.2660104120091535,-1.610324952034904e-09,1.1427582088626438e-08,2.657568715569914,8.430130431657891e-09,-6.125136198794504e-08
4.749949989998,PASSED,-0.2660104120107577,-1.5982960555768998e-09,1.2429772704256034e-08,2.657568715578316,8.372384935040215e-09,-5.540825303749646e-08
4.750950190038008,PASSED,-0.2660104120123493,-1.585174332169733e-09,1.3583023875773825e-08,2.6575687155866508,8.302162897745476e-09,-8.009789346623592e-08
4.751950390078016,PASSED,-0.26601041201392694,-1.5705128334014783e-09,1.538048202990861e-08,2.657568715594913,8.222295151443506e-09,-7.971431485912553e-08
4.752950590118024,PASSED,-0.26601041201548964,-1.554902549911214e-09,1.5763484463834622e-08,2.6575687156030976,8.145788997546941e-09,-7.43673799215262e-08
4.753950790158032,PASSED,-0.2660104120170361,-1.5383041107842475e-09,1.7155075569054258e-08,2.6575687156111956,8.05536174162906e-09,-1.0113383991544908e-07
4.75495099019804,PASSED,-0.2660104120185653,-1.5203116858195973e-09,1.855065789504759e-08,2.6575687156192056,7.961991812863204e-09,-8.819398799945935e-08
4.755951190238048,PASSED,-0.2660104120200761,-1.5014221526517171e-09,1.9115450016435054e-08,2.6575687156271166,7.86321396447109e-09,-1.0583375532054898e-07
4.756951390278056,PASSED,-0.2660104120215674,-1.4815656038226021e-09,2.0350614704235078e-08,2.6575687156349277,7.758466296892022e-09,-1.0402360908474709e-07
4.757951590318064,PASSED,-0.2660104120230382,-1.4603643953590404e-09,2.176827096977964e-08,2.657568715642631,7.64950292802593e-09,-1.1225654205365317e-07
4.758951790358072,PASSED,-0.26601041202448744,-1.4381895544599387e-09,2.2445887518649525e-08,2.6575687156502186,7.528913894960404e-09,-1.2614402707344513e-07
4.75995199039808,PASSED,-0.2660104120259142,-1.415354157215351e-09,2.3095070395212876e-08,2.6575687156576917,7.413877700966797e-09,-1.0763097194038086e-07
4.760952190438088,PASSED,-0.26601041202731734,-1.3912876342216102e-09,2.4714158059426478e-08,2.6575687156650414,7.290649733281789e-09,-1.336259648480929e-07
4.761952390478096,PASSED,-0.26601041202869613,-1.366335265660164e-09,2.5111175562793054e-08,2.65756871567226,7.1492559783993105e-09,-1.4657228157206767e-07
4.762952590518104,PASSED,-0.2660104120300495,-1.3405707264367994e-09,2.6200114997078828e-08,2.657568715679347,7.018321744102575e-09,-1.2050886944651425e-07
4.763952790558112,PASSED,-0.2660104120313767,-1.3139328662919875e-09,2.6929690243300252e-08,2.657568715686298,6.887334067393163e-09,-1.3797354821800997e-07
4.76495299059812,PASSED,-0.26601041203267684,-1.2864650371006375e-09,2.782658849004981e-08,2.6575687156931074,6.7353218653953115e-09,-1.6137130451774557e-07
4.765953190638128,PASSED,-0.26601041203394915,-1.258264740687452e-09,2.8449435028609284e-08,2.657568715699772,6.587965941348661e-09,-1.3801233706592e-07
4.766953390678136,PASSED,-0.2660104120351929,-1.2293070708010582e-09,2.9296493124916973e-08,2.657568715706284,6.439148970697399e-09,-1.5602005970815625e-07
4.767953590718144,PASSED,-0.2660104120364072,-1.1994440765003545e-09,3.0240661751228525e-08,2.6575687157126437,6.2807550334971485e-09,-1.5997652219498036e-07
4.768953790758152,PASSED,-0.26601041203759146,-1.169148659061583e-09,3.033192123046681e-08,2.6575687157188472,6.124514523836703e-09,-1.5374983463742137e-07
4.76995399079816,PASSED,-0.2660104120387451,-1.1382638836675206e-09,3.12533448364594e-08,2.6575687157248864,5.958103686001046e-09,-1.7485150663448212e-07
4.770954190838168,PASSED,-0.2660104120398674,-1.1065292603477512e-09,3.205547564197589e-08,2.6575687157307657,5.795914152285998e-09,-1.5374821843542513e-07
4.771954390878176,PASSED,-0.26601041204095777,-1.074241214674686e-09,3.2443092360458065e-08,2.6575687157364754,5.628627332968372e-09,-1.7631255323909362e-07
4.772954590918184,PASSED,-0.26601041204201564,-1.0415718430002938e-09,3.282022455034812e-08,2.657568715742015,5.450549887149371e-09,-1.792540408722717e-07
4.773954790958192,PASSED,-0.2660104120430406,-1.008481558375685e-09,3.327032467411585e-08,2.657568715747383,5.281597841041607e-09,-1.6208404959809256e-07
4.7749549909982,PASSED,-0.26601041204403214,-9.747458571494913e-10,3.4045952260912224e-08,2.657568715752575,5.107155664499376e-09,-1.82680927838324e-07
4.775955191038208,PASSED,-0.2660104120449898,-9.40656351504554e-10,3.411854123428711e-08,2.6575687157575913,4.925565349768122e-09,-1.8086323932653963e-07
4.776955391078216,PASSED,-0.2660104120459132,-9.062600404597906e-10,3.458149091841446e-08,2.657568715762428,4.747102170406016e-09,-1.7686313938581672e-07
4.777955591118224,PASSED,-0.266010412046802,-8.714214037789857e-10,3.5010067189065263e-08,2.6575687157670806,4.561064498768277e-09,-1.9215402647235388e-07
4.778955791158232,PASSED,-0.2660104120476559,-8.36381468648189e-10,3.5059847091950964e-08,2.657568715771553,4.3796010020203295e-09,-1.7433647693167657e-07
4.779955991198239,PASSED,-0.2660104120484746,-8.011147085844422e-10,3.5404702044943935e-08,2.6575687157758416,4.199526361521161e-09,-1.8390008287749655e-07
4.780956191238247,PASSED,-0.26601041204925785,-7.654762649117888e-10,3.5794271424459744e-08,2.657568715779943,4.0062015583227226e-09,-1.9960795007906663e-07
4.781956391278255,PASSED,-0.26601041205000553,-7.298106160714446e-10,3.557990045093376e-08,2.657568715783858,3.820107642855514e-09,-1.770845590593032e-07
4.782956591318263,PASSED,-0.26601041205071735,-6.939379373650695e-10,3.60678642100027e-08,2.6575687157875874,3.6399755733120787e-09,-1.821637431995235e-07
4.783956791358271,PASSED,-0.2660104120513934,-6.580844485824773e-10,3.571057183098535e-08,2.657568715791129,3.4475140374732383e-09,-1.9932673093171885e-07
4.784956991398279,PASSED,-0.2660104120520335,-6.221641526673355e-10,3.606011197124602e-08,2.6575687157944796,3.252924071352134e-09,-1.9143212291402813e-07
4.785957191438287,PASSED,-0.26601041205263753,-5.859263141036701e-10,3.635632295861175e-08,2.6575687157976438,3.0717645283262814e-09,-1.743111564337353e-07
4.786957391478295,PASSED,-0.26601041205320564,-5.500998051209879e-10,3.547329966539583e-08,2.657568715800618,2.8814277593785127e-09,-2.0102051062379062e-07
4.787957591518303,PASSED,-0.2660104120537377,-5.141476705621132e-10,3.6271357821193994e-08,2.657568715803405,2.68961378180617e-09,-1.8567628887137714e-07
4.788957791558311,PASSED,-0.266010412054234,-4.782591257905885e-10,3.563333607174504e-08,2.657568715806005,2.5096853537142622e-09,-1.7609652090559466e-07
4.789957991598319,PASSED,-0.2660104120546945,-4.4270314748173166e-10,3.5504406466931334e-08,2.6575687158084143,2.315533270587342e-09,-2.061891246078035e-07
4.790958191638327,PASSED,-0.26601041205511944,-4.0711202949628035e-10,3.5648925664464574e-08,2.65756871581064,2.1288668963730613e-09,-1.7365120728526585e-07
4.791958391678335,PASSED,-0.2660104120555089,-3.71783763010685e-10,3.511449369968247e-08,2.6575687158126806,1.952647867356151e-09,-1.779309101713403e-07
4.792958591718343,PASSED,-0.26601041205586323,-3.3686372479705466e-10,3.4790401222928935e-08,2.657568715814536,1.7621871895886697e-09,-1.9881385616490832e-07
4.793958791758351,PASSED,-0.2660104120561827,-3.02071842045039e-10,3.479287043807357e-08,2.6575687158162093,1.5796943876627094e-09,-1.71612099099995e-07
4.794958991798359,PASSED,-0.2660104120564675,-2.674641959938761e-10,3.448416312655575e-08,2.6575687158177006,1.4044917342078418e-09,-1.7759635635811623e-07
4.795959191838367,PASSED,-0.2660104120567181,-2.3359183097197553e-10,3.346449961879714e-08,2.657568715819014,1.2234910099648209e-09,-1.8327030283295712e-07
4.796959391878375,PASSED,-0.26601041205693476,-1.9988645419828877e-10,3.386596154361315e-08,2.657568715820149,1.0443471940686937e-09,-1.7639282460490747e-07
4.797959591918383,PASSED,-0.266010412057118,-1.664059022025982e-10,3.322361229707552e-08,2.6575687158211077,8.721522925288504e-10,-1.6939628616313394e-07
4.798959791958391,PASSED,-0.26601041205726816,-1.3370512916049808e-10,3.235221353878314e-08,2.6575687158218937,7.007370468319989e-10,-1.7276121871932994e-07
4.799959991998399,PASSED,-0.26601041205738574,-1.0141263712377086e-10,3.2252677702023266e-08,2.6575687158225083,5.282790276071657e-10,-1.7225588622850192e-07
4.800960192038407,PASSED,-0.2660104120574713,-6.954378497042047e-11,3.161296845423513e-08,2.6575687158229555,3.631657844808985e-10,-1.6035148105811075e-07
4.801960392078415,PASSED,-0.26601041205752524,-3.827714608967088e-11,3.1035752498425905e-08,2.6575687158232406,2.056355456274447e-10,-1.5564941071701588e-07
4.802960592118423,PASSED,-0.2660104120575482,-7.612747442970808e-12,3.041682941221619e-08,2.6575687158233614,3.942684078811808e-11,-1.7324823425420046e-07
4.803960792158431,PASSED,-0.26601041205754083,2.254570158805407e-11,2.9986195443564004e-08,2.65756871582332,-1.2542328465315936e-10,-1.592513862326621e-07
4.804960992198439,PASSED,-0.26601041205750364,5.202971349859694e-11,2.9149222888528787e-08,2.657568715823128,-2.656371043315736e-10,-1.2752210864224906e-07
4.805961192238447,PASSED,-0.2660104120574373,8.081624751864364e-11,2.8544741441058627e-08,2.65756871582278,-4.2042389416979006e-10,-1.729632439688614e-07
4.806961392278455,PASSED,-0.2660104120573426,1.0881622062898471e-10,2.7636794223196035e-08,2.6575687158222823,-5.795152764048232e-10,-1.4984347441248106e-07
4.807961592318463,PASSED,-0.2660104120572201,1.3625158223347852e-10,2.730107319202568e-08,2.6575687158216406,-7.10403287324466e-10,-1.1825103525775066e-07
4.808961792358471,PASSED,-0.26601041205707054,1.630766309435949e-10,2.6507699055510206e-08,2.6575687158208567,-8.498352962238935e-10,-1.5355265799387868e-07
4.809961992398479,PASSED,-0.2660104120568947,1.8884985508939625e-10,2.5283574205995438e-08,2.657568715819938,-9.91643984032209e-10,-1.339793743512733e-07
4.810962192438487,PASSED,-0.26601041205669335,2.139699369976876e-10,2.5011087043155302e-08,2.657568715818883,-1.119883578613994e-09,-1.244130747354596e-07
4.811962392478495,PASSED,-0.2660104120564672,2.384297244592223e-10,2.4092254407120927e-08,2.6575687158176975,-1.2497190110468782e-09,-1.3345033756450024e-07
4.812962592518503,PASSED,-0.2660104120562172,2.6178902633196575e-10,2.2870666849825138e-08,2.6575687158163888,-1.3716500305032942e-09,-1.1425147405102649e-07
4.813962792558511,PASSED,-0.2660104120559441,2.845127422631258e-10,2.2625748652050035e-08,2.6575687158149597,-1.4863226867945439e-09,-1.1495344445139848e-07
4.814962992598519,PASSED,-0.26601041205564874,3.0643521382175387e-10,2.1453620163013396e-08,2.6575687158134125,-1.6065973146984014e-09,-1.238220835388302e-07
4.815963192638527,PASSED,-0.266010412055332,3.2730181934027583e-10,2.0475262422194378e-08,2.6575687158117542,-1.7152704136859654e-09,-9.857377595338641e-08
4.816963392678535,PASSED,-0.2660104120549947,3.473671229894305e-10,1.9791997800461483e-08,2.6575687158099868,-1.8185415191212577e-09,-1.0640265842322957e-07
4.817963592718543,PASSED,-0.2660104120546378,3.665422069781275e-10,1.8763808114187278e-08,2.657568715808118,-1.920848075205187e-09,-9.957582119106246e-08
4.818963792758551,PASSED,-0.26601041205426224,3.8482283520509347e-10,1.79585083021518e-08,2.657568715806151,-2.0150943086934098e-09,-9.069317501966321e-08
4.819963992798559,PASSED,-0.2660104120538688,4.021753042841553e-10,1.6948442930335186e-08,2.6575687158040915,-2.1040943505018e-09,-8.787128633420777e-08
4.820964192838567,PASSED,-0.2660104120534586,4.184798475200405e-10,1.5875276772918613e-08,2.657568715801944,-2.191668902149496e-09,-8.737672852335476e-08
4.821964392878575,PASSED,-0.2660104120530324,4.340093591798283e-10,1.5299001584367303e-08,2.6575687157997097,-2.2774533484661433e-09,-8.472292484550949e-08
4.822964592918583,PASSED,-0.26601041205259124,4.486097733738625e-10,1.413468926714543e-08,2.6575687157974004,-2.3462175715602644e-09,-5.812508859319554e-08
4.823964792958591,PASSED,-0.266010412052136,4.6209055528910226e-10,1.3044843680636005e-08,2.657568715795018,-2.4154146135489813e-09,-7.657834425239851e-08
4.824964992998599,PASSED,-0.26601041205166776,4.745988897517028e-10,1.2150661650576855e-08,2.657568715792565,-2.490167296026414e-09,-7.353557462745533e-08
4.825965193038607,PASSED,-0.26601041205118736,4.863660245648967e-10,1.1511450254938586e-08,2.657568715790048,-2.5493917252174597e-09,-4.9683665566773e-08
4.826965393078615,PASSED,-0.2660104120506958,4.969869165773798e-10,1.0027186517512786e-08,2.6575687157874732,-2.5994099445974566e-09,-5.0241255255479826e-08
4.827965593118623,PASSED,-0.26601041205019416,5.064892157533553e-10,9.152374281617267e-09,2.6575687157848464,-2.653248865496593e-09,-5.6237364661573574e-08
4.828965793158631,PASSED,-0.26601041204968334,5.15279427349445e-10,8.548769805738121e-09,2.657568715782173,-2.6978166052644308e-09,-3.6787989838680817e-08
4.829965993198639,PASSED,-0.2660104120491643,5.230747746096415e-10,7.2930655631685836e-09,2.657568715779453,-2.7400612162828565e-09,-4.5882358471589036e-08
4.830966193238647,PASSED,-0.26601041204863807,5.296675388177802e-10,6.125896638118796e-09,2.657568715776698,-2.7744423581087193e-09,-2.6713664062045324e-08
4.831966393278655,PASSED,-0.2660104120481055,5.355033235226026e-10,5.64237674929145e-09,2.6575687157739085,-2.8033475920776817e-09,-3.036628057357413e-08
4.832966593318663,PASSED,-0.2660104120475677,5.403338926371679e-10,4.2893640247479335e-09,2.657568715771093,-2.8284230737963263e-09,-2.1548282482024943e-08
4.833966793358671,PASSED,-0.2660104120470256,5.440237190035672e-10,3.2901345941670163e-09,2.6575687157682517,-2.8528821360736005e-09,-2.6399582140773746e-08
4.834966993398679,PASSED,-0.2660104120464801,5.469803353575687e-10,2.7342708605576273e-09,2.657568715765396,-2.8633711792824743e-09,1.1798274572637288e-10
4.835967193438687,PASSED,-0.26601041204593223,5.489470219028057e-10,1.4549636683564382e-09,2.657568715762526,-2.8734737347206444e-09,-1.6916247560767618e-08
4.836967393478695,PASSED,-0.26601041204538295,5.497508251748509e-10,3.6969634117124345e-10,2.6575687157596497,-2.882326104041314e-09,-3.476450493937371e-09
4.837967593518703,PASSED,-0.26601041204483317,5.498686990078805e-10,-5.000783906495516e-11,2.6575687157567707,-2.8785574442264543e-09,8.598733354057706e-09
4.838967793558711,PASSED,-0.26601041204428383,5.490518531334381e-10,-1.328071231360726e-09,2.6575687157538934,-2.874740729338906e-09,6.287025765419048e-10
4.839967993598719,PASSED,-0.2660104120437358,5.471489416449421e-10,-2.286138326586156e-09,2.6575687157510237,-2.867104498147016e-09,1.2307916935455319e-08
4.840968193638727,PASSED,-0.26601041204319004,5.445105351867604e-10,-2.873251879245283e-09,2.6575687157481656,-2.850938707046508e-09,1.8737707210543265e-08
4.841968393678735,PASSED,-0.26601041204264747,5.409062323502025e-10,-4.091670141433056e-09,2.657568715745325,-2.8301413120119416e-09,2.2170520250581843e-08
4.842968593718743,PASSED,-0.26601041204210896,5.363086698008958e-10,-4.93482415455586e-09,2.6575687157425034,-2.8121544922488568e-09,1.519768610475333e-08
4.8439687937587514,PASSED,-0.26601041204157533,5.310677376833337e-10,-5.445004092899522e-09,2.65756871573971,-2.7804476259927916e-09,4.271298635693949e-08
4.8449689937987594,PASSED,-0.26601041204104753,5.24862247393851e-10,-6.712481087204962e-09,2.6575687157369465,-2.744202033544053e-09,3.193399650993826e-08
4.8459691938387675,PASSED,-0.26601041204052633,5.176833433272149e-10,-7.489852719590354e-09,2.6575687157342154,-2.716601721066864e-09,2.4711189788689486e-08
4.8469693938787755,PASSED,-0.26601041204001263,5.098431116648635e-10,-8.073817624192007e-09,2.657568715731525,-2.670917401213216e-09,5.966640656362089e-08
4.8479695939187835,PASSED,-0.2660104120395071,5.012808723751965e-10,-8.887853733316962e-09,2.657568715728879,-2.6186748568991776e-09,4.729330281431676e-08
4.8489697939587915,PASSED,-0.2660104120390107,4.917886083688099e-10,-9.895204188433093e-09,2.6575687157262777,-2.5807571418651167e-09,3.1667323180556735e-08
4.8499699939987995,PASSED,-0.2660104120385241,4.81545796290038e-10,-1.0474550672331073e-08,2.6575687157237287,-2.5256128684870078e-09,7.079557350980999e-08
4.8509701940388075,PASSED,-0.26601041203804804,4.70649956615779e-10,-1.1176699008877734e-08,2.657568715721236,-2.458596621725233e-09,6.449669559641843e-08
4.8519703940788155,PASSED,-0.26601041203758335,4.590178435061047e-10,-1.1935722510205363e-08,2.657568715718803,-2.4045638643333466e-09,4.705679858886526e-08
4.8529705941188235,PASSED,-0.26601041203713066,4.4657144277794665e-10,-1.2786852873459798e-08,2.65756871571643,-2.3448832351921585e-09,6.809651617606968e-08
4.8539707941588315,PASSED,-0.2660104120366906,4.3354836037102897e-10,-1.3180568762556266e-08,2.6575687157141274,-2.264509078931363e-09,8.855924965061224e-08
4.8549709941988395,PASSED,-0.26601041203626397,4.1990895672116495e-10,-1.3945293574735892e-08,2.657568715711894,-2.1956264421043165e-09,5.576489494466933e-08
4.8559711942388475,PASSED,-0.26601041203585135,4.0547027663278575e-10,-1.4767604430808057e-08,2.6575687157097314,-2.132244063910914e-09,6.846070035922505e-08
4.8569713942788555,PASSED,-0.26601041203545334,3.9066287038994254e-10,-1.4833940784199969e-08,2.657568715707648,-2.0421999556129455e-09,1.0443304692379752e-07
4.8579715943188635,PASSED,-0.26601041203507053,3.751689382637085e-10,-1.5933926354256828e-08,2.6575687157056427,-1.9605734582986546e-09,6.642213090795293e-08
4.8589717943588715,PASSED,-0.2660104120347035,3.590157707580846e-10,-1.6299328273201912e-08,2.6575687157037216,-1.885216962755422e-09,8.131273863341844e-08
4.8599719943988795,PASSED,-0.2660104120343529,3.424357601639438e-10,-1.6767132141433412e-08,2.6575687157018857,-1.7912548575781402e-09,1.0239501620652415e-07
4.8609721944388875,PASSED,-0.26601041203401904,3.252986384071818e-10,-1.7383781500314385e-08,2.657568715700137,-1.7011824118718372e-09,8.185739870615525e-08
4.8619723944788955,PASSED,-0.2660104120337026,3.0766206339312313e-10,-1.780510402322146e-08,2.6575687156984795,-1.6146095822214182e-09,8.971645027992844e-08
4.8629725945189035,PASSED,-0.266010412033404,2.896904582137712e-10,-1.8082605950105578e-08,2.6575687156969163,-1.5154328551766302e-09,1.0548357822136111e-07
4.8639727945589115,PASSED,-0.26601041203312364,2.711075052958185e-10,-1.8916517563184115e-08,2.6575687156954486,-1.4178457166685555e-09,9.232284536588366e-08
4.8649729945989195,PASSED,-0.26601041203286196,2.522280026449866e-10,-1.8854826042597115e-08,2.657568715694077,-1.3255674784777684e-09,9.224850007405608e-08
4.8659731946389275,PASSED,-0.2660104120326193,2.3307992463136527e-10,-1.9343579327637402e-08,2.657568715692806,-1.2207675537008217e-09,1.1316754124554037e-07
4.8669733946789355,PASSED,-0.26601041203239617,2.133721165682987e-10,-1.9950627220019354e-08,2.657568715691637,-1.1146056016282339e-09,1.0149155929061946e-07
4.8679735947189435,PASSED,-0.2660104120321927,1.9345684731290166e-10,-1.9891697278982192e-08,2.657568715690574,-1.011558932776821e-09,1.0408340855860841e-07
4.8689737947589515,PASSED,-0.26601041203200937,1.733573215727947e-10,-2.0238078047523515e-08,2.657568715689611,-9.12142469102589e-10,9.63051670846478e-08
4.8699739947989595,PASSED,-0.26601041203184633,1.5283591116619238e-10,-2.071029864598816e-08,2.657568715688758,-7.991959165433362e-10,1.2404080954232294e-07
4.8709741948389675,PASSED,-0.26601041203170395,1.319768223273113e-10,-2.0958282300809724e-08,2.657568715688012,-6.881568055800595e-10,1.0237131191057912e-07
4.8719743948789755,PASSED,-0.2660104120315823,1.1125448177162332e-10,-2.0565046058940123e-08,2.657568715687375,-5.847423969010995e-10,1.0410980652454718e-07
4.8729745949189835,PASSED,-0.26601041203148174,9.011965100088912e-11,-2.151468724526358e-08,2.657568715686848,-4.725470550297044e-10,1.1758569876929371e-07
4.8739747949589916,PASSED,-0.2660104120314023,6.87881405958427e-11,-2.1209392511568312e-08,2.6575687156864336,-3.5583410533838655e-10,1.1613111697266721e-07
4.8749749949989996,PASSED,-0.2660104120313442,4.750982428063403e-11,-2.132426551763558e-08,2.65756871568613,-2.4873594132277e-10,1.0107619537758277e-07
4.875975195039008,PASSED,-0.26601041203130743,2.59754332358121e-11,-2.167447472961284e-08,2.657568715685936,-1.4130096081113463e-10,1.1167417060100382e-07
4.876975395079016,PASSED,-0.2660104120312923,4.343996620098193e-12,-2.160274453978128e-08,2.657568715685855,-2.3174265360295598e-11,1.2242837868406252e-07
4.877975595119024,PASSED,-0.26601041203129866,-1.7100923700196576e-11,-2.1339704173970432e-08,2.65756871568589,9.439354744023959e-11,1.1432743554485032e-07
4.878975795159032,PASSED,-0.2660104120313266,-3.867674935050767e-11,-2.1733239967871538e-08,2.657568715686035,1.9818690161392068e-10,9.677063325956829e-08
4.87997599519904,PASSED,-0.2660104120313761,-6.033577963678003e-11,-2.1609557165206253e-08,2.657568715686295,3.157208819193344e-10,1.3137621166931058e-07
4.880976195239048,PASSED,-0.26601041203144715,-8.180048050538759e-11,-2.136813000420844e-08,2.657568715686666,4.3138534750228385e-10,1.0518996819204206e-07
4.881976395279056,PASSED,-0.26601041203153974,-1.0323447942690284e-10,-2.147791153305313e-08,2.657568715687152,5.401775067035717e-10,1.1119361987411831e-07
4.882976595319064,PASSED,-0.2660104120316537,-1.2465200025519307e-10,-2.1377260358448306e-08,2.65756871568775,6.547305640470987e-10,1.167926823231329e-07
4.883976795359072,PASSED,-0.266010412031789,-1.4588832600941247e-10,-2.1142369351400135e-08,2.6575687156884586,7.650794490111761e-10,1.0605302005804045e-07
4.88497699539908,PASSED,-0.2660104120319454,-1.6699605827152307e-10,-2.1084640869250927e-08,2.657568715689277,8.720032787047969e-10,1.0750436945067446e-07
4.885977195439088,PASSED,-0.2660104120321229,-1.8802706161180594e-10,-2.09952449876375e-08,2.6575687156902053,9.82378669381613e-10,1.1228940482757695e-07
4.886977395479096,PASSED,-0.26601041203232123,-2.0875145661172725e-10,-2.054382834144385e-08,2.6575687156912444,1.095551490220341e-09,1.1376176484616224e-07
4.887977595519104,PASSED,-0.2660104120325401,-2.2906741331300113e-10,-2.0164042274493905e-08,2.657568715692392,1.2016990042217623e-09,1.0107134677159401e-07
4.888977795559112,PASSED,-0.2660104120327795,-2.4953843335981123e-10,-2.0675671895020868e-08,2.657568715693646,1.305443872335556e-09,1.0552721567525991e-07
4.88997799559912,PASSED,-0.2660104120330389,-2.695964104634168e-10,-1.9646180575995378e-08,2.657568715695004,1.4106662723143227e-09,1.0501918951443813e-07
4.890978195639128,PASSED,-0.26601041203331827,-2.891252060604229e-10,-1.945053894434662e-08,2.6575687156964665,1.5145182407470678e-09,1.0307382104494985e-07
4.891978395679136,PASSED,-0.2660104120336171,-3.0858889036122593e-10,-1.9472447871774013e-08,2.6575687156980328,1.6179091606236822e-09,1.0360231909772416e-07
4.892978595719144,PASSED,-0.26601041203393516,-3.2768915140892296e-10,-1.8852136498312357e-08,2.6575687156996985,1.7154555708414512e-09,9.350913763113239e-08
4.893978795759152,PASSED,-0.2660104120342721,-3.4634471795389467e-10,-1.852451990941133e-08,2.657568715701462,1.8105194947929778e-09,9.610044816512259e-08
4.89497899579916,PASSED,-0.2660104120346276,-3.6466642626850834e-10,-1.8186500584748552e-08,2.657568715703325,1.9134658513738233e-09,1.0751029552466073e-07
4.895979195839168,PASSED,-0.2660104120350012,-3.826442581994263e-10,-1.7838719495030928e-08,2.6575687157052807,2.0036052078427707e-09,7.855873043180557e-08
4.896979395879176,PASSED,-0.26601041203539255,-4.001713802603218e-10,-1.7319390438138575e-08,2.6575687157073293,2.0904511756305564e-09,9.237079269177246e-08
4.897979595919184,PASSED,-0.26601041203580117,-4.172013391383791e-10,-1.683700450466967e-08,2.65756871570947,2.1890327093535246e-09,1.0272202774376574e-07
4.898979795959192,PASSED,-0.2660104120362266,-4.3368511969257104e-10,-1.624829792054013e-08,2.6575687157116983,2.2735346455127465e-09,7.235520843619287e-08
4.8999799959992,PASSED,-0.2660104120366684,-4.4988054227231284e-10,-1.616017235254291e-08,2.65756871571401,2.348829725380121e-09,7.725499415482921e-08
4.900980196039208,PASSED,-0.26601041203712616,-4.657631163665339e-10,-1.5697508588673225e-08,2.657568715716409,2.443185752857289e-09,1.0575671635872765e-07
4.901980396079216,PASSED,-0.2660104120375993,-4.807069371672236e-10,-1.4441362275367435e-08,2.6575687157188863,2.5207756240657416e-09,5.88119744416025e-08
4.902980596119224,PASSED,-0.2660104120380873,-4.952839554007813e-10,-1.4667455539017856e-08,2.6575687157214425,2.5884140008492736e-09,7.352264501148533e-08
4.903980796159232,PASSED,-0.2660104120385897,-5.096871205944937e-10,-1.4226971630175279e-08,2.657568715724073,2.6694759049328735e-09,8.608807679834341e-08
4.90498099619924,PASSED,-0.2660104120391059,-5.230114744001234e-10,-1.272260858926605e-08,2.6575687157267778,2.7441112511453783e-09,6.700019248861228e-08
4.905981196239248,PASSED,-0.2660104120396354,-5.359171803659409e-10,-1.3027770883518237e-08,2.6575687157295507,2.8038702122099847e-09,5.4931473448602214e-08
4.906981396279256,PASSED,-0.2660104120401776,-5.486235659084813e-10,-1.2492128648555168e-08,2.6575687157323906,2.87161525832527e-09,7.628742789307321e-08
4.907981596319264,PASSED,-0.2660104120407319,-5.602335469425663e-10,-1.1021882624438277e-08,2.657568715735292,2.9355413268702115e-09,5.568516231285425e-08
4.908981796359272,PASSED,-0.26601041204129766,-5.713772099184707e-10,-1.1224849876881963e-08,2.657568715738257,2.9939110006988398e-09,6.015934817247766e-08
4.90998199639928,PASSED,-0.2660104120418744,-5.822734679361853e-10,-1.0677196778269694e-08,2.657568715741276,3.046756065117081e-09,4.796887524874996e-08
4.910982196439288,PASSED,-0.2660104120424615,-5.921845105368558e-10,-9.400273148937667e-09,2.657568715744349,3.097641538488267e-09,5.2829872119476276e-08
4.911982396479296,PASSED,-0.26601041204305825,-6.013071779911892e-10,-8.93759699126392e-09,2.6575687157474754,3.1541023700125224e-09,5.8881471127441326e-08
4.912982596519304,PASSED,-0.26601041204366405,-6.102919078036388e-10,-9.016151693240058e-09,2.6575687157506476,3.1964361953811415e-09,3.130206152940385e-08
4.913982796559312,PASSED,-0.2660104120442784,-6.185805109098046e-10,-7.803570714782985e-09,2.657568715753866,3.2364547575167302e-09,4.582956253971148e-08
4.91498299659932,PASSED,-0.2660104120449004,-6.25700325438028e-10,-6.663977070516966e-09,2.657568715757124,3.280449930790696e-09,4.2772247096802045e-08
4.915983196639328,PASSED,-0.2660104120455296,-6.325896665066454e-10,-7.039583734017682e-09,2.6575687157604184,3.3118415299106922e-09,2.3804500468792294e-08
4.916983396679336,PASSED,-0.2660104120461653,-6.390281322414965e-10,-6.037720402073273e-09,2.6575687157637478,3.343874437982801e-09,3.7518513140986576e-08
4.917983596719344,PASSED,-0.26601041204680687,-6.442454701308128e-10,-4.6704162141452295e-09,2.657568715767106,3.3750862076940145e-09,2.7007274091364378e-08
4.918983796759352,PASSED,-0.2660104120474536,-6.491423588715262e-10,-5.047870425092024e-09,2.6575687157704935,3.4005073411462577e-09,2.4363706359495376e-08
4.91998399679936,PASSED,-0.2660104120481049,-6.535385475772493e-10,-3.9617342261437735e-09,2.6575687157739054,3.4242985887586806e-09,2.340960844770813e-08
4.920984196839368,PASSED,-0.2660104120487599,-6.567799207652218e-10,-2.7611324958583227e-09,2.6575687157773356,3.438792903754665e-09,8.550786028168906e-09
4.921984396879376,PASSED,-0.2660104120494183,-6.598566803786484e-10,-3.2871776918053792e-09,2.657568715780782,3.4529919925193345e-09,1.796462392233621e-08
4.922984596919384,PASSED,-0.26601041205007914,-6.621516247279457e-10,-1.6334554542919567e-09,2.6575687157842447,3.4724131376806926e-09,2.0392159320706238e-08
4.923984796959392,PASSED,-0.26601041205074183,-6.634076712946466e-10,-1.0044406416402841e-09,2.6575687157877153,3.4751017435748575e-09,-9.113763056863243e-09
4.9249849969994,PASSED,-0.26601041205140585,-6.64531602653106e-10,-1.203591836338766e-09,2.657568715791191,3.4744019281104805e-09,4.909482930613863e-09
4.925985197039408,PASSED,-0.2660104120520704,-6.648409823972289e-10,2.8676165068750156e-10,2.6575687157946724,3.485746804149769e-09,1.5635138111738785e-08
4.926985397079416,PASSED,-0.2660104120527348,-6.641651282821529e-10,9.352490913350912e-10,2.657568715798152,3.48098611954961e-09,-1.835789974142412e-08
4.927985597119424,PASSED,-0.2660104120533985,-6.631723280692242e-10,1.0311676273242424e-09,2.6575687158016286,3.4706280964492328e-09,-5.024772006346483e-09
4.928985797159432,PASSED,-0.26601041205406073,-6.615557543210534e-10,2.0068444954017686e-09,2.657568715805096,3.4643342826354295e-09,-7.139841685441187e-09
4.92998599719944,PASSED,-0.26601041205472103,-6.592027068219539e-10,2.5838495015644895e-09,2.657568715808554,3.453223755885597e-09,-1.3757650126093079e-08
4.930986197239448,PASSED,-0.2660104120553786,-6.561917097212102e-10,3.2957621668631873e-09,2.657568715811999,3.437072510603055e-09,-1.7746975386840985e-08
4.931986397279456,PASSED,-0.26601041205603293,-6.525872937278828e-10,3.810185210970076e-09,2.657568715815425,3.416076969203748e-09,-2.3161252074284123e-08
4.932986597319464,PASSED,-0.2660104120566834,-6.484686970798536e-10,4.324204272735296e-09,2.65756871581883,3.3933294648405046e-09,-2.2471672555883406e-08
4.933986797359472,PASSED,-0.26601041205732934,-6.435634299809327e-10,5.2926423163779775e-09,2.657568715822214,3.373534222790414e-09,-1.801095504622876e-08
4.93498699739948,PASSED,-0.2660104120579701,-6.380163528473903e-10,5.7167003449853354e-09,2.6575687158255703,3.3428635575075463e-09,-3.9110472107294486e-08
4.935987197439488,PASSED,-0.2660104120586052,-6.322266949009166e-10,5.838296347465979e-09,2.6575687158288943,3.3053379330777763e-09,-3.646905931142049e-08
4.936987397479496,PASSED,-0.26601041205923404,-6.256394048896295e-10,7.086619120501393e-09,2.657568715832189,3.2802634210803292e-09,-1.7478147121464455e-08
4.937987597519504,PASSED,-0.266010412059856,-6.182372002005556e-10,7.612595068122218e-09,2.657568715835447,3.243052740546229e-09,-5.036570280919121e-08
4.938987797559512,PASSED,-0.2660104120604705,-6.106973699772338e-10,7.49132032678814e-09,2.6575687158386647,3.1924468701203945e-09,-5.0765982170262874e-08
4.93998799759952,PASSED,-0.26601041206107706,-6.026609314064697e-10,8.399850733414576e-09,2.65756871584184,3.153311077515159e-09,-3.138233289521768e-08
4.940988197639528,PASSED,-0.26601041206167514,-5.937057629121398e-10,9.325380334940175e-09,2.657568715844975,3.117461885542701e-09,-3.882709802395169e-08
4.941988397679536,PASSED,-0.2660104120622642,-5.8443530968292e-10,9.233835158739767e-09,2.6575687158480608,3.0605685583642484e-09,-6.89374799481193e-08
4.942988597719544,PASSED,-0.26601041206284376,-5.74776524012628e-10,9.942086011326804e-09,2.6575687158510943,3.0025831096235288e-09,-5.068409460245279e-08
4.943988797759552,PASSED,-0.26601041206341325,-5.643561861138428e-10,1.0739172490424082e-08,2.6575687158540764,2.9590261425841466e-09,-3.8805548664001666e-08
4.94498899779956,PASSED,-0.2660104120639723,-5.536598934998179e-10,1.066770602975892e-08,2.6575687158570025,2.9007068942578014e-09,-7.132838143457428e-08
4.945989197839568,PASSED,-0.2660104120645203,-5.425284796811264e-10,1.1440552344646514e-08,2.657568715859874,2.8392176273360082e-09,-5.492985724660596e-08
4.946989397879576,PASSED,-0.26601041206505693,-5.308726958509354e-10,1.1799271487220413e-08,2.6575687158626855,2.78409899769624e-09,-5.524447790187629e-08
4.947989597919584,PASSED,-0.2660104120655818,-5.189289880364681e-10,1.2039998699298662e-08,2.6575687158654318,2.713481529646417e-09,-8.086612814845423e-08
4.948989797959592,PASSED,-0.2660104120660943,-5.063009776757233e-10,1.3020018135042072e-08,2.6575687158681154,2.648551153181005e-09,-5.430654201005156e-08
4.9499899979996,PASSED,-0.2660104120665942,-4.933783241013129e-10,1.2857743867322573e-08,2.6575687158707346,2.591159281560109e-09,-5.944875802812567e-08
4.950990198039608,PASSED,-0.26601041206708104,-4.803646652772673e-10,1.311760212852773e-08,2.6575687158732855,2.5159027750470447e-09,-8.57950055030231e-08
4.951990398079616,PASSED,-0.2660104120675545,-4.667788280196673e-10,1.3897994010314801e-08,2.657568715875762,2.4359348242213072e-09,-7.608324770754674e-08
4.952990598119624,PASSED,-0.2660104120680142,-4.5258566275092467e-10,1.4389946107694582e-08,2.65756871587817,2.3751954750257746e-09,-5.051008352085636e-08
4.953990798159632,PASSED,-0.2660104120684598,-4.385236022690021e-10,1.3843470064741302e-08,2.6575687158805055,2.3030767708150332e-09,-8.652445133733137e-08
4.95499099819964,PASSED,-0.266010412068891,-4.2396988231029856e-10,1.5027219888011686e-08,2.657568715882763,2.2134065439121974e-09,-9.176741061317183e-08
4.955991198239648,PASSED,-0.26601041206930753,-4.0899987430730287e-10,1.493186674631836e-08,2.6575687158849455,2.1433227457615365e-09,-5.562805650898669e-08
4.956991398279656,PASSED,-0.2660104120697091,-3.9405297696222417e-10,1.4956917744252222e-08,2.657568715887048,2.0679466403007496e-09,-8.854147142865346e-08
4.957991598319664,PASSED,-0.26601041207009546,-3.7871654323925536e-10,1.558944437544647e-08,2.65756871588907,1.9768981163355104e-09,-9.271989232296281e-08
4.958991798359672,PASSED,-0.26601041207046633,-3.630857861714218e-10,1.565829886275836e-08,2.6575687158910135,1.9025463596999482e-09,-6.210633284396219e-08
4.95999199839968,PASSED,-0.26601041207082154,-3.474055855934232e-10,1.5694801721492026e-08,2.657568715892873,1.822683138763568e-09,-9.170114633132551e-08
4.960992198439688,PASSED,-0.26601041207116094,-3.315055027363996e-10,1.6036936947377992e-08,2.6575687158946506,1.732391643813373e-09,-8.935172736277432e-08
4.961992398479696,PASSED,-0.26601041207148424,-3.151433676438888e-10,1.657893385593266e-08,2.657568715896345,1.6530050947190872e-09,-7.274309691529326e-08
4.962992598519704,PASSED,-0.2660104120717913,-2.9892745976693496e-10,1.59738905576346e-08,2.657568715897952,1.5664916335553303e-09,-9.569370399606592e-08
4.963992798559712,PASSED,-0.2660104120720821,-2.827303417492757e-10,1.6345936324342434e-08,2.6575687158994743,1.4766249842365501e-09,-8.598194620058955e-08
4.96499299859972,PASSED,-0.26601041207235643,-2.660957000736196e-10,1.6827111909865204e-08,2.6575687159009114,1.395919614313323e-09,-7.718765240498539e-08
4.965993198639728,PASSED,-0.2660104120726142,-2.494003359562624e-10,1.6607532255685202e-08,2.6575687159022614,1.307784456066527e-09,-9.54334954746694e-08
4.966993398679736,PASSED,-0.2660104120728553,-2.3270410372726304e-10,1.6755365544542104e-08,2.657568715903523,1.214527014959611e-09,-9.180673819508062e-08
4.967993598719744,PASSED,-0.2660104120730797,-2.1600990926122566e-10,1.6653413747034252e-08,2.657568715904701,1.1358726053696274e-09,-6.988619051991904e-08
4.968993798759752,PASSED,-0.2660104120732873,-1.992870843902621e-10,1.6769098953583082e-08,2.6575687159057857,1.0418112653897757e-09,-1.101781062864735e-07
4.96999399879976,PASSED,-0.26601041207347825,-1.8254570800148826e-10,1.6722894678901016e-08,2.6575687159067853,9.508575586083169e-10,-7.813744044478263e-08
4.970994198839768,PASSED,-0.26601041207365234,-1.6569977566377146e-10,1.6927957443594017e-08,2.6575687159076997,8.765873663001653e-10,-7.169202688373092e-08
4.971994398879776,PASSED,-0.26601041207380965,-1.4890335246029734e-10,1.670873371006088e-08,2.6575687159085235,7.799583123354687e-10,-1.1325373868534045e-07
4.972994598919784,PASSED,-0.26601041207395026,-1.3231519388514142e-10,1.6507775151885954e-08,2.657568715909259,6.847743584490205e-10,-8.313743068718659e-08
4.973994798959792,PASSED,-0.2660104120740743,-1.1567914295805169e-10,1.672156811055891e-08,2.657568715909906,6.072813516135433e-10,-7.37300576010043e-08
4.9749949989998,PASSED,-0.26601041207418163,-9.896031667418988e-11,1.6716998399397074e-08,2.65756871591047,5.241760294726823e-10,-8.935549850076556e-08
4.975995199039808,PASSED,-0.26601041207427245,-8.248130322396966e-11,1.6320356817435658e-08,2.6575687159109465,4.310977712937506e-10,-9.556009796437578e-08
4.976995399079816,PASSED,-0.2660104120743469,-6.633032498065586e-11,1.603805919389925e-08,2.6575687159113355,3.4416043421977683e-10,-8.118882981370582e-08
4.977995599119824,PASSED,-0.266010412074405,-4.997782496688536e-11,1.6562127227018006e-08,2.65756871591164,2.6452833016886067e-10,-7.85942868757231e-08
4.978995799159832,PASSED,-0.266010412074447,-3.387309186553923e-11,1.579980368423155e-08,2.6575687159118595,1.7679086535994252e-10,-9.383291676438147e-08
4.97999599919984,PASSED,-0.266010412074473,-1.8221337571099175e-11,1.5553054701245727e-08,2.657568715911996,9.266679722744415e-11,-7.765150237790963e-08
4.980996199239848,PASSED,-0.2660104120744832,-2.3055857505360365e-12,1.615754990010808e-08,2.657568715912051,1.6463735078575287e-11,-7.523743532950837e-08
4.981996399279856,PASSED,-0.26601041207447784,1.336053897566003e-11,1.5338507943588057e-08,2.657568715912022,-6.965623477249416e-11,-9.33749928654435e-08
4.982996599319864,PASSED,-0.266010412074457,2.8339146821134866e-11,1.473867444673269e-08,2.657568715911913,-1.51839352054294e-10,-7.472186689270408e-08
4.983996799359872,PASSED,-0.26601041207442105,4.3408643518676224e-11,1.5290044864747133e-08,2.657568715911723,-2.2736641078153065e-10,-7.606385328359172e-08
4.98499699939988,PASSED,-0.26601041207437015,5.846804160520766e-11,1.4905633567720964e-08,2.6575687159114576,-3.036280871894636e-10,-7.639355849082707e-08
4.985997199439888,PASSED,-0.26601041207430454,7.295870491544975e-11,1.4214016471922852e-08,2.6575687159111143,-3.8169635418880665e-10,-7.918473933835373e-08
4.986997399479896,PASSED,-0.26601041207422454,8.705245387895663e-11,1.4013570624562898e-08,2.657568715910696,-4.5646562967340076e-10,-7.182563291542106e-08
4.987997599519904,PASSED,-0.26601041207413045,1.0113576823334234e-10,1.4129810174267603e-08,2.657568715910203,-5.285825021885463e-10,-7.231103224829531e-08
4.988997799559912,PASSED,-0.26601041207402243,1.1494281090471936e-10,1.3591864336116628e-08,2.657568715909638,-6.01471165030302e-10,-7.327374990406256e-08
4.98999799959992,PASSED,-0.2660104120739009,1.2812247943662518e-10,1.2904871329098617e-08,2.6575687159090005,-6.747028936824621e-10,-7.3203714484225e-08
4.990998199639928,PASSED,-0.26601041207376624,1.411531134243707e-10,1.3114475760176807e-08,2.6575687159082966,-7.373919212194728e-10,-5.567923623886799e-08
4.991998399679936,PASSED,-0.2660104120736187,1.5397302052883246e-10,1.2623528000651715e-08,2.657568715907522,-8.074812144569208e-10,-7.969599790316801e-08
4.992998599719944,PASSED,-0.26601041207345866,1.6621045645528878e-10,1.1980041210326052e-08,2.6575687159066836,-8.747744782408534e-10,-5.902477437110898e-08
4.993998799759952,PASSED,-0.26601041207328646,1.7820661748854668e-10,1.2006907581879116e-08,2.6575687159057813,-9.309004327114853e-10,-5.419340787031395e-08
4.99499899979996,PASSED,-0.2660104120731025,1.8983866976706357e-10,1.1382148742942069e-08,2.6575687159048194,-9.907822251278067e-10,-6.367404878032632e-08
4.995999199839968,PASSED,-0.2660104120729071,2.0103123405059782e-10,1.1066174643929009e-08,2.657568715903794,-1.0586377117128354e-09,-7.064311178816357e-08
4.996999399879976,PASSED,-0.26601041207270076,2.1185927031882706e-10,1.0669277351096077e-08,2.657568715902714,-1.1081017893017177e-09,-3.5344721456028063e-08
4.997999599919984,PASSED,-0.2660104120724837,2.2226448592201352e-10,1.0229174437913383e-08,2.6575687159015784,-1.1579903892816155e-09,-5.958451899581081e-08
4.998999799959992,PASSED,-0.26601041207225645,2.3227818326852743e-10,9.870045952247581e-09,2.6575687159003896,-1.2191778574173086e-09,-6.225610089561484e-08
5.0,PASSED,-0.26601041207201953,2.4178459676525535e-10,9.263991859714805e-09,2.657568715899146,-1.2710475978042118e-09,-4.494550004776181e-08
