time,status,q_yH,dq_yH,ddq_yH,q_phiO,dq_phiO,ddq_phiO
0.0,PASSED,-0.280991466874286,0.0,0.0,2.7367109302650916,0.0,0.0
0.0010002000400080016,PASSED,-0.28098996920000385,0.0022325579360921027,3.7209298934868382,2.7367029408505994,-0.01190968619963695,-19.849476999394916
0.002000400080016003,PASSED,-0.2809858795629707,0.005948440600270232,3.712517844638991,2.7366811245765468,-0.0317321063350435,-19.804382226080982
0.0030006001200240046,PASSED,-0.28097807884419007,0.009655024419675676,3.7026278025830788,2.7366395118012568,-0.05150440584085042,-19.750911025624212
0.004000800160032006,PASSED,-0.28096657708000533,0.01335083363406358,3.691263488924456,2.7365781567360017,-0.07121835373879042,-19.68930581281717
0.005001000200040008,PASSED,-0.2809513857789042,0.017034398821206446,3.678432985955139,2.736497121760262,-0.0908658743510634,-19.61966381191017
0.006001200240048009,PASSED,-0.2809325179122278,0.020704262409282397,3.66415065615649,2.736396477367794,-0.11043885922308744,-19.541865578766625
0.007001400280056011,PASSED,-0.2809099879042674,0.02435897737299319,3.6484245020803283,2.7362763021086636,-0.12992924721348337,-19.456069598148808
0.008001600320064013,PASSED,-0.2808838116217574,0.027997105555974896,3.631263970249295,2.7361366825273628,-0.14932911699248116,-19.362403232897098
0.009001800360072015,PASSED,-0.2808540063627717,0.031617221369128215,3.612683708422666,2.7359777130970206,-0.16863056877259552,-19.260817478259188
0.010002000400080016,PASSED,-0.280820590845032,0.035217911809981586,3.5926949291405075,2.735799496149797,-0.18782575103881788,-19.151425458197803
0.011002200440088018,PASSED,-0.28078358519363383,0.03879777512220311,3.5713089009422023,2.735602141803512,-0.2069069392552414,-19.03436338857403
0.012002400480096018,PASSED,-0.28074301092820225,0.04235542319165186,3.5485408484531122,2.735385767884578,-0.22586646734115867,-18.90963788414612
0.01300260052010402,PASSED,-0.28069889094948414,0.04588948220489053,3.524404456429055,2.7351504998473293,-0.24469672778179086,-18.77734214495621
0.014002800560112022,PASSED,-0.28065124952538434,0.04939859175444911,3.4989129449782626,2.7348964706897827,-0.2633902319532127,-18.63761218906555
0.015003000600120024,PASSED,-0.280600112276459,0.05288140636166044,3.47208238203337,2.7346238208659437,-0.28193957451463764,-18.490496142997873
0.016003200640128026,PASSED,-0.28054550616087254,0.05633659637158417,3.443928428517299,2.7343326981947236,-0.3003374226580845,-18.336082810412883
0.017003400680136026,PASSED,-0.28048745945882897,0.05976284746996061,3.4144662116158697,2.7340232577655343,-0.3185765590725942,-18.17450548390759
0.01800360072014403,PASSED,-0.28042600175648713,0.06315886165585378,3.3837128354113757,2.733695661840667,-0.33664986662282276,-18.00584226110921
0.01900380076015203,PASSED,-0.28036116392937216,0.06652335815548463,3.3516856091104983,2.7333500797545547,-0.3545503151334296,-17.830186010271987
0.020004000800160033,PASSED,-0.28029297812529036,0.06985507326296637,3.318401439729221,2.732986687809939,-0.37227099030133676,-17.647667939664014
0.021004200840168033,PASSED,-0.28022147774676065,0.07315276098384083,3.2838785749712445,2.7326056691711242,-0.3898050898590492,-17.458387303078126
0.022004400880176037,PASSED,-0.2801466974329733,0.07641519386840406,3.2481357576245635,2.7322072137543345,-0.40714591186444304,-17.262445140270952
0.023004600920184037,PASSED,-0.2800686730412857,0.07964116307756477,3.2111915101848254,2.7317915181153025,-0.42428687317434705,-17.059972089659375
0.024004800960192037,PASSED,-0.2799874416282669,0.08282947884033155,3.1730652644880744,2.731358785334187,-0.4412215114443911,-16.85108239030044
0.02500500100020004,PASSED,-0.27990304143030403,0.08597897117107993,3.1337770415885777,2.730909224897904,-0.4579434762851983,-16.635886474478426
0.02600520104020804,PASSED,-0.279815511843779,0.08908849007576526,3.093346813416518,2.7304430525799455,-0.47444654055257124,-16.41451612930253
0.027005401080216044,PASSED,-0.27972489340483014,0.09215690590732718,3.051795176992197,2.729960490317852,-0.4907246047212798,-16.187096194979368
0.028005601120224044,PASSED,-0.27963122776870886,0.09518310996700195,3.0091433147964906,2.7294617660883485,-0.5067716910051503,-15.953746343131257
0.029005801160232048,PASSED,-0.27953455768874386,0.09816601478337367,2.9654124840885396,2.7289471137803187,-0.5225819499240384,-15.714600636059394
0.030006001200240048,PASSED,-0.2794349269949247,0.10110455441342939,2.920624394033839,2.7284167730656623,-0.53814966521531,-15.469791728079704
0.03100620124024805,PASSED,-0.27933238057211784,0.1039976849387881,2.8748012795752835,2.7278709892681676,-0.553469250356919,-15.219447417295072
0.03200640128025605,PASSED,-0.2792269643379255,0.10684438477302532,2.827965537345178,2.727310013230493,-0.5685352522226468,-14.963704831349611
0.033006601320264055,PASSED,-0.27911872522020165,0.10964365492961871,2.7801399027588483,2.7267341011793405,-0.5833423555844425,-14.702702382093065
0.03400680136027205,PASSED,-0.27900771113423645,0.11239451942995392,2.7313475653860992,2.726143514588928,-0.5978853814004205,-14.436574771901203
0.035007001400280055,PASSED,-0.2788939709596218,0.11509602560702745,2.681611918198473,2.725538520042886,-0.6121592887271962,-14.16546236335876
0.03600720144028806,PASSED,-0.27877755451681047,0.1177472443503643,2.630956626762419,2.724919389094628,-0.6261591784429202,-13.88950795063415
0.03700740148029606,PASSED,-0.2786585125433814,0.1203472704409279,2.579405733097729,2.724286398126333,-0.6398802926688718,-13.608851742829998
0.03800760152030406,PASSED,-0.2785368966700243,0.12289522283188241,2.5269834961923663,2.723639828206618,-0.6533180157280355,-13.323637270052657
0.03900780156031206,PASSED,-0.27841275939625465,0.1253902448717052,2.4737144022431083,2.7229799649470037,-0.6664678769750297,-13.034010564955235
0.040008001600320066,PASSED,-0.2782861540658737,0.12783150457802717,2.4196232423745436,2.7223070983572617,-0.6793255508701979,-12.740116115310125
0.04100820164032806,PASSED,-0.27815713484218446,0.13021819488630254,2.364735018875923,2.7216215226997553,-0.6918868574127048,-12.442100160638303
0.042008401680336066,PASSED,-0.278025756682977,0.1325495338481919,2.3090749238983155,2.72092353634284,-0.704147764166262,-12.140111148836448
0.04300860172034407,PASSED,-0.27789207531529614,0.134824764852726,2.2526683916246104,2.720213441613442,-0.7161043866057746,-11.834296633296534
0.04400880176035207,PASSED,-0.27775614721000264,0.13704315683935117,2.1955410499588988,2.7194915446488883,-0.7277529882796507,-11.524805034262544
0.04500900180036007,PASSED,-0.27761802955614223,0.13920400446728154,2.137718679911337,2.718758155248088,-0.7390899821391564,-11.211786409667882
0.04600920184036807,PASSED,-0.2774777802351338,0.1413066282918167,2.0792272542843753,2.7180135867221438,-0.7501119309337363,-10.895390384521313
0.04700940188037608,PASSED,-0.2773354577947895,0.14335037493793923,2.0200929073479434,2.7172581557445037,-0.7608155471776548,-10.575766816849976
0.048009601920384073,PASSED,-0.27719112142317964,0.1453346172390086,1.9603418968836381,2.7164921822006893,-0.7711976939621741,-10.253066762965565
0.04900980196039208,PASSED,-0.2770448309223541,0.14725875437278876,1.9000006250445303,2.715715989037751,-0.7812553852139615,-9.927440911002122
0.05001000200040008,PASSED,-0.2768966466819332,0.14912221199497677,1.83909562028365,2.7149299021134725,-0.7909857855428349,-9.599039940787575
0.051010202040408084,PASSED,-0.27674662965257985,0.15092444234549687,1.7776535040110795,2.7141342500454355,-0.8003862106126396,-9.268015155816139
0.05201040208041608,PASSED,-0.27659484131936496,0.15266492434742776,1.7157010005440954,2.7133293640600167,-0.8094541272269078,-8.934517586569756
0.053010602120424084,PASSED,-0.2764413436750397,0.15434316369962767,1.6532649199704512,2.7125155778414043,-0.8181871530260283,-8.598697940820802
0.05401080216043209,PASSED,-0.276286199193224,0.15595869295167103,1.5903721400919872,2.71169322738068,-0.8265830565234246,-8.260707201779903
0.05501100220044009,PASSED,-0.2761294708015261,0.15751107156562452,1.527049596527849,2.7108626508250713,-0.8346397569941524,-7.920695983359873
0.05601120224044809,PASSED,-0.27597122185460277,0.15899988597120537,1.4633242782828568,2.710024188327429,-0.8423553240176875,-7.5788143836519755
0.05701140228045609,PASSED,-0.27581151610717297,0.16042474960770917,1.399223208651071,2.7091781818960086,-0.849727977224748,-7.235212422666203
0.058011602320464095,PASSED,-0.27565041768699705,0.16178530294888865,1.3347734295317732,2.7083249752446035,-0.8567560859982812,-6.890039674111214
0.05901180236047209,PASSED,-0.2754879910678315,0.1630812135240641,1.2700020056045285,2.7074649136431272,-0.8634381688642374,-6.543444993852901
0.060012002400480095,PASSED,-0.27532430104237227,0.16431217592575134,1.2049359990757313,2.7065983437686754,-0.8697728929997908,-6.195576896686946
0.0610122024404881,PASSED,-0.2751594126951971,0.16547791180037363,1.1396024583199598,2.70572561355716,-0.8757590737236111,-5.84658327524252
0.0620124024804961,PASSED,-0.274993391375718,0.16657816983565385,1.0740284199203896,2.7048470720555486,-0.8813956737689421,-5.496611225390217
0.0630126025205041,PASSED,-0.2748263026711558,0.16761272573359476,1.0082408832879153,2.703963069274793,-0.8866818025705875,-5.145807185815633
0.0640128025605121,PASSED,-0.27465821237954674,0.16858138217047122,0.9422668059355007,2.7030739560434762,-0.8916167155743864,-4.794316882454369
0.0650130026005201,PASSED,-0.27448918648279197,0.16948396874985414,0.876133095014534,2.7021800838622605,-0.8961998133761089,-4.442285081234493
0.06601320264052811,PASSED,-0.274319291119762,0.1703203419432307,0.8098665922845859,2.7012818047591693,-0.9004306408293629,-4.089855701266937
0.06701340268053611,PASSED,-0.2741485925594646,0.17109038501951399,0.7434940656157033,2.700379471145759,-0.9043088861899258,-3.737171800093409
0.0680136027205441,PASSED,-0.27397715717428833,0.17179400796557817,0.6770421996965102,2.6994734356742436,-0.9078343801160077,-3.384375343407649
0.0690138027605521,PASSED,-0.2738050514133312,0.1724311473951441,0.610537582812199,2.6985640510955884,-0.9110070946415002,-3.031607313549176
0.07001400280056011,PASSED,-0.27363234177582435,0.1730017664492279,0.5440067015982044,2.697651670118663,-0.9138271421451072,-2.679007630312295
0.07101420284056811,PASSED,-0.27345909478466135,0.17350585468568014,0.4774759263549539,2.6967366452704598,-0.9162947742365648,-2.3267150655544775
0.07201440288057612,PASSED,-0.2732853769600429,0.1739434279579433,0.4109715028685949,2.6958193287574255,-0.9184103806284618,-1.9748672761252761
0.07301460292058412,PASSED,-0.27311125479324644,0.17431452828632368,0.3445195453883081,2.6949000723279943,-0.9201744879016969,-1.623600604641492
0.07401480296059212,PASSED,-0.27293679472052995,0.1746192237186036,0.27814602354100715,2.6939792271362735,-0.9215877583451099,-1.273050335927307
0.07501500300060011,PASSED,-0.2727620630971801,0.1748576081811012,0.21187675513532414,2.693057143607012,-0.9226509886783014,-0.9233503313675572
0.07601520304060812,PASSED,-0.27258712617171366,0.17502980132053292,0.14573739562932647,2.692134171301831,-0.9233651087042493,-0.5746331556679989
0.07701540308061612,PASSED,-0.27241205006024066,0.1751359483380524,0.07975343211291355,2.691210658786772,-0.9237311800368337,-0.2270301171954023
0.07801560312062412,PASSED,-0.2722369007209998,0.17517621981249998,0.013950169337302138,2.690286953501186,-0.9237503947363236,0.11932891231391304
0.07901580316063213,PASSED,-0.27206174392907356,0.17515081151596937,-0.05164727377592711,2.689363401628017,-0.923424073857172,0.46431552371010026
0.08001600320064013,PASSED,-0.27188664525129164,0.17505994422160584,-0.11701397475524382,2.688440347965491,-0.9227536660554717,0.8078026536934996
0.08101620324064814,PASSED,-0.2717116700213326,0.174903863501106,-0.18212521766284664,2.6875181358002456,-0.9217407461599813,1.1496647233550956
0.08201640328065612,PASSED,-0.27153688331503084,0.17468283951490263,-0.24695649856375473,2.686597106781931,-0.9203870136348622,1.4897777262951097
0.08301660332066413,PASSED,-0.271362349925897,0.1743971667951069,-0.311483533950359,2.685677600799318,-0.9186942910761589,1.8280191136421693
0.08401680336067213,PASSED,-0.2711881343408608,0.17404716401848006,-0.37568227174451885,2.6847599558579236,-0.9166645227074519,2.164267872083438
0.08501700340068014,PASSED,-0.2710143007162437,0.17363317377326618,-0.4395288941933981,2.683844507959195,-0.914299772784133,2.4984046241426494
0.08601720344068814,PASSED,-0.2708409128539688,0.1731555623182346,-0.5029998289237417,2.682931590981255,-0.9116022240121748,2.830311537168332
0.08701740348069614,PASSED,-0.2706680341780158,0.17261471933273342,-0.5660717565527787,2.682021536561275,-0.9085741759328937,3.1598724406897887
0.08801760352070415,PASSED,-0.2704957277111289,0.17201105766178665,-0.628721613876087,2.681114673979437,-0.9052180433063084,3.4869727505156773
0.08901780356071214,PASSED,-0.2703240560517838,0.17134501305197325,-0.690926607104901,2.6802113300445645,-0.9015363544439454,3.8114996035944846
0.09001800360072014,PASSED,-0.2701530813514221,0.17061704388078633,-0.7526642139082307,2.679311828981405,-0.897531749524238,4.133341797115991
0.09101820364072814,PASSED,-0.2699828652919592,0.16982763088046976,-0.813912191255463,2.6784164923195988,-0.8932069789282888,4.452389795171205
0.09201840368073615,PASSED,-0.26981346906357273,0.16897727685306393,-0.8746485848393702,2.677525638784348,-0.8885649015116343,4.768535830976753
0.09301860372074415,PASSED,-0.2696449533427784,0.16806650638066317,-0.934851730774979,2.6766395841888264,-0.8836084828363893,5.0816739047571415
0.09401880376075215,PASSED,-0.2694773782707989,0.16709586552816397,-0.9945002669819744,2.6757586413282892,-0.878340793506921,5.391699612609194
0.09501900380076016,PASSED,-0.2693108034322335,0.1660659215404012,-1.0535731349499404,2.674883119875977,-0.8727650073527811,5.698510515160404
0.09601920384076815,PASSED,-0.269145287834033,0.16497726253349612,-1.1120495882085089,2.6740133262807744,-0.8668843996068134,6.002005899838981
0.09701940388077615,PASSED,-0.2689808898847868,0.16383049717899567,-1.169909198695071,2.6731495636666445,-0.8607023452200628,6.302086711358413
0.09801960392078415,PASSED,-0.26881766737432855,0.1626262543832239,-1.2271318604895718,2.6722921317338835,-0.8542223169878947,6.598655912708002
0.09901980396079216,PASSED,-0.268655677453664,0.1613651829623702,-1.28369779442976,2.6714413266621935,-0.8474478836716034,6.891618252013578
0.10002000400080016,PASSED,-0.26849497661522903,0.16004795130918056,-1.339587559029533,2.6705974410155484,-0.8403827083008465,7.180880116585947
0.10102020404080816,PASSED,-0.2683356206734816,0.15867524705608374,-1.3947820491416638,2.669760763648953,-0.8330305462260635,7.466350046914403
0.10202040408081617,PASSED,-0.26817766474583304,0.1572477767342681,-1.449262503598277,2.6689315796170128,-0.8253952432415284,7.747938276282457
0.10302060412082417,PASSED,-0.26802116323392405,0.15576626542550867,-1.503010512200196,2.668110170084392,-0.8174807338110018,8.025556866689236
0.10402080416083216,PASSED,-0.2678661698052505,0.15423145641013972,-1.5560080174814788,2.6672968122381424,-0.8092910391132068,8.29911991853227
0.10502100420084017,PASSED,-0.26771273737514273,0.15264411081209497,-1.6082373184202372,2.6664917792019214,-0.8008302651331608,8.568543354388275
0.10602120424084817,PASSED,-0.26756091808910415,0.151005007236239,-1.659681080813161,2.6656953399521095,-0.7921026008186182,8.833744954645507
0.10702140428085617,PASSED,-0.26741076330551244,0.14931494140385929,-1.710322333424079,2.6649077592358275,-0.783112316147983,9.094644481294722
0.10802160432086418,PASSED,-0.26726232357868923,0.14757472578254355,-1.7601444799101882,2.6641292974908817,-0.7738637601709852,9.351163640799914
0.10902180436087218,PASSED,-0.26711564864233955,0.14578518921385195,-1.8091312945458196,2.6633602107676335,-0.7643613591104723,9.603226006988276
0.11002200440088018,PASSED,-0.26697078739336827,0.14394717653495903,-1.8572669351242819,2.6626007506527936,-0.7546096144445151,9.850757105269755
0.11102220444088817,PASSED,-0.2668277878760752,0.1420615481970871,-1.9045359397037294,2.6618511641951756,-0.7446131009061838,10.09368449370564
0.11202240448089618,PASSED,-0.26668669726673283,0.14012917988246185,-1.950923231239628,2.66111169383338,-0.7343764645658766,10.331937571375159
0.11302260452090418,PASSED,-0.2665475618585508,0.13815096211489772,-1.9964141251137764,2.6603825773254632,-0.7239044208629021,10.565447790707397
0.11402280456091218,PASSED,-0.26641042704703005,0.13612779986810503,-2.040994327911979,2.659664047680549,-0.7132017526195351,10.79414854514006
0.11502300460092019,PASSED,-0.2662753373157099,0.13406061217270995,-2.084649940383827,2.6589563330924095,-0.7022733081132284,11.017975147084545
0.11602320464092819,PASSED,-0.2661423362223108,0.13195033171797452,-2.127367464303165,2.6582596568750545,-0.6911239990262731,11.236865046869097
0.1170234046809362,PASSED,-0.2660114663852763,0.12979790445059908,-2.169133802756943,2.657574237400268,-0.6797587985010748,11.450757510751075
0.11802360472094418,PASSED,-0.2658827694707164,0.12760428917305588,-2.2099362607340414,2.6569002880371584,-0.668182739172852,11.659593873203962
0.11902380476095219,PASSED,-0.26575628617975544,0.12537045713821554,-2.2497625509112216,2.6562380170936852,-0.6564009111193618,11.863317507014433
0.12002400480096019,PASSED,-0.2656320562362866,0.12309739163985188,-2.2886007966652606,2.655587627760204,-0.6444184598719549,12.06187374100203
0.1210242048409682,PASSED,-0.2655101183751345,0.12078608760428246,-2.3264395281721817,2.6549493180550034,-0.6322405844404754,12.255209891797918
0.1220244048809762,PASSED,-0.26539051033063055,0.11843755117732674,-2.363267692811398,2.6543232807718526,-0.6198725352786421,12.443275341856962
0.1230246049209842,PASSED,-0.2652732688256003,0.11605279930947016,-2.3990746512200225,2.653709703429553,-0.6073196122733491,12.626021447583792
0.1240248049609922,PASSED,-0.26515842956076646,0.11363285934141869,-2.433850179272428,2.6531087682235177,-0.5945871627296458,12.803401607782924
0.1250250050010002,PASSED,-0.26504602720456827,0.11117876858537687,-2.467584473888093,2.6525206519793656,-0.5816805793477012,12.975371231385635
0.1260252050410082,PASSED,-0.26493609538340007,0.10869157390495654,-2.5002681514418224,2.651945526108526,-0.5686052982149082,13.1418877337311
0.1270254050810162,PASSED,-0.26482866667226895,0.10617233129664572,-2.531892246223506,2.6513835565658774,-0.5553667967675315,13.302910589807011
0.1280256051210242,PASSED,-0.2647237725858743,0.10362210546690712,-2.5624482187486697,2.6508349038094092,-0.5419705917614193,13.458401283649234
0.1290258051610322,PASSED,-0.2646214435701098,0.10104196940769616,-2.5919279528524632,2.6502997227618996,-0.5284222372711825,13.608323294628429
0.1300260052010402,PASSED,-0.26452170899398814,0.09843300397469702,-2.6203237530969203,2.649778162774641,-0.5147273226244935,13.75264221472945
0.13102620524104822,PASSED,-0.2644245971419913,0.0957962974618483,-2.647628352683273,2.6492703675931737,-0.5008914703975413,13.891325568434079
0.13202640528105622,PASSED,-0.2643301352068456,0.09313294517395021,-2.673834911374632,2.648776475325059,-0.4869203343960126,14.024342956925183
0.13302660532106422,PASSED,-0.2642383492827223,0.09044404900311964,-2.698937010467837,2.6482966184096837,-0.47281959758820374,14.151666041731314
0.13402680536107223,PASSED,-0.26414926435886515,0.08773071700024179,-2.7229286644845154,2.647830923590088,-0.45859497009738626,14.273268456874934
0.13502700540108023,PASSED,-0.2640629043136448,0.08499406294785491,-2.7458043109884454,2.6473795118868124,-0.4442521872151764,14.389125832433118
0.1360272054410882,PASSED,-0.2639792919090401,0.08223520593472702,-2.767558814554176,2.6469424985738086,-0.4297970072786575,14.499216005909371
0.1370274054810962,PASSED,-0.26389844878554664,0.07945526992677492,-2.7881874702173786,2.646519993156331,-0.41523520971027905,14.60351861002452
0.1380276055211042,PASSED,-0.26382039545751274,0.0766553833394031,-2.8076859988081226,2.6461120993508707,-0.4005725930456193,14.702015367749981
0.13902780556111222,PASSED,-0.2637451513089028,0.07383667861252759,-2.8260505455870932,2.6457189150671265,-0.3858149727813613,14.794690195263355
0.14002800560112022,PASSED,-0.26367273458948715,0.07100029178257958,-2.8432776861886224,2.645340532391973,-0.3709681794353593,14.881528779827708
0.14102820564112822,PASSED,-0.2636031624114592,0.06814736205436217,-2.8593644229032367,2.644977037575455,-0.3560380565775807,14.962518909745851
0.14202840568113623,PASSED,-0.26353645074647764,0.06527903137851258,-2.8743081778138113,2.6446285110187957,-0.3410304587162928,15.037650495649254
0.14302860572114423,PASSED,-0.26347261442313563,0.06239644402412518,-2.888106805436449,2.644295027264415,-0.325951249332529,15.106915309173473
0.14402880576115223,PASSED,-0.2634116671248536,0.05950074615389081,-2.9007585800996667,2.6439766549879393,-0.31080629893910566,15.170307116256588
0.14502900580116024,PASSED,-0.26335362138819624,0.056593085402586396,-2.9122621987742576,2.6436734569922398,-0.29560148298111827,15.227821852474573
0.14602920584116824,PASSED,-0.26329848860161337,0.053674610453031575,-2.922616783408529,2.6433854902034306,-0.2803426798926306,15.279457245829722
0.14702940588117624,PASSED,-0.2632462790046017,0.050746470614262094,-2.9318218756767824,2.6431128056688946,-0.265035769130219,15.325213106799694
0.14802960592118425,PASSED,-0.2631970016872878,0.04780981540312147,-2.9398774347831793,2.642855448557253,-0.24968662916356757,15.365091206552622
0.14902980596119225,PASSED,-0.263150664590431,0.044865794124011274,-2.946783841994874,2.6426134581603526,-0.2343011354835388,15.399095329012875
0.15003000600120023,PASSED,-0.2631072745058432,0.041915555451900816,-2.9525418921875226,2.642386867897189,-0.21888515868026417,15.42723111944917
0.15103020604120823,PASSED,-0.2630668370772264,0.03896024701708094,-2.957152796574786,2.642175705319823,-0.20344456246065332,15.449506286385304
0.15203040608121624,PASSED,-0.26302935680142436,0.03600101499055774,-2.9606181798221485,2.6419799921212346,-0.1879852016717057,15.46593045732245
0.15303060612122424,PASSED,-0.26299483703008764,0.03303900367194745,-2.96294007780238,2.6417997441451213,-0.17251292041221844,15.476515127597157
0.15403080616123224,PASSED,-0.26296327997174973,0.030075355079689337,-2.964120935228613,2.6416349713976612,-0.1570335500467404,15.481273857398616
0.15503100620124025,PASSED,-0.2629346866943128,0.0271112085417125,-2.964163606475654,2.64148567806118,-0.14155290728976058,15.48022202336731
0.15603120624124825,PASSED,-0.2629090571279402,0.024147700290363346,-2.963071347931485,2.6413518625097465,-0.12607679232993055,15.473376917471837
0.15703140628125625,PASSED,-0.26288639006835407,0.02118596305888541,-2.960847820508902,2.6412335173266963,-0.11061098685936274,15.460757839298456
0.15803160632126426,PASSED,-0.2628666831805358,0.018227125677649357,-2.95749708838748,2.641130629324036,-0.09516125220594446,15.442385862831498
0.15903180636127226,PASSED,-0.26284993300282666,0.015272312677135812,-2.953023608597588,2.6410431795637397,-0.07973332749360008,15.41828394535295
0.16003200640128026,PASSED,-0.2628361349514264,0.012322643892144635,-2.9474322359202367,2.640971143380943,-0.06433292768539242,15.388477050110797
0.16103220644128827,PASSED,-0.26282528332528643,0.009379234064848863,-2.9407282215461295,2.64091449040899,-0.048965741755287395,15.352991850101168
0.16203240648129627,PASSED,-0.26281737131139604,0.006443192456501084,-2.932917199548879,2.6408731846063356,-0.033637430884908864,15.31185688389677
0.16303260652130427,PASSED,-0.26281239099045806,0.003515622458841231,-2.924005196400502,2.6408471842853003,-0.018353626561773813,15.265102615960577
0.16403280656131225,PASSED,-0.26281033334295095,0.0005976212075751579,-2.9139986211764546,2.640836442142653,-0.0031199287560470766,15.212761265570842
0.16503300660132025,PASSED,-0.26281118825557476,-0.0023097207985653414,-2.9029042627831965,2.640840905292006,0.012058095828587993,15.154866797344555
0.16603320664132826,PASSED,-0.2628149445280776,-0.005205320076830886,-2.8907292885871088,2.640860515298025,0.02717491560850244,15.091455101627709
0.16703340668133626,PASSED,-0.2628215898804593,-0.008088100536475245,-2.877481240349192,2.6408952082124157,0.04222503589974849,15.022563750991612
0.16803360672134426,PASSED,-0.262831110960549,-0.010956993850957312,-2.86316803057065,2.640944914611699,0.0572030006560309,14.94823209314294
0.16903380676135227,PASSED,-0.26284349335195345,-0.013810939826659884,-2.8477979391238533,2.641009559636747,0.07210339425804335,14.868501274592116
0.17003400680136027,PASSED,-0.262858721582372,-0.01664888676798905,-2.8313796094660404,2.6410890630340456,0.08692084321402964,14.78341407691575
0.17103420684136827,PASSED,-0.26287677913227525,-0.019469791839076326,-2.8139220455014398,2.6411833391987063,0.10165001789902942,14.693015090389139
0.17203440688137628,PASSED,-0.26289764844394325,-0.022272621421755533,-2.7954346074643777,2.6412922972191955,0.11628563429874336,14.597350605930473
0.17303460692138428,PASSED,-0.26292131093085935,-0.025056351468690043,-2.7759270065812616,2.6414158409237425,0.13082245563103787,14.49646848320387
0.17403480696139229,PASSED,-0.26294774698745615,-0.027819967853846772,-2.755409304207038,2.641553868928428,0.14525529402143933,14.390418328533212
0.1750350070014003,PASSED,-0.26297693599920935,-0.030562466719202923,-2.733891906122223,2.641706274686972,0.15957901226249874,14.279251516076878
0.1760352070414083,PASSED,-0.2630088563530752,-0.033282854814492266,-2.7113855547340857,2.6418729465421102,0.1737885253196552,14.163020751209496
0.1770354070814163,PASSED,-0.2630434854482679,-0.03598014983635938,-2.687901333289128,2.64205376777865,0.18787880198907825,14.041780614898732
0.17803560712142427,PASSED,-0.2630807997073718,-0.0386533807610978,-2.663450652371269,2.6422486166781036,0.20184486656459646,13.915587215931199
0.17903580716143228,PASSED,-0.2631207745877852,-0.041301588172926076,-2.6380452514662784,2.642457366574922,0.2156818003333307,13.78449813726958
0.18003600720144028,PASSED,-0.2631633845934896,-0.04392382458819289,-2.6116971911338362,2.6426798859143026,0.2293847431596304,13.648572618986414
0.18103620724144828,PASSED,-0.26320860328714196,-0.04651915477606254,-2.5844188523601943,2.642916038311546,0.24294889506923512,13.507871436683608
0.1820364072814563,PASSED,-0.26325640330248345,-0.04908665607210224,-2.556222925159373,2.643165682612941,0.25636951772282335,13.36245679819125
0.1830366073214643,PASSED,-0.26330675635706074,-0.051625418688105155,-2.5271224098986145,2.6434286729581724,0.2696419359256381,13.212392472563684
0.1840368073614723,PASSED,-0.2633596332652552,-0.05413454601934825,-2.497130612139417,2.6437048588442025,0.2827615391331566,13.057743697488373
0.1850370074014803,PASSED,-0.26341500395161443,-0.05661315494276099,-2.4662611309282867,2.6439940851906445,0.2957237828961833,12.898577140052232
0.1860372074414883,PASSED,-0.26347283746448186,-0.0590603761122025,-2.434527861783664,2.644296192406572,0.3085241902895133,12.734960895515174
0.1870374074814963,PASSED,-0.2635331019899188,-0.061475354250592223,-2.4019449894604192,2.644611016458746,0.32115835332689446,12.566964465291798
0.1880376075215043,PASSED,-0.26359576486591374,-0.06385724843196529,-2.368526975981511,2.6449383889412768,0.3336219343949651,12.394658803256618
0.1890378075615123,PASSED,-0.26366079259687375,-0.06620523236205983,-2.334288566169891,2.6452781371466485,0.34591066759605127,12.218116132972467
0.19003800760152031,PASSED,-0.26372815086839313,-0.06851849465372505,-2.299244775328765,2.645630084138107,0.35802036006985977,12.03741003436581
0.19103820764152832,PASSED,-0.2637978045622928,-0.07079623909364027,-2.2634108829728707,2.645994048823382,0.3699468933665595,11.85261547158901
0.1920384076815363,PASSED,-0.2638697177719259,-0.0730376849053436,-2.226802430856972,2.6463698460297516,0.38168622476394076,11.663808681242827
0.1930386077215443,PASSED,-0.2639438538177431,-0.07524206700786895,-2.189435216970948,2.64675728658036,0.3932343884818212,11.471067075638821
0.1940388077615523,PASSED,-0.26402017526311305,-0.07740863626745507,-2.1513252879962503,2.6471561773718304,0.40458749697463425,11.274469437595913
0.1950390078015603,PASSED,-0.264098643930391,-0.0795366597415958,-2.1124889315703617,2.6475663214531107,0.41574174219411386,11.074095740735405
0.1960392078415683,PASSED,-0.2641792209172306,-0.0816254209200671,-2.072942676405278,2.647987518105548,0.42669339675059104,10.87002710030504
0.1970394078815763,PASSED,-0.26426186661313267,-0.08367421995988934,-2.032703282100223,2.6484195629241483,0.4374388151052626,10.662345857582547
0.19803960792158432,PASSED,-0.2643465407162241,-0.08568237391109665,-1.9917877306120204,2.6488622479000177,0.4479744347542334,10.451135509896261
0.19903980796159232,PASSED,-0.2644332022502633,-0.08764921694020525,-1.9502132281063134,2.6493153615039344,0.4582967773320057,10.236480623023036
0.20004000800160032,PASSED,-0.2645218095818622,-0.08957410054550728,-1.9079971900991763,2.6497786887710535,0.46840244971945133,10.018466897060652
0.20104020804160833,PASSED,-0.26461232043792265,-0.09145639376524058,-1.8651572394893825,2.6502520113867076,0.4782881451672712,9.797181148325954
0.20204040808161633,PASSED,-0.2647046919232773,-0.09329548338190226,-1.8217112014432295,2.650735107773256,0.4879506442882829,9.572711102802227
0.20304060812162433,PASSED,-0.26479888053853123,-0.0950907741183173,-1.7776770930629313,2.6512277531780053,0.4973868161260344,9.345145661051065
0.20404080816163234,PASSED,-0.2648948421980967,-0.0968416888272055,-1.733073119438344,2.6517297197621175,0.506593619161316,9.114574618102004
0.20504100820164034,PASSED,-0.26499253224841435,-0.09854766867564471,-1.6879176677731302,2.652240776690523,0.51556810225416,8.881088742672056
0.20604120824164834,PASSED,-0.26509190548635425,-0.10020817332039873,-1.642229296074621,2.652760690222791,0.5243074056189314,8.64477977950422
0.20704140828165632,PASSED,-0.2651929161777916,-0.10182268107946855,-1.5960267343999515,2.6532892238049337,0.5328087617463672,8.405740359390158
0.20804160832166432,PASSED,-0.2652955180763478,-0.10339068909525856,-1.5493288700500198,2.6538261381621058,0.5410694962618382,8.164063952858381
0.20904180836167233,PASSED,-0.26539966444229235,-0.10491171348957613,-1.5021547438292784,2.6543711913922072,0.5490870288303599,7.919844978963752
0.21004200840168033,PASSED,-0.2655053080615972,-0.10638528951545656,-1.454523547247858,2.6549241390603115,0.5568588739851587,7.67317860535543
0.21104220844168833,PASSED,-0.26561240126513774,-0.10781097169840802,-1.406454606753859,2.6554847342939234,0.5643826418928726,7.424160775952804
0.21204240848169634,PASSED,-0.2657208959480327,-0.10918833397200017,-1.3579673848177065,2.6560527278790356,0.57165603918673,7.1728883057938875
0.21304260852170434,PASSED,-0.26583074358911624,-0.11051696980765731,-1.309081469550092,2.656627868356933,0.5786768696899754,6.919458634879836
0.21404280856171234,PASSED,-0.2659418952705345,-0.11179649233436179,-1.2598165648073831,2.657209902121751,0.5854430351232988,6.663969965619093
0.21504300860172035,PASSED,-0.26605430169746114,-0.11302653445422159,-1.210192489894729,2.6577985735187193,0.5919525358149504,6.4065211756734595
0.21604320864172835,PASSED,-0.26616791321792205,-0.11420674894925076,-1.1602291651187995,2.658393624943085,0.5982034713447706,6.1472117659179535
0.21704340868173636,PASSED,-0.2662826798427248,-0.11533680858035586,-1.1099466084293008,2.6589947969396937,0.6041940411936673,5.886141904215921
0.21804360872174436,PASSED,-0.2663985512654826,-0.11641640617993008,-1.0593649270041723,2.6596018283031575,0.6099225453109789,5.623412259375433
0.21904380876175236,PASSED,-0.26651547688272853,-0.11744525473796519,-1.0085043120557333,2.6602144561786285,0.6153873846964346,5.359124136175872
0.22004400880176037,PASSED,-0.26663340581410955,-0.11842308747796136,-0.9573850252897824,2.6608324161631,0.6205870619365682,5.093379309438751
0.22104420884176834,PASSED,-0.2667522869226554,-0.1193496579271856,-0.9060273985138667,2.6614554424072514,0.6255201817078395,4.826280079159833
0.22204440888177635,PASSED,-0.2668720688351127,-0.12022473998038818,-0.854451822995067,2.6620832677177666,0.630185451254348,4.557929191407489
0.22304460892178435,PASSED,-0.2669926999623387,-0.12104812795358272,-0.8026787399942067,2.6627156236601035,0.6345816807990051,4.288429780156925
0.22404480896179235,PASSED,-0.2671141285197457,-0.12181963663149474,-0.7507286365238958,2.6633522406616916,0.6387077839688278,4.017885429599905
0.22504500900180036,PASSED,-0.26723630254778874,-0.12253910130768401,-0.6986220359661964,2.6639928481155297,0.6425627782003543,3.746400099477512
0.22604520904180836,PASSED,-0.2673591699324897,-0.1232063778161381,-0.6463794901126785,2.6646371744841115,0.6461457850052318,3.4740779418108043
0.22704540908181636,PASSED,-0.26748267842598916,-0.12382134255583906,-0.5940215727598235,2.6652849474037037,0.6494560303252713,3.201023572192098
0.22804560912182437,PASSED,-0.2676067756671188,-0.12438389250743018,-0.5415688708119752,2.6659358937888955,0.6524928448245152,2.927341783945101
0.22904580916183237,PASSED,-0.2677314092019864,-0.12489394524126807,-0.48904197585518805,2.6665897399374083,0.6552556640687052,2.6531375510198987
0.23004600920184037,PASSED,-0.26785652650456593,-0.12535143891945086,-0.4364614797345389,2.6672462116351268,0.6577440287609664,2.3785161197553952
0.23104620924184838,PASSED,-0.2679820749972846,-0.12575633228890476,-0.38384796260016196,2.6679050342613158,0.6599575849323273,2.103582872431329
0.23204640928185638,PASSED,-0.26810800207159946,-0.12610860466590632,-0.33122198660244234,2.668565932893969,0.661896084005337,1.8284432067285603
0.23304660932186438,PASSED,-0.2682342551085552,-0.12640825591444707,-0.27860408983299856,2.6692286324153076,0.6635593829589496,1.553202784868521
0.2340468093618724,PASSED,-0.26836078149931586,-0.12665530641621556,-0.22601477639213735,2.669892857617325,0.6649474443763673,1.27796717245055
0.23504700940188036,PASSED,-0.26848752866566206,-0.12684979703130142,-0.17347450754832416,2.6705583333073886,0.6660603364200508,1.0028419578388998
0.23604720944188837,PASSED,-0.26861444408044655,-0.1269917890534991,-0.12100369863058097,2.6712247844138504,0.6668982328817631,0.72793279762802
0.23704740948189637,PASSED,-0.26874147528799963,-0.12708136415622398,-0.06862270545443644,2.6718919360916082,0.6674614130994688,0.4533451644241415
0.23804760952190437,PASSED,-0.26886856992447666,-0.12711862432961724,-0.01635181868579959,2.67255951382762,0.6677502618624176,0.1791844952984393
0.23904780956191238,PASSED,-0.2689956757381403,-0.12710369181242678,0.03578874110796834,2.673227243546297,0.6677652693145707,-0.09444390994379412
0.24004800960192038,PASSED,-0.26912274060956864,-0.12703670901393507,0.08777883674758846,2.673894851714766,0.6675070307848588,-0.36743494289057466
0.24104820964192838,PASSED,-0.2692497125717829,-0.12691783842855717,0.1395984177981187,2.6745620654479265,0.6669762465456394,-0.6396837701054772
0.2420484096819364,PASSED,-0.26937653983028476,-0.12674726254327368,0.19122753027373945,2.6752286126133122,0.6661737216204592,-0.9110856952299706
0.2430486097219444,PASSED,-0.26950317078299796,-0.12652518373607907,0.24264632514184692,2.6758942219356747,0.6651003654992814,-1.181536405143019
0.2440488097619524,PASSED,-0.2696295540401039,-0.12625182416738714,0.293835064391973,2.676558623101284,0.6637571917966213,-1.4509319010049655
0.2450490098019604,PASSED,-0.2697556384437652,-0.12592742566365198,0.3447741299639815,2.677221546861862,0.6621453178808941,-1.7191685922086668
0.2460492098419684,PASSED,-0.2698813730877291,-0.12555224959363484,0.3954440300525895,2.677882725138168,0.6602659645255864,-1.986143197373823
0.2470494098819764,PASSED,-0.270006707336802,-0.12512657673521566,0.44582541066362225,2.6785418911231527,0.6581204554515723,-2.2517529917742376
0.2480496099219844,PASSED,-0.27013159084618893,-0.1246507071363632,0.4958990576450158,2.679198779384635,0.655710216785634,-2.5158957820476404
0.24904980996199239,PASSED,-0.2702559735806891,-0.12412495996832562,0.5456459082992968,2.6798531259675253,0.6530367766500236,-2.7784697046522924
0.2500500100020004,PASSED,-0.2703798058337403,-0.12354967336997387,0.5950470583867286,2.680504668495441,0.6501017645120399,-3.0393737602044983
0.2510502100420084,PASSED,-0.27050303824630506,-0.1229252042851199,0.6440837691654684,2.681153146271809,0.6469069106076037,-3.2985073339240927
0.2520504100820164,PASSED,-0.27062562182558964,-0.12225192829338703,0.6927374734444365,2.681798300380284,0.6434540453116954,-3.555770603897732
0.2530506101220244,PASSED,-0.2707475079635903,-0.1215302394320992,0.7409897865167573,2.6824398737845416,0.6397450984308248,-3.8110643988523103
0.2540508101620324,PASSED,-0.27086864845545755,-0.12076055001085806,0.7888225110573851,2.6830776114273567,0.6357820985041862,-4.0642902784960215
0.2550510102020404,PASSED,-0.27098899551767247,-0.11994329042092794,0.8362176425119354,2.6837112603289093,0.6315671719832784,-4.3153506825157875
0.2560512102420484,PASSED,-0.2711085018060264,-0.11907890893385212,0.8831573834517346,2.6843405696843226,0.6271025424506134,-4.564148766097832
0.2570514102820564,PASSED,-0.27122712043339825,-0.11816787149538804,0.9296241418056033,2.68496529096036,0.6223905297880148,-4.810588593599148
0.2580516103220644,PASSED,-0.27134480498732094,-0.11721066151240568,0.9756005437668586,2.685585177991248,0.6174335492399369,-5.054575184397043
0.2590518103620724,PASSED,-0.27146150954733045,-0.11620777963055112,1.0210694405796716,2.6861999870735684,0.6122341104613709,-5.296014508011904
0.2600520104020804,PASSED,-0.27157718870209036,-0.115159743506241,1.0660139134637467,2.686809477060203,0.6067948165902621,-5.534813446506606
0.26105221044208843,PASSED,-0.2716917975662855,-0.11406708757384222,1.1104172783554722,2.6874134094532676,0.6011183631894201,-5.770880037065609
0.26205241048209643,PASSED,-0.27180529179727597,-0.11293036280107278,1.1542631023787435,2.6880115484959948,0.595207537149664,-6.004123374883052
0.26305261052210444,PASSED,-0.2719176276115075,-0.1117501364414827,1.1975351977309834,2.6886036612635427,0.5890652156415941,-6.234453596861231
0.26405281056211244,PASSED,-0.27202876180066904,-0.1105269917812053,1.2402176353083323,2.689189517752644,0.582694364914845,-6.461782146674178
0.26505301060212044,PASSED,-0.2721386517475921,-0.10926152787436783,1.28229475452357,2.6897688909701154,0.576098039110843,-6.686021575553847
0.26605321064212845,PASSED,-0.27224725544188555,-0.10795435927586489,1.323751161155842,2.690341557020116,0.569279379041843,-6.9070857312974585
0.26705341068213645,PASSED,-0.2723545314952987,-0.10660611576865305,1.3645717379158468,2.690907295190169,0.5622416108906233,-7.124889764501157
0.26805361072214445,PASSED,-0.2724604391568069,-0.10521744208073762,1.4047416545818179,2.6914658880358786,0.554988044903963,-7.339350134766297
0.26905381076215246,PASSED,-0.2725649383274138,-0.10378899759892597,1.4442463666315202,2.6920171214642896,0.5475220740105583,-7.550384732497117
0.27005401080216046,PASSED,-0.27266798957466276,-0.10232145607700804,1.4830716254421834,2.692560784815885,0.5398471724340622,-7.757912805828766
0.2710542108421684,PASSED,-0.27276955414685394,-0.10081550533644679,1.521203483973983,2.693096670945139,0.5319668942465011,-7.961855108715911
0.2720544108821764,PASSED,-0.27286959398695865,-0.09927184696087309,1.5586283033068222,2.6936245762996083,0.5238848718482997,-8.162133924525003
0.2730546109221844,PASSED,-0.2729680717462269,-0.09769119598782865,1.5953327528695087,2.694144300997515,0.5156048144765227,-8.358673003278179
0.2740548109621924,PASSED,-0.2730649507974822,-0.09607428059238476,1.6313038238268045,2.6946556489037987,0.5071305066537684,-8.55139770240536
0.2750550110022004,PASSED,-0.27316019524809815,-0.09442184176552883,1.666528828875358,2.69515842770455,0.4984658065154845,-8.740235095536125
0.2760552110422084,PASSED,-0.2732537699526516,-0.0927346329899111,1.7009954067793163,2.695652448979844,0.4896146442044163,-8.925113788089607
0.27705541108221643,PASSED,-0.2733456405252466,-0.09101341990629176,1.734691534846015,2.6961375282748903,0.4805810202094741,-9.105964132843974
0.27805561112222443,PASSED,-0.2734357733515055,-0.08925897997889223,1.767605522435189,2.696613485169501,0.4713690036062347,-9.282718250169683
0.27905581116223244,PASSED,-0.27352413560022154,-0.0874721021558492,1.7997260234482404,2.6970801433457945,0.4619827302936276,-9.455310020898752
0.28005601120224044,PASSED,-0.2736106952346676,-0.08565358652031532,1.8310420435909667,2.6975373306541384,0.4524264012324904,-9.623675087962853
0.28105621124224844,PASSED,-0.27369542102355776,-0.08380424394252554,1.8615429339223322,2.697984879177269,0.4427042805925604,-9.787751007908108
0.28205641128225645,PASSED,-0.2737782825516572,-0.08192489572748259,1.8912184024567067,2.698422625292577,0.43282069388704575,-9.947477170585696
0.28305661132226445,PASSED,-0.2738592502300349,-0.08001637325252359,1.9200585232938359,2.6988504097324855,0.42278002606783965,-10.102794918286374
0.28405681136227245,PASSED,-0.27393829530595676,-0.07807951760778666,1.9480537256990087,2.6992680776429347,0.4125867196079888,-10.253647487560501
0.28505701140228046,PASSED,-0.2740153898724143,-0.07611517923007936,1.9751948123794858,2.6996754786399055,0.40224527252792774,-10.39998014172825
0.28605721144228846,PASSED,-0.27409050687728564,-0.07412421753190926,2.0014729553638446,2.7000724668639644,0.39176023638867674,-10.541740137599428
0.28705741148229647,PASSED,-0.2741636201321248,-0.072107500529295,2.0268797007812016,2.700458901032791,0.38113621427376865,-10.678876766447184
0.28805761152230447,PASSED,-0.27423470432057634,-0.07006590446474298,2.0514069737325675,2.700834644491675,0.37037785874027723,-10.81134137818758
0.28905781156231247,PASSED,-0.2743037350064122,-0.06800031342836882,2.0750470781352175,2.7011995652619323,0.35948986971930613,-10.939087449493437
0.2900580116023205,PASSED,-0.2743706886411876,-0.06591161897550896,2.0977927026762893,2.7015535360872227,0.34847699239987284,-11.062070566059862
0.2910582116423285,PASSED,-0.2744355425715128,-0.06380071974020891,2.1196369237158716,2.7018964344777494,0.3373440151155101,-11.180248429898075
0.2920584116823365,PASSED,-0.2744982750459394,-0.06166852104983727,2.1405732014755046,2.7022281427523067,0.326095767167889,-11.293580959436406
0.2930586117223445,PASSED,-0.2745588652214568,-0.05951593453401588,2.1605953920519894,2.702548548078142,0.31473711661397463,-11.402030283566363
0.2940588117623525,PASSED,-0.2746172931695983,-0.057343877731097795,2.179697743495487,2.7028575425086463,0.30327296811760135,-11.50556063824452
0.2950590118023605,PASSED,-0.274673539882154,-0.05515327369643022,2.1978748954489635,2.7031550230187924,0.29170826066840877,-11.604138656491239
0.2960592118423685,PASSED,-0.27472758727648894,-0.052945050606534115,2.2151218861941993,2.703440891538361,0.2800479653331883,-11.697733121039892
0.2970594118823765,PASSED,-0.2747794182004641,-0.0507201413588064,2.231434155416718,2.703715054982897,0.2682970830398437,-11.78631507488115
0.2980596119223845,PASSED,-0.2748290164369599,-0.04847948317561254,2.246807535045273,2.703977425282394,0.25646064224252596,-11.869857945608752
0.29905981196239245,PASSED,-0.27487636670800036,-0.04622401720430685,2.261238262145981,2.70422791940769,0.2445436966343354,-11.948337383245127
0.30006001200240046,PASSED,-0.2749214546784766,-0.043954688114353734,2.2747229751578706,2.7044664593945495,0.23255132285421748,-12.021731378033108
0.30106021204240846,PASSED,-0.2749642669594691,-0.041672443696754165,2.287258712560694,2.7046929723654287,0.22048861813116952,-12.090020286391205
0.30206041208241646,PASSED,-0.2750047911111682,-0.039378234462934696,2.298842914658649,2.70490739054892,0.20836069797391277,-12.153186737833744
0.30306061212242447,PASSED,-0.27504301564539274,-0.03707301324111305,2.309473426596975,2.7051096512968416,0.19617269381970487,-12.211215765124
0.30406081216243247,PASSED,-0.2750789300277046,-0.034757734772111915,2.319148497270568,2.7052996970989986,0.18392975068029363,-12.26409472226939
0.3050610122024405,PASSED,-0.2751125246791223,-0.03243335530964076,2.3278667726048723,2.705477475595553,0.17163702475565323,-12.311813392887716
0.3060612122424485,PASSED,-0.27514379097743064,-0.030100832216604197,2.335627306657687,2.7056429395870767,0.15929968112419116,-12.354363790511668
0.3070614122824565,PASSED,-0.2751727212580889,-0.02776112356083265,2.3424295551807885,2.7057960470421976,0.1469228913333795,-12.391740457678331
0.3080616123224645,PASSED,-0.27519930881473725,-0.02541518771764035,2.3482733685333126,2.705936761102909,0.134511831035123,-12.42394019197532
0.3090618123624725,PASSED,-0.2752235478993016,-0.0230639829666814,2.3531590059093723,2.706065050087502,0.12207167765560255,-12.450962171217189
0.3100620124024805,PASSED,-0.27524543372169946,-0.020708467092426755,2.3570871198181567,2.7061808874911115,0.10960760796559176,-12.472808035873214
0.3110622124424885,PASSED,-0.27526496244914594,-0.018349596987225235,2.3600587621237628,2.706284251983932,0.09712479576563965,-12.48948164267137
0.3120624124824965,PASSED,-0.27528213120506306,-0.015988328253856873,2.3620753808647614,2.7063751274070467,0.08462840953221104,-12.500989293933419
0.3130626125225045,PASSED,-0.2752969380675922,-0.013625614809460548,2.363138820084034,2.706453502765917,0.0721236100298825,-12.507339641258604
0.3140628125625125,PASSED,-0.2753093820677131,-0.011262408493494887,2.363251313220078,2.706519372221513,0.05961554798338749,-12.50854364998596
0.3150630126025205,PASSED,-0.27531946318696987,-0.008899658675822306,2.3624154873075853,2.7065727350791136,0.04710936176250731,-12.50461460147632
0.3160632126425285,PASSED,-0.2753271823548074,-0.00653831186726185,2.3606343560623695,2.7066135957747925,0.03461017506213243,-12.495568099640584
0.3170634126825365,PASSED,-0.2753325414455188,-0.004179311332999448,2.3579113197290904,2.7066419638595662,0.022123094556845125,-12.481422109051787
0.3180636127225445,PASSED,-0.27533554327480864,-0.0018235967090132184,2.3542501601576555,2.7066578539812483,0.009653207622529938,-12.462196817824124
0.3190638127625525,PASSED,-0.2753361915959725,0.0005278963804441608,2.3496550423238616,2.7066612858640315,-0.002794419899251758,-12.437914657753412
0.3200640128025605,PASSED,-0.2753344910956971,0.0028742367005874423,2.344130505356228,2.706652284285785,-0.015214746012534136,-12.408600416968357
0.32106421284256853,PASSED,-0.27533044738948315,0.005214497780922011,2.337681463653462,2.7066308790531184,-0.027602754796488584,-12.374281028611842
0.32206441288257653,PASSED,-0.27532406701669515,0.007547758288466645,2.330313203472082,2.706597104974195,-0.039953458601355005,-12.334985655702813
0.32306461292258454,PASSED,-0.2753153574352401,0.009873102396070097,2.3220313770243646,2.7065510018293617,-0.05226190026310749,-12.290745665785595
0.32406481296259254,PASSED,-0.2753043270158804,0.012189620145939486,2.31284199843274,2.706492614339575,-0.06452315528154944,-12.24159458687953
0.32506501300260054,PASSED,-0.2752909850361834,0.014496407811845876,2.3027514442221593,2.706421992132669,-0.07673233396511517,-12.187568081356533
0.32606521304260855,PASSED,-0.27527534167411155,0.01679256825660652,2.2917664451196416,2.7063391897075015,-0.08888458352941955,-12.128703886269605
0.32706541308261655,PASSED,-0.27525740800125864,0.01907721128369572,2.27989408173557,2.7062442663959714,-0.10097509023424664,-12.065041917198743
0.3280656131226245,PASSED,-0.2752371959757339,0.021349453986826947,2.267141784061667,2.7061372863229796,-0.11299908141688288,-11.996624026261243
0.3290658131626325,PASSED,-0.2752147184347011,0.02360842109350271,2.2535173217518243,2.7060183183643103,-0.12495182753933293,-11.923494186575917
0.3300660132026405,PASSED,-0.2751899890865749,0.025853245304882616,2.239028804465292,2.7058874361025373,-0.13682864417064552,-11.845698261137096
0.3310662132426485,PASSED,-0.2751630225028805,0.028083067630622034,2.2236846732555056,2.705744717780896,-0.1486248939946566,-11.763284199260385
0.3320664132826565,PASSED,-0.27513383410978137,0.030297037717801227,2.2074936964616536,2.70559024625523,-0.16033598873545277,-11.676301768486722
0.3330666133226645,PASSED,-0.2751024401792785,0.03249431417724326,2.1904649680956134,2.705424108944024,-0.17195739100531923,-11.584802604119638
0.3340668133626725,PASSED,-0.2750688578200888,0.034674064902032085,2.1726078959176407,2.705246397776523,-0.18348461625721574,-11.488840350414433
0.3350670134026805,PASSED,-0.275033104968206,0.03683546738097736,2.1539322009636903,2.705057209139041,-0.19491323457002221,-11.388470287734508
0.33606721344268853,PASSED,-0.27499520037715,0.03897770900988895,2.1344479142101838,2.7048566438194404,-0.20623887238996755,-11.28374950808591
0.33706741348269653,PASSED,-0.2749551636079099,0.041099987393286755,2.1141653628562183,2.7046448069498377,-0.21745721438357404,-11.174736983953553
0.33806761352270454,PASSED,-0.27491301501858745,0.04320151064095402,2.0930951708746295,2.704421807947592,-0.2285640050872773,-11.061493183536362
0.33906781356271254,PASSED,-0.274868775753745,0.04528149766183775,2.071248254223135,2.704187760454596,-0.23955505054475318,-10.944080306768889
0.34006801360272054,PASSED,-0.27482246773346514,0.04733917844911058,2.0486358093059627,2.7039427822749142,-0.25042622001938175,-10.822562253201674
0.34106821364272855,PASSED,-0.2747741136421271,0.04937379435918281,2.025269310583066,2.703686995310814,-0.26117344754594635,-10.69700437547319
0.34206841368273655,PASSED,-0.274723736916907,0.051384598386192394,2.0011605046272725,2.703420525497242,-0.27179273342007176,-10.567473539893482
0.34306861372274455,PASSED,-0.2746713617360069,0.0533708554297266,1.976321402805488,2.7031435027347586,-0.28228014578300886,-10.43403824496621
0.34406881376275256,PASSED,-0.27461701300662,0.0553318425554606,1.9507642743529978,2.7028560608210173,-0.2926318220444318,-10.296768272394075
0.34506901380276056,PASSED,-0.27456071635263735,0.05726684924978594,1.924501640973569,2.7025583373807907,-0.3028439702611549,-10.155734846275795
0.34606921384276856,PASSED,-0.2745024981021037,0.05917517766841365,1.8975462703971433,2.7022504737946145,-0.3129128705608136,-10.011010601914021
0.34706941388277657,PASSED,-0.274442385274428,0.061056142878567865,1.8699111699922708,2.701932615126093,-0.3228348764313609,-9.862669382969408
0.34806961392278457,PASSED,-0.2743804055673552,0.06290907309340259,1.8416095780630046,2.701604910047891,-0.3326064159942647,-9.71078634952681
0.3490698139627926,PASSED,-0.2743165873437073,0.06473330989944513,1.812654958028917,2.7012675107665034,-0.3422239932285268,-9.555437824085521
0.3500700140028006,PASSED,-0.2742509596178983,0.06652820848074611,1.783060996815697,2.700920572945773,-0.3516841891992892,-9.39670140188027
0.3510702140428086,PASSED,-0.2741835520422318,0.06829313783132786,1.752841586425777,2.700564255629297,-0.3609836631370591,-9.234655628363047
0.3520704140828166,PASSED,-0.27411439489298745,0.0700274809628671,1.7220108282815645,2.700198721161693,-0.3701191535270807,-9.069380231127278
0.3530706141228246,PASSED,-0.2740435190563018,0.07173063510830759,1.690583023546427,2.6998241351088006,-0.3790874792232443,-8.900956006187783
0.3540708141628326,PASSED,-0.27397095601385385,0.07340201191260957,1.658572658139037,2.699440666176881,-0.3878855403625336,-8.72946456135687
0.3550710142028406,PASSED,-0.27389673782835827,0.0750410376200943,1.625994407048534,2.699048486130829,-0.39651031932150127,-8.554988557374973
0.35607121424284854,PASSED,-0.2738208971288765,0.07664715325682636,1.5928631231877515,2.6986477697114677,-0.40495888168454214,-8.377611566818212
0.35707141428285655,PASSED,-0.2737434670959514,0.0782198147998049,1.5591938228390674,2.69823869455197,-0.41322837702230425,-8.197417851724666
0.35807161432286455,PASSED,-0.2736644814465729,0.07975849334399446,1.5250016917565343,2.69782144109345,-0.4213160397021996,-8.01449256534247
0.35907181436287255,PASSED,-0.2735839744189817,0.0812626752613097,1.490302067687734,2.697396192499757,-0.42921918972091605,-7.8289216542990365
0.36007201440288056,PASSED,-0.2735019807573184,0.08273186234983891,1.4551104357568763,2.6969631345715657,-0.43693523332814843,-7.640791575854638
0.36107221444288856,PASSED,-0.2734185356961253,0.08416557197876565,1.419442424373292,2.69652245565974,-0.4444616637260596,-7.450189612615568
0.36207241448289657,PASSED,-0.2733336749447075,0.08556333722572546,1.3833137953508379,2.6960743465780954,-0.45179606170459485,-7.257203555815047
0.36307261452290457,PASSED,-0.2732474346713621,0.08692470700432264,1.3467404340947682,2.6956190005155265,-0.458936096197089,-7.06192178361352
0.3640728145629126,PASSED,-0.27315985148748007,0.08824924618715431,1.309738348656275,2.6951566129476148,-0.4658795247978855,-6.864433145585174
0.3650730146029206,PASSED,-0.2730709624315318,0.08953653572114806,1.272323657552051,2.694687381547718,-0.4726241942553,-6.664826998634052
0.3660732146429286,PASSED,-0.2729808049529392,0.09078617273426963,1.2345125835012483,2.694211506097607,-0.4791680409151905,-6.463193100728129
0.3670734146829366,PASSED,-0.2728894168958457,0.09199777063572917,1.196321446765053,2.6937291883976795,-0.48550909110231943,-6.2596215780628635
0.3680736147229446,PASSED,-0.2727968364827889,0.09317095920940456,1.1577666582822972,2.6932406321768365,-0.4916454614277847,-6.054202823733535
0.3690738147629526,PASSED,-0.27270310229828354,0.09430538470024151,1.1188647125400493,2.6927460430019807,-0.4975753591820839,-5.847027708009635
0.3700740148029606,PASSED,-0.2726082532723228,0.09540070989110352,1.0796321764099799,2.6922456281872957,-0.5032970825148717,-5.638187082639889
0.3710742148429686,PASSED,-0.2725123286638046,0.09645661417519057,1.0400856892050896,2.6917395967032394,-0.5088090206532242,-5.427772175494238
0.3720744148829766,PASSED,-0.27241536804388994,0.09747279362070996,1.000241949728899,2.691228159085369,-0.5141096541401742,-5.215874361253679
0.3730746149229846,PASSED,-0.27231741127930065,0.09844896102686675,0.9601177104420444,2.690711527343019,-0.5191975548803583,-5.0025849928044215
0.3740748149629926,PASSED,-0.2722184985155645,0.09938484597317605,0.9197297702208111,2.69018991486784,-0.5240713862866397,-4.7879956819325225
0.3750750150030006,PASSED,-0.2721186701602129,0.10028019486385985,0.8790949709924722,2.689663536342301,-0.5287299033269144,-4.572197945836266
0.3760752150430086,PASSED,-0.27201796686594004,0.1011347709630284,0.8382301846192795,2.689132607648159,-0.5331719524667631,-4.3552832691904175
0.3770754150830166,PASSED,-0.2719164295137303,0.1019483544213148,0.7971523073977879,2.688597345774916,-0.5373964717244367,-4.137343249995888
0.3780756151230246,PASSED,-0.2718140991959598,0.10272074229965711,0.7558782589720078,2.68805796872836,-0.5414024905616738,-3.9184692287311584
0.3790758151630326,PASSED,-0.27171101719948026,0.10345174858398673,0.714424967901371,2.687514695439176,-0.5451891297396348,-3.6987524774476808
0.38007601520304063,PASSED,-0.27160722498869166,0.10414120419138,0.6728093670545345,2.6869677456717005,-0.5487556012192908,-3.478284147794742
0.38107621524304863,PASSED,-0.27150276418861086,0.1047889569709504,0.631048387914331,2.6864173399328335,-0.5521012079617756,-3.257155138944771
0.38207641528305664,PASSED,-0.27139767656794206,0.1053948717000391,0.5891589565382647,2.685863699381158,-0.5552253436879796,-3.0354561177100114
0.38307661532306464,PASSED,-0.2712920040221577,0.10595883006936367,0.5471579778487959,2.6853070457363035,-0.5581274926375369,-2.813277504122038
0.3840768153630726,PASSED,-0.2711857885565945,0.10648073066334933,0.5050623380768957,2.684747601188583,-0.560807229268207,-2.59070938170218
0.3850770154030806,PASSED,-0.27107907226957295,0.1069604889356062,0.4628888950435148,2.684185588308937,-0.5632642179351033,-2.36784152369226
0.3860772154430886,PASSED,-0.2709718973355458,0.10739803717575842,0.42065447022470237,2.683621229959237,-0.565498212507404,-2.144763271373018
0.3870774154830966,PASSED,-0.27086430598828315,0.10779332446851049,0.37837584110362293,2.683054749202961,-0.5675090559768888,-1.9215636015593691
0.3880776155231046,PASSED,-0.2707563405040993,0.10814631664959504,0.33606974107183113,2.682486369216278,-0.5692966800582834,-1.698331067951421
0.3890778155631126,PASSED,-0.2706480431851291,0.1084569962542164,0.29375284698772314,2.6819163131995927,-0.5708611046811942,-1.4751536595506045
0.3900780156031206,PASSED,-0.2705394563426592,0.10872536245596914,0.25144177159610354,2.6813448042895454,-0.5722024375252327,-1.252118967030367
0.3910782156431286,PASSED,-0.2704306222805217,0.1089514310037717,0.20915306527353758,2.680772065471556,-0.5733208734818835,-1.0293139497312866
0.3920784156831366,PASSED,-0.2703215832785547,0.10913523415196479,0.1669032034727626,2.6801983194928525,-0.5742166941348362,-0.806825121767017
0.3930786157231446,PASSED,-0.27021238157613764,0.10927682058037007,0.12470857836028917,2.6796237887761425,-0.5748902671039203,-0.584738200628994
0.3940788157631526,PASSED,-0.2701030593558063,0.1093762553129309,0.08258550202784996,2.6790486953338193,-0.5753420454816719,-0.363138495833249
0.3950790158031606,PASSED,-0.2699936587269546,0.10943361962902018,0.04055019213022737,2.678473260682819,-0.5755725672372949,-0.1421105954828352
0.39607921584316863,PASSED,-0.2698842217096275,0.10944901096700517,-0.001381231445185343,2.6778977057601514,-0.5755824544282798,0.07826174534701533
0.39707941588317663,PASSED,-0.269774790218413,0.10942254282362597,-0.043192751335199904,2.677322250839069,-0.5753724125990244,0.29789521852760475
0.39807961592318464,PASSED,-0.269665406046437,0.10935434464821792,-0.08486845812328736,2.676747115445996,-0.5749432300511597,0.5167074340894559
0.39907981596319264,PASSED,-0.26955611084946807,0.10924456173012984,-0.12639255806459,2.6761725182781517,-0.5742957770425272,0.7346167249944057
0.40008001600320064,PASSED,-0.2694469461301372,0.10909335507974653,-0.16774937859578426,2.6755986771219624,-0.5734310050515046,0.9515421683748412
0.40108021604320865,PASSED,-0.26933795322227827,0.10890090130632532,-0.20892336997149333,2.675025808772232,-0.5723499460092848,1.1674036247831272
0.40208041608321665,PASSED,-0.2692291732753943,0.10866739248923368,-0.24989911517170466,2.6744541289521453,-0.5710537114129662,1.3821219106756593
0.40308061612322466,PASSED,-0.26912064723925544,0.10839303604319439,-0.2906613332843394,2.6738838522340953,-0.5695434915033161,1.5956185756329857
0.40408081616323266,PASSED,-0.26901241584863345,0.10807805457886406,-0.33119488502767,2.6733151919613602,-0.5678205544474176,1.8078160427421386
0.40508101620324066,PASSED,-0.26890451960817835,0.10772268575912913,-0.3714847762064316,2.67274836017067,-0.5658862453818587,2.0186377474369217
0.40608121624324867,PASSED,-0.26879699877744184,0.1073271821488333,-0.41151616635545596,2.6721835675156522,-0.5637419855366271,2.228007910428029
0.40708141628325667,PASSED,-0.2686898933560529,0.1068918110606485,-0.45127436940434795,2.6716210231912285,-0.5613892713036089,2.4358517814115173
0.4080816163232647,PASSED,-0.26858324306905035,0.10641685439552143,-0.490744862275557,2.6710609348589323,-0.5588296732611957,2.64209554974753
0.4090818163632727,PASSED,-0.2684770873523769,0.1059026084784516,-0.52991328693268,2.670503508573174,-0.5560648352601131,2.846666301972829
0.4100820164032807,PASSED,-0.26837146533854034,0.10534938388959711,-0.5687654568023549,2.669948948708522,-0.5530964733688155,3.049492284180762
0.4110822164432887,PASSED,-0.268266415842445,0.10475750529121747,-0.6072873594311751,2.6693974578879667,-0.5499263748667071,3.2505026473932355
0.4120824164832967,PASSED,-0.2681619773473998,0.10412731124906598,-0.6454651639650315,2.6688492369121763,-0.5465563973084967,3.4496274987550715
0.41308261652330464,PASSED,-0.26805818799130626,0.10345915405005933,-0.6832852223677175,2.6683044846898425,-0.5429884673622256,3.6467982446152747
0.41408281656331264,PASSED,-0.2679550855530304,0.10275339951628731,-0.7207340747082247,2.667763398169022,-0.5392245797971232,3.841947112093834
0.41508301660332064,PASSED,-0.2678527074389644,0.10201042681363326,-0.7577984546179394,2.6672261722695847,-0.5352667964563861,4.0350074931660265
0.41608321664332865,PASSED,-0.26775109066978037,0.10123062825627041,-0.7944652925261307,2.666692999816736,-0.531117245070765,4.225913980591009
0.41708341668333665,PASSED,-0.26765027186738205,0.10041440910779015,-0.8307217191163583,2.666164071475637,-0.5267781181988445,4.414602132806811
0.41808361672334465,PASSED,-0.26755028724205654,0.0995621873796114,-0.8665550675537137,2.6656395756871367,-0.5222516721422646,4.601008672428486
0.41908381676335266,PASSED,-0.26745117257983186,0.09867439362206439,-0.9019528842092039,2.6651196986046553,-0.5175402257188627,4.785071590717589
0.42008401680336066,PASSED,-0.26735296323004254,0.09775147071464572,-0.9369029228916286,2.6646046240321946,-0.5126461591526204,4.966729883258839
0.42108421684336866,PASSED,-0.26725569409310773,0.09679387365253539,-0.9713931549228056,2.664094533363503,-0.5075719129674108,5.145923719843326
0.42208441688337667,PASSED,-0.26715939960852547,0.09580206932823945,-1.0054117705446814,2.6635896055224304,-0.5023199867114302,5.322594613405304
0.42308461692338467,PASSED,-0.2670641137430863,0.0947765363097665,-1.038947183758476,2.663090016904455,-0.4968929377931124,5.496685121592864
0.4240848169633927,PASSED,-0.26696986997930944,0.09371776461758827,-1.071988031124732,2.662595941319409,-0.49129338034411574,5.668139000599109
0.4250850170034007,PASSED,-0.26687670130410523,0.09262625549651439,-1.1045231810399854,2.6621075499354254,-0.48552398391235685,5.836901385865352
0.4260852170434087,PASSED,-0.2667846401976672,0.09150252118318664,-1.136541734852945,2.661625011224078,-0.47958747228237647,6.002918459390414
0.4270854170834167,PASSED,-0.26669371862259567,0.09034708467432839,-1.1680330248617634,2.661148490906779,-0.4734866222646844,6.166137723226414
0.4280856171234247,PASSED,-0.2666039680132578,0.08916047948939645,-1.1989866249787282,2.660678151902408,-0.4672242623820312,6.326507988937764
0.4290858171634327,PASSED,-0.26651541926538497,0.08794324942987759,-1.229392349212297,2.660214154276194,-0.46080327164983503,6.483979227701716
0.4300860172034407,PASSED,-0.26642810272591155,0.08669594833750649,-1.259240254476957,2.6597566551898524,-0.4542265783432973,6.638502692428379
0.4310862172434487,PASSED,-0.26634204818305773,0.08541913984978129,-1.2885206432240328,2.6593058088530066,-0.4474971586557081,6.790031017696409
0.4320864172834567,PASSED,-0.2662572848566581,0.08411339715166002,-1.3172240680527703,2.6588617664758702,-0.4406180354486192,6.93851800001716
0.4330866173234647,PASSED,-0.2661738413887393,0.08277930272514533,-1.3453413321559768,2.658424676223246,-0.433592276965061,7.083918805918998
0.4340868173634727,PASSED,-0.26609174583434886,0.08141744809815088,-1.3728634902201062,2.6579946831697763,-0.42642299553705015,7.226189842738789
0.4350870174034807,PASSED,-0.26601102565263773,0.08002843358886351,-1.399781855332216,2.6575719292565494,-0.4191133462331108,7.365288944739728
0.4360872174434887,PASSED,-0.26593170769819824,0.07861286804900887,-1.426087996202912,2.657156553248973,-0.4116665255850886,7.501175116877242
0.4370874174834967,PASSED,-0.26585381821265963,0.07717136860592404,-1.4517737410060974,2.6567486906959914,-0.4040857702764138,7.633808769873139
0.4380876175235047,PASSED,-0.2657773828165441,0.07570456040055422,-1.4768311816122723,2.6563484738906094,-0.39637435577862584,7.763151649731145
0.43908781756351273,PASSED,-0.2657024265013837,0.07421307632543932,-1.5012526707833227,2.655956031831768,-0.38853559501670987,7.889166836705803
0.44008801760352073,PASSED,-0.26562897362210136,0.07269755676122625,-1.5250308264995631,2.655571490187525,-0.3805728370905967,8.011818652384843
0.4410882176435287,PASSED,-0.26555704788965645,0.07115864930908421,-1.5481585359037044,2.6551949712596055,-0.3724894658751906,8.13107292408687
0.4420884176835367,PASSED,-0.2654866723639578,0.06959700852358774,-1.5706289518916308,2.654826593949282,-0.36428889865625935,8.246896748827568
0.4430886177235447,PASSED,-0.2654178694470443,0.06801329564491979,-1.5924354965188592,2.6544664737245967,-0.3559745848693343,8.359258478990094
0.4440888177635527,PASSED,-0.26535066087653597,0.06640817832731837,-1.6135718649897917,2.6541147225889743,-0.3475500046404213,8.468128062194893
0.4450890178035607,PASSED,-0.26528506771935506,0.0647823303669541,-1.6340320239472195,2.6537714490511424,-0.33901866746874687,8.573476577994198
0.4460892178435687,PASSED,-0.2652211103657205,0.06313643143065055,-1.653810211207783,2.6534367580964506,-0.33038411090879305,8.675276547926911
0.4470894178835767,PASSED,-0.2651588085234143,0.06147116678144447,-1.672900941204941,2.653110751159538,-0.3216498991232457,8.773501943960994
0.4480896179235847,PASSED,-0.26509818121232387,0.059787227002327054,-1.6912990043924,2.6527935260983675,-0.31281962155560605,8.868127983425532
0.4490898179635927,PASSED,-0.26503924675925805,0.05808530772314467,-1.7089994623757108,2.6524851771696425,-0.3038968915768539,8.959131308969896
0.4500900180036007,PASSED,-0.26498202279304056,0.05636610934226564,-1.7259976598812559,2.6521857950055665,-0.2948853450936808,9.046489932641926
0.4510902180436087,PASSED,-0.2649265262398795,0.05463033674887196,-1.7422892157352863,2.651895466592009,-0.28578863915674874,9.130183273125509
0.4520904180836167,PASSED,-0.26487277331901427,0.05287869904750692,-1.7578700251182118,2.651614275248023,-0.27661045061560136,9.210192053161961
0.4530906181236247,PASSED,-0.26482077953864136,0.05111190927768995,-1.7727362662828061,2.6513423006067294,-0.2673544747680383,9.286498377163868
0.4540908181636327,PASSED,-0.26477055969211777,0.04933068413536237,-1.7868843930241072,2.6510796185976107,-0.25802442390263247,9.359085857567068
0.45509101820364073,PASSED,-0.2647221278544434,0.04753574369598467,-1.8003111369467621,2.6508263014301376,-0.24862402599456207,9.427939275072658
0.45609121824364873,PASSED,-0.2646754973790229,0.04572781113245366,-1.8130135145871775,2.6505824175788035,-0.23915702333176797,9.49304492127506
0.45709141828365674,PASSED,-0.26463068089470687,0.04390761243664569,-1.8249888166218289,2.650348031769512,-0.22962717108694722,9.554390460517913
0.45809161832366474,PASSED,-0.26458769030311174,0.04207587614183894,-1.8362346135967031,2.650123204967343,-0.2200382359990246,9.611964839525783
0.45909181836367274,PASSED,-0.26454653677622003,0.040233333041279226,-1.8467487585350622,2.6499079943656967,-0.21039399498635053,9.665758461439612
0.46009201840368075,PASSED,-0.2645072307542588,0.03838071590896762,-1.856529381495965,2.649702453376799,-0.2006982337549455,9.715763078048653
0.46109221844368875,PASSED,-0.2644697819438584,0.03651875922151407,-1.8655748914252863,2.6495066316235816,-0.19095474546243354,9.761971768820816
0.46209241848369675,PASSED,-0.26443419931648876,0.034648198879830595,-1.8738839751889274,2.649320574932911,-0.18116732935927296,9.804378992720416
0.46309261852370476,PASSED,-0.2644004911071754,0.03276977192994575,-1.8814555996821154,2.6491443253302185,-0.17133978936740943,9.842980657958995
0.46409281856371276,PASSED,-0.2643686648134923,0.030884216285006313,-1.8882890084443205,2.648977921035431,-0.16147593280781886,9.87777382734496
0.46509301860372076,PASSED,-0.2643387271948333,0.028992270449018857,-1.8943837210162109,2.648821396460322,-0.15157956898973068,9.908757145250314
0.46609321864372877,PASSED,-0.2643106842719594,0.027094673240440577,-1.899739533619657,2.648674782207163,-0.14165450785749975,9.93593045688466
0.46709341868373677,PASSED,-0.26428454132682294,0.025192163514858753,-1.9043565202232706,2.648538105068746,-0.13170455869947312,9.95929495878796
0.4680936187237448,PASSED,-0.26426030290266667,0.023285479891266513,-1.9082350258382217,2.6484113880297677,-0.12173352872166023,9.978853323829522
0.4690938187637528,PASSED,-0.26423797280439754,0.02137536047895082,-1.9113756699673445,2.6482946502695013,-0.1117452217923994,9.9946093328817
0.4700940188037607,PASSED,-0.2642175540992337,0.019462542602552185,-1.9137793473528262,2.6481879071658607,-0.10174343707764401,10.00656830267119
0.47109421884376873,PASSED,-0.2641990491176242,0.017547762530629205,-1.915447221636415,2.6480911703007517,-0.09173196768052398,10.014736793419251
0.47209441888377673,PASSED,-0.26418245945443997,0.01563175520627923,-1.916380726159016,2.64800444746676,-0.08171459939593052,10.01912261204292
0.47309461892378474,PASSED,-0.2641677859704346,0.01371525397640671,-1.9165815656815235,2.6479277426751677,-0.07169510933423459,10.019735028131269
0.47409481896379274,PASSED,-0.26415502879397434,0.011798990323831344,-1.9160517105045942,2.6478610561652505,-0.06167726463685116,10.016584476884882
0.47509501900380074,PASSED,-0.264144187323035,0.009883693600763351,-1.9147933981102603,2.647804384414909,-0.051664821193296434,10.009682754667956
0.47609521904380875,PASSED,-0.26413526022746536,0.007970090763563972,-1.9128091299254606,2.6477577201525793,-0.04166152231044746,9.999042968302982
0.47709541908381675,PASSED,-0.2641282454515144,0.006058906109160025,-1.9101016707229375,2.6477210523704278,-0.03167109746726507,9.984679426435328
0.47809561912382476,PASSED,-0.26412314021662164,0.004150861013289361,-1.9066740459691471,2.6476943663388406,-0.021697261021312215,9.966607792297872
0.47909581916383276,PASSED,-0.26411994102446873,0.0022466736693510813,-1.9025295425843687,2.64767764362219,-0.01174371090658975,9.944844996338857
0.48009601920384076,PASSED,-0.26411864366028953,0.00034705883159552424,-1.897671701203016,2.6476708620958296,-0.0018141274546644498,9.919409088982933
0.48109621924384877,PASSED,-0.2641192431964386,-0.00154727244234017,-1.8921043224241467,2.64767399596439,0.00808782792546101,9.890319574220479
0.48209641928385677,PASSED,-0.2641217339962146,-0.0034356130467176555,-1.8858314590130447,2.6476870157813006,0.01795851400564253,9.857597084155543
0.4830966193238648,PASSED,-0.26412610971793715,-0.0053172600778787155,-1.8788574125930695,2.6477098884695356,0.027794310872067293,9.821263387937577
0.4840968193638728,PASSED,-0.2641323633192755,-0.007191515086704183,-1.871186739647065,2.6477425773436205,0.03759162124457176,9.781341695549063
0.4850970194038808,PASSED,-0.2641404870618257,-0.00905768432625665,-1.8628242394894032,2.6477850421328197,0.04734687167061764,9.737856246377099
0.4860972194438888,PASSED,-0.26415047251593565,-0.010915078996429664,-1.8537749572954216,2.6478372390055567,0.057056513670580955,9.690832502354136
0.4870974194838968,PASSED,-0.26416231056577405,-0.012763015489087681,-1.8440441828997467,2.6478991205950213,0.06671702499462377,9.640297205168588
0.4880976195239048,PASSED,-0.264175991414642,-0.01460081562832009,-1.833637443454184,2.6479706360259647,0.07632491079013581,9.58627818907436
0.4890978195639128,PASSED,-0.26419150459052443,-0.01642780690887747,-1.8225605052928382,2.648051730942673,0.08587670474163374,9.52880445978029
0.4900980196039208,PASSED,-0.2642088389518785,-0.018243322732289593,-1.8108193688249865,2.6481423475380885,0.09536897023587769,9.46790618388639
0.4910982196439288,PASSED,-0.26422798269365727,-0.02004670264078637,-1.7984202682779764,2.6482424245841,0.10479830153773302,9.40361471383464
0.4920984196839368,PASSED,-0.2642489233535649,-0.02183729254793264,-1.7853696663918037,2.648351897462964,0.1141613249015459,9.335962463798378
0.4930986197239448,PASSED,-0.26427164781854096,-0.02361444496449896,-1.771674250015996,2.648470698199862,0.12345469968539952,9.26498299722378
0.4940988197639528,PASSED,-0.26429614233147203,-0.025377519226791604,-1.7573409371437443,2.6485987554965456,0.1326751194523624,9.19071094678899
0.4950990198039608,PASSED,-0.2643223924981261,-0.02712588171733614,-1.7423768594784,2.6487359947661218,0.14181931310760693,9.113182127548214
0.4960992198439688,PASSED,-0.26435038329430766,-0.02885890608168181,-1.7267893675905215,2.6488823381688915,0.15088404594049956,9.032433303122259
0.4970994198839768,PASSED,-0.2643800990732311,-0.03057597344886619,-1.7105860335802872,2.649037704649282,0.15986612068237924,8.94850236771796
0.49809961992398477,PASSED,-0.26441152357310777,-0.03227647264172429,-1.6937746323766387,2.649202009973832,0.1687623786032329,8.861428289610764
0.4990998199639928,PASSED,-0.264444639924945,-0.03395980038613379,-1.676363152431401,2.6493751667702385,0.1775697005452928,8.771251043692622
0.5001000200040008,PASSED,-0.264479430660553,-0.0356253615196947,-1.6583597876472522,2.6495570845673986,0.18628500787669677,8.678011523211518
0.5011002200440088,PASSED,-0.2645158777207571,-0.03727256919385327,-1.6397729318327856,2.649747669836521,0.19490526359992227,8.581751856568177
0.5021004200840168,PASSED,-0.26455396246381085,-0.0389008450733346,-1.6206111779136851,2.6499468260331933,0.20342747331091518,8.48251494727606
0.5031006201240248,PASSED,-0.2645936656740084,-0.040509619533585305,-1.6008833151420576,2.650154453640468,0.21184868613115723,8.380344735552704
0.5041008201640328,PASSED,-0.26463496757049015,-0.04209833185329964,-1.5805983227625255,2.650370450212909,0.22016599574841378,8.275286205059103
0.5051010202040408,PASSED,-0.264677847816241,-0.043666430403754064,-1.5597653689156947,2.650594710421589,0.22837654132600324,8.167385159276343
0.5061012202440488,PASSED,-0.2647222855272752,-0.04521337283505396,-1.5383938062226896,2.650827126100034,0.2364775084068305,8.056688361861172
0.5071014202840568,PASSED,-0.26476825928200615,-0.04673862625792376,-1.5164931673012023,2.6510675862911066,0.24446612991408756,7.943243604187704
0.5081016203240648,PASSED,-0.26481574713079525,-0.04824166742156678,-1.494073161204242,2.6513159772947636,0.25233968696955295,7.827099356317143
0.5091018203640728,PASSED,-0.26486472660567867,-0.04972198289013635,-1.4711436734797851,2.6515721827167407,0.2600955097983893,7.70830514384912
0.5101020204040808,PASSED,-0.26491517473026555,-0.05117906921195747,-1.4477147540486752,2.651836083518083,0.2677309786276762,7.586911286245419
0.5111022204440888,PASSED,-0.2649670680298062,-0.05261243308650943,-1.4237966215541529,2.6521075580655564,0.27524352450123196,7.462968931762626
0.5121024204840968,PASSED,-0.26502038254142457,-0.05402159152839223,-1.39939965543523,2.6523864821828798,0.2826306301129147,7.336530064962796
0.5131026205241048,PASSED,-0.26507509382451194,-0.05540607202548126,-1.3745343915249075,2.6526727292028003,0.28988983065000373,7.2076475185065485
0.5141028205641128,PASSED,-0.2651311769712775,-0.056765412694292715,-1.3492115203358261,2.652966170019946,0.29701871454511275,7.076374812844027
0.5151030206041208,PASSED,-0.2651886066174519,-0.05809916243073565,-1.3234418805143406,2.653266673144492,0.3040149242808959,6.9427663510758935
0.5161032206441288,PASSED,-0.26524735695313956,-0.059406881056632575,-1.297236456151987,2.6535741047565775,0.31087615715946953,6.806877230238855
0.5171034206841368,PASSED,-0.2653074017338155,-0.06068813946242654,-1.2706063722219365,2.6538883287614827,0.31760016601254437,6.668763268298762
0.5181036207241448,PASSED,-0.2653687142914628,-0.061942519745888214,-1.243562890954848,2.6542092068455223,0.324184759929239,6.528481015625256
0.5191038207641528,PASSED,-0.26543126754584595,-0.06316961534505086,-1.2161174046345216,2.654536598532672,0.3306278049884718,6.386087754971137
0.5201040208041608,PASSED,-0.26549503401591595,-0.06436903116858557,-1.1882814361348388,2.6548703612418687,0.3369272249135998,6.241641371899356
0.5211042208441689,PASSED,-0.26555998583134344,-0.06554038372145071,-1.160066630685332,2.655210350344997,0.34308100173144745,6.095200448479927
0.5221044208841769,PASSED,-0.26562609474417387,-0.06668330122458516,-1.1314847514338584,2.6555564192255203,0.3490871764424155,5.946824219293459
0.5231046209241849,PASSED,-0.26569333214060237,-0.0677974237323354,-1.1025476786278197,2.6559084193377496,0.3549438496214453,5.796572485520667
0.5241048209641929,PASSED,-0.2657616690528623,-0.06888240324440961,-1.0732674010384842,2.6562662002667183,0.3606491820145402,5.644505664811085
0.5251050210042009,PASSED,-0.26583107617122315,-0.06993790381197662,-1.043656011919363,2.656629609788681,0.36620139518088735,5.490684834037833
0.5261052210442089,PASSED,-0.26590152385609395,-0.0709636016418115,-1.0137257084452176,2.656998493932127,0.37159877196172025,5.335171412029558
0.5271054210842169,PASSED,-0.26597298215022713,-0.07195918519443499,-0.9834887820756596,2.6573726970394134,0.3768396570913012,5.178027607948549
0.5281056211242249,PASSED,-0.26604542079101784,-0.0729243552762616,-0.9529576149938824,2.657752061828879,0.38192245772318695,5.019315981177188
0.5291058211642329,PASSED,-0.26611880922289505,-0.07385882512993033,-0.9221446794519799,2.6581364294574903,0.3868456438626767,4.859099578364789
0.5301060212042409,PASSED,-0.2661931166097985,-0.0747623205181141,-0.8910625273383053,2.6585256395839743,0.3916077489048656,4.697442018071619
0.5311062212442489,PASSED,-0.26626831184773786,-0.07563457980207748,-0.8597237883801111,2.658919530432418,0.3962073700981885,4.534407310157108
0.5321064212842569,PASSED,-0.26634436357742863,-0.07647535401696536,-0.8281411658930401,2.659317938856315,0.4006431689266628,4.3700598406857445
0.5331066213242649,PASSED,-0.26642124019700053,-0.07728440694241769,-0.7963274318251855,2.659720700403029,0.4049138715503664,4.20446447904885
0.5341068213642729,PASSED,-0.26649890987477315,-0.07806151516567493,-0.7642954175452725,2.660127649378666,0.4090182692178456,4.037686459766163
0.5351070214042809,PASSED,-0.2665773405620936,-0.07880646814262014,-0.7320580165451606,2.6605386189133258,0.4129552186018597,3.869791333512714
0.5361072214442889,PASSED,-0.2666565000062331,-0.07951906825402431,-0.6996281746435187,2.6609534410267255,0.4167236421803625,3.70084507516296
0.5371074214842969,PASSED,-0.26673635576333515,-0.08019913085447948,-0.6670188843295816,2.661371946694112,0.4203225285005034,3.530913816792815
0.5381076215243049,PASSED,-0.26681687521141206,-0.08084648431807466,-0.6342431831055779,2.6617939659125427,0.42375093253588586,3.3600641811088967
0.5391078215643129,PASSED,-0.26689802556338477,-0.0814609700796693,-0.6013141472540365,2.6622193277674215,0.427007975975043,3.188362944522621
0.5401080216043209,PASSED,-0.26697977388015987,-0.08204244266933755,-0.5682448846110321,2.6626478604993102,0.4300928474028596,3.0158770833459148
0.5411082216443288,PASSED,-0.26706208708374046,-0.08259076974358001,-0.5350485339967488,2.6630793915709847,0.43300480259318413,2.8426739283103535
0.5421084216843368,PASSED,-0.26714493197036476,-0.08310583211158426,-0.5017382573425834,2.663513747734702,0.43574316471055813,2.6688209100830584
0.5431086217243448,PASSED,-0.26722827522366754,-0.08358752375408855,-0.4683272326120981,2.663950755099679,0.4383073244693509,2.4943856579324875
0.5441088217643528,PASSED,-0.26731208342786006,-0.08403575183954416,-0.43482865401794374,2.6643902391997227,0.44069674030699313,2.319435957448696
0.5451090218043608,PASSED,-0.26739632308092265,-0.08445043673616985,-0.4012557250308531,2.6648320250610316,0.4429109385347313,2.144039741264467
0.5461092218443688,PASSED,-0.26748096060780585,-0.08483151201573957,-0.3676216492623147,2.665275937270106,0.44494951343443284,1.9682650053262862
0.5471094218843768,PASSED,-0.26756596237363367,-0.08517892445379749,-0.3339396305883195,2.6657218000417657,0.4468121273435485,1.792179844975302
0.5481096219243848,PASSED,-0.2676512946969059,-0.08549263402702738,-0.3002228683242713,2.6661694372872247,0.44849851070574076,1.6158523736701327
0.5491098219643928,PASSED,-0.2677369238626924,-0.08577261390196764,-0.2664845460175862,2.6666186726822647,0.45000846218193624,1.4393508778790511
0.5501100220044008,PASSED,-0.2678228161358158,-0.08601885042086427,-0.232737834149317,2.667069329735373,0.4513418485684099,1.2627433922034137
0.5511102220444088,PASSED,-0.26790893777401703,-0.08623134308230387,-0.1989958796331419,2.6675212318559316,0.4524986048212018,1.0860981598509027
0.5521104220844169,PASSED,-0.2679952550410983,-0.08641010451595103,-0.16527180298984565,2.6679742024223696,0.4534787340926858,0.9094833459060023
0.5531106221244249,PASSED,-0.2680817342200393,-0.08655516045348395,-0.1315786938949746,2.6684280648502567,0.4542823075574269,0.7329668772977531
0.5541108221644329,PASSED,-0.26816834162608094,-0.08666654969336762,-0.09792960387613482,2.6688826426603303,0.454909464364113,0.5566167596117071
0.5551110222044409,PASSED,-0.268255043619772,-0.08674432406106805,-0.06433754358329993,2.669337759546446,0.45536041161476243,0.38050091134115327
0.5561112222444489,PASSED,-0.268341806619973,-0.0867885483645486,-0.030815476745403136,2.6697932394433663,0.4556354241038796,0.2046868743011873
0.5571114222844569,PASSED,-0.2684285971168137,-0.08679930034493022,0.002623683860908569,2.6702489065944413,0.4557348441960304,0.029242237383853877
0.5581116223244649,PASSED,-0.2685153816845977,-0.08677667062027626,0.03596708518267885,2.67070458561909,0.4556590817142082,-0.14576562795954037
0.5591118223644729,PASSED,-0.26860212699465,-0.08672076262769121,0.06920193085330996,2.6711601015800897,0.45540861362642254,-0.3202697276697782
0.5601120224044809,PASSED,-0.2686887998281025,-0.08663169255801842,0.10231549555246758,2.671615280050651,0.45498398384744726,-0.494203146512265
0.5611122224444889,PASSED,-0.2687753670886125,-0.0865095892857175,0.13529512346655667,2.6720699471812295,0.45438580301839393,-0.6674992840806334
0.5621124224844969,PASSED,-0.26886179581500913,-0.08635459429532495,0.16812823500989196,2.672523929766067,0.45361474814812336,-0.8400919277304979
0.5631126225245049,PASSED,-0.26894805319386306,-0.08616686160232116,0.20080233166639783,2.672977055309444,0.45267156234671524,-1.0119150505266092
0.5641128225645129,PASSED,-0.26903410657197446,-0.08594655766798068,0.23330500278987695,2.673429152091585,0.451557054480876,-1.1829030760476573
0.5651130226045209,PASSED,-0.2691199234687744,-0.08569386131119064,0.2656239261234807,2.673880049234231,0.4502720987880741,-1.3529907706379838
0.5661132226445289,PASSED,-0.2692054715886353,-0.08540896361530713,0.29774687572353625,2.6743295767658193,0.4488176345053547,-1.5221132907735677
0.5671134226845369,PASSED,-0.2692907188330847,-0.08509206782818014,0.3296617280626278,2.6747775656862705,0.44719466544930386,-1.6902062329023553
0.5681136227245449,PASSED,-0.2693756333129192,-0.08474338926087627,0.36135646013137657,2.675223848031346,0.4454042595786466,-1.8572056291605723
0.5691138227645529,PASSED,-0.26946018336021194,-0.08436315517867245,0.392819163585465,2.6756682569365444,0.4434475485102963,-2.0230480278100873
0.5701140228045609,PASSED,-0.2695443375402106,-0.08395160468856319,0.4240380411250961,2.676110626700519,0.44132572703362777,-2.1876704425741087
0.5711142228445689,PASSED,-0.2696280646631209,-0.08350898862345321,0.45500141443323644,2.6765507928480057,0.43904005262742973,-2.351010381947364
0.5721144228845769,PASSED,-0.26971133379577006,-0.08303556941950765,0.485697730287098,2.676988592192188,0.4365918448476316,-2.5130060450319807
0.5731146229245849,PASSED,-0.26979411427314726,-0.08253162099028767,0.5161155618419043,2.6774238628965414,0.43398248480825846,-2.673596035600517
0.5741148229645929,PASSED,-0.26987637570981543,-0.08199742859684313,0.5462436145129838,2.677856444536069,0.4312134145921797,-2.8327196697309063
0.5751150230046009,PASSED,-0.26995808801119087,-0.08143328871283963,0.5760707303305042,2.6782861781579426,0.42828613658604386,-2.9903168970725442
0.5761152230446089,PASSED,-0.2700392213846849,-0.08083950888385538,0.6055858947534281,2.6787129063415134,0.42520221288164217,-3.1463282426210415
0.5771154230846169,PASSED,-0.2701197463507053,-0.08021640758622436,0.6347782328827509,2.679136473257654,0.42196326458578454,-3.3006949980154072
0.5781156231246249,PASSED,-0.2701996337535114,-0.07956431407830145,0.6636370246163605,2.679556724727432,0.4185709711150762,-3.4533591191703628
0.579115823164633,PASSED,-0.27027885477191993,-0.0788835682475237,0.6921517015520154,2.679973508280071,0.41502706951196855,-3.604263259065868
0.580116023204641,PASSED,-0.27035738092985634,-0.07817452045603615,0.7203118514445787,2.680386673210179,0.41133335367012464,-3.7533508970293155
0.581116223244649,PASSED,-0.2704351841067487,-0.07743753138026978,0.7481072253142366,2.6807960706342224,0.4074916735634711,-3.9005662464030233
0.582116423284657,PASSED,-0.2705122365477593,-0.0766729718462813,0.7755277397713073,2.681201553546219,0.4035039344814849,-4.045854305708291
0.583116623324665,PASSED,-0.2705885108738503,-0.07588122266250387,0.8025634797815304,2.6816029768726355,0.39937209620729236,-4.189160919848685
0.584116823364673,PASSED,-0.27066398009167986,-0.07506267444782608,0.8292047046086196,2.6820001975264467,0.39509817215192605,-4.330432812378041
0.585117023404681,PASSED,-0.2707386176033241,-0.0742177274555406,0.8554418507367211,2.682393074460343,0.3906842285090015,-4.46961752995558
0.586117223444689,PASSED,-0.27081239721582245,-0.07334679139584466,0.881265532335419,2.6827814687190927,0.38613238340968326,-4.606663478893266
0.587117423484697,PASSED,-0.27088529315054105,-0.07245028525069964,0.9066665536847431,2.6831652434909548,0.38144480593040686,-4.741520146198458
0.588117623524705,PASSED,-0.27095728005235264,-0.07152863708867854,0.9316359009120078,2.6835442641582197,0.37662371521201604,-4.874137766518966
0.589117823564713,PASSED,-0.2710283329986273,-0.07058228387560259,0.9561647545185746,2.6839183983467865,0.37167137953937646,-5.004467610053284
0.590118023604721,PASSED,-0.2710984275080323,-0.06961167128026731,0.9802444892130778,2.684287515974783,0.36659011530164104,-5.13246198952345
0.591118223644729,PASSED,-0.27116753954913736,-0.0686172534782436,1.0038666772307947,2.684651489300193,0.3613822860122756,-5.258074155926714
0.592118423684737,PASSED,-0.2712356455488206,-0.0675994929529793,1.0270230906199702,2.685010192967481,0.3560503013273803,-5.381258370874378
0.593118623724745,PASSED,-0.27130272240047465,-0.06655886029170409,1.0497057083787216,2.685363504053197,0.3505966159864773,-5.501969987588721
0.594118823764753,PASSED,-0.27136874747200745,-0.06549583397995591,1.071906713994473,2.6857113021105214,0.3450237287299695,-5.620165435787206
0.595119023804761,PASSED,-0.27143369861363564,-0.06441090019296696,1.0936185023186173,2.6860534692127414,0.3393341812437815,-5.735802186455096
0.596119223844769,PASSED,-0.27149755416546867,-0.06330455258439747,1.1148336794033695,2.6863898899956546,0.33353055708872725,-5.84883880078708
0.597119423884777,PASSED,-0.2715602929648784,-0.06217729207022759,1.1355450706808843,2.6867204516988434,0.3276154805241887,-5.959235073706191
0.5981196239247849,PASSED,-0.271621894353654,-0.06102962661299163,1.1557457149393313,2.687045044205853,0.321591615421702,-6.066951788340479
0.5991198239647929,PASSED,-0.271682338184938,-0.05986207100258563,1.1754288740504597,2.6873635600831802,0.31546166408013565,-6.171951043716907
0.6001200240048009,PASSED,-0.2717416048299412,-0.05867514663187565,1.1945880351496665,2.6876758946181614,0.30922836609024884,-6.274195954000097
0.6011202240448089,PASSED,-0.2717996751844345,-0.05746938127351012,1.213216907176111,2.6879819458556153,0.30289449710407473,-6.373651007623482
0.6021204240848169,PASSED,-0.2718565306750149,-0.05624530885402331,1.2313094276939374,2.688281614633345,0.29646286765569885,-6.470281742210802
0.6031206241248249,PASSED,-0.2719121532651437,-0.055003469222976026,1.2488597666161823,2.688574804616393,0.28993632195779634,-6.564055001696966
0.6041208241648329,PASSED,-0.2719665254609539,-0.053744407921813044,1.2658623241941884,2.6888614223300857,0.2833177366239476,-6.654938888616597
0.6051210242048409,PASSED,-0.2720196303168268,-0.05246867595271874,1.2823117323610562,2.6891413771918256,0.27661001943981084,-6.7429027144835505
0.6061212242448489,PASSED,-0.2720714514407333,-0.05117682954201384,1.2982028629341296,2.68941458154164,0.269816108126866,-6.8279170452523426
0.6071214242848569,PASSED,-0.27212197299934,-0.049869429903177,1.3135308227719693,2.6896809506714363,0.2629389690078626,-6.90995383483748
0.6081216243248649,PASSED,-0.2721711797228779,-0.048547043000027615,1.328290956734332,2.689940402852987,0.25598159573530405,-6.988986231039351
0.6091218243648729,PASSED,-0.2722190569097715,-0.047210239305804126,1.3424788525495879,2.6901928593646365,0.24894700805818368,-7.0649886411743905
0.610122024404881,PASSED,-0.27226559043102744,-0.0458595935608754,1.356090339848159,2.690438244516653,0.24183825039122295,-7.137937017484959
0.611122224444889,PASSED,-0.2723107667343812,-0.04449568453215486,1.369121487968793,2.690676485675303,0.23465839054184465,-7.2078084039738455
0.612122424484897,PASSED,-0.2723545728482009,-0.043119094768283295,1.3815686144734223,2.6909075132855667,0.22741051842129806,-7.274581264928361
0.613122624524905,PASSED,-0.2723969963851455,-0.041730410352854755,1.3934282827319444,2.6911312608925413,0.2200977446385722,-7.33823546125753
0.614122824564913,PASSED,-0.2724380255455787,-0.040330220661525445,1.4046972970608822,2.6913476651614636,0.21272319913626875,-7.398752196334088
0.615123024604921,PASSED,-0.2724776491207362,-0.03891911811391511,1.415372714643308,2.691556665896387,0.20529002987457423,-7.456113971934832
0.616123224644929,PASSED,-0.2725158564956446,-0.03749769792364565,1.4254518406869003,2.691758206057512,0.1978014014723493,-7.510304689084992
0.617123424684937,PASSED,-0.27255263765179416,-0.03606655785380325,1.4349322226127326,2.6919522317771083,0.19026049375461176,-7.561309736839199
0.618123624724945,PASSED,-0.27258798316956134,-0.03462629796608298,1.443811664458632,2.6921386923740687,0.18267050040242114,-7.609115762424905
0.619123824764953,PASSED,-0.27262188423038325,-0.03317752037077496,1.4520882158742734,2.692317540367113,0.17503462765580208,-7.653710736081836
0.620124024804961,PASSED,-0.27265433261868244,-0.03172082897920153,1.4597601753728644,2.692488731486536,0.16735609277272176,-7.695084314412657
0.621124224844969,PASSED,-0.27268532072354157,-0.030256829252500315,1.4668260942534546,2.6926522246846276,0.159638122708865,-7.733227230152854
0.622124424884977,PASSED,-0.27271484154012915,-0.028786127951541455,1.4732847720957953,2.6928079821446467,0.15188395275937017,-7.768131762389453
0.623124624924985,PASSED,-0.2727428886708746,-0.0273093328886745,1.479135256714396,2.692955969288423,0.14409682506792654,-7.79979164414637
0.624124824964993,PASSED,-0.2727694563263937,-0.02582705267604226,1.4843768499107985,2.693096154782543,0.13627998727361473,-7.828201894422089
0.625125025005001,PASSED,-0.2727945393261652,-0.024339896477605455,1.4890090974541426,2.693228510543149,0.1284366911378227,-7.853358963371999
0.626125225045009,PASSED,-0.2728181330989569,-0.022848473759564593,1.4930317984320085,2.6933530117393123,0.12057019106656494,-7.875260809848252
0.627125425085017,PASSED,-0.27284023368300403,-0.021353394040749218,1.4964449990709494,2.6934696367950224,0.11268374275059882,-7.893906653378034
0.628125625125025,PASSED,-0.27286083772593855,-0.019855266646619418,1.4992489908357036,2.693578367389772,0.10478060180035371,-7.909297148156495
0.629125825165033,PASSED,-0.27287994248447145,-0.018354700460819516,1.5014443157760275,2.6936791884577347,0.09686402227201213,-7.921434448464986
0.630126025205041,PASSED,-0.27289754582382747,-0.016852303677574485,1.5030317615576962,2.693772088185556,0.08893725531144656,-7.930321968632627
0.631126225245049,PASSED,-0.2729136462169344,-0.015348683558506068,1.5040123574088997,2.69385705800875,0.08100354780293312,-7.935964535100645
0.632126425285057,PASSED,-0.2729282427433671,-0.01384444618671587,1.504387381377728,2.693934092606701,0.07306614090698688,-7.938368469843296
0.633126625325065,PASSED,-0.27294133508804724,-0.012340196222696729,1.5041583524467501,2.6940031898962937,0.06512826871701163,-7.937541336729871
0.634126825365073,PASSED,-0.27295292353970113,-0.010836536663922031,1.5033270296599963,2.6940643510241604,0.0571931569224462,-7.933492099789149
0.635127025405081,PASSED,-0.2729630089890751,-0.009334068603028555,1.501895415049131,2.6941175803575597,0.049264021384007664,-7.926231164204791
0.636127225445089,PASSED,-0.2729715929269116,-0.007833390988204991,1.4998657480065198,2.694162885473889,0.04134406678221788,-7.915770226846463
0.637127425485097,PASSED,-0.2729786774416867,-0.006335100386836319,1.4972405036101066,2.694200277148849,0.03343648531334685,-7.9021222968874065
0.638127625525105,PASSED,-0.2729842652171102,-0.004839790748142481,1.4940223954163252,2.694229769343268,0.025544455320943352,-7.885301789414229
0.639127825565113,PASSED,-0.27298835952939143,-0.0033480531686796377,1.4902143688271892,2.694251379188567,0.017671139925749087,-7.865324465714287
0.640128025605121,PASSED,-0.27299096424427083,-0.0018604756621398767,1.4858195983481417,2.6942651269709295,0.009819685774523424,-7.842207274899911
0.6411282256451291,PASSED,-0.2729920838138208,-0.00037764292639361706,1.4808414940116716,2.694271036114149,0.001993221727943917,-7.815968561032573
0.6421284256851371,PASSED,-0.2729917232730171,0.0010998638840112426,1.4752836880003184,2.6942691331611575,-0.005805142518522644,-7.786628036755886
0.6431286257251451,PASSED,-0.27298988823608267,0.0025714673827448293,1.4691500392224324,2.694259447754283,-0.013572317642579964,-7.754206515591608
0.6441288257651531,PASSED,-0.27298658489260724,0.004036594176819196,1.4624446306423229,2.6942420126142412,-0.021305235921597495,-7.718726121301478
0.6451290258051611,PASSED,-0.272981820003443,0.005494675088758185,1.4551717661367658,2.6942168635178256,-0.02900085262663694,-7.68021042753143
0.6461292258451691,PASSED,-0.27297560089638156,0.00694514537362316,1.4473359640171144,2.6941840392743988,-0.03665614715862441,-7.638683934958168
0.6471294258851771,PASSED,-0.27296793546161185,0.008387444936248873,1.4389419616981132,2.6941435817011152,-0.044268124247403624,-7.594172524659903
0.6481296259251851,PASSED,-0.27295883214696376,0.009821018546700465,1.4299947096205796,2.6940955355969467,-0.051833815270321354,-7.546703355089611
0.6491298259651931,PASSED,-0.27294829995293873,0.011245316049139113,1.4204993643173611,2.6940399487155124,-0.059350279350193144,-7.496304563059911
0.6501300260052011,PASSED,-0.2729363484275314,0.012659792570327585,1.4104612924358815,2.693976871736697,-0.06681460455869924,-7.443005638803544
0.6511302260452091,PASSED,-0.27292298766084344,0.014063908727049093,1.399886066245257,2.693906358237144,-0.07422390909218803,-7.386837129945617
0.6521304260852171,PASSED,-0.27290822827949446,0.015457130826269727,1.3887794545375525,2.693828464659579,-0.08157534235764831,-7.327830689136711
0.6531306261252251,PASSED,-0.2728920814408315,0.016838931065081872,1.3771474283285372,2.6937432502810097,-0.08886608614087388,-7.266019179284812
0.6541308261652331,PASSED,-0.27287455882694095,0.018208787727629894,1.364996152027677,2.693650777179811,-0.09609335570717244,-7.201436490974411
0.655131026205241,PASSED,-0.27285567263846594,0.019566185377329678,1.3523319814811852,2.6935511102017475,-0.10325440081070558,-7.134117511905624
0.656131226245249,PASSED,-0.2728354355882324,0.020910615046394864,1.339161460787852,2.6934443169248916,-0.11034650682786148,-7.064098353989425
0.657131426285257,PASSED,-0.2728138608946871,0.02224157442295917,1.3254913204152816,2.6933304676235195,-0.11736699579137552,-6.991416036530443
0.658131626325265,PASSED,-0.27279096227515115,0.023558568033302092,1.3113284702946821,2.6932096352309807,-0.12431322732414493,-6.916108530262058
0.659131826365273,PASSED,-0.27276675393889227,0.024861107421016326,1.2966799993272682,2.6930818953015554,-0.13118259970996063,-6.838214956184802
0.660132026405281,PASSED,-0.2727412505800197,0.026148711323811864,1.2815531717743853,2.6929473259713244,-0.13797255087869587,-6.75777531043555
0.661132226445289,PASSED,-0.2727144673702051,0.02742090584444759,1.2659554198766212,2.6928060079180947,-0.14468055927550444,-6.67483045439061
0.662132426485297,PASSED,-0.2726864199512329,0.02867722462016268,1.2498943462740657,2.6926580243203846,-0.15130414482224838,-6.58942227497952
0.663132626525305,PASSED,-0.2726571244273842,0.029917208986871446,1.2333777136652317,2.6925034608154856,-0.15784086986336932,-6.501593551881896
0.664132826565313,PASSED,-0.27262659735765804,0.03114040814025309,1.2164134465259175,2.69234240545665,-0.1642883399815282,-6.411387829010238
0.665133026605321,PASSED,-0.2725948557478333,0.03234637929293393,1.199009623450787,2.692174948669398,-0.1706442048629414,-6.318849583015234
0.666133226645329,PASSED,-0.27256191704237603,0.03353468782715,1.1811744747262511,2.6920011832070054,-0.17690615914879457,-6.22402408774511
0.667133426685337,PASSED,-0.27252779911619496,0.034704907444654036,1.1629163793558872,2.691821204105133,-0.18307194325670256,-6.126957454683248
0.668133626725345,PASSED,-0.2724925202662505,0.03585662031119361,1.1442438579953664,2.691635108635729,-0.18913934407006802,-6.0276963858202715
0.669133826765353,PASSED,-0.27245609920302044,0.03698941719754952,1.1251655719296014,2.6914429962600934,-0.19510619579382765,-5.926288615719203
0.670134026805361,PASSED,-0.27241855504182594,0.03810289761813571,1.1056903196905785,2.69124496858126,-0.20097038065632683,-5.82278236035249
0.671134226845369,PASSED,-0.27237990729402384,0.0391966699613845,1.0858270256209397,2.691041129295624,-0.20672982955004332,-5.717226582625784
0.6721344268853771,PASSED,-0.2723401758580671,0.04027035161940032,1.065584746279064,2.6908315841438952,-0.2123825227969797,-5.609671023143413
0.6731346269253851,PASSED,-0.2722993810104392,0.0413235691139828,1.0449726601181,2.69061644086139,-0.21792649075918794,-5.500165921584805
0.6741348269653931,PASSED,-0.27225754339646613,0.0423559582150028,1.0240000616212643,2.690395809127678,-0.22335981443313743,-5.388762175525957
0.6751350270054011,PASSED,-0.2722146840210101,0.04336716405579781,1.002676360244174,2.690169800515607,-0.2286806261244689,-5.275511368535142
0.6761352270454091,PASSED,-0.27217082423905,0.044356841247179916,0.9810110788073954,2.689938528439767,-0.2338871099617837,-5.160465483167884
0.6771354270854171,PASSED,-0.2721259857461515,0.04532465398348018,0.9590138412955225,2.6897021081043775,-0.23897750243126442,-5.043677127022626
0.6781356271254251,PASSED,-0.2720801905688331,0.046270276144199055,0.9366943736677819,2.689460656450637,-0.2439500929683494,-4.92519947712654
0.6791358271654331,PASSED,-0.27203346105483067,0.047193391394465024,0.9140625013314229,2.6892142921035704,-0.24880322441033864,-4.805086085231039
0.6801360272054411,PASSED,-0.27198581986326603,0.04809369327893681,0.8911281398987031,2.688963135318408,-0.2535352934172304,-4.6833909546655805
0.6811362272454491,PASSED,-0.2719372899547234,0.048970885310073986,0.8679012919628145,2.6887073079264887,-0.258144750992069,-4.560168654953929
0.6821364272854571,PASSED,-0.2718878945812384,0.049824681055011956,0.8443920469214073,2.688446933280752,-0.26263010287759764,-4.435474039245044
0.6831366273254651,PASSED,-0.2718376572762044,0.05065480421571227,0.8206105698862551,2.6881821362008185,-0.26698990989038335,-4.309362328479481
0.6841368273654731,PASSED,-0.27178660184419934,0.05146098870516387,0.7965671024951628,2.6879130429177005,-0.2712227883379397,-4.1818891936076845
0.6851370274054811,PASSED,-0.27173475235073935,0.05224297871982792,0.772271956109975,2.6876397810181647,-0.2753274103531078,-4.053110562875067
0.6861372274454891,PASSED,-0.2716821331119622,0.053000528806464296,0.7477355069873077,2.6873624793887667,-0.27930250416524316,-3.9230826449754916
0.6871374274854971,PASSED,-0.2716287686842459,0.05373340392534705,0.7229681934797062,2.6870812681595933,-0.2831468544162804,-3.791861988411723
0.6881376275255051,PASSED,-0.27157468385376615,0.05444137950913812,0.6979805106653205,2.6867962786477317,-0.28685930241836854,-3.6595053445391583
0.6891378275655131,PASSED,-0.27151990362599804,0.05512424151592491,0.6727830042011129,2.686507643300499,-0.29043874635974704,-3.5260696726047347
0.6901380276055211,PASSED,-0.2714644532151656,0.05578178647948736,0.6473862698033424,2.6862154956384545,-0.29388414151989595,-3.3916121518450653
0.6911382276455291,PASSED,-0.2714083580336447,0.05641382155401746,0.6218009443479399,2.685919970198212,-0.2971945004735352,-3.2561901548353207
0.6921384276855371,PASSED,-0.2713516436813225,0.05702016455461287,0.5960377047603909,2.6856212024750787,-0.30036889323545646,-3.1198611666451943
0.6931386277255451,PASSED,-0.2712943359349189,0.05760064399337108,0.5701072614234256,2.6853193288655794,-0.3034064473426348,-2.982682734200349
0.6941388277655531,PASSED,-0.27123646073727453,0.058155099111095225,0.5440203552579664,2.6850144866098313,-0.30630634802244233,-2.8447126435456744
0.6951390278055611,PASSED,-0.27117804418660857,0.058683379904470624,0.5177877521203642,2.6847068137338552,-0.3090678382534079,-2.706008622578848
0.6961392278455691,PASSED,-0.27111911252575227,0.05918534714846404,0.49142023857545064,2.6843964489917984,-0.31169021879024844,-2.566628479681668
0.6971394278855771,PASSED,-0.27105969213136183,0.05966087241469576,0.46492861800257274,2.684083531808124,-0.3141728482306197,-2.426630080830995
0.6981396279255851,PASSED,-0.270999809503115,0.060109838085817685,0.43832370653483127,2.68376820221979,-0.31651514300136613,-2.28607123069006
0.6991398279655932,PASSED,-0.27093949125289607,0.0605321373647427,0.41161632718514773,2.6834506008184245,-0.31871657733596354,-2.1450097372022885
0.7001400280056012,PASSED,-0.2708787640939737,0.06092767427931711,0.38481730616726356,2.6831308686925266,-0.32077668326157655,-2.0035033845534813
0.7011402280456092,PASSED,-0.27081765483017534,0.061296363683779886,0.35793746999310544,2.682809147369748,-0.32269505048439345,-1.861609781659223
0.7021404280856172,PASSED,-0.2707561903450634,0.06163813125539506,0.33098763936321535,2.682485578759212,-0.3244713263440216,-1.7193865782740203
0.7031406281256252,PASSED,-0.270694397591117,0.06195291348550305,0.3039786239378434,2.6821603050939684,-0.3261052156956282,-1.5768912004949989
0.7041408281656332,PASSED,-0.2706323035789238,0.0622406576683474,0.2769212221153531,2.6818334688735526,-0.3275964807393969,-1.4341809392844882
0.7051410282056412,PASSED,-0.270569935366385,0.06250132188582234,0.24982621438133726,2.681505212806704,-0.3289449408936359,-1.29131296420859
0.7061412282456492,PASSED,-0.27050732004794065,0.06273487498414519,0.2227043542838589,2.681175679754237,-0.33015047262742564,-1.1483442468438347
0.7071414282856572,PASSED,-0.2704444847438157,0.06294129655129409,0.19556637572559474,2.6808450126721137,-0.331213009230419,-1.0053315070931796
0.7081416283256652,PASSED,-0.2703814565892941,0.06312057688858866,0.1684229783405489,2.6805133545547326,-0.33213254058451497,-0.8623312520977876
0.7091418283656732,PASSED,-0.2703182627240226,0.06327271697564306,0.14128482619695684,2.680180848378437,-0.3329091129570824,-0.7193997862138741
0.7101420284056812,PASSED,-0.27025493028135106,0.06339772843463365,0.11416254751966487,2.6798476370452926,-0.3335428287090122,-0.5765930624070369
0.7111422284456892,PASSED,-0.2701914863777103,0.06349563349003878,0.08706672732877263,2.6795138633271356,-0.3340338459951082,-0.43396676855537347
0.7121424284856971,PASSED,-0.27012795810203394,0.06356646492196516,0.06000790165811385,2.6791796698099124,-0.3343823784939233,-0.29157631898826286
0.7131426285257051,PASSED,-0.270064372505227,0.06361026601735734,0.032996557881575926,2.678845198838346,-0.33458869505630173,-0.14947672463848288
0.7141428285657131,PASSED,-0.27000075658968514,0.06362709051896139,0.0060431307523699275,2.6785105924609303,-0.33465311935461156,-0.00772268075730972
0.7151430286057211,PASSED,-0.26993713729886937,0.06361700256621247,-0.020842008416434066,2.6781759923752864,-0.3345760295368952,0.13363148336544087
0.7161432286457291,PASSED,-0.26987354150693904,0.06358007663488671,-0.047648546598628654,2.677841539873886,-0.3343578578373858,0.2745318436054511
0.7171434286857371,PASSED,-0.2698099960084474,0.06351639747474583,-0.07436623583571488,2.677507375790189,-0.33399909014067986,0.41492493210628667
0.7181436287257451,PASSED,-0.26974652750810374,0.06342606003911173,-0.10098490216634323,2.6771736404451634,-0.333500265607217,0.5547576010339066
0.7191438287657531,PASSED,-0.2696831626106051,0.06330916941358466,-0.1274944411008932,2.67684047359426,-0.33286197622478303,0.6939772367007221
0.7201440288057611,PASSED,-0.26961992781054195,0.06316584074161026,-0.15388482589008545,2.676508014374838,-0.33208486629088685,0.8325317320265505
0.7211442288457691,PASSED,-0.269556849482381,0.06299619914387508,-0.1801461122985857,2.6761764012540317,-0.3311696320212965,0.9703692946328546
0.7221444288857771,PASSED,-0.2694939538705291,0.06280037963659367,-0.20626843726996869,2.6758457719771336,-0.3301170210231853,1.1074388004301292
0.7231446289257851,PASSED,-0.26943126707948123,0.06257852704512851,-0.23224202759528698,2.6755162635164544,-0.32892783174770795,1.2436895921754807
0.7241448289657931,PASSED,-0.26936881506405663,0.06233079591432292,-0.2580571996124633,2.6751880120207137,-0.3276029130212898,1.37907148257985
0.7251450290058011,PASSED,-0.2693066236197258,0.06205735041602655,-0.28370436408562966,2.6748611527649517,-0.32614316349925704,1.5135348816680327
0.7261452290458091,PASSED,-0.26924471837303293,0.06175836425154765,-0.3091740314077478,2.6745358201010085,-0.32454953105501305,1.6470308192946137
0.7271454290858171,PASSED,-0.26918312477211515,0.06143402055354364,-0.33445680906818875,2.674212147408552,-0.32282301225254667,1.779510791247518
0.7281456291258251,PASSED,-0.269121868077324,0.06108451178247668,-0.3595434123994692,2.6738902670466937,-0.32096465177402633,1.910926936702219
0.7291458291658331,PASSED,-0.2690609733519507,0.060710039620224275,-0.3844246621543591,2.6735703103061943,-0.31897554177201737,2.041232045546832
0.7301460292058412,PASSED,-0.2690004654530594,0.06031081486192262,-0.4090914890665236,2.673252407362296,-0.31685682125323694,2.1703795009362086
0.7311462292458492,PASSED,-0.26894036902243035,0.059887057303292066,-0.43353493833990675,2.6729366872281406,-0.314609675519851,2.298323221685882
0.7321464292858572,PASSED,-0.26888070847761786,0.059438995624576704,-0.45774617229899606,2.6726232777088774,-0.312235335434884,2.4250179938210077
0.7331466293258652,PASSED,-0.26882150800312393,0.05896686727415861,-0.4817164691641591,2.672312305356377,-0.30973507678898454,2.550419080618436
0.7341468293658732,PASSED,-0.26876279154169147,0.05847091834718116,-0.5054372321863125,2.672003895424632,-0.3071102196908971,2.6744824430667573
0.7351470294058812,PASSED,-0.26870458278572085,0.0579514034595693,-0.5288999912289086,2.671698171825825,-0.3043621278132446,2.7971648340428525
0.7361472294458892,PASSED,-0.2686469051688104,0.057408585624600356,-0.5520963974623035,2.6713952570871,-0.30149220769192697,2.9184236461674886
0.7371474294858972,PASSED,-0.2685897818574259,0.05684273612207476,-0.5750182392344582,2.6710952723080217,-0.29850190808494503,3.038216914191522
0.7381476295259052,PASSED,-0.2685332357426997,0.056254134365377045,-0.5976574350065423,2.6707983371187387,-0.2953927192282475,3.156503485034867
0.7391478295659132,PASSED,-0.2684772894323641,0.05564306776922887,-0.6200060369092456,2.6705045696389154,-0.2921661720225442,3.2732430194822397
0.7401480296059212,PASSED,-0.26842196524281947,0.0550098316113975,-0.6420562384461216,2.6702140864373347,-0.28882383742704204,3.3883956461820994
0.7411482296459292,PASSED,-0.2683672851913411,0.05435472889267685,-0.6638003722369884,2.669927002492308,-0.2853673256412313,3.501922545563236
0.7421484296859372,PASSED,-0.26831327098842706,0.05367807019627776,-0.6852309125071477,2.669643431152806,-0.2817982852822121,3.61378556798983
0.7431486297259452,PASSED,-0.2682599440302879,0.0529801735432502,-0.7063404800411671,2.6693634841003675,-0.27811840273141997,3.72394720599379
0.7441488297659532,PASSED,-0.2682073253914833,0.052261364245412584,-0.7271218430352547,2.6690872713117892,-0.2743294012886509,3.8323709339525416
0.7451490298059612,PASSED,-0.2681554358177045,0.05152197475745049,-0.7475679179133274,2.6688149010225892,-0.270433040360111,3.9390209249314
0.7461492298459692,PASSED,-0.26810429571870786,0.0507623445263003,-0.7676717733080968,2.6685464796912894,-0.2664311146934368,4.043862161169521
0.7471494298859772,PASSED,-0.2680539251613993,0.04998281983710788,-0.7874266331153055,2.668282111964473,-0.2623254535807538,4.146860413691839
0.7481496299259852,PASSED,-0.26800434386307315,0.04918375365962326,-0.8068258737308281,2.668021900642676,-0.2581179200087612,4.247982344193131
0.7491498299659932,PASSED,-0.2679555711848061,0.048365505491558325,-0.8258630309543475,2.6677659466471004,-0.2538104098213234,4.347195416267643
0.7501500300060012,PASSED,-0.26790762612500996,0.04752844119868432,-0.8445318008204556,2.6675143489871354,-0.24940485095483966,4.44446783329453
0.7511502300460092,PASSED,-0.2678605273131425,0.046672932854904856,-0.8628260390854651,2.667267204728742,-0.24490320253365733,4.539768813107584
0.7521504300860172,PASSED,-0.267814293003581,0.045799358581463064,-0.8807397630126769,2.66702460896366,-0.24030745402561376,4.633068304667596
0.7531506301260252,PASSED,-0.2677689410696579,0.04490810238100988,-0.8982671587468448,2.6667866547794845,-0.23561962443271467,4.724337118386765
0.7541508301660332,PASSED,-0.2677244889978612,0.04399955397259214,-0.9154025748650004,2.666553433230578,-0.23084176140126225,4.813546973496152
0.7551510302060412,PASSED,-0.267680953882202,0.04307410862614505,-0.9321405275018108,2.666325033309863,-0.2259759403413479,4.9006704508598595
0.7561512302460492,PASSED,-0.267638352418748,0.04213216699292587,-0.9484757036974316,2.666101541921483,-0.22102426357585858,4.9856809752423015
0.7571514302860572,PASSED,-0.26759670090032833,0.04117413493431696,-0.9644029618832253,2.6658830438543246,-0.21598885947533092,5.068552850717912
0.7581516303260653,PASSED,-0.26755601521140676,0.04020042335358981,-0.9799173266231005,2.665669621756438,-0.2108718815361688,5.149261331458278
0.7591518303660733,PASSED,-0.2675163108231287,0.039211448021210744,-0.9950140028830529,2.66546135611032,-0.20567550753009406,5.22778245581903
0.7601520304060813,PASSED,-0.26747760278854,0.038207629400599324,-1.0096883657636517,2.66525832520913,-0.20040193857193983,5.304093293044325
0.7611522304460893,PASSED,-0.26743990573798043,0.03718939247606979,-1.0239359637067915,2.6650606051337427,-0.1950533982652999,5.378171649036989
0.7621524304860973,PASSED,-0.2674032338746528,0.03615716657466681,-1.0377525265337717,2.6648682697307415,-0.18963213179974112,5.44999634324002
0.7631526305261053,PASSED,-0.2673676009703679,0.03511138518885048,-1.0511339586713686,2.6646813905913107,-0.18414040497640718,5.5195471433965295
0.7641528305661133,PASSED,-0.26733302036146733,0.034052485800638604,-1.0640763412388863,2.6645000370310066,-0.17858050339746243,5.586804535976935
0.7651530306061213,PASSED,-0.2672995049449249,0.0329809097015313,-1.0765759376862554,2.6643242760704746,-0.1729547315120092,5.651750118437399
0.7661532306461293,PASSED,-0.267267067174626,0.03189710181285277,-1.0886291893400515,2.66415417241705,-0.16726541166242467,5.714366337015939
0.7671534306861373,PASSED,-0.2672357190578283,0.03080151050603829,-1.100232718464101,2.6639897884472856,-0.16151488324432323,5.77463647215849
0.7681536307261452,PASSED,-0.2672054721518021,0.02969458742135888,-1.1113833288229478,2.6638311841904043,-0.1557055017384208,5.832544861731718
0.7691538307661532,PASSED,-0.2671763375606524,0.028576787286757038,-1.1220780051211017,2.6636784173126524,-0.14983963778789497,5.888076676388574
0.7701540308061612,PASSED,-0.26714832593232263,0.027448567734662206,-1.1323139167439842,2.6635315431025828,-0.14391967632116506,5.94121799362412
0.7711542308461692,PASSED,-0.26712144745578087,0.026310389120421253,-1.1420884125722655,2.663390614457277,-0.13794801556615835,5.991955929261763
0.7721544308861772,PASSED,-0.267095711858389,0.02516271433922899,-1.1513990269389265,2.663255681869458,-0.1319270661725008,6.040278369921374
0.7731546309261852,PASSED,-0.2670711284034545,0.024006008642139483,-1.1602434771898913,2.663126793415555,-0.12585925028556458,6.086174231612818
0.7741548309661932,PASSED,-0.26704770588796645,0.022840739452453112,-1.1686196646840183,2.663003994744688,-0.11974700057144198,6.129633369129107
0.7751550310062012,PASSED,-0.26702545264051497,0.02166737618239249,-1.176525673645026,2.662887329068567,-0.1135927593528462,6.170646451573553
0.7761552310462092,PASSED,-0.26700437651939435,0.020486390049233597,-1.1839597728348008,2.6627768371523284,-0.10739897766401396,6.209205180338049
0.7771554310862172,PASSED,-0.2669844849108909,0.019298253889833746,-1.19092041710988,2.662672557306296,-0.10116811428488982,6.245302178314875
0.7781556311262252,PASSED,-0.26696578472775423,0.018103441977649414,-1.1974062422339646,2.6625745253786572,-0.0949026348777848,6.278930892965111
0.7791558311662332,PASSED,-0.26694828240785295,0.0169024298393061,-1.2034160690828832,2.662482774749084,-0.08860501102937124,6.3100858187125235
0.7801560312062412,PASSED,-0.2669319839130149,0.015695694068309396,-1.2089489056059148,2.6623973363232465,-0.0822777193227529,6.338762298555545
0.7811562312462492,PASSED,-0.2669168947280502,0.014483712142904117,-1.2140039386048558,2.662318238528286,-0.07592324043358724,6.364956616239112
0.7821564312862572,PASSED,-0.26690301985995923,0.013266962242608512,-1.2185805414227728,2.6622455073091786,-0.06954405820032487,6.388665977944542
0.7831566313262652,PASSED,-0.2668903638373231,0.012045923063946435,-1.222678270154945,2.6621791661260232,-0.06314265872294354,6.409888477005852
0.7841568313662732,PASSED,-0.26687893070987806,0.01082107363784399,-1.2262968634007811,2.6621192359522636,-0.056721529414696346,6.428623195741421
0.7851570314062812,PASSED,-0.266868724048272,0.009592893146935627,-1.229436242580085,2.6620657352738024,-0.05028315811051689,6.444870043138145
0.7861572314462892,PASSED,-0.2668597469440037,0.00836186074432681,-1.232096509294637,2.6620186800890444,-0.04383003217026283,6.458629871664677
0.7871574314862972,PASSED,-0.26685200200954384,0.007128455370729962,-1.2342779497983232,2.661978083909831,-0.037364637546065047,6.469904459219857
0.7881576315263052,PASSED,-0.2668454913786373,0.005893155573643866,-1.235981028611279,2.661943957763304,-0.03088945787153373,6.478696484738959
0.7891578315663133,PASSED,-0.2668402167067854,0.004656439328855716,-1.237206388906062,2.6619163101946373,-0.024406973617381467,6.485009433761132
0.7901580316063213,PASSED,-0.2668361791719097,0.0034187838587695137,-1.2379548575396304,2.6618951472707097,-0.01791966111833567,6.488847875902237
0.7911582316463293,PASSED,-0.2668333794751929,0.0021806654536407773,-1.2382274368548072,2.661880472584632,-0.011429991723428044,6.490217074244556
0.7921584316863373,PASSED,-0.26683181784209986,0.0009425592955592696,-1.2380253055659751,2.661872287261197,-0.004940430920509454,6.489123288701281
0.7931586317263453,PASSED,-0.2668314940235752,-0.0002950607202172839,-1.237349822583606,2.661870589963183,0.0015465625723549788,6.485573628973201
0.7941588317663533,PASSED,-0.2668324072974178,-0.0015317221619269431,-1.2362025211270284,2.661875376898575,0.008028537699256483,6.479576125520372
0.7951590318063613,PASSED,-0.26683455646983095,-0.0027669542343691893,-1.2345851066523925,2.6618866418286324,0.014503051906177426,6.471139594521326
0.7961592318463693,PASSED,-0.266837939877147,-0.0040002879547688455,-1.232499462897831,2.661904376076845,0.020967672010993837,6.460273778346467
0.7971594318863773,PASSED,-0.2668425553877253,-0.005231256325024957,-1.2299476418282993,2.66192856853874,0.0274199750988897,6.446989294262125
0.7981596319263853,PASSED,-0.26684840040402297,-0.006459394503645422,-1.2269318698152423,2.661959205692573,0.03385754936696901,6.431297583957438
0.7991598319663933,PASSED,-0.26685547186483627,-0.007684239975509869,-1.2234545398972507,2.661996271610839,0.04027799493682695,6.413210893791609
0.8001600320064013,PASSED,-0.2668637662477122,-0.008905332722305618,-1.219518218061416,2.662039747972668,0.046678924755019606,6.392742434460027
0.8011602320464093,PASSED,-0.26687327957152845,-0.010122215389959718,-1.215125634049221,2.6620896140770327,0.05305796541470986,6.369906143177068
0.8021604320864173,PASSED,-0.2668840073992404,-0.011334433453674233,-1.2102796834913787,2.66214584685682,0.05941275796987167,6.344716829818308
0.8031606321264253,PASSED,-0.26689594484079415,-0.012541535385594589,-1.2049834308730074,2.6622084208936885,0.06574095875055802,6.3171900812650446
0.8041608321664333,PASSED,-0.2669090865562037,-0.013743072816792209,-1.1992400980806932,2.662277308433793,0.07204024023103134,6.287342413278829
0.8051610322064413,PASSED,-0.26692342675879077,-0.014938600697989095,-1.1930530699410156,2.662352479404298,0.07830829181240125,6.255191026763969
0.8061612322464493,PASSED,-0.26693895921858557,-0.016127677462490126,-1.1864258942077062,2.662433901430702,0.08454282059576335,6.220753954427521
0.8071614322864573,PASSED,-0.26695567726588754,-0.01730986518379487,-1.1793622727027675,2.6625215398549544,0.09074155220905569,6.184050052535569
0.8081616323264653,PASSED,-0.26697357379498354,-0.018484729731086405,-1.1718660636840446,2.662615357754377,0.09690223160868164,6.145098964352857
0.8091618323664733,PASSED,-0.26699264126802225,-0.01965184092637317,-1.1639412830219136,2.6627153159613575,0.1030226238243289,6.103921049843538
0.8101620324064813,PASSED,-0.26701287171904253,-0.020810772697428308,-1.1555920964106192,2.6628213730838137,0.1091005147225317,6.0605374637756535
0.8111622324464893,PASSED,-0.2670342567581548,-0.021961103228440634,-1.146822820746802,2.6629334855264384,0.11513371181920598,6.014970185273381
0.8121624324864973,PASSED,-0.26705678757587237,-0.023102415110702275,-1.1376379232715375,2.663051607512683,0.12112004498624064,5.967241821542185
0.8131626325265053,PASSED,-0.2670804549475916,-0.02423429548886518,-1.1280420147571495,2.663175691107498,0.12705736718198105,5.917375778539204
0.8141628325665133,PASSED,-0.2671052492382187,-0.025356336208012555,-1.1180398554075255,2.6633056862408044,0.1329435552363361,5.865396238232328
0.8151630326065213,PASSED,-0.2671311604069412,-0.02646813395666908,-1.1076363441558525,2.6634415407317142,0.13877651056174595,5.811328050194864
0.8161632326465293,PASSED,-0.2671581780121416,-0.027569290407672597,-1.0968365222352952,2.6635832003134365,0.1445541598073867,5.755196709271348
0.8171634326865373,PASSED,-0.26718629121645177,-0.028659412358047278,-1.0856455691342701,2.6637306086589247,0.1502744556364216,5.69702857554391
0.8181636327265454,PASSED,-0.2672154887919451,-0.029738111866316204,-1.0740688010253576,2.6638837074071913,0.1559353773928,5.636850543601353
0.8191638327665534,PASSED,-0.2672457591254654,-0.030805006386847838,-1.0621116668691537,2.664042436190349,0.16153493177743553,5.574690278658286
0.8201640328065614,PASSED,-0.2672770902240883,-0.031859718902291875,-1.0497797478273039,2.6642067326612926,0.16707115352412358,5.5105760587079144
0.8211642328465694,PASSED,-0.2673094697207154,-0.03290187805514933,-1.037078756210884,2.6643765325220663,0.17254210605968923,5.444536853470775
0.8221644328865774,PASSED,-0.2673428848797967,-0.033931118274191055,-1.0240145275956167,2.664551769552901,0.17794588218973045,5.376602314421561
0.8231646329265854,PASSED,-0.26737732260317987,-0.0349470799001573,-1.0105930248800081,2.664732375641856,0.1832806046656442,5.306802583575176
0.8241648329665934,PASSED,-0.26741276943608405,-0.035949409310064406,-0.9968203332585012,2.6649182808151433,0.18854442687112413,5.2351686200831455
0.8251650330066013,PASSED,-0.26744921157319496,-0.0369377590359406,-0.9827026542879971,2.665109413268039,0.19373553345052183,5.161731885607385
0.8261652330466093,PASSED,-0.2674866348648798,-0.037911787884064505,-0.9682463106811782,2.665305699396417,0.1988521408404609,5.086524392826867
0.8271654330866173,PASSED,-0.26752502482351853,-0.03887116105091857,-0.9534577376359771,2.6655070638288914,0.20389249793631137,5.009578897866194
0.8281656331266253,PASSED,-0.2675643666299497,-0.03981555023413807,-0.9383434802751682,2.6657134294595326,0.20885488665683585,4.930928602296645
0.8291658331666333,PASSED,-0.2676046451400275,-0.04074463374456262,-0.9229101971908084,2.665924717481161,0.2137376224700259,4.850607287118985
0.8301660332066413,PASSED,-0.2676458448912878,-0.04165809661322667,-0.9071646496462142,2.6661408474192068,0.21853905499772236,4.768649354748091
0.8311662332466493,PASSED,-0.26768795010972035,-0.04255563069574548,-0.8911137044338787,2.666361737166122,0.2232575685614373,4.6850897030261525
0.8321664332866573,PASSED,-0.26773094471664466,-0.04343693477487591,-0.8747643289281439,2.666587303016328,0.22789158267663187,4.599963723306844
0.8331666333266653,PASSED,-0.2677748123356865,-0.0443017146603453,-0.8581235898302171,2.66681745970167,0.2324395525668609,4.513307334843841
0.8341668333666733,PASSED,-0.2678195362998521,-0.04514968328422577,-0.8411986465806447,2.6670521204274173,0.23689996973491292,4.425157056857444
0.8351670334066813,PASSED,-0.26786509965869765,-0.04598056079498651,-0.8239967535474694,2.6672911969087427,0.24127136241240246,4.335549757910969
0.8361672334466893,PASSED,-0.26791148518559144,-0.04679407464974089,-0.8065252555589923,2.667534599407671,0.24555229597661613,4.244522768415496
0.8371674334866973,PASSED,-0.2679586753850644,-0.04758995969979136,-0.7887915797114403,2.667782236770532,0.24974137352829923,4.152114073861498
0.8381676335267053,PASSED,-0.26800665250024813,-0.04836795827697548,-0.7708032421659116,2.668034016465852,0.2538372363041995,4.05836191059279
0.8391678335667133,PASSED,-0.2680553985203958,-0.049127820276304586,-0.7525678374378992,2.668289844622677,0.25783856402650573,3.9633049301152377
0.8401680336067213,PASSED,-0.2681048951884837,-0.049869303233510735,-0.7340930370516543,2.6685496260693724,0.2617440754719425,3.8669824556510637
0.8411682336467293,PASSED,-0.2681551240088906,-0.050592172401976894,-0.7153865894091621,2.668813264372774,0.2655525287877879,3.769433889308354
0.8421684336867373,PASSED,-0.26820606625515125,-0.05129620082588547,-0.6964563135748524,2.6690806618777936,0.26926272186321143,3.6706991995003015
0.8431686337267453,PASSED,-0.26825770297778173,-0.05198116940945601,-0.6773100969009939,2.669351719747389,0.27287349281275436,3.570818782904669
0.8441688337667533,PASSED,-0.26831001501217294,-0.05264686698459794,-0.6579558939692248,2.66962633800291,0.2763837202676658,3.4698332362492326
0.8451690338067613,PASSED,-0.2683629829865496,-0.05329309037443477,-0.6384017204152441,2.6699044155647993,0.2797923236951947,3.36778355504865
0.8461692338467693,PASSED,-0.2684165873299912,-0.0539196444529303,-0.6186556505490628,2.6701858502936484,0.28309826383623476,3.264711198367668
0.8471694338867773,PASSED,-0.2684708082805122,-0.05452634220449311,-0.5987258189053015,2.6704705390315664,0.28630054295901036,3.160657739047629
0.8481696339267853,PASSED,-0.2685256258931983,-0.055113004776982014,-0.5786204082113083,2.6707583776438777,0.2893982051442759,3.055665149410759
0.8491698339667934,PASSED,-0.26858102004839524,-0.05567946153177535,-0.5583476525147022,2.6710492610611025,0.2923903366374312,2.949775722318413
0.8501700340068014,PASSED,-0.26863697045994706,-0.05622555009424733,-0.5379158357768264,2.671343083321234,0.2952760660986461,2.8430319538125093
0.8511702340468094,PASSED,-0.2686934566834808,-0.05675111639702213,-0.5173332807734502,2.6716397376122827,0.29805456484440124,2.735476607050161
0.8521704340868174,PASSED,-0.2687504581247349,-0.05725601472130386,-0.49660835328725655,2.6719391163150568,0.3007250471053145,2.627152696821987
0.8531706341268254,PASSED,-0.26880795404792635,-0.05774010773571068,-0.47574945515318795,2.6722411110462,0.3032867702717308,2.5181034794791697
0.8541708341668334,PASSED,-0.2688659235841554,-0.058203266531113886,-0.4547650222365556,2.6725456127014375,0.30573903508227085,2.408372364580706
0.8551710342068414,PASSED,-0.26892434573984336,-0.05864537065262937,-0.4336635210347605,2.6728525114990322,0.3080811858268923,2.2980029979819214
0.8561712342468494,PASSED,-0.26898319940520066,-0.059066308127657625,-0.4124534443572547,2.673161697023437,0.31031261055754256,2.1870392190958534
0.8571714342868574,PASSED,-0.26904246336272136,-0.059465975491356446,-0.39114330992653035,2.67347305826909,0.31243274118385,2.0755248977818157
0.8581716343268654,PASSED,-0.26910211629570174,-0.05984427780861173,-0.36974165547445254,2.6737864836844176,0.31444105370141445,1.963504264086266
0.8591718343668734,PASSED,-0.26916213679677875,-0.06020112869244861,-0.34825703607850245,2.674101861215935,0.3163370683020562,1.8510214916787717
0.8601720344068814,PASSED,-0.26922250337648557,-0.06053645031935374,-0.3266980207895593,2.674419078352491,0.31812034943408546,1.7381208922628155
0.8611722344468894,PASSED,-0.2692831944718207,-0.0608501734413896,-0.3050731895333833,2.6747380221696218,0.3197905059800462,1.6248469817593727
0.8621724344868974,PASSED,-0.2693441884548276,-0.061142237394873664,-0.2833911294511867,2.6750585793739883,0.3213471913156095,1.5112442380992324
0.8631726345269054,PASSED,-0.26940546364118134,-0.06141259010561842,-0.26166043160712427,2.6753806363479007,0.32279010334623487,1.397357225642727
0.8641728345669134,PASSED,-0.26946699829877835,-0.06166118809087894,-0.23988968769611826,2.6757040791938898,0.3241189845924702,1.2832305932970025
0.8651730346069214,PASSED,-0.2695287706563276,-0.061887996458597515,-0.2180874877335367,2.6760287937793374,0.32533362222923956,1.1689089990843726
0.8661732346469294,PASSED,-0.26959075891193784,-0.06209298890208746,-0.19626241399421793,2.6763546657811164,0.32643384807328396,1.054437074017815
0.8671734346869374,PASSED,-0.26965294124169953,-0.062276147692647936,-0.17442304160464894,2.6766815807302504,0.32741953859882134,0.9398594932170243
0.8681736347269454,PASSED,-0.26971529580825626,-0.062437463668269806,-0.15257793163335032,2.677009424056568,0.3282906149448285,0.8252209145338417
0.8691738347669534,PASSED,-0.2697778007693641,-0.06257693621915035,-0.13073563037869024,2.67733808113332,0.32904704284105046,0.7105658840140084
0.8701740348069614,PASSED,-0.2698404342864345,-0.06269457326979129,-0.10890466414909457,2.677667437321779,0.3296888325897533,0.5959389918287513
0.8711742348469694,PASSED,-0.2699031745330577,-0.06279039125762644,-0.08709353695916913,2.6779973780157516,0.3302160389908498,0.4813846739416263
0.8721744348869774,PASSED,-0.2699659997035034,-0.06286441510951944,-0.06531072851557053,2.6783277886860515,0.3306287612631386,0.36694733785360595
0.8731746349269854,PASSED,-0.2700288880211957,-0.0629166782135433,-0.04356468769603571,2.678658554924851,0.33092714293794945,0.2526712327823648
0.8741748349669934,PASSED,-0.27009181774715846,-0.06294722238750941,-0.02186383147948085,2.678989562489938,0.33111137173477595,0.13860050618930972
0.8751750350070014,PASSED,-0.27015476718842835,-0.06295609784624495,-0.00021654357290937215,2.6793206973488584,0.33118167947015964,0.02477922151328936
0.8761752350470094,PASSED,-0.270217714706432,-0.06294336316342748,0.021368833744392877,2.6796518457228893,0.3311383418469583,-0.08874885301117749
0.8771754350870175,PASSED,-0.2702806387253245,-0.06290908523037646,0.04288399925544544,2.679982894130892,0.3309816783332579,-0.20193995415989083
0.8781756351270255,PASSED,-0.27034351774028537,-0.06285333921395725,0.06432069452839154,2.6803137294329473,0.33071205196787595,-0.3147506395300675
0.8791758351670335,PASSED,-0.27040633032576916,-0.06277620850766588,0.08567071413335049,2.6806442388738434,0.33032986915193735,-0.427137600210926
0.8801760352070415,PASSED,-0.27046905514370817,-0.0626777846831659,0.10692589807772633,2.6809743101263166,0.32983557943498254,-0.5390577947841403
0.8811762352470495,PASSED,-0.2705316709516626,-0.06255816743647918,0.1280781457593792,2.681303831334086,0.329229675278009,-0.6504683984330738
0.8821764352870574,PASSED,-0.27059415661091657,-0.06241746453106977,0.14911941184277405,2.681632691154654,0.32851269183258464,-0.7613268100851616
0.8831766353270654,PASSED,-0.27065649109451567,-0.06225579173881224,0.17004171253404343,2.681960778801825,0.3276852066277577,-0.8715908013214092
0.8841768353670734,PASSED,-0.2707186534952443,-0.06207327277825242,0.190837125910331,2.68228798408797,0.32674783930556334,-0.9812183361096561
0.8851770354070814,PASSED,-0.2707806230335383,-0.06187003924793761,0.21149779991779896,2.682614197465981,0.3257012513400277,-1.0901677184862932
0.8861772354470894,PASSED,-0.27084237906533065,-0.061646230557643206,0.23201595054547935,2.682939310070947,0.3245461457110271,-1.1983975693435003
0.8871774354870974,PASSED,-0.27090390108982737,-0.06140199385826762,0.2523838652623304,2.68326321376146,0.32328326653156564,-1.3058669195401327
0.8881776355271054,PASSED,-0.27096516875721,-0.06113748396612391,0.2725939100646212,2.6835858011606315,0.3219133987676836,-1.4125349934434095
0.8891778355671134,PASSED,-0.2710261618762626,-0.06085286328555941,0.292638527564416,2.6839069656967083,0.3204373678325932,-1.5183615628551572
0.8901780356071214,PASSED,-0.27108686042191926,-0.06054830172922805,0.31251024217598916,2.684226601643346,0.31885603919388106,-1.6233066892834564
0.8911782356471294,PASSED,-0.27114724454273026,-0.060223976634156136,0.33220166366919657,2.6845446041594694,0.31717031800686246,-1.7273308521753066
0.8921784356871374,PASSED,-0.27120729456824366,-0.059880072676502,0.3517054869774344,2.684860869328748,0.3153811486924868,-1.830394955842567
0.8931786357271454,PASSED,-0.2712669910162989,-0.05951678178168645,0.37101450004095854,2.6851752941986438,0.3134895145034952,-1.9324603444243225
0.8941788357671534,PASSED,-0.27132631460023104,-0.05913430303394117,0.39012157954816506,2.6854877768190097,0.3114964370680914,-2.0334888293901368
0.8951790358071614,PASSED,-0.27138524623598165,-0.05873284258196051,0.4090197002689776,2.6857982162802627,0.30940297596468247,-2.133442619421451
0.8961792358471694,PASSED,-0.27144376704911355,-0.05831261354014645,0.42770193617744173,2.686106512751063,0.3072102282204063,-2.2322844941793334
0.8971794358871774,PASSED,-0.2715018583817286,-0.057873835891541006,0.4461614568907755,2.6864125675155193,0.30491932780003106,-2.329977704505769
0.8981796359271854,PASSED,-0.2715595017992831,-0.05741673638470136,0.4643915401388934,2.686716283009913,0.30253144517042174,-2.4264859130116867
0.8991798359671934,PASSED,-0.27161667909730125,-0.056941548427374644,0.4823855687852606,2.6870175628588906,0.3000477867308404,-2.5217734572944
0.9001800360072014,PASSED,-0.271673372307981,-0.05644851198163428,0.5001370303770883,2.687316311911123,0.29746959423816993,-2.6158051829212265
0.9011802360472094,PASSED,-0.2717295637066929,-0.055937873453860115,0.517639526038883,2.6876124362744545,0.29479814436145985,-2.708546339235922
0.9021804360872174,PASSED,-0.2717852358183674,-0.05540988558052113,0.5348867715390593,2.6879058433504595,0.2920347480542041,-2.7999629526023155
0.9031806361272254,PASSED,-0.2718403714237683,-0.0548648073150692,0.5518725947271643,2.6881964418684565,0.28918074995007353,-2.890021538482712
0.9041808361672334,PASSED,-0.2718949535656522,-0.0543029037133288,0.5685909397492291,2.688484141918919,0.2862375278374633,-2.9786891620285196
0.9051810362072414,PASSED,-0.27194896555480824,-0.05372444581096043,0.5850358774477957,2.688768854986303,0.28320649203356,-3.065933565153182
0.9061812362472494,PASSED,-0.27200239097597884,-0.05312971050244387,0.6012015958957395,2.68905049398126,0.28008908473764965,-3.15172311641512
0.9071814362872574,PASSED,-0.27205521369365765,-0.0525189804210473,0.6170824050637768,2.68932897327221,0.27688677941603723,-3.236026791743915
0.9081816363272655,PASSED,-0.2721074178577631,-0.05189254381024692,0.6326727479581264,2.6896042087163092,0.27360108019497026,-3.3188141739490233
0.9091818363672735,PASSED,-0.27215898790918575,-0.05125069439597459,0.6479671918151177,2.6898761176897317,0.27023352114815186,-3.400055628731357
0.9101820364072815,PASSED,-0.27220990858520633,-0.05059373125947368,0.6629604329581056,2.690144619117318,0.26678566564742173,-3.479722082062589
0.9111822364472895,PASSED,-0.27226016492478367,-0.049921958703791174,0.6776473041654503,2.6904096335015293,0.2632591057096376,-3.55778517493177
0.9121824364872975,PASSED,-0.27230974227371063,-0.0492356861204765,0.6920227694141619,2.6906710829507237,0.25965546126343597,-3.6342172937149098
0.9131826365273055,PASSED,-0.2723586262896346,-0.04853522785516787,0.7060819292382796,2.6909288912067404,0.255976379472858,-3.7089914551533676
0.9141828365673135,PASSED,-0.2724068029469429,-0.04782090307036682,0.7198200218428867,2.6911829836717565,0.2522235340109132,-3.782081466472529
0.9151830366073215,PASSED,-0.27245425854150995,-0.04709303560636172,0.7332324254465696,2.6914332874344367,0.24839862432388696,-3.8534618340619935
0.9161832366473295,PASSED,-0.2725009796953044,-0.04635195384044977,0.7463146595555528,2.6916797312953578,0.24450337493292468,-3.923107762229136
0.9171834366873375,PASSED,-0.27254695336085627,-0.04559799054665708,0.7590623832841065,2.691922245791668,0.24053953463652253,-3.990995319184147
0.9181836367273455,PASSED,-0.27259216682558013,-0.044831482750523295,0.7714714047002211,2.6921607632210227,0.23650887578146632,-4.057101212304256
0.9191838367673535,PASSED,-0.2726366077159549,-0.04405277158414123,0.7835376741699488,2.6923952176647328,0.23241319350287468,-4.121402989449895
0.9201840368073615,PASSED,-0.2726802640015575,-0.04326220214185485,0.7952572876973427,2.6926255450101655,0.22825430493482346,-4.183878953785431
0.9211842368473695,PASSED,-0.27272312399895,-0.04246012333053513,0.806626493734637,2.6928516829723455,0.2240340484238747,-4.244508215724297
0.9221844368873775,PASSED,-0.27276517637541803,-0.04164688772029534,0.8176416879098869,2.69307357111478,0.2197542827446974,-4.303270654812594
0.9231846369273855,PASSED,-0.27280641015255963,-0.04082285139672315,0.8282994140137282,2.693291150869482,0.21541688630395991,-4.360146964687401
0.9241848369673935,PASSED,-0.27284681470972366,-0.039988373807838005,0.8385963721327455,2.6935043655561905,0.21102375631306564,-4.415118675032178
0.9251850370074015,PASSED,-0.2728863797872964,-0.0391438176110298,0.8485294132585234,2.6937131604007707,0.20657680797997408,-4.46816810513116
0.9261852370474095,PASSED,-0.2729250954898346,-0.03828954852142401,0.8580955405039771,2.693917482552808,0.2020779737025083,-4.519278392355529
0.9271854370874175,PASSED,-0.27296295228904577,-0.03742593515724465,0.8672919132962791,2.6941172811023644,0.19752920221799836,-4.568433545946208
0.9281856371274255,PASSED,-0.27299994102661257,-0.03655334888301492,0.8761158481853643,2.6943125070959093,0.1929324577650102,-4.615618391016133
0.9291858371674335,PASSED,-0.2730360529168625,-0.03567216365503618,0.8845648145076482,2.694503113551397,0.18828971925244486,-4.66081859359812
0.9301860372074415,PASSED,-0.27307127954928095,-0.03478275586513699,0.8926364401602136,2.694689055472514,0.18360297940843348,-4.704020677620192
0.9311862372474495,PASSED,-0.27310561289086666,-0.033885504181167266,0.90032851317606,2.6948702898620795,0.17887424394212492,-4.745211992100779
0.9321864372874575,PASSED,-0.2731390452883302,-0.03298078939075542,0.9076389752357106,2.695046775734565,0.17410553064240014,-4.784380838140784
0.9331866373274655,PASSED,-0.27317156947013405,-0.03206899424269157,0.9145659299492648,2.6952184741277945,0.16929886857077497,-4.8215162272814265
0.9341868373674735,PASSED,-0.27320317854837345,-0.03115050328672699,0.9211076399747989,2.695385348113739,0.1644562971698107,-4.856608183419542
0.9351870374074815,PASSED,-0.27323386602049865,-0.030225702715233612,0.9272625258390935,2.6955473628084747,0.15957986537105945,-4.889647542305668
0.9361872374474896,PASSED,-0.27326362577087715,-0.029294980203591996,0.9330291688432971,2.695704485381253,0.15467163076586543,-4.920625980452871
0.9371874374874976,PASSED,-0.27329245207219643,-0.028358724749209502,0.9384063114086253,2.695856685062715,0.149733658727885,-4.949536076332123
0.9381876375275056,PASSED,-0.27332033958670654,-0.02741732651221302,0.9433928540550501,2.6960039331522077,0.1447680214877677,-4.976371349307345
0.9391878375675135,PASSED,-0.2733472833673025,-0.026471176655534754,0.9479878584270778,2.696146203024247,0.13977679730829334,-5.001126066252417
0.9401880376075215,PASSED,-0.2733732788584463,-0.025520667183432367,0.9521905478859272,2.696283470134084,0.13476206959577872,-5.023795476689429
0.9411882376475295,PASSED,-0.27339832189692903,-0.024566190782013837,0.9560003037735988,2.6964157120223904,0.1297259259683368,-5.0443757279436126
0.9421884376875375,PASSED,-0.2734224087124722,-0.02360814065919428,0.9594166688501995,2.6965429083190995,0.12467045747727487,-5.062863666474106
0.9431886377275455,PASSED,-0.2734455359281696,-0.022646910384279854,0.9624393456239103,2.6966650407463053,0.11959775762928267,-5.079257302337602
0.9441888377675535,PASSED,-0.273467700560769,-0.021682893728796223,0.9650681953901118,2.696782093120331,0.11450992151537541,-5.093555321620332
0.9451890378075615,PASSED,-0.2734889000207941,-0.02071648450586669,0.9673032412891543,2.6968940513529054,0.10940904503105718,-5.1057572594501535
0.9461892378475695,PASSED,-0.27350913211250766,-0.01974807641239645,0.9691446615909654,2.6970009034514484,0.1042972238831996,-5.1158637401292
0.9471894378875775,PASSED,-0.27352839503371523,-0.018778062870245728,0.9705927958572312,2.697102639518495,0.09917655274021349,-5.123876078224074
0.9481896379275855,PASSED,-0.27354668737541127,-0.017806836867462685,0.9716481407335804,2.697199251750241,0.09404912443134934,-5.129796462624193
0.9491898379675935,PASSED,-0.2735640081212664,-0.016834790800843248,0.9723113505433406,2.6972907344342008,0.08891702897679807,-5.13362811583599
0.9501900380076015,PASSED,-0.2735803566469588,-0.015862316320093852,0.9725832342201054,2.697377083946031,0.08378235277850263,-5.13537491993506
0.9511902380476095,PASSED,-0.27359573271934756,-0.014889804170320438,0.9724647601422861,2.6974582987454436,0.07864717775036367,-5.135041766941549
0.9521904380876175,PASSED,-0.2736101364954917,-0.013917644037113602,0.9719570485832039,2.697534379371297,0.07351358043521916,-5.132634347279839
0.9531906381276255,PASSED,-0.2736235685215131,-0.012946224392607186,0.9710613751218904,2.697605328435806,0.06838363117678237,-5.128159199208121
0.9541908381676335,PASSED,-0.27363602973130613,-0.011975932341123645,0.9697791690579739,2.6976711506178987,0.06325939324365978,-5.121623755732205
0.9551910382076415,PASSED,-0.27364752144509347,-0.011007153466306737,0.9681120119895337,2.6977318526557434,0.05814292200275833,-5.113036231014293
0.9561912382476495,PASSED,-0.2736580453678306,-0.010040271680688934,0.9660616347033143,2.697787443338401,0.05303626406290365,-5.102405745748277
0.9571914382876575,PASSED,-0.2736676035874586,-0.009075669074080302,0.9636299212121779,2.6978379334966855,0.047941456470461954,-5.089742156903973
0.9581916383276655,PASSED,-0.27367619857300707,-0.008113725764018939,0.9608189026274895,2.69788333599314,0.042860525835487065,-5.075056287022172
0.9591918383676735,PASSED,-0.2736838331725486,-0.007154819749056788,0.9576307565185915,2.6979236657112353,0.03779548754022755,-5.0583596340843995
0.9601920384076815,PASSED,-0.2736905106110058,-0.006199326761165226,0.9540678088068764,2.6979589395437205,0.03274834494272858,-5.039664573108689
0.9611922384476895,PASSED,-0.2736962344878119,-0.005247620119056168,0.9501325309771779,2.6979891763801773,0.027721088519471408,-5.018984323356166
0.9621924384876975,PASSED,-0.2737010087744268,-0.0043000705864610946,0.9458275336736721,2.6980143970937767,0.022715695115833295,-4.996332790492745
0.9631926385277055,PASSED,-0.27370483781170984,-0.003357046228128214,0.9411555747723533,2.69803462452723,0.017734127144879777,-4.97172475792737
0.9641928385677135,PASSED,-0.2737077263071504,-0.0024189122679331,0.9361195504769549,2.6980498834779594,0.012778331773060758,-4.945175781080117
0.9651930386077215,PASSED,-0.2737096793319586,-0.0014860309518069247,0.9307224932256551,2.6980602006824967,0.007850240197124598,-4.916702105840192
0.9661932386477295,PASSED,-0.2737107023180175,-0.0005587614081946755,0.924967577203312,2.698065604800117,0.002951766874825132,-4.886320799938981
0.9671934386877376,PASSED,-0.2737108010546975,0.00036254048894994554,0.918858110438827,2.6980661263956898,-0.00191519129481664,-4.854049749443632
0.9681936387277456,PASSED,-0.27370998168553645,0.0012775222518515395,0.9123975312101054,2.6980617979218313,-0.006748755611556583,-4.819907361604151
0.9691938387677536,PASSED,-0.27370825070478577,0.0021858349133054124,0.9055894149497182,2.6980526537002696,-0.01154706635572307,-4.783912999208045
0.9701940388077616,PASSED,-0.2737056149538246,0.0030871331586723116,0.8984374656450198,2.6980387299025193,-0.0163082835465522,-4.746086651909848
0.9711942388477696,PASSED,-0.273702081617445,0.003981075451315284,0.8909455106416083,2.6980200645298136,-0.02103058758939141,-4.706448970125454
0.9721944388877776,PASSED,-0.2736976582200084,0.004867324161945483,0.8831175106225922,2.6979966973923646,-0.02571217997513049,-4.665021329481496
0.9731946389277856,PASSED,-0.2736923526214768,0.005745545693960556,0.8749575462767264,2.697968670087895,-0.030351284032507825,-4.621825875974565
0.9741948389677936,PASSED,-0.27368617301331977,0.006615410604193958,0.8664698195378526,2.697936025979524,-0.03494614553629209,-4.576885255657408
0.9751950390078016,PASSED,-0.27367912791429966,0.007476593724823436,0.8576586546905597,2.6978988101729513,-0.03949503338924324,-4.530222917813638
0.9761952390478096,PASSED,-0.2736712261661374,0.00832877428276602,0.8485284934439319,2.6978570694930126,-0.04399624029306217,-4.481862894489121
0.9771954390878176,PASSED,-0.27366247692906087,0.009171636014052848,0.8390838898487584,2.6978108524595816,-0.048448083347701225,-4.4318298280723365
0.9781956391278256,PASSED,-0.27365288967723683,0.010004867280409441,0.8293295173618174,2.6977602092628437,-0.052848904693490295,-4.380149024266897
0.9791958391678336,PASSED,-0.27364247419409166,0.010828161179457618,0.8192701535057524,2.697705191737941,-0.057197072147990906,-4.326846407989759
0.9801960392078416,PASSED,-0.27363124056751975,0.01164121565449434,0.8089106893907025,2.697645853339037,-0.06149097975172591,-4.271948400898501
0.9811962392478496,PASSED,-0.2736191991849842,0.01244373360306726,0.7982561213610625,2.6975822491127692,-0.06572904837433881,-4.215482103755837
0.9821964392878576,PASSED,-0.27360636072851124,0.013235422980354626,0.7873115479049045,2.69751443567114,-0.06990972630840982,-4.15747515428115
0.9831966393278656,PASSED,-0.27359273616958096,0.014015996902323236,0.7760821713444133,2.697442471163844,-0.07403148977670329,-4.097955677635023
0.9841968393678736,PASSED,-0.2735783367639169,0.014785173746118119,0.7645732920951954,2.69736641525004,-0.0780928434996476,-4.036952419817139
0.9851970394078816,PASSED,-0.2735631740461765,0.015542677246706557,0.7527903062505992,2.6972863290695983,-0.08209232123375099,-3.974494610294221
0.9861972394478896,PASSED,-0.2735472598245461,0.01628823659241323,0.7407387053440521,2.6972022752138343,-0.0860284862418751,-3.9106119400107118
0.9871974394878976,PASSED,-0.27353060617524083,0.017021586517919195,0.7284240722805746,2.697114317695719,-0.08989993182653688,-3.8453346810958364
0.9881976395279056,PASSED,-0.2735132254369149,0.01774246739297714,0.7158520769095212,2.697022521919627,-0.09370528179933281,-3.778693500595975
0.9891978395679136,PASSED,-0.2734951302049822,0.018450625310265752,0.7030284775413457,2.6969269546505927,-0.09744319092888398,-3.7107195488546356
0.9901980396079216,PASSED,-0.2734763333258512,0.01914581217077367,0.6899591158189676,2.696827683983117,-0.10111234541712372,-3.6414444478298114
0.9911982396479296,PASSED,-0.2734568478910768,0.01982778576455035,0.6766499124151574,2.6967247793095352,-0.10471146331737093,-3.570900201858796
0.9921984396879376,PASSED,-0.2734366872314315,0.02049630985024862,0.6631068678870075,2.6966183112879465,-0.10823929495364241,-3.4991192592132885
0.9931986397279456,PASSED,-0.27341586491089787,0.021151154232782025,0.6493360589643384,2.6965083518097424,-0.1116946233378689,-3.4261344675686023
0.9941988397679536,PASSED,-0.2733943947205872,0.021792094835950685,0.6353436326382043,2.6963949739667457,-0.11507626452570728,-3.351979001351565
0.9951990398079616,PASSED,-0.2733722906725842,0.0224189137740793,0.6211358084555524,2.696278252017945,-0.11838306803446509,-3.276686513695313
0.9961992398479695,PASSED,-0.2733495669937232,0.023031399420124596,0.606718871105127,2.696158261355906,-0.12161391715444733,-3.200290857506846
0.9971994398879775,PASSED,-0.27332623811929624,0.023629346471995914,0.5920991723821103,2.6960350784727902,-0.12476772930286448,-3.122826342357361
0.9981996399279855,PASSED,-0.27330231868669824,0.024212556014318494,0.5772831222828946,2.695908780926083,-0.12784345636572084,-3.0443275431890027
0.9991998399679936,PASSED,-0.27327782352900937,0.024780835579017297,0.5622771929760776,2.6957794473039827,-0.13084008497220131,-2.964829315341471
1.0002000400080016,PASSED,-0.27325276766852036,0.02533399920211321,0.5470879098424779,2.6956471571904963,-0.13375663680633143,-2.8843668466558596
1.0012002400480096,PASSED,-0.2732271663102011,0.025871867477959873,0.5317218531827899,2.6955119911302554,-0.13659216888691653,-2.8029755698712497
1.0022004400880176,PASSED,-0.2732010348351168,0.02639426761155694,0.5161856538732515,2.695374030593072,-0.13934577379143773,-2.72069112762121
1.0032006401280256,PASSED,-0.27317438879379385,0.026901033465957614,0.500485988085625,2.695233357938224,-0.1420165799392298,-2.6375494945727
1.0042008401680336,PASSED,-0.273147243899539,0.02739200560779261,0.4846295776679096,2.6950900563785294,-0.14460375180621812,-2.553586781932088
1.0052010402080416,PASSED,-0.27311961602171386,0.02786703135217749,0.4686231888628631,2.694944209944197,-0.14710649009409024,-2.468839291832134
1.0062012402480496,PASSED,-0.27309152117896834,0.028325964800329125,0.4524736210108132,2.694795903446467,-0.14952403197948294,-2.3833436144330897
1.0072014402880576,PASSED,-0.273062975532435,0.028768666877170817,0.43618771406227597,2.6946452224410726,-0.15185565128221143,-2.297136428258791
1.0082016403280656,PASSED,-0.27303399537888895,0.029195005366762873,0.419772339945241,2.694492253191541,-0.15410065857068297,-2.210254528613361
1.0092018403680736,PASSED,-0.27300459714387326,0.02960485494245911,0.4032343995302351,2.694337082632331,-0.15625840135978197,-2.1227349627560743
1.0102020404080816,PASSED,-0.27297479737479624,0.029998097195052278,0.3865808213017819,2.694179798331832,-0.15832826425939778,-2.0346148575222593
1.0112022404480896,PASSED,-0.272944612734001,0.0303746206590866,0.369818559189348,2.694020488455264,-0.16030966900033966,-1.9459313298882839
1.0122024404880976,PASSED,-0.2729140599918106,0.030734320835730643,0.35295458828050946,2.693859241727443,-0.16220207459940506,-1.8567217785168106
1.0132026405281056,PASSED,-0.27288315601955276,0.031077100211059104,0.3359959000270901,2.6936961473954883,-0.16400497744632367,-1.7670235591864787
1.0142028405681136,PASSED,-0.2728519177825657,0.03140286827409267,0.31894950503789277,2.69353129519143,-0.16571791131457447,-1.6768740742936603
1.0152030406081216,PASSED,-0.2728203623331885,0.03171154153156438,0.3018224257609123,2.6933647752947865,-0.16734044743876422,-1.586310824120491
1.0162032406481296,PASSED,-0.27278850680373967,0.03200304351658397,0.28462169119204067,2.693196678295084,-0.16887219456292887,-1.4953713241941
1.0172034406881376,PASSED,-0.27275636839948514,0.032277304798812245,0.2673543429190856,2.693027095154347,-0.17031279894874868,-1.4040930935702833
1.0182036407281456,PASSED,-0.2727239643915995,0.03253426299076429,0.2500274246406861,2.692856117169607,-0.17166194433299548,-1.3125135780311254
1.0192038407681536,PASSED,-0.2726913121101238,0.032773862747299425,0.23264797779809387,2.6926838359353784,-0.17291935198287062,-1.2206703644377925
1.0202040408081616,PASSED,-0.27265842893692166,0.03299605576746372,0.21522304840843276,2.6925103433061897,-0.1740847806427309,-1.1286008568085504
1.0212042408481696,PASSED,-0.272625332298637,0.033200800793010604,0.19775967697251665,2.6923357313591376,-0.17515802643933537,-1.0363424231350764
1.0222044408881776,PASSED,-0.2725920396596565,0.03338806359890199,0.18026489183730646,2.692160092356481,-0.17613892290766156,-0.9439324984536018
1.0232046409281856,PASSED,-0.2725585685150789,0.033557816986687715,0.16274571841799512,2.6919835187083265,-0.17702734086837163,-0.8514082688810897
1.0242048409681936,PASSED,-0.2725249363836949,0.033710040774445754,0.14520916731805802,2.6918061029353777,-0.17782318831121302,-0.7588068921482333
1.0252050410082016,PASSED,-0.2724911608009787,0.033844721779962034,0.1276622309817581,2.691627937631776,-0.17852641037520497,-0.6661655118877621
1.0262052410482096,PASSED,-0.2724572593120965,0.033961853804724614,0.11011188728313276,2.691449115428084,-0.17913698914558007,-0.5735209426999998
1.0272054410882177,PASSED,-0.2724232494649321,0.034061437616531735,0.092565094823114,2.69126972895435,-0.17965494355460415,-0.4809100532401635
1.0282056411282257,PASSED,-0.2723891488031338,0.034143480924094256,0.07502878272213516,2.6910898708033395,-0.18008032927857634,-0.38836950446018165
1.0292058411682337,PASSED,-0.27235497485918453,0.03420799835353259,0.057509860582461145,2.6909096334939173,-0.18041323849616814,-0.2959356930128812
1.0302060412082417,PASSED,-0.27232074514749904,0.034255011421579135,0.040015206355941156,2.6907291094345913,-0.1806537997543918,-0.20364496836419393
1.0312062412482497,PASSED,-0.27228647715754933,0.034284548503612435,0.02255166581821015,2.690548390887244,-0.1808021778039231,-0.11153343697605224
1.0322064412882577,PASSED,-0.2722521883470216,0.034296644802269495,0.005126053882958402,2.6903675699310425,-0.18085857337076267,-0.01963698674858655
1.0332066413282657,PASSED,-0.27221789613500746,0.03429134231197657,-0.012254853076838691,2.690186738426583,-0.18082322292151348,0.07200873991436565
1.0342068413682737,PASSED,-0.272183617895232,0.034268689779405885,-0.029584318899930424,2.6900059879802263,-0.18069639848739322,0.16336823025755604
1.0352070414082817,PASSED,-0.2721493709493204,0.0342287426654738,-0.04685564395351035,2.6898254099087007,-0.18047840738010434,0.25440635864306693
1.0362072414482897,PASSED,-0.272115172560107,0.034171563100942985,-0.06406217824902834,2.689645095203919,-0.18016959194929624,0.3450881455847691
1.0372074414882977,PASSED,-0.272081039924988,0.0340972198402598,-0.08119731563929324,2.689465134498076,-0.17977032934383336,0.4353789120483188
1.0382076415283057,PASSED,-0.27204699016932116,0.03400578821567302,-0.09825449721843223,2.6892856180290154,-0.1792810311863872,0.5252443210447503
1.0392078415683137,PASSED,-0.2720130403398743,0.03389735008590286,-0.11522721813798385,2.6891066356058766,-0.1787021433067001,0.6146502521153702
1.0402080416083217,PASSED,-0.27197920739832526,0.033771993782761744,-0.13210902647654607,2.6889282765750426,-0.17803414545676496,0.7035629151483226
1.0412082416483297,PASSED,-0.27194550821481633,0.033629814057303996,-0.14889352477855713,2.6887506297863863,-0.17727755097445572,0.7919488604165243
1.0422084416883377,PASSED,-0.2719119595615634,0.033470912022740024,-0.1655743744209184,2.6885737835598555,-0.1764329064417528,0.8797749808938211
1.0432086417283457,PASSED,-0.27187857810652544,0.03329539509299061,-0.18214529996841486,2.688397825652375,-0.17550079138054003,0.9670084480920316
1.0442088417683537,PASSED,-0.271845380407133,0.03310337692254534,-0.19860008409648922,2.688222843225086,-0.17448181791343378,1.0536168131157493
1.0452090418083617,PASSED,-0.27181238290408105,0.03289497734250884,-0.2149325773298411,2.6880489228109656,-0.17337663033734343,1.1395680847400886
1.0462092418483697,PASSED,-0.27177960191518563,0.03267032229299462,-0.23113669763714192,2.687876150282785,-0.17218590481522986,1.2248304803625938
1.0472094418883777,PASSED,-0.27174705362930923,0.03242954375524891,-0.2472064311514201,2.6877046108214517,-0.17091034900571625,1.3093726956142753
1.0482096419283857,PASSED,-0.27171475410035445,0.03217277968203606,-0.26313583458715245,2.68753438888474,-0.16955070160833682,1.3931638652228588
1.0492098419683937,PASSED,-0.27168271924133003,0.03190017392391485,-0.27891904047724925,2.687365568176422,-0.1681077319919641,1.4761734504726252
1.0502100420084017,PASSED,-0.27165096481849,0.03161187615501296,-0.2945502545183288,2.6871982316157843,-0.16658223983951978,1.55837128709212
1.0512102420484097,PASSED,-0.2716195064455486,0.03130804179652271,-0.3100237611381959,2.687032461307594,-0.16497505463034137,1.6397278239026074
1.0522104420884177,PASSED,-0.27158835957797306,0.03098883193793197,-0.3253339235591056,2.6868683385124634,-0.1632870352478217,1.7202137549310414
1.0532106421284257,PASSED,-0.2715575395073552,0.03065441325666528,-0.340475186405079,2.6867059436176453,-0.1615190696146164,1.7998002187214999
1.0542108421684337,PASSED,-0.27152706135586563,0.030304957935294436,-0.35544207801468924,2.6865453561083097,-0.15967207411140702,1.8784590262012857
1.0552110422084418,PASSED,-0.27149694007079017,0.029940643577804665,-0.37022921047316115,2.6863866545392225,-0.15774699320492414,1.9561621600039316
1.0562112422484498,PASSED,-0.27146719041915224,0.029561653123128858,-0.38483128414424017,2.686229916506926,-0.15574479900312466,2.0328822296631617
1.0572114422884578,PASSED,-0.27143782698242147,0.02916817475786936,-0.39924308600300656,2.6860752186223786,-0.15366649067478994,2.108592394115792
1.0582116423284658,PASSED,-0.2714088641513116,0.02876040182591233,-0.41345949592637543,2.6859226364840496,-0.15151309408374772,2.183266055659793
1.0592118423684738,PASSED,-0.27138031612066854,0.02833853273757589,-0.4274754832764861,2.685772244651537,-0.1492856612550158,2.256877344113352
1.0602120424084818,PASSED,-0.27135219688445056,0.027902770877258447,-0.44128611167807574,2.6856241166196595,-0.14698526981543578,2.3294008365577903
1.0612122424484898,PASSED,-0.27132452023080167,0.027453324508360008,-0.4548865403786824,2.685478324793042,-0.14461302259886108,2.4008114699193017
1.0622124424884978,PASSED,-0.27129729973722133,0.026990406676721753,-0.46827202581130534,2.6853349404612277,-0.14217004707940822,2.4710848858085637
1.0632126425285058,PASSED,-0.2712705487658296,0.02651423511486957,-0.48143791921276924,2.6851940337743048,-0.13965749479465328,2.540197217385848
1.0642128425685138,PASSED,-0.27124428045873183,0.026025032141052507,-0.49437967688659196,2.6850556737190296,-0.13707654094012336,2.6081249459592795
1.0652130426085218,PASSED,-0.27121850773348205,0.025523024559330604,-0.5070928516121092,2.684919928095524,-0.13442838375363625,2.6748453468389997
1.0662132426485298,PASSED,-0.2711932432786484,0.025008443558793607,-0.5195730998202537,2.6847868634944656,-0.1317142439647664,2.7403360835571
1.0672134426885378,PASSED,-0.27116849954948047,0.02448152460906687,-0.5318161829977258,2.6846565452748536,-0.1289353643119516,2.804575365653196
1.0682136427285458,PASSED,-0.27114428876368046,0.02394250735649247,-0.5438179656255189,2.684529037542293,-0.12609300896809278,2.8675419959959334
1.0692138427685538,PASSED,-0.2711206228972802,0.0233916355175091,-0.5555744212219398,2.6844044031278544,-0.12318846295064732,2.9292153650784676
1.0702140428085618,PASSED,-0.27109751368062324,0.022829156773337217,-0.567081626138513,2.6842827035675003,-0.12022303156494484,2.989575399451839
1.0712142428485698,PASSED,-0.2710749725944561,0.02225532266059386,-0.578335770479923,2.6841639990820325,-0.1171980399201915,3.048602474954348
1.0722144428885778,PASSED,-0.2710530108661265,0.021670388461742494,-0.5893331510989918,2.68404834855767,-0.1141148322467454,3.106277805773934
1.0732146429285858,PASSED,-0.27103163946589254,0.02107461309613785,-0.6000701752750802,2.6839358095271533,-0.11097477134479458,3.1625829660687756
1.0742148429685938,PASSED,-0.27101086910334243,0.02046825900766361,-0.6105433639403534,2.683826438151449,-0.10777923808150486,3.2175001281036937
1.0752150430086018,PASSED,-0.2709907102239259,0.019851592052497695,-0.6207493493162878,2.6837202892020358,-0.10452963071733577,3.2710121882126737
1.0762152430486098,PASSED,-0.27097117300559836,0.019224881385961463,-0.6306848780161942,2.6836174160437842,-0.10122736431037353,3.32310255279528
1.0772154430886178,PASSED,-0.2709522673555792,0.018588399348536434,-0.6403468103642523,2.683517870618405,-0.09787387022242475,3.373755111384437
1.0782156431286258,PASSED,-0.27093400290722414,0.017942421350663037,-0.6497321228794939,2.683421703428533,-0.09447059541703126,3.422954601399502
1.0792158431686338,PASSED,-0.2709163890170135,0.01728722575663893,-0.6588379081205159,2.683328963522365,-0.09101900188634668,3.4706861502079738
1.0802160432086418,PASSED,-0.27089943476165634,0.0166230937683804,-0.6676613750172034,2.6832396984789355,-0.08752056609916804,3.516935545159065
1.0812162432486496,PASSED,-0.27088314893531185,0.015950309308167696,-0.6761998503430358,2.6831539543939855,-0.08397677831625122,3.561689274755325
1.0822164432886576,PASSED,-0.27086754004692787,0.015269158900312642,-0.6844507795297317,2.6830717758664275,-0.08038914202891762,3.6049342957191457
1.0832166433286656,PASSED,-0.2708526163176984,0.01457993155270591,-0.6924117263247319,2.682993205985448,-0.07675917334645435,3.646658273626007
1.0842168433686736,PASSED,-0.27083838567863944,0.013882918637991778,-0.700080373640397,2.6829182863181953,-0.07308840035427709,3.6868494712114046
1.0852170434086816,PASSED,-0.27082485576828425,0.013178413773500212,-0.7074545250590139,2.6828470568981095,-0.0693783625114762,3.725496757193901
1.0862172434486896,PASSED,-0.2708120339304992,0.012466712700498789,-0.7145321049630273,2.6827795562138523,-0.0656306100390005,3.7625896159968737
1.0872174434886976,PASSED,-0.27079992721241924,0.011748113164859778,-0.7213111560896676,2.6827158211988538,-0.061846703306052936,3.798118144248046
1.0882176435287056,PASSED,-0.27078854236250466,0.01102291479555528,-0.7277898447810505,2.6826558872215043,-0.05802821216602256,3.8320731372185897
1.0892178435687137,PASSED,-0.27077788582871876,0.010291418982166551,-0.7339664591271805,2.682599788075934,-0.054176715386000225,3.864445875224824
1.0902180436087217,PASSED,-0.2707679637568277,0.00955392875426259,-0.7398394070884834,2.682547555973457,-0.05029379998853491,3.8952284122923175
1.0912182436487297,PASSED,-0.27075878198882086,0.008810748660673615,-0.7454072179226371,2.6824992215345946,-0.04638106063901769,3.9244133076671526
1.0922184436887377,PASSED,-0.2707503460614549,0.008062184644148027,-0.7506685489275565,2.682454813781765,-0.04244009902539432,3.9519938175941767
1.0932186437287457,PASSED,-0.2707426612049186,0.007308543921326772,-0.7556221720837211,2.6824143601325763,-0.038472523203713443,3.9779638244053412
1.0942188437687537,PASSED,-0.2707357323416209,0.006550134860854723,-0.7602669860642672,2.6823778863937466,-0.03447994701402697,4.002317766540554
1.0952190438087617,PASSED,-0.2707295640851013,0.00578726685890827,-0.7646020125345759,2.682345416755657,-0.030463989434617086,4.025050787989435
1.0962192438487697,PASSED,-0.2707241607390624,0.00502025021716678,-0.7686263945460989,2.6823169737875316,-0.026426273928039392,4.0461586523032045
1.0972194438887777,PASSED,-0.27071952629652557,0.004249396021868462,-0.772339395799797,2.6822925784332314,-0.02236842786931571,4.065637663004
1.0982196439287857,PASSED,-0.2707156644391086,0.0034750160193229456,-0.7757404070426622,2.682272250007692,-0.018292081885490075,4.083484864373389
1.0992198439687937,PASSED,-0.27071257853642616,0.0026974224942210748,-0.7788289371413436,2.682256006193972,-0.014198869219743749,4.0996978666616215
1.1002200440088017,PASSED,-0.2707102716456124,0.0019169281480500568,-0.7816046188574676,2.6822438630409255,-0.01009042515680684,4.1142748604537696
1.1012202440488097,PASSED,-0.2707087465109657,0.0011338459760251859,-0.7840672074698065,2.682235834961504,-0.005968386364093958,4.127214747552291
1.1022204440888177,PASSED,-0.27070800556371527,0.00034848914602853784,-0.7862165783478757,2.6822319347316848,-0.001834390242707624,4.1385170372756965
1.1032206441288257,PASSED,-0.27070805092190964,-0.00043882912352847224,-0.7880527303630998,2.682232173489992,0.0023099255986994255,4.148181710827952
1.1042208441688337,PASSED,-0.2707088843904265,-0.001227795684656098,-0.7895757816373096,2.682236560737674,0.006462924046807366,4.156209606294601
1.1052210442088417,PASSED,-0.2707105074611034,-0.002018097580279932,-0.7907859716148509,2.682245104339461,0.010622969086731415,4.162601995677015
1.1062212442488497,PASSED,-0.2707129213129893,-0.0028094221652862398,-0.791683660600612,2.682257810524969,0.014788426371366317,4.167360810606826
1.1072214442888577,PASSED,-0.2707161268127162,-0.0036014572265604702,-0.7922693283899762,2.682274683890684,0.018957663860951324,4.170488608903795
1.1082216443288657,PASSED,-0.27072012451499056,-0.004393891102016444,-0.7925435734999735,2.6822957274025923,0.023129052459158965,4.17198859107687
1.1092218443688737,PASSED,-0.2707249146632044,-0.005186412799960625,-0.7925071142403185,2.682320942399367,0.02730096654574401,4.171864416923826
1.1102220444088817,PASSED,-0.27073049719016434,-0.005978712117231998,-0.7921607859587434,2.682350328596214,0.031471784641218345,4.170120547841339
1.1112222444488897,PASSED,-0.2707368717189394,-0.006770479757647411,-0.7915055433865265,2.68238388408928,0.03563989001036252,4.166761916679397
1.1122224444888977,PASSED,-0.2707440375638259,-0.007561407448418289,-0.7905424556937771,2.6824216053606693,0.03980367118767497,4.1617940177344925
1.1132226445289057,PASSED,-0.2707519937314297,-0.008351188056976652,-0.7892727104680872,2.6824634872840605,0.0439615226390504,4.1552230738027305
1.1142228445689137,PASSED,-0.2707607389218636,-0.009139515706593587,-0.7876976090495019,2.6825095231309093,0.04811184534941426,4.147055801404617
1.1152230446089217,PASSED,-0.270770271530061,-0.009926085891435388,-0.7858185687033329,2.6825597045772276,0.052253047340101916,4.137299450209684
1.1162232446489297,PASSED,-0.27078058964720375,-0.010710595591039323,-0.7836371202043344,2.6826140217109695,0.05638354432037947,4.125962000322782
1.1172234446889378,PASSED,-0.2707916910622637,-0.011492743382700548,-0.7811549059658182,2.682672463039968,0.06050176024975098,4.113051882070659
1.1182236447289458,PASSED,-0.2708035732636569,-0.012272229554537656,-0.7783736824179679,2.6827350155004654,0.06460612786847227,4.098578109821728
1.1192238447689538,PASSED,-0.2708162334410101,-0.013048756217071055,-0.7752953159436871,2.682801664466206,0.06869508930802594,4.082550326041641
1.1202240448089618,PASSED,-0.27082966848703804,-0.013822027413241672,-0.7719217829885712,2.682872393758096,0.07276709665650849,4.064978696776482
1.1212242448489698,PASSED,-0.2708438749995307,-0.014591749227893823,-0.7682551690945373,2.6829471856544207,0.0768206124752158,4.045873899994519
1.1222244448889778,PASSED,-0.2708588492834495,-0.015357629897180525,-0.7642976694148135,2.683026020901618,0.0808541103832927,4.0252472467984965
1.1232246449289858,PASSED,-0.2708745873531315,-0.01611937991460791,-0.7600515827691026,2.6831088787256006,0.084866075605911,4.003110539831521
1.1242248449689938,PASSED,-0.2708910849346005,-0.016876712137833722,-0.7555193168636196,2.6831957368436337,0.08885500551022898,3.9794761473089446
1.1252250450090018,PASSED,-0.27090833746798315,-0.017629341893970245,-0.7507033823184613,2.6832865714767262,0.09281941011727027,3.9543569135295162
1.1262252450490098,PASSED,-0.27092634011003075,-0.018376987083718852,-0.7456063947020387,2.6833813573625904,0.09675781268078378,3.9277663301695243
1.1272254450890178,PASSED,-0.27094508773674314,-0.01911936828279143,-0.740231068652943,2.683480067769097,0.10066875018268319,3.8997182830526746
1.1282256451290258,PASSED,-0.27096457494609527,-0.019856208844573033,-0.7345802238673759,2.6835826745082665,0.10455077382532452,3.870227215700429
1.1292258451690338,PASSED,-0.27098479606086445,-0.020587235000332035,-0.7286567770200817,2.683689147950782,0.10840244961043667,3.83930816471996
1.1302260452090418,PASSED,-0.27100574513155695,-0.021312175956720927,-0.7224637426347634,2.683799457040991,0.11222235879259444,3.806976527116323
1.1312262452490498,PASSED,-0.2710274159394329,-0.022030763994423743,-0.7160042344148486,2.683913569312436,0.11600909838391182,3.7732483007847377
1.1322264452890578,PASSED,-0.27104980199962764,-0.02274273456394156,-0.7092814595864619,2.6840314509038548,0.11976128166754953,3.738139938872998
1.1332266453290658,PASSED,-0.2710728965643687,-0.023447826379834467,-0.7022987200972063,2.68415306657569,0.12347753867188055,3.7016683813030493
1.1342268453690738,PASSED,-0.27109669262628655,-0.024145781514335336,-0.695059410769981,2.6842783797270724,0.12715651664748132,3.663851038465911
1.1352270454090818,PASSED,-0.2711211829218176,-0.024836345488568796,-0.6875670165424396,2.6844073524132708,0.13079688052809843,3.624705775384626
1.1362272454490898,PASSED,-0.27114635993469843,-0.025519267363312843,-0.6798251135451223,2.6845399453636305,0.13439731342478908,3.5842509775612963
1.1372274454890978,PASSED,-0.2711722158995492,-0.02619429982693639,-0.6718373636758364,2.6846761179999525,0.1379565170611464,3.5425054088879873
1.1382276455291058,PASSED,-0.2711987428055449,-0.026861199282975905,-0.6636075176153016,2.684815828455339,0.14147321221562947,3.4994883182131282
1.1392278455691138,PASSED,-0.271225932400173,-0.02751972593546285,-0.6551394090680436,2.6849590335934685,0.14494613917480326,3.4552193864808807
1.1402280456091218,PASSED,-0.2712537761930752,-0.028169643872103203,-0.6464369550218917,2.685105689028333,0.14837405818362642,3.409718757051326
1.1412282456491298,PASSED,-0.2712822654599729,-0.02881072114724835,-0.6375041552273153,2.6852557491443787,0.15175574983464746,3.3630069136674665
1.1422284456891378,PASSED,-0.2713113912466733,-0.029442729862198192,-0.6283450880981986,2.685409167117081,0.15509001549765764,3.315104829238637
1.1432286457291458,PASSED,-0.2713411443731553,-0.030065446243340656,-0.6189639098386365,2.68556589493394,0.1583756777622764,3.2660338882055115
1.1442288457691538,PASSED,-0.2713715154377335,-0.03067865071952946,-0.6093648537555778,2.6857258834158566,0.16161158078369062,3.215815776886668
1.1452290458091618,PASSED,-0.2714024948212977,-0.03128212799729696,-0.5995522271087861,2.6858890822389334,0.16479659070403696,3.164472682652785
1.1462292458491699,PASSED,-0.2714340726916274,-0.03187566713449523,-0.5895304105912714,2.6860554399566476,0.1679295960606536,3.112027139259239
1.1472294458891779,PASSED,-0.27146623900777817,-0.032459061611199505,-0.5793038541129398,2.6862249040224033,0.17100950810699667,3.0585019843989505
1.1482296459291859,PASSED,-0.2714989835245392,-0.03303210939993543,-0.5688770784845829,2.686397420812465,0.1740352612158628,3.0039205251776218
1.1492298459691939,PASSED,-0.27153229579695937,-0.03359461303394993,-0.5582546710344408,2.6865729356492274,0.1770058132198793,2.948306323242407
1.1502300460092019,PASSED,-0.27156616518494026,-0.034146379672285176,-0.5474412832024587,2.6867513928248687,0.1799201457687057,2.8916833658824608
1.1512302460492099,PASSED,-0.2716005808578945,-0.03468722116463644,-0.5364416317837959,2.6869327356253363,0.18277726468660319,2.8340759525741848
1.1522304460892179,PASSED,-0.2716355317994669,-0.03521695411355069,-0.5252604936678839,2.6871169063546443,0.18557620023405583,2.7755086107049505
1.1532306461292259,PASSED,-0.27167100681231715,-0.03573539993361922,-0.5139027043356242,2.6873038463595336,0.18831600750307181,2.716006374556715
1.1542308461692339,PASSED,-0.27170699452296093,-0.0362423849106745,-0.5023731588683812,2.687493496054415,0.1909957667092446,2.65559442725015
1.1552310462092419,PASSED,-0.27174348338666976,-0.03673774025885685,-0.49067680772500977,2.687685794946634,0.19361458344135435,2.5942982686828504
1.1562312462492499,PASSED,-0.27178046169242437,-0.037221302172484545,-0.47881865089615594,2.6878806816620253,0.19617158901298035,2.532143773588112
1.157231446289258,PASSED,-0.2718179175679227,-0.037692911879834985,-0.4668037449866327,2.6880780939707583,0.19866594073590835,2.46915702248792
1.158231646329266,PASSED,-0.27185583898463844,-0.03815241569455414,-0.4546371945408387,2.688277968813454,0.2010968221536122,2.405364347847727
1.159231846369274,PASSED,-0.2718942137629289,-0.03859966506094423,-0.44232414762291916,2.6884802423275613,0.20346344331535512,2.340792371006449
1.160232046409282,PASSED,-0.27193302957718957,-0.03903451660125668,-0.4298698021054697,2.6886848498740066,0.20576504106933194,2.2754680092904245
1.16123224644929,PASSED,-0.27197227396105456,-0.039456832161481534,-0.41727939897110783,2.6888917260640794,0.2080008792634052,2.2094183172618225
1.162232446489298,PASSED,-0.2720119343126395,-0.03986647885081729,-0.4045582162455079,2.689100804786542,0.210170248945171,2.142670591435124
1.163232646529306,PASSED,-0.2720519978998247,-0.040263329081476264,-0.3917115736012843,2.6893120192349853,0.2122724686575797,2.0752524597244117
1.164232846569314,PASSED,-0.27209245186557823,-0.04064726060824265,-0.3787448288764544,2.689525301935378,0.2143068846040042,2.007191604224538
1.165233046609322,PASSED,-0.27213328323331426,-0.041018156562581495,-0.36566337131377363,2.689740584773848,0.2162728708367176,1.9385159850392983
1.16623324664933,PASSED,-0.27217447891228697,-0.04137590548590442,-0.3524726246623581,2.689957799024619,0.21816982946780172,1.8692537284473771
1.167233446689338,PASSED,-0.272216025703016,-0.0417204013614327,-0.33917804277223085,2.690176875378169,0.2199971908503945,1.7994331520230387
1.168233646729346,PASSED,-0.2722579103027423,-0.04205154364293876,-0.32578510732861365,2.6903977439695343,0.2217544137244001,1.7290826886606716
1.169233846769354,PASSED,-0.27230011931091175,-0.042369237281203634,-0.3122993255557138,2.690620334406776,0.2234409853674636,1.6582309459987117
1.170234046809362,PASSED,-0.2723426392346847,-0.042673392749440035,-0.2987262300235281,2.6908445757996224,0.22505642178837337,1.5869067375171682
1.17123424684937,PASSED,-0.27238545649446927,-0.04296392606529543,-0.2850713730766342,2.691070396788216,0.2266002678092068,1.5151388763776064
1.172234446889378,PASSED,-0.27242855742947536,-0.04324075881119173,-0.2713403277760685,2.6912977255720176,0.2280720972013806,1.4429564027046184
1.173234646929386,PASSED,-0.27247192830328865,-0.043503818152407184,-0.25753868350837533,2.6915264899388,0.22947151280396513,1.370388402504428
1.174234846969394,PASSED,-0.2725155553094611,-0.04375303685335437,-0.24367204590640287,2.691756617293793,0.23079814665450143,1.2974641492241688
1.175235047009402,PASSED,-0.2725594245771162,-0.04398835328999546,-0.22974603046421488,2.691988034688863,0.23205166000794217,1.2242128229184228
1.17623524704941,PASSED,-0.2726035221765669,-0.044209711462756235,-0.21576626762515325,2.692220668851832,0.2332317434638445,1.1506638778916014
1.177235447089418,PASSED,-0.27264783412494414,-0.04441706100587987,-0.2017383934559525,2.692454446215835,0.23433811705655336,1.0768467359203533
1.178235647129426,PASSED,-0.272692346391833,-0.04461035719245351,-0.18766804865210915,2.6926892929487556,0.23537053024600846,1.0027908251449644
1.179235847169434,PASSED,-0.27273704490491507,-0.04478956094099495,-0.17356088180099485,2.692925134982712,0.23632876201154027,0.9285257257897204
1.180236047209442,PASSED,-0.27278191555561454,-0.04495463881787014,-0.15942254025798114,2.6931618980435674,0.23721262087725783,0.8540809590028041
1.18123624724945,PASSED,-0.2728269442047454,-0.04510556303694935,-0.14525867162668485,2.6933995076804886,0.23802194491393633,0.779486088462234
1.182236447289458,PASSED,-0.2728721166881586,-0.045242311458276056,-0.13107492112673103,2.69363788929551,0.23875660178002822,0.7047707178450121
1.183236647329466,PASSED,-0.27291741882238557,-0.04536486758410848,-0.11687692896954585,2.693876968173104,0.23941648870436802,0.6299643953363062
1.184236847369474,PASSED,-0.2729628364102769,-0.04547322055188276,-0.10267032697743611,2.694116669509741,0.24000153245605474,0.5550966559203233
1.185237047409482,PASSED,-0.2730083552466336,-0.045567365126814224,-0.0884607402341461,2.694356918443449,0.24051168937078607,0.48019708727196836
1.18623724744949,PASSED,-0.27305396112382896,-0.0456473016908013,-0.07425377982236445,2.694597640083325,0.2409469452831957,0.40529512916807936
1.187237447489498,PASSED,-0.2730996398374184,-0.045713036228980965,-0.06005504375120765,2.694838759539012,0.24130731545207967,0.3304201953612054
1.188237647529506,PASSED,-0.27314537719173554,-0.04576458031567486,-0.04587011532235588,2.695080201950136,0.24159284457795763,0.25560174622244713
1.189237847569514,PASSED,-0.27319115900547214,-0.04580195109678766,-0.031704558306430146,2.695321892515664,0.2418036066868301,0.18086901730578517
1.190238047609522,PASSED,-0.2732369711172397,-0.04582517126998509,-0.017563916458092185,2.695563756523198,0.24193970502819823,0.10625122407636729
1.19123824764953,PASSED,-0.2732827993911106,-0.045834269063679524,-0.0034537118519999766,2.6958057193781744,0.24200127203305868,0.03177752538315834
1.192238447689538,PASSED,-0.27332862972213695,-0.0458292782140725,0.010620557246370005,2.6960477066329904,0.24198846921565964,-0.04252304592052546
1.193238647729546,PASSED,-0.2733744480418441,-0.045810237937561775,0.024653422686962943,2.6962896440159794,0.241901486983921,-0.11662168895072005
1.194238847769554,PASSED,-0.27342024032369766,-0.04577719290359611,0.038639441484809,2.696531457460316,0.24174054459478458,-0.1904895225935643
1.1952390478095618,PASSED,-0.27346599258854204,-0.045730193206006096,0.05257320166015105,2.696773073132753,0.2415058900081678,-0.26409796263227125
1.1962392478495698,PASSED,-0.27351169091000666,-0.045669294328993935,0.06644932724683424,2.697014417462241,0.24119779968915495,-0.3374185565998835
1.1972394478895778,PASSED,-0.27355732141988015,-0.045594557113313804,0.08026247463565778,2.6972554171683707,0.24081657847836552,-0.41042298024908686
1.1982396479295858,PASSED,-0.2736028703134487,-0.04550604772076188,0.09400733782941872,2.697495999289684,0.24036255946083124,-0.483083042391083
1.1992398479695938,PASSED,-0.27364832385479754,-0.04540383759587963,0.10767864958413467,2.697736091211778,0.23983610372995545,-0.5553708565322829
1.2002400480096018,PASSED,-0.2736936683820725,-0.045288003424100665,0.12127118657552907,2.6979756206952463,0.2392376002024319,-0.6272586415177459
1.2012402480496098,PASSED,-0.2737388903127007,-0.045158627090782555,0.1347797644798255,2.698214515903406,0.23856746545336244,-0.6987188207705946
1.2022404480896178,PASSED,-0.27378397614856786,-0.04501579563731631,0.14819924612385488,2.6984527054298337,0.23782614348013767,-0.7697240748608906
1.2032406481296258,PASSED,-0.27382891248115004,-0.044859601212992935,0.16152454312304468,2.6986901183256764,0.23701410546708065,-0.8402473051877363
1.2042408481696338,PASSED,-0.2738736859965981,-0.0446901410275529,0.17475061365135552,2.698926684126719,0.23613184955722372,-0.9102616463030753
1.2052410482096418,PASSED,-0.2739182834807732,-0.044507517302370764,0.187872466202642,2.699162332880232,0.23517990062445984,-0.9797404570710648
1.2062412482496498,PASSED,-0.2739626918242307,-0.04431183721618806,0.20088516616940666,2.699396995171572,0.234158810020925,-1.0486573678440354
1.2072414482896578,PASSED,-0.27400689802715156,-0.04410321285162315,0.21378383016191682,2.699630602150494,0.23306915526427208,-1.1169863491921725
1.2082416483296659,PASSED,-0.2740508892042182,-0.043881761140821776,0.22656363122767925,2.6998630855572214,0.23191153980320955,-1.1847015356427488
1.2092418483696739,PASSED,-0.2740946525894339,-0.04364760380590764,0.23921980403844217,2.7000943777482203,0.23068659274714734,-1.2517774030085165
1.2102420484096819,PASSED,-0.2741381755408836,-0.04340086729994999,0.2517476405704405,2.7003244117216845,0.22939496851438618,-1.3181887859296024
1.2112422484496899,PASSED,-0.2741814455454344,-0.04314168274673618,0.2641424949760518,2.7005531211427147,0.22803734654901045,-1.383910751673158
1.2122424484896979,PASSED,-0.2742244502233734,-0.04287018587620694,0.27639978756469846,2.7007804403682063,0.22661443105446344,-1.4489186564629275
1.2132426485297059,PASSED,-0.2742671773329821,-0.04258651696012498,0.28851500176013584,2.701006304471382,0.2251269505831069,-1.5131883479522852
1.2142428485697139,PASSED,-0.27430961477504506,-0.042290820746421987,0.3004836883315678,2.701230649266024,0.22357565773735852,-1.576695844279092
1.2152430486097219,PASSED,-0.27435175059729106,-0.041983246390335335,0.31230146792338415,2.7014534113303514,0.22196132886728978,-1.6394175539285025
1.2162432486497299,PASSED,-0.2743935729987654,-0.0416639473839916,0.32396403195729195,2.7016745280305496,0.22028476364850538,-1.7013303286882966
1.2172434486897379,PASSED,-0.27443507033413156,-0.04133308148600893,0.33546714199959726,2.7018939375439386,0.21854678473064046,-1.7624113106493386
1.2182436487297459,PASSED,-0.2744762311179005,-0.040990810647899924,0.3468066355152643,2.7021115788817838,0.21674823742453247,-1.8226379697470958
1.219243848769754,PASSED,-0.2745170440285866,-0.040637300940543464,0.35797842191724555,2.7023273919117057,0.2148899892423179,-1.88198832385955
1.220244048809762,PASSED,-0.2745574979127877,-0.04027272247613796,0.3689784927310066,2.70254131737973,0.21297292953000777,-1.9404406379438783
1.22124424884977,PASSED,-0.2745975817891888,-0.0398972493319462,0.37980291183224674,2.7027532969319386,0.21099796913641336,-1.9979735640280831
1.222244448889778,PASSED,-0.2746372848524873,-0.039511059472179005,0.39044782505716275,2.7029632731356914,0.20896603989351373,-2.054566362147309
1.223244648929786,PASSED,-0.27467659647723824,-0.03911433466516424,0.4009094616531597,2.7031711895004604,0.20687809423690873,-2.1101985195767816
1.224244848969794,PASSED,-0.27471550622161905,-0.03870726040316993,0.41118412888840744,2.703376990498252,0.2047351048815124,-2.1648499126093506
1.225245049009802,PASSED,-0.27475400383111126,-0.038290025819831285,0.42126821963879313,2.703580621583568,0.20253806424629364,-2.218501116958344
1.22624524904981,PASSED,-0.2747920792420986,-0.03786282360360443,0.4311582139522402,2.703782029212967,0.20028798406584047,-2.271132889449714
1.227245449089818,PASSED,-0.2748297225853801,-0.03742584991369039,0.4408506738885715,2.70398116086415,0.19798589499549646,-2.322726524273514
1.228245649129826,PASSED,-0.2748669241895966,-0.03697930429289154,0.4503422520723674,2.704177965054624,0.19563284609634626,-2.373263815734636
1.229245849169834,PASSED,-0.27490367458456993,-0.03652338957837952,0.4596296894717934,2.7043723913598834,0.19322990437403617,-2.422726993360393
1.230246049209842,PASSED,-0.27493996450455327,-0.03605831181391513,0.46870981445944937,2.704564390431152,0.19077815436139575,-2.4710986921604166
1.23124624924985,PASSED,-0.2749757848913915,-0.03558428015832339,0.47757954967993704,2.7047539140126156,0.18827869758001714,-2.5183621741907385
1.232246449289858,PASSED,-0.27501112689759055,-0.03510150679339596,0.48623590842575604,2.7049409149582164,0.18573265208847412,-2.564501036444506
1.233246649329866,PASSED,-0.2750459818892952,-0.03461020683344589,0.4946759942995952,2.7051253472479355,0.18314115201899042,-2.6094994248431522
1.234246849369874,PASSED,-0.27508034144917287,-0.03411059823004876,0.5028970094621569,2.7053071660035917,0.18050534702892768,-2.653342033542464
1.235247049409882,PASSED,-0.2751141973792044,-0.03360290167702721,0.5108962487278007,2.7054863275041408,0.1778264018204444,-2.6960139917771144
1.23624724944989,PASSED,-0.27514754170337896,-0.03308734051687572,0.5186711011006241,2.705662789200484,0.17510549568219547,-2.737500902563475
1.237247449489898,PASSED,-0.27518036667029383,-0.03256414064333168,0.5262190551729936,2.7058365097297457,0.17234382190657016,-2.7777890243332144
1.238247649529906,PASSED,-0.2752126647556568,-0.032033530403865675,0.5335376956613472,2.706007448929055,0.1695425872896986,-2.8168650118971272
1.239247849569914,PASSED,-0.2752444286646914,-0.031495740502323295,0.5406247054630685,2.7061755678487938,0.16670301165213067,-2.8547160546818295
1.240248049609922,PASSED,-0.2752756513344437,-0.03095100390031087,0.5474778663786637,2.7063408287653328,0.16382632727070587,-2.891329932586803
1.24124824964993,PASSED,-0.27530632593598997,-0.03039955571708087,0.5540950611308906,2.7065031951932412,0.16091377836294188,-2.9266948912154467
1.242248449689938,PASSED,-0.2753364458765447,-0.029841633130303892,0.5604742705410348,2.70666263189694,0.15796662053755897,-2.96079978149454
1.243248649729946,PASSED,-0.2753660048014685,-0.029277475275306605,0.5666135779681266,2.706819104901844,0.15498612027046824,-2.993633924154823
1.244248849769954,PASSED,-0.2753949965961742,-0.028707323142363374,0.5725111695933005,2.7069725815049455,0.1519735543599628,-3.0251872347392026
1.245249049809962,PASSED,-0.27542341538793225,-0.028131419476503793,0.5781653300371019,2.7071230302848672,0.14893020937990317,-3.0554501436065373
1.24624924984997,PASSED,-0.2754512555475739,-0.027550008675825764,0.5835744477719791,2.707270421111343,0.14585738110058702,-3.0844137031225727
1.247249449889978,PASSED,-0.27547851169109133,-0.02696333668596921,0.5887370179129394,2.707414725154189,0.14275637400199195,-3.1120693622433855
1.248249649929986,PASSED,-0.27550517868113567,-0.026371650898975828,0.5936516330470123,2.707555914891658,0.13962850063701843,-3.13840936679364
1.249249849969994,PASSED,-0.2755312516284111,-0.02577520005047097,0.5983169921434226,2.7076939641183033,0.13647508112083248,-3.1634262824475132
1.250250050010002,PASSED,-0.27555672589296515,-0.025174234113701018,0.6027318998543,2.707828847952233,0.1332974425897902,-3.1871133634387747
1.25125025005001,PASSED,-0.2755815970853759,-0.02456900419688193,0.6068952614622855,2.707960542841824,0.13009691856799552,-3.2094644606986584
1.252250450090018,PASSED,-0.27560586106783413,-0.023959762439172895,0.6108060885401986,2.7080890265718702,0.12687484845658994,-3.230473878543532
1.253250650130026,PASSED,-0.27562951395512164,-0.023346761904787246,0.6144634982826153,2.7082142782691725,0.12363257699103399,-3.2501365235642616
1.254250850170034,PASSED,-0.2756525521154845,-0.022730256479373257,0.6178667101682408,2.7083362784075327,0.12037145358244429,-3.268447998606668
1.255251050210042,PASSED,-0.27567497217140224,-0.022110500765650694,0.621015049425446,2.708455008812227,0.11709283183603338,-3.2854042449470673
1.25625125025005,PASSED,-0.2756967710002521,-0.02148774997789758,0.6239079466382278,2.7085704526638605,0.11379806896322248,-3.3010019580534564
1.257251450290058,PASSED,-0.27571794573486796,-0.02086225983693039,0.6265449371864998,2.708682594501687,0.11048852515527705,-3.315238374540081
1.258251650330066,PASSED,-0.2757384937639959,-0.02023428646689884,0.6289256585949151,2.708791420226354,0.10716556310228775,-3.3281111719554346
1.259251850370074,PASSED,-0.27575841273264373,-0.019604086289324307,0.6310498568942816,2.7088969171020545,0.10383054736061623,-3.339618788148917
1.260252050410082,PASSED,-0.2757777005423265,-0.01897191591841699,0.63291738024934,2.7089990737581484,0.10048484379348989,-3.3497600864446024
1.26125225045009,PASSED,-0.2757963553512081,-0.01833803205860281,0.6345281795240781,2.709097880190172,0.09712981902162474,-3.3585345621455143
1.262252450490098,PASSED,-0.275814375574138,-0.01770269139863581,0.6358823135956188,2.709193327760327,0.09376683985913555,-3.365942229384971
1.263252650530106,PASSED,-0.27583175988258446,-0.017066150508088306,0.6369799418487652,2.7092854091973515,0.09039727270526002,-3.3719837702025837
1.264252850570114,PASSED,-0.27584850720446386,-0.01642866573473892,0.637821327683131,2.7093741185958646,0.08702248301188235,-3.376660308827727
1.265253050610122,PASSED,-0.275864616723867,-0.01579049310104453,0.6384068377018971,2.7094594514151327,0.08364383474394525,-3.379973574010023
1.26625325065013,PASSED,-0.27588008788068213,-0.01515188820078099,0.6387369419713036,2.709541404477265,0.08026268975534435,-3.381925931661502
1.267253450690138,PASSED,-0.275894920370116,-0.014513106097131636,0.6388122114347228,2.7096199759648623,0.07688040726362891,-3.3825201984180864
1.268253650730146,PASSED,-0.27590911414211217,-0.013874401222062514,0.6386333174920531,2.709695165418097,0.07349834331875978,-3.381759775836488
1.269253850770154,PASSED,-0.2759226694006684,-0.013236027272828481,0.638201037062018,2.7097669737312495,0.07011785020848897,-3.3796486665603305
1.270254050810162,PASSED,-0.27593558660305234,-0.012598237112315612,0.6375162428134387,2.7098354031486838,0.06674027591594345,-3.3761913765356373
1.27125425085017,PASSED,-0.275947866458918,-0.011961282670377991,0.6365799080204072,2.709900457260266,0.06336696357670135,-3.371392981046413
1.272254450890178,PASSED,-0.275959509929321,-0.011325414841778852,0.6353931089849586,2.709962140996255,0.05999925094795144,-3.3652590605522446
1.273254650930186,PASSED,-0.27597051822563573,-0.010690883388638548,0.6339570159105352,2.7100204606216383,0.056638469847882046,-3.3577957930808195
1.274254850970194,PASSED,-0.2759808928083738,-0.010057936843293692,0.6322728983010706,2.7100754237299283,0.05328594561563325,-3.3490098583607892
1.275255051010202,PASSED,-0.2759906353859046,-0.009426822409705484,0.6303421237796333,2.71012703923643,0.049942996600230986,-3.3389084534299123
1.27625525105021,PASSED,-0.2759997479130798,-0.008797785867024111,0.6281661552825343,2.710175317370977,0.046610933623415764,-3.3274993257387657
1.277255451090218,PASSED,-0.2760082325897604,-0.008171071475099535,0.6257465496859365,2.7102202696701347,0.04329105943564801,-3.3147907624537436
1.278255651130226,PASSED,-0.2760160918592504,-0.007546921879095782,0.6230849602156283,2.7102619089688926,0.039984668231887274,-3.3007914979654087
1.279255851170234,PASSED,-0.27602332840663485,-0.006925578015202446,0.620183133011807,2.710300249391833,0.03669304511754105,-3.2855108586001056
1.280256051210242,PASSED,-0.276029945157025,-0.006307279018530698,0.6170429057783766,2.7103353063437967,0.03341746560108745,-3.2689586216892565
1.2812562512502501,PASSED,-0.2760359452737116,-0.005692262131657324,0.6136662076033715,2.7103670965000304,0.03015919509415441,-3.251145097095565
1.2822564512902581,PASSED,-0.2760413321562262,-0.005080762612480089,0.6100550602264764,2.7103956377958474,0.026919488413785334,-3.232081069218084
1.2832566513302661,PASSED,-0.2760461094383128,-0.004473013645490461,0.6062115714983952,2.7104209494157923,0.02369958930575941,-3.2117778005644837
1.2842568513702741,PASSED,-0.2760502809858097,-0.003869246253647112,0.6021379387399857,2.7104430517823133,0.020500729938689344,-3.1902470780737895
1.2852570514102821,PASSED,-0.27605385089444395,-0.0032696892092920335,0.5978364480984735,2.7104619665439507,0.01732413042069816,-3.16750114460278
1.2862572514502901,PASSED,-0.2760568234875387,-0.0026745689492762123,0.5933094679607196,2.7104777165630685,0.014170998373555167,-3.143552648836467
1.2872574514902981,PASSED,-0.27605920331363465,-0.002084109489838354,0.5885594537559508,2.7104903259030912,0.01104252841875527,-3.1184148254421835
1.2882576515303061,PASSED,-0.2760609951440276,-0.0014985323416741208,0.5835889444364217,2.7104998198153027,0.007939901725444369,-3.0921012718900447
1.2892578515703141,PASSED,-0.2760622039702221,-0.0009180564283415582,0.5784005592633231,2.7105062247251808,0.0048642856044506175,-3.0646260203962217
1.2902580516103221,PASSED,-0.27606283500130363,-0.0003428980051015347,0.5729969992244904,2.710509568218289,0.001816833020333753,-3.0360036265972936
1.2912582516503301,PASSED,-0.2760628936612305,0.00022672942190713675,0.5673810455314588,2.7105098790257203,-0.0012013178499210673,-3.0062490326931712
1.2922584516903382,PASSED,-0.27606238558604557,0.0007906151733884681,0.561555555447913,2.710507187009122,-0.004189043997786345,-2.9753775579800155
1.2932586517303462,PASSED,-0.2760613166210111,0.0013485514742727902,0.5555234645085947,2.7105015231452994,-0.00714523802192353,-2.943405001575299
1.2942588517703542,PASSED,-0.27605969281766646,0.001900333529717009,0.5492877827346346,2.7104929195103797,-0.010068808584461556,-2.9103476031798468
1.2952590518103622,PASSED,-0.2760575204308116,0.00244575959886627,0.5428515934256779,2.710481409263596,-0.012958680755112782,-2.876221882298809
1.2962592518503702,PASSED,-0.2760548059154159,0.0029846310682483577,0.5362180533530273,2.710467026630663,-0.015813796406102195,-2.8410448301164792
1.2972594518903782,PASSED,-0.27605155592345587,0.0035167525230098916,0.5293903890338717,2.7104498068867553,-0.018633114657813442,-2.804833866107761
1.2982596519303862,PASSED,-0.27604777730068225,0.00404193181553559,0.5223718948535833,2.7104297863391094,-0.021415612208416448,-2.767606673599838
1.2992598519703942,PASSED,-0.27604347708331717,0.004559980135895506,0.5151659373641373,2.710407002309261,-0.02416028368152936,-2.7293813394549553
1.3002600520104022,PASSED,-0.2760386624946853,0.005070712076733544,0.5077759431539717,2.7103814931149013,-0.02686614205183643,-2.690176390875147
1.3012602520504102,PASSED,-0.27603334094177795,0.005573945697930922,0.5002054065596491,2.7103532980513907,-0.029532218959397845,-2.6500105853522635
1.3022604520904182,PASSED,-0.2760275200117535,0.006069502592510329,0.4924578865925802,2.710322457372921,-0.03215756502451774,-2.608903051631648
1.3032606521304262,PASSED,-0.2760212074683754,0.006557207945920063,0.48453699795450517,2.710289012273346,-0.034741250225171764,-2.566873300002277
1.3042608521704342,PASSED,-0.27601441124838844,0.007036890596655163,0.4764464192554966,2.710253004866672,-0.03728236421842548,-2.523941122088002
1.3052610522104422,PASSED,-0.27600713945783656,0.0075083830963414465,0.46818988664014133,2.7102144781672624,-0.039780016590540625,-2.4801265387999156
1.3062612522504502,PASSED,-0.2759994003683227,0.007971521764406918,0.4597711890156939,2.710173476069677,-0.04223333725369961,-2.435450079398364
1.3072614522904582,PASSED,-0.2759912024132128,0.008426146743766127,0.4511941729215497,2.710130043328283,-0.04464147667622731,-2.3899323179472463
1.3082616523304662,PASSED,-0.2759825541837853,0.008872102055374037,0.4424627373988157,2.7100842255365136,-0.04700360616313313,-2.343594266211542
1.309261852370474,PASSED,-0.2759734644253294,0.009309235647718236,0.4335808289744546,2.7100360691058984,-0.049318918171810285,-2.2964571703208905
1.310262052410482,PASSED,-0.27596394203319075,0.009737399447784121,0.4245524474601734,2.709985621244786,-0.05158662655561371,-2.2485425261251177
1.31126225245049,PASSED,-0.27595399604877024,0.010156449409279662,0.4153816375191176,2.7099329299368313,-0.05380596679965585,-2.199872055986826
1.312262452490498,PASSED,-0.2759436356554743,0.010566245557974292,0.4060724894783065,2.7098780439192307,-0.05597619628087486,-2.150467764707139
1.313262652530506,PASSED,-0.27593287017462054,0.010966652036627757,0.39662913810357164,2.709821012660706,-0.0580965945227339,-2.100351893293639
1.314262852570514,PASSED,-0.2759217090612998,0.01135753714739022,0.38705575920172625,2.7097618863392774,-0.06016646337414816,-2.04954682349467
1.315263052610522,PASSED,-0.2759101619001966,0.011738773392902531,0.37735656971936715,2.7097007158198005,-0.062185127251868325,-1.9980752472038297
1.31626325265053,PASSED,-0.2758982384013694,0.012110237514619974,0.36753582304949495,2.7096375526313192,-0.06415193334026234,-1.9459599825208262
1.317263452690538,PASSED,-0.2758859483959935,0.012471810529831014,0.3575978099854024,2.709572448944197,-0.06606625176893872,-1.8932240594467444
1.318263652730546,PASSED,-0.2758733018320673,0.012823377767936038,0.34754685685143827,2.709505457547066,-0.0679274758268881,-1.8398907236177904
1.319263852770554,PASSED,-0.2758603087700846,0.013164828902570645,0.3373873198233879,2.7094366318236194,-0.06973502209031471,-1.7859832899658277
1.320264052810562,PASSED,-0.27584697937867436,0.013496057983067649,0.3271235876127476,2.709366025729213,-0.07148833060386026,-1.7315253292653872
1.32126425285057,PASSED,-0.27583332393021004,0.013816963465077268,0.3167600782741997,2.7092936937673198,-0.07318686506447346,-1.6765405481784152
1.322264452890578,PASSED,-0.27581935279639014,0.014127448237589093,0.306301235336906,2.7092196909658437,-0.07483011289870403,-1.6210526915986836
1.323264652930586,PASSED,-0.2758050764437924,0.014427419648133922,0.295751527350113,2.709144072853298,-0.07641758541858612,-1.565085738737715
1.324264852970594,PASSED,-0.27579050542940253,0.014716789527818542,0.2851154479076239,2.70906689543485,-0.07794881797981319,-1.5086637762199822
1.325265053010602,PASSED,-0.2757756503961206,0.014995474213201174,0.2743975103659685,2.708988215168258,-0.07942337003964933,-1.4518109155802568
1.32626525305061,PASSED,-0.2757605220682462,0.015263394564959665,0.26360224602017357,2.708908088939712,-0.08084082525038243,-1.3945514075016594
1.327265453090618,PASSED,-0.2757451312469436,0.015520475988008379,0.25273420773440564,2.7088265740395747,-0.0822007915897138,-1.3369096272178465
1.328265653130626,PASSED,-0.2757294888056913,0.015766648447247754,0.2417979602426902,2.7087437281380264,-0.08350290143361769,-1.2789099883612554
1.329265853170634,PASSED,-0.2757136056857148,0.016001846480740222,0.23079808232565008,2.708659609260671,-0.08474681156228601,-1.2205768888730464
1.330266053210642,PASSED,-0.27569749289140616,0.016226009214135514,0.21973916744172212,2.7085742757640445,-0.08593220328865239,-1.161934951361937
1.33126625325065,PASSED,-0.27568116148573263,0.016439080370214423,0.20862581517036305,2.7084877863110983,-0.0870587824864964,-1.1030086954987215
1.332266453290658,PASSED,-0.27566462258563484,0.016641008277348178,0.19746263510935252,2.70840019984663,-0.08812627958044666,-1.0438226929179542
1.333266653330666,PASSED,-0.27564788735741763,0.016831745877434745,0.1862542434047098,2.70831157557268,-0.0891344496374422,-0.9844016330472806
1.334266853370674,PASSED,-0.2756309670121346,0.01701125073042088,0.17500525937374672,2.708221972923919,-0.09008307234874424,-0.9247700968052128
1.335267053410682,PASSED,-0.27561387280096905,0.017179485016524713,0.16372030392389297,2.7081314515430215,-0.09097195201188109,-0.8649527073579335
1.33626725345069,PASSED,-0.2755966160106125,0.01733641553867338,0.1524040009651883,2.7080400712560233,-0.09180091758785493,-0.8049741550511025
1.337267453490698,PASSED,-0.27557920795864294,0.01748201372158001,0.14106097086758626,2.707947892047721,-0.09256982263084493,-0.7448589682826011
1.338267653530706,PASSED,-0.27556165998890453,0.017616255608767287,0.12969583140040658,2.707854974037058,-0.09327854527374878,-0.684631759318
1.339267853570714,PASSED,-0.27554398346689096,0.017739121858717094,0.11831319564940765,2.7077613774525666,-0.09392698821973379,-0.6243170704296659
1.340268053610722,PASSED,-0.27552618977513393,0.017850597738389488,0.10691766902105318,2.707667162607836,-0.09451507867004517,-0.5639393702325153
1.34126825365073,PASSED,-0.2755082903085986,0.01795067311539474,0.09551384899471459,2.707572389877027,-0.09504276828145615,-0.5035231055299564
1.342268453690738,PASSED,-0.27549029647008827,0.018039342448290935,0.08410632216385308,2.7074771196704575,-0.09551003310450559,-0.44309263472908483
1.343268653730746,PASSED,-0.2754722196656595,0.018116604774492066,0.0726996622259839,2.7073814124102533,-0.09591687348960656,-0.3826722186822175
1.3442688537707541,PASSED,-0.2754540713000499,0.01818246369738463,0.06129843000361327,2.7072853285060794,-0.09626331401906367,-0.3222860699736917
1.3452690538107621,PASSED,-0.2754358627721202,0.018236927370581406,0.04990716865888941,2.7071889283309436,-0.09654940344047445,-0.26195832236887845
1.3462692538507701,PASSED,-0.2754176054703121,0.01828000848186766,0.038530406371168266,2.707092272197118,-0.09677521451887872,-0.20171291576119915
1.3472694538907781,PASSED,-0.27539931076812496,0.01831172423288373,0.027172647446005574,2.7069954203321656,-0.09694084392015434,-0.14157372495190348
1.3482696539307861,PASSED,-0.2753809900196109,0.018332096320016023,0.01583838025648329,2.706898432855067,-0.09704641215311292,-0.08156457162970031
1.3492698539707941,PASSED,-0.27536265455489184,0.01834115091237342,0.004532067091338074,2.7068013697524904,-0.09709206338964955,-0.02170901314125248
1.3502700540108021,PASSED,-0.2753443156756995,0.018338918626272228,-0.006741854896210186,2.706704290855185,-0.09707796531129403,0.037969472686716924
1.3512702540508101,PASSED,-0.2753259846509406,0.018325434500651255,-0.017978972770814932,2.7066072558145158,-0.09700430902286089,0.09744749893078059
1.3522704540908181,PASSED,-0.2753076727122876,0.018300737970697034,-0.02917490140982512,2.706510324079163,-0.09687130884768035,0.1567019593470575
1.3532706541308261,PASSED,-0.27528939104979827,0.01826487283719804,-0.040325288225103506,2.7064135548719688,-0.09667920215703012,0.21570984485234815
1.3542708541708341,PASSED,-0.27527115080756487,0.018217887236487366,-0.05142580903439067,2.7063170071669616,-0.09642824924084233,0.2744482970781043
1.3552710542108422,PASSED,-0.2752529630793946,0.01815983360874313,-0.06247217355080574,2.7062207396665556,-0.09611873308802829,0.33289472330465336
1.3562712542508502,PASSED,-0.2752348389045233,0.018090768663998922,-0.07346012553980508,2.7061248107789253,-0.09575095921496915,0.39102663956212486
1.3572714542908582,PASSED,-0.2752167892633634,0.01801075334644885,-0.08438544555691328,2.7060292785956093,-0.09532525543899917,0.4488218669085536
1.3582716543308662,PASSED,-0.2751988250732886,0.017919852796986255,-0.09524395206637752,2.705934200869259,-0.09484197172561218,0.5062582777059251
1.3592718543708742,PASSED,-0.2751809571844557,0.017818136316251277,-0.10603149984737831,2.7058396349916563,-0.09430147993208353,0.5633141374104538
1.3602720544108822,PASSED,-0.275163196375666,0.017705677323249017,-0.11674398843884838,2.705745637971913,-0.09370417356583428,0.6199678521417796
1.3612722544508902,PASSED,-0.2751455533502678,0.017582553313688354,-0.1273773569752086,2.705652266414909,-0.09305046762336586,0.6761980026862141
1.3622724544908982,PASSED,-0.27512803873210046,0.01744884581824185,-0.1379275877607032,2.7055595764999563,-0.09234079831165719,0.7319835177236464
1.3632726545309062,PASSED,-0.2751106630614829,0.017304640357032573,-0.14839071017499092,2.7054676239597155,-0.09157562277620926,0.7873035472640956
1.3642728545709142,PASSED,-0.27509343679124687,0.017150026393240363,-0.15876279953702235,2.705376464059352,-0.09075541889642745,0.8421374347936144
1.3652730546109222,PASSED,-0.27507637028281695,0.016985097287771367,-0.1690399760903127,2.70528615157595,-0.08988068502390831,0.8964648310028318
1.3662732546509302,PASSED,-0.2750594738023387,0.01680995024870723,-0.17921841438002087,2.7051967407781854,-0.08895193968065097,0.9502656847603245
1.3672734546909382,PASSED,-0.275042757516856,0.01662468628081477,-0.18929433690074823,2.7051082854062716,-0.0879697213137784,1.0035201549474126
1.3682736547309462,PASSED,-0.2750262314905391,0.0164294101368377,-0.1992640153612856,2.7050208386521875,-0.08693458801329901,1.056208730834061
1.3692738547709542,PASSED,-0.2750099056809654,0.016224230262482854,-0.20912378035055137,2.704934453140174,-0.08584711721893316,1.1083121700537182
1.3702740548109622,PASSED,-0.2749937899354521,0.01600925874199005,-0.21887001392096891,2.704849180907532,-0.08470790543386027,1.1598115284190036
1.3712742548509702,PASSED,-0.2749778939874452,0.015784611245099875,-0.22849915220298017,2.7047650733857007,-0.08351756793500212,1.210688145817563
1.3722744548909782,PASSED,-0.27496222745296334,0.015550406969296191,-0.23800769153748455,2.704682181381669,-0.08227673842746042,1.2609237486911304
1.3732746549309862,PASSED,-0.274946799827099,0.01530676858080419,-0.2473921864616817,2.7046005550596535,-0.08098606878407515,1.310500239848043
1.3742748549709942,PASSED,-0.27493162048057795,0.015053822158509169,-0.2566492461839148,2.7045202439231164,-0.07964622872764558,1.359399934150568
1.3752750550110022,PASSED,-0.27491669865637836,0.014791697132186773,-0.2657755464147174,2.7044412967971003,-0.07825790544804484,1.4076055099008635
1.3762752550510102,PASSED,-0.2749020434664103,0.014520526220419763,-0.2747678220018686,2.7043637618108813,-0.07682180333133964,1.455099854574735
1.3772754550910182,PASSED,-0.27488766388825675,0.014240445371049697,-0.28362286761553185,2.704287686380962,-0.07533864362361595,1.5018662764896549
1.3782756551310262,PASSED,-0.2748735687619783,0.013951593695174699,-0.2923375480479734,2.704213117194376,-0.07380916408090242,1.5478883868627868
1.3792758551710342,PASSED,-0.27485976678698076,0.01365411340393672,-0.3009087866979853,2.7041401001923697,-0.07223411860365614,1.593150204168603
1.3802760552110422,PASSED,-0.2748462665189475,0.013348149744281375,-0.30933357496025365,2.7040686805544056,-0.07061427691491819,1.6376360117842033
1.3812762552510502,PASSED,-0.2748330763668391,0.013033850929395758,-0.3176089748358586,2.7039989026825153,-0.06895042422837439,1.6813304697168772
1.3822764552910582,PASSED,-0.2748202045899582,0.01271136807470984,-0.3257321079192941,2.703930810186023,-0.06724336083808452,1.724218670671861
1.3832766553310663,PASSED,-0.2748076592950833,0.012380855128300176,-0.3337001720699128,2.7038644458666097,-0.0654939017854278,1.7662859739799779
1.3842768553710743,PASSED,-0.2747954484336702,0.012042468800939642,-0.34151043088761374,2.7037998517037662,-0.06370287649993536,1.8075181598340848
1.3852770554110823,PASSED,-0.27478357979912427,0.011696368497369538,-0.3491602186917605,2.703737068840588,-0.061871128413926176,1.8479013701259195
1.3862772554510903,PASSED,-0.2747720610241422,0.011342716244938954,-0.3566469415898008,2.7036761375699565,-0.0599995146006179,1.8874221087631848
1.3872774554910983,PASSED,-0.2747608995781254,0.010981676621680703,-0.3639680777038856,2.7036170973211044,-0.058088905369770266,1.9260673122372653
1.3882776555311063,PASSED,-0.2747501027646652,0.010613416684173423,-0.371121177376209,2.703559986646542,-0.056140183918180736,1.9638242111577002
1.3892778555711143,PASSED,-0.2747396777191013,0.010238105894537865,-0.3781038644751242,2.703504843209382,-0.05415424593936947,2.0006804905803093
1.3902780556111223,PASSED,-0.27472963140615314,0.009855916046243819,-0.3849138375066604,2.7034517037710386,-0.05213199921154557,2.036624219319626
1.3912782556511303,PASSED,-0.2747199706176262,0.009467021189259817,-0.3915488699688955,2.703400604179341,-0.05007436320906859,2.0716438579152214
1.3922784556911383,PASSED,-0.2747107019701926,0.00907159755565082,-0.39800680936906696,2.7033515793570086,-0.047982268745469236,2.1057282007221123
1.3932786557311463,PASSED,-0.2747018319032474,0.00866982348303468,-0.40428558144752,2.703304663290551,-0.0458566575323521,2.13886655471383
1.3942788557711543,PASSED,-0.2746933666768416,0.00826187933791901,-0.4103831875611032,2.7032598890195416,-0.0436984817913456,2.1710485318682844
1.3952790558111623,PASSED,-0.2746853123696907,0.007847947439971572,-0.41629770487166284,2.7032172886263193,-0.04150870386339627,2.2022641920033688
1.3962792558511703,PASSED,-0.2746776748772618,0.007428211983125283,-0.42202729149603857,2.703176893226072,-0.03928829579053002,2.2325039934415147
1.3972794558911783,PASSED,-0.2746704599099378,0.007002858957343924,-0.4275701819715731,2.7031387329573477,-0.037038238897757016,2.261758825660663
1.3982796559311863,PASSED,-0.2746636729912598,0.006572076072275706,-0.43292468713264753,2.7031028369729477,-0.0347595234237493,2.290019906239082
1.3992798559711943,PASSED,-0.27465731945624855,0.006136052675897218,-0.4380892025423831,2.7030692334312705,-0.032453148049538555,2.3172790195251847
1.4002800560112023,PASSED,-0.2746514044498045,0.005694979676170327,-0.44306219784989526,2.703037949488016,-0.030120119536670258,2.3435281750970347
1.4012802560512103,PASSED,-0.27464593292518846,0.005249049461620288,-0.4478422256834681,2.7030090112883585,-0.027761452293344688,2.368759955477925
1.4022804560912183,PASSED,-0.27464090964258076,0.004798455820621421,-0.45242791787580156,2.702982443959498,-0.025378167932436666,2.39296729786142
1.4032806561312263,PASSED,-0.2746363391677217,0.004343393861618334,-0.45681798642127674,2.7029582716036415,-0.02297129490473463,2.4161435142624477
1.4042808561712343,PASSED,-0.27463222587063174,0.0038840599321528987,-0.4610112248282085,2.7029365172914113,-0.020541868035232554,2.4382824396618266
1.4052810562112423,PASSED,-0.274628573924413,0.003420651538046509,-0.4650065069585103,2.702917203055655,-0.018090928115765105,2.459378239337861
1.4062812562512503,PASSED,-0.27462538730413166,0.0029533672622375686,-0.46880278837589373,2.7029003498857,-0.015619521492312273,2.4794255461961505
1.4072814562912583,PASSED,-0.2746226697857811,0.002482406683852442,-0.47239910505794797,2.7028859777219965,-0.013128699649792566,2.4984193734020796
1.4082816563312663,PASSED,-0.2746204249453268,0.0020079702962533014,-0.4757945759599354,2.702874105451231,-0.010619518739862263,2.5163552676157863
1.4092818563712743,PASSED,-0.2746186561578329,0.0015302594255705495,-0.4789884004979631,2.7028647509018056,-0.008093039227649208,2.533229008611231
1.4102820564112823,PASSED,-0.27461736659666985,0.001049476149586049,-0.4819798596421922,2.702857930839783,-0.005550325447945371,2.5490369604322414
1.4112822564512904,PASSED,-0.2746165592328043,0.0005658232152413074,-0.48476831747977467,2.702853660965252,-0.0029924451032013514,2.563775934285206
1.4122824564912984,PASSED,-0.27461623683417,7.95039577638985e-05,-0.4873532174758318,2.702851955909085,-0.00042046896664329944,2.5774429380732835
1.4132826565313064,PASSED,-0.27461640196512127,-0.00040927778178948194,-0.4897340876050796,2.7028528292301512,0.0021645295949578327,2.5900356439530317
1.4142828565713144,PASSED,-0.2746170569859673,-0.0009003177383051674,-0.49191053578942273,2.702856293412939,0.0047614751076098,2.6015520917845905
1.4152830566113224,PASSED,-0.2746182040525889,-0.0013934113033563704,-0.49388225122572327,2.702862359865598,0.007369290313221038,2.611990614829004
1.4162832566513304,PASSED,-0.27461984511613674,-0.0018883536075788004,-0.49564900622023456,2.702871038918424,0.009986896638326954,2.6213501319571915
1.4172834566913384,PASSED,-0.2746219819228102,-0.002384939601730993,-0.4972106527734983,2.7028823398227293,0.012613214622559508,2.629629885749462
1.4182836567313464,PASSED,-0.2746246160137184,-0.0028829641378821783,-0.4985671250696433,2.7028962707501676,0.015247164318494218,2.6368295693915424
1.4192838567713544,PASSED,-0.27462774872482265,-0.0033822220512854852,-0.499718438959082,2.7029128387924573,0.0178876657190255,2.642949287957776
1.4202840568113624,PASSED,-0.2746313811869587,-0.0038825082397668637,-0.5006646881629098,2.702932049961536,0.020533639179370598,2.6479895752699854
1.4212842568513704,PASSED,-0.27463551432594074,-0.0043836177450665755,-0.5014060500575805,2.702953909190129,0.023184005837614607,2.6519513802266856
1.4222844568913784,PASSED,-0.2746401488627456,-0.0048853458346130845,-0.5019427825391269,2.702978420332719,0.025837687994594575,2.6548360081488305
1.4232846569313862,PASSED,-0.27464528531377697,-0.0053874880787187695,-0.5022752184833894,2.7030055861669546,0.028493609573300396,2.6566452924104786
1.4242848569713942,PASSED,-0.2746509239912094,-0.005889840431845971,-0.5024037762230756,2.7030354083954586,0.03115069653272055,2.657381404093268
1.4252850570114022,PASSED,-0.2746570650034123,-0.006392199313072801,-0.5023289512293324,2.7030678876480376,0.0338078772075565,2.6570468553310627
1.4262852570514102,PASSED,-0.27466370825545244,-0.006894361682562958,-0.5020513149973737,2.703103023484324,0.0364640827975143,2.6556447463756245
1.4272854570914182,PASSED,-0.2746708534496758,-0.007396125121728904,-0.5015715219449928,2.7031408143967885,0.03911824773373389,2.653178396115565
1.4282856571314262,PASSED,-0.27467850008636713,-0.007897287911170198,-0.5008903011054942,2.7031812578142165,0.04176931009907845,2.649651678163905
1.4292858571714342,PASSED,-0.2746866474644878,-0.00839764910754035,-0.5000084598799238,2.703224350105508,0.04441621199340469,2.6450687051011204
1.4302860572114422,PASSED,-0.2746952946824907,-0.008897008621465122,-0.49892688328800483,2.703270086583947,0.04705789996709468,2.6394341527492466
1.4312862572514502,PASSED,-0.2747044406392121,-0.00939516729361624,-0.4976465313931956,2.703318461511822,0.049693325421398885,2.632752988674181
1.4322864572914582,PASSED,-0.27471408403483977,-0.009891926970394916,-0.4961684403689994,2.70336946810547,0.052321444967667226,2.6250305846644624
1.4332866573314662,PASSED,-0.27472422337195657,-0.010387090580318713,-0.49449372296032706,2.703423098540691,0.054941220836450456,2.6162727248624127
1.4342868573714742,PASSED,-0.27473485695665956,-0.010880462208173486,-0.49262356445107086,2.70347934395856,0.05755162126907611,2.606485571134496
1.4352870574114822,PASSED,-0.27474598289975327,-0.011371847168809929,-0.49055922476002456,2.7035381944716232,0.06015162089001833,2.5956756541473647
1.4362872574514902,PASSED,-0.2747575991180168,-0.011861052081516383,-0.4883020380040737,2.703599639170476,0.06274020109393812,2.5838499037680513
1.4372874574914982,PASSED,-0.27476970333554407,-0.012347884942047487,-0.4858534088824599,2.703663666130716,0.06531635041762271,2.5710156036289695
1.4382876575315062,PASSED,-0.27478229308515684,-0.012832155195047826,-0.48321481574559344,2.70373026242028,0.06787906491967298,2.5571804343311353
1.4392878575715142,PASSED,-0.27479536570988866,-0.013313673805400493,-0.4803878067573805,2.703799414107132,0.07042734853247704,2.542352398452672
1.4402880576115222,PASSED,-0.2748089183645405,-0.013792253328508641,-0.4773740006753293,2.703871106267342,0.07296021344469786,2.5265399213995914
1.4412882576515302,PASSED,-0.2748229480173063,-0.014267707980504809,-0.47417508621006016,2.703945322993523,0.07547668048499472,2.509751786228386
1.4422884576915382,PASSED,-0.2748374514514675,-0.014739853706600078,-0.470792819352075,2.7040220474036003,0.07797577939987697,2.4919970006515073
1.4432886577315462,PASSED,-0.2748524252671566,-0.015208508249386549,-0.4672290250760671,2.704101261649984,0.08045654929447256,2.4732851572249874
1.4442888577715542,PASSED,-0.2748678658831884,-0.01567349121712128,-0.4634855961738383,2.704182946929043,0.08291803895252688,2.4536259919405516
1.4452890578115622,PASSED,-0.27488376953895727,-0.016134624147935456,-0.4595644872410683,2.7042670834909717,0.08535930715106527,2.433029669603626
1.4462892578515703,PASSED,-0.27490013229640126,-0.016591730576625826,-0.4554677229899085,2.704353650649949,0.08777942301897251,2.411506666776315
1.4472894578915783,PASSED,-0.27491695004203043,-0.0170446360999342,-0.451197390187356,2.7044426267946835,0.0901774664041944,2.389067864185593
1.4482896579315863,PASSED,-0.27493421848901983,-0.017493168438303935,-0.44675563715798566,2.704533989399266,0.0925525281754943,2.365724376042766
1.4492898579715943,PASSED,-0.2749519331793648,-0.017937157498667592,-0.44214467583410266,2.7046277150343405,0.0949037105051122,2.341487632001347
1.4502900580116023,PASSED,-0.2749700894860988,-0.018376435437768786,-0.4373667812792526,2.704723779378627,0.09723012727795739,2.3163695334077454
1.4512902580516103,PASSED,-0.27498868261557236,-0.01881083672107316,-0.43242428465445176,2.7048221572307374,0.09953090436253674,2.290382118693761
1.4522904580916183,PASSED,-0.2750077076097914,-0.01924019818186631,-0.4273195782189463,2.704922822521312,0.10180517987666482,2.263537777750953
1.4532906581316263,PASSED,-0.2750271593488153,-0.019664359081200622,-0.42205511341122026,2.7050257483254767,0.10405210458450612,2.235849327901517
1.4542908581716343,PASSED,-0.2750470325532123,-0.02008316116473686,-0.416633396952917,2.7051309068755733,0.1062708421334871,2.2073296963672977
1.4552910582116423,PASSED,-0.27506732178657173,-0.020496448717567166,-0.41105699008189467,2.7052382695742248,0.10846056935095176,2.1779922315295623
1.4562912582516503,PASSED,-0.2750880214580721,-0.020904068621089837,-0.40532851248319113,2.7053478070076564,0.11062047656048633,2.1478505282045903
1.4572914582916583,PASSED,-0.27510912582510366,-0.02130587040699054,-0.3994506348457069,2.7054594889593218,0.11274976784532119,2.116918455921689
1.4582916583316663,PASSED,-0.2751306289959442,-0.021701706308156158,-0.3934260787122315,2.705573284423809,0.11484766132896841,2.0852101687975946
1.4592918583716743,PASSED,-0.275152524932487,-0.022091431311499442,-0.38725761976398293,2.705689161621011,0.11691338944293896,2.0527400774191564
1.4602920584116823,PASSED,-0.27517480745302036,-0.022474903210021994,-0.38094808436159433,2.705807088010573,0.11894619920551887,2.0195228860204244
1.4612922584516903,PASSED,-0.27519747023505603,-0.022851982648699073,-0.3745003415540696,2.705927030306604,0.12094535247461556,1.9855735244808659
1.4622924584916983,PASSED,-0.2752205068182073,-0.02322253317438989,-0.36791731511531744,2.7060489544926365,0.12291012619200238,1.9509071793241342
1.4632926585317063,PASSED,-0.2752439106071133,-0.02358642128314576,-0.36120197118290653,2.7061728258368336,0.12483981262463671,1.915539268174465
1.4642928585717143,PASSED,-0.2752676748744104,-0.023943516464247697,-0.3543573210479548,2.7062986089074648,0.12673371965241542,1.8794855341815195
1.4652930586117223,PASSED,-0.275291792763748,-0.024293691245454135,-0.34738642131209396,2.7064262675885784,0.1285911709417877,1.8427617928327875
1.4662932586517303,PASSED,-0.27531625729284775,-0.02463682123497474,-0.3402923683262817,2.706555765095946,0.13041150619406336,1.8053842252375456
1.4672934586917383,PASSED,-0.27534106135660547,-0.024972785163911063,-0.3330783026763536,2.706687063993203,0.13219408140083108,1.767369194454513
1.4682936587317463,PASSED,-0.2753661977302335,-0.025301464926683094,-0.32574740283581227,2.706820126208232,0.13393826902672337,1.728733246850786
1.4692938587717543,PASSED,-0.27539165907244334,-0.025622745619010238,-0.31830288532136336,2.706954913049721,0.13564345818278842,1.6894930955412175
1.4702940588117623,PASSED,-0.2754174379286655,-0.02593651557592179,-0.3107480046383415,2.7070913852239706,0.13730905490920153,1.6496658136610254
1.4712942588517703,PASSED,-0.2754435267343079,-0.026242666409076812,-0.30308605216614487,2.707229502851873,0.13893448234196165,1.609268512159531
1.4722944588917783,PASSED,-0.2754699178180479,-0.02654109303992847,-0.29532034997532736,2.7073692254860773,0.14051918082596654,1.5683184652351618
1.4732946589317863,PASSED,-0.2754966034051607,-0.026831693734512982,-0.2874542576572961,2.7075105121283634,0.14206260820139668,1.5268333155601428
1.4742948589717944,PASSED,-0.27552357562087837,-0.027114370135322148,-0.2794911629104129,2.7076533212471694,0.14356423994640372,1.4848306979716253
1.4752950590118024,PASSED,-0.2755508264937821,-0.02738902729120899,-0.2714344845377974,2.707797610795309,0.1450235692939719,1.4423284472991924
1.4762952590518104,PASSED,-0.2755783479592234,-0.027655573688096857,-0.2632876717879176,2.7079433382278317,0.14644010743866584,1.399344609623802
1.4772954590918184,PASSED,-0.2756061318627748,-0.027913921276327136,-0.25505419919185307,2.7080904605200646,0.14781338371012448,1.3558973793485658
1.4782956591318264,PASSED,-0.2756341699637062,-0.028163985496122576,-0.24673756686449197,2.708238934185772,0.14914294564717764,1.31200497552293
1.4792958591718344,PASSED,-0.27566245393848926,-0.028405685304265387,-0.2383413023283567,2.7083887152954933,0.15042835919832812,1.2676859349021208
1.4802960592118424,PASSED,-0.2756909753843241,-0.028638943196963872,-0.22986895294523943,2.708539759494981,0.15166920884237525,1.2229587834770905
1.4812962592518504,PASSED,-0.27571972582268983,-0.02886368523162231,-0.22132408913390197,2.7086920220237953,0.15286509768328044,1.1778422125239008
1.4822964592918584,PASSED,-0.2757486967029167,-0.029079841048456817,-0.21271030196824223,2.708845457733995,0.1540156475878796,1.1323550326493832
1.4832966593318664,PASSED,-0.2757778794057774,-0.029287343889023723,-0.20403119963268213,2.709000021108953,0.15512049929744626,1.086516160844794
1.4842968593718744,PASSED,-0.27580726524709787,-0.02948613061404397,-0.19529040861195868,2.709155666282279,0.1561793125242627,1.0403446041308968
1.4852970594118824,PASSED,-0.27583684548138443,-0.0296761417207266,-0.18649157206306982,2.709312347056837,0.15719176604506957,0.9938594652574926
1.4862972594518904,PASSED,-0.27586661130546675,-0.02985732135570805,-0.17763834359370434,2.7094700169238486,0.15815755778447457,0.9470799221699929
1.4872974594918984,PASSED,-0.2758965538621551,-0.030029617330434976,-0.16873439548240812,2.7096286290820792,0.159076404889963,0.9000252277006646
1.4882976595319064,PASSED,-0.2759266642439101,-0.03019298113235445,-0.1597834062108577,2.709788136457115,0.15994804383000405,0.8527147482679588
1.4892978595719144,PASSED,-0.2759569334965235,-0.03034736793418098,-0.15078906557030883,2.709948491720685,0.16077223042702368,0.805167829520742
1.4902980596119224,PASSED,-0.27598735262280866,-0.03049273660451573,-0.14175507351104208,2.710109647310051,0.161548739907597,0.757403914608372
1.4912982596519304,PASSED,-0.2760179125862997,-0.030629049715007066,-0.1326851351448693,2.710271555447467,0.1622773670036783,0.7094425503965871
1.4922984596919384,PASSED,-0.27604860431495654,-0.03075627354463341,-0.123582959280659,2.710434168159648,0.16295792593025438,0.6613031773623809
1.4932986597319464,PASSED,-0.27607941870487585,-0.03087437808652366,-0.11445226362998304,2.7105974372973165,0.1635902504489261,0.613005412878004
1.4942988597719544,PASSED,-0.27611034662400546,-0.03098333705020123,-0.10529676370929159,2.710761314554743,0.16417419390491328,0.5645688180599396
1.4952990598119624,PASSED,-0.2761413789158611,-0.03108312786150021,-0.09612017635877264,2.7109257514893343,0.16470962922354337,0.5160129856768592
1.4962992598519704,PASSED,-0.2761725064032438,-0.031173731664775668,-0.08692622121992015,2.7110906995412107,0.16519644890718616,0.46735748228674306
1.4972994598919784,PASSED,-0.2762037198919565,-0.031255133320514245,-0.0777186120843464,2.7112561100528216,0.16563456509165855,0.41862198592952476
1.4982996599319864,PASSED,-0.2762350101745191,-0.03132732140249587,-0.06850106191315097,2.711421934288524,0.16602390948921916,0.36982600531468657
1.4992998599719944,PASSED,-0.276266368033879,-0.03139028819324499,-0.059277276639769685,2.7115881234541863,0.1663644333885625,0.32098916202908
1.5003000600120024,PASSED,-0.276297784247117,-0.031444029678137024,-0.05005095706020936,2.7117546287167387,0.16665610764326372,0.27213098314932055
1.5013002600520104,PASSED,-0.2763292495891465,-0.03148854553886259,-0.0408257965024855,2.7119214012237363,0.166898922645241,0.22327101452930107
1.5023004600920185,PASSED,-0.2763607548364049,-0.03152383914352842,-0.031605476774718616,2.7120883921228662,0.1670928882843262,0.17442872212243907
1.5033006601320265,PASSED,-0.2763922907705349,-0.031549917536826455,-0.0223936709802483,2.712255552581417,0.1672380338835389,0.12562351727288448
1.5043008601720345,PASSED,-0.27642384818205545,-0.03156679142878474,-0.013194039276979269,2.7124228338057117,0.16733440818751566,0.07687482844607783
1.5053010602120425,PASSED,-0.27645541787401995,-0.031574475181495296,-0.004010228332936552,2.7125901870604716,0.16738207927655374,0.02820192943271632
1.5063012602520505,PASSED,-0.2764869906656607,-0.03157298679376756,0.005154131768168395,2.7127575636881347,0.16738113450540695,-0.02037590486643742
1.5073014602920585,PASSED,-0.27651855739601805,-0.03156234788599512,0.014295425108625042,2.7129249151280823,0.16733168043107122,-0.06883952064862062
1.5083016603320665,PASSED,-0.27655010892755305,-0.03154258368317573,0.023410054626559245,2.7130921929358047,0.16723384272696862,-0.11716982640524116
1.5093018603720745,PASSED,-0.2765816361497417,-0.03151372299412126,0.03249444533974235,2.713259348801979,0.16708776610921452,-0.16534781198661178
1.5103020604120825,PASSED,-0.27661312998264975,-0.03147579819338289,0.041545037670788126,2.713426334571445,0.16689361421627494,-0.21335461357489258
1.5113022604520905,PASSED,-0.2766445813804872,-0.03142884519968136,0.05055829772202535,2.713593102262096,0.16665156952802349,-0.2611714047024895
1.5123024604920985,PASSED,-0.2766759813351394,-0.031372903450488064,0.059530716840808656,2.7137596040836387,0.16636183322910145,-0.3087795617351027
1.5133026605321065,PASSED,-0.2767073208796754,-0.03130801587993197,0.06845880636629668,2.7139257924562714,0.16602462512284297,-0.3561604692741076
1.5143028605721145,PASSED,-0.2767385910918313,-0.031234228893387873,0.07733910666262869,2.7140916200292033,0.1656401834765345,-0.4032957643313545
1.5153030606121225,PASSED,-0.2767697830974666,-0.03115159233862809,0.08616818682455234,2.7142570396990666,0.16520876488275393,-0.4501671467466851
1.5163032606521305,PASSED,-0.2768008880739934,-0.031060159478317296,0.094942642634954,2.714422004628206,0.16473064419133435,-0.4967563878682174
1.5173034606921385,PASSED,-0.2768318972537765,-0.03095998696150319,0.10365909960020354,2.7145864682627714,0.16420611424010118,-0.543045660143171
1.5183036607321465,PASSED,-0.2768628019275029,-0.030851134790626407,0.11231421839450664,2.714750384350723,0.16363548578391968,-0.5890169868737195
1.5193038607721545,PASSED,-0.2768935934475204,-0.030733666290561165,0.12090468784572683,2.7149137069596283,0.16301908735263868,-0.6346527275525048
1.5203040608121625,PASSED,-0.27692426323114233,-0.030607648075219974,0.1294272336714969,2.7150763904943314,0.16235726500626826,-0.6799354255823684
1.5213042608521705,PASSED,-0.276954802763919,-0.030473150011623793,0.1378786168793075,2.7152383897144206,0.16165038219453262,-0.7248477358377997
1.5223044608921785,PASSED,-0.2769852036028732,-0.030330245185076352,0.14625563299286437,2.7153996597515384,0.1608988196137283,-0.7693724774486825
1.5233046609321865,PASSED,-0.2770154573796995,-0.030179009861739377,0.15455511689971355,2.715560156126495,0.16010297495982945,-0.8134927715323248
1.5243048609721945,PASSED,-0.27704555580392537,-0.030019523449211178,0.16277394294719502,2.7157198347661917,0.1592632627446637,-0.8571918442546824
1.5253050610122025,PASSED,-0.2770754906660332,-0.029851868457968504,0.17090902343965675,2.7158786520203475,0.1583801141298751,-0.9004531284779125
1.5263052610522105,PASSED,-0.2771052538405431,-0.029676130461050474,0.17895731257027875,2.7160365646780154,0.15745397668147923,-0.943260328341186
1.5273054610922185,PASSED,-0.2771348372890523,-0.029492398049551238,0.18691581078521421,2.7161935299838977,0.15648531416504038,-0.9855973085039622
1.5283056611322265,PASSED,-0.27716423306323457,-0.02930076279253705,0.19478155450017123,2.7163495056544287,0.15547460632796437,-1.0274481894574068
1.5293058611722345,PASSED,-0.27719343330779395,-0.029101319191879017,0.20255163142994542,2.7165044498936517,0.154422348682366,-1.0687972830256722
1.5303060612122426,PASSED,-0.27722243026337456,-0.028894164635394924,0.21022317318685965,2.7166583214088322,0.15332905222816584,-1.1096292349831929
1.5313062612522506,PASSED,-0.277251216269425,-0.028679399352811254,0.21779335551487655,2.7168110794258857,0.15219524328039208,-1.1499287563007896
1.5323064612922586,PASSED,-0.277279783767015,-0.02845712636732976,0.22525940545923537,2.7169626837045104,0.15102146317921986,-1.1896809977532006
1.5333066613322666,PASSED,-0.27730812530160476,-0.028227451446536378,0.23261859768280901,2.717113094553111,0.14980826802490407,-1.2288712586908688
1.5343068613722746,PASSED,-0.2773362335257652,-0.02799048305418347,0.2398682554663096,2.7172622728434397,0.14855622846803823,-1.2674850889824945
1.5353070614122826,PASSED,-0.2773641012018481,-0.02774633229909066,0.24700575484381074,2.7174101800249977,0.14726592941835784,-1.3055083568123105
1.5363072614522904,PASSED,-0.2773917212046057,-0.02749511288359636,0.254028522594625,2.717556778139164,0.14593796977225856,-1.3429271722905387
1.5373074614922984,PASSED,-0.2774190865237582,-0.02723694105195307,0.26093403767573026,2.7177020298330543,0.14457296215924115,-1.3797279068353292
1.5383076615323064,PASSED,-0.2774461902665081,-0.026971935536299133,0.2677198343060776,2.7178458983730946,0.14317153263941892,-1.415897261813472
1.5393078615723144,PASSED,-0.27747302566000187,-0.02670021750266445,0.2743834998537528,2.7179883476583355,0.14173432044454232,-1.4514221502519997
1.5403080616123224,PASSED,-0.27749958605373587,-0.02642191049661481,0.2809226768469002,2.7181293422334547,0.14026197767221082,-1.486289853717822
1.5413082616523304,PASSED,-0.27752586492190773,-0.026137140386714768,0.2873350652688092,2.71826884730149,0.13875516899678994,-1.520487889889608
1.5423084616923384,PASSED,-0.2775518558657109,-0.02584603530764211,0.2936184216085623,2.718406828736261,0.13721457137099943,-1.5540041163911271
1.5433086617323464,PASSED,-0.27757755261557243,-0.025548725603591265,0.2997705590123643,2.718543253094498,0.1356408737259023,-1.586826664234476
1.5443088617723544,PASSED,-0.27760294903333255,-0.025245343769127737,0.3057893514309704,2.7186780876276684,0.1340347766664621,-1.618943989577369
1.5453090618123624,PASSED,-0.2776280391143665,-0.024936024391219887,0.31167272889243414,2.718811300293475,0.13239699213258418,-1.6503448967449112
1.5463092618523704,PASSED,-0.27765281698964556,-0.024620904088017207,0.31741868607617524,2.7189428597670764,0.13072824313684817,-1.6810183950634612
1.5473094618923784,PASSED,-0.2776772769277393,-0.024300121449811026,0.32302527295952116,2.719072735451948,0.12902926339881654,-1.7109539666771156
1.5483096619323864,PASSED,-0.2777014133367567,-0.023973816977943704,0.32849060447251943,2.7192008974904507,0.12730079701622157,-1.74014132654021
1.5493098619723944,PASSED,-0.27772522076622547,-0.023642133021602004,0.3338128575878213,2.71932731677406,0.12554359818407362,-1.7685705025531018
1.5503100620124024,PASSED,-0.27774869390891016,-0.023305213717160406,0.3389902690107852,2.7194519649532736,0.12375843083280429,-1.7962319170801495
1.5513102620524104,PASSED,-0.2777718276025667,-0.0229632049246766,0.3440211414658202,2.719574814447176,0.12194606827498018,-1.823116318320074
1.5523104620924184,PASSED,-0.27779461683163464,-0.022616254164308888,0.34890383963563865,2.719695838452676,0.12010729290141096,-1.8492147437353
1.5533106621324264,PASSED,-0.2778170567288649,-0.022264510551922176,0.353636794220762,2.7198150109533947,0.11824289583098788,-1.8745186215482688
1.5543108621724344,PASSED,-0.2778391425768841,-0.021908124735663146,0.35821849761787533,2.719932306728228,0.1163536765583717,-1.89901970666144
1.5553110622124424,PASSED,-0.27786086980969327,-0.021547248830299664,0.3626475105272141,2.7200477013595465,0.11444044261086393,-1.9227101080719802
1.5563112622524504,PASSED,-0.27788223401410184,-0.02118203635106966,0.36692245836519705,2.72016117124104,0.11250400917893962,-1.9455823144925188
1.5573114622924584,PASSED,-0.27790323093109615,-0.020812642149638114,0.37104203014244225,2.720272693585248,0.11054519881916201,-1.9676290566343217
1.5583116623324664,PASSED,-0.2779238564571414,-0.02043922234661894,0.37500498493699935,2.7203822464306837,0.10856484103367252,-1.988843604726258
1.5593118623724744,PASSED,-0.27794410664541797,-0.020061934264622463,0.37881014670279534,2.720489808648655,0.10656377194826483,-2.0092194058619546
1.5603120624124824,PASSED,-0.27796397770698983,-0.01968093636229904,0.3824564060705025,2.7205953599496806,0.1045428339545064,-2.0287503856894076
1.5613122624524904,PASSED,-0.2779834660119073,-0.01929638816729339,0.38594272096241666,2.7206988808895836,0.10250287533221097,-2.0474307800327782
1.5623124624924984,PASSED,-0.27800256809024093,-0.0189084502068479,0.3892681201008653,2.7208003528751927,0.10044474989474557,-2.065255209087143
1.5633126625325064,PASSED,-0.27802128063304915,-0.01851728394236269,0.3924316940747731,2.7208997581697036,0.09836931662938253,-2.082218636213644
1.5643128625725145,PASSED,-0.2780396004932772,-0.018123051700756256,0.3954326066275413,2.7209970798976637,0.09627743933350119,-2.098316402326458
1.5653130626125225,PASSED,-0.2780575246865879,-0.017725916604592364,0.39827008918812723,2.7210923020495805,0.09416998621289495,-2.1135442661261123
1.5663132626525305,PASSED,-0.27807505039212516,-0.0173260425063867,0.4009434375506888,2.721185409486187,0.0920478295638605,-2.1278982376400113
1.5673134626925385,PASSED,-0.27809217495320787,-0.016923593918677458,0.4034520211482779,2.72127638794232,0.08991184539512849,-2.1413747894599986
1.5683136627325465,PASSED,-0.2781088958779562,-0.016518735944967482,0.405795275417769,2.7213652240304227,0.08776291299442518,-2.153970808198839
1.5693138627725545,PASSED,-0.2781252108398489,-0.016111634213121735,0.40797270279773246,2.7214519052437,0.08560191463944634,-2.165683386165491
1.5703140628125625,PASSED,-0.27814111767821215,-0.015702454804503815,0.4099838791647163,2.7215364199588885,0.08342973521700221,-2.1765101132965814
1.5713142628525705,PASSED,-0.2781566143986394,-0.015291364186061125,0.4118284446280085,2.721618757438642,0.08124726176385422,-2.186449013048938
1.5723144628925785,PASSED,-0.27817169917334333,-0.014878529143010518,0.41350610866567167,2.721698907833582,0.07905538320989694,-2.1954982478961966
1.5733146629325865,PASSED,-0.2781863703414379,-0.01446411670771192,0.4150166530538827,2.7217768621839356,0.07685498995684711,-2.2036565898189227
1.5743148629725945,PASSED,-0.2782006264091533,-0.014048294093225111,0.4163599221087592,2.721852612420825,0.07464697345693323,-2.2109231066438526
1.5753150630126025,PASSED,-0.2782144660499812,-0.013631228624286474,0.4175358334918899,2.721926151367195,0.07243222595241813,-2.217297103095925
1.5763152630526105,PASSED,-0.27822788810475224,-0.013213087668052955,0.4185443713946037,2.7219974727383383,0.07021164001812623,-2.222778488422563
1.5773154630926185,PASSED,-0.2782408915816452,-0.012794038567148799,0.4193855872438569,2.7220665711420775,0.06798610818646922,-2.2273673938133154
1.5783156631326265,PASSED,-0.27825347565612835,-0.012374248571810244,0.4200596007350192,2.722133442078572,0.0657565226640009,-2.2310642749049965
1.5793158631726345,PASSED,-0.2782656396708319,-0.011953884770468095,0.4205666017469027,2.7221980819397547,0.06352377489561627,-2.2338700973710455
1.5803160632126425,PASSED,-0.2782773831353544,-0.011533114023848847,0.42090684320081134,2.7222604880083843,0.06128875515688673,-2.2357861663018537
1.5813162632526505,PASSED,-0.27828870572600045,-0.0111121028981134,0.4210806474252029,2.722320658456778,0.05905235232486698,-2.236813942498353
1.5823164632926585,PASSED,-0.2782996072854522,-0.01069101759576269,0.42108840563438094,2.7223785923451183,0.056815453393538703,-2.2369555905482263
1.5833166633326665,PASSED,-0.27831008782237354,-0.010270023890845479,0.4209305711057637,2.7224342896194593,0.05457894313390776,-2.2362133723527626
1.5843168633726745,PASSED,-0.2783201475109481,-0.009849287062638908,0.420607666273779,2.7224877511093166,0.05234370378776893,-2.2345899953295345
1.5853170634126825,PASSED,-0.27832978669035097,-0.009428971828682383,0.42012027907835614,2.7225389785249408,0.05011061466278236,-2.23208854475792
1.5863172634526905,PASSED,-0.27833900586415544,-0.009009242280488782,0.4194690609370968,2.7225879744542034,0.04788055176591911,-2.228712464933473
1.5873174634926985,PASSED,-0.2783478056996733,-0.008590261817680623,0.4186547307222009,2.7226347423591544,0.045654387500940745,-2.2244654650082976
1.5883176635327065,PASSED,-0.2783561870272317,-0.008172193083627068,0.4176780696077904,2.7226792865722014,0.04343299027728132,-2.2193517294268363
1.5893178635727145,PASSED,-0.27836415083938454,-0.007755197901891981,0.41653992315328575,2.722721612291966,0.04121722416587287,-2.2133756993961957
1.5903180636127225,PASSED,-0.2783716982900607,-0.007339437212254698,0.4152412006266144,2.7227617255787626,0.039007948561219606,-2.2065422081579626
1.5913182636527305,PASSED,-0.2783788306936489,-0.006925071007211988,0.4137828746534403,2.722799633349766,0.03680601785098044,-2.198856378293285
1.5923184636927386,PASSED,-0.27838554952401945,-0.0065122582702520585,0.41216597849758896,2.7228353433738066,0.034612281043298936,-2.1903237606069803
1.5933186637327466,PASSED,-0.27839185641348446,-0.006101156913839465,0.4103916083559308,2.7228688642658527,0.032427581455824174,-2.180950138719959
1.5943188637727546,PASSED,-0.27839775315169574,-0.0056919237177797954,0.4084609211954955,2.7229002054811473,0.03025275639800059,-2.17074167055934
1.5953190638127626,PASSED,-0.2784032416844823,-0.005284714268908236,0.4063751339889336,2.7229293773090033,0.028088636780098476,-2.1597049161306257
1.5963192638527706,PASSED,-0.27840832411262767,-0.004879682901532406,0.40413552296709576,2.7229563908662944,0.02593604684923173,-2.1478466073574887
1.5973194638927786,PASSED,-0.2784130026905865,-0.004476982636335403,0.4017434266836079,2.7229812580906034,0.02379580386452843,-2.1351739029338446
1.5983196639327866,PASSED,-0.27841727982514414,-0.004076765124550688,0.39920023518545394,2.723003991733054,0.021668717719452894,-2.121694306503332
1.5993198639727946,PASSED,-0.27842115807401585,-0.0036791805884124383,0.39650740344011354,2.7230246053508282,0.019555590679527387,-2.1074155288736303
1.6003200640128026,PASSED,-0.27842464014439045,-0.003284377763172083,0.39366643977384996,2.7230431132993838,0.01745721709876015,-2.0923456153629787
1.6013202640528106,PASSED,-0.2784277288914159,-0.002892503843433205,0.3906789063822297,2.7230595307243304,0.015374383019730473,-2.0764930548074796
1.6023204640928186,PASSED,-0.27843042731662987,-0.002503704425717369,0.38754642527157385,2.723073873553042,0.013307865945018926,-2.059866421314257
1.6033206641328266,PASSED,-0.27843273856633427,-0.0021181234532905873,0.3842706705302539,2.723086158485946,0.011258434558433533,-2.0424746967661496
1.6043208641728346,PASSED,-0.27843466592991667,-0.0017359031644231635,0.3808533677588705,2.723096402987519,0.00922684835300863,-2.0243272111974036
1.6053210642128426,PASSED,-0.2784362128381171,-0.0013571840374550716,0.37729629977423956,2.723104625277004,0.007213857396954518,-2.0054334526252515
1.6063212642528506,PASSED,-0.27843738286124314,-0.0009821047391484709,0.3736012973281749,2.723110844318832,0.005220202067397804,-1.9858032475110228
1.6073214642928586,PASSED,-0.27843817970733287,-0.0006108020742701162,0.36977024324514124,2.7231150798127697,0.0032466127236690325,-1.9654467412072698
1.6083216643328666,PASSED,-0.27843860722026714,-0.00024341093413455863,0.3658050713958351,2.7231173521837957,0.0012938094702401395,-1.9443742615766417
1.6093218643728746,PASSED,-0.27843866937783224,0.00011993575217738298,0.3617077629226793,2.7231176825716887,-0.0006374981275678985,-1.9225964886289688
1.6103220644128826,PASSED,-0.27843837028973295,0.0004791070664183223,0.3574803484531128,2.723116092820374,-0.0025466113015829165,-1.9001242976057178
1.6113222644528906,PASSED,-0.2784377141955586,0.0008339741483787558,0.3531249042986476,2.7231126054670054,-0.004432842310005849,-1.876968815634409
1.6123224644928986,PASSED,-0.27843670546270116,0.0011844102430458418,0.34864355491271165,2.723107243730778,-0.006295514742058095,-1.8531415096641364
1.6133226645329066,PASSED,-0.27843534858422847,0.001530290745308113,0.344038467161978,2.723100031501504,-0.008133963745721494,-1.8286539996629092
1.6143228645729146,PASSED,-0.2784336481767113,0.0018714932447304255,0.33931185426253513,2.7230909933279612,-0.009947536200755318,-1.8035180919477685
1.6153230646129226,PASSED,-0.27843160897800706,0.0022078975696092577,0.3344659719563637,2.723080154405969,-0.011735591056957493,-1.7777460323717795
1.6163232646529306,PASSED,-0.278429235845001,0.002539385827961974,0.32950311595028514,2.723067540566273,-0.013497499508441068,-1.7513500642247728
1.6173234646929386,PASSED,-0.2784265337513047,0.0028658424500266977,0.3244256261410156,2.7230531782621723,-0.015232645190713344,-1.724342760970609
1.6183236647329466,PASSED,-0.2784235077849144,0.0031871542285260815,0.3192358800716292,2.7230370945569415,-0.016940424463101983,-1.6967369466673201
1.6193238647729546,PASSED,-0.2784201631458292,0.003503210357118595,0.31393629427310316,2.723019317111047,-0.01862024656494699,-1.6685455386301298
1.6203240648129626,PASSED,-0.278416505143631,0.0038139024684769136,0.30852932274846195,2.722999874169145,-0.020271533819896725,-1.6397817324961372
1.6213242648529707,PASSED,-0.2784125391950269,0.0041191246720705035,0.30301745749034226,2.7229787945468704,-0.02189372189476297,-1.610458969779649
1.6223244648929787,PASSED,-0.27840827082135505,0.0044187735894655215,0.29740322399813407,2.722956107617467,-0.023486259906191832,-1.5805907058616693
1.6233246649329867,PASSED,-0.27840370564605527,0.0047127483885490784,0.29168918247384,2.7229318432981784,-0.02504861065606816,-1.5501907792194356
1.6243248649729947,PASSED,-0.27839884939210574,0.005000950817905692,0.285877927278462,2.722906032036505,-0.026580250818065847,-1.5192730838498603
1.6253250650130027,PASSED,-0.27839370787942636,0.00528328523883459,0.2799720833625229,2.722878704796245,-0.028080671081142084,-1.4878517158938145
1.6263252650530107,PASSED,-0.27838828702225116,0.005559658655851408,0.2739743061196824,2.72284989304341,-0.02954937630633369,-1.4559408980567974
1.6273254650930187,PASSED,-0.2783825928264689,0.005829980748346878,0.2678872834126612,2.7228196287319206,-0.030985885751828635,-1.423555143787043
1.6283256651330267,PASSED,-0.27837663138693525,0.006094163897974843,0.26171372710483476,2.722787944289214,-0.03238973314345339,-1.3907088901832316
1.6293258651730347,PASSED,-0.2783704088847562,0.006352123216399157,0.25545637930396675,2.722754872601643,-0.03376046685170096,-1.3574169202904598
1.6303260652130427,PASSED,-0.27836393158454464,0.006603776572865756,0.24911800790835317,2.7227204469997655,-0.03509765008063983,-1.323694101371144
1.6313262652530507,PASSED,-0.2783572058316511,0.006849044618191327,0.24270140360371423,2.722684701243485,-0.036400860925689255,-1.2895553408349532
1.6323264652930587,PASSED,-0.2783502380493693,0.007087850809545272,0.23620938318743198,2.7226476695070736,-0.037669692513424016,-1.2550157523346446
1.6333266653330667,PASSED,-0.27834303473611954,0.0073201214329155885,0.22964478349223902,2.722609386364052,-0.03890375318254767,-1.2200906136496579
1.6343268653730747,PASSED,-0.27833560246260863,0.007545785624542208,0.22301046371620684,2.722569886771976,-0.040102666534372854,-1.1847951772755283
1.6353270654130827,PASSED,-0.27832794786896925,0.007764775392050066,0.21630930336895776,2.7225292060570996,-0.04126607153011696,-1.1491448747231503
1.6363272654530907,PASSED,-0.2783200776618802,0.007977025632559791,0.20954419860356935,2.7224873798989395,-0.0423936226542812,-1.113155290458295
1.6373274654930987,PASSED,-0.27831199861166717,0.008182474151016672,0.2027180650257557,2.722444444314745,-0.04348498996305047,-1.0768419876432647
1.6383276655331067,PASSED,-0.2783037175493867,0.008381061677282328,0.19583383375892205,2.722400435643871,-0.044539859155442806,-1.0402206622250554
1.6393278655731147,PASSED,-0.27829524136389483,0.008572731880388847,0.18889444933824961,2.722355390532097,-0.04555793167455671,-1.003307090373138
1.6403280656131227,PASSED,-0.27828657699889925,0.008757431383946601,0.1819028730374252,2.7223093459158196,-0.046538924813878675,-0.9661171719545073
1.6413282656531307,PASSED,-0.2782777314499999,0.008935109778355306,0.1748620753228913,2.722262339006237,-0.04748257169893611,-0.928666693792722
1.6423284656931387,PASSED,-0.27826871176171575,0.009105719632264343,0.1677750396331354,2.7222144072734182,-0.048388621408232114,-0.8909717196315183
1.6433286657331467,PASSED,-0.27825952502450163,0.009269216503550826,0.16064475905538128,2.722165588430361,-0.04925683902521804,-0.8530482152221986
1.6443288657731547,PASSED,-0.27825017837175436,0.009425558948361308,0.15347423531388227,2.7221159204169636,-0.050087005646780675,-0.8149122257896021
1.6453290658131627,PASSED,-0.27824067897681115,0.009574708528625065,0.14626647689700786,2.72206544138399,-0.050878918440216137,-0.776579838532701
1.6463292658531707,PASSED,-0.27823103404994026,0.009716629818607868,0.13902449870666495,2.72201418967698,-0.051632390677109,-0.7380671691329745
1.6473294658931787,PASSED,-0.27822125083532573,0.009851290411570514,0.1317513224666323,2.721962203820128,-0.05234725176943063,-0.6993903744473883
1.6483296659331867,PASSED,-0.27821133660804714,0.009978660922728292,0.12444997028520789,2.721909522500155,-0.053023347261783094,-0.6605655709558498
1.6493298659731948,PASSED,-0.2782012986710563,0.010098714991837055,0.11712346832446718,2.721856184550171,-0.05366053882547148,-0.6216088921767357
1.6503300660132025,PASSED,-0.278191144352151,0.010211429286495892,0.10977484554841806,2.721802228933506,-0.054258704328678686,-0.582536577227518
1.6513302660532105,PASSED,-0.2781808810009482,0.010316783501365962,0.10240712775117197,2.7217476947275525,-0.0548177378050644,-0.5433647424911776
1.6523304660932185,PASSED,-0.27817051598585685,0.010414760357421312,0.0950233415914685,2.721692621107637,-0.05533754936411682,-0.5041094367599054
1.6533306661332265,PASSED,-0.2781600566910527,0.010505345601033127,0.08762651162538118,2.7216370473308453,-0.05581806532354298,-0.46478697453699663
1.6543308661732345,PASSED,-0.2781495105134553,0.010588527999161533,0.08021965579708897,2.721581012719942,-0.05625922808834917,-0.42541329165232533
1.6553310662132426,PASSED,-0.2781388848597086,0.010664299336413078,0.0728057915545149,2.721524556647254,-0.056660996094594684,-0.3860044826409703
1.6563312662532506,PASSED,-0.2781281871431672,0.010732654408644833,0.06538792601657989,2.721467718518615,-0.0570233438869959,-0.3465766655747032
1.6573314662932586,PASSED,-0.27811742478088824,0.01079359101636326,0.05796906218632473,2.7214105377573428,-0.057346261997348144,-0.3071457402039352
1.6583316663332666,PASSED,-0.2781066051906312,0.010847109956290435,0.05055219175440718,2.721353053788266,-0.05762975687027082,-0.2677276280685027
1.6593318663732746,PASSED,-0.27809573578786545,0.010893215013000397,0.04314030001366526,2.7212953060217853,-0.05787385090291491,-0.22833830236114158
1.6603320664132826,PASSED,-0.278084823982789,0.010931912947936143,0.035736358217133786,2.7212373338380136,-0.05807858232502558,-0.18899350194369005
1.6613322664532906,PASSED,-0.27807387717735693,0.010963213487621238,0.02834332733040281,2.721179176570975,-0.05824400508798925,-0.1497089369769853
1.6623324664932986,PASSED,-0.27806290276232226,0.010987129311892378,0.020964155564968327,2.7211208734928483,-0.058370188912711084,-0.11050041655173941
1.6633326665333066,PASSED,-0.2780519081142907,0.011003676039091534,0.01360177495528158,2.7210624637983365,-0.05845721910435035,-0.07138337503095964
1.6643328665733146,PASSED,-0.2780409005927891,0.011012872211674357,0.006259104334516817,2.721003986589063,-0.05850519648906061,-0.032373391163118145
1.6653330666133226,PASSED,-0.2780298875373496,0.011014739279723355,-0.0010609561413475643,2.7209454808580933,-0.05851423738493872,0.00651410097854526
1.6663332666533306,PASSED,-0.27801887626461097,0.011009301583538631,-0.00835552288030568,2.720886985474538,-0.058484473426530424,0.04526386336148076
1.6673334666933386,PASSED,-0.2780078740654374,0.010996586336140179,-0.01562173041054767,2.7208285391682607,-0.05841605147523925,0.08386067657764709
1.6683336667333466,PASSED,-0.2779968882020557,0.01097662360325033,-0.022856734542719904,2.7207701805146827,-0.05830913356810631,0.12228939416979605
1.6693338667733546,PASSED,-0.27798592590521365,0.01094944628144354,-0.0300577133161674,2.7207119479197015,-0.05816389675988556,0.16053508425472368
1.6703340668133626,PASSED,-0.2779749943713583,0.01091509007959793,-0.03722186086523868,2.7206538796047397,-0.05798053297088564,0.19858292549671114
1.6713342668533706,PASSED,-0.27796410075983713,0.010873593493755359,-0.044346402494124484,2.720596013591891,-0.05775924893860767,0.23641810346547096
1.6723344668933786,PASSED,-0.2779532521901221,0.010824997783136657,-0.05142858270175342,2.7205383876892255,-0.05750026603358977,0.2740261060528568
1.6733346669333866,PASSED,-0.2779424557390583,0.010769346947570464,-0.05846567080915471,2.7204810394762,-0.057203820119432834,0.3113924528929877
1.6743348669733946,PASSED,-0.27793171843813713,0.010706687700193559,-0.06545496508873823,2.7204240062892207,-0.05687016145929858,0.34850279829510145
1.6753350670134026,PASSED,-0.2779210472707967,0.010637069439845373,-0.07239379052115148,2.72036732520736,-0.056499554512375975,0.385343046007605
1.6763352670534106,PASSED,-0.2779104491697488,0.010560544225783619,-0.0792794964221552,2.7203110330381985,-0.05609227780978438,0.4218991403142493
1.6773354670934186,PASSED,-0.2778999310143346,0.010477166746670426,-0.08610946757388402,2.7202551663038377,-0.05564862381995627,0.45815722283735677
1.6783356671334266,PASSED,-0.2778894996279093,0.010386994291405044,-0.09288111372638289,2.720199761227082,-0.055168898716871195,0.4941036899168833
1.6793358671734346,PASSED,-0.27787916177525734,0.010290086719150871,-0.09959187793936776,2.720144853717745,-0.05465342230415294,0.5297248945858456
1.6803360672134426,PASSED,-0.2778689241600382,0.010186506427183212,-0.10623923465318949,2.720090479359183,-0.054102527777750105,0.565007614280826
1.6813362672534506,PASSED,-0.2778587934222648,0.01007631831820853,-0.11282069185567954,2.7200366733949517,-0.053516561545494244,0.5999386442392175
1.6823364672934586,PASSED,-0.27784877613581493,0.00995958976687528,-0.1193337909849639,2.7199834707156727,-0.052895883108195985,0.6345049660042865
1.6833366673334667,PASSED,-0.27783887880597574,0.00983639058625776,-0.12577610703922315,2.7199309058460623,-0.052240864828098456,0.6686938228263556
1.6843368673734747,PASSED,-0.27782910786702414,0.009706792991757581,-0.13214525280747969,2.7198790129321693,-0.05155189171521161,0.7024926395938521
1.6853370674134827,PASSED,-0.27781946967984195,0.009570871565240162,-0.13843887565737856,2.7198278257287876,-0.05082936129179154,0.7358889459708797
1.6863372674534907,PASSED,-0.2778099705295679,0.009428703218778629,-0.14465466033096766,2.7197773775870746,-0.05007368336859569,0.7688705746791514
1.6873374674934987,PASSED,-0.27780061662328676,0.009280367156031774,-0.15079033102411452,2.7197277014423578,-0.049285279828344686,0.8014255172988978
1.6883376675335067,PASSED,-0.2777914140877565,0.009125944834595542,-0.15684364837764198,2.719678829802178,-0.048464584412690824,0.8335420145571708
1.6893378675735147,PASSED,-0.27778236896717484,0.008965519925945915,-0.16281241549761608,2.7196307947344964,-0.04761204256119925,0.8652084094478398
1.6903380676135227,PASSED,-0.27777348722098455,0.008799178276280493,-0.16869447244396255,2.7195836278561463,-0.046728111161119176,0.8964133938348932
1.6913382676535307,PASSED,-0.27776477472172,0.00862700786525571,-0.1744877034119968,2.7195373603214876,-0.04581325830617899,0.9271458290103772
1.6923384676935387,PASSED,-0.27775623725289433,0.00844909876377253,-0.1801900335306336,2.7194920228113033,-0.04486796309994429,0.9573947910509105
1.6933386677335467,PASSED,-0.27774788050692883,0.008265543093086096,-0.1857994287903018,2.719447645521871,-0.04389271548165145,0.9871495031207984
1.6943388677735547,PASSED,-0.27773971008312454,0.008076434981978598,-0.191313899318962,2.7194042581543223,-0.04288801589370237,1.016399644501259
1.6953390678135627,PASSED,-0.2777317314856773,0.007881870521045747,-0.19673150200877468,2.719361889904192,-0.041854375095206627,1.0451349011587332
1.6963392678535707,PASSED,-0.2777239501217366,0.007681947720628319,-0.20205033268986403,2.719320569451204,-0.04079231399698138,1.0733452296029105
1.6973394678935787,PASSED,-0.277716371299509,0.007476766466267458,-0.2072685354748593,2.719280324949329,-0.03970236329077722,1.1010210239383318
1.6983396679335867,PASSED,-0.27770900022640665,0.007266428470568752,-0.21238430251460422,2.719241184017022,-0.03858506330301283,1.1281526303150835
1.6993398679735947,PASSED,-0.2777018420072418,0.007051037229861595,-0.21739586616885984,2.719203173727769,-0.037440963739111384,1.1547308529590161
1.7003400680136027,PASSED,-0.277694901642467,0.006830697976809747,-0.222301510973841,2.71916632060083,-0.03627062338496068,1.1807466882784876
1.7013402680536107,PASSED,-0.2776881840264633,0.006605517632232491,-0.22709956697953093,2.7191306505922572,-0.035074609911564913,1.2061913301406288
1.7023404680936187,PASSED,-0.2776816939458744,0.006375604758671653,-0.23178841128171004,2.719096189086154,-0.033853499610090154,1.2310562823641849
1.7033406681336267,PASSED,-0.27767543607799,0.006141069512101877,-0.23636647009515427,2.719062960886195,-0.03260787710071284,1.2553333273860763
1.7043408681736347,PASSED,-0.2776694149891773,0.005902023592043724,-0.24083222003348442,2.7190309902073952,-0.03133833512186405,1.27901441315727
1.7053410682136427,PASSED,-0.27766363513336084,0.005658580193600748,-0.24518418404930375,2.7190003006681427,-0.03004547425474187,1.3020918364321212
1.7063412682536507,PASSED,-0.2776581008505523,0.005410853957772431,-0.249420937014326,2.7189709152824904,-0.02872990264057574,1.3245581326554692
1.7073414682936587,PASSED,-0.2776528163654302,0.005158960920602811,-0.2535411039398155,2.718942856452716,-0.027392235738005963,1.3464060825126496
1.7083416683336667,PASSED,-0.2776477857859692,0.004903018463620843,-0.2575433590100695,2.7189161459621385,-0.026033096061896674,1.3676287385070542
1.7093418683736747,PASSED,-0.2776430131021206,0.004643145262906639,-0.2614264285169619,2.7188908049682095,-0.02465311289373747,1.388219454593967
1.7103420684136827,PASSED,-0.27763850218454383,0.004379461236599577,-0.2651890915004614,2.718866853995875,-0.023252922012553592,1.408171832243823
1.7113422684536908,PASSED,-0.27763425678338877,0.0041120874955733735,-0.26883017404336523,2.718844312931191,-0.021833165465938727,1.4274796895288957
1.7123424684936988,PASSED,-0.2776302805271303,0.003841146290400116,-0.27234855925985174,2.71882320101524,-0.02039449123754159,1.4461372543092903
1.7133426685337068,PASSED,-0.2776265769214547,0.0035667609582686077,-0.27574318071261283,2.718803536838292,-0.018937552995973002,1.464138899741454
1.7143428685737148,PASSED,-0.27762314934819815,0.0032890558724457965,-0.27901302256294297,2.7187853383342646,-0.017463009844685403,1.4814793189850284
1.7153430686137228,PASSED,-0.27762000106433793,0.0030081563888031343,-0.28215712436247503,2.718768622775441,-0.015971526011483446,1.4981535093465757
1.7163432686537308,PASSED,-0.27761713520103665,0.0027241887918875874,-0.2851745786175951,2.718753406767479,-0.014463770572166865,1.5141567259632513
1.7173434686937388,PASSED,-0.2776145547627386,0.0024372802437468252,-0.2880645278228736,2.718739706244686,-0.012940417200318875,1.5294844691044827
1.7183436687337468,PASSED,-0.27761226262632077,0.0021475587290913094,-0.29082617254394366,2.7187275364655963,-0.01140214384721112,1.5441326091099372
1.7193438687737548,PASSED,-0.27761026154029583,0.0018551530019555189,-0.29345876353035527,2.7187169120087895,-0.009849632500970833,1.5580971709938543
1.7203440688137628,PASSED,-0.27760855412406976,0.0015601925328272896,-0.2959616061934787,2.718707846769037,-0.008283568876056776,1.5713745941941948
1.7213442688537708,PASSED,-0.2776071428672525,0.0012628074546273942,-0.29833405953750675,2.718700353953693,-0.006704642129156525,1.583961515370954
1.7223444688937788,PASSED,-0.27760603012902263,0.0009631285081900926,-0.3005755377038315,2.718694446079382,-0.005113544622875162,1.5958548335549672
1.7233446689337868,PASSED,-0.27760521813754635,0.000661286988271234,-0.30268550806220995,2.71869013496898,-0.0035109715721909573,1.6070518621036967
1.7243448689737948,PASSED,-0.2776047089894498,0.00035741469118520105,-0.3046634897685818,2.7186874317488545,-0.0018976208051456579,1.617550037006368
1.7253450690138028,PASSED,-0.2776045046493456,5.164385913240537e-05,-0.30650906024227165,2.7186863468464075,-0.0002741924983331865,1.6273471533498733
1.7263452690538108,PASSED,-0.27760460694941436,-0.00025589287480421867,-0.30822184973285904,2.71868688998789,0.0013586111579264551,1.636441324866154
1.7273454690938188,PASSED,-0.27760501758903877,-0.0005650625378719272,-0.30980153862427495,2.7186890701965134,0.003000086226770379,1.6448308981624369
1.7283456691338268,PASSED,-0.2776057381344929,-0.0008757318731812049,-0.3112478664326129,2.7186928957908236,0.004649527263233107,1.6525144619962557
1.7293458691738348,PASSED,-0.27760677001868533,-0.0011877673958043276,-0.3125606267501297,2.7186983743833757,0.006306227650348532,1.6594910038615378
1.7303460692138428,PASSED,-0.27760811454095585,-0.0015010354430873593,-0.3137396609716328,2.7187055128796853,0.007969479883155387,1.6657597187704003
1.7313462692538508,PASSED,-0.27760977286692684,-0.0018154022306156297,-0.31478487189936233,2.7187143174774606,0.00963857580033172,1.6713200494469524
1.7323464692938588,PASSED,-0.2776117460284077,-0.002130733906491925,-0.31569621186091756,2.718724793666117,0.011312806903307382,1.6761718053281347
1.7333466693338668,PASSED,-0.27761403492335374,-0.002446896603295478,-0.31647368676530974,2.718736946226573,0.012991464646460112,1.6803150350357918
1.7343468693738748,PASSED,-0.277616640315878,-0.00276375649279077,-0.31711735798194746,2.718750779231322,0.01467384067855094,1.683750030127519
1.7353470694138828,PASSED,-0.27761956283631717,-0.0030811798393747722,-0.31762733898537193,2.718766296044795,0.016359227150010223,1.686477432347126
1.7363472694538908,PASSED,-0.27762280298135,-0.0033990330525597184,-0.31800379598466194,2.7187834993239903,0.018046916998659207,1.688498126183556
1.7373474694938988,PASSED,-0.27762636111416983,-0.0037171827406408758,-0.31824694947882076,2.7188023910193837,0.019736204190629374,1.6898132358279023
1.7383476695339068,PASSED,-0.27763023746470883,-0.0040354957626649686,-0.3183570703876071,2.7188229723761124,0.021426384015505496,1.690424217574936
1.7393478695739149,PASSED,-0.27763443212991573,-0.0043538392813221236,-0.3183344841701869,2.7188452439354496,0.023116753395134512,1.6903328209983974
1.7403480696139229,PASSED,-0.2776389450740856,-0.004672080816125218,-0.31817956855836593,2.7188692055365253,0.024806611091299755,1.689540946276473
1.7413482696539309,PASSED,-0.2776437761292417,-0.004990088293808972,-0.317892750434013,2.71889485631834,0.02649525800041224,1.6880508843364939
1.7423484696939389,PASSED,-0.27764892499556915,-0.005307730100309281,-0.31747451054450626,2.718922194722048,0.028181997478773473,1.6858652077110572
1.7433486697339469,PASSED,-0.27765439124190017,-0.005624875133200902,-0.31692538112303154,2.7189512184935043,0.02986613554121324,1.6829866322589073
1.7443488697739549,PASSED,-0.27766017430625045,-0.005941392851953194,-0.31624594383846333,2.718981924686073,0.03154698112177436,1.6794182127626056
1.7453490698139629,PASSED,-0.2776662734964065,-0.006257153328274071,-0.31543683130915334,2.7190143096637116,0.03322384640588408,1.6751633316744499
1.7463492698539709,PASSED,-0.27767268799056294,-0.00657202729630779,-0.3144987258500963,2.7190483691043204,0.034896047059059195,1.6702255341755698
1.7473494698939789,PASSED,-0.2776794168380104,-0.006885886203362911,-0.31343236119180373,2.7190840980033375,0.03656290244304286,1.66460861718907
1.7483496699339869,PASSED,-0.2776864589598728,-0.00719860225920181,-0.31223851893696436,2.719121490677621,0.03822373595264785,1.6583167712156093
1.7493498699739949,PASSED,-0.27769381314989416,-0.007510048484029397,-0.31091802875466923,2.719160540769557,0.03987787522971568,1.6513542809693136
1.750350070014003,PASSED,-0.27770147807527346,-0.007820098757556458,-0.30947177004198817,2.719201241251443,0.04152465239135575,1.643725748753902
1.751350270054011,PASSED,-0.27770945227754873,-0.008128627868300846,-0.3079006712126544,2.719243584430121,0.043163404344651705,1.635436089657325
1.752350470094019,PASSED,-0.27771773417352835,-0.008435511559167575,-0.30620570396944746,2.7192875619518504,0.04479347299159911,1.6264903518074674
1.753350670134027,PASSED,-0.27772632205627007,-0.008740626575845543,-0.3043878918169822,2.719333164807455,0.0464142054859278,1.61689392267617
1.754350870174035,PASSED,-0.27773521409610663,-0.00904385071328589,-0.30244830118925703,2.719380383337674,0.048024954472008725,1.6066523616840935
1.755351070214043,PASSED,-0.2777444083417178,-0.009345062861406081,-0.30038804607414854,2.719429207238802,0.04962507834903895,1.595771553927634
1.756351270254051,PASSED,-0.27775390272124817,-0.009644143050426145,-0.2982082843173398,2.7194796255685203,0.05121394146901684,1.584257497344729
1.757351470294059,PASSED,-0.2777636950434702,-0.009940972496631553,-0.2959102207974518,2.719531626752015,0.052790914410541644,1.5721165709781957
1.758351670334067,PASSED,-0.27777378299899186,-0.010235433646045063,-0.2934951018242172,2.719585198588287,0.05435537420039205,1.5593552690985468
1.759351870374075,PASSED,-0.27778416416150803,-0.010527410217611763,-0.29096421806168893,2.7196403282567196,0.05590670452126376,1.545980355387164
1.760352070414083,PASSED,-0.2777948359890961,-0.010816787247780036,-0.28831890490599793,2.719697002323856,0.05744429596342899,1.531998833350607
1.761352270454091,PASSED,-0.2778057958255532,-0.011103451131864407,-0.28556053686995414,2.719755206750419,0.05896754625032592,1.5174179225944768
1.762352470494099,PASSED,-0.2778170409017767,-0.011387289666029978,-0.28269053236265074,2.7198149268985365,0.06047586043011898,1.5022450179254463
1.763352670534107,PASSED,-0.2778285683371856,-0.011668192089033715,-0.2797103500977937,2.7198761475391944,0.06196865111566973,1.4864877973009547
1.7643528705741147,PASSED,-0.2778403751411828,-0.011946049122082516,-0.2766214883494706,2.7199388528598982,0.06344533869823425,1.4701541060735799
1.7653530706141227,PASSED,-0.2778524582146578,-0.012220753008612696,-0.2734254853173225,2.720003026472544,0.064905351529014,1.4532519805838746
1.7663532706541307,PASSED,-0.27786481435152843,-0.012492197553877133,-0.2701239185625128,2.720068651421518,0.06634812617472673,1.4357897557986232
1.7673534706941387,PASSED,-0.27787744024032174,-0.012760278163298127,-0.2667184033266471,2.72013571019197,0.06777310758152758,1.417775840802354
1.7683536707341467,PASSED,-0.2778903324657926,-0.013024891879775465,-0.2632105919111311,2.7202041847183027,0.06917974925723928,1.3992188989845982
1.7693538707741547,PASSED,-0.2779034875105797,-0.01328593742036027,-0.2596021730339218,2.720274056392854,0.07056751351443354,1.3801278293340429
1.7703540708141627,PASSED,-0.2779169017568981,-0.01354331521311919,-0.25589487257558535,2.720345306074784,0.07193587165573394,1.3605116826113055
1.7713542708541707,PASSED,-0.2779305714882675,-0.013796927432204616,-0.2520904500919891,2.7204179140991265,0.07328430410142445,1.3403796210766397
1.7723544708941787,PASSED,-0.2779444928912753,-0.014046678032256243,-0.24819070002471583,2.7204918602860486,0.07461230063125825,1.31974113567191
1.7733546709341867,PASSED,-0.2779586620573744,-0.014292472782273778,-0.24419745001274992,2.7205671239502807,0.07591936057406697,1.2986058142332542
1.7743548709741948,PASSED,-0.27797307498471374,-0.014534219298689716,-0.24011256068472958,2.7206436839107204,0.07720499291010936,1.2769833505818176
1.7753550710142028,PASSED,-0.2779877275800016,-0.014771827077523444,-0.2359379242663921,2.7207215185002176,0.07846871650109234,1.2548837512504312
1.7763552710542108,PASSED,-0.2780026156604015,-0.01500520752629709,-0.2316754651118146,2.720800605575522,0.07971006026922388,1.2323171127189398
1.7773554710942188,PASSED,-0.2780177349554572,-0.015234273992879972,-0.22732713423026107,2.7208809225274013,0.08092856330075382,1.209293644070604
1.7783556711342268,PASSED,-0.2780330811090499,-0.015458941797028317,-0.22289491742706816,2.7209624462909003,0.08212377502165086,1.1858237721146565
1.7793558711742348,PASSED,-0.27804864968138315,-0.01567912825853745,-0.2183808242305049,2.721045153355789,0.08329525541165975,1.1619181352717036
1.7803560712142428,PASSED,-0.2780644361509969,-0.015894752724593352,-0.21378689393950215,2.7211290197771274,0.08444257507605632,1.1375873504798188
1.7813562712542508,PASSED,-0.27808043591680864,-0.016105736597674555,-0.20911519250900126,2.7212140211860003,0.08556531540325081,1.11284231167094
1.7823564712942588,PASSED,-0.2780966443001814,-0.016312003361164083,-0.2043678108098802,2.721300132800392,0.08666306876954295,1.0876940693729378
1.7833566713342668,PASSED,-0.2781130565470175,-0.016513478604827964,-0.19954686556654894,2.72138732943618,0.08773543859118953,1.062153656495651
1.7843568713742748,PASSED,-0.27812966782987686,-0.01671009004938405,-0.19465449721577488,2.7214755855182773,0.08878203946993371,1.0362323602432075
1.7853570714142828,PASSED,-0.27814647325011976,-0.016901767570076023,-0.18969286967610277,2.721564875091914,0.08980249740058974,1.009941644264562
1.7863572714542908,PASSED,-0.27816346784007184,-0.017088443218082144,-0.1846641668928014,2.721655171834019,0.0907964498008767,0.983292904301888
1.7873574714942988,PASSED,-0.27818064656521213,-0.017270051243969974,-0.17957059855118265,2.721746449064733,0.0917635456279684,0.9562977756182633
1.7883576715343068,PASSED,-0.27819800432638153,-0.017446528117589004,-0.17441439033092598,2.721838679759029,0.0927034455608378,0.9289680377034758
1.7893578715743148,PASSED,-0.27821553596201165,-0.017617812546247558,-0.16919778754363718,2.721931836558468,0.09361582208437541,0.9013155140936879
1.7903580716143228,PASSED,-0.27823323625037333,-0.017783845496588367,-0.16392305887225886,2.722025891783008,0.09450035950976497,0.8733520329201262
1.7913582716543308,PASSED,-0.27825109991184316,-0.01794457021086982,-0.15859248455425068,2.7221208174429767,0.09535675419028597,0.8450897789215703
1.7923584716943388,PASSED,-0.27826912161118766,-0.01809993222293169,-0.1532083637336191,2.722216585251083,0.09618471456851713,0.8165407777708957
1.7933586717343468,PASSED,-0.27828729595986335,-0.018249879375488613,-0.14777301177245464,2.722313166634548,0.09698396119589728,0.7877171937863073
1.7943588717743548,PASSED,-0.2783056175183332,-0.01839436183597012,-0.14228875962087947,2.7224105327473245,0.09775422693732018,0.7586314398472835
1.7953590718143628,PASSED,-0.2783240807983968,-0.01853333210788735,-0.1367579467814608,2.7225086544823753,0.09849525697727567,0.7292957733609562
1.7963592718543708,PASSED,-0.27834268026553477,-0.01866674504599178,-0.1311829323197387,2.722607502484049,0.09920680886524745,0.6997226310456768
1.7973594718943788,PASSED,-0.27836141034126505,-0.01879455786875433,-0.12556608305775624,2.722707047160506,0.09988865265341204,0.6699245595771974
1.7983596719343868,PASSED,-0.2783802654055115,-0.018916730167248152,-0.11990977545119956,2.722807258696221,0.10054057092486156,0.639914079364369
1.7993598719743948,PASSED,-0.27839923979898257,-0.01903322391699435,-0.11421639927619248,2.7229081070645544,0.1011623588470255,0.6097038173636504
1.8003600720144028,PASSED,-0.2784183278255601,-0.019144003487787553,-0.10848835180454333,2.7230095620403567,0.10175382422409368,0.5793064168712037
1.8013602720544108,PASSED,-0.27843752375469655,-0.019249035649906175,-0.10272803566133869,2.723111593212635,0.10231478755343672,0.5487346043242374
1.8023604720944189,PASSED,-0.27845682182381976,-0.019348289581837683,-0.0969378627782845,2.7232141699972687,0.10284508207586786,0.5180011345024136
1.8033606721344269,PASSED,-0.27847621624074503,-0.019441736878697692,-0.09112025291448991,2.7233172616497554,0.10334455378397375,0.48711875717490266
1.8043608721744349,PASSED,-0.2784957011860923,-0.019529351554705834,-0.08527762473724639,2.7234208372779967,0.1038130614783529,0.4561003191819588
1.8053610722144429,PASSED,-0.27851527081570837,-0.01961111004755163,-0.07941240491816706,2.7235248658551123,0.104250476795263,0.42495864872887057
1.8063612722544509,PASSED,-0.2785349192630928,-0.019686991224267432,-0.07352702458089265,2.7236293162322722,0.10465668420030198,0.3937065759123685
1.8073614722944589,PASSED,-0.27855464064182694,-0.01975697638191291,-0.06762391302187094,2.7237341571515676,0.10503158104783562,0.3623570286144892
1.8083616723344669,PASSED,-0.2785744290480041,-0.019821049247137987,-0.061705500027211015,2.7238393572588637,0.10537507755498329,0.3309228261697987
1.8093618723744749,PASSED,-0.2785942785626611,-0.019879195979284288,-0.05577422022568874,2.7239448851166945,0.10568709682293405,0.29941689580472186
1.8103620724144829,PASSED,-0.2786141832542096,-0.019931405169609617,-0.049832503725093305,2.7240507092171344,0.10596757484054449,0.2678520988142671
1.8113622724544909,PASSED,-0.2786341371808658,-0.01997766783692824,-0.043882776380971995,2.724156797994691,0.10621646047967107,0.23624133266812503
1.8123624724944989,PASSED,-0.27865413439307885,-0.020017977427588814,-0.037927466846973436,2.7242631198391773,0.10643371548802509,0.2045974588112817
1.813362672534507,PASSED,-0.27867416893595537,-0.020052329811960368,-0.03196899605460529,2.72436964310856,0.10661931443508998,0.172933272567301
1.814362872574515,PASSED,-0.27869423485168043,-0.02008072327767941,-0.02600977882866263,2.7244763361418296,0.10677324477362016,0.14126171583873828
1.815363072614523,PASSED,-0.27871432618193326,-0.02010315852587195,-0.02005222776846285,2.7245831672718124,0.1068955067640504,0.10959550682455854
1.816363272654531,PASSED,-0.2787344369702974,-0.02011963866576528,-0.014098747976568614,2.7246901048379626,0.10698611340041093,0.07794738938453814
1.817363472694539,PASSED,-0.27875456126466297,-0.020130169203795394,-0.008151731399144877,2.7247971171991403,0.10704509047817595,0.04633020335202057
1.818363672734547,PASSED,-0.2787746931196222,-0.020134758037986967,-0.0022135693865294346,2.724904172746325,0.10707247648986351,0.01475655057790746
1.819363872774555,PASSED,-0.2787948265988554,-0.02013341544915897,0.0037133609710147085,2.725011239915318,0.1070683225723671,-0.016760896212604705
1.820364072814563,PASSED,-0.27881495577750726,-0.020126154087970916,0.009626694666084047,2.7251182871993636,0.10703269249052927,-0.04820953892132444
1.821364272854571,PASSED,-0.27883507474455255,-0.020112988965459336,0.015524074408576852,2.725225283161746,0.10696566257087121,-0.07957684014921265
1.822364472894579,PASSED,-0.2788551776051501,-0.020093937441587422,0.021403156847471568,2.725332196448317,0.10686732163657547,-0.11085033039345206
1.823364672934587,PASSED,-0.27887525848298433,-0.02006901921062913,0.027261613698842224,2.7254389957999536,0.10673777093143663,-0.14201762163574727
1.824364872974595,PASSED,-0.27889531152259306,-0.020038256287498675,0.0330971294181919,2.72554565006497,0.1065771240863437,-0.17306632739773595
1.825365073014603,PASSED,-0.2789153308916811,-0.02000167299450505,0.038907402043916135,2.725652128211439,0.10638550702055187,-0.20398422472124456
1.826365273054611,PASSED,-0.2789353107834182,-0.019959295943325413,0.044690150603447505,2.7257583993394374,0.10616305783727475,-0.23475915564770092
1.827365473094619,PASSED,-0.27895524541872185,-0.01991115401971193,0.050443105620173366,2.7258644326932235,0.1059099267959571,-0.2653789650976154
1.828365673134627,PASSED,-0.2789751290485213,-0.019857278366250404,0.056164018689093584,2.7259701976733144,0.10562627619467821,-0.29583169206639015
1.829365873174635,PASSED,-0.2789949559560051,-0.01979770236288401,0.06185065981791968,2.7260756638484813,0.10531228025668685,-0.32610543527468766
1.830366073214643,PASSED,-0.27901472045884923,-0.019732461607879205,0.06750081846273405,2.7261808009676414,0.10496812506287911,-0.35618836616308586
1.831366273254651,PASSED,-0.2790344169114254,-0.019661593898801583,0.07311230282088056,2.726285578971652,0.10459400844423353,-0.38606878696725927
1.832366473294659,PASSED,-0.279054039706989,-0.019585139210151262,0.07868294586994813,2.7263899680050083,0.10419013986462942,-0.4157351080286636
1.833366673334667,PASSED,-0.2790735832798459,-0.019503139672472154,0.08421059888521591,2.726493938427406,0.10375674028984862,-0.44517588594889707
1.834366873374675,PASSED,-0.2790930421074965,-0.019415639549484477,0.08969313905598149,2.7265974608252357,0.10329404214218972,-0.4743796554655544
1.835367073414683,PASSED,-0.27911241071275733,-0.01932268521416754,0.09512846615757403,2.7267005060229024,0.10280228909842931,-0.5033353026236321
1.836367273454691,PASSED,-0.27913168366585833,-0.01922432512559219,0.10051450352053233,2.7268030450940652,0.10228173598093526,-0.5320316607409918
1.837367473494699,PASSED,-0.2791508555865159,-0.019120609802754953,0.10584920238170588,2.7269050493727343,0.10173264869516985,-0.5604577024483725
1.838367673534707,PASSED,-0.2791699211459803,-0.01901159179961193,0.11113053698390149,2.727006490464224,0.10115530400557479,-0.588602681026165
1.839367873574715,PASSED,-0.27918887506905704,-0.01889732567844354,0.11635651062470934,2.727107340256006,0.10054998944856686,-0.6164558076624399
1.840368073614723,PASSED,-0.2792077121361011,-0.018777867981683984,0.12152515418278739,2.7272075709283743,0.09991700319183221,-0.6440065561161283
1.841368273654731,PASSED,-0.27922642718498375,-0.018653277204766765,0.12663452540684036,2.727307154965006,0.09925665385541646,-0.6712445232821582
1.842368473694739,PASSED,-0.27924501511303074,-0.018523613767436494,0.13168271194589024,2.727406065163356,0.09856926039790931,-0.6981594136571518
1.843368673734747,PASSED,-0.2792634708789313,-0.0183889399832916,0.1366678322775593,2.727504274644898,0.09785515194278528,-0.7247411494352799
1.844368873774755,PASSED,-0.27928178950461746,-0.018249320030310757,0.1415880334497039,2.727601756865221,0.09711466762057111,-0.7509797707334441
1.845369073814763,PASSED,-0.27929996607711316,-0.018104819920546276,0.14644149397433084,2.7276984856239506,0.0963481564133388,-0.7768654982315507
1.846369273854771,PASSED,-0.2793179957503511,-0.017955507466708865,0.15122642707946776,2.7277944350745225,0.09555597698832753,-0.8023887095310569
1.847369473894779,PASSED,-0.2793358737469587,-0.017801452251116172,0.15594107460150625,2.7278895797337763,0.09473849752633726,-0.8275399636297551
1.848369673934787,PASSED,-0.27935359536001103,-0.01764272559432509,0.16058371158413168,2.7279838944913877,0.09389609555054837,-0.8523099838949816
1.849369873974795,PASSED,-0.27937115595475115,-0.01747940051864061,0.1651526517513827,2.7280773546191104,0.09302915773756693,-0.8766896990390856
1.850370074014803,PASSED,-0.27938855097027554,-0.01731155171530245,0.16964623772934634,2.7281699357798708,0.09213807977369477,-0.9006701404275155
1.851370274054811,PASSED,-0.2794057759211863,-0.017139255511391803,0.17406284803151215,2.7282616140366422,0.0912232661316246,-0.9242426431652704
1.852370474094819,PASSED,-0.2794228263992075,-0.016962589831815072,0.17840090060687727,2.7283523658611655,0.09028512989372461,-0.9473986343897917
1.853370674134827,PASSED,-0.2794396980747667,-0.016781634165151292,0.1826588440350442,2.7284421681424647,0.08932409258557435,-0.970129757323911
1.854370874174835,PASSED,-0.2794563866985397,-0.01659646952714543,0.18683516731973812,2.7285309981951857,0.08834058396708692,-0.9924278592631027
1.855371074214843,PASSED,-0.2794728881029588,-0.01640717842277454,0.19092839573833198,2.7286188337677175,0.08733504181369806,-1.0142850161393873
1.856371274254851,PASSED,-0.27948919820368406,-0.016213844810208638,0.1949370904509481,2.7287056530501523,0.08630791177255212,-1.0356933911503086
1.857371474294859,PASSED,-0.27950531300103704,-0.016016554062040864,0.19885985331232772,2.728791434682004,0.08525964711411059,-1.056645503302346
1.858371674334867,PASSED,-0.27952122858139544,-0.015815392926292582,0.2026953240389182,2.7288761577597564,0.08419070852783159,-1.0771339749301059
1.859371874374875,PASSED,-0.2795369411185501,-0.015610449488533847,0.20644218023861335,2.7289598018441947,0.0831015639654199,-1.0971516207327543
1.860372074414883,PASSED,-0.27955244687502234,-0.015401813132635288,0.2100991396718541,2.72904234696752,0.08199268837473332,-1.1166915706557907
1.861372274454891,PASSED,-0.27956774220334163,-0.015189574499502784,0.21366496210627006,2.7291237736402736,0.0808645635083082,-1.1357470636046856
1.862372474494899,PASSED,-0.27958282354728375,-0.014973825448439256,0.21713844370170154,2.7292040628580323,0.0797176777348502,-1.1543115800268888
1.863372674534907,PASSED,-0.2795976874430679,-0.014754659016012932,0.2205184249094031,2.729283196107882,0.0785525257641873,-1.17237889775357
1.864372874574915,PASSED,-0.27961233052051354,-0.014532169374405471,0.22380378607283166,2.7293611553747024,0.07736960848924183,-1.1899428597400736
1.865373074614923,PASSED,-0.27962674950415595,-0.014306451791130784,0.22699344807592317,2.729437923147204,0.07616943274793969,-1.2069976623435177
1.866373274654931,PASSED,-0.27964094121431987,-0.014077602586756189,0.23008637524037479,2.7295134824237524,0.07495251105829447,-1.2235377078463678
1.867373474694939,PASSED,-0.2796549025681519,-0.01384571909285777,0.23308157300378327,2.7295878167179772,0.07371936145598637,-1.2395575319492482
1.868373674734947,PASSED,-0.27966863058061014,-0.01361089960966434,0.23597808998652695,2.729660910064137,0.07247050723166636,-1.2550520192338372
1.869373874774955,PASSED,-0.27968212236541196,-0.013373243363893497,0.23877501629372075,2.7297327470222843,0.07120647671649917,-1.2700161791227547
1.870374074814963,PASSED,-0.2796953751359383,-0.01313285046531816,0.24147148676307945,2.7298033126831673,0.06992780303122383,-1.2844453560437434
1.871374274854971,PASSED,-0.2797083862060957,-0.012889821863699098,0.2440666781897201,2.729872592672933,0.0686350238805348,-1.2983350137858798
1.872374474894979,PASSED,-0.2797211529911345,-0.012644259305933261,0.246559810816583,2.729940573157581,0.06732868132644325,-1.3116809142953434
1.873374674934987,PASSED,-0.2797336730084237,-0.012396265291919985,0.24895014947773994,2.73000724084719,0.0660093215141753,-1.3244790775830295
1.874374874974995,PASSED,-0.27974594387818236,-0.012145943030317158,0.25123700301955454,2.730072582999899,0.06467749446233834,-1.3367257013395797
1.8753750750150031,PASSED,-0.27975796332416697,-0.011893396396172482,0.2534197215614227,2.730136587425674,0.06333375384984274,-1.3484172199329458
1.8763752750550111,PASSED,-0.27976972917431436,-0.011638729885086319,0.25549770410265826,2.7301992424898187,0.06197865673575508,-1.3595503768574746
1.8773754750950191,PASSED,-0.2797812393613413,-0.011382048569460021,0.2574703899753927,2.730260537116253,0.06061276333290739,-1.370122086841165
1.878375675135027,PASSED,-0.2797924919232991,-0.011123458055128314,0.2593372639025842,2.7303204607905647,0.0592366368066729,-1.3801294858300521
1.879375875175035,PASSED,-0.2798034850040836,-0.010863064435369102,0.26109785699696564,2.730379003562803,0.05785084298497639,-1.389570045607466
1.880376075215043,PASSED,-0.2798142168539013,-0.010600974246675582,0.2627517431578893,2.730436156050042,0.05645595012201097,-1.3984414078707283
1.881376275255051,PASSED,-0.27982468582969067,-0.01033729442548768,0.2642985398745778,2.7304919094387152,0.05505252872228794,-1.4067413942912332
1.882376475295059,PASSED,-0.2798348903954982,-0.010072132261112211,0.26573791404273117,2.7305462554866766,0.05364115120798154,-1.414468260983186
1.883376675335067,PASSED,-0.2798448291228104,-0.009805595353001715,0.2670695708223413,2.7305991865250667,0.05222239173630019,-1.4216202788134662
1.884376875375075,PASSED,-0.27985450069084106,-0.00953779156568934,0.2682932649723972,2.7306506954598957,0.050796825964811644,-1.4281960999386063
1.885377075415083,PASSED,-0.2798639038867734,-0.009268828982651873,0.26940879508084725,2.730700775773409,0.049365030757698006,-1.4341946118970017
1.886377275455091,PASSED,-0.27987303760595766,-0.008998815863323805,0.27041600215954803,2.7307494215252093,0.047927583994098584,-1.4396148647343718
1.887377475495099,PASSED,-0.2798819008520642,-0.008727860598142696,0.27131477386215036,2.730796627353122,0.046485064311112226,-1.4444562284876714
1.888377675535107,PASSED,-0.27989049273719196,-0.008456071662601178,0.27210504332776375,2.7308423884738446,0.045038050853912916,-1.4487182763404007
1.889377875575115,PASSED,-0.27989881248193194,-0.008183557574377385,0.2727867848211489,2.7308867006833384,0.043587123054328165,-1.4524008150809806
1.890378075615123,PASSED,-0.27990685941538707,-0.007910426848874849,0.2733600192901257,2.730929560356981,0.04213286036961616,-1.4555039311326923
1.891378275655131,PASSED,-0.2799146329751468,-0.007636787953267688,0.27382481315185236,2.7309709644494893,0.04067584205930994,-1.4580278964219076
1.892378475695139,PASSED,-0.27992213270721833,-0.007362749264040719,0.2741812732770468,2.7310109104945863,0.039216646936666134,-1.4599732734584105
1.893378675735147,PASSED,-0.27992935826591325,-0.007088419023024336,0.2744295528426064,2.731049396604459,0.03775585315113389,-1.4613407935814655
1.894378875775155,PASSED,-0.27993630941369047,-0.006813905292175658,0.274569849519393,2.7310864214689454,0.036294037920440544,-1.4621315221012623
1.895379075815163,PASSED,-0.27994298602095535,-0.006539315910932107,0.2746024023929882,2.731121984354507,0.03483177730890911,-1.462346671151553
1.896379275855171,PASSED,-0.2799493880658156,-0.006264758453399101,0.2745274942930175,2.731156085102955,0.03336964600285134,-1.461987729328584
1.897379475895179,PASSED,-0.2799555156337938,-0.005990340184304928,0.27434545229494284,2.731188724129962,0.03190821708431434,-1.4610563780092685
1.898379675935187,PASSED,-0.2799613689174963,-0.005716168015565402,0.274056646369248,2.7312199024233075,0.03044806175005326,-1.4595546384289575
1.899379875975195,PASSED,-0.27996694821624046,-0.00544234846495697,0.27366148676788765,2.731249621540923,0.02898974912582521,-1.4574846147607785
1.900380076015203,PASSED,-0.2799722539356381,-0.005168987613386113,0.2731604281061699,2.7312778836086937,0.027533846054554664,-1.4548487089437272
1.901380276055211,PASSED,-0.2799772865871382,-0.0048961910622095355,0.27255396655684877,2.731304691318032,0.026080916805825475,-1.4516496085861632
1.902380476095219,PASSED,-0.279982046787526,-0.004624063891392888,0.2718426403231795,2.731330047923223,0.02463152288357922,-1.4478901313529817
1.903380676135227,PASSED,-0.27998653525838146,-0.0043527106187980875,0.27102702744254775,2.7313539572385506,0.023186222829031242,-1.44357333667798
1.904380876175235,PASSED,-0.279990752825497,-0.004082235159822267,0.27010774666466975,2.7313764236351994,0.021745571959953365,-1.4387025573444745
1.905381076215243,PASSED,-0.2799947004182529,-0.003812740783728954,0.2690854623790766,2.7313974520379265,0.0203101221415437,-1.433281325786459
1.906381276255251,PASSED,-0.27999837906895353,-0.0035443300762240558,0.26796087092211307,2.73141704792153,0.018880421623061017,-1.4273133136135001
1.907381476295259,PASSED,-0.28000178991212227,-0.0032771048992107257,0.2667347144074746,2.731435217307079,0.017457014768527103,-1.420802548480861
1.908381676335267,PASSED,-0.28000493418375766,-0.0030111663489021706,0.2654077742426087,2.7314519667579553,0.016040441858625323,-1.4137531508490575
1.909381876375275,PASSED,-0.28000781322054974,-0.002746614719304084,0.26398086650173913,2.73146730337566,0.014631238901016233,-1.4061694954491135
1.910382076415283,PASSED,-0.28001042845905755,-0.002483549462754754,0.2624548499143905,2.731481234795409,0.013229937373886898,-1.3980562149161493
1.911382276455291,PASSED,-0.2800127814348481,-0.00222206915110997,0.26083061946504593,2.7314937691815517,0.011837064079862371,-1.3894180134301097
1.912382476495299,PASSED,-0.28001487378159756,-0.001962271438072427,0.25910910875254134,2.7315049152227435,0.010453140901289909,-1.38025995533403
1.913382676535307,PASSED,-0.2800167072301549,-0.0017042530229779871,0.257291285989039,2.7315146821269427,0.009078684586283924,-1.3705872214539534
1.914382876575315,PASSED,-0.28001828360756864,-0.001448109613293482,0.2553781588148162,2.7315230796161893,0.007714206589141108,-1.360405180935392
1.915383076615323,PASSED,-0.2800196048360763,-0.0011939358874878548,0.2533707704661675,2.731530117921215,0.006360212876354519,-1.3497194006873863
1.916383276655331,PASSED,-0.28002067293205946,-0.0009418254612163064,0.251270196808469,2.7315358077758227,0.005017203684872383,-1.3385357186786357
1.917383476695339,PASSED,-0.28002149000496146,-0.0006918708507624612,0.24907755288409605,2.7315401604111003,0.0036856733604368865,-1.326860061606737
1.918383676735347,PASSED,-0.28002205825617194,-0.00044416343874734143,0.24679398476913553,2.731543187549436,0.0023661102024651395,-1.3146985555484207
1.919383876775355,PASSED,-0.2800223799778757,-0.00019879344012224847,0.24442067452906469,2.731544901398348,0.0010589962242875694,-1.30205759326367
1.920384076815363,PASSED,-0.28002245755186866,4.415013111192768e-05,0.24195883570425047,2.7315453146441464,-0.0002351929904479763,-1.2889436290501297
1.921384276855371,PASSED,-0.2800222934483402,0.0002845794953369863,0.2394097165722641,2.731544440445379,-0.0015159884896093683,-1.2753634125689
1.922384476895379,PASSED,-0.2800218902246229,0.0005224081390014806,0.23677459505931456,2.7315422924261537,-0.0027829280946980975,-1.2613237334352825
1.923384676935387,PASSED,-0.28002125052391097,0.0007575508464826532,0.2340547824290781,2.731538884669249,-0.004035556588035223,-1.2468316666050212
1.924384876975395,PASSED,-0.28002037707394595,0.0009899237317365706,0.2312516204704767,2.7315342317090616,-0.005273425918022202,-1.2318944389082835
1.925385077015403,PASSED,-0.2800192726856733,0.0012194442675087101,0.22836647930658122,2.731528348524412,-0.0064960952817907855,-1.2165193136754515
1.926385277055411,PASSED,-0.2800179402518675,0.0014460313161499371,0.22540076153099067,2.7315212505311535,-0.007703131346116759,-1.2007138980929886
1.927385477095419,PASSED,-0.2800163827457289,0.0016696051585108644,0.22235589624755145,2.731512953574649,-0.008894108413549585,-1.184485846992717
1.928385677135427,PASSED,-0.28001460321945076,0.0018900875215647024,0.21923334092469532,2.7315034739220865,-0.010068608509985137,-1.1678429293974413
1.929385877175435,PASSED,-0.2800126048027592,0.0021074016072361204,0.2160345821692333,2.7314928282546442,-0.011226221576951412,-1.15079315867883
1.930386077215443,PASSED,-0.2800103907014245,0.002321472119341293,0.2127611320624662,2.7314810336594912,-0.012366545662955945,-1.133344704221667
1.931386277255451,PASSED,-0.28000796419574725,0.002532225289106719,0.20941452823406506,2.7314681076216787,-0.013489186959903277,-1.1155056920977773
1.932386477295459,PASSED,-0.28000532863901684,0.0027395889013412437,0.20599633490149746,2.7314540680158617,-0.014593759998131195,-1.0972846023146805
1.933386677335467,PASSED,-0.28000248745594597,0.002943492320092228,0.20250814131730907,2.7314389330978965,-0.01567988782913734,-1.078689983467118
1.934386877375475,PASSED,-0.27999944414107975,0.0031438665117890867,0.19895155861655875,2.7314227214963163,-0.016747202049758658,-1.0597303787241186
1.935387077415483,PASSED,-0.2799962022571814,0.0033406440687964553,0.19532822260124214,2.7314054522036524,-0.0177953429995748,-1.040414663877495
1.936387277455491,PASSED,-0.27999276543359447,0.0035337592332348538,0.19163979232983547,2.731387144567666,-0.018823959881305283,-1.0207516936324776
1.937387477495499,PASSED,-0.27998913736458286,0.0037231479183197466,0.18788794692159771,2.7313678182824312,-0.019832710839294262,-1.000750467559982
1.9383876775355071,PASSED,-0.2799853218076493,0.003908747728825668,0.18407438622880307,2.731347493379319,-0.020821263104546003,-0.9804201303795784
1.9393878775755151,PASSED,-0.2799813225818325,0.004090497983103509,0.180200832977201,2.731326190217862,-0.021789293104284558,-0.9597699126445448
1.9403880776155231,PASSED,-0.27997714356598485,0.004268339732417308,0.17626902687153018,2.7313039294765176,-0.022736486545183024,-0.9388091264010817
1.9413882776555311,PASSED,-0.2799727886970301,0.00444221577880355,0.17228072606271638,2.7312807321433286,-0.023662538524821166,-0.9175472151295186
1.9423884776955391,PASSED,-0.2799682619682028,0.004612070694430141,0.16823770866917373,2.731256619506482,-0.024567153636835454,-0.8959937099374639
1.9433886777355471,PASSED,-0.27996356742727,0.004777850838918125,0.1641417683671896,2.7312316131447587,-0.02545004607608149,-0.874158258785088
1.9443888777755551,PASSED,-0.2799587091747356,0.004939504375706395,0.15999471573565557,2.731205734917937,-0.026310939664070766,-0.8520504741254016
1.9453890778155631,PASSED,-0.2799536913620284,0.005096981288164982,0.15579837694054097,2.731179006957056,-0.0271495679967424,-0.8296802383691203
1.9463892778555711,PASSED,-0.2799485181896758,0.0052502333933041176,0.15155459060486565,2.7311514516546267,-0.027965674540125014,-0.8070574133916149
1.9473894778955791,PASSED,-0.2799431939054608,0.005399214358707642,0.14726521526929676,2.7311230916547804,-0.028759012598219273,-0.7841918212293532
1.9483896779355871,PASSED,-0.2799377228025671,0.005543879714112461,0.14293211549516735,2.7310939498432982,-0.029529345497655946,-0.7610936182415514
1.9493898779755952,PASSED,-0.2799321092177101,0.005684186863315561,0.1385571716750564,2.7310640493376197,-0.030276446625888097,-0.7377728015592114
1.9503900780156032,PASSED,-0.27992635752925593,0.005820095098431072,0.13414227740914714,2.731033413476763,-0.03100009942268744,-0.7142394602927667
1.9513902780556112,PASSED,-0.2799204721553286,0.005951565609627838,0.1296893337218451,2.7310020658111833,-0.031700097532174405,-0.6905038756164399
1.9523904780956192,PASSED,-0.2799144575519077,0.006078561494053294,0.125200251561197,2.730970030092585,-0.03237624482843791,-0.6665762433615476
1.9533906781356272,PASSED,-0.27990831821091455,0.006201047768005542,0.12067695554628441,2.730937330263689,-0.0330283554013177,-0.6424667925586229
1.9543908781756352,PASSED,-0.2799020586582909,0.00631899137385177,0.11612137271285786,2.7309039904479255,-0.03365625369521814,-0.6181859614616584
1.9553910782156432,PASSED,-0.2798956834520682,0.006432361187357259,0.11153544070057628,2.7308700349391244,-0.03425977450167714,-0.5937440364572355
1.9563912782556512,PASSED,-0.27988919718043065,0.006541128026546758,0.1069211048487808,2.7308354881911363,-0.03483876296341364,-0.5691514119226807
1.9573914782956592,PASSED,-0.2798826044597705,0.006645264656144535,0.10228031276377549,2.730800374807427,-0.0353930746831838,-0.5444185916684804
1.9583916783356672,PASSED,-0.2798759099327383,0.006744745793241947,0.09761501998650232,2.7307647195306655,-0.03592257568448834,-0.5195559410619206
1.9593918783756752,PASSED,-0.2798691182662881,0.006839548113114858,0.09292718646385027,2.7307285472322427,-0.03642714245949188,-0.49457399763127263
1.9603920784156832,PASSED,-0.2798622341497182,0.006929650251417153,0.08821877286125852,2.7306918829018243,-0.03690666198842835,-0.46948321647328073
1.9613922784556912,PASSED,-0.2798552622927092,0.00701503280748019,0.08349174486422314,2.7306547516368394,-0.03736103174697699,-0.4442941199321993
1.9623924784956992,PASSED,-0.2798482074233584,0.0070956783473725546,0.07874806991112544,2.7306171786319933,-0.03779015971454059,-0.41901719931786996
1.9633926785357072,PASSED,-0.27984107428621413,0.007171571404025445,0.07398971448073338,2.7305791891687465,-0.03819396439163384,-0.39366299561017126
1.9643928785757152,PASSED,-0.2798338676403073,0.007242698478385484,0.0692186476129089,2.730540808604812,-0.03857237478366908,-0.3682419896519529
1.9653930786157232,PASSED,-0.2798265922571845,0.0073090480387273575,0.06443683549451736,2.7305020623636462,-0.03892533039398601,-0.34276469076026167
1.9663932786557312,PASSED,-0.27981925291894066,0.0073706105199367235,0.05964624501926541,2.730462975923936,-0.039252781252392614,-0.3172416368374938
1.9673934786957392,PASSED,-0.2798118544162538,0.007427378321863614,0.05484883986530733,2.730423574809113,-0.039554687861828024,-0.29168325783401894
1.9683936787357472,PASSED,-0.2798044015464217,0.007479345805517115,0.050046579512296456,2.730383884576878,-0.03983102117185951,-0.2661000114964612
1.9693938787757552,PASSED,-0.2797968991114023,0.007526509290587359,0.04524142210887564,2.730343930808729,-0.04008176263067095,-0.2405024236881105
1.9703940788157632,PASSED,-0.2797893519158569,0.00756886705123195,0.04043531966840162,2.7303037390995373,-0.04030690408447151,-0.2149008072088628
1.9713942788557712,PASSED,-0.27978176476519906,0.007606419310267437,0.0356302186135445,2.7302633350471255,-0.04050644775868671,-0.189305585552764
1.9723944788957792,PASSED,-0.27977414246364846,0.007639168233547856,0.030828059725003562,2.730222744241896,-0.040680406279635935,-0.16372714454686516
1.9733946789357872,PASSED,-0.27976648981229074,0.0076671179245136915,0.026030778459723722,2.730181992256494,-0.04082880256803684,-0.1381757176369302
1.9743948789757952,PASSED,-0.27975881160714483,0.007690274415504971,0.021240299345649152,2.730141104635483,-0.04095166983933582,-0.1126616404070175
1.9753950790158032,PASSED,-0.2797511126372376,0.007708645659476427,0.016458540388661243,2.73010010688511,-0.04104905155036148,-0.08719509143809102
1.9763952790558112,PASSED,-0.27974339768268747,0.00772224152231406,0.011687411136948345,2.730059024463076,-0.041121001332127254,-0.06178624198421851
1.9773954790958193,PASSED,-0.2797356715127965,0.007731073772864106,0.006928810158776185,2.7300178827683856,-0.041167582958956686,-0.03644521672624903
1.9783956791358273,PASSED,-0.2797279388841533,0.007735156071557052,0.002184624382392128,2.729976707131232,-0.04118887029195977,-0.011182077187651657
1.9793958791758353,PASSED,-0.27972020453874613,0.00773450396073642,-0.002543267622646581,2.729935522802962,-0.04118494718673708,0.01399322682958633
1.9803960792158433,PASSED,-0.2797124732020878,0.007729134851725932,-0.007253003269048493,2.7298943549460857,-0.04115590745534234,0.03907073443817273
1.9813962792558513,PASSED,-0.2797047495813524,0.007719068012877961,-0.011942729233919213,2.729853228624364,-0.041101854807948215,0.06404058936475522
1.9823964792958593,PASSED,-0.2796970383635254,0.007704324556346803,-0.016610608062649954,2.7298121687929715,-0.041022902734708884,0.088893062489052
1.9833966793358673,PASSED,-0.2796893442135667,0.007684927423573035,-0.021254815914511692,2.72977120028872,-0.04091917446475573,0.1136184082625599
1.9843968793758753,PASSED,-0.2796816717725889,0.007660901371262222,-0.025873543241681188,2.7297303478203667,-0.04079080290191713,0.13820699922262455
1.9853970794158833,PASSED,-0.27967402565604965,0.007632272955380076,-0.03046499764245541,2.7296896359590086,-0.040637930494183405,0.16264934674113782
1.9863972794558913,PASSED,-0.2796664104519603,0.00759907051598246,-0.03502740056772357,2.7296490891285674,-0.04046070915276959,0.18693600452892725
1.9873974794958993,PASSED,-0.2796588307191108,0.007561324159499324,-0.039558993760077724,2.7296087315963455,-0.0402593002111888,0.21105756628202793
1.9883976795359073,PASSED,-0.27965129098531166,0.007519065741795887,-0.04405803366567672,2.729568587463685,-0.040033874295778794,0.23500481482865937
1.9893978795759153,PASSED,-0.2796437957456532,0.007472328851168669,-0.048522795268247376,2.7295286806567307,-0.03978461119373205,0.25876862685879637
1.9903980796159233,PASSED,-0.2796363494607838,0.007421148787575929,-0.05295157580906908,2.7294890349172887,-0.03951169980170806,0.28233990213410737
1.9913982796559313,PASSED,-0.2796289565552069,0.007365562544204906,-0.05734268841232476,2.729449673793767,-0.039215338043357535,0.3057096624948057
1.992398479695939,PASSED,-0.27962162141559715,0.007305608789554094,-0.06169446547646922,2.7294106206322586,-0.03889573267336113,0.32886917499746937
1.993398679735947,PASSED,-0.2796143483891377,0.007241327843560075,-0.06600526633905342,2.7293718985677065,-0.03855309922424679,0.351809631858924
1.994398879775955,PASSED,-0.27960714178187734,0.00717276165782439,-0.07027346533343799,2.729333530515196,-0.03818766191882234,0.374522421134779
1.995399079815963,PASSED,-0.27960000585711015,0.007099953795449348,-0.07449746040277777,2.7292955391613516,-0.03779965348945995,0.39699910151414214
1.996399279855971,PASSED,-0.27959294483377617,0.007022949406499119,-0.07867567464852841,2.7292579469558604,-0.037389315087348385,0.4192312691765049
1.997399479895979,PASSED,-0.27958596288488535,0.006941795205088266,-0.08280655258573516,2.729220776103121,-0.036956896170623345,0.4412106817573884
1.998399679935987,PASSED,-0.27957906413596434,0.006856539448262167,-0.0868885596530086,2.729184048554002,-0.03650265436704432,0.4629292181267834
1.999399879975995,PASSED,-0.27957225266352753,0.006767231909716739,-0.09092019114037471,2.7291477859977475,-0.03602685533004327,0.48437891625057
2.000400080016003,PASSED,-0.27956553249357163,0.006673923855281741,-0.09489996329808038,2.7291120098539996,-0.035529772626049456,0.5055518958226406
2.001400280056011,PASSED,-0.2795589076000955,0.006576668019892222,-0.0988264167838115,2.729076741264957,-0.03501168760789645,0.5264404330399193
2.002400480096019,PASSED,-0.27955238190364545,0.006475518579806726,-0.10269812228661966,2.729042001087674,-0.034472889249977136,0.547036974505584
2.003400680136027,PASSED,-0.27954595926988607,0.006370531126924091,-0.10651367327997906,2.729007809886494,-0.03391367401553899,0.5673340743931914
2.004400880176035,PASSED,-0.2795396435081976,0.006261762643527606,-0.11027169014082143,2.728974187925619,-0.03333434574927135,0.5873243941839474
2.005401080216043,PASSED,-0.27953343837030004,0.0061492714738375035,-0.11397082272295711,2.7289411551618445,-0.032735215475334825,0.6070008604382428
2.006401280256051,PASSED,-0.2795273475489045,0.006033117296558922,-0.11760974698233094,2.7289087312374054,-0.03211660128884695,0.6263564038543122
2.007401480296059,PASSED,-0.2795213746763928,0.005913361097803976,-0.12118716660335707,2.728876935473008,-0.03147882820553454,0.6453842029511428
2.008401680336067,PASSED,-0.2795155233235244,0.005790065142020509,-0.12470181523687338,2.728845786860983,-0.030822227984845386,0.6640775658478273
2.009401880376075,PASSED,-0.27950979699817285,0.005663292942488305,-0.12815245572909156,2.7288153040586036,-0.030147139006667985,0.6824299197304504
2.010402080416083,PASSED,-0.2795041991440905,0.005533109233616615,-0.1315378776334207,2.728785505381563,-0.029453906096700892,0.7004349034581897
2.011402280456091,PASSED,-0.2794987331397039,0.005399579940052502,-0.13485690418457572,2.728756408797606,-0.028742880354134526,0.7180863019718188
2.012402480496099,PASSED,-0.2794934022969375,0.0052627721465628215,-0.1381083863597492,2.7287280319203124,-0.028014419032199346,0.7353780019107505
2.013402680536107,PASSED,-0.27948820986006895,0.005122754068481994,-0.14129120589487956,2.7287003920030473,-0.027268885354281788,0.7523041285887643
2.014402880576115,PASSED,-0.2794831590046141,0.004979595020468949,-0.14440427609182027,2.728673505933082,-0.026506648319209274,0.7688589727283457
2.015403080616123,PASSED,-0.279478252836244,0.0048333653843623285,-0.1474465427831546,2.728647390225869,-0.02572808258402422,0.7850369101561956
2.016403280656131,PASSED,-0.27947349438973174,0.004684136579645753,-0.15041697933885584,2.728622061019475,-0.024933568304886283,0.8008325251257671
2.017403480696139,PASSED,-0.27946888662793257,0.004531981030104082,-0.15331459634354894,2.728597534069221,-0.02412349087832848,0.8162406941791613
2.018403680736147,PASSED,-0.2794644324407951,0.0043769721314235125,-0.15613843357191623,2.7285738247424374,-0.023298240871440307,0.8312562153608435
2.019403880776155,PASSED,-0.2794601346444047,0.004219184220752524,-0.15888756207037055,2.72855094801344,-0.022458213823871358,0.8458742690410199
2.020404080816163,PASSED,-0.27945599598006,0.004058692541865306,-0.16156109009844954,2.72852891845864,-0.02160381003046955,0.8600901429756623
2.021404280856171,PASSED,-0.2794520191133814,0.0038955732133712116,-0.16415815409119128,2.7285077502518615,-0.020735434400753802,0.8738992875424711
2.022404480896179,PASSED,-0.279448206633454,0.0037299031950639495,-0.16667792778464313,2.7284874571598086,-0.019853496300484642,0.887297308753616
2.023404680936187,PASSED,-0.2794445610520025,0.00356176025409876,-0.16911961641888687,2.7284680525377203,-0.01895840934032885,0.9002800610905776
2.024404880976195,PASSED,-0.2794410848026005,0.0033912229324385007,-0.17148245848784008,2.7284495493252123,-0.018050591189566936,0.9128435438761415
2.025405081016203,PASSED,-0.27943778023991334,0.003218370512188077,-0.1737657280921464,2.7284319600422737,-0.017130463452949225,0.9249838651120885
2.026405281056211,PASSED,-0.27943464963897496,0.0030432829806744948,-0.17596873379454006,2.728415296785471,-0.016198451437073894,0.936697449717495
2.027405481096219,PASSED,-0.27943169519449906,0.0028660409978063825,-0.1780908155838273,2.7283995712243065,-0.015254983977912957,0.9479807987898995
2.028405681136227,PASSED,-0.27942891902022443,0.002686725861149864,-0.18013135070497946,2.7283847945977904,-0.01430049327242028,0.9588306432945303
2.029405881176235,PASSED,-0.279426323148295,0.0025054194699128487,-0.18208975159170623,2.7283709777111573,-0.013335414702944503,0.9692438535966073
2.030406081216243,PASSED,-0.27942390952867446,0.002322204292033108,-0.1839654620717635,2.7283581309328,-0.012360186621940562,0.9792175659421637
2.0314062812562512,PASSED,-0.2794216800285958,0.0021371633284043463,-0.18575796466676028,2.728346264191374,-0.011375250180067159,0.988749025827563
2.0324064812962592,PASSED,-0.2794196364320456,0.0019503800779085455,-0.18746677438182802,2.7283353869730753,-0.010381049176150523,0.9978356559760169
2.0334066813362672,PASSED,-0.2794177804392838,0.001761938502714078,-0.18909144240289383,2.728325508319123,-0.009378029824382815,1.006475148962169
2.0344068813762752,PASSED,-0.27941611366639774,0.0015719229925465548,-0.19063155534394302,2.7283166368234135,-0.008366640578005137,1.0146653113213504
2.0354070814162832,PASSED,-0.2794146376448926,0.0013804183295226125,-0.19208673481060817,2.728308780630378,-0.0073473319569562654,1.0224041608672192
2.0364072814562912,PASSED,-0.2794133538213159,0.00118750965370299,-0.19345663649229858,2.728301947432985,-0.006320556391639221,1.0296898349502626
2.0374074814962992,PASSED,-0.2794122635569181,0.0009932824268733373,-0.19474095372122202,2.7282961444709963,-0.005286767945124793,1.036520854223871
2.0384076815363072,PASSED,-0.2794113681273486,0.0007978223966337495,-0.19593941458516498,2.7282913785293377,-0.004246422207338051,1.0428956601619885
2.0394078815763153,PASSED,-0.2794106687223863,0.0006012155628551403,-0.19705177990757206,2.728287655936713,-0.0031999761089392398,1.0488130572233594
2.0404080816163233,PASSED,-0.2794101664457066,0.00040354814093885547,-0.19807784992209332,2.7282849825643685,-0.002147887668678156,1.0542720289528997
2.0414082816563313,PASSED,-0.279409862314683,0.00020490652591668193,-0.19901745842222704,2.7282833638250548,-0.0010906158778640372,1.0592716320549316
2.0424084816963393,PASSED,-0.27940975726022443,5.377259133872272e-06,-0.19987047235653144,2.7282828046721876,-2.8620477083560114e-05,1.0638112465975074
2.0434086817363473,PASSED,-0.27940985212664765,-0.00019495300882694348,-0.20063679836367204,2.7282833095991816,0.0010376382440222098,1.0678903707779448
2.0444088817763553,PASSED,-0.2794101476715853,-0.0003959975531399918,-0.20131637494596588,2.728284882638967,0.00210769958024184,1.0715086465140868
2.0454090818163633,PASSED,-0.27941064456592846,-0.0005976696088927043,-0.20190917629054345,2.728287527363696,0.003181102625312008,1.0746659774408875
2.0464092818563713,PASSED,-0.2794113433938054,-0.000799882407357155,-0.20241521324705566,2.7282912468846487,0.004257386499400553,1.0773624718536505
2.0474094818963793,PASSED,-0.27941224465259423,-0.001002549210423851,-0.20283452961312276,2.7282960438522963,0.0053360904551015215,1.0795982782658469
2.0484096819363873,PASSED,-0.2794133487529712,-0.0012055833450842204,-0.20316720469186678,2.7283019204565617,0.006416754081576427,1.0813738586142783
2.0494098819763953,PASSED,-0.2794146560189937,-0.001408898239293072,-0.20341335388684142,2.728308878427284,0.007498917571859832,1.0826899113961566
2.0504100820164033,PASSED,-0.2794161666882176,-0.0016124074555672635,-0.20357312453242504,2.728316919034816,0.008582121775952831,1.083547065890896
2.0514102820564113,PASSED,-0.2794178809118497,-0.001816024725531603,-0.2036467002522824,2.728326043090867,0.009665908457094446,1.0839464246420938
2.0524104820964193,PASSED,-0.27941979875493406,-0.002019663985266782,-0.2036342993904435,2.7283362509494613,0.010749820483920272,1.0838890949483126
2.0534106821364273,PASSED,-0.2794219201965727,-0.0022232394081732163,-0.20353617191709514,2.7283475425081254,0.01183340195051169,1.0833763810201555
2.0544108821764353,PASSED,-0.2794242451301805,-0.0024266654389664406,-0.20335260337731026,2.728359917209244,0.012916198422883402,1.082409866606084
2.0554110822164433,PASSED,-0.27942677336377364,-0.0026298568286647313,-0.20308391391227806,2.728373374041568,0.013997757061623824,1.080991153496643
2.0564112822564513,PASSED,-0.279429504620292,-0.0028327286671422274,-0.2027304548543075,2.7283879115419403,0.015077626824844776,1.0791221697038262
2.0574114822964593,PASSED,-0.27943243853795435,-0.003035196415600408,-0.20229261086076247,2.7284035277971626,0.0161553586527424,1.0768049333601586
2.0584116823364673,PASSED,-0.2794355746706478,-0.0032371759418774178,-0.20177080322117527,2.72842022044605,0.017230505601243735,1.0740416252621172
2.0594118823764753,PASSED,-0.27943891248834873,-0.0034385835512174175,-0.20116548008588228,2.728437986681672,0.01830262306410451,1.0708346879265485
2.0604120824164833,PASSED,-0.2794424513775776,-0.003639336019032,-0.20047712630038259,2.7284568232537487,0.019371268935115257,1.0671866597335462
2.0614122824564913,PASSED,-0.27944619064188564,-0.0038393506248997956,-0.19970625891273844,2.728476726471211,0.020436003715335826,1.0631001938785862
2.0624124824964993,PASSED,-0.27945012950237347,-0.004038545182153719,-0.1988534228147141,2.728497692204953,0.02149639076067169,1.058578279640714
2.0634126825365073,PASSED,-0.27945426709824184,-0.004236838070532315,-0.19791919875451658,2.728519715890737,0.022551996443876156,1.0536239522469693
2.0644128825765153,PASSED,-0.27945860248737375,-0.004434148268445066,-0.19690419735157333,2.728542792532272,0.02360239025699935,1.0482403870406742
2.0654130826165233,PASSED,-0.27946313464694766,-0.004630395382787533,-0.19580905900306209,2.7285669167044433,0.024647145010978887,1.0424309986054436
2.0664132826565313,PASSED,-0.2794678624740819,-0.0048254996794585454,-0.1946344551163133,2.7285920825567143,0.02568583701868736,1.0361993471104909
2.0674134826965394,PASSED,-0.27947278478650883,-0.005019382114591489,-0.19338108847736393,2.728618283816701,0.026718046245424454,1.029549146488161
2.0684136827365474,PASSED,-0.2794779003232801,-0.00521196436454036,-0.1920496909298756,2.728645513793873,0.027743356416310747,1.0224841871517116
2.0694138827765554,PASSED,-0.27948320774550117,-0.005403168854539037,-0.19064102271121042,2.7286737653834483,0.028761355235439268,1.0150085737797276
2.0704140828165634,PASSED,-0.279488705637095,-0.005592918788390529,-0.18915587461167951,2.7287030310704177,0.029771634537871208,1.0071264548667496
2.0714142828565714,PASSED,-0.27949439250559527,-0.005781138177982594,-0.18759506624565564,2.728733302933732,0.03077379038349435,0.9988421061274075
2.0724144828965794,PASSED,-0.2795002667829681,-0.005967751870447146,-0.18595944327715005,2.7287645726506433,0.03176742325905039,0.9901600551751241
2.0734146829365874,PASSED,-0.2795063268264618,-0.0061526855770324,-0.18424988212398977,2.7287968315011915,0.032752138237989836,0.9810849281156716
2.0744148829765954,PASSED,-0.27951257091948467,-0.006335865901112964,-0.18246728538494691,2.728830070372821,0.033727545045888645,0.9716213944209038
2.0754150830166034,PASSED,-0.2795189972725098,-0.0065172203636338815,-0.1806125806115645,2.7288642797651868,0.03469325830011134,0.9617744940905525
2.0764152830566114,PASSED,-0.2795256040240074,-0.006696677431674253,-0.1786867263262419,2.728899449795051,0.035648897614485885,0.9515491945638699
2.0774154830966194,PASSED,-0.279532389241403,-0.006874166544226729,-0.17669070336996487,2.7289355702013536,0.036594087689938,0.9409506627109447
2.0784156831366274,PASSED,-0.27953935092206217,-0.007049618137005805,-0.1746255190518174,2.728972630350413,0.03752845853450806,0.9299842991428091
2.0794158831766354,PASSED,-0.2795464869943007,-0.0072229636688628356,-0.1724922070605061,2.7290106192412495,0.03845164554526778,0.9186554851709889
2.0804160832166434,PASSED,-0.27955379531841945,-0.0073941356470500295,-0.1702918256049854,2.7290495255110607,0.03936328963649051,0.9069698285905582
2.0814162832566514,PASSED,-0.27956127368776473,-0.007563067649713931,-0.16802545403651156,2.729089337440809,0.0402630373997172,0.8949330529841124
2.0824164832966594,PASSED,-0.2795689198298118,-0.007729694351456669,-0.16569420021355705,2.729130042960962,0.04115054122476754,0.8825510064278212
2.0834166833366674,PASSED,-0.2795767314072726,-0.007893951546784708,-0.1632991920710275,2.7291716296573214,0.04202545938310266,0.869829592939987
2.0844168833766754,PASSED,-0.2795847060192268,-0.008055776172007756,-0.16084158065773022,2.729214084777006,0.04288745618906593,0.8567749479787821
2.0854170834166834,PASSED,-0.2795928412022745,-0.00821510632710073,-0.15832253804980034,2.729257395234552,0.04373620214203059,0.8433932896219104
2.0864172834566914,PASSED,-0.27960113443171225,-0.00837188129983044,-0.15574326251631776,2.7293015476181077,0.04457137396943933,0.8296908525999556
2.0874174834966994,PASSED,-0.27960958312272965,-0.00852604158541457,-0.1531049676293408,2.729346528195766,0.0453926547787047,0.8156741137089818
2.0884176835367074,PASSED,-0.27961818463162774,-0.008677528906660324,-0.15040889032336127,2.729392322921994,0.0461997341982417,0.8013496234223372
2.0894178835767154,PASSED,-0.2796269362570569,-0.008826286235299458,-0.14765628751631643,2.72943891744419,0.04699230844678308,0.7867239986207359
2.0904180836167234,PASSED,-0.2796358352412758,-0.008972257811925715,-0.14484843603288475,2.7294862971093163,0.04777008041599887,0.7718039496124849
2.0914182836567314,PASSED,-0.27964487877142863,-0.00911538916410853,-0.1419866296161056,2.72953444697067,0.04853275983845283,0.7565964043482706
2.0924184836967394,PASSED,-0.2796540639808423,-0.009255627125059186,-0.13907218184035652,2.7295833517947274,0.04928006334860597,0.7411082473563844
2.0934186837367474,PASSED,-0.27966338795034057,-0.00939291985196471,-0.13610642361563652,2.7296329960680983,0.05001171454960599,0.7253465034291242
2.0944188837767554,PASSED,-0.2796728477095769,-0.009527216843322337,-0.1330907031856231,2.729683364004573,0.050727444168003684,0.709318361710077
2.0954190838167635,PASSED,-0.2796824402383839,-0.009658468955812368,-0.1300263853596391,2.7297344395522574,0.05142699011111404,0.6930309973772086
2.0964192838567715,PASSED,-0.27969216246813916,-0.009786628419636872,-0.12691484946774878,2.7297862064007936,0.052110097520194666,0.6764916835495706
2.0974194838967795,PASSED,-0.27970201128314726,-0.00991164885474532,-0.12375749220224593,2.729838647988681,0.052776518930932846,0.6597078955305821
2.0984196839367875,PASSED,-0.27971198352203697,-0.010033485286956016,-0.12055572554966017,2.729891747510661,0.0534260143067878,0.6426870294045381
2.0994198839767955,PASSED,-0.27972207597917315,-0.010152094160063426,-0.11731097147924473,2.7299454879251903,0.054058351086880195,0.6254366138843166
2.1004200840168035,PASSED,-0.27973228540608247,-0.010267433350488983,-0.11402466972309767,2.729999851961981,0.054673304316639054,0.6079643070085632
2.1014202840568115,PASSED,-0.27974260851289307,-0.010379462182117105,-0.11069827289813612,2.730054822129639,0.05527065672935616,0.5902778165227965
2.1024204840968195,PASSED,-0.27975304196978684,-0.010488141436710606,-0.10733324239041221,2.7301103807233313,0.055850198726995086,0.5723847850496839
2.1034206841368275,PASSED,-0.2797635824084639,-0.0105934333660075,-0.10393105390121418,2.7301665098325465,0.05641172849982607,0.5542930980185261
2.1044208841768355,PASSED,-0.27977422642361854,-0.010695301704323071,-0.10049319459180889,2.7302231913489265,0.05695505215283083,0.5360106896622518
2.1054210842168435,PASSED,-0.2797849705744268,-0.010793711679007705,-0.09702116141318556,2.730280406974125,0.05747998363906897,0.5175453506220541
2.1064212842568515,PASSED,-0.2797958113860436,-0.01088863001863917,-0.09351645844364997,2.730338138227757,0.057986344867151325,0.4989051463892205
2.1074214842968595,PASSED,-0.27980674535111016,-0.010980024964599145,-0.08998060430419061,2.730396366455371,0.058473965801221175,0.48009812585694395
2.1084216843368675,PASSED,-0.27981776893127036,-0.01106786627967416,-0.08641512225556382,2.730455072836494,0.058942684436631664,0.4611323084461791
2.1094218843768755,PASSED,-0.2798288785586954,-0.0111521252541755,-0.08282154266519154,2.73051423839272,0.05939234688482725,0.4420158746951906
2.1104220844168835,PASSED,-0.2798400706376167,-0.011232774715956568,-0.07920140785831659,2.7305738439958236,0.059822807402270695,0.42275694594228286
2.1114222844568915,PASSED,-0.2798513415458654,-0.011309789036392,-0.0755562621535088,2.7306338703759288,0.06023392841740137,0.40336372792293296
2.1124224844968995,PASSED,-0.2798626876364191,-0.011383144135096992,-0.07188765640597991,2.7306942981297224,0.060625580610485105,0.38384450319093416
2.1134226845369075,PASSED,-0.2798741052389538,-0.011452817487948021,-0.06819715048106235,2.730755107728672,0.060997642883616726,0.3642074530920871
2.1144228845769155,PASSED,-0.27988559066140184,-0.011518788131362421,-0.06448630536995942,2.730816279527302,0.06135000241534155,0.3444609174799792
2.1154230846169235,PASSED,-0.2798971401915138,-0.011581036664640275,-0.06075668521644863,2.730877793771486,0.06168255472609791,0.32461323960729277
2.1164232846569315,PASSED,-0.27990875009842464,-0.01163954525585764,-0.05700986188464314,2.730939630606747,0.061995203616299954,0.30467265726521225
2.1174234846969395,PASSED,-0.27992041663422357,-0.011694297645224892,-0.05324740768899017,2.731001770086609,0.06228786124291342,0.2846476061789636
2.1184236847369475,PASSED,-0.279932136035526,-0.011745279144873971,-0.049470894289140845,2.731064192180936,0.06256044814941301,0.2645464400466887
2.1194238847769555,PASSED,-0.2799439045250476,-0.011792476642277309,-0.04568189947946709,2.7311268767842876,0.06281289319693927,0.24437745251264303
2.1204240848169635,PASSED,-0.2799557183131802,-0.011835878602370242,-0.04188200050191005,2.7311898037243085,0.06304513365304694,0.22414912517102173
2.1214242848569715,PASSED,-0.27996757359956864,-0.011875475066156967,-0.03807277264327221,2.731252952770085,0.06325711516732344,0.2038697736801625
2.1224244848969795,PASSED,-0.2799794665746862,-0.011911257650104451,-0.0342557914836271,2.7313163036405457,0.0634487917583046,0.183547802515155
2.1234246849369875,PASSED,-0.27999139342141194,-0.011943219548272413,-0.03043263595752041,2.731379836012823,0.0636201258232234,0.16319157318790947
2.1244248849769956,PASSED,-0.2800033503166046,-0.0119713555279243,-0.02660487544813083,2.731443529530642,0.06377108814265271,0.14280948359023257
2.1254250850170036,PASSED,-0.28001533343267637,-0.011995661927979108,-0.0227740831259271,2.7315073638126686,0.06390165783829069,0.12240983700313754
2.1264252850570116,PASSED,-0.2800273389391634,-0.012016136658258117,-0.018941828381063338,2.7315713184608885,0.06401182240285179,0.10200104959976226
2.1274254850970196,PASSED,-0.28003936300429305,-0.012032779193126905,-0.015109672527272315,2.7316353730689347,0.06410157766613529,0.08159140573932129
2.1284256851370276,PASSED,-0.2800514017965488,-0.012045590569546885,-0.011279179015117682,2.731699507230419,0.06417092775299725,0.061189207610404056
2.1294258851770356,PASSED,-0.280063451486229,-0.012054573382630482,-0.007451902462581383,2.7317637005472255,0.06421988508484336,0.04080274800325229
2.1304260852170436,PASSED,-0.2800755082470023,-0.012059731778624277,-0.00362939168126945,2.731827932637804,0.06424847037090972,0.02044031144177147
2.1314262852570516,PASSED,-0.2800875682574562,-0.012061071450199665,0.000186808495198521,2.7318921831454066,0.06425671253508981,0.00011006600564351595
2.1324264852970596,PASSED,-0.2800996277026411,-0.012058599631429008,0.003995158954296043,2.7319564317463243,0.0642446487117652,-0.020179749544797
2.1334266853370676,PASSED,-0.2801116827756057,-0.012052325087650397,0.007794133661487854,2.732020658158055,0.06421232420808405,-0.040421006438743225
2.1344268853770756,PASSED,-0.28012372967892646,-0.012042258109067908,0.011582208529821095,2.732084842147476,0.06415979246743884,-0.060605563449522525
2.1354270854170836,PASSED,-0.28013576462622847,-0.012028410505025174,0.015357867718008287,2.73214896353893,0.06408711500548608,-0.08072539428827188
2.1364272854570916,PASSED,-0.28014778384369776,-0.012010795591067082,0.019119611451481573,2.732213002222306,0.06399436138931668,-0.10077243075683524
2.1374274854970996,PASSED,-0.28015978357158455,-0.01198942818057094,0.022865943192581846,2.732276938161051,0.06388160918924392,-0.12073871295004668
2.1384276855371076,PASSED,-0.28017176006569705,-0.011964324578009403,0.02659537547417439,2.7323407514001357,0.06374894389527395,-0.140616347983239
2.1394278855771156,PASSED,-0.28018370959888406,-0.011935502564198036,0.030306439369492916,2.7324044220739805,0.06359645891176444,-0.16039740719370496
2.1404280856171236,PASSED,-0.2801956284625079,-0.011902981385896828,0.03399767092235274,2.7324679304142983,0.06342425545662457,-0.18007415377064398
2.1414282856571316,PASSED,-0.28020751296790447,-0.011866781746466035,0.03766761843642108,2.732531256757912,0.06323244252150549,-0.19963878935138213
2.1424284856971396,PASSED,-0.28021935944783266,-0.011826925791474045,0.041314846029036296,2.732594381554479,0.06302113681025982,-0.2190836591751746
2.1434286857371476,PASSED,-0.28023116425790995,-0.01178343709522295,0.0449379297324684,2.732657285374158,0.06279046263933939,-0.23840117875060826
2.1444288857771556,PASSED,-0.28024292377803567,-0.011736340649243369,0.04853545681099007,2.73271994891523,0.06254055192850902,-0.2575837322168938
2.1454290858171636,PASSED,-0.2802546344138002,-0.011685662847598524,0.052106031534082276,2.732782353011617,0.06227154408484663,-0.2766239179594057
2.1464292858571716,PASSED,-0.28026629259787994,-0.011631431471322848,0.055648272770069895,2.732844478640342,0.06198358590433737,-0.295514355542493
2.1474294858971796,PASSED,-0.2802778947914177,-0.011573675674791577,0.05916081237207366,2.73290630692891,0.06167683156088039,-0.3142476687332941
2.1484296859371876,PASSED,-0.2802894374853875,-0.01151242596978969,0.06264230008842965,2.732967819162615,0.06135144249406791,-0.332816665531942
2.1494298859771956,PASSED,-0.28030091720194383,-0.011447714208714658,0.06609140173276809,2.7330289967917407,0.06100758726588155,-0.35121426995597715
2.1504300860172036,PASSED,-0.28031233049575444,-0.011379573568844654,0.0695067986281597,2.733089821438713,0.0606454415791805,-0.36943329786443185
2.1514302860572116,PASSED,-0.28032367395531627,-0.011308038535162379,0.07288719038501738,2.7331502749051344,0.06026518814374428,-0.387466860484075
2.1524304860972197,PASSED,-0.2803349442042543,-0.011233144882301477,0.07623129451149228,2.733210339178735,0.05986701651841311,-0.405308135229211
2.1534306861372277,PASSED,-0.2803461379026023,-0.011154929656799182,0.07953784616283004,2.733269996440236,0.05945112311578113,-0.42295024756716415
2.1544308861772357,PASSED,-0.28035725174806553,-0.011073431159009958,0.082805598873484,2.7333292290701103,0.059017711078464555,-0.4403865638161812
2.1554310862172437,PASSED,-0.2803682824772643,-0.010988688922831787,0.08603332771462849,2.7333880196552545,0.05856699012522396,-0.45761054619020286
2.1564312862572517,PASSED,-0.28037922686695904,-0.01090074369797355,0.08921982295397315,2.7334463509955373,0.05809917649492356,-0.47461568637386436
2.1574314862972597,PASSED,-0.2803900817352549,-0.010809637429362756,0.0923638990486747,2.73350420611028,0.05761449286959147,-0.49139558463758604
2.1584316863372677,PASSED,-0.2804008439427871,-0.01071541323562208,0.09546439020201011,2.7335615682445917,0.05711316819336562,-0.5079440706180345
2.1594318863772757,PASSED,-0.28041151039388473,-0.010618115390251212,0.09852014881677228,2.7336184208756205,0.056595437593874025,-0.5242549520739622
2.1604320864172837,PASSED,-0.2804220780377146,-0.01051778929955717,0.10153005194555541,2.7336747477186956,0.05606154232925359,-0.5403221396514185
2.1614322864572917,PASSED,-0.280432543869403,-0.01041448148091528,0.10449299643945052,2.7337305327333365,0.0555117295783043,-0.5561398251478733
2.1624324864972992,PASSED,-0.28044290493113605,-0.010308239540884457,0.10740790242506912,2.7337857601291726,0.05494625236752476,-0.5717021345339853
2.1634326865373072,PASSED,-0.28045315831323786,-0.010199112153454603,0.11027371076637733,2.733840414371711,0.0543653694695596,-0.5870034069192778
2.1644328865773153,PASSED,-0.2804633011552263,-0.010087149037077804,0.11308938678374862,2.733894480188031,0.05376934527412035,-0.6020380544525726
2.1654330866173233,PASSED,-0.28047333064684504,-0.009972400929950628,0.11585392068946072,2.7339479425723185,0.05315844964068064,-0.6168006860977991
2.1664332866573313,PASSED,-0.28048324402907343,-0.009854919568970411,0.11856632117405522,2.734000786791283,0.052532957774488194,-0.6312859862555318
2.1674334866973393,PASSED,-0.2804930385951121,-0.00973475766566113,0.12122562473276241,2.7340529983894717,0.051893150158933504,-0.6454887017541298
2.1684336867373473,PASSED,-0.2805027116913447,-0.009611968879722151,0.12383089340979316,2.734104563194427,0.051239312359672363,-0.6594038642658169
2.1694338867773553,PASSED,-0.28051226071827523,-0.009486607796217116,0.12638121023519636,2.734155467321742,0.050571734911887885,-0.6730265034635897
2.1704340868173633,PASSED,-0.280521683131441,-0.009358729902330018,0.1288756829883672,2.73420569717996,0.04989071321594748,-0.6863518242582921
2.1714342868573713,PASSED,-0.28053097644230063,-0.009228391559121396,0.13131345002212635,2.7342552394753485,0.04919654735636266,-0.6993752164691714
2.1724344868973793,PASSED,-0.2805401382190964,-0.009095649977381026,0.13369366955253392,2.7343040812165578,0.04848954202011743,-0.7120920827626035
2.1734346869373873,PASSED,-0.28054916608769154,-0.008960563193650583,0.136015526515712,2.7343522097191224,0.04777000633834982,-0.7244980811042819
2.1744348869773953,PASSED,-0.28055805773238174,-0.008823190041981142,0.13827823510525847,2.7343996126098213,0.047038253700462496,-0.7365890090760134
2.1754350870174033,PASSED,-0.2805668108966802,-0.008683590128332513,0.1404810326775439,2.7344462778309273,0.04629460170004648,-0.7483606613093602
2.1764352870574113,PASSED,-0.28057542338407654,-0.008541823805242318,0.1426231833652942,2.734492193644277,0.04553937194061148,-0.7598091581854296
2.1774354870974193,PASSED,-0.28058389305876963,-0.008397952144229842,0.1447039794439291,2.7345373486352336,0.04477288988111866,-0.7709306603644158
2.1784356871374273,PASSED,-0.2805922178463727,-0.008252036908026566,0.14672274070950542,2.7345817317164935,0.04399548474992803,-0.7817214450747766
2.1794358871774353,PASSED,-0.2806003957345925,-0.008104140525706365,0.1486788100606623,2.7346253321317335,0.04320748933572661,-0.7921780602858465
2.1804360872174433,PASSED,-0.28060842477388015,-0.007954326063874737,0.15057156301227423,2.734668139459142,0.04240923987604005,-0.802297059287026
2.1814362872574513,PASSED,-0.28061630307805563,-0.007802657198738658,0.15240039988528137,2.7347101436147807,0.041601075923714925,-0.8120752143505237
2.1824364872974593,PASSED,-0.2806240288249042,-0.007649198189878636,0.15416474817651588,2.734751334855806,0.04078334015134732,-0.8215094777123351
2.1834366873374673,PASSED,-0.2806316002567448,-0.007494013851354281,0.15586406542291248,2.7347917037835443,0.03995637824090995,-0.830596865587383
2.1844368873774753,PASSED,-0.2806390156809709,-0.007337169523756204,0.15749783571485168,2.734831241346414,0.039120538734910136,-0.8393345996080979
2.1854370874174833,PASSED,-0.2806462734705635,-0.00717873104708265,0.15906557064602136,2.7348699388427056,0.03827617286492723,-0.847720050232771
2.1864372874574913,PASSED,-0.2806533720645752,-0.007018764730931796,0.16056681315407498,2.734907787923189,0.0374236343946824,-0.8557507502528662
2.1874374874974993,PASSED,-0.28066030996858693,-0.006857337327618114,0.1620011300867545,2.7349447805935934,0.0365632794979935,-0.8634243276462568
2.1884376875375073,PASSED,-0.28066708575513505,-0.006694516001980369,0.16336812267173909,2.7349809092169295,0.03569546660248181,-0.8707386074219677
2.1894378875775153,PASSED,-0.28067369806411135,-0.006530368305082621,0.16466741304841928,2.735016166515647,0.03482055619641293,-0.8776916051668274
2.1904380876175233,PASSED,-0.2806801456031329,-0.006364962143764039,0.165898660165359,2.7350505455736425,0.03393891070604263,-0.8842814138392829
2.1914382876575313,PASSED,-0.28068642714788467,-0.006198365751501626,0.16706154699378226,2.735084039838133,0.033050894371802204,-0.8905062811745194
2.1924384876975394,PASSED,-0.2806925415424322,-0.00603064766218358,0.1681557842008881,2.735116643121332,0.032156873011282026,-0.8963647467506085
2.1934386877375474,PASSED,-0.28069848769950617,-0.005861876678867575,0.16918111605941438,2.7351483496020266,0.03125721393947494,-0.9018552885113998
2.1944388877775554,PASSED,-0.28070426460075804,-0.005692121844994343,0.1701373124157781,2.7351791538269516,0.030352285801139696,-0.9069767048844729
2.1954390878175634,PASSED,-0.28070987129698655,-0.005521452417902469,0.17102417020927174,2.735209050712038,0.029442458369379546,-0.911727916343933
2.1964392878575714,PASSED,-0.28071530690833574,-0.005349937837366986,0.17184152075295864,2.7352380355434813,0.028528102426465498,-0.9161079606274612
2.1974394878975794,PASSED,-0.28072057062446343,-0.005177647696526886,0.17258922089819287,2.73526610397869,0.02760958963982393,-0.920116003984309
2.1984396879375874,PASSED,-0.28072566170468155,-0.005004651716025431,0.17326715357029648,2.7352932520470414,0.02668729233947644,-0.9237514979229474
2.1994398879775954,PASSED,-0.28073057947806745,-0.004831019712724458,0.1738752364547584,2.7353194761505053,0.025761583385052304,-0.92701392542493
2.2004400880176034,PASSED,-0.2807353233435459,-0.004656821570406378,0.17441341289362725,2.7353447730641065,0.02483283606109631,-0.9299029229767073
2.2014402880576114,PASSED,-0.2807398927699428,-0.0044821272129582914,0.17488165381772608,2.7353691399362274,0.023901423852821083,-0.9324183984742385
2.2024404880976194,PASSED,-0.28074428729601053,-0.004307006575304796,0.1752799602106739,2.735392574288775,0.02296772032756206,-0.9345602764488741
2.2034406881376274,PASSED,-0.2807485065304231,-0.004131529572685537,0.1756083642249826,2.735415074017155,0.02203209896925739,-0.9363287462085345
2.2044408881776354,PASSED,-0.28075255015174494,-0.003955766074937023,0.17586692009753405,2.7354366373901393,0.021094933037869412,-0.9377240548409358
2.2054410882176434,PASSED,-0.28075641790836947,-0.0037797858772829246,0.17605571602514117,2.7354572630495517,0.020156595421026987,-0.9387466581767513
2.2064412882576514,PASSED,-0.2807601096184299,-0.003603658669783662,0.17617486848201006,2.735476950009798,0.019217458433635492,-0.9393972068679941
2.2074414882976594,PASSED,-0.2807636251696822,-0.0034274540125047077,0.17622451647691742,2.735495697657265,0.018277893728629684,-0.939676370431016
2.2084416883376674,PASSED,-0.280766964519359,-0.0032512413060973838,0.17620483302759493,2.73551350574955,0.01733827212784333,-0.9395850876899094
2.2094418883776754,PASSED,-0.2807701276939966,-0.003075089762003829,0.1761160181375277,2.7355303744145405,0.01639896342334383,-0.9391244490392282
2.2104420884176834,PASSED,-0.28077311478923317,-0.0028990683777668854,0.175958294969888,2.7355463041493695,0.015460336311081303,-0.9382955544113963
2.2114422884576914,PASSED,-0.28077592596957973,-0.002723245908314077,0.17573191910808827,2.735561295819171,0.014522758173769188,-0.9370998592459249
2.2124424884976994,PASSED,-0.2807785614681639,-0.002547690836961652,0.17543717284864946,2.7355753506557394,0.013586594947032021,-0.9355388050646654
2.2134426885377074,PASSED,-0.2807810215864456,-0.0023724713503296803,0.1750743624875201,2.73558847025602,0.012652211027376502,-0.9336139960494216
2.2144428885777154,PASSED,-0.2807833066939064,-0.0021976553108837152,0.17464382408492912,2.7356006565804374,0.011719969039013371,-0.9313273165722714
2.2154430886177234,PASSED,-0.2807854172277112,-0.0020233102286815645,0.17414592094696563,2.7356119119511115,0.010790229737555243,-0.928680624715365
2.2164432886577314,PASSED,-0.280787353692344,-0.0018495032362826685,0.17358104003351602,2.735622239049909,0.009863351904341911,-0.9256759722119746
2.2174434886977394,PASSED,-0.28078911665921635,-0.001676301062519075,0.17294959625031195,2.735631640916348,0.00893969211279744,-0.9223156710994697
2.2184436887377474,PASSED,-0.2807907067662503,-0.0015037700047751124,0.1722520320730634,2.7356401209453827,0.008019604651674133,-0.9186019878058665
2.2194438887777554,PASSED,-0.28079212471743487,-0.001331975904372793,0.1714888126218234,2.7356476828850194,0.007103441390748963,-0.9145374430047052
2.2204440888177635,PASSED,-0.2807933712823569,-0.0011609841212661973,0.1706604300964441,2.735654330833826,0.006191551605848709,-0.9101246794972859
2.2214442888577715,PASSED,-0.2807944472957065,-0.0009908595074182543,0.16976740301560886,2.7356600692382784,0.005284281862658572,-0.9053664523187047
2.2224444888977795,PASSED,-0.28079535365675734,-0.0008216663825158543,0.16881027282692743,2.7356649028899773,0.004381975875543707,-0.9002656769789725
2.2234446889377875,PASSED,-0.28079609132882166,-0.0006534685095489911,0.1677896063934869,2.7356688369227458,0.003484974393773375,-0.8948253516312374
2.2244448889777955,PASSED,-0.28079666133868114,-0.0004863290693205638,0.1667059961183876,2.7356718768095702,0.0025936150392109557,-0.8890486898498742
2.2254450890178035,PASSED,-0.28079706477599314,-0.0003203106370871188,0.16556005631014986,2.7356740283594303,0.0017082321860754663,-0.8829389619925664
2.2264452890578115,PASSED,-0.28079730279267306,-0.00015547515868422591,0.16435242646472156,2.7356752977139926,0.0008291568630738335,-0.8764995636743437
2.2274454890978195,PASSED,-0.2807973766022532,8.116073320451222e-06,0.1630837690313142,2.7356756913441713,-4.328342500094041e-05,-0.8697341043417275
2.2284456891378275,PASSED,-0.2807972874792175,0.0001704024428323612,0.16175476983230716,2.735675216046575,-0.0009087647875621072,-0.8626462013741264
2.2294458891778355,PASSED,-0.2807970367583144,0.0003313240331407792,0.16036613729249194,2.7356738789398123,-0.001766967075151652,-0.855239678399824
2.2304460892178435,PASSED,-0.2807966258338463,0.000490821648199876,0.1589186002368335,2.735671687460701,-0.0026175740033771732,-0.8475184281093193
2.2314462892578515,PASSED,-0.28079605615893655,0.0006488368368786628,0.1574129143067556,2.7356686493603344,-0.0034602732755991384,-0.8394865016303956
2.2324464892978595,PASSED,-0.28079532924477557,0.0008053119131160989,0.15584985085788952,2.735664772700035,-0.004294756706213987,-0.831148049937818
2.2334466893378675,PASSED,-0.28079444665984393,0.0009601899772918234,0.15423020638761462,2.7356600658472043,-0.005120720307861993,-0.8225073027881323
2.2344468893778755,PASSED,-0.28079341002911534,0.0011134149386414097,0.1525547979909008,2.735654537471043,-0.005937864433417633,-0.8135686740673117
2.2354470894178835,PASSED,-0.2807922210332386,0.0012649315341045828,0.15082446044468786,2.7356481965381705,-0.006745893880899871,-0.8043366297588546
2.2364472894578915,PASSED,-0.28079088140769876,0.0014146853492790932,0.14904005166105858,2.7356410523081247,-0.0075445179888632705,-0.7948157600997637
2.2374474894978995,PASSED,-0.2807893929419589,0.0015626228390468989,0.147202448505637,2.735633114328767,-0.008333450751319986,-0.7850107640280191
2.2384476895379075,PASSED,-0.28078775747858187,0.0017086913453132461,0.14531254477348785,2.7356243924315784,-0.009112410914943393,-0.7749264300203318
2.2394478895779155,PASSED,-0.2807859769123328,0.001852839116931932,0.14337125618215127,2.7356148967268332,-0.009881122113121374,-0.7645677102830796
2.2404480896179235,PASSED,-0.2807840531892635,0.001995015328568081,0.14137951527214782,2.7356046375987155,-0.010639312903549886,-0.7539395105254657
2.2414482896579315,PASSED,-0.2807819883057777,0.002135170097876229,0.13933827199881454,2.7355936257002864,-0.011386716916283233,-0.7430470142052684
2.2424484896979395,PASSED,-0.2807797843076792,0.0022732545034373853,0.1372484946027181,2.7355818719483933,-0.012123072952905373,-0.7318953849000518
2.2434486897379475,PASSED,-0.28077744328920196,0.002409220602778108,0.13511116916605964,2.735569387518472,-0.012848125022704129,-0.7204898597312255
2.2444488897779555,PASSED,-0.2807749673920236,0.002543021447987767,0.13292729590539165,2.735556183839255,-0.013561622482155661,-0.7088358592650739
2.2454490898179635,PASSED,-0.28077235880426227,0.002674611102302077,0.13069789325358835,2.735542272587395,-0.014263320127153945,-0.6969388354870913
2.2464492898579715,PASSED,-0.2807696197594574,0.0028039446565391547,0.1284239948927375,2.7355276656820093,-0.01495297822786631,-0.6848042775292122
2.2474494898979795,PASSED,-0.28076675253553496,0.0029309782442381942,0.1261066495699069,2.7355123752791264,-0.015630362653454577,-0.6724378576276333
2.2484496899379876,PASSED,-0.28076375945375737,0.0030556690557056385,0.12374691939913621,2.735496413766054,-0.01629524496846254,-0.6598452865948479
2.2494498899779956,PASSED,-0.2807606428776591,0.0031779753532630195,0.12134588299621085,2.7354797937556974,-0.016947402420961925,-0.6470322297690762
2.2504500900180036,PASSED,-0.28075740521196774,0.0032978564857942157,0.1189046322211869,2.7354625280807503,-0.017586618120190255,-0.6340046788678291
2.2514502900580116,PASSED,-0.2807540489015116,0.003415272900718097,0.11642427005901092,2.7354446297878647,-0.018212681074104335,-0.6207684706115819
2.2524504900980196,PASSED,-0.28075057643011414,0.003530186157229473,0.11390591414628662,2.7354261121317025,-0.018825386220135625,-0.6073295963110908
2.2534506901380276,PASSED,-0.2807469903194753,0.003642558940285991,0.11135069566333929,2.7354069885689714,-0.019424534518651993,-0.5936940999865576
2.2544508901780356,PASSED,-0.2807432931280412,0.0037523550709860623,0.10875975405789191,2.7353872727523534,-0.020009933039576946,-0.5798681348838858
2.2554510902180436,PASSED,-0.2807394874498617,0.0038595395179504654,0.10613424223541087,2.735366978524384,-0.020581395007256097,-0.5658578562093266
2.2564512902580516,PASSED,-0.2807355759134371,0.003964078409479977,0.10347532439224569,2.7353461199112785,-0.021138739825512055,-0.5516694596203756
2.2574514902980596,PASSED,-0.2807315611805534,0.004065939043698637,0.10078417410293572,2.735324711116696,-0.02168179317586053,-0.5373092775005429
2.2584516903380676,PASSED,-0.2807274459451085,0.004165089897294048,0.09806197325706177,2.7353027665154506,-0.02221038707093153,-0.5227836401179757
2.2594518903780756,PASSED,-0.2807232329319276,0.004261500636240478,0.09530991607267639,2.7352803006471706,-0.02272435986247964,-0.5080988925015315
2.2604520904180836,PASSED,-0.28071892489557004,0.00435514212484484,0.09252920362548527,2.7352573282099115,-0.023223556320583948,-0.49326150183949136
2.2614522904580916,PASSED,-0.28071452461912755,0.004445986432854646,0.0897210442660191,2.735233864053714,-0.023707827699693384,-0.4782779639560669
2.2624524904980996,PASSED,-0.28071003491301394,0.004534006843979477,0.08688665569737176,2.7352099231741374,-0.02417703171855891,-0.4631547221384926
2.2634526905381076,PASSED,-0.28070545861374746,0.004619177864415627,0.08402726359533665,2.7351855207057376,-0.02463103263268824,-0.44789837545655076
2.2644528905781156,PASSED,-0.28070079858272595,0.004701475227785626,0.08114409655310688,2.7351606719155024,-0.025069701315835836,-0.432515554941628
2.2654530906181236,PASSED,-0.28069605770499545,0.004780875902334089,0.07823839321203231,2.7351353921962813,-0.02549291519887518,-0.4170127684378202
2.2664532906581316,PASSED,-0.2806912388880128,0.004857358097445809,0.0753113963781789,2.7351096970601505,-0.02590055834922821,-0.4013967382964957
2.2674534906981396,PASSED,-0.2806863450604025,0.004930901267131605,0.07236435189087351,2.7350836021317626,-0.02629252155186929,-0.38567417887080174
2.2684536907381476,PASSED,-0.2806813791707091,0.005001486116389073,0.06939851416853184,2.7350571231416785,-0.026668702229656404,-0.3698516770646639
2.2694538907781556,PASSED,-0.28067634418614434,0.00506909460521827,0.06641513860297502,2.7350302759196725,-0.027029004497009592,-0.35393599421220134
2.2704540908181636,PASSED,-0.28067124309133074,0.005133709951190225,0.06341548421794087,2.7350030763879936,-0.027373339276205735,-0.3379339691854379
2.2714542908581716,PASSED,-0.2806660788870419,0.005195316633693718,0.060400814693861535,2.7349755405546516,-0.027701624173455897,-0.32185218262664106
2.2724544908981796,PASSED,-0.2806608545889397,0.005253900396719738,0.05737239524746016,2.734947684506653,-0.028013783536575864,-0.3056974834488548
2.2734546909381876,PASSED,-0.28065557322630913,0.005309448249696321,0.05433149146266484,2.734919524403238,-0.028309748553878678,-0.28947670653878965
2.2744548909781956,PASSED,-0.2806502378407911,0.005361948470450146,0.05127937361459719,2.7348910764691188,-0.028589457129596745,-0.2731964885042494
2.2754550910182036,PASSED,-0.28064485148511437,0.0054113906060494574,0.04821731025578793,2.734862356987686,-0.02885285395398866,-0.25686371498369004
2.2764552910582116,PASSED,-0.28063941722182617,0.005457765472063007,0.045146569852056576,2.734833382294241,-0.029099890539167287,-0.24048516530858496
2.2774554910982197,PASSED,-0.2806339381220228,0.005501065154573011,0.0420684242819706,2.7348041687692084,-0.02933052513756159,-0.22406755378478174
2.2784556911382277,PASSED,-0.28062841726408033,0.00554128300858149,0.03898414049281659,2.7347747328313545,-0.029544722787886328,-0.2076177146847093
2.2794558911782357,PASSED,-0.28062285773238627,0.00557841365621722,0.03589498573100698,2.734745090931012,-0.029742455331548213,-0.19114242964667014
2.2804560912182437,PASSED,-0.280617262616072,0.0056124529875492355,0.03280222839935341,2.7347152595433166,-0.029923701337302603,-0.17464838982619948
2.2814562912582517,PASSED,-0.28061163500774766,0.005643398156574147,0.029707129441950458,2.7346852551614464,-0.030088446131972254,-0.15814239789861348
2.2824564912982597,PASSED,-0.2806059780022386,0.005671247578389772,0.02661095006474057,2.734655094289887,-0.03023668178982567,-0.14163116448995627
2.2834566913382677,PASSED,-0.280600294695325,0.00569600092868292,0.02351495044542022,2.7346247934376895,-0.030368407104500093,-0.12512141479740196
2.2844568913782757,PASSED,-0.2805945881824852,0.005717659137438647,0.020420380962597764,2.7345943691117705,-0.030483627560755257,-0.1086198172270066
2.2854570914182837,PASSED,-0.28058886155764173,0.00573622438632366,0.01732849416662438,2.7345638378102235,-0.030582355319391415,-0.09213305290892294
2.2864572914582917,PASSED,-0.2805831179119126,0.005751700103944652,0.014240533257237363,2.7345332160156564,-0.030664609199416173,-0.07566776476864835
2.2874574914982997,PASSED,-0.28057736033236697,0.005764090960322251,0.01115773845783957,2.7345025201885473,-0.03073041464462795,-0.05923056550719213
2.2884576915383077,PASSED,-0.280571591900786,0.005773402862314785,0.008081344348996896,2.734471766760648,-0.030779803678465684,-0.0428280127247607
2.2894578915783157,PASSED,-0.2805658156924302,0.005779642946442078,0.005012577312823831,2.734440972128395,-0.030812814898744226,-0.02646669198106005
2.2904580916183237,PASSED,-0.28056003477481173,0.0057828195735256235,0.0019526602640250266,2.7344101526463773,-0.03082949342583175,-0.010153083825166642
2.2914582916583317,PASSED,-0.2805542522064745,0.005782942321077253,-0.0010971942566354157,2.734379324620828,-0.03082989085475203,0.006106341016308621
2.2924584916983397,PASSED,-0.28054847103578134,0.005780021975351347,-0.004135780038752842,2.734348504303157,-0.030814065239901024,0.02230513074080725
2.2934586917383477,PASSED,-0.28054269429970824,0.0057740705248417075,-0.007161897490231119,2.7343177078835343,-0.03078208102511995,0.038436937474583606
2.2944588917783557,PASSED,-0.28053692502264765,0.005765101150831392,-0.010174358357037274,2.7342869514844996,-0.030734009024088266,0.05449537673642119
2.2954590918183637,PASSED,-0.28053116621521934,0.005753128218506841,-0.013171981636227424,2.734256251154645,-0.03066992634677926,0.07047421102406196
2.2964592918583717,PASSED,-0.2805254208730913,0.00573816726843943,-0.016153595688200097,2.7342256228623176,-0.030589916363267612,0.08636716517003988
2.2974594918983797,PASSED,-0.2805196919758096,0.0057202350060157215,-0.019118040247381483,2.7341950824894004,-0.030494068656318676,0.10216806813486719
2.2984596919383877,PASSED,-0.2805139824856383,0.005699349291924917,-0.02206416331975417,2.734164645825129,-0.03038247894735625,0.11787080284746067
2.2994598919783957,PASSED,-0.2805082953464098,0.005675529131013466,-0.02499082597258035,2.7341343285599744,-0.030255249052267362,0.1334692899165025
2.3004600920184037,PASSED,-0.2805026334823862,0.005648794661276581,-0.02789689891308818,2.7341041462795697,-0.030112486838765398,0.14895749589227514
2.3014602920584117,PASSED,-0.28049699979713155,0.0056191671430645945,-0.03078126441125146,2.734074114458737,-0.029954306100702217,0.16432956617711517
2.3024604920984197,PASSED,-0.2804913971723963,0.005586668945984721,-0.033642818858956876,2.734044248455515,-0.029780826577547898,0.17957949447245644
2.3034606921384277,PASSED,-0.28048582846701337,0.005551323537852847,-0.03648046764715146,2.734014563505316,-0.029592173844600004,0.1947015585981848
2.3044608921784357,PASSED,-0.28048029651580697,0.005513155471297417,-0.03929313249428069,2.7339850747150987,-0.029388479220226832,0.20969000155649462
2.3054610922184438,PASSED,-0.28047480412851444,0.005472190369786082,-0.04207974752270375,2.7339557970576545,-0.029169879740108883,0.22453913249225002
2.3064612922584518,PASSED,-0.2804693540887213,0.005428454916103328,-0.044839257789454114,2.733926745365928,-0.02893651807759426,0.23924334919621024
2.3074614922984598,PASSED,-0.28046394915281003,0.005381976837074753,-0.04757062652132218,2.7338979343274317,-0.028688542445426526,0.25379715414874704
2.3084616923384678,PASSED,-0.2804585920489228,0.005332784888885815,-0.05027282930068343,2.7338693784787402,-0.02842610651758888,0.2681951102969084
2.3094618923784758,PASSED,-0.2804532854759392,0.005280908843733808,-0.05294485571955578,2.733841092200051,-0.028149369384671087,0.28243181466505596
2.3104620924184838,PASSED,-0.28044803210246805,0.005226379474155593,-0.0555857121506529,2.73381308970982,-0.027858495463375026,0.2965019923833978
2.3114622924584918,PASSED,-0.2804428345658553,0.005169228536762817,-0.058194420887524016,2.7337853850595057,-0.02755365436088171,0.3104005092332632
2.3124624924984998,PASSED,-0.2804376954712065,0.005109488758003468,-0.06077001734056646,2.7337579921283597,-0.027235020867629987,0.3241221492640279
2.313462692538508,PASSED,-0.2804326173904264,0.005047193817642467,-0.06331155570795756,2.7337309246183343,-0.02690277484167957,0.33766194374133696
2.314462892578516,PASSED,-0.28042760286127355,0.004982378330999911,-0.06581810726562334,2.7337041960490644,-0.02655710107136439,0.3510149880310831
2.315463092618524,PASSED,-0.2804226543864327,0.004915077833807264,-0.06828875714399565,2.733677819752932,-0.026198189270764477,0.36417634231246543
2.316463292658532,PASSED,-0.2804177744326031,0.004845328765204678,-0.07072260957497965,2.7336518088702375,-0.02582623393855219,0.3771413254788304
2.31746349269854,PASSED,-0.2804129654296044,0.004773168448630847,-0.07311878790639766,2.733626176344443,-0.025441434255887768,0.38990525412148797
2.318463692738548,PASSED,-0.2804082297695009,0.004698635075085347,-0.07547643063823543,2.7336009349175345,-0.02504399401510219,0.4024635652283096
2.319463892778556,PASSED,-0.2804035698057422,0.0046217676864384275,-0.07779469398604331,2.7335760971254524,-0.0246341215309469,0.41481176343994475
2.320464092818564,PASSED,-0.280398987852323,0.004542606154818234,-0.08007275670962752,2.7335516752936413,-0.024212029511903488,0.4269455227790569
2.321464292858572,PASSED,-0.28039448618296137,0.004461191164737194,-0.08230981232864708,2.7335276815326814,-0.023777934984336127,0.4388605307595634
2.32246449289858,PASSED,-0.2803900670302951,0.004377564196182946,-0.08450507270464883,2.7335041277340397,-0.023332059182866516,0.45055264860964106
2.323464692938588,PASSED,-0.28038573258509764,0.004291767502551771,-0.08665777424885868,2.7334810255659017,-0.022874627447975478,0.46201779241196694
2.324464892978596,PASSED,-0.2803814849955129,0.004203844092556589,-0.08876716715939736,2.7334583864691124,-0.022405869139888863,0.47325198520304684
2.325465093018604,PASSED,-0.2803773263663097,0.004113837711864566,-0.09083252304710741,2.7334362216532355,-0.02192601749706622,0.48425141456904053
2.326465293058612,PASSED,-0.2803732587581561,0.004021792820977705,-0.0928531361133638,2.733414542092694,-0.021435309562639438,0.49501228099861394
2.32746549309862,PASSED,-0.28036928418691354,0.003927754576228074,-0.09482831717380949,2.733393358523038,-0.02093398607815969,0.505530953467172
2.328465693138628,PASSED,-0.280365404622951,0.003831768810421513,-0.09675739822839594,2.733372681437306,-0.020422291344254963,0.5158039208630871
2.329465893178636,PASSED,-0.28036162199048015,0.0037338820102830617,-0.09863973474515472,2.733352521082502,-0.01990047314232647,0.525827722638769
2.330466093218644,PASSED,-0.2803579381669105,0.0036341412967236977,-0.10047469943550412,2.7333328874561857,-0.01936878261504627,0.5355990637078182
2.331466293258652,PASSED,-0.2803543549822259,0.003532594404891453,-0.10226168676340529,2.7333137903031632,-0.018827474144372483,0.545114741984429
2.33246649329866,PASSED,-0.28035087421838145,0.0034292896616237656,-0.10400011427054258,2.733295239112297,-0.018276805254737134,0.5543716547359633
2.333466693338668,PASSED,-0.28034749760872263,0.0033242759638194906,-0.10568942016009698,2.7332772431134265,-0.017717036497149743,0.5633668261550111
2.334466893378676,PASSED,-0.2803442268374243,0.003217602759142038,-0.10732906102235709,2.733259811274409,-0.01714843131085708,0.5720974263844346
2.335467093418684,PASSED,-0.28034106353895305,0.0031093200225348993,-0.10891852033032577,2.733242952298257,-0.016571255953028663,0.5805606454577318
2.336467293458692,PASSED,-0.2803380092975494,0.002999478234635874,-0.11045729961149107,2.7332266746204126,-0.015985779352563446,0.5887539038035432
2.3374674934987,PASSED,-0.2803350656467334,0.002888128360398523,-0.11194492398792434,2.7332109864061302,-0.015392272974037178,0.5966746950080829
2.338467693538708,PASSED,-0.28033223406883134,0.002775321826916477,-0.11338093981146069,2.7331958955479614,-0.014791010764894846,0.604320551898498
2.339467893578716,PASSED,-0.2803295159945246,0.002661110501621717,-0.11476491561695913,2.7331814096633797,-0.014182268984114817,0.611689266701051
2.340468093618724,PASSED,-0.2803269128024213,0.0025455466684641184,-0.11609644485135817,2.733167536092511,-0.013566326079515592,0.6187786631980063
2.341468293658732,PASSED,-0.2803244258186492,0.0024286830078368384,-0.11737513781122803,2.7331542818959904,-0.01294346260623819,0.6255866799970004
2.34246849369874,PASSED,-0.2803220563164724,0.0023105725724011693,-0.11860063385196308,2.733141653852922,-0.012313961097800289,0.6321113940651667
2.343468693738748,PASSED,-0.2803198055159295,0.0021912687645256872,-0.11977259055782809,2.7331296584589717,-0.011678105926021174,0.6383510235884121
2.344468893778756,PASSED,-0.2803176745834946,0.002070825315312864,-0.12089068831615278,2.733118301924583,-0.011036183188273539,0.6443038805204492
2.345469093818764,PASSED,-0.28031566463176144,0.0019492962597873374,-0.12195463366510931,2.7331075901733004,-0.010388480601085427,0.6499683916332207
2.346469293858772,PASSED,-0.2803137767191496,0.0018267359151101447,-0.12296415201858157,2.733097528840223,-0.009735287372703969,0.6553431195469476
2.34746949389878,PASSED,-0.28031201184963395,0.00170319885862777,-0.12391899279156998,2.7330881232705804,-0.00907689406189121,0.6604267716566328
2.348469693938788,PASSED,-0.2803103709724966,0.001578739903279396,-0.12481893038624339,2.7330793785184055,-0.008413592506099328,0.6652180785487101
2.349469893978796,PASSED,-0.28030885498210206,0.0014534140756943103,-0.1256637590509804,2.733071299345379,-0.007745675634310787,0.6697160672817627
2.350470094018804,PASSED,-0.2803074647176952,0.0013272765934572218,-0.12645329769449384,2.733063890219735,-0.007073437395698579,0.6739196861658374
2.351470294058812,PASSED,-0.28030620096322156,0.0012003828421593191,-0.1271873870335087,2.733057155315333,-0.006397172640098419,0.6778281352230411
2.35247049409882,PASSED,-0.2803050644471716,0.0010727883514659012,-0.1278658931333577,2.733051098510831,-0.005717176946594109,0.6814407323584897
2.353470694138828,PASSED,-0.28030405584244694,0.0009445487735123781,-0.1284887011669665,2.733045723388986,-0.005033746546117063,0.6847568458894159
2.354470894178836,PASSED,-0.2803031757662498,0.0008157198599403262,-0.12905572184210892,2.73304103323607,-0.004347178211079763,0.6877759944692238
2.355471094218844,PASSED,-0.2803024247799956,0.0006863574377299952,-0.12956688912247896,2.73303703104141,-0.003657769092712414,0.6904978676327658
2.356471294258852,PASSED,-0.28030180338924787,0.0005565173876725472,-0.13002215734742736,2.7330337194970604,-0.0029658166030092324,0.6929222377501256
2.35747149429886,PASSED,-0.2803013120436765,0.00042625562146250033,-0.13042150545179335,2.733031100997573,-0.0022716183450933146,0.6950489380264461
2.358471694338868,PASSED,-0.2803009511370381,0.0002956280582489273,-0.13076493505475936,2.7330291776399105,-0.0015754719460333857,0.6968780397489178
2.359471894378876,PASSED,-0.2803007210071802,0.00016469060228713932,-0.13105246989980707,2.733027951223458,-0.0008776749387263622,0.6984096523457607
2.360472094418884,PASSED,-0.28030062193606614,3.3499121256570986e-05,-0.13128415511774252,2.733027423250182,-0.00017852466054891833,0.6996440287318995
2.361472294458892,PASSED,-0.28030065414982486,-9.789057789716668e-05,-0.13146006184440112,2.7330275949248737,0.0005216818590317,0.7005815134797643
2.3624724944989,PASSED,-0.28030081781882155,-0.0002294227706512176,-0.13158028002715078,2.7330284671555463,0.0012226480534876696,0.7012226484401063
2.363472694538908,PASSED,-0.2803011130577507,-0.00036104183597291046,-0.1316449221847209,2.7330300405539307,0.0019240779173610222,0.7015680074955165
2.364472894578916,PASSED,-0.28030153992575263,-0.000492692280909905,-0.13165412677184363,2.7330323154360894,0.002625676092479632,0.701618286867339
2.365473094618924,PASSED,-0.28030209842655085,-0.0006243187613308778,-0.13160804952039223,2.7330352918231497,0.003327148030634913,0.7013743723472414
2.366473294658932,PASSED,-0.2803027885086124,-0.0007558661034093579,-0.13150687045053866,2.733038969442167,0.004028200118379975,0.7008372313436082
2.36747349469894,PASSED,-0.2803036100653293,-0.0008872793265429441,-0.13135079158895124,2.733043347727077,0.004728539723067621,0.7000078535836715
2.368473694738948,PASSED,-0.2803045629352229,-0.0010185036653088395,-0.13114003688385825,2.7330484258197907,0.005427875373984874,0.6988875158063067
2.369473894778956,PASSED,-0.28030564690216847,-0.0011494845894821023,-0.1308748490328657,2.7330542025713918,0.006125916881133641,0.6974775013770753
2.370474094818964,PASSED,-0.2803068616956427,-0.0012801678264408314,-0.13055549557597115,2.733060676543437,0.006822375371129507,0.6957791490750594
2.371474294858972,PASSED,-0.28030820699099135,-0.001410499383280555,-0.130182264348892,2.733067846009391,0.007516963476909432,0.6937940769165017
2.37247449489898,PASSED,-0.280309682409719,-0.0015404255663897365,-0.12975546228270768,2.73307570895616,0.008209395446585213,0.6915238981819694
2.373474694938988,PASSED,-0.28031128751979895,-0.0016698930024971342,-0.12927541865719097,2.733084263085734,0.008899387188605449,0.6889703045790803
2.374474894978996,PASSED,-0.28031302183600454,-0.0017988486602927354,-0.1287424838878748,2.7330935058169517,0.009586656440317103,0.686135216466705
2.375475095019004,PASSED,-0.2803148848202611,-0.0019272398711115918,-0.12815702877284416,2.7331034342873637,0.010270922881969053,0.6830205917754462
2.376475295059012,PASSED,-0.28031687588201765,-0.002055014347379309,-0.1275194412642993,2.7331140453552045,0.010951908188815862,0.6796284502277183
2.37747549509902,PASSED,-0.28031899437863955,-0.0021821202044819987,-0.12683013432828358,2.733125335601481,0.011629336185714491,0.6759610280125727
2.378475695139028,PASSED,-0.2803212396158208,-0.0023085059804796066,-0.1260895371104904,2.7331373013321443,0.012302932936430052,0.6720205658508882
2.379475895179036,PASSED,-0.2803236108480161,-0.002434120654926646,-0.1252980993380727,2.7331499385804126,0.01297242686728862,0.6678095075303543
2.380476095219044,PASSED,-0.28032610727889257,-0.002558913668890552,-0.12445629038112785,2.733163243109125,0.013637548809250662,0.6633302315831655
2.381476295259052,PASSED,-0.2803287280618005,-0.002682834943856,-0.12356459802166211,2.7331772104132743,0.014298032169885363,0.658585446669059
2.38247649529906,PASSED,-0.2803314723002637,-0.002805834901369977,-0.12262353050885354,2.7331918357225913,0.014953613031227221,0.6535778044570547
2.383476695339068,PASSED,-0.28033433904848803,-0.0029278644806494036,-0.12163361179314186,2.733207114004241,0.015604030164152904,0.6483100185714361
2.384476895379076,PASSED,-0.2803373273118891,-0.00304887515748869,-0.12059538687004973,2.733223039965627,0.01624902522068526,0.6427850818396368
2.385477095419084,PASSED,-0.28034043604763736,-0.0031688189627264857,-0.11950941748296019,2.733239608057279,0.01688834280979168,0.637005927284273
2.386477295459092,PASSED,-0.2803436641652225,-0.0032876484999508045,-0.11837628371855798,2.733256812475841,0.017521730534193217,0.6309755891463794
2.3874774954991,PASSED,-0.28034701052703437,-0.0034053169626614807,-0.11719658203875512,2.733274647167164,0.018148939158264238,0.624697314020779
2.388477695539108,PASSED,-0.280350473948962,-0.0035217781519256866,-0.11597092741450596,2.7332931058294703,0.018769722670067587,0.6181743103250664
2.389477895579116,PASSED,-0.28035405320100976,-0.003636986493617483,-0.11469995120999017,2.733312181916626,0.019383838342713712,0.6114099141934984
2.3904780956191236,PASSED,-0.28035774700793,-0.003750897055041811,-0.11338430156722044,2.7333318686414994,0.019991046876142164,0.6044076129184202
2.3914782956591316,PASSED,-0.28036155404987284,-0.0038634655608702686,-0.11202464200261593,2.7333521589793954,0.020591112447159308,0.5971708764162948
2.3924784956991396,PASSED,-0.28036547296305164,-0.003974648409526956,-0.11062165309273395,2.733373045671603,0.021183802810532486,0.5897033546777704
2.3934786957391476,PASSED,-0.280369502340425,-0.004084402689637755,-0.10917603145617595,2.7333945212289916,0.021768889370670185,0.5820086971109835
2.3944788957791556,PASSED,-0.2803736407323937,-0.004192686194365932,-0.10768848690951044,2.7334165779357242,0.022346147280024875,0.5740907175171587
2.3954790958191636,PASSED,-0.28037788664751356,-0.004299457437094352,-0.10615974660769081,2.733439207853026,0.022915355506977257,0.5659532332425314
2.3964792958591716,PASSED,-0.2803822385532231,-0.004404675666903353,-0.10459055194320842,2.7334624028230508,0.02347629691605994,0.5576001929761163
2.3974794958991796,PASSED,-0.2803866948765855,-0.00450830088155613,-0.10298165645915641,2.733486154472816,0.02402875835502496,0.5490356029576244
2.3984796959391876,PASSED,-0.28039125400504544,-0.004610293842560313,-0.10133383070086723,2.7335104542182114,0.02457253071183434,0.5402635260438832
2.3994798959791956,PASSED,-0.2803959142871993,-0.004710616089511752,-0.09964785778515367,2.7335352932680954,0.025107409009115147,0.5312881447720876
2.4004800960192036,PASSED,-0.28040067403357943,-0.004809229952309207,-0.09792453280565638,2.7335606626284434,0.0256331924579465,0.522113651537528
2.4014802960592116,PASSED,-0.28040553151745157,-0.004906098564657553,-0.09616466537680395,2.733586553106592,0.02614968454130926,0.5127443712462502
2.4024804960992197,PASSED,-0.28041048497562476,-0.005001185877226475,-0.09436907736366638,2.733612955315514,0.026656693054622625,0.50318460802477
2.4034806961392277,PASSED,-0.28041553260927443,-0.005094456669576214,-0.09253860234045523,2.7336398596782208,0.027154030230714207,0.49343888813612397
2.4044808961792357,PASSED,-0.28042067258477715,-0.005185876561831626,-0.09067408553205035,2.733667256432154,0.027641512733815345,0.48351157974448083
2.4054810962192437,PASSED,-0.28042590303455756,-0.005275412027414149,-0.08877638561617049,2.7336951356337007,0.02811896173980859,0.47340729015908994
2.4064812962592517,PASSED,-0.2804312220579461,-0.0053630304030305095,-0.08684636894982065,2.7337234871627545,0.028586203070501363,0.4631306910485578
2.4074814962992597,PASSED,-0.2804366277220486,-0.005448699899965006,-0.08488491559094814,2.7337523007273044,0.029043067129555372,0.4526863043909785
2.4084816963392677,PASSED,-0.2804421180626259,-0.0055323896149072635,-0.08289291450979935,2.7337815658681235,0.029489389017599968,0.44207894381367024
2.4094818963792757,PASSED,-0.28044769108498424,-0.005614069539816493,-0.08087126517551517,2.7338112719634897,0.029925008646789507,0.43131341944012397
2.4104820964192837,PASSED,-0.2804533447648747,-0.005693710571053658,-0.07882087527826351,2.7338414082339653,0.030349770691334925,0.4203944612822815
2.4114822964592917,PASSED,-0.28045907704940326,-0.005771284519372557,-0.07674266367932207,2.7338719637472217,0.030763524657545956,0.4093269694968631
2.4124824964992997,PASSED,-0.2804648858579491,-0.005846764119162256,-0.07463755719661797,2.733902927422921,0.031166125004710974,0.3981159322771225
2.4134826965393077,PASSED,-0.28047076908309193,-0.005920123035425809,-0.07250648897484135,2.7339342880376396,0.031557431119356806,0.38676623622497347
2.4144828965793157,PASSED,-0.28047672459154777,-0.005991335873594247,-0.07035040429750164,2.7339660342298324,0.03193730735080842,0.3752828949360477
2.4154830966193237,PASSED,-0.28048275022511215,-0.006060378186473339,-0.06817025193348657,2.7339981545048593,0.032305623133144695,0.36367104060309063
2.4164832966593317,PASSED,-0.2804888438016115,-0.006127226481027384,-0.06596698963441792,2.734030637240019,0.03266225294162139,0.351935653725758
2.4174834966993397,PASSED,-0.28049500311586084,-0.006191858226220615,-0.06374158223244018,2.734063470689649,0.03300707633951252,0.34008189400137445
2.4184836967393477,PASSED,-0.280501225940629,-0.006254251859340171,-0.06149500037763386,2.7340966429902496,0.03333997808065736,0.3281149725738112
2.4194838967793557,PASSED,-0.28050751002760943,-0.006314386791449503,-0.05922821993046494,2.7341301421656485,0.033660848082690493,0.31604002167267214
2.4204840968193637,PASSED,-0.2805138531083971,-0.006372243413239299,-0.05694222302934988,2.7341639561321815,0.03396958143014705,0.30386223131247186
2.4214842968593717,PASSED,-0.2805202528954712,-0.006427803101149,-0.054637997829934254,2.7341980727039314,0.0342660785003727,0.2915869628344429
2.4224844968993797,PASSED,-0.28052670708318245,-0.006481048221151175,-0.0523165347836691,2.7342324795979667,0.034550244921731844,0.27921939370894167
2.4234846969393877,PASSED,-0.28053321334874476,-0.006531962133005481,-0.049978829901397515,2.734267164439606,0.034821991551038635,0.26676478637201917
2.4244848969793957,PASSED,-0.28053976935323255,-0.006580529196182925,-0.04762588536147399,2.7343021147677415,0.035081234634770204,0.2542286153046023
2.4254850970194037,PASSED,-0.2805463727425796,-0.0066267347707840065,-0.045258700760819226,2.7343373180401307,0.03532789571704502,0.2416160602549464
2.4264852970594117,PASSED,-0.28055302114858366,-0.0066705652224101466,-0.042878285536352985,2.7343727616387516,0.03556190165132993,0.22893251697154685
2.4274854970994197,PASSED,-0.28055971218991205,-0.0067120079251730535,-0.04048564758060844,2.734408432875149,0.03578318470827073,0.21618341692032064
2.4284856971394277,PASSED,-0.28056644347311127,-0.0067510512626292665,-0.038081797373282496,2.734444318995802,0.03599168251564019,0.20337406766888383
2.4294858971794357,PASSED,-0.28057321259361784,-0.006787684630553023,-0.03566774829074046,2.7344804071875055,0.03618733805472028,0.19050985335424825
2.4304860972194438,PASSED,-0.2805800171367713,-0.006821898439140788,-0.033244515452445944,2.7345166845827573,0.036370099740350444,0.1775962404807707
2.4314862972594518,PASSED,-0.2805868546788282,-0.006853684112466345,-0.030813111907631467,2.7345531382651616,0.0365399213874719,0.16463858488192082
2.4324864972994598,PASSED,-0.2805937227879775,-0.006883034090184459,-0.028374554925103417,2.7345897552748233,0.03669676218169813,0.15164226712244383
2.4334866973394678,PASSED,-0.28060061902535566,-0.006909941828451537,-0.02592986049505942,2.7346265226137647,0.03684058674844065,0.1386127664892397
2.4344868973794758,PASSED,-0.28060754094606283,-0.006934401798457195,-0.023480043012723266,2.7346634272513204,0.036971365115568255,0.12555543421984824
2.4354870974194838,PASSED,-0.2806144861001774,-0.006956409485677925,-0.021026116692735023,2.7347004561295534,0.03708907269917971,0.11247568320585004
2.4364872974594918,PASSED,-0.28062145203377126,-0.006975961390942401,-0.018569097645635555,2.734737596168658,0.03719369034080138,0.09937894723222478
2.4374874974994998,PASSED,-0.28062843628992246,-0.006993055027325527,-0.016109995541453207,2.7347748342723412,0.037285204247639044,0.08627054657462574
2.438487697539508,PASSED,-0.2806354364097272,-0.0070076889180664395,-0.013649820873885835,2.7348121573332387,0.037363606038255684,0.07315595331132227
2.439487897579516,PASSED,-0.2806424499333099,-0.007019862596081454,-0.011189582775766906,2.7348495522382734,0.03742889270387164,0.06004047381904659
2.440488097619524,PASSED,-0.28064947440082993,-0.007029576600084776,-0.00873028482169259,2.734887005874031,0.037481066569084634,0.046929459475630715
2.441488297659532,PASSED,-0.2806565073534867,-0.00703683247137329,-0.006272928933061678,2.734924505132113,0.03752013533314629,0.0338283004523327
2.44248849769954,PASSED,-0.28066354633452073,-0.007041632751665425,-0.0038185145315180577,2.7349620369144803,0.037546112031546,0.020742297031288277
2.443488697739548,PASSED,-0.2806705888902116,-0.0070439809784753876,-0.0013680349955915122,2.7349995881387583,0.03755901497175543,0.007676702328175979
2.444488897779556,PASSED,-0.2806776325708717,-0.007043881680501589,0.0010775199533912953,2.7350371457435503,0.03755886777611924,-0.0053631276124253705
2.445489097819564,PASSED,-0.2806846749318354,-0.007041340374066021,0.0035171640903517236,2.7350746966937023,0.03754569934122381,-0.01837197308409248
2.446489297859572,PASSED,-0.28069171353444405,-0.007036363557830963,0.005949917664862353,2.735112227985564,0.03751954377676356,-0.03134462537768791
2.44748949789958,PASSED,-0.2806987459470251,-0.007028958706524127,0.008374807068151559,2.7351497266522116,0.037480440419070664,-0.04427584590302993
2.448489697939588,PASSED,-0.2807057697458662,-0.007019134266801052,0.010790861493021896,2.7351871797686274,0.03742843376976947,-0.057160518233304106
2.449489897979596,PASSED,-0.280712782516183,-0.00700689964989732,0.013197120510872342,2.7352245744568897,0.037363573502653485,-0.06999343303777114
2.450490098019604,PASSED,-0.28071978185308116,-0.006992265225351026,0.015592627236574017,2.7352618978912915,0.0372859144034734,-0.08276954327497026
2.451490298059612,PASSED,-0.2807267653625109,-0.006975242314486459,0.01797643328322907,2.7352991373034348,0.03719551630568275,-0.09548380080110579
2.45249049809962,PASSED,-0.2807337306622152,-0.0069558431828300295,0.020347597238562217,2.7353362799873038,0.03709244412760594,-0.10813109626059625
2.453490698139628,PASSED,-0.28074067538267017,-0.006934081032742842,0.022705185319603513,2.73537331330427,0.036976767768902075,-0.12070653366604925
2.454490898179636,PASSED,-0.2807475971680179,-0.0069099699954965265,0.025048271864123638,2.735410224688078,0.03684856206307597,-0.13320515393280727
2.455491098219644,PASSED,-0.28075449367699096,-0.006883525122620053,0.027375940218041347,2.7354470016498014,0.036707906828634375,-0.14562195478078785
2.456491298259652,PASSED,-0.28076136258382844,-0.006854762377367885,0.029687281941583977,2.735483631782707,0.03655488669418677,-0.15795225422546932
2.45749149829966,PASSED,-0.28076820157918325,-0.00682369862592289,0.03198139778060118,2.7355201027671177,0.036389591101711326,-0.17019115130876306
2.458491698339668,PASSED,-0.2807750083710201,-0.006790351627757813,0.034257398421395954,2.7355564023752135,0.0362121143400653,-0.18233383520419558
2.459491898379676,PASSED,-0.2807817806855039,-0.006754740026064756,0.03651440387416431,2.7355925184757766,0.036022555372316585,-0.19437572277839413
2.460492098419684,PASSED,-0.2807885162678789,-0.0067168833377445536,0.03875154461756223,2.7356284390388748,0.035821017792149995,-0.2063121517587277
2.461492298459692,PASSED,-0.2807952128833361,-0.00667680194233336,0.04096796260694824,2.7356641521405205,0.035607609883367634,-0.21813841346478877
2.4624924984997,PASSED,-0.28080186831787207,-0.006634517072802085,0.04316280748082648,2.7356996459672605,0.03538244448403508,-0.2298500565777256
2.463492698539708,PASSED,-0.28080848037913564,-0.006590050803664656,0.04533524357516502,2.7357349088206844,0.03514563885234295,-0.24144268176839323
2.464492898579716,PASSED,-0.28081504689726355,-0.006543426038714822,0.04748444586627981,2.735769929121909,0.034897314749341365,-0.2529117171570523
2.465493098619724,PASSED,-0.2808215657257051,-0.006494666500865211,0.04960959917183321,2.7358046954159927,0.03463759835057684,-0.26425285316950864
2.466493298659732,PASSED,-0.28082803474203466,-0.00644379672018479,0.051709901686145025,2.7358391963762667,0.03436662005654353,-0.27546192127583696
2.46749349869974,PASSED,-0.28083445184875216,-0.00639084202078756,0.053784564537953806,2.735873420808636,0.034084514568330074,-0.2865345328385196
2.468493698739748,PASSED,-0.280840814974071,-0.006335828507598346,0.05583281229005446,2.7359073576557846,0.033791420799971605,-0.2974665920384296
2.469493898779756,PASSED,-0.2808471220726939,-0.006278783056507852,0.0578538769574539,2.73594099600133,0.03348748172334298,-0.30825406635540986
2.470494098819764,PASSED,-0.28085337112657505,-0.006219733298321866,0.05984701233833899,2.735974325073903,0.033172844376792826,-0.3188928666799885
2.471494298859772,PASSED,-0.2808595601456694,-0.006158707606019347,0.061811478945306725,2.736007334251172,0.03284765982182555,-0.3293790138254644
2.47249449889978,PASSED,-0.2808656871686686,-0.006095735082733907,0.06374655284552817,2.7360400130637523,0.032512082942608864,-0.3397087894775095
2.473494698939788,PASSED,-0.28087175026372296,-0.0060308455456088835,0.06565152664468887,2.736072351199115,0.03216627251075855,-0.3498781934321855
2.474494898979796,PASSED,-0.28087774752914924,-0.005964069513028632,0.06752570320395991,2.736104338505346,0.03181039106286424,-0.3598836175357231
2.475495099019804,PASSED,-0.2808836770941245,-0.005895438190676773,0.06936840178379192,2.7361359649948747,0.03144460474879819,-0.36972144508627613
2.476495299059812,PASSED,-0.28088953711936515,-0.0058249834548132744,0.07117895858330353,2.736167220848117,0.031069083376985943,-0.37938798962956843
2.47749549909982,PASSED,-0.2808953257977918,-0.005752737839462045,0.07295671986318002,2.736198096417026,0.030684000271388418,-0.3888798495761595
2.478495699139828,PASSED,-0.28090104135517796,-0.0056787345206936865,0.0747010513718112,2.736228582228585,0.03028953216666327,-0.3981936081578072
2.479495899179836,PASSED,-0.28090668205078484,-0.0056030073006796115,0.07641133244225089,2.736258668988194,0.029885859174598878,-0.4073259146687823
2.480496099219844,PASSED,-0.28091224617798016,-0.005525590593145077,0.07808695759605654,2.736288347583009,0.02947316471022505,-0.4162734975105293
2.481496299259852,PASSED,-0.2809177320648409,-0.005446519406518325,0.079727339313882,2.736317609085149,0.029051635329773517,-0.4250333024122014
2.48249649929986,PASSED,-0.2809231380747409,-0.005365829329019703,0.08133190295511399,2.7363464447548678,0.028621460720588583,-0.43360214703342015
2.483496699339868,PASSED,-0.28092846260692206,-0.0052835565121793805,0.08290009276379448,2.7363748460436104,0.02818283362262433,-0.4419770652514721
2.484496899379876,PASSED,-0.28093370409704943,-0.005199737653995649,0.08443136846369084,2.73640280459699,0.027735949659848734,-0.45015522779167627
2.485497099419884,PASSED,-0.28093886101774956,-0.0051144099830183415,0.08592520598638564,2.736430312257681,0.02728100731941892,-0.4581337488552367
2.486497299459892,PASSED,-0.280943931879133,-0.005027611241825891,0.08738109799649334,2.73645736106822,0.026818207871621615,-0.4659099137586906
2.4874974994999,PASSED,-0.28094891522929916,-0.004939379669165941,0.0887985557689208,2.7364839432737234,0.026347755232681486,-0.4734811223944169
2.488497699539908,PASSED,-0.28095380965482464,-0.00484975398434105,0.09017710419553823,2.7365100513245015,0.025869855884864932,-0.4808448314313067
2.489497899579916,PASSED,-0.28095861378123493,-0.004758773369131024,0.09151628921968437,2.7365356778785896,0.02538471880845765,-0.4879985730579337
2.490498099619924,PASSED,-0.28096332627345777,-0.004666477450061026,0.09281567230354067,2.7365608158041983,0.02489255539545191,-0.49493997297093534
2.491498299659932,PASSED,-0.28096794583626067,-0.0045729062830902585,0.09407483008225226,2.7365854581820446,0.02439357930400768,-0.5016668370930977
2.49249849969994,PASSED,-0.28097247121466934,-0.0044781003334168,0.09529336273426407,2.7366095983076146,0.023888006406607286,-0.5081769376052592
2.493498699739948,PASSED,-0.2809769011943698,-0.004382100458942657,0.09647088230072795,2.736633229693323,0.02337605471689134,-0.5144681911230637
2.494498899779956,PASSED,-0.2809812346020919,-0.004284947893634481,0.09760702064647367,2.73665634607057,0.022857944229018996,-0.5205386857051948
2.495499099819964,PASSED,-0.28098547030597565,-0.004186684227702909,0.09870142945497055,2.7366789413917156,0.02233389686160715,-0.5263864885496184
2.496499299859972,PASSED,-0.280989607215919,-0.004087351390136002,0.09975377630819844,2.736701009831942,0.021804136373729546,-0.5320098207629278
2.49749949989998,PASSED,-0.28099364428390794,-0.003986991631695664,0.10076374652843077,2.73672254579105,0.02126888825903273,-0.5374069773194146
2.498499699939988,PASSED,-0.2809975805043287,-0.0038856475060986815,0.10173104497601633,2.7367435438951135,0.02072837960738273,-0.5425764345370537
2.499499899979996,PASSED,-0.2810014149142612,-0.003783361850839566,0.10265539544784842,2.7367639989980765,0.020182839058347047,-0.5475166253681002
2.500500100020004,PASSED,-0.28100514659375453,-0.0036801777698809613,0.1035365379657763,2.736783906183239,0.01963249671967393,-0.552226147543131
2.501500300060012,PASSED,-0.2810087746660842,-0.003576138616372532,0.1043742305368646,2.7368032607646224,0.01907758396933029,-0.5567038188773165
2.50250050010002,PASSED,-0.281012298297991,-0.0034712879720153857,0.10516825357066803,2.736822058288286,0.01851833347228101,-0.5609482824972514
2.503500700140028,PASSED,-0.28101571669990094,-0.0033656696285517926,0.10591840339221047,2.736840294533487,0.017954979032947037,-0.5649585438917908
2.504500900180036,PASSED,-0.28101902912612753,-0.00325932757262299,0.10662449095319773,2.7368579655137917,0.01738775546168678,-0.5687335895058983
2.505501100220044,PASSED,-0.281022234875055,-0.003152305964181975,0.10728635343289337,2.736875067478051,0.016816898532110814,-0.5722724896226811
2.506501300260052,PASSED,-0.2810253332893031,-0.0030446491172841676,0.10790384254108298,2.736891596911303,0.016242644872125102,-0.5755744402277299
2.50750150030006,PASSED,-0.28102832375587344,-0.002936401484904738,0.10847682560499387,2.7369075505355536,0.015665231821036758,-0.5786387916620823
2.508501700340068,PASSED,-0.281031205706277,-0.002827607637926126,0.10900519456102312,2.736922925310474,0.015084897370224963,-0.5814648902449355
2.509501900380076,PASSED,-0.2810339786166439,-0.0027183122465880114,0.10948885585617596,2.736937718433995,0.014501880076549246,-0.5840522292962396
2.510502100420084,PASSED,-0.28103664200781364,-0.00260856006310232,0.10992773523870138,2.7369519273428002,0.013916418918124332,-0.5864004445106945
2.511502300460092,PASSED,-0.2810391954454072,-0.0024983959025931765,0.11032177735610578,2.7369655497127128,0.013328753206692821,-0.5885092227120546
2.5125025005001,PASSED,-0.28104163853988084,-0.002387864624187776,0.11067094577159715,2.736978583458998,0.012739122527816242,-0.5903783163195956
2.513502700540108,PASSED,-0.28104397094656147,-0.002277011113457578,0.11097522070259838,2.736991026736562,0.01214776661271871,-0.5920076476161574
2.514502900580116,PASSED,-0.2810461923656628,-0.002165880262740855,0.11123460405947277,2.7370028779400273,0.011554925190534714,-0.5933972718958901
2.515503100620124,PASSED,-0.2810483025422844,-0.0020545169544110087,0.11144911117676247,2.7370141357037605,0.01096083799888534,-0.5945471381516971
2.516503300660132,PASSED,-0.2810503012663911,-0.0019429660413122353,0.11161878104678076,2.737024798901744,0.010365744605682474,-0.5954575632369778
2.51750350070014,PASSED,-0.2810521883727749,-0.0018312723281017913,0.11174366798621953,2.737034866647401,0.00976988430868526,-0.5961287861707049
2.518503700740148,PASSED,-0.2810539637409987,-0.001719480555271118,0.11182384272697606,2.737044338293289,0.009173496102725161,-0.5965611524863617
2.519503900780156,PASSED,-0.2810556272953214,-0.0016076353790289285,0.11185939858566507,2.737053213430693,0.008576818494387831,-0.5967552455713108
2.520504100820164,PASSED,-0.28105717900460536,-0.0014957813531633003,0.11185044405227039,2.7370614918891576,0.007980089474170475,-0.5967115366480521
2.521504300860172,PASSED,-0.28105861888220557,-0.0013839629126971118,0.11179710474213389,2.7370691737358896,0.007383546424042717,-0.5964307257808961
2.52250450090018,PASSED,-0.28105994698584147,-0.0012722243553756458,0.11169952570768758,2.7370762592750664,0.006787425932052128,-0.5959136694637172
2.523504700940188,PASSED,-0.2810611634174503,-0.001160609823005697,0.11155787014478975,2.7370827490470737,0.0061919638052827875,-0.5951610983064244
2.524504900980196,PASSED,-0.28106226832302345,-0.0010491632848355613,0.11137231685369996,2.737088643827624,0.005597394947351936,-0.5941740310138024
2.525505101020204,PASSED,-0.28106326189242486,-0.0009379285208368926,0.11114306209531444,2.7370939446267886,0.005003953188512963,-0.5929535773890858
2.526505301060212,PASSED,-0.2810641443591921,-0.000826949102114288,0.110870323140798,2.7370986526879344,0.004411871282019666,-0.5915007925627713
2.52750550110022,PASSED,-0.2810649160003201,-0.0007162683751891299,0.11055432944806491,2.7371027694865795,0.0038213808140683354,-0.5898169182103699
2.528505701140228,PASSED,-0.28106557713602826,-0.0006059294460654081,0.11019532890749312,2.7371062967291446,0.003232712035323329,-0.5879033524347634
2.529505901180236,PASSED,-0.2810661281295095,-0.0004959751600570153,0.1097935907423257,2.7371092363516,0.002646093795360449,-0.5857614983149573
2.530506101220244,PASSED,-0.2810665693866637,-0.00038644808788200664,0.1093493931301307,2.7371115905180705,0.002061753551002482,-0.5833927417199745
2.531506301260252,PASSED,-0.2810669013558134,-0.00027739050853036075,0.10886303683265605,2.737113361619284,0.0014799171331443203,-0.5807988686169527
2.53250650130026,PASSED,-0.2810671245274037,-0.00016884439124843518,0.10833483758143858,2.737114552270991,0.0009008087108532395,-0.5779814580738328
2.533506701340268,PASSED,-0.2810672394336852,-6.0851380824864574e-05,0.10776512565165863,2.7371151653122543,0.00032465077815797415,-0.5749422491095538
2.534506901380276,PASSED,-0.2810672466483815,4.654721814831781e-05,0.10715424785419822,2.7371152038036834,-0.000248336028969307,-0.5716831791390995
2.535507101420284,PASSED,-0.2810671467863399,0.00015331045906503586,0.1065025696250646,2.737114671025556,-0.0008179330098178019,-0.5682061819880919
2.536507301460292,PASSED,-0.281066940503167,0.0002593977677149252,0.10581046799977249,2.7371135704758736,-0.0013839234131943958,-0.564513217635595
2.5375075015003,PASSED,-0.2810666284948478,0.0003647689574459066,0.1050783375517873,2.7371119058683253,-0.0019460925704719463,-0.5606064503721877
2.538507701540308,PASSED,-0.28106621149735067,0.00046938424546493613,0.10430658833052435,2.7371096811301703,-0.002504228003180239,-0.5564880875990286
2.539507901580316,PASSED,-0.281065690286216,0.000573204267375753,0.10349564429767845,2.737106900400037,-0.0030581194492788595,-0.5521603517650157
2.540508101620324,PASSED,-0.2810650656761301,0.0006761900924897015,0.10264594565812873,2.7371035680256472,-0.0036075589533574115,-0.54762560562091
2.541508301660332,PASSED,-0.2810643385204849,0.0007783032379573931,0.10175794534073361,2.7370996885614534,-0.004152340987558571,-0.5428863199213261
2.54250850170034,PASSED,-0.28106350971092214,0.0008795056833991221,0.10083211217572578,2.737095266766206,-0.004692262487101184,-0.53794495262347
2.543508701740348,PASSED,-0.28106258017686436,0.0009797598849043323,0.09986892772486641,2.737090307600437,-0.00522712292676798,-0.5328040976956799
2.544508901780356,PASSED,-0.28106155088503065,0.001079028790153578,0.09886889026549867,2.73708481622387,-0.005756724427267462,-0.5274664357020159
2.545509101820364,PASSED,-0.2810604228389395,0.00117727585064543,0.09783250730942056,2.7370787979927624,-0.006280871800483967,-0.521934664892829
2.546509301860372,PASSED,-0.2810591970783975,0.0012744650353306401,0.09676030293573658,2.7370722584571556,-0.006799372637408884,-0.5162116182796443
2.54750950190038,PASSED,-0.2810578746789746,0.0013705608455296867,0.09565281504125343,2.737065203358093,-0.007312037348064965,-0.5103001055737062
2.548509701940388,PASSED,-0.281056456751467,0.0014655283257087456,0.09451059027092922,2.7370576386247096,-0.007818679290498388,-0.5042031670065651
2.549509901980396,PASSED,-0.2810549444413464,0.001559333077237874,0.0933341923679278,2.73704957037131,-0.008319114793918734,-0.49792372769619897
2.550510102020404,PASSED,-0.2810533389281966,0.00165194127164109,0.09212419576007451,2.737041004894342,-0.008813163208559231,-0.4914648726033644
2.551510302060412,PASSED,-0.28105164142513905,0.0017433196607061759,0.09088118460176063,2.737031948669323,-0.009300647023510376,-0.4848297765163304
2.55251050210042,PASSED,-0.2810498531782445,0.0018334355905191366,0.08960575995376101,2.7370224083476886,-0.009781391914649424,-0.4780216342208583
2.553510702140428,PASSED,-0.28104797546593446,0.001922257011947707,0.08829852907844356,2.7370123907535895,-0.010255226767389953,-0.47104366508697637
2.554510902180436,PASSED,-0.2810460095983702,0.0020097524916924806,0.08696011352232698,2.7370019028806216,-0.010721983776337264,-0.46389923818753565
2.555511102220444,PASSED,-0.2810439569168311,0.002095891224713457,0.08559114602007613,2.7369909518884974,-0.011181498511177843,-0.4565917326092726
2.556511302260452,PASSED,-0.28104181879308165,0.0021806430440683895,0.08419226824483682,2.736979545099659,-0.011633609937282007,-0.44912455510076005
2.55751150230046,PASSED,-0.28103959662872835,0.002263978430490128,0.08276413187300728,2.7369676899958257,-0.012078160507845685,-0.44150124753895803
2.558511702340468,PASSED,-0.28103729185456566,0.0023458685244680134,0.08130740204780364,2.7369553942145166,-0.012514996181390433,-0.4337252908819406
2.559511902380476,PASSED,-0.2810349059299123,0.002426285135704361,0.07982275069537739,2.736942665545467,-0.012943966524325166,-0.4258003776365957
2.560512102420484,PASSED,-0.281032440341938,0.0025052007509545598,0.07831085828674668,2.7369295119270483,-0.013364924723723526,-0.4177300805728672
2.561512302460492,PASSED,-0.2810298966049801,0.0025825885450715853,0.07677241800387768,2.7369159414426,-0.013777727625797969,-0.40951811640882896
2.5625125025005002,PASSED,-0.2810272762598521,0.002658422390100378,0.07520812971206925,2.7369019623167334,-0.014182235827601699,-0.40116825873366324
2.5635127025405082,PASSED,-0.28102458087314197,0.002732676862850585,0.07361870144229886,2.736887582911573,-0.01457831370606731,-0.3926842916202435
2.5645129025805162,PASSED,-0.28102181203650367,0.00280532725328729,0.07200484976630844,2.736872811722968,-0.01496582943197486,-0.3840700154324235
2.5655131026205242,PASSED,-0.28101897136593895,0.002876349573607592,0.07036730068963101,2.736857657376643,-0.015344655051803248,-0.3753293560923633
2.5665133026605322,PASSED,-0.2810160605010723,0.002945720565191903,0.06870678551409885,2.7368421286243256,-0.01571466652583021,-0.3664662193166965
2.5675135027005402,PASSED,-0.28101308110441775,0.003013417705889802,0.06702404415376571,2.736826234339827,-0.016075743721578415,-0.35748451336920856
2.5685137027405482,PASSED,-0.2810100348606388,0.003079419217333678,0.06531982297061636,2.7368099835150606,-0.01642777052784954,-0.3483883348724059
2.5695139027805562,PASSED,-0.28100692347580136,0.0031437040717242604,0.06359487533722616,2.7367933852560706,-0.01677063482947641,-0.33918161279651143
2.5705141028205643,PASSED,-0.28100374867661987,0.0032062519986408517,0.06184996130283437,2.736776448778991,-0.017104228532505393,-0.329868429850626
2.5715143028605723,PASSED,-0.28100051220969774,0.003267043489692076,0.060085844216818105,2.736759183405979,-0.017428447667233508,-0.32045293797977714
2.5725145029005803,PASSED,-0.28099721584076115,0.0033260598056308074,0.05830329708667378,2.736741598561108,-0.017743192383557597,-0.3109392352202959
2.5735147029405883,PASSED,-0.28099386135388804,0.0033832829819232736,0.056503095762994913,2.7367237037662666,-0.018048366908774583,-0.30133138521477326
2.5745149029805963,PASSED,-0.2809904505507309,0.003438695832696088,0.054686020779361265,2.7367055086369847,-0.018343879680921507,-0.2916336967683562
2.5755151030206043,PASSED,-0.2809869852497357,0.003492281956023944,0.05285285836018578,2.736687022878261,-0.018629643356907293,-0.2818503287974063
2.5765153030606123,PASSED,-0.2809834672853554,0.0035440257387572604,0.051004398982070834,2.7366682562803577,-0.01890557475246119,-0.2719854400582225
2.5775155031006203,PASSED,-0.28097989850725963,0.0035939123600392626,0.04914143614862261,2.736649218714573,-0.019171594943732224,-0.2620433587462446
2.5785157031406283,PASSED,-0.2809762807795403,0.0036419277955100893,0.04726476835229651,2.736629920129005,-0.01942762927594689,-0.25202831452694363
2.5795159031806363,PASSED,-0.2809726159799135,0.0036880588204282598,0.045375195962086494,2.7366103705442604,-0.019673607371333838,-0.24194461596028372
2.5805161032206443,PASSED,-0.28096890599891877,0.0037322930121363156,0.043473522205368945,2.7365905800492007,-0.01990946311328323,-0.23179649260879126
2.5815163032606523,PASSED,-0.2809651527391145,0.0037746187545105165,0.04156055582008843,2.73657055879663,-0.020135134703293697,-0.22158832161158235
2.5825165033006603,PASSED,-0.28096135811427136,0.0038150252393991174,0.03963710426760923,2.736550316998984,-0.02035056468695628,-0.2113244250299226
2.5835167033406683,PASSED,-0.2809575240485638,0.0038535024669571717,0.03770397641835115,2.7365298649240053,-0.020555699914643337,-0.20100909612513745
2.5845169033806763,PASSED,-0.28095365247575865,0.0038900412507389096,0.03576198869066256,2.7365092128904207,-0.020750491552814526,-0.190646666201886
2.5855171034206843,PASSED,-0.2809497453384033,0.003924633217480306,0.03381195210855295,2.7364883712635892,-0.020934895156412916,-0.18024156186272894
2.5865173034606923,PASSED,-0.28094580458701174,0.0039572708063479725,0.031854680040409596,2.7364673504511647,-0.021108870611960717,-0.16979805133784642
2.5875175035007003,PASSED,-0.28094183217925023,0.00398794727301345,0.029890991082189882,2.736446160898732,-0.021272382146703857,-0.15932052368000338
2.5885177035407083,PASSED,-0.2809378300791222,0.0040166566880901625,0.027921697739728395,2.7364248130854762,-0.02142539834345624,-0.1488133121339667
2.5895179035807163,PASSED,-0.2809338002561533,0.004043393936550947,0.025947615608154975,2.7364033175198026,-0.02156789216384759,-0.13828082589627416
2.5905181036207243,PASSED,-0.28092974468457554,0.0040681547198907425,0.023969561827554414,2.7363816847349987,-0.021699840905778346,-0.1277273526204079
2.5915183036607323,PASSED,-0.28092566534251345,0.004090935553210359,0.021988347647658134,2.7363599252848823,-0.021821226197422647,-0.11715725099356646
2.5925185037007403,PASSED,-0.28092156421116976,0.00411173376424653,0.020004786628511916,2.7363380497394534,-0.021932034041148046,-0.10657490554662521
2.5935187037407483,PASSED,-0.2809174432740122,0.004130547495031497,0.018019693555937008,2.7363160686805497,-0.022032254774335833,-0.09598461828189296
2.5945189037807563,PASSED,-0.28091330451596297,0.004147375696547627,0.016033873489592742,2.7362939926975303,-0.02212188302401627,-0.0853906706128015
2.5955191038207643,PASSED,-0.28090914992258836,0.004162218128543402,0.014048137666562549,2.7362718323829296,-0.02220091778054201,-0.07479748046769588
2.5965193038607723,PASSED,-0.28090498147929155,0.004175075358517758,0.01206329151288546,2.736249598328182,-0.022269362306460493,-0.06420922288567608
2.5975195039007803,PASSED,-0.28090080117050753,0.0041859487565005325,0.010080135629366556,2.736227301119286,-0.02232722416728334,-0.053630286114296495
2.5985197039407884,PASSED,-0.28089661097890045,0.00419484049383023,0.008099471796584866,2.7362049513325544,-0.02237451520516384,-0.04306487239130439
2.5995199039807964,PASSED,-0.28089241288456457,0.0042017535400461214,0.006122095828761028,2.7361825595303335,-0.02241125150120248,-0.03251724513686537
2.6005201040208044,PASSED,-0.28088820886422794,0.004206691658716243,0.004148800564362356,2.7361601362567574,-0.022437453395408476,-0.02199166025208851
2.6015203040608124,PASSED,-0.2808840008904604,0.00420965940368129,0.0021803745655035144,2.7361376920335267,-0.022453145436157132,-0.01149229441303759
2.6025205041008204,PASSED,-0.2808797909308851,0.004210662115157334,0.0002176027497374772,2.736115237355705,-0.02245835634653551,-0.0010233210219425751
2.6035207041408284,PASSED,-0.28087558094739434,0.004209705915507051,-0.001738734583631505,2.736092782687524,-0.02245311905767577,0.009411028780862708
2.6045209041808364,PASSED,-0.2808713728953704,0.004206797703702008,-0.0036878632859843287,2.736070338458245,-0.022437470615253894,0.019806718182553407
2.6055211042208444,PASSED,-0.280867168722911,0.004201945150721698,-0.005629012776528085,2.7360479150580255,-0.022411452166034976,0.03015960324316556
2.6065213042608524,PASSED,-0.2808629703700598,0.004195156694780767,-0.007561418050532421,2.7360255228337977,-0.022375109004437562,0.04046553383358124
2.6075215043008604,PASSED,-0.2808587797680428,0.0041864415344863,-0.009484321790423947,2.73600317208523,-0.022328490423038437,0.050720613109486126
2.6085217043408684,PASSED,-0.2808545988385102,0.004175809623565573,-0.011396970340929753,2.7359808730606607,-0.022271649739431285,0.060920730605594206
2.6095219043808764,PASSED,-0.28085042949278477,0.0041632716649427515,-0.01329861747741617,2.7359586359531005,-0.022204644317104293,0.07106188347458853
2.6105221044208844,PASSED,-0.28084627363111603,0.004148839103342717,-0.01518852434844767,2.7359364708962612,-0.02212753542362959,0.08114023347478377
2.6115223044608924,PASSED,-0.28084213314194156,0.004132524119338585,-0.017065957107920984,2.735914387960615,-0.022040388242348972,0.0911518131511737
2.6125225045009004,PASSED,-0.28083800990115504,0.004114339621743494,-0.01893019125320468,2.735892397149494,-0.021943271885259328,0.10109271971529182
2.6135227045409084,PASSED,-0.2808339057713816,0.004094299240232595,-0.020780508349361775,2.735870508395238,-0.02183625926041568,0.1109592282625545
2.6145229045809164,PASSED,-0.2808298226012607,0.004072417317954624,-0.022616198230377523,2.735848731555367,-0.021719427076183136,0.1207474882125348
2.6155231046209244,PASSED,-0.28082576222473654,0.004048708904091482,-0.024436557618318245,2.7358270764087935,-0.02159285584785923,0.13045372173149047
2.6165233046609324,PASSED,-0.28082172646035697,0.0040231897442129915,-0.02624089471860618,2.735805552652115,-0.021456629740798178,0.14007436394742306
2.61752350470094,PASSED,-0.28081771711058,0.003995876273273527,-0.028028521753370762,2.7357841698958985,-0.021310836605027448,0.14960565031960069
2.618523704740948,PASSED,-0.2808137359610897,0.0039667856068810676,-0.029798762818518305,2.7357629376610415,-0.021155567963918678,0.1590439683015464
2.619523904780956,PASSED,-0.2808097847801201,0.003935935530987449,-0.031550951277020164,2.735741865375183,-0.02099091884524474,0.16838588558886894
2.620524104820964,PASSED,-0.2808058653177887,0.003903344494162984,-0.03328442718942838,2.7357209623691445,-0.02081698782076752,0.1776277837361198
2.621524304860972,PASSED,-0.2808019793054391,0.0038690315984954136,-0.03499854131966467,2.7357002378734347,-0.020633876977430163,0.18676621640484034
2.62252450490098,PASSED,-0.28079812845499297,0.0038330165875864177,-0.03669265730188363,2.735679701014806,-0.02044169176932717,0.1957978692350918
2.623524704940988,PASSED,-0.28079431445831216,0.003795319838670545,-0.038366143325198714,2.7356593608128517,-0.02024054103457816,0.20471931175828306
2.624524904980996,PASSED,-0.2807905389865706,0.003755962353075926,-0.04001838044089963,2.735639226176672,-0.020030536953458862,0.21352726069330888
2.625525105021004,PASSED,-0.28078680368963627,0.0037149657437856283,-0.04164876185656245,2.7356193059015803,-0.01981179493726967,0.2222185198531147
2.626525305061012,PASSED,-0.28078311019546404,0.0036723522256913534,-0.043256688919416954,2.7355996086658716,-0.01958443360652032,0.23078987134684179
2.62752550510102,PASSED,-0.2807794601094987,0.003628144606178722,-0.044841573241441175,2.735580143027662,-0.019348574724396227,0.2392382226422572
2.628525705141028,PASSED,-0.2807758550140894,0.0035823662722940367,-0.04640284098018183,2.7355609174217492,-0.019104343159184602,0.24756046025786901
2.629525905181036,PASSED,-0.28077229646791446,0.003535041180089139,-0.047939926354707854,2.7355419401565797,-0.018851866784022724,0.2557536517645487
2.630526105221044,PASSED,-0.28076878600541827,0.0034861938439747597,-0.04945227595416021,2.7355232194112347,-0.018591276441633543,0.2638148028056054
2.631526305261052,PASSED,-0.28076532513625885,0.003435849324652042,-0.05093934823508881,2.7355047632325054,-0.01832270589571285,0.2717410413307492
2.63252650530106,PASSED,-0.2807619153447679,0.003384033216796024,-0.05240061426997065,2.7354865795320205,-0.018046291726401004,0.27952958796590693
2.633526705341068,PASSED,-0.280758558089422,0.0033307716378454225,-0.053835555404355036,2.735468676083431,-0.017762173304580478,0.2871776443902698
2.634526905381076,PASSED,-0.2807552548023264,0.0032760912161095015,-0.05524366595696582,2.7354510605196647,-0.017470492729185442,0.29468252939821354
2.635527105421084,PASSED,-0.28075200688871027,0.0032200190776653656,-0.05662445343558335,2.7354337403302553,-0.017171394713248352,0.3020416736296749
2.636527305461092,PASSED,-0.2807488157264354,0.0031625828338273402,-0.05797743743965359,2.735416722858722,-0.01686502656542755,0.30925246394822065
2.6375275055011,PASSED,-0.28074568266551636,0.0031038105699487326,-0.05930214817124399,2.7354000153000233,-0.016551538124313186,0.3163124258917898
2.638527705541108,PASSED,-0.28074260902765424,0.0030437308311751675,-0.06059813250844582,2.735383624698077,-0.016231081651225596,0.32321917121812566
2.639527905581116,PASSED,-0.2807395961057824,0.002982372609666428,-0.06186494750893502,2.735367557943354,-0.015903811783094295,0.3299703327400873
2.640528105621124,PASSED,-0.28073664516362595,0.002919765332598266,-0.06310216344097984,2.7353518217705295,-0.015569885487306161,0.33656360448683287
2.641528305661132,PASSED,-0.28073375743527407,0.0028559388476585724,-0.06430936593883682,2.735336422756219,-0.015229461945443527,0.3429968334465013
2.64252850570114,PASSED,-0.28073093412476546,0.0027909234105760843,-0.06548615117825513,2.7353213673167773,-0.014882702498478291,0.34926785597772536
2.643528705741148,PASSED,-0.2807281764056872,0.0027247496716322193,-0.06663213078760441,2.7353066617061628,-0.01452977060891101,0.3553745786269857
2.644528905781156,PASSED,-0.2807254854207877,0.0026574486612840373,-0.06774693005523356,2.7352923120138857,-0.0141708317435705,0.36131505648285506
2.645529105821164,PASSED,-0.28072286228160237,0.002589051776973829,-0.0688301871468584,2.7352783241630187,-0.013806053311144683,0.36708734972112317
2.646529305861172,PASSED,-0.2807203080680937,0.0025195907703705837,-0.06988155290750314,2.7352647039082982,-0.013435604596365197,0.37268962481839657
2.64752950590118,PASSED,-0.2807178238283053,0.002449097731079107,-0.0709006968807928,2.7352514568342707,-0.013059656701113387,0.37812007554075217
2.648529705941188,PASSED,-0.2807154105780289,0.0023776050745713605,-0.0718872962590495,2.7352385883535377,-0.01267838244408624,0.38337704468474304
2.649529905981196,PASSED,-0.2807130693004869,0.002305145528204834,-0.07284104643817804,2.735226103705068,-0.012291956278329524,0.3884589131380331
2.650530106021204,PASSED,-0.28071080094602785,0.0022317521152259235,-0.07376165733939838,2.735214007952585,-0.01190055425225926,0.39336410135841915
2.651530306061212,PASSED,-0.28070860643183637,0.0021574581421681806,-0.07464885020330635,2.7352023059830213,-0.011504353920682327,0.3980911517226042
2.65253050610122,PASSED,-0.28070648664165837,0.002082297183988338,-0.07550236349753356,2.7351910025050703,-0.011103534231719545,0.4026387137895698
2.653530706141228,PASSED,-0.28070444242553894,0.0020063030696699288,-0.07632194819899217,2.7351801020477873,-0.010698275505911268,0.40700540048741696
2.654530906181236,PASSED,-0.280702474599576,0.0019295098678583698,-0.07710737088660345,2.735169608959295,-0.010288759328044057,0.4111900294537399
2.655531106221244,PASSED,-0.28070058394568825,0.001851951871305459,-0.0778584136637824,2.7351595274055414,-0.009875168464420278,0.4151914197371375
2.656531306261252,PASSED,-0.2806987712113968,0.0017736635848560707,-0.07857486830645884,2.735149861369148,-0.009457686816946314,0.41900846596518065
2.65753150630126,PASSED,-0.2806970371096226,0.0016946797081613869,-0.07925654895350051,2.7351406146483437,-0.009036499300944903,0.42264021602556306
2.658531706341268,PASSED,-0.28069538231849767,0.0016150351213388692,-0.07990327873519543,2.7351317908559465,-0.008611791812227765,0.42608567051152124
2.659531906381276,PASSED,-0.28069380748119127,0.0015347648727736442,-0.08051489511857803,2.735123393418469,-0.008183751111506262,0.42934405419482397
2.660532106421284,PASSED,-0.28069231320575067,0.0014539041621045576,-0.08109125436942535,2.7351154255752457,-0.007752564780710511,0.43241451519637014
2.661532306461292,PASSED,-0.28069090006495684,0.0013724883247564475,-0.08163222600056672,2.7351078903776944,-0.007318421114779092,0.4352964330881174
2.6625325065013,PASSED,-0.28068956859619454,0.0012905528200087358,-0.08213769057914203,2.735100790688618,-0.006881509046650336,0.43798915815584955
2.663532706541308,PASSED,-0.2806883193013377,0.0012081332145834987,-0.08260754865596714,2.7350941291815962,-0.006442018106346895,0.44049212840183466
2.664532906581316,PASSED,-0.2806871526466485,0.001125265167478956,-0.08304171273692623,2.7350879083404607,-0.006000138291020657,0.4428049399425075
2.665533106621324,PASSED,-0.28068606906269267,0.001041984415752451,-0.08344011105289056,2.7350821304588404,-0.0055560600083050605,0.44492717789765507
2.666533306661332,PASSED,-0.28068506894426826,0.0009583267607136347,-0.08380268436276676,2.7350767976397905,-0.005109974017895832,0.44685853208360954
2.66753350670134,PASSED,-0.2806841526503495,0.0008743280518599118,-0.08412939184769368,2.7350719117954956,-0.004662071326635852,0.448598797377559
2.668533706741348,PASSED,-0.28068332050404593,0.00079002417199448,-0.0844202052105905,2.7350674746470527,-0.004212543110817311,0.45014782811252857
2.669533906781356,PASSED,-0.28068257279257525,0.0007054510246009994,-0.08467510884874087,2.7350634877243354,-0.0037615806549598525,0.4515055410207456
2.670534106821364,PASSED,-0.2806819097672516,0.0006206445172911659,-0.08489410628389531,2.735059952365933,-0.0033093752648237955,0.4526719562129312
2.671534306861372,PASSED,-0.28068133164348796,0.0005356405468937636,-0.08507721313974025,2.735056869719163,-0.002856118189867685,0.45364715411823064
2.67253450690138,PASSED,-0.28068083860081344,0.00045047498712376,-0.08522445752351236,2.7350542407401686,-0.0024020005487243997,0.4544312991599878
2.673534706941388,PASSED,-0.28068043078290494,0.00036518367260300914,-0.08533588585224319,2.735052066194081,-0.001947213257053714,0.45502462001115096
2.674534906981396,PASSED,-0.28068010829763307,0.0002798023838638385,-0.08541155733045562,2.735050346655285,-0.0014919469217681608,0.4554274788018213
2.675535107021404,PASSED,-0.28067987121712307,0.00019436683371584087,-0.08545154535969235,2.7350490825077247,-0.0010363918073965736,0.45564020475143086
2.676535307061412,PASSED,-0.2806797195778293,0.00010891265398996492,-0.08545593596999838,2.735048273945309,-0.000580737754959897,0.4556632842268404
2.67753550710142,PASSED,-0.28067965338062445,2.347537959111405e-05,-0.08542483335141919,2.7350479209723955,-0.00012517405027594162,0.45549731832203205
2.678535707141428,PASSED,-0.28067967259090315,-6.190956544930372e-05,-0.08535835283308349,2.7350480234043286,0.0003301105838522365,0.45514284466560884
2.679535907181436,PASSED,-0.280679777138699,-0.00014720688079599835,-0.08525662368910206,2.735048580868082,0.0007849280826878437,0.45460060161560617
2.680536107221444,PASSED,-0.2806799669188163,-0.0002323814046030358,-0.08511979055232771,2.735049592802939,0.0012390911292443334,0.4538713431837457
2.681536307261452,PASSED,-0.2806802417909752,-0.0003173981278720439,-0.08494801174679506,2.735051058461278,0.0016924132125573027,0.4529559100657849
2.68253650730146,PASSED,-0.28068060157997116,-0.00040222220746121616,-0.08474145815075722,2.7350529769094303,0.002144708726744604,0.45185525026831247
2.683536707341468,PASSED,-0.2806810460758475,-0.00048681897960287324,-0.08450031480225695,2.735055347028574,0.0025957929833792933,0.4505702608789404
2.684536907381476,PASSED,-0.2806815750340824,-0.000571153974522166,-0.08422478166398313,2.735058167515751,0.0030454823455017543,0.4491020962848083
2.685537107421484,PASSED,-0.28068218817578866,-0.0006551929289851646,-0.08391506966234225,2.7350614368849286,0.0034935943056723486,0.4474518694277852
2.686537307461492,PASSED,-0.28068288518792694,-0.0007389017991017245,-0.08357140375270501,2.735065153468116,0.0039399474625042225,0.4456206817679326
2.6875375075015002,PASSED,-0.2806836657235328,-0.0008222467753446919,-0.08319402456980882,2.7350693154165926,0.004384361695150345,0.4436099332315811
2.6885377075415082,PASSED,-0.28068452940195643,-0.0009051942946508236,-0.08278318246368034,2.7350739207021726,0.004826658214590821,0.4414209102464051
2.6895379075815162,PASSED,-0.2806854758091153,-0.0009877110517886986,-0.08233914025400464,2.7350789671185476,0.005266659555389355,0.43905496116661996
2.6905381076215242,PASSED,-0.2806865044977598,-0.0010697640145204046,-0.08186217771684012,2.7350844522827087,0.005704189734587675,0.4365136578861192
2.6915383076615322,PASSED,-0.28068761498775174,-0.0011513204360864243,-0.08135258413213943,2.7350903736364205,0.006139074296246604,0.4337984975074706
2.6925385077015402,PASSED,-0.28068880676635527,-0.0012323478655276855,-0.08081065964734245,2.73509672844776,0.0065711403142488115,0.4309110316653664
2.6935387077415482,PASSED,-0.2806900792885401,-0.0013128141616762107,-0.08023672048264706,2.735103513812748,0.007000216550464628,0.4278530392494501
2.6945389077815562,PASSED,-0.28069143197729723,-0.0013926875061062893,-0.07963109372836634,2.7351107266570156,0.007426133486832005,0.4246262011126623
2.6955391078215643,PASSED,-0.2806928642239664,-0.0014719364127955637,-0.07899411532987982,2.7351183637375427,0.007848723325006876,0.42123226288300997
2.6965393078615723,PASSED,-0.2806943753885759,-0.0015505297415275734,-0.07832613766676304,2.735126421644475,0.008267820148307344,0.41767319691210913
2.6975395079015803,PASSED,-0.2806959648001939,-0.0016284367104154227,-0.07762752303524001,2.7351348968029767,0.008683259935426893,0.41395084725784104
2.6985397079415883,PASSED,-0.28069763175729123,-0.0017056269048330527,-0.0768986420058896,2.7351437854751777,0.00909488060862372,0.41006722382281857
2.6995399079815963,PASSED,-0.28069937552811586,-0.0017820702903939933,-0.07613988126430775,2.735153083762151,0.009502522122108156,0.40602437325885055
2.7005401080216043,PASSED,-0.2807011953510784,-0.0018577372248108038,-0.07535163651847872,2.7351627876059634,0.009906026501171242,0.40182438293257505
2.7015403080616123,PASSED,-0.2807030904351485,-0.0019325984668267682,-0.07453431234762174,2.7351728927917893,0.010305237914696612,0.3974694339205687
2.7025405081016203,PASSED,-0.2807050599602625,-0.0020066251880906517,-0.0736883272080576,2.7351833949500732,0.010700002730476624,0.39296173701963855
2.7035407081416283,PASSED,-0.2807071030777413,-0.002079788984303877,-0.07281410888333747,2.735194289558747,0.011090169548119382,0.3883035380581745
2.7045409081816363,PASSED,-0.28070921891071887,-0.0021520618839233926,-0.07191209344363442,2.7352055719455155,0.011475589286536813,0.3834972053236023
2.7055411082216443,PASSED,-0.28071140655458093,-0.0022234163596329603,-0.07098273055352301,2.7352172372901884,0.011856115238358453,0.3785451161536641
2.7065413082616523,PASSED,-0.28071366507741374,-0.002293825337882587,-0.07002647671369605,2.7352292806270606,0.012231603075881638,0.3734496517695318
2.7075415083016603,PASSED,-0.28071599352046267,-0.002363262208630524,-0.0690438001040969,2.7352416968473503,0.012601910945412702,0.36821334803875133
2.7085417083416683,PASSED,-0.2807183908986004,-0.0024317008346077564,-0.06803517655932256,2.7352544807016916,0.012966899531213322,0.36283874430853197
2.7095419083816763,PASSED,-0.2807208562008043,-0.002499115560546452,-0.06700109219161118,2.735267626802678,0.013326432064549365,0.35732839268771793
2.7105421084216843,PASSED,-0.2807233883906433,-0.0025654812227483047,-0.06594204220867989,2.7352811296274346,0.013680374363495817,0.35168490311893974
2.7115423084616923,PASSED,-0.2807259864067737,-0.0026307731579502595,-0.0648585305308046,2.735294983520272,0.014028594952114918,0.3459110456192101
2.7125425085017003,PASSED,-0.2807286491634433,-0.002694967211095859,-0.06375106822212928,2.7353091826953535,0.014370965038892337,0.34000944754955914
2.7135427085417083,PASSED,-0.28073137555100447,-0.0027580397441093036,-0.0626201762076546,2.73532372123943,0.014707358557021424,0.33398289851543966
2.7145429085817163,PASSED,-0.2807341644364353,-0.002819967644990337,-0.06146638399661894,2.7353385931146104,0.015037652274080368,0.32783426275461375
2.7155431086217243,PASSED,-0.2807370146638687,-0.0028807283341590415,-0.0602902259500956,2.735353792161175,0.015361725779723197,0.3215663342349745
2.7165433086617323,PASSED,-0.2807399250551294,-0.002940299772956919,-0.059092247363064884,2.7353693121004263,0.01567946151219679,0.3151819979660083
2.7175435087017403,PASSED,-0.28074289441027866,-0.0029986604715467246,-0.057872999407633095,2.735385146537595,0.01599074486256053,0.308684251962229
2.7185437087417483,PASSED,-0.28074592150816596,-0.0030557894949080596,-0.05663303933046943,2.7354012889647668,0.01629546417072227,0.30207601229474434
2.7195439087817563,PASSED,-0.28074900510698775,-0.003111666470409341,-0.055372932948489315,2.7354177327638554,0.01659351073418873,0.29536026424760803
2.7205441088217643,PASSED,-0.2807521439448535,-0.0031662715953950835,-0.05409325301057832,2.735434471209613,0.01688477891113818,0.2885401187506774
2.7215443088617723,PASSED,-0.28075533674035785,-0.00321958564209504,-0.05279457582620824,2.73545149747268,0.01716916613042773,0.28161861964880025
2.7225445089017803,PASSED,-0.2807585821931591,-0.0032715899638582568,-0.05147748572122255,2.735468804622647,0.01744657286501601,0.27459881121459695
2.7235447089417884,PASSED,-0.2807618789845642,-0.0033222665029968,-0.050142574750090034,2.735486385631189,0.01771690276439112,0.26748395814878617
2.7245449089817964,PASSED,-0.28076522577811885,-0.0033715977946838544,-0.04879043631169764,2.7355042333751864,0.017980062629133875,0.26027713580540696
2.7255451090218044,PASSED,-0.28076862122020413,-0.003419566972506266,-0.047421672162886765,2.735522340639896,0.01823596239185782,0.25298151400297025
2.7265453090618124,PASSED,-0.2807720639406373,-0.0034661577744021094,-0.04603688838448112,2.7355407001221734,0.018484515278174032,0.24560046785837758
2.7275455091018204,PASSED,-0.28077555255327846,-0.0035113545473372705,-0.0446366959689474,2.7355593044336746,0.01872563771778709,0.23813708744951217
2.7285457091418284,PASSED,-0.28077908565664184,-0.0035551422515368056,-0.043221709686593765,2.7355781461041175,0.01895924936181213,0.2305946817420573
2.7295459091818364,PASSED,-0.2807826618345112,-0.003597506465187533,-0.041792549626816895,2.735597217584562,0.01918527322382712,0.22297664886360574
2.7305461092218444,PASSED,-0.28078627965656033,-0.003638433388702161,-0.040349839439835763,2.735616511250708,0.019403635607200872,0.21528620638051627
2.7315463092618524,PASSED,-0.2807899376789764,-0.0036779098482328304,-0.03889420625789153,2.7356360194062086,0.01961426609740665,0.20752667942261777
2.7325465093018604,PASSED,-0.28079363444508815,-0.0037159232997370263,-0.03742628166839895,2.735655734286024,0.019817097688374516,0.19970153199803115
2.7335467093418684,PASSED,-0.2807973684859967,-0.0037524618318473435,-0.035946699071596505,2.7356756480597695,0.020012066734978764,0.19181405634172846
2.7345469093818764,PASSED,-0.28080113832121023,-0.0037875141688545515,-0.03445609563094815,2.7356957528351002,0.020199112942830656,0.18386764219199772
2.7355471094218844,PASSED,-0.2808049424592811,-0.003821069674467507,-0.03295511226762675,2.7357160406611003,0.020378179446656198,0.17586574491457263
2.7365473094618924,PASSED,-0.28080877939844573,-0.0038531183530824457,-0.03144438951314636,2.7357365035316947,0.020549212807146725,0.16781177087449747
2.7375475095019004,PASSED,-0.2808126476272674,-0.0038836508525382637,-0.029924572750932795,2.7357571333890633,0.02071216297702961,0.15970910255513496
2.7385477095419084,PASSED,-0.2808165456252801,-0.003912658466979436,-0.02839630890133271,2.7357779221270766,0.02086698336183777,0.15156123964350726
2.7395479095819164,PASSED,-0.2808204718636355,-0.003940133137097822,-0.026860244263088487,2.7357988615947386,0.021013630833553832,0.1433716264311008
2.7405481096219244,PASSED,-0.2808244248057506,-0.0039660674521616885,-0.025317028931051953,2.735819943599637,0.021152065692080838,0.1351436799242721
2.7415483096619324,PASSED,-0.2808284029079571,-0.00399045465230579,-0.023767314286136158,2.735841159911396,0.021282251697730542,0.12688088946666018
2.7425485097019404,PASSED,-0.28083240462015147,-0.004013288627406131,-0.022211748976478016,2.7358625022651517,0.021404156110277354,0.11858676126690956
2.7435487097419484,PASSED,-0.28083642838644685,-0.004034563919397683,-0.020650987334934475,2.7358839623650173,0.021517749640817246,0.11026471005521327
2.7445489097819564,PASSED,-0.28084047264582385,-0.004054275722524523,-0.019085680321445662,2.7359055318875463,0.02162300645007054,0.10191820871868042
2.7455491098219644,PASSED,-0.28084453583278296,-0.004072419882069754,-0.017516479027753416,2.7359272024852124,0.021719904204313724,0.0935507845928505
2.7465493098619724,PASSED,-0.2808486163779965,-0.0040889928957158804,-0.015944036725042555,2.735948965789891,0.021808424055244562,0.08516589515616636
2.7475495099019804,PASSED,-0.28085271270896006,-0.004103991912952963,-0.014369004245109196,2.7359708134163223,0.02188855058977218,0.07676696077524356
2.7485497099419884,PASSED,-0.28085682325064376,-0.004117414733763939,-0.012792031854887123,2.7359927369655757,0.02196027186088379,0.06835747800252633
2.7495499099819964,PASSED,-0.28086094642614245,-0.004129259807601814,-0.011213768493199695,2.7360147280285365,0.022023579442398553,0.05994098385625371
2.7505501100220044,PASSED,-0.28086508065732535,-0.004139526233656989,-0.009634864429825498,2.736036778189346,0.022078468314707014,0.05152079794326393
2.7515503100620124,PASSED,-0.28086922436548345,-0.004148213757284459,-0.008055963092565635,2.7360588790288696,0.0221249369034015,0.04310044919530174
2.7525505101020205,PASSED,-0.2808733759719762,-0.004155322769641621,-0.0064777118668924985,2.736081022128132,0.022162987118953814,0.03468339312365325
2.7535507101420285,PASSED,-0.28087753389887604,-0.004160854306507836,-0.004900753532429283,2.7361031990717612,0.022192624271208043,0.026272991674617396
2.7545509101820365,PASSED,-0.28088169656961065,-0.0041648100434900255,-0.00332572594869764,2.7361254014514182,0.022213857099174335,0.017872718827407492
2.7555511102220445,PASSED,-0.2808858624096033,-0.00416719229540633,-0.0017532692280410158,2.7361476208691973,0.02222669774904006,0.009485937224600826
2.7565513102620525,PASSED,-0.2808900298469099,-0.0041680040142334715,-0.00018401855987580182,2.7361698489410347,0.02223116175250203,0.001116047620211838
2.7575515103020605,PASSED,-0.2808941973128541,-0.004167248783987908,0.0013813961158575512,2.7361920773000956,0.022227268038322177,-0.007233555379896387
2.7585517103420685,PASSED,-0.2808983632426583,-0.004164930818771757,0.002942344616346218,2.7362142976001342,0.022215038873506354,-0.015559571106437214
2.7595519103820765,PASSED,-0.28090252607607213,-0.0041610549595981405,0.004498202211796258,2.7362365015188552,0.02219449987302881,-0.02385862005828751
2.7605521104220845,PASSED,-0.2809066842579968,-0.0041556266697840745,0.006048348215579627,2.736258680761235,0.02216567998572182,-0.03212739880611928
2.7615523104620925,PASSED,-0.280910836239106,-0.004148652031204983,0.0075921654880980825,2.7362808270628403,0.022128611447727736,-0.04036263078605946
2.7625525105021005,PASSED,-0.28091498047646196,-0.0041401377402554606,0.009129041257139071,2.7363029321931234,0.022083329787013266,-0.048561014000080074
2.7635527105421085,PASSED,-0.2809191154341284,-0.004130091104190059,0.010658365937575577,2.7363249879586733,0.022029873772123378,-0.05671934881642279
2.7645529105821165,PASSED,-0.2809232395837778,-0.004118520034910287,0.012179538174569349,2.7363469862064798,0.021968285417135486,-0.06483435910220435
2.7655531106221245,PASSED,-0.28092735140529423,-0.00410543304428773,0.013691958921215238,2.7363689188271323,0.021898609937451154,-0.07290289340575384
2.7665533106621325,PASSED,-0.28093144938737147,-0.004090839240492783,0.015195033710769683,2.7363907777580283,0.021820895721990294,-0.0809217634975972
2.7675535107021405,PASSED,-0.28093553202810534,-0.004074748321488239,0.016688175867059684,2.7364125549865235,0.02173519431347969,-0.08888783851927293
2.7685537107421485,PASSED,-0.2809395978355809,-0.004057170568481604,0.01817080443301757,2.7364342425530768,0.021641560376666955,-0.09679800234171194
2.7695539107821565,PASSED,-0.28094364532845384,-0.004038116842240956,0.019642340779068203,2.7364558325543444,0.02154005165486438,-0.10464920144315096
2.7705541108221645,PASSED,-0.2809476730365256,-0.004017598575908642,0.02110221670114697,2.7364773171462673,0.021430728966019035,-0.11243834711347378
2.7715543108621725,PASSED,-0.2809516795013132,-0.003995627767948859,0.022549868798874943,2.736498688547093,0.021313656134342295,-0.12016248805225671
2.7725545109021805,PASSED,-0.2809556632766117,-0.003972216977281657,0.023984738579420822,2.736519939040404,0.02118889998784857,-0.12781858545470245
2.7735547109421885,PASSED,-0.2809596229290504,-0.003947379315570383,0.02540627713251027,2.736541060978067,0.02105653029861603,-0.13540375841776667
2.7745549109821965,PASSED,-0.2809635570386429,-0.003921128440422661,0.02681394049119627,2.7365620467831846,0.02091661975499935,-0.14291506708263255
2.7755551110222045,PASSED,-0.28096746419932905,-0.0038934785484713913,0.028207192924652628,2.7365828889529915,0.02076924394640333,-0.1503496362716055
2.7765553110622125,PASSED,-0.2809713430195105,-0.0038644443683386034,0.029585504938211292,2.736603580061709,0.020614481275051916,-0.15770469473795465
2.7775555111022205,PASSED,-0.2809751921225787,-0.003834041152602141,0.03094835626863006,2.7366241127633715,0.020452412955997812,-0.16497740193153648
2.7785557111422285,PASSED,-0.28097901014743515,-0.003802284670005873,0.032295233481359965,2.736644479794608,0.020283122980009234,-0.17216502535993602
2.7795559111822365,PASSED,-0.2809827957490036,-0.0037691911983538484,0.033625630432467774,2.736664673977376,0.02010669802989244,-0.1792648999547063
2.7805561112222446,PASSED,-0.2809865475987353,-0.003734777516032594,0.0349390502471117,2.7366846882216653,0.01992322747899929,-0.18627431818544038
2.7815563112622526,PASSED,-0.28099026438510466,-0.003699060893310508,0.0362350043720691,2.736704515528144,0.019732803335744484,-0.19319069330104957
2.7825565113022606,PASSED,-0.2809939448140979,-0.0036620590845545943,0.037513011678476774,2.7367241489907785,0.01953552018829663,-0.20001145021239009
2.7835567113422686,PASSED,-0.2809975876096921,-0.003623790319600567,0.03877260047106099,2.73674358179939,0.019331475170819318,-0.2067340623205887
2.7845569113822766,PASSED,-0.28100119151432656,-0.0035842732944393924,0.04001330828791665,2.7367628072421755,0.019120767909192146,-0.21335606116489425
2.7855571114222846,PASSED,-0.2810047552893644,-0.0035435271627036837,0.04123468070090356,2.7367818187081774,0.018903500478747903,-0.21987500996380654
2.7865573114622926,PASSED,-0.2810082777155458,-0.0035015715265324814,0.04243627315140124,2.736800609689704,0.018679777349050068,-0.2262885428538482
2.7875575115023006,PASSED,-0.28101175759343155,-0.003458426427287775,0.04361764997357572,2.7368191737847143,0.018449705352274654,-0.2325942993897927
2.7885577115423086,PASSED,-0.28101519374383777,-0.0034141123359345297,0.04477838560635848,2.73683750469913,0.018213393606853284,-0.23879004277575183
2.7895579115823166,PASSED,-0.2810185850082608,-0.003368650143926646,0.04591806294223347,2.736855596249114,0.017970953475395384,-0.24487352391266412
2.7905581116223246,PASSED,-0.2810219302492926,-0.003322061153310284,0.04703627573244872,2.7368734423632897,0.017722498528834913,-0.2508425616590124
2.7915583116623326,PASSED,-0.28102522835102633,-0.003274367066221858,0.04813262799241048,2.736891037084926,0.017468144496458476,-0.25669501285472496
2.7925585117023406,PASSED,-0.28102847821945176,-0.0032255899759556614,0.049206731782054085,2.736908374574036,0.017208009164910516,-0.2624288773434521
2.7935587117423486,PASSED,-0.28103167878284135,-0.0031757523564449565,0.05025821132980585,2.7369254491094446,0.016942212360596773,-0.2680420889605984
2.7945589117823566,PASSED,-0.2810348289921253,-0.0031248770516752494,0.05128670039630755,2.7369422550908156,0.016670875943275973,-0.2735326362275944
2.7955591118223646,PASSED,-0.28103792782125686,-0.003072987265720271,0.052291842994091974,2.7369587870405825,0.016394123642622677,-0.27889874360375855
2.7965593118623726,PASSED,-0.281040974267567,-0.0030201065521202183,0.05327329400402603,2.73697503960586,0.016112081058109802,-0.28413847845229007
2.7975595119023806,PASSED,-0.2810439673521086,-0.002966258803181471,0.05423071889522808,2.7369910075602957,0.015824875672912603,-0.2892499896938092
2.7985597119423886,PASSED,-0.28104690611998984,-0.002911468239539513,0.05516379347311019,2.737006685805833,0.015532636654022077,-0.29423170502166995
2.7995599119823966,PASSED,-0.2810497896406972,-0.0028557593994652073,0.05607220447510247,2.7370220693744622,0.015235494878148922,-0.2990818231074803
2.8005601120224046,PASSED,-0.28105261700840706,-0.0027991571268192465,0.056955651426533006,2.7370371534298767,0.014933582915028665,-0.303798723128775
2.8015603120624126,PASSED,-0.281055387342287,-0.0027416865618835884,0.057813840608408607,2.7370519332690963,0.014627034873992919,-0.3083809196403941
2.8025605121024206,PASSED,-0.2810580997867853,-0.00268337312878025,0.05864649476662472,2.737066404324011,0.014315986377125837,-0.3128268816848755
2.8035607121424286,PASSED,-0.28106075351191007,-0.002624242524696193,0.05945334362901198,2.737080562162877,0.014000574545313886,-0.3171351318966668
2.8045609121824366,PASSED,-0.2810633477134964,-0.0025643207091880717,0.060234130094193504,2.7370944024917536,0.01368093789340724,-0.3213043319133016
2.8055611122224446,PASSED,-0.28106588161346285,-0.002503633891845363,0.06098860884171834,2.737107921155882,0.013357216271759764,-0.3253331481369247
2.8065613122624526,PASSED,-0.2810683544600564,-0.0024422085219525293,0.061716543926910984,2.737121114140983,0.013029550805276187,-0.3292203453813438
2.8075615123024606,PASSED,-0.28107076552808563,-0.0023800712763167964,0.06241771344161477,2.737133977574515,0.012698083849872954,-0.3329646954178258
2.8085617123424687,PASSED,-0.2810731141191427,-0.0023172490472370246,0.06309190617187627,2.737146507726872,0.012362958937578303,-0.33656505687919913
2.8095619123824767,PASSED,-0.2810753995618138,-0.002253768932728245,0.06373892006671474,2.7371587010125022,0.012024320669578042,-0.3400204087476367
2.8105621124224847,PASSED,-0.28107762121187785,-0.0021896582233742194,0.06435856887889967,2.737170553990979,0.011682314688850275,-0.34332969538118907
2.8115623124624927,PASSED,-0.2810797784524936,-0.002124944390124365,0.06495067616382379,2.737182063368001,0.011337087622304606,-0.3464919806553217
2.8125625125025007,PASSED,-0.2810818706943749,-0.0020596550743729744,0.06551507547643505,2.7371932259963354,0.010988786999524729,-0.34950638419624674
2.8135627125425087,PASSED,-0.28108389737595446,-0.0019938180752740705,0.06605161484721674,2.7372040388766954,0.0106375611910894,-0.3523720912613824
2.8145629125825167,PASSED,-0.2810858579635355,-0.0019274613373334905,0.06656015333615534,2.737214499158561,0.010283559365384947,-0.35508831533316454
2.8155631126225247,PASSED,-0.28108775195143226,-0.001860612939676299,0.06704056053788203,2.7372246041409185,0.009926931397800235,-0.35765440241907603
2.8165633126625327,PASSED,-0.28108957886209746,-0.0017933010834144053,0.06749272007790166,2.737234351272963,0.00956782782479484,-0.36006968672961076
2.8175635127025407,PASSED,-0.2810913382462392,-0.0017255540802322332,0.06791652525168568,2.7372437381547163,0.009206399785400141,-0.3623336078380903
2.8185637127425487,PASSED,-0.28109302968292543,-0.001657400340546901,0.06831188264109607,2.737252762537587,0.008842798931686617,-0.36444568429714447
2.8195639127825567,PASSED,-0.2810946527796762,-0.001588868360879957,0.06867871101750951,2.7372614223248752,0.00847717739440577,-0.3664054392699834
2.8205641128225647,PASSED,-0.28109620717254474,-0.0015199867130033505,0.06901693911600501,2.737269715572201,0.008109687708751477,-0.36821251657716825
2.8215643128625727,PASSED,-0.28109769252618605,-0.001450784031614314,0.06932650957105758,2.7372776404878825,0.007740482741505542,-0.3698666010251139
2.8225645129025807,PASSED,-0.28109910853391396,-0.0013812890019480985,0.0696073763963207,2.7372851954332376,0.007369715639656479,-0.3713674357316957
2.8235647129425887,PASSED,-0.28110045491774643,-0.0013115303491171184,0.06985950378741954,2.7372923789228234,0.006997539753228469,-0.37271485355888523
2.8245649129825967,PASSED,-0.2811017314284384,-0.0012415368251560625,0.07008287074348048,2.7372991896246335,0.006624108601920376,-0.37390868314089937
2.8255651130226047,PASSED,-0.28110293784550366,-0.0011713371972837305,0.07027746595823332,2.7373056263601954,0.006249575772136783,-0.37494892754538856
2.8265653130626127,PASSED,-0.28110407397722403,-0.0011009602372250673,0.07044328945894972,2.7373116881046373,0.005874094870095961,-0.3758355517044446
2.8275655131026207,PASSED,-0.2811051396606475,-0.0010304347082366542,0.07058035534138847,2.737317373986679,0.005497819487938224,-0.37656860245993246
2.8285657131426287,PASSED,-0.28110613476157437,-0.0009597893536054337,0.07068868749110874,2.7373226832885464,0.005120903079906988,-0.377148278412105
2.8295659131826367,PASSED,-0.2811070591745314,-0.0008890528854814895,0.07076832187916797,2.7373276154458557,0.004743498953906311,-0.377574691059725
2.8305661132226447,PASSED,-0.28110791282273473,-0.0008182539729810138,0.07081930624801441,2.737332170047406,0.00436576020055437,-0.3778481282134189
2.8315663132626527,PASSED,-0.2811086956580409,-0.0007474212301797873,0.07084170050336784,2.7373363468349177,0.003987839588942146,-0.3779689338780945
2.8325665133026607,PASSED,-0.2811094076608867,-0.0006765832054831149,0.07083557415887533,2.737340145702718,0.0036098895551547857,-0.3779374337268707
2.8335667133426687,PASSED,-0.2811100488402169,-0.000605768369432763,0.07080101064466972,2.7373435666973527,0.0032320621281222675,-0.377754089236284
2.8345669133826767,PASSED,-0.2811106192334009,-0.0005350051028408156,0.07073810389013255,2.737346610017146,0.0028545088485458117,-0.3774194064699036
2.8355671134226847,PASSED,-0.28111111890613844,-0.0004643216870580447,0.0706469570445297,2.737349276011691,0.0024773807209071104,-0.3769339417512332
2.8365673134626928,PASSED,-0.28111154795235305,-0.0003937462918659961,0.0705276872903945,2.7373515651812994,0.002100828182910858,-0.37629826882626577
2.8375675135027008,PASSED,-0.2811119064940751,-0.0003233069630490651,0.07038042316795538,2.737353478176348,0.001725000969413336,-0.37551317661169237
2.8385677135427088,PASSED,-0.28111219468131315,-0.0002530316131688707,0.07020530102168705,2.7373550157966178,0.0013500481234619414,-0.37457929217786307
2.8395679135827168,PASSED,-0.2811124126919149,-0.00018294801012177036,0.07000247106404246,2.7373561789905416,0.0009761179436167542,-0.37349743829007015
2.8405681136227248,PASSED,-0.28111256073141627,-0.00011308376534428461,0.06977209391978124,2.7373569688543973,0.0006033578441569527,-0.37226854023962247
2.8415683136627328,PASSED,-0.28111263903288053,-4.346632364601705e-05,0.06951434021725846,2.7373573866314516,0.00023191436726005963,-0.3708934346684069
2.8425685137027408,PASSED,-0.2811126478567259,2.587704740902318e-05,0.06922939161356141,2.7373574337110327,-0.00013806687204069202,-0.3693731090556482
2.8435687137427488,PASSED,-0.28111258749054285,9.491926857109568e-05,0.06891744086107991,2.7373571116275737,-0.0005064412717624936,-0.3677085934992373
2.844568913782757,PASSED,-0.28111245824890113,0.00016363345888197349,0.06857868994407648,2.737356422059547,-0.0008730653312648229,-0.36590103683772385
2.8455691138227643,PASSED,-0.2811122604731452,0.00023199294698133288,0.06821335353621466,2.737355366828405,-0.0012377966177444435,-0.36395145290755176
2.8465693138627723,PASSED,-0.2811119945311808,0.0002999712803606618,0.06782165327473845,2.73735394789742,-0.0016004938710038503,-0.3618611201606436
2.8475695139027803,PASSED,-0.28111166081725025,0.0003675422358923346,0.06740382370296243,2.737352167370494,-0.0019610170951793477,-0.3596312935187328
2.8485697139427884,PASSED,-0.2811112597516979,0.0004346798304333735,0.06696010843308987,2.7373500274908924,-0.0023192275575697175,-0.35726324163812756
2.8495699139827964,PASSED,-0.28111079178072584,0.000501358330003348,0.0664907603278978,2.7373475306399513,-0.002674987836241744,-0.3547583033612927
2.8505701140228044,PASSED,-0.2811102573761393,0.000567552260000916,0.06599604311068145,2.7373446793357052,-0.0030281619282265834,-0.35211795106720417
2.8515703140628124,PASSED,-0.28110965703508284,0.0006332364147228952,0.06547622912951084,2.7373414762314825,-0.0033786152611479316,-0.34934358749077765
2.8525705141028204,PASSED,-0.28110899127976635,0.0006983858670053598,0.06493160105110053,2.7373379241144473,-0.0037262147198905875,-0.3464367062439081
2.8535707141428284,PASSED,-0.28110826065718236,0.0007629759770520195,0.0643624493770326,2.7373340259040653,-0.004070828781474854,-0.34339896514450563
2.8545709141828364,PASSED,-0.2811074657388133,0.0008269824025889389,0.06376907631017725,2.737329784650568,-0.004412327473010255,-0.3402318424626652
2.8555711142228444,PASSED,-0.28110660712032987,0.000890381107778699,0.06315179110948214,2.737325203533318,-0.0047505824539117595,-0.3369370731940655
2.8565713142628524,PASSED,-0.2811056854212808,0.0009531483707870222,0.06251091094088389,2.737320285859153,-0.005085467115271189,-0.3335163868030051
2.8575715143028604,PASSED,-0.28110470128477294,0.0010152607946187521,0.06184676575896026,2.737315035060691,-0.005416856526338929,-0.3299714272442305
2.8585717143428684,PASSED,-0.2811036553771436,0.0010766953146980488,0.061159689626187654,2.7373094546945578,-0.005744627545348663,-0.3263040801867361
2.8595719143828764,PASSED,-0.28110254838762333,0.0011374292067271852,0.060450026964435806,2.7373035484395896,-0.006068658904681277,-0.32251621209653136
2.8605721144228844,PASSED,-0.2811013810279912,0.00119744009624971,0.059718131227917325,2.7372973200949953,-0.006388831141731097,-0.31860958701867736
2.8615723144628924,PASSED,-0.28110015403222127,0.0012567059661625095,0.05896436236938805,2.7372907735784686,-0.006705026703852668,-0.3145862121901673
2.8625725145029004,PASSED,-0.2810988681561216,0.0013152051642320605,0.058189088536326435,2.7372839129242457,-0.007017130053932099,-0.31044810867227257
2.8635727145429084,PASSED,-0.28109752417696465,0.0013729164120161173,0.05739268728254373,2.7372767422811335,-0.0073250276090060604,-0.30619718600842044
2.8645729145829164,PASSED,-0.2810961228931104,0.0014298188115389168,0.05657554101630325,2.7372692659104993,-0.007628607799253338,-0.3018355264065154
2.8655731146229244,PASSED,-0.2810946651236222,0.0014858918525284324,0.05573804097165716,2.7372614881842092,-0.007927761180645566,-0.2973652847160387
2.8665733146629324,PASSED,-0.28109315170787463,0.0015411154208204649,0.05488058650561564,2.737253413582539,-0.008222380398528491,-0.2927885066608501
2.8675735147029404,PASSED,-0.2810915835051548,0.0015954698047738547,0.05400358225190611,2.7372450466920304,-0.008512360243866054,-0.28810740445537225
2.8685737147429484,PASSED,-0.2810899613942562,0.001648935701621254,0.05310743991106106,2.737236392203338,-0.008797597705002545,-0.28332416559057194
2.8695739147829564,PASSED,-0.2810882862730662,0.0017014942248893,0.05219257883936933,2.737227454909,-0.009077992007500429,-0.2784410604360919
2.8705741148229644,PASSED,-0.2810865590581464,0.001753126911222845,0.05125942466299583,2.737218239701212,-0.009353444620700303,-0.27346031504239504
2.8715743148629724,PASSED,-0.28108478068430726,0.0018038157256078042,0.050308407532934626,2.7372087515695536,-0.009623859291693066,-0.2683842416263413
2.8725745149029804,PASSED,-0.2810829521041757,0.0018535430680183004,0.049339965662203986,2.7371989955986518,-0.009889142150819584,-0.26321527079330337
2.8735747149429884,PASSED,-0.28108107428775747,0.0019022917801136806,0.048354543050831054,2.7371889769658804,-0.010149201622415815,-0.25795560546485036
2.8745749149829964,PASSED,-0.2810791482219929,0.0019500451498868309,0.04735258758802948,2.73717870093895,-0.010403948540373785,-0.2526077929533842
2.8755751150230044,PASSED,-0.28107717491030787,0.0019967869171468996,0.046334553708094695,2.737168172873524,-0.010653296192598015,-0.24717422507146236
2.8765753150630125,PASSED,-0.28107515537215866,0.0020425012798026276,0.04530090195415048,2.7371573982107824,-0.01089716026108969,-0.2416572974384825
2.8775755151030205,PASSED,-0.28107309064257174,0.0020871728989448656,0.044252097267629194,2.737146382474965,-0.011135458910750552,-0.23605955114244823
2.8785757151430285,PASSED,-0.2810709817716788,0.002130786902395914,0.04318860757332751,2.7371351312708785,-0.011368112847395143,-0.23038352697935185
2.8795759151830365,PASSED,-0.28106882982424647,0.0021733288905017717,0.04211090846087771,2.737123650281382,-0.011595045272200398,-0.22463169002252306
2.8805761152230445,PASSED,-0.28106663587920216,0.002214784941156443,0.041019478783867636,2.737111945264868,-0.011816181901332325,-0.2188065885381973
2.8815763152630525,PASSED,-0.2810644010291546,0.0022551416130507764,0.03991480063464381,2.7371000220526818,-0.012031451084697388,-0.21291091324963932
2.8825765153030605,PASSED,-0.2810621263799108,0.002294385949708268,0.03879736067272345,2.7370878865465422,-0.012240783758384647,-0.20694718064567255
2.8835767153430685,PASSED,-0.2810598130499887,0.0023325054847850453,0.037667651346146205,2.7370755447159527,-0.012444113410558977,-0.20091796652676988
2.8845769153830765,PASSED,-0.2810574621701265,0.002369488244333733,0.03652616501704866,2.7370630025955562,-0.012641376226238255,-0.1948260484476177
2.8855771154230845,PASSED,-0.28105507488278786,0.0024053227499135363,0.035373399288306455,2.737050266282505,-0.012832511046446162,-0.18867400138143395
2.8865773154630925,PASSED,-0.2810526523416639,0.0024399980241327367,0.03420985750646338,2.7370373419338025,-0.013017459315767796,-0.1824644479484345
2.8875775155031005,PASSED,-0.281050195711172,0.002473503591852735,0.0330360411956887,2.7370242357636165,-0.013196165224307855,-0.1762002156011412
2.8885777155431085,PASSED,-0.2810477061659525,0.0025058294821520203,0.03185245636834929,2.737010954040585,-0.013368575675463436,-0.16988394152520675
2.8895779155831165,PASSED,-0.28104518489036107,0.0025369662333264865,0.03065961437854424,2.7369975030851257,-0.0135346402079849,-0.16351825985230162
2.8905781156231245,PASSED,-0.2810426330779601,0.002566904894336646,0.029458025431235657,2.736983889266693,-0.013694311154826451,-0.15710607150104763
2.8915783156631325,PASSED,-0.28104005193100706,0.002595637025678035,0.028248201948157386,2.7369701190010605,-0.013847543599511751,-0.15065002680813427
2.8925785157031405,PASSED,-0.2810374426599406,0.0026231547030701402,0.027030661021404417,2.7369561987475732,-0.013994295302470516,-0.1441528203925186
2.8935787157431485,PASSED,-0.2810348064828656,0.002649450518952018,0.02580591912219331,2.7369421350063945,-0.014134526830090624,-0.1376173324385012
2.8945789157831565,PASSED,-0.2810321446250359,0.00267451758269183,0.02457449348489162,2.73692793431574,-0.014268201540106868,-0.13104629506807294
2.8955791158231645,PASSED,-0.2810294583183356,0.0026983495234585222,0.023336905621225697,2.7369136032491173,-0.014395285502643332,-0.12444240751539189
2.8965793158631725,PASSED,-0.2810267488007597,0.0027209404907623264,0.022093675092190283,2.7368991484125402,-0.014515747592232758,-0.11780854430544893
2.8975795159031805,PASSED,-0.2810240173158929,0.0027422851549297944,0.020845323550986762,2.736884576441756,-0.01462955949527224,-0.11114747552883796
2.8985797159431885,PASSED,-0.2810212651123888,0.002762378708036738,0.019592372810914582,2.7368698939994585,-0.014736695637981802,-0.10446192083004534
2.8995799159831965,PASSED,-0.2810184934434473,0.002781216865210388,0.018335346748807296,2.7368551077724934,-0.014837133260865682,-0.09775475758643783
2.9005801160232045,PASSED,-0.2810157035662926,0.0027987958633589687,0.01707476574842939,2.736840224469083,-0.0149308523975019,-0.09102872266940773
2.9015803160632125,PASSED,-0.28101289674165025,0.0028151124618618754,0.01581115367255785,2.7368252508160213,-0.015017835856807663,-0.08428661706333052
2.9025805161032205,PASSED,-0.28101007423322505,0.0028301639432901098,0.014545033265352234,2.736810193555898,-0.015098069243988878,-0.07753123392647122
2.9035807161432285,PASSED,-0.2810072373071788,0.0028439481114801617,0.013276924806518261,2.7367950594443013,-0.015171540952991178,-0.07076535905285072
2.9045809161832365,PASSED,-0.2810043872316086,0.0028564632917090303,0.01200735051043595,2.736779855247042,-0.015238242153227995,-0.06399176102612954
2.9055811162232446,PASSED,-0.28100152527602607,0.0028677083299471742,0.010736830056616296,2.7367645877373574,-0.015298166809334967,-0.05721325282753522
2.9065813162632526,PASSED,-0.280998652710837,0.002877682592088828,0.00946588353167853,2.736749263693162,-0.015351311629037516,-0.05043253095255689
2.9075815163032606,PASSED,-0.28099577080682314,0.0028863859613099062,0.00819502634734434,2.73673388989425,-0.015397676111892107,-0.043652450789279595
2.9085817163432686,PASSED,-0.2809928808346238,0.002893818838388766,0.006924777566536662,2.736718473119557,-0.015437262508184522,-0.036875693294505026
2.9095819163832766,PASSED,-0.28098998406422065,0.0028999821391135325,0.00565564949691982,2.7367030201443847,-0.015470075817595979,-0.03010505348942504
2.9105821164232846,PASSED,-0.28098708176442294,0.0029048772924818206,0.004388155949200686,2.7366875377376796,-0.015496123768915066,-0.023343216538859235
2.9115823164632926,PASSED,-0.2809841752023557,0.002908506238624824,0.0031228062722039387,2.7366720326592815,-0.015515416830528981,-0.01659295833061969
2.9125825165033006,PASSED,-0.28098126564294923,0.0029108714270590225,0.00186010987552886,2.7366565116572157,-0.015527968183117663,-0.009856948760723292
2.9135827165433086,PASSED,-0.2809783543484317,0.002911975813565318,0.0006005709268064872,2.736640981464973,-0.01553379370604858,-0.0031379057110480385
2.9145829165833166,PASSED,-0.2809754425778237,0.0029118228574374684,-0.0006553074976191583,2.7366254487988244,-0.015532911968593332,0.003561499566108932
2.9155831166233246,PASSED,-0.2809725315864362,0.0029104165196194016,-0.0019070246983655188,2.736609920355135,-0.015525344213896876,0.010238591450023843
2.9165833166633326,PASSED,-0.2809696226253706,0.002907761258846571,-0.0031540848224739957,2.7365944028077,-0.01551111434332011,0.016890723327927154
2.9175835167033406,PASSED,-0.280966716941023,0.002903862028021958,-0.004395994826039017,2.73657890280511,-0.015490248874225914,0.023515299605041153
2.9185837167433486,PASSED,-0.2809638157745908,0.0028987242716232097,-0.005632264113887839,2.7365634269681034,-0.015462776975995352,0.03010963064757561
2.9195839167833566,PASSED,-0.28096092036158343,0.0028923539221499006,-0.0068624063795904465,2.736547981886968,-0.015428730413120114,0.036671184360343896
2.9205841168233646,PASSED,-0.2809580319313371,0.002884757395053612,-0.008085940907420517,2.7365325741189523,-0.015388143493893445,0.043197409137553634
2.9215843168633726,PASSED,-0.2809551517065322,0.002875941586283158,-0.009302387345810435,2.736517210185694,-0.015341053119519079,0.04968568453224135
2.9225845169033806,PASSED,-0.2809522809027164,0.0028659138670903725,-0.010511273757435758,2.7365018965706693,-0.015287498735563957,0.05613351690370708
2.9235847169433886,PASSED,-0.28094942072783075,0.0028546820796939384,-0.01171212982243272,2.7364866397166816,-0.015227522254037626,0.06253845794141409
2.9245849169833966,PASSED,-0.2809465723817412,0.002842254533416701,-0.012904490580440839,2.7364714460233435,-0.015161168113751056,0.06889792851667616
2.9255851170234046,PASSED,-0.2809437370557739,0.002828639999379927,-0.014087896340996381,2.7364563218446234,-0.015088483209463856,0.07520955480088533
2.9265853170634126,PASSED,-0.280940915932256,0.0028138477055317896,-0.015261892186231429,2.7364412734863843,-0.015009516845780595,0.0814709029381751
2.9275855171034206,PASSED,-0.2809381101840611,0.002797887332049209,-0.016426027680146334,2.7364263072039536,-0.014924320779621638,0.0876795083061441
2.9285857171434286,PASSED,-0.28093532097416,0.0027807690056287754,-0.01757985891395891,2.7364114291997548,-0.014832949106722925,0.09383311596042572
2.9295859171834366,PASSED,-0.2809325494551763,0.0027625032945702436,-0.01872294582158066,2.7363966456209132,-0.014735458291040969,0.09992928216297801
2.9305861172234446,PASSED,-0.2809297967689487,0.0027431012023584394,-0.019854856471953574,2.7363819625569383,-0.01463190713319185,0.10596574163987867
2.9315863172634526,PASSED,-0.2809270640460972,0.0027225741630725153,-0.020975161161905016,2.736367386037409,-0.014522356696788245,0.11194023291275243
2.9325865173034606,PASSED,-0.2809243524055968,0.0027009340347778276,-0.022083439716543085,2.7363529220297007,-0.014406870319964854,0.117850472763818
2.9335867173434687,PASSED,-0.28092166295435617,0.002678193093177609,-0.023179276189336063,2.7363385764367476,-0.014285513565824777,0.12369427505758315
2.9345869173834767,PASSED,-0.2809189967868024,0.00265436402621158,-0.024262260817157193,2.736324355094822,-0.014158354193195765,0.12946943767663474
2.9355871174234847,PASSED,-0.2809163549844728,0.002629459927513363,-0.025331990618923425,2.736310263771365,-0.014025462120798058,0.13517382887841892
2.9365873174634927,PASSED,-0.2809137386156126,0.002603494289266363,-0.026388069999050755,2.736296308162843,-0.013886909383894879,0.14080534225301797
2.9375875175035007,PASSED,-0.2809111487347786,0.002576480996401212,-0.027430108109218195,2.7362824938926438,-0.01374277010903292,0.1463618966012541
2.9385877175435087,PASSED,-0.28090858638245136,0.0025484343192531313,-0.028457723173988928,2.736268826508995,-0.013593120492975966,0.15184142902741835
2.9395879175835167,PASSED,-0.2809060525846519,0.0025193689068656617,-0.029470538529790712,2.7362553114829424,-0.013438038727401652,0.15724198993891025
2.9405881176235247,PASSED,-0.2809035483525672,0.002489299780051334,-0.03046818567068574,2.7362419542063408,-0.013277604989640564,0.16256156964253768
2.9415883176635327,PASSED,-0.2809010746821822,0.0024582423241432862,-0.03145030273295605,2.7362287599899027,-0.013111901406999363,0.1677982579736428
2.9425885177035407,PASSED,-0.28089863255391856,0.00242621228108465,-0.032416536609090635,2.736215734061275,-0.01294101199292889,0.17295018480169239
2.9435887177435487,PASSED,-0.28089622293228167,0.0023932257430966325,-0.03336653890730198,2.7362028815631607,-0.012765022623128862,0.17801549313225445
2.9445889177835567,PASSED,-0.2808938467655146,0.0023592991447678523,-0.034299971276432493,2.7361902075514712,-0.012584021012177876,0.18299235616347526
2.9455891178235647,PASSED,-0.2808915049852595,0.0023244492543944262,-0.03521650310475482,2.73617771699353,-0.012398096641590646,0.1878790468697342
2.9465893178635727,PASSED,-0.28088919850622757,0.002288693167314664,-0.0361158097297671,2.736165414766314,-0.012207340721890758,0.19267383491999185
2.9475895179035807,PASSED,-0.2808869282258757,0.0022520482983858733,-0.03699757506147354,2.7361533056547356,-0.012011846177254117,0.19737501778107325
2.9485897179435887,PASSED,-0.28088469502409197,0.0022145323722867105,-0.03786149345762193,2.7361413943499664,-0.01181170758268964,0.2019809790867456
2.9495899179835967,PASSED,-0.2808824997628889,0.0021761634166684142,-0.03870726372541199,2.736129685447799,-0.01160702112393127,0.20649011187278726
2.9505901180236047,PASSED,-0.28088034328610495,0.0021369597541444846,-0.039534595056274706,2.7361181834470774,-0.011397884533700733,0.21090090913570364
2.9515903180636127,PASSED,-0.2808782264191136,0.0020969399935264555,-0.0403432043258653,2.7361068927481287,-0.011184397094399822,0.21521179274438484
2.9525905181036207,PASSED,-0.28087614996854193,0.0020561230207558263,-0.04113281840047177,2.736095817651279,-0.010966659565800311,0.21942135250292527
2.9535907181436287,PASSED,-0.28087411472199686,0.0020145279915506635,-0.04190316974162362,2.7360849623553922,-0.010744774109873961,0.22352819154196832
2.9545909181836367,PASSED,-0.28087212144779994,0.0019721743228257945,-0.04265400138036594,2.7360743309564604,-0.010518844305185016,0.22753088012026235
2.9555911182236447,PASSED,-0.28087017089473115,0.0019290816828403945,-0.04338506572208952,2.7360639274462426,-0.010288975068093743,0.2314281417386106
2.9565913182636527,PASSED,-0.2808682637917807,0.0018852699843149967,-0.04409612039427013,2.7360537557109437,-0.010055272593787419,0.23521869601813092
2.9575915183036607,PASSED,-0.28086640084791054,0.0018407593736516406,-0.044786937509413115,2.7360438195299466,-0.009817844334152847,0.2389013020455331
2.9585917183436687,PASSED,-0.28086458275182363,0.0017955702230062268,-0.04545729273608076,2.736034122574588,-0.009576798946446814,0.24247477814636603
2.9595919183836767,PASSED,-0.2808628101717431,0.0017497231224055955,-0.0461069725103313,2.7360246684069778,-0.009332246234452713,0.2459380012259259
2.9605921184236847,PASSED,-0.28086108375519975,0.0017032388686250967,-0.04673577462727727,2.7360154604788725,-0.009084297110389775,0.24928987262094696
2.9615923184636928,PASSED,-0.28085940412882854,0.0016561384578389392,-0.04734350155874434,2.7360065021306,-0.008833063533233316,0.2525293801801339
2.9625925185037008,PASSED,-0.28085777189817474,0.001608443075705438,-0.04792996918333899,2.7359977965900204,-0.00857865848046396,0.25565550116216873
2.9635927185437088,PASSED,-0.2808561876475083,0.0015601740883740354,-0.04849499943011193,2.735989346971546,-0.008321195890132263,0.2586673164447164
2.9645929185837168,PASSED,-0.28085465193964865,0.0015113530332863862,-0.049038425526007234,2.735981156275202,-0.008060790604868468,0.26156393114318066
2.9655931186237248,PASSED,-0.2808531653157972,0.0014620016104594036,-0.049560087694299544,2.73597322738575,-0.0077975583198341926,0.2643445209616703
2.9665933186637328,PASSED,-0.28085172829538063,0.0014121416717539474,-0.050059839379560656,2.7359655630718396,-0.007531615564273703,0.26700824529303674
2.9675935187037408,PASSED,-0.2808503413759022,0.0013617952132826997,-0.05053753786570551,2.735958165985228,-0.007263079622501699,0.26955440609131354
2.9685937187437488,PASSED,-0.2808490050328034,0.0013109843652800788,-0.050993054760564205,2.735951038660046,-0.006992068464974636,0.271982325150897
2.969593918783757,PASSED,-0.2808477197193341,0.0012597313822381546,-0.051426268562831216,2.7359441835121094,-0.006718700749333035,0.27429130930207046
2.970594118823765,PASSED,-0.2808464858664329,0.0012080586339171533,-0.05183706815978149,2.7359376028382707,-0.006443095766677335,0.2764807648914537
2.971594318863773,PASSED,-0.2808453038826163,0.0011559885969792078,-0.05222534945672141,2.735931298815851,-0.006165373315417234,0.2785502421725318
2.972594518903781,PASSED,-0.2808441741538774,0.0011035438438183128,-0.05259102229701078,2.7359252735020863,-0.005885653737515124,0.2804991350551618
2.973594718943789,PASSED,-0.2808430970435945,0.001050747033081029,-0.05293400303079953,2.7359195288336466,-0.0056040578606549,0.2823270380635982
2.974594918983797,PASSED,-0.28084207289244845,0.000997620902508274,-0.053254215600725706,2.735914066626209,-0.005320706865390201,0.28403363339876503
2.975595119023805,PASSED,-0.2808411020183501,0.0009441882576565108,-0.053551597685788065,2.7359088885740523,-0.0050357223371645205,0.28561845811029046
2.976595319063813,PASSED,-0.28084018471637673,0.0008904719612077208,-0.05382609562412451,2.7359039962497342,-0.004749226179364972,0.2870812909257208
2.977595519103821,PASSED,-0.28083932125871824,0.0008364949265398699,-0.054077660697001845,2.7358993911038105,-0.004461340500568813,0.2884219373764511
2.978595719143829,PASSED,-0.2808385118946327,0.0007822801070660281,-0.054306258658401795,2.735895074464583,-0.004172187673682159,0.2896400865601236
2.979595919183837,PASSED,-0.28083775685041124,0.0007278504849872883,-0.05451186435896521,2.73589104753793,-0.0038818902298821773,0.2907356819598867
2.980596119223845,PASSED,-0.28083705632935274,0.0006732290639498681,-0.05469445882305693,2.7358873114071636,-0.003590570763052939,0.29170865674213986
2.981596319263853,PASSED,-0.2808364105117473,0.000618438859915993,-0.05485403417442041,2.7358838670329506,-0.003298351962103378,0.29255889708784205
2.982596519303861,PASSED,-0.28083581955486986,0.0005635028898031895,-0.0549905940717256,2.7358807152532743,-0.0030053565376530864,0.2932864426919245
2.983596719343869,PASSED,-0.28083528359298265,0.0005084441631902481,-0.05510414830708519,2.7358778567834463,-0.00271170713058685,0.29389138331577747
2.984596919383877,PASSED,-0.2808348027373472,0.00045328567405944796,-0.055194716346610134,2.7358752922161784,-0.0024175263000127227,0.29437379541302794
2.985597119423885,PASSED,-0.2808343770762454,0.00039805039009186376,-0.05526232904823359,2.735873022021693,-0.0021229364792465597,0.294733837668253
2.986597319463893,PASSED,-0.2808340066750106,0.00034276124256960825,-0.055307026504936775,2.7358710465478926,-0.0018280598941328118,0.2949717500774113
2.987597519503901,PASSED,-0.28083369157606664,0.0002874411198543023,-0.055328853522218766,2.7358693660205584,-0.001533018552035322,0.29508773677754213
2.988597719543909,PASSED,-0.28083343179897774,0.00023211285634444637,-0.05532787016828071,2.7358679805436337,-0.0012379341564021072,0.2950821682036634
2.989597919583917,PASSED,-0.28083322734050586,0.00017679922307445986,-0.055304142004457026,2.7358668900995093,-0.0009429280898894476,0.2949553320519906
2.990598119623925,PASSED,-0.28083307817467834,0.00012152292017971699,-0.0552577434882668,2.735866094549406,-0.0006481213481501738,0.29470768153079585
2.991598319663933,PASSED,-0.28083298425286435,6.630656639827858e-05,-0.055188760643552826,2.73586559363377,-0.00035363447899865343,0.29433966089867014
2.992598519703941,PASSED,-0.28083294550385973,1.1172690514768326e-05,-0.05509728604348187,2.7358653869727205,-5.958758983842647e-05,0.29385170800126487
2.993598719743949,PASSED,-0.2808329618339815,-4.3856276333761444e-05,-0.054983420718561715,2.7358654740665718,0.00023389977667367956,0.29324447218600014
2.994598919783957,PASSED,-0.28083303312717106,-9.875801191084833e-05,-0.054847278816103684,2.7358658542963648,0.000526708640994827,0.2925184590779122
2.995599119823965,PASSED,-0.2808331592451057,-0.00015351030936538383,-0.05468897654682336,2.7358665269244664,0.0008187206120817418,0.2916743124262501
2.996599319863973,PASSED,-0.28083334002731974,-0.0002080910867607335,-0.054508644627700525,2.7358674910952256,0.0011098180167610303,0.2907127995146476
2.997599519903981,PASSED,-0.2808335752913332,-0.0002624783962616273,-0.05430641941635599,2.7358687458356448,0.0013998838639644334,0.2896345456625733
2.998599719943989,PASSED,-0.2808338648327902,-0.0003166504322470811,-0.054082447031518995,2.735870290056121,0.0016888018971578055,0.2884403582139046
2.999599919983997,PASSED,-0.2808342084256051,-0.00037058553890242083,-0.05383687973788694,2.735872122551232,0.0019764567167234043,0.2871311271333948
3.000600120024005,PASSED,-0.2808346058221172,-0.00042426221988016,-0.05356988180430732,2.735874242000548,0.0022627337362208007,0.2857076144067305
3.001600320064013,PASSED,-0.2808350567532539,-0.000477659146495565,-0.053281623156136736,2.7358766469695057,0.0025475192357918733,0.2841707563473012
3.002600520104021,PASSED,-0.28083556092870204,-0.0005307551648233448,-0.052972281775541884,2.735879335910331,0.0028307004932295247,0.28252159149788486
3.003600720144029,PASSED,-0.2808361180370875,-0.0005835293045978913,-0.05264204510721637,2.7358823071629788,0.00311216572500099,0.2807609919538521
3.004600920184037,PASSED,-0.28083672774616253,-0.0006359607874548229,-0.05229110802340826,2.735885558956137,0.0033918041388744176,0.27889002848647854
3.005601120224045,PASSED,-0.2808373897030015,-0.0006880290345488997,-0.05191967314118921,2.7358890894082655,0.003669506055688359,0.27690984236558336
3.006601320264053,PASSED,-0.2808381035342039,-0.0007397136736082026,-0.05152794967137853,2.735892896528693,0.00394516290501387,0.2748215206321282
3.007601520304061,PASSED,-0.28083886884610576,-0.0007909945477131378,-0.051116157060639704,2.7358969782187175,0.004218667197357007,0.27262614015047754
3.008601720344069,PASSED,-0.28083968522499814,-0.0008418517226525771,-0.05068452019197238,2.7359013322727916,0.004489912677020087,0.27032503933814855
3.009601920384077,PASSED,-0.2808405522373535,-0.0008922654939430426,-0.05023327202279403,2.7359059563797126,0.004758794323699611,0.26791938490710737
3.010602120424085,PASSED,-0.28084146943005933,-0.000942216394585157,-0.04976265305499483,2.7359108481238676,0.005025208325820664,0.26541041359701717
3.011602320464093,PASSED,-0.2808424363306591,-0.0009916852021049133,-0.04927291049626394,2.7359160049865334,0.005289052230027724,0.2627995646137559
3.012602520504101,PASSED,-0.28084345244760034,-0.0010406529456589318,-0.04876429892585512,2.735921424347171,0.005550224900776094,0.2600880748381127
3.013602720544109,PASSED,-0.2808445172704901,-0.0010891009135470526,-0.04823708052963141,2.735927103484805,0.005808626559853728,0.2572773819039816
3.014602920584117,PASSED,-0.2808456302703565,-0.0011370106589134272,-0.0476915219242034,2.7359330395794097,0.006064158879626023,0.25436894501783563
3.015603120624125,PASSED,-0.2808467908999186,-0.0011843640077363734,-0.04712790008877486,2.7359392297133436,0.006316724965353654,0.25136417953416035
3.016603320664133,PASSED,-0.280847998593861,-0.0012311430650160944,-0.04654649540701842,2.7359456708728107,0.006566229386269401,0.24826458183680458
3.017603520704141,PASSED,-0.28084925276911676,-0.0012773302208870267,-0.045947596180208126,2.7359523599493722,0.006812578267197506,0.24507174698897258
3.018603720744149,PASSED,-0.28085055282515575,-0.0013229081575109867,-0.045331496919794746,2.7359592937414763,0.007055679276207977,0.24178718369146973
3.019603920784157,PASSED,-0.2808518981442793,-0.0013678598545016087,-0.04469849703784001,2.7359664689560326,0.007295441646862197,0.23841249529605316
3.020604120824165,PASSED,-0.28085328809192156,-0.0014121685964580699,-0.04404890523554201,2.7359738822100037,0.00753177624404816,0.23494933177923571
3.021604320864173,PASSED,-0.28085472201695644,-0.0014558179775010101,-0.04338303158120579,2.7359815300320576,0.007764595604208605,0.23139937908125052
3.022604520904181,PASSED,-0.2808561992520103,-0.001498791906841845,-0.0427011945139212,2.7359894088642154,0.007993813911525916,0.22776425947468415
3.023604720944189,PASSED,-0.28085771911378077,-0.0015410746164818668,-0.042003719724089124,2.735997515063558,0.008219347066615498,0.22404575216618008
3.024604920984197,PASSED,-0.2808592809033609,-0.0015826506648633789,-0.041290934153127436,2.7360058449039504,0.008441112744514222,0.22024562838708422
3.025605121024205,PASSED,-0.28086088390656866,-0.0016235049418925201,-0.04056317227981711,2.736014394577794,0.0086590303502774,0.21636559068057565
3.026605321064213,PASSED,-0.28086252739428186,-0.001663622675980611,-0.039820775293606364,2.7360231601978073,0.008873021085379997,0.2124074980506072
3.027605521104221,PASSED,-0.28086421062277833,-0.0017029894380745818,-0.039064086627547255,2.736032137798846,0.00908300801806483,0.2083732224409826
3.028605721144229,PASSED,-0.2808659328340806,-0.0017415911459304782,-0.03829345534146247,2.7360413233397325,0.009288916034155275,0.20426454519008727
3.029605921184237,PASSED,-0.28086769325630606,-0.0017794140698154917,-0.03750923624738072,2.7360507127051155,0.009490671872917432,0.20008336781020347
3.030606121224245,PASSED,-0.28086949110402104,-0.001816444837040858,-0.03671178787735676,2.736060301707361,0.009688204217790096,0.19583166291430582
3.031606321264253,PASSED,-0.2808713255786002,-0.001852670435798754,-0.03590147267825539,2.736070086088466,0.0098814436652063,0.19151130375080377
3.032606521304261,PASSED,-0.28087319586858955,-0.0018880782199596473,-0.03507865848265228,2.736080061521997,0.01007032274190016,0.18712425865590057
3.033606721344269,PASSED,-0.28087510115007414,-0.0019226559125917774,-0.034243715398448546,2.7360902236150286,0.010254775935100218,0.18267248289616467
3.034606921384277,PASSED,-0.28087704058704954,-0.0019563916107311905,-0.033397019966722626,2.736100567910145,0.010434739756809511,0.1781580475847115
3.035607121424285,PASSED,-0.28087901333179716,-0.0019892737887986585,-0.0325389501346322,2.7361110898874244,0.010610152709562467,0.17358288953178733
3.036607321464293,PASSED,-0.28088101852526376,-0.0020212913020682993,-0.03166988869297972,2.7361217849664614,0.0107809552993392,0.16894905660669524
3.037607521504301,PASSED,-0.2808830552974435,-0.00205243338950255,-0.030790219928432002,2.7361326485084123,0.010947090130298357,0.16425868052746287
3.038607721544309,PASSED,-0.28088512276776456,-0.0020826896788368027,-0.02990033560479902,2.7361436758180386,0.011108501837884728,0.15951372562564378
3.039607921584317,PASSED,-0.2808872200454779,-0.002112050188369562,-0.02900062548473273,2.736154862145786,0.011265137123485435,0.15471632558408238
3.040608121624325,PASSED,-0.28088934623004985,-0.0021405053294251447,-0.028091484769482426,2.73616620268988,0.011416944839020835,0.14986864216961132
3.041608321664333,PASSED,-0.2808915004115572,-0.002168045910681125,-0.027173312246978547,2.7361776925984156,0.011563875904477112,0.14497268098072216
3.042608521704341,PASSED,-0.2808936816710848,-0.0021946631397401772,-0.026246506933767677,2.736189326971495,0.011705883370040618,0.14003065528536052
3.043608721744349,PASSED,-0.2808958890811265,-0.0022203486258497904,-0.02531147222684298,2.736201100863348,0.011842922454791937,0.1350447043952932
3.044608921784357,PASSED,-0.28089812170598716,-0.002245094381909788,-0.024368611948767768,2.7362130092844774,0.011974950497603725,0.13001693508945064
3.045609121824365,PASSED,-0.28090037860218836,-0.0022688928273957515,-0.023418334510760582,2.736225047203824,0.012101927007904882,0.12494956044229273
3.046609321864373,PASSED,-0.28090265881887466,-0.002291736789206041,-0.022461046676642032,2.7362372095509317,0.012223813690424403,0.11984476390434232
3.047609521904381,PASSED,-0.28090496139822296,-0.002313619504037467,-0.021497160267948408,2.736249491218119,0.012340574401338381,0.11470467558706836
3.048609721944389,PASSED,-0.28090728537585263,-0.002334534620302907,-0.020527086930434278,2.7362618870626743,0.01245217519983982,0.10953154711101735
3.049609921984397,PASSED,-0.28090962978123774,-0.002354476198616074,-0.019551239234989422,2.736274391909052,0.012558584369104116,0.10432758403315032
3.050610122024405,PASSED,-0.2809119936381204,-0.002373438714045271,-0.01857003289200195,2.736287000551062,0.012659772349378907,0.09909491110255433
3.051610322064413,PASSED,-0.2809143759649251,-0.0023914170562626983,-0.017583881767710897,2.7362997077541054,0.012755711838990444,0.09383587528419332
3.052610522104421,PASSED,-0.28091677577517427,-0.0024084065311697662,-0.01659320366663878,2.7363125082573525,0.012846377732574356,0.08855257245038868
3.053610722144429,PASSED,-0.2809191920779047,-0.002424402861520488,-0.015598414806777112,2.736325396775998,0.012931747139818331,0.08324729710636501
3.054610922184437,PASSED,-0.2809216238780846,-0.0024394021869974885,-0.014599932590482175,2.736338368003455,0.013011799409075573,0.07792225069115848
3.055611122224445,PASSED,-0.2809240701770305,-0.002453401065099814,-0.013598175110221381,2.736351416613596,0.013086516104408077,0.07257965842673579
3.056611322264453,PASSED,-0.28092652997282574,-0.002466396471454376,-0.012593560517455912,2.736364537262973,0.01315588101919424,0.06722175235911203
3.057611522304461,PASSED,-0.28092900226073797,-0.002478385799288904,-0.01158650604590954,2.7363777245930505,0.013219880186314033,0.061850776960248474
3.058611722344469,PASSED,-0.280931486033637,-0.0024893668593878337,-0.0105774294676097,2.73639097323243,0.013278501852803678,0.05646892617591
3.059611922384477,PASSED,-0.28093398028241245,-0.0024993378809934066,-0.009566749697547802,2.736404277799071,0.013331736481338192,0.05107843010691634
3.060612122424485,PASSED,-0.2809364839963913,-0.00250829750969692,-0.008554881374157115,2.7364176329025267,0.013379576788769077,0.04568155898019999
3.061612322464493,PASSED,-0.2809389961637543,-0.0025162448073418747,-0.007542241825485894,2.7364310331461605,0.01342201770093986,0.04028048096450247
3.062612522504501,PASSED,-0.28094151577195203,-0.002523179252155004,-0.006529246804891857,2.736444473129364,0.013459056336376918,0.03487740508542982
3.063612722544509,PASSED,-0.2809440418081204,-0.002529100736686097,-0.005516309681893664,2.736457947449767,0.013490692048024345,0.02947458268875829
3.064612922584517,PASSED,-0.2809465732594942,-0.0025340095665104955,-0.004503843252735304,2.7364714507054586,0.013516926410666489,0.024074215944402948
3.065613122624525,PASSED,-0.2809491091138205,-0.0025379064604371263,-0.0034922610425611542,2.73648497749717,0.013537763149795655,0.01867842125234291
3.066613322664533,PASSED,-0.28095164835976993,-0.002540792547799424,-0.002481971575454914,2.7364985224304905,0.013553208220164932,0.013289503113901391
3.067613522704541,PASSED,-0.2809541899873466,-0.0025426693662670852,-0.00147338306246531,2.736512080118036,0.013563269758662668,0.007909562086958834
3.068613722744549,PASSED,-0.2809567329882966,-0.0025435388619056438,-0.0004669040226203172,2.7365256451816404,0.013567958050803425,0.002540778843286519
3.069613922784557,PASSED,-0.28095927635651424,-0.0025434033863205867,0.0005370619901753452,2.7365392122545127,0.013567285560566252,-0.0028146696241467596
3.070614122824565,PASSED,-0.28096181908844636,-0.0025422656934811247,0.0015381134056531892,2.7365527759834003,0.013561266909105306,-0.008154639352147643
3.071614322864573,PASSED,-0.28096436018349497,-0.0025401289393044415,0.002535848024037295,2.7365663310307378,0.013549918850925904,-0.01347700406423698
3.0726145229045807,PASSED,-0.28096689864441654,-0.002536996678207285,0.003529869812569025,2.7365798720767724,0.013533260260555994,-0.018779647907024258
3.0736147229445887,PASSED,-0.2809694334777198,-0.002532872860549407,0.004519782888084054,2.7365933938216873,0.013511312133435772,-0.02406044659568506
3.0746149229845967,PASSED,-0.2809719636940603,-0.0025277618300109566,0.0055051956386949,2.736606890987715,0.01348409757625807,-0.029317297565712257
3.0756151230246047,PASSED,-0.2809744883086324,-0.0025216683212238135,0.006485717552775541,2.7366203583212125,0.013451641750041479,-0.03454817865050784
3.0766153230646127,PASSED,-0.28097700634155814,-0.0025145974557660013,0.007460964061170097,2.7366337905947535,0.013413971902164269,-0.03975096069500887
3.0776155231046207,PASSED,-0.28097951681827316,-0.002506554739590054,0.008430550919132012,2.7366471826091856,0.013371117354409873,-0.04492360579399006
3.0786157231446287,PASSED,-0.28098201876990925,-0.002497546059890826,0.009394098885958643,2.736660529195658,0.01332310940731404,-0.05006417463039668
3.0796159231846367,PASSED,-0.28098451123367374,-0.0024875776812267815,0.010351231849434478,2.736673825217661,0.013269981406097291,-0.055170552274316685
3.0806161232246447,PASSED,-0.28098699325322474,-0.0024766562417561297,0.011301577884796672,2.7366870655730207,0.013211768711560112,-0.06024078937909137
3.0816163232646527,PASSED,-0.2809894638790436,-0.0024647887499169843,0.012244767808711476,2.736700245195898,0.01314850863332725,-0.0652729374687096
3.0826165233046607,PASSED,-0.2809919221688028,-0.0024519825805528537,0.013180437067742783,2.736713359058736,0.013080240426071818,-0.07026505377991046
3.0836167233446687,PASSED,-0.2809943671877298,-0.002438245470127554,0.0141082259970042,2.7367264021742206,0.013007005313177687,-0.07521515230361295
3.0846169233846767,PASSED,-0.28099679800896776,-0.0024235855136796845,0.015027776748446556,2.7367393695971924,0.012928846411195159,-0.08012140176847143
3.0856171234246847,PASSED,-0.2809992137139307,-0.0024080111595496103,0.015938739051158893,2.736752256426545,0.012845808699139986,-0.08498191891297271
3.0866173234646928,PASSED,-0.2810016133926555,-0.002391531205323502,0.016840764342741826,2.7367650578071188,0.012757939080028839,-0.08979475257659598
3.0876175235047008,PASSED,-0.28100399614414834,-0.002374154793238526,0.017733510579798342,2.736777768931529,0.012665286250670399,-0.09455821387967012
3.0886177235447088,PASSED,-0.28100636107672716,-0.0023558914056794338,0.018616638878621482,2.7367903850420126,0.012567900715916337,-0.09927041533698992
3.0896179235847168,PASSED,-0.2810087073083594,-0.0023367508602217977,0.019489816510312997,2.736802901432221,0.012465834822792413,-0.10392954498187817
3.0906181236247248,PASSED,-0.2810110339669942,-0.002316743303738429,0.020352716465406415,2.7368153134490005,0.012359142638858102,-0.10853394323593384
3.0916183236647328,PASSED,-0.28101334019089025,-0.00229587920927753,0.021205013124560617,2.7368276164941436,0.012247879964357366,-0.11308182867727157
3.0926185237047408,PASSED,-0.28101562512893863,-0.002274169369813216,0.022046390357483188,2.736839806026106,0.012132104340945565,-0.1175714865681552
3.0936187237447488,PASSED,-0.28101788794097937,-0.002251624891605023,0.022876536775331715,2.7368518775617083,0.012011874973534935,-0.1220012879722806
3.094618923784757,PASSED,-0.28102012779811386,-0.0022282571914836566,0.023695142352056716,2.736863826677797,0.011887252706189825,-0.1263695869269987
3.095619123824765,PASSED,-0.28102234388301095,-0.002204077989606504,0.024501908227217015,2.736875649012886,0.011758300028237368,-0.13067473863609733
3.096619323864773,PASSED,-0.28102453539020805,-0.0021790993036657743,0.025296537749737794,2.7368873402687552,0.011625081007379369,-0.13491520900593573
3.097619523904781,PASSED,-0.2810267015264061,-0.002153333444034002,0.02607874088646153,2.73689889621204,0.011487661275200031,-0.13908941429493785
3.098619723944789,PASSED,-0.2810288415107589,-0.0021267930076310755,0.026848233413903657,2.7369103126757754,0.011346108010787484,-0.1431958311576164
3.099619923984797,PASSED,-0.2810309545751567,-0.00209949087140067,0.02760473810807372,2.7369215855608915,0.011200489850481861,-0.14723304640429477
3.100620124024805,PASSED,-0.2810330399645035,-0.002071440187188743,0.028347981614495067,2.7369327108377273,0.011050876940570645,-0.1511994855824967
3.101620324064813,PASSED,-0.2810350969369885,-0.00204265437487894,0.02907769944000819,2.7369436845474575,0.01089734085751393,-0.15509381470619582
3.102620524104821,PASSED,-0.28103712476435116,-0.002013147116385796,0.029793631195234656,2.7369545028035183,0.010739954536601324,-0.15891465838354718
3.103620724144829,PASSED,-0.2810391227321403,-0.0019829323499057673,0.030495523336558448,2.7369651617929898,0.010578792321534988,-0.1626605861881955
3.104620924184837,PASSED,-0.2810410901399664,-0.0019520242618581566,0.031183131188312126,2.73697565777795,0.01041392989483505,-0.16633032037443288
3.105621124224845,PASSED,-0.28104302630174793,-0.0019204372826473787,0.0318562112257552,2.736985987096782,0.010245444191327873,-0.16992262559567373
3.106621324264853,PASSED,-0.28104493054595076,-0.0018881860787861202,0.03251453228492737,2.7369961461654655,0.010073413449275226,-0.1734361530239636
3.107621524304861,PASSED,-0.2810468022158209,-0.0018552855453220593,0.03315786758348299,2.737006131478816,0.0098979171392514,-0.1768697480237387
3.108621724344869,PASSED,-0.28104864066961116,-0.0018217508012943614,0.03378599499050795,2.737015939611689,0.009719035874506605,-0.18022227589216452
3.109621924384877,PASSED,-0.28105044528080037,-0.0017875971821197324,0.034398701964043044,2.7370255672201673,0.00953685147472023,-0.1834924823825136
3.110622124424885,PASSED,-0.28105221543830616,-0.0017528402312259948,0.034995783513533954,2.7370350110426886,0.009351446874731642,-0.18667934505930384
3.111622324464893,PASSED,-0.28105395054669063,-0.0017174956948280797,0.03557703832083605,2.737044267901146,0.009162906046603065,-0.18978181684142512
3.112622524504901,PASSED,-0.28105565002635907,-0.0016815795152469943,0.03614227375458495,2.737053334701955,0.00897131404873152,-0.19279878522495972
3.113622724544909,PASSED,-0.28105731331375194,-0.0016451078221488055,0.03669130599392452,2.7370622084370777,0.00877675695283426,-0.1957293030121283
3.114622924584917,PASSED,-0.2810589398615295,-0.0016080969261973745,0.037223955923101966,2.7370708861850113,0.008579321759818742,-0.19857245301777823
3.115623124624925,PASSED,-0.2810605291387491,-0.0015705633126836362,0.03774005190749562,2.7370793651117373,0.008379096426406203,-0.20132725367571222
3.116623324664933,PASSED,-0.28106208063103577,-0.0015325236333365482,0.03823943097348293,2.7370876424716304,0.008176169809544514,-0.20399285898567646
3.117623524704941,PASSED,-0.2810635938407455,-0.0014939946996088847,0.03872193556378381,2.7370957156083384,0.007970631600289562,-0.2065684427678005
3.118623724744949,PASSED,-0.28106506828712047,-0.0014549934743498907,0.03918741838913418,2.737103581955606,0.0077625723090085,-0.20905319028990324
3.119623924784957,PASSED,-0.28106650350643825,-0.0014155370660995108,0.03963573482454371,2.7371112390380796,0.007552083232763765,-0.21144633354795564
3.120624124824965,PASSED,-0.2810678990521524,-0.0013756427206957629,0.040066752456550885,2.737118684472057,0.007339256394315463,-0.21374717504853322
3.121624324864973,PASSED,-0.28106925449502623,-0.0013353278132144657,0.04048034416446161,2.737125915966198,0.007124184499703132,-0.21595504098819746
3.122624524904981,PASSED,-0.28107056942325936,-0.0012946098422893125,0.04087638876561413,2.7371329313222157,0.0069069609444128354,-0.218069231491697
3.123624724944989,PASSED,-0.28107184344260644,-0.0012535064213121628,0.041254775784840124,2.737139728435495,0.006687679714154612,-0.22008922943590836
3.124624924984997,PASSED,-0.281073076176488,-0.0012120352701259429,0.04161540145380662,2.7371463052956972,0.006466435358367093,-0.22201444002192483
3.125625125025005,PASSED,-0.28107426726609497,-0.001170214210363175,0.04195816530207581,2.737152659987325,0.006243323014295855,-0.22384428010411386
3.126625325065013,PASSED,-0.28107541637048417,-0.0011280611553407063,0.042282981502730535,2.7371587906902133,0.006018438259148963,-0.22557840517541042
3.127625525105021,PASSED,-0.2810765231666676,-0.0010855941025619733,0.0425897669627346,2.7371646956800273,0.005791877131953144,-0.22721627520942492
3.128625725145029,PASSED,-0.28107758734969296,-0.0010428311276223247,0.04287844692425785,2.7371703733286887,0.005563736136508241,-0.22875747560188844
3.129625925185037,PASSED,-0.28107860863271766,-0.0009997903759077738,0.04314895490807962,2.737175822104767,0.0053341120966332,-0.23020174939047738
3.130626125225045,PASSED,-0.28107958674707434,-0.0009564900543578906,0.04340123264441895,2.7371810405738373,0.00510310217065147,-0.23154871037589822
3.131626325265053,PASSED,-0.28108052144232937,-0.0009129484246153902,0.043635227807888206,2.737186027398788,0.004870803848413132,-0.2327980634799659
3.132626525305061,PASSED,-0.2810814124863335,-0.000869183795621942,0.043850896450488126,2.737190781340101,0.004637314848149122,-0.23394962478670683
3.133626725345069,PASSED,-0.2810822596652649,-0.0008252145151687458,0.04404820312166817,2.737195301256069,0.0044027330724175535,-0.2350032096948091
3.134626925385077,PASSED,-0.2810830627836647,-0.0007810589623116693,0.04422711934734872,2.7371995861030016,0.004167156643588995,-0.23595857491772507
3.135627125425085,PASSED,-0.2810838216644649,-0.0007367355413078868,0.044387622108071775,2.7372036349353706,0.003930683801965099,-0.23681568609467551
3.136627325465093,PASSED,-0.2810845361490086,-0.0006922626721872495,0.04452970046234782,2.7372074469059124,0.0036934128352738237,-0.23757448708900877
3.137627525505101,PASSED,-0.2810852060970628,-0.000647658783804006,0.04465334699717391,2.7372110212656993,0.003455442117470627,-0.23823487161265525
3.138627725545109,PASSED,-0.28108583138682347,-0.0006029423069047437,0.0447585635006546,2.7372143573641834,0.0032168700572373058,-0.2387968526470986
3.139627925585117,PASSED,-0.28108641191491335,-0.0005581316659925431,0.044845359186564585,2.7372174546491643,0.0029777949683198884,-0.23926057976429665
3.140628125625125,PASSED,-0.2810869475963722,-0.000513245271987664,0.044913750550422196,2.7372203126667434,0.002738315109992429,-0.23962604403623408
3.141628325665133,PASSED,-0.2810874383646392,-0.000468301514386962,0.04496376230088851,2.737222931061237,0.0024985286768671676,-0.23989335918461324
3.142628525705141,PASSED,-0.2810878841715279,-0.000423318754034724,0.04499542571980443,2.73722530957505,0.002258533677208943,-0.24006275997396573
3.143628725745149,PASSED,-0.28108828498719485,-0.000378315317032407,0.04500877785732541,2.737227448048485,0.0020184278927418723,-0.24013446746247363
3.144628925785157,PASSED,-0.2810886408000991,-0.0003333094850023286,0.045003868145247046,2.7372293464195447,0.001778308929424786,-0.24010862722016177
3.145629125825165,PASSED,-0.2810889516169557,-0.0002883194886141076,0.04498074855020372,2.737231004723685,0.0015382741274685547,-0.23998558511361082
3.146629325865173,PASSED,-0.2810892174626812,-0.00024336350198506172,0.04493947868160735,2.737232423093519,0.0012984204658040034,-0.23976571269851127
3.147629525905181,PASSED,-0.2810894383803322,-0.00019845963335899923,0.04488012858903254,2.7372336017584815,0.0010588445965067027,-0.23944930702982697
3.148629725945189,PASSED,-0.2810896144310364,-0.0001536259174827348,0.04480277406775233,2.7372345410444843,0.0008196428322937268,-0.23903673566840855
3.149629925985197,PASSED,-0.2810897456939169,-0.00010888031117244647,0.044707494471979,2.737235241373486,0.0005809109968289122,-0.2385285686624187
3.150630126025205,PASSED,-0.28108983226600887,-6.424068455664323e-05,0.04459438137835271,2.737235703263063,0.0003427444618977676,-0.23792517911029518
3.151630326065213,PASSED,-0.28108987426216936,-1.9724812423169015e-05,0.044463532636888556,2.737235927325923,0.00010523814646155612,-0.2372270729868224
3.152630526105221,PASSED,-0.28108987181498024,2.464962993671496e-05,0.04431504884188092,2.737235914269392,-0.00013151360897650376,-0.23643487707221825
3.153630726145229,PASSED,-0.2810898250746442,6.886507383211956e-05,0.044149040597753715,2.7372356648948495,-0.0003674170505600535,-0.23554915125777076
3.154630926185237,PASSED,-0.2810897342088733,0.00011290406745375715,0.043965628970893525,2.737235180097138,-0.0006023789993584376,-0.23457048049212623
3.155631126225245,PASSED,-0.2810895994027714,0.00015674927908197118,0.04376493339976105,2.737234460863943,-0.0008363069289425424,-0.23349956231209074
3.156631326265253,PASSED,-0.2810894208587095,0.00020038350351370054,0.04354708511970822,2.7372335082751156,-0.0010691090263066042,-0.23233712073204255
3.157631526305261,PASSED,-0.28108919879619465,0.00024378967255558512,0.04331222499000215,2.737232323501972,-0.0013006941823680087,-0.23108384628097905
3.158631726345269,PASSED,-0.2810889334517316,0.0002869508586039571,0.04306049342061854,2.7372309078065715,-0.0015309720083191828,-0.22974047906463724
3.159631926385277,PASSED,-0.28108862507867843,0.00032985028041008493,0.04279204072980072,2.7372292625409185,-0.0017598529675679076,-0.22830794603811663
3.160632126425285,PASSED,-0.28108827394709607,0.00037247131228082986,0.042507025964707755,2.7372273891461836,-0.001987248308762644,-0.22678693796581623
3.161632326465293,PASSED,-0.2810878803435904,0.0004147974891251962,0.042205610764138736,2.737225289151847,-0.002213070117376335,-0.2251783890456075
3.162632526505301,PASSED,-0.28108744457114887,0.0004568125116029145,0.041887963620104794,2.737222964174826,-0.0024372314266561347,-0.2234832561025952
3.163632726545309,PASSED,-0.2810869669489709,0.0004985002534322713,0.041554260635524726,2.7372204159185705,-0.00265964616190918,-0.22170238802001221
3.164632926585317,PASSED,-0.28108644781229153,0.0005398447684187466,0.041204684553775794,2.737217646172128,-0.0028802291763151875,-0.21983676533000487
3.165633126625325,PASSED,-0.28108588751219965,0.0005808302943624801,0.04083942020370518,2.7372146568091584,-0.0030988963666342463,-0.21788747364509523
3.166633326665333,PASSED,-0.2810852864154501,0.0006214412600393111,0.04045866265891479,2.737211449786942,-0.0033155646293189095,-0.21585545537770875
3.167633526705341,PASSED,-0.2810846449042698,0.0006616622913045416,0.040062610336107723,2.7372080271453356,-0.0035301518856372337,-0.21374179027873502
3.168633726745349,PASSED,-0.28108396337615804,0.0007014782164492506,0.03965146835044314,2.7372043910057147,-0.003742577164954977,-0.2115476053437489
3.169633926785357,PASSED,-0.28108324224368153,0.0007408740711770695,0.03922544564606938,2.7372005435698643,-0.003952760620192348,-0.20927402183311875
3.170634126825365,PASSED,-0.2810824819342635,0.0007798351053906918,0.03878475992532435,2.73719648711887,-0.0041606235071017265,-0.20692213029355247
3.171634326865373,PASSED,-0.2810816828899675,0.0008183467880215207,0.03832963110116529,2.737192224011944,-0.004366088277472418,-0.20449319708878427
3.172634526905381,PASSED,-0.28108084556727575,0.0008563948114573131,0.03786028499221055,2.737187756685254,-0.004569078588367272,-0.20198838676556816
3.173634726945389,PASSED,-0.28107997043686245,0.0008939650979654019,0.037376954185340844,2.737183087650712,-0.004769519288948671,-0.199408909791954
3.174634926985397,PASSED,-0.2810790579833617,0.0009310438048350782,0.03687987532590005,2.737178219494723,-0.00496733651450101,-0.1967561027259292
3.175635127025405,PASSED,-0.28107810870513045,0.0009676173280767993,0.036369288518934936,2.73717315487693,-0.005162457676398393,-0.19403120134501922
3.176635327065413,PASSED,-0.2810771231140066,0.001003672308179027,0.03584544115775614,2.7371678965289163,-0.005354811465955983,-0.1912355150326389
3.177635527105421,PASSED,-0.2810761017350627,0.0010391956353108652,0.035308584447893046,2.7371624472528873,-0.00554432793393229,-0.18837043660541927
3.178635727145429,PASSED,-0.2810750451063537,0.0010741744529292924,0.034758973065450074,2.7371568099203296,-0.005730938478101526,-0.18543728254511446
3.179635927185437,PASSED,-0.28107395377866184,0.0011085961625374942,0.03419686730336966,2.7371509874706406,-0.0059145758647122,-0.18243745598771624
3.180636127225445,PASSED,-0.2810728283152355,0.001142448428797343,0.03362253223083472,2.7371449829097383,-0.006095174279593973,-0.17937238747781092
3.181636327265453,PASSED,-0.2810716692915248,0.0011757191833589962,0.0330362361155321,2.7371387993086462,-0.006272669328108199,-0.17624348920517077
3.182636527305461,PASSED,-0.28107047729491247,0.001208396628293451,0.032438250813736524,2.73713243980206,-0.006446998054890978,-0.17305221850118302
3.183636727345469,PASSED,-0.2810692529244409,0.0012404692410695629,0.03182885408436209,2.7371259075868775,-0.006618098995966832,-0.16980008945896682
3.184636927385477,PASSED,-0.28106799679053496,0.0012719257789770332,0.031208327122875593,2.737119205920734,-0.0067859121582760865,-0.16648854420944595
3.185637127425485,PASSED,-0.28106670951472096,0.0013027552809559287,0.030576951882909043,2.737112338120485,-0.0069503790654192495,-0.16311914909897526
3.186637327465493,PASSED,-0.28106539172934214,0.0013329470730341544,0.029935018875103588,2.737105307560698,-0.007111442781108716,-0.15969342674979287
3.187637527505501,PASSED,-0.2810640440772705,0.0013624907714502852,0.02928281811014911,2.7370981176721054,-0.007269047906351767,-0.15621292423855718
3.188637727545509,PASSED,-0.28106266721161505,0.0013913762850887358,0.028620643990651472,2.737090771940056,-0.0074231406034347015,-0.15267921231251957
3.189637927585517,PASSED,-0.28106126179542673,0.0014195938204094663,0.02794879620744991,2.737083273902927,-0.007573668639219166,-0.14909391809909367
3.190638127625525,PASSED,-0.2810598285014002,0.0014471338832200231,0.02726757387929476,2.7370756271505328,-0.007720581383111849,-0.1454586277550771
3.191638327665533,PASSED,-0.2810583680115725,0.0014739872819459687,0.026577281957045992,2.7370678353225264,-0.007863829788623156,-0.14177492401545935
3.192638527705541,PASSED,-0.28105688101701876,0.0015001451316911225,0.025878228270558617,2.737059902106758,-0.008003366478112147,-0.1380445331380117
3.193638727745549,PASSED,-0.2810553682175451,0.0015255988548400024,0.025170719734427208,2.7370518312376473,-0.008139145718512304,-0.1342690452415894
3.194638927785557,PASSED,-0.28105383032137915,0.0015503401851106255,0.024455070628087078,2.737043626494528,-0.008271123401159805,-0.13045010758477496
3.195639127825565,PASSED,-0.2810522680448572,0.0015743611710234838,0.023731596102706014,2.737035291699968,-0.00839925714363761,-0.1265894990731581
3.196639327865573,PASSED,-0.28105068211211026,0.001597654175135288,0.023000609451202903,2.7370268307181065,-0.008523506222645045,-0.1226887989636159
3.197639527905581,PASSED,-0.28104907325474615,0.0016202118791051093,0.022262433648899956,2.737018247452944,-0.008643831603473227,-0.11874976873789382
3.198639727945589,PASSED,-0.2810474422115312,0.001642027285147289,0.021517387637699278,2.737009545846648,-0.008760195992933578,-0.11477413660865098
3.199639927985597,PASSED,-0.2810457897280687,0.0016630937165890121,0.020765793977739092,2.737000729877839,-0.008872563790355443,-0.11076357129734168
3.200640128025605,PASSED,-0.2810441165564759,0.0016834048211983792,0.020007978363785685,2.7369918035598593,-0.008980901131907389,-0.10671985505501473
3.201640328065613,PASSED,-0.2810424234550596,0.0017029545723703963,0.019244266377505193,2.7369827709390413,-0.009085175905842974,-0.10264471985596474
3.202640528105621,PASSED,-0.2810407111879894,0.0017217372705372897,0.01847498602648569,2.7369736360929666,-0.009185357731806688,-0.09853989670221436
3.203640728145629,PASSED,-0.28103898052497034,0.0017397475443060614,0.017700465596962294,2.7369644031287166,-0.009281417980882292,-0.09440715065786187
3.204640928185637,PASSED,-0.2810372322409136,0.0017569803522244545,0.016921036132680235,2.736955076181114,-0.009373329797219072,-0.09024826012272603
3.205641128225645,PASSED,-0.28103546711560634,0.0017734309839183098,0.016137028734638913,2.736945659410957,-0.009461068089273644,-0.08606498000913672
3.206641328265653,PASSED,-0.2810336859333803,0.0017890950603014816,0.015348774815527207,2.7369361570032544,-0.009544609525813983,-0.08185907422781065
3.207641528305661,PASSED,-0.28103188948277985,0.0018039685348867401,0.01455660776507962,2.7369265731654506,-0.009623932562217363,-0.07763234452042593
3.208641728345669,PASSED,-0.28103007855622875,0.0018180476951992774,0.013760862010842156,2.736916912125646,-0.009699017432584525,-0.07338655426498687
3.209641928385677,PASSED,-0.28102825394969677,0.001831329162002925,0.01296186999885111,2.7369071781308265,-0.009769846138238999,-0.06912347324746682
3.210642128425685,PASSED,-0.2810264164623655,0.0018438098906194552,0.012159967694983145,2.736897375445064,-0.009836402487710482,-0.06484493362082977
3.211642328465693,PASSED,-0.281024566896294,0.001855487170642566,0.011355488241862183,2.736887508347741,-0.009898672069533695,-0.06055268062480083
3.212642528505701,PASSED,-0.28102270605608426,0.00186635862659713,0.010548767763032077,2.7368775811317643,-0.009956642240984264,-0.056248498667746054
3.213642728545709,PASSED,-0.2810208347485465,0.001876422217673835,0.009740139952487419,2.7368675981017767,-0.010010302164641735,-0.05193420698395391
3.214642928585717,PASSED,-0.28101895378236397,0.0018856762381914347,0.008929940894340927,2.736857563572371,-0.010059642787964299,-0.04761156754830256
3.215643128625725,PASSED,-0.2810170639677596,0.0018941193155005832,0.008118501585686968,2.7368474818663096,-0.010104656824412044,-0.04328234904737466
3.216643328665733,PASSED,-0.28101516611616095,0.0019017504119337822,0.007306159664873745,2.73683735731273,-0.010145338796243493,-0.03894838702083081
3.217643528705741,PASSED,-0.2810132610398669,0.001908568823463447,0.006493246106191875,2.7368271942453797,-0.010181684987735055,-0.034611394472050167
3.218643728745749,PASSED,-0.2810113495517148,0.0019145741772661298,0.005680092267010132,2.736816997000822,-0.010213693460353675,-0.03027319138300198
3.2196439287857572,PASSED,-0.28100943246474785,0.0019197664338500675,0.004867032795222576,2.736806769916682,-0.010241364044172446,-0.02593551210928745
3.2206441288257652,PASSED,-0.281007510591884,0.0019241458844180348,0.004054395749797286,2.73679651732986,-0.010264698346213349,-0.021600161995313186
3.2216443288657732,PASSED,-0.28100558474558507,0.0019277131497470305,0.0032425117151277686,2.7367862435747816,-0.010283699726652443,-0.01726885940161657
3.2226445289057812,PASSED,-0.28100365573752817,0.001930469178867204,0.002431707390203898,2.736775952981632,-0.010298373296943487,-0.012943377550660749
3.2236447289457892,PASSED,-0.281001724378277,0.00193241524943648,0.0016223126886576208,2.7367656498746165,-0.010308725911770324,-0.008625439677622977
3.2246449289857972,PASSED,-0.2809997914769555,0.0019335529644690097,0.0008146499284442246,2.7367553385702013,-0.010314766184863912,-0.00431682870423107
3.2256451290258052,PASSED,-0.2809978578409228,0.0019338842503033456,9.043104930291245e-06,2.7367450233754016,-0.01031650443021983,-1.9189790376001666e-05
3.2266453290658133,PASSED,-0.28099592427544984,0.0019334113571816635,-0.0007941839394233968,2.736734708586029,-0.010313952708862205,0.00426566212296109
3.2276455291058213,PASSED,-0.2809939915833976,0.0019321368557155426,-0.0015947131505860822,2.736724398485005,-0.01030712478028708,0.008536106209896695
3.2286457291458293,PASSED,-0.28099206056489723,0.0019300636351019412,-0.0023922255889452745,2.7367140973406348,-0.010296036092447135,0.01279040892664608
3.2296459291858373,PASSED,-0.28099013201703243,0.0019271949014148181,-0.003186405752575039,2.736703809404919,-0.010280703811291139,0.0170268626422308
3.2306461292258453,PASSED,-0.28098820673352404,0.0019235341748679619,-0.003976940409710523,2.7366935389118683,-0.010261146768684724,0.0212438292492052
3.2316463292658533,PASSED,-0.2809862855044165,0.0019190852883910548,-0.004763517188371513,2.736683290075838,-0.010237385437877649,0.02543966517898948
3.2326465293058613,PASSED,-0.28098436911576713,0.0019138523842516045,-0.005545828773502966,2.7366730670898716,-0.010209441963583183,0.029612680371450345
3.2336467293458693,PASSED,-0.28098245834933755,0.0019078399115821578,-0.006323568600076014,2.7366628741240415,-0.010177340150837731,0.033761234328120095
3.2346469293858773,PASSED,-0.2809805539822883,0.001901052624195509,-0.00709643324436426,2.736652715323835,-0.010141105385632837,0.037883785789410575
3.2356471294258853,PASSED,-0.28097865678687517,0.0018934955780465605,-0.00786412141867116,2.7366425948085316,-0.010100764672049598,0.041978665445792075
3.2366473294658933,PASSED,-0.28097676753015,0.001885174126712836,-0.008626337943760182,2.7366325166696046,-0.010056346633207426,0.046044287773091316
3.2376475295059013,PASSED,-0.2809748869736628,0.001876093919646713,-0.009382786481031804,2.7366224849691343,-0.010007881447552337,0.050079117576420445
3.2386477295459093,PASSED,-0.2809730158731679,0.0018662608997169622,-0.010133175562230045,2.736612503738239,-0.009955400848738541,0.054081586305379514
3.2396479295859173,PASSED,-0.28097115497833336,0.0018556812982494786,-0.010877218737652574,2.736602576975539,-0.009898938111708366,0.05805017084670479
3.2406481296259253,PASSED,-0.28096930503245315,0.0018443616318246218,-0.011614631549659644,2.7365927086456003,-0.009838528058361466,0.061983308347032605
3.2416483296659333,PASSED,-0.2809674667721631,0.0018323087006675304,-0.012345130895379485,2.7365829026774318,-0.009774207007032455,0.06587954665033029
3.2426485297059413,PASSED,-0.28096564092716025,0.001819529583674376,-0.013068441058337625,2.736573162963,-0.009706012725159445,0.06973743868813016
3.2436487297459493,PASSED,-0.2809638282199262,0.001806031633418474,-0.013784289720944962,2.736563493355736,-0.009633984490961135,0.073555431205099
3.2446489297859573,PASSED,-0.2809620293654536,0.001791822475258037,-0.014492403786764927,2.736553897669091,-0.009558163026970695,0.07733215251399987
3.2456491298259653,PASSED,-0.28096024507097683,0.0017769100019962211,-0.015192519578516289,2.736544379675089,-0.009478590453766096,0.08106618699833243
3.2466493298659733,PASSED,-0.2809584760357066,0.0017613023688856106,-0.01588437546534027,2.736534943102919,-0.009395310317514888,0.08475610241979209
3.2476495299059813,PASSED,-0.28095672295056856,0.0017450079913153627,-0.016567712306853385,2.73652559163755,-0.009308367536238033,0.08840056718156412
3.2486497299459893,PASSED,-0.28095498649794576,0.0017280355400437473,-0.01724227724812365,2.736516328918346,-0.00921780838721994,0.09199820357577879
3.2496499299859973,PASSED,-0.28095326735142595,0.0017103939361526896,-0.01790782165301371,2.7365071585377203,-0.00912368050424734,0.09554766923714714
3.2506501300260053,PASSED,-0.2809515661755524,0.0016920923478831145,-0.01856409934728253,2.736498084039819,-0.009026032807240616,0.09904771551977308
3.2516503300660133,PASSED,-0.2809498836255799,0.0016731401854179285,-0.019210871210454814,2.736489108919211,-0.00892491551430092,0.10249701121964233
3.2526505301060213,PASSED,-0.28094822034723455,0.001653547096394863,-0.019847900898139145,2.736480236619606,-0.008820380137941614,0.1058942864524134
3.2536507301460293,PASSED,-0.28094657697647857,0.0016333229619975877,-0.02047495673003259,2.736471470532613,-0.008712479389421176,0.10923838989912107
3.2546509301860373,PASSED,-0.28094495413927956,0.0016124778915169275,-0.021091812981078432,2.7364628139965026,-0.008601267209237356,0.11252804037361788
3.2556511302260454,PASSED,-0.28094335245138474,0.001591022217351223,-0.021698248288788326,2.736454270295005,-0.008486798758458937,0.11576205771495382
3.2566513302660534,PASSED,-0.28094177251809954,0.0015689664912094147,-0.022294044710488414,2.736445842656131,-0.008369130333097254,0.11893933712616811
3.2576515303060614,PASSED,-0.2809402149340715,0.0015463214788329447,-0.02287899082045773,2.736437534251024,-0.008248319357042868,0.12205873533986118
3.2586517303460694,PASSED,-0.28093868028307867,0.0015230981542882084,-0.02345288036092245,2.73642934819283,-0.008124424405379669,0.1251190958787574
3.2596519303860774,PASSED,-0.28093716913782385,0.0014993076948086907,-0.024015512225247903,2.736421287535601,-0.007997505118326781,0.12811941450230976
3.2606521304260854,PASSED,-0.2809356820597332,0.0014749614773808997,-0.024566687562819642,2.736413355273225,-0.007867622173324571,0.13105863200214152
3.2616523304660934,PASSED,-0.28093421959875986,0.0014500710726596615,-0.02510621616018375,2.7364055543383823,-0.007734837308423202,0.1339356868341862
3.2626525305061014,PASSED,-0.2809327822931938,0.0014246482376081325,-0.02563391431242553,2.736397887601524,-0.0075992132642411,0.1367496157473802
3.2636527305461094,PASSED,-0.2809313706694759,0.0013987049132872876,-0.026149597659791315,2.7363903578698916,-0.007460813724268177,0.13949948945661783
3.2646529305861174,PASSED,-0.28092998524201795,0.001372253218948118,-0.026653092125421784,2.73638296788655,-0.007319703346319702,0.1421843036097123
3.2656531306261254,PASSED,-0.2809286265130278,0.0013453054445462626,-0.027144229252811083,2.73637572032947,-0.007175947691605263,0.14480322211759164
3.2666533306661334,PASSED,-0.2809272949723405,0.0013178740462329577,-0.02762284435363417,2.73636861781061,-0.007029613209063736,0.14735532282415173
3.2676535307061414,PASSED,-0.2809259910972541,0.0012899716426379969,-0.02808877642251215,2.736361662875062,-0.006880767203866456,0.149839793446032
3.2686537307461494,PASSED,-0.2809247153523717,0.0012616110072817058,-0.028541874645476938,2.736354858000193,-0.006729477813146001,0.15225578890340394
3.2696539307861574,PASSED,-0.28092346818944897,0.001232805062247093,-0.028981991960703387,2.7363482055948465,-0.00657581396676557,0.15460255136511492
3.2706541308261654,PASSED,-0.2809222500472472,0.001203566874677035,-0.029408984642961256,2.736341707998554,-0.006419845355928157,0.1568793171522789
3.2716543308661734,PASSED,-0.28092106135139205,0.0011739096507411644,-0.02982271679780997,2.7363353674807773,-0.006261642430765807,0.15908533050239707
3.2726545309061814,PASSED,-0.2809199025142382,0.0011438467275066827,-0.03022306085892955,2.7363291862402113,-0.006101276305667452,0.16121998816232713
3.2736547309461894,PASSED,-0.28091877393473985,0.0011133915692463662,-0.030609889861241205,2.7363231664040626,-0.005938818808032947,0.1632825039492921
3.2746549309861974,PASSED,-0.28091767599832657,0.0010825577623461956,-0.03098308492612392,2.7363173100274127,-0.005774342406521652,0.16527233321929607
3.2756551310262054,PASSED,-0.2809166090767856,0.001051359006998248,-0.03134253562916306,2.7363116190925854,-0.0056079201411698195,0.16718888677352253
3.2766553310662134,PASSED,-0.28091557352814994,0.0010198091120374002,-0.03168813451530448,2.7363060955085405,-0.005439625685258086,0.16903150200387376
3.2776555311062214,PASSED,-0.2809145696965917,0.0009879219913853357,-0.03201977807657133,2.7363007411103264,-0.005269533234279322,0.1707997502953579
3.2786557311462294,PASSED,-0.28091359791232245,0.0009557116547025173,-0.03233737575364985,2.7362955576585346,-0.0050977174825149124,0.17249308607711153
3.2796559311862374,PASSED,-0.2809126584914985,0.0009231922026286897,-0.0326408362872792,2.736290546838799,-0.004924253657413081,0.1741109844516428
3.2806561312262454,PASSED,-0.280911751736133,0.0008903778225704377,-0.03293007590556747,2.7362857102613334,-0.004749217406817582,0.17565309469140356
3.2816563312662534,PASSED,-0.2809108779340135,0.000857282779991529,-0.03320502036113638,2.736281049460482,-0.004572684797287019,0.17711895275667036
3.2826565313062614,PASSED,-0.28091003735862574,0.0008239214136934328,-0.033465596922735937,2.736276565894335,-0.004394732292779644,0.17850820567451015
3.2836567313462695,PASSED,-0.28090923026908365,0.0007903081300392053,-0.03371174147522203,2.7362722609443293,-0.004215436732167907,0.17982046390322176
3.2846569313862775,PASSED,-0.280908456910065,0.0007564573962853948,-0.03394339527286945,2.7362681359149255,-0.00403487525484371,0.18105548627151527
3.2856571314262855,PASSED,-0.2809077175117532,0.00072238373487884,-0.03416050549567838,2.7362641920333015,-0.003853125277221794,0.18221297185551624
3.2866573314662935,PASSED,-0.2809070122897858,0.0006881017167422311,-0.03436302656389581,2.736260430449052,-0.003670264541588932,0.18329257815109198
3.2876575315063015,PASSED,-0.280906341445208,0.0006536259563609221,-0.034550916259584515,2.736256852233976,-0.0034863709551697475,0.1842942585979126
3.2886577315463095,PASSED,-0.2809057051644328,0.0006189711051213687,-0.03472414122619926,2.7362534583818414,-0.003301522622507081,0.18521771537250278
3.2896579315863175,PASSED,-0.28090510361920773,0.0005841518441912308,-0.034882674066096984,2.7362502498082204,-0.003115797860994087,0.18606279227332156
3.2906581316263255,PASSED,-0.2809045369665864,0.0005491828807466241,-0.03502648969694646,2.7362472273503315,-0.0029292750798126117,0.18682944045357758
3.2916583316663335,PASSED,-0.28090400534890714,0.0005140789402539631,-0.0351555743564708,2.736244391766932,-0.002742032779826715,0.1875175396741094
3.2926585317063415,PASSED,-0.28090350889377735,0.000478854759746625,-0.035269917941249534,2.7362417437382294,-0.0025541495637175756,0.18812700039915928
3.2936587317463495,PASSED,-0.2809030477140638,0.00044352508448573737,-0.03536951347397969,2.7362392838658307,-0.002365704057119612,0.18865784406383296
3.2946589317863575,PASSED,-0.28090262190788917,0.00040810465956922113,-0.03545436587820731,2.7362370126727376,-0.0021767748467389314,0.1891101212585791
3.2956591318263655,PASSED,-0.28090223155863414,0.0003726082241991264,-0.035524481698019646,2.736234930603336,-0.001987440550706622,0.1894837458814635
3.2966593318663735,PASSED,-0.2809018767349463,0.0003370505069424496,-0.03557987429578163,2.7362330380234616,-0.0017977797063231744,0.18977891005143685
3.2976595319063815,PASSED,-0.280901557490754,0.00030144621895621354,-0.035620563779872376,2.736231335220467,-0.0016078707241956162,0.1899956968449723
3.2986597319463895,PASSED,-0.2809012738652871,0.00026581004755532606,-0.03564657648156418,2.7362298224033395,-0.0014177919244454714,0.1901342016869267
3.2996599319863975,PASSED,-0.2809010258831029,0.00023015665109130633,-0.0356579431189901,2.7362284997028246,-0.0012276214864687743,0.19019459550321083
3.300660132026405,PASSED,-0.2809008135541184,0.0001945006533153221,-0.035654700880647025,2.736227367171613,-0.0010374373592392187,0.19017714838045183
3.301660332066413,PASSED,-0.28090063687364836,0.00015885663641616936,-0.03563689424482321,2.736226424784541,-0.0008473172846559578,0.19008202538513372
3.302660532106421,PASSED,-0.2809004958224491,0.0001232391359478118,-0.03560457128404714,2.7362256724388176,-0.000657338789577927,0.18990947487329551
3.303660732146429,PASSED,-0.2809003903667679,8.766263547654239e-05,-0.035557786596084245,2.7362251099542942,-0.0004675790853913222,0.1896598570621444
3.304660932186437,PASSED,-0.28090032045839886,5.2141559672901544e-05,-0.0354966019420119,2.736224737073763,-0.0002781150658050989,0.1893334612689426
3.305661132226445,PASSED,-0.2809002860347435,1.669026945501309e-05,-0.03542108240180616,2.7362245534632703,-8.90233303535921e-05,0.18893058490654963
3.306661332266453,PASSED,-0.280900287018878,-1.8676943717296846e-05,-0.035331300352645784,2.7362245587124923,9.961994013330008e-05,0.18845172754045386
3.307661532306461,PASSED,-0.28090032331962506,-5.394586372382355e-05,-0.03522733310911398,2.7362247523351013,0.0002877389540893369,0.18789720489975886
3.308661732346469,PASSED,-0.28090039483163265,-8.910235548478146e-05,-0.03510926419552053,2.7362251337692,0.00047525833347455824,0.18726749570886303
3.309661932386477,PASSED,-0.280900501435457,-0.0001241323700707434,-0.034977181512922846,2.7362257023777476,0.0006621031704952126,0.18656306456184862
3.310662132426485,PASSED,-0.2809006429976518,-0.00015902195010374125,-0.034831179046381264,2.7362264574490487,0.0008481990522228737,0.18578442650486945
3.311662332466493,PASSED,-0.2809008193708628,-0.0001937572356224431,-0.03467135650024888,2.7362273981972587,0.0010334720912892764,0.1849321141074249
3.312662532506501,PASSED,-0.2809010303939278,-0.00022832446950904882,-0.03449781881084361,2.736228523762896,0.0012178489088094419,0.1840066197953259
3.313662732546509,PASSED,-0.28090127589198133,-0.0002627100020549949,-0.034310675036014454,2.7362298332134314,0.001401256746000049,0.18300864878746098
3.314662932586517,PASSED,-0.28090155567656594,-0.000296900297059621,-0.0341100416503672,2.7362313255438497,0.001583623428557693,0.1819387050710993
3.315663132626525,PASSED,-0.2809018695457473,-0.00033088193642116635,-0.03389603783566409,2.7362329996772887,0.0017648774006694802,0.18079748347224606
3.316663332666533,PASSED,-0.28090221728423515,-0.00036464162514017955,-0.033668789307912506,2.7362348544656694,0.0019449477856927546,0.17958565272395965
3.317663532706541,PASSED,-0.2809025986635094,-0.00039816619754776665,-0.03342842780737017,2.7362368886903696,0.002123764377592599,0.17830388468376768
3.318663732746549,PASSED,-0.28090301344195134,-0.0004314426211100916,-0.03317508739896155,2.736239101062924,0.002301257679734308,0.17695291378033667
3.319663932786557,PASSED,-0.28090346136497896,-0.0004644580008938594,-0.03290890804030535,2.7362414902257446,0.0024773589422657574,0.17553349503219132
3.320664132826565,PASSED,-0.2809039421651882,-0.0004971995862396786,-0.03263003688282842,2.7362440547528832,0.002652000187022341,0.17404641123951156
3.321664332866573,PASSED,-0.2809044555624986,-0.0005296547745260818,-0.032338622555453056,2.736246793150787,0.002825114192813421,0.17249240215879208
3.322664532906581,PASSED,-0.28090500126430334,-0.0005618111147753398,-0.03203481871179474,2.736249703859113,0.00299663456887599,0.17087235866508704
3.323664732946589,PASSED,-0.2809055789656248,-0.0005936563145463617,-0.03171878714384014,2.7362527852515615,0.0031664957964541805,0.16918714018692615
3.324664932986597,PASSED,-0.28090618834927356,-0.0006251782430233969,-0.03139068936583163,2.736256035636702,0.0033346331594218295,0.16743751148813135
3.325665133026605,PASSED,-0.28090682908601317,-0.0006563649352407716,-0.031050694118403502,2.7362594532588713,0.003500982851732608,0.16562447952587683
3.326665333066613,PASSED,-0.28090750083472826,-0.0006872045975346386,-0.030698974410842454,2.736263036299061,0.0036654820121599084,0.16374894769491538
3.327665533106621,PASSED,-0.28090820324259785,-0.0007176856114468706,-0.030335706913158254,2.7362667828758425,0.0038280686671027715,0.16181179310816135
3.328665733146629,PASSED,-0.2809089359452723,-0.0007477965374945347,-0.029961072137334666,2.736270691046303,0.0039886817974473954,0.15981402183559806
3.329665933186637,PASSED,-0.2809096985670548,-0.0007775261198073501,-0.029575255763135903,2.73627475880702,0.0041472613978062265,0.15775665270765352
3.330666133226645,PASSED,-0.28091049072108676,-0.0008068632900853078,-0.029178446621172187,2.7362789840950588,0.004303748456912138,0.15564066337141783
3.331666333266653,PASSED,-0.28091131200953756,-0.0008357971714550148,-0.028770837868730203,2.7362833647889557,0.004458084933636284,0.15346701895929712
3.332666533306661,PASSED,-0.28091216202379793,-0.0008643170825216621,-0.02835262653192551,2.7362878987097683,0.004610213869416828,0.15123688032804142
3.333666733346669,PASSED,-0.28091304034467696,-0.0008924125411585608,-0.027924013373547413,2.7362925836221232,0.004760079388864615,0.14895127886095286
3.334666933386677,PASSED,-0.2809139465426034,-0.000920073267943582,-0.02748520239267053,2.73629741723529,0.004907626650426306,0.1466112500288485
3.335667133426685,PASSED,-0.28091488017783006,-0.0009472891896935667,-0.02703640132152727,2.73630239720426,0.005052801917477229,0.14421794506564087
3.336667333466693,PASSED,-0.2809158408006425,-0.0009740504439406925,-0.02657782286419175,2.736307521130865,0.005195552605984318,0.14177251746805503
3.337667533506701,PASSED,-0.28091682795157036,-0.0010003473810779484,-0.026109679985965428,2.7363127865649064,0.005335827249806124,0.13927606139097282
3.338667733546709,PASSED,-0.28091784116160234,-0.0010261705679537104,-0.025632191468959637,2.7363181910052963,0.005473575524219741,0.13672974976204555
3.339667933586717,PASSED,-0.28091887995240483,-0.001051510792458683,-0.025145579862314377,2.736323731901221,0.005608748293699599,0.13413478262506678
3.340668133626725,PASSED,-0.28091994383654334,-0.0010763590647514386,-0.024650067246383116,2.7363294066533213,0.005741297608656513,0.13149233651147701
3.341668333666733,PASSED,-0.28092103231770693,-0.0011007066205241925,-0.024145881457000782,2.736335212614896,0.005871176724562218,0.12880363550185706
3.342668533706741,PASSED,-0.280922144890936,-0.001124544926032679,-0.023633254876143633,2.7363411470930994,0.005998340103684208,0.12606987486874704
3.343668733746749,PASSED,-0.28092328104285236,-0.0011478656784651188,-0.023112417469970843,2.7363472073501893,0.006122743466892156,0.12329235543408179
3.3446689337867572,PASSED,-0.28092444025189295,-0.0011706608091013168,-0.022583606080348977,2.736353390604751,0.00624434377338998,0.12047227387365425
3.3456691338267652,PASSED,-0.28092562198854526,-0.0011929224873762343,-0.022047059737963233,2.7363596940329633,0.006363099229967981,0.11761091171423237
3.3466693338667732,PASSED,-0.280926825715586,-0.0012146431224549818,-0.021503018639270413,2.7363661147698695,0.006478969351947543,0.11470959548978288
3.3476695339067812,PASSED,-0.280928050888322,-0.0012358153646777536,-0.02095172461177275,2.7363726499106593,0.006591914932268188,0.11176957020788567
3.3486697339467892,PASSED,-0.2809292969548333,-0.0012564321094265913,-0.020393424840214284,2.73637929651196,0.006701898043299109,0.1087921382462783
3.3496699339867972,PASSED,-0.28093056335621885,-0.0012764864987879147,-0.01982836570872939,2.7363860515931595,0.006808882112243916,0.10577868941049448
3.3506701340268052,PASSED,-0.28093184952684397,-0.0012959719231321336,-0.019256796767878614,2.736392912137704,0.006912831864132762,0.10273046020774801
3.3516703340668133,PASSED,-0.28093315489459036,-0.001314882024139227,-0.018678970499903018,2.736399875094453,0.007013713361916951,0.09964885616848267
3.3526705341068213,PASSED,-0.28093447888110734,-0.0013332106953348258,-0.018095138326062733,2.7364069373790025,0.007111494033395051,0.09653521501784472
3.3536707341468293,PASSED,-0.2809358209020656,-0.0013509520851833882,-0.01750555753022905,2.7364140958750394,0.007206142633788757,0.09339085731094651
3.3546709341868373,PASSED,-0.2809371803674121,-0.0013681005980466891,-0.016910483085348826,2.7364213474357095,0.00729762930396824,0.09021721209184011
3.3556711342268453,PASSED,-0.2809385566816271,-0.0013846508953396072,-0.016310173431297727,2.7364286888849723,0.007385925551778169,0.08701560495532018
3.3566713342668533,PASSED,-0.28093994924398213,-0.001400597898154483,-0.015704889070594405,2.736436117018995,0.007471004265153007,0.08378745232118363
3.3576715343068613,PASSED,-0.28094135744880006,-0.0014159367874764528,-0.015094889489553499,2.7364436286075233,0.007552839722978432,0.08053412816158653
3.3586717343468693,PASSED,-0.2809427806857155,-0.0014306630059723823,-0.014480437833513377,2.736451220395268,0.007631407576728163,0.07725700414182753
3.3596719343868773,PASSED,-0.28094421833993727,-0.001444772259023472,-0.01386179652947367,2.736458889103321,0.00770668491546893,0.07395756180672662
3.3606721344268853,PASSED,-0.28094566979251157,-0.001458260515722175,-0.013239230144856015,2.7364666314305413,0.007778650214520221,0.07063712388100044
3.3616723344668933,PASSED,-0.28094713442058583,-0.0014711240094087332,-0.012613002714359634,2.736474444054968,0.007847283339036336,0.06729712493952514
3.3626725345069013,PASSED,-0.28094861159767387,-0.0014833592391256705,-0.011983381051988925,2.7364823236352387,0.007912565610407688,0.06393903565923782
3.3636727345469093,PASSED,-0.2809501006939215,-0.0014949629700072794,-0.011350630768022058,2.7364902668119955,0.00797447974463596,0.060564199940961974
3.3646729345869173,PASSED,-0.2809516010763727,-0.0015059322329059356,-0.010715017652412067,2.7364982702093053,0.008033009855913332,0.05717405216831124
3.3656731346269253,PASSED,-0.2809531121092366,-0.0015162643271627474,-0.010076811993078198,2.736506330436096,0.008088141536086264,0.053770098842678256
3.3666733346669333,PASSED,-0.2809546331541547,-0.0015259568186125588,-0.009436277754299977,2.736514444087568,0.008139861776102802,0.0503536674657774
3.3676735347069413,PASSED,-0.28095616357046804,-0.0015350075398232947,-0.00879368351502638,2.736522607746619,0.008188158958417933,0.0469261922147015
3.3686737347469493,PASSED,-0.28095770271548526,-0.0015434145932222505,-0.008149299988242395,2.7365308179852823,0.008233022952333467,0.04348919504942167
3.3696739347869573,PASSED,-0.28095924994475,-0.0015511763476062043,-0.00750339064776129,2.736539071366149,0.008274445041968309,0.04004401935845762
3.3706741348269653,PASSED,-0.2809608046123088,-0.001558291438967166,-0.006856225169761988,2.736547364443784,0.008312417880970141,0.03659205209741499
3.3716743348669733,PASSED,-0.2809623660709787,-0.0015647587722781495,-0.006208072071797545,2.736555693766176,0.008346935624606248,0.0331348713285656
3.3726745349069813,PASSED,-0.28096393367261413,-0.0015705775183148217,-0.0055591953465887285,2.736564055876145,0.008377993838132064,0.029673774990648247
3.3736747349469893,PASSED,-0.28096550676837434,-0.0015757471149700096,-0.004909864194253809,2.7365724473127675,0.008405589446777119,0.02621016441465889
3.3746749349869973,PASSED,-0.2809670847089894,-0.0015802672668646406,-0.004260343694882633,2.7365808646128063,0.008429720867828968,0.02274559214331122
3.3756751350270053,PASSED,-0.28096866684502636,-0.001584137943380104,-0.003610898395850927,2.736589304312116,0.008450387919228391,0.019281357570165032
3.3766753350670133,PASSED,-0.28097025252715435,-0.0015873593790389502,-0.0029617938341764457,2.7365977629470746,0.008467591802136229,0.015818899799620787
3.3776755351070213,PASSED,-0.2809718411064089,-0.0015899320726408051,-0.00231329344697387,2.7366062370559705,0.008481335140003217,0.01235962991189684
3.3786757351470293,PASSED,-0.28097343193445556,-0.0015918567855449882,-0.001665659208989193,2.736614723180431,0.008491621983229449,0.008904985435787752
3.3796759351870374,PASSED,-0.2809750243638521,-0.001593134541175741,-0.0010191532452618994,2.736623217866809,0.008498457754315132,0.00545629485227956
3.3806761352270454,PASSED,-0.2809766177483102,-0.0015937666239715408,-0.00037403582949169695,2.736631717667575,0.008501849251573153,0.0020149655285135347
3.3816763352670534,PASSED,-0.2809782114429553,-0.0015937545776873066,0.0002694343600515396,2.7366402191427217,0.008501804706872354,-0.0014175515203391712
3.3826765353070614,PASSED,-0.2809798048045859,-0.0015931002043393459,0.0009109993399004089,2.7366487188611193,0.008498333688884618,-0.00483999563266766
3.3836767353470694,PASSED,-0.28098139719193066,-0.0015918055628732625,0.0015504028835386825,2.7366572134019123,0.008491447136860496,-0.008250922951758237
3.3846769353870774,PASSED,-0.28098298796590415,-0.0015898729668104995,0.0021873915155790086,2.736665699355875,0.008481157386851283,-0.011648968047516564
3.3856771354270854,PASSED,-0.2809845764898616,-0.0015873049835010576,0.0028217111720171737,2.736674173326763,0.008467478086683694,-0.015032854914305635
3.3866773354670934,PASSED,-0.2809861621298511,-0.0015841044324723754,0.0034531109331254555,2.7366826319326725,0.008450424239067876,-0.01840117608349
3.3876775355071014,PASSED,-0.2809877442548647,-0.001580274382335892,0.004081342938722343,2.7366910718073694,0.0084300121993954,-0.02175261539846595
3.3886777355471094,PASSED,-0.28098932223708717,-0.0015758181497011038,0.00470615909883206,2.7366994896016217,0.008406259624422012,-0.02508588135666839
3.3896779355871174,PASSED,-0.28099089545214245,-0.0015707392976446596,0.0053273140281857615,2.7367078819845103,0.008379185476713688,-0.02839965860942747
3.3906781356271254,PASSED,-0.2809924632793391,-0.001565041632315269,0.005944566196860619,2.7367162456447516,0.008348810058217542,-0.03169259175395923
3.3916783356671334,PASSED,-0.28099402510191224,-0.0015587292012558401,0.006557674301140919,2.7367245772919677,0.008315154912978226,-0.0349635142295535
3.3926785357071414,PASSED,-0.2809955803072643,-0.0015518062915535766,0.00716639996967874,2.736732873657989,0.00827824287442157,-0.03821105477472418
3.3936787357471494,PASSED,-0.28099712828720264,-0.0015442774270913342,0.007770507457284941,2.73674113149811,0.00823809806660497,-0.04143397651118021
3.3946789357871574,PASSED,-0.280998668438175,-0.0015361473653151987,0.008369764655369098,2.7367493475923608,0.008194745837440882,-0.04463106426602643
3.3956791358271654,PASSED,-0.2810002001615024,-0.0015274210954481188,0.008963940008220697,2.736757518746734,0.00814821276282225,-0.0478010815203695
3.3966793358671734,PASSED,-0.2810017228636094,-0.0015181038360485566,0.009552805660456557,2.736765641794421,0.00809852665991701,-0.0509427838284847
3.3976795359071814,PASSED,-0.2810032359562516,-0.0015082010313535814,0.010136137384654033,2.7367737135970276,0.008045716555047534,-0.05405498556346764
3.3986797359471894,PASSED,-0.2810047388567401,-0.0014977183487115567,0.010713712813605171,2.736781731045772,0.007989812648124667,-0.05713652116246272
3.3996799359871974,PASSED,-0.2810062309881636,-0.0014866616761423563,0.011285312406263624,2.736789691062668,0.007930846326540777,-0.0601861885315115
3.4006801360272054,PASSED,-0.2810077117796069,-0.0014750371190381975,0.011850720236089083,2.736797590601694,0.007868850141470561,-0.06320284942935374
3.4016803360672134,PASSED,-0.2810091806663667,-0.001462850996429327,0.012409724190724931,2.736805426649939,0.007803857769365167,-0.06618538722275502
3.4026805361072214,PASSED,-0.2810106370901643,-0.001450109838495944,0.012962113761821534,2.736813196228743,0.007735904027576487,-0.06913264483263111
3.4036807361472294,PASSED,-0.2810120804993549,-0.0014368203841007025,0.013507681484187939,2.736820896394826,0.007665024865451442,-0.07204350698665432
3.4046809361872374,PASSED,-0.28101351034913336,-0.0014229895747972638,0.01404622784960572,2.736828524241359,0.007591257265335172,-0.07491699553601221
3.4056811362272454,PASSED,-0.28101492610173745,-0.0014086245542936867,0.014577548939557977,2.7368360768990714,0.007514639317949677,-0.07775191528515077
3.4066813362672534,PASSED,-0.28101632722664666,-0.0013937326640788377,0.015101451065042895,2.7368435515373095,0.00743521020191583,-0.08054724986631077
3.4076815363072614,PASSED,-0.2810177132007781,-0.0013783214384842863,0.015617741947557247,2.7368509453650733,0.00735301006310352,-0.08330206477631001
3.4086817363472695,PASSED,-0.28101908350867855,-0.0013623986026930286,0.016126231687057565,2.7368582556320553,0.007268080099546796,-0.08601522941033457
3.4096819363872775,PASSED,-0.2810204376427128,-0.0013459720688382543,0.01662673529991883,2.7368654796296283,0.007180462517134159,-0.0886858177475063
3.4106821364272855,PASSED,-0.2810217751032489,-0.0013290499320855501,0.017119071054561053,2.736872614691858,0.007090200482637565,-0.09131284566265241
3.4116823364672935,PASSED,-0.28102309539883863,-0.0013116404656606196,0.017603063338509983,2.7368796581964414,0.00699733810651332,-0.09389539643197192
3.4126825365073015,PASSED,-0.2810243980463948,-0.0012937521185184904,0.01807853634454233,2.7368866075656797,0.00690192046909655,-0.09643246473996951
3.4136827365473095,PASSED,-0.2810256825713646,-0.0012753935119025612,0.018545320130187122,2.7368934602673787,0.006803993538507916,-0.09892324115441158
3.4146829365873175,PASSED,-0.28102694850789867,-0.0012565734323222557,0.019003252547050903,2.736900213815772,0.006703604174252326,-0.10136677965637537
3.4156831366273255,PASSED,-0.2810281953990163,-0.001237300830571599,0.01945216788639368,2.7369068657723945,0.006600800133969049,-0.10376221403454523
3.4166833366673335,PASSED,-0.2810294227967667,-0.001217584817311538,0.019891910175838995,2.736913413746941,0.0064956299988279,-0.10610874921221929
3.4176835367073415,PASSED,-0.2810306302623858,-0.0011974346566055853,0.020322327726028468,2.7369198553981144,0.006388143186202018,-0.10840552156832299
3.4186837367473495,PASSED,-0.28103181736644933,-0.0011768597636584383,0.020743269761226073,2.73692618843443,0.0062783899227714145,-0.11065175800545864
3.4196839367873575,PASSED,-0.2810329836890212,-0.001155869700992421,0.021154591269211327,2.736932410615017,0.006166421211490959,-0.11284668013045338
3.4206841368273655,PASSED,-0.2810341288197975,-0.0011344741720487365,0.021556154059999822,2.7369385197503884,0.006052288816855352,-0.11498953763904297
3.4216843368673735,PASSED,-0.28103525235824717,-0.0011126830186510487,0.021947819622813072,2.736944513703191,0.005936045248744745,-0.11707958842498366
3.4226845369073815,PASSED,-0.28103635391374665,-0.0010905062161538593,0.0223294577467739,2.7369503903889156,0.005817743702835286,-0.11911618423244284
3.4236847369473895,PASSED,-0.28103743310571183,-0.0010679538683646616,0.02270094115081373,2.7369561477766204,0.0056974380939037285,-0.12109855873096616
3.4246849369873975,PASSED,-0.281038489563724,-0.0010450362034161327,0.023062147480339214,2.7369617838895883,0.005575182993503444,-0.12302612817982991
3.4256851370274055,PASSED,-0.28103952292765266,-0.001021763569952194,0.02341295745300526,2.7369672968059877,0.0054510335910211444,-0.12489825201727793
3.4266853370674135,PASSED,-0.2810405328477726,-0.0009981464316412942,0.023753258882829358,2.7369726846595057,0.00532504572793383,-0.1267142704673393
3.4276855371074215,PASSED,-0.28104151898487717,-0.0009741953626222436,0.024082942443198075,2.736977945639938,0.005197275814522477,-0.12847367537402946
3.4286857371474295,PASSED,-0.2810424810103868,-0.0009499210436761979,0.024401903281277438,2.736983077993788,0.005067780831528091,-0.1301758547412898
3.4296859371874375,PASSED,-0.28104341860645254,-0.0009253342565124396,0.02471004308541209,2.7369880800248017,0.004936618308273533,-0.13182030226340463
3.4306861372274455,PASSED,-0.2810443314660555,-0.0009004458800147132,0.025007265439269306,2.73699295009451,0.004803846281692177,-0.13340650945999016
3.4316863372674535,PASSED,-0.28104521929310095,-0.0008752668850450765,0.025293481323214812,2.736997686622731,0.004669523290226464,-0.134933979469529
3.4326865373074615,PASSED,-0.2810460818025081,-0.000849808329625756,0.025568604816724398,2.737002288088046,0.0045337083383788284,-0.13640226676637177
3.4336867373474695,PASSED,-0.2810469187202953,-0.0008240813545775552,0.025832555202518443,2.7370067530282594,0.004396460867032846,-0.13781094106572211
3.4346869373874775,PASSED,-0.2810477297836599,-0.0007980971784181704,0.026085256797295682,2.7370110800408205,0.004257840730990153,-0.1391595993606738
3.4356871374274855,PASSED,-0.28104851474105375,-0.0007718670926587089,0.026326638400905503,2.7370152677832373,0.00411790819082286,-0.1404478340383708
3.4366873374674936,PASSED,-0.28104927335225394,-0.0007454024567325606,0.02655663427631006,2.7370193149734345,0.003976723844915828,-0.1416753538194745
3.4376875375075016,PASSED,-0.28105000538842834,-0.0007187146941975447,0.026775181374153016,2.737023220390132,0.0038343486591256035,-0.14284174043739145
3.4386877375475096,PASSED,-0.2810507106321968,-0.0006918152866605057,0.026982224978962844,2.737026982873147,0.0036908439019984257,-0.1439467682537021
3.4396879375875176,PASSED,-0.281051388877687,-0.0006647157688849476,0.027177712973288137,2.737030601323706,0.0035462711077904486,-0.14499014484416067
3.4406881376275256,PASSED,-0.2810520399305858,-0.0006374277251092962,0.027361597643893735,2.7370340747047157,0.003400692105167009,-0.14597157447629144
3.4416883376675336,PASSED,-0.28105266360818587,-0.0006099627840448234,0.027533836678192074,2.7370374020410204,0.00325416895836891,-0.14689086167930457
3.4426885377075416,PASSED,-0.28105325973942663,-0.0005823326120317579,0.027694395569647767,2.737040582419599,0.0031067638868824145,-0.1477478780246223
3.4436887377475496,PASSED,-0.2810538281649316,-0.0005545489107143635,0.02784323848255872,2.737043614989798,0.0029585393649761314,-0.1485422844940565
3.4446889377875576,PASSED,-0.2810543687370396,-0.0005266234111617874,0.02798034026592113,2.7370464989634673,0.0028095579941292137,-0.14927409508215836
3.4456891378275656,PASSED,-0.28105488131983214,-0.000498567868150793,0.028105678174376637,2.7370492336151235,0.002659882472455238,-0.14994313940185447
3.4466893378675736,PASSED,-0.2810553657891553,-0.0004703940568595414,0.028219233369168286,2.7370518182820676,0.002509575667879028,-0.15054924802578043
3.4476895379075816,PASSED,-0.2810558220326365,-0.00044211376659639845,0.028320994859126022,2.737054252364466,0.002358700488915742,-0.15109246625495606
3.4486897379475896,PASSED,-0.28105624994969775,-0.00041373879724383386,0.028410952348190285,2.737056535325431,0.0022073198881653903,-0.15157269041394927
3.4496899379875976,PASSED,-0.28105664945156233,-0.00038528095318464807,0.028489105199849513,2.7370586666910497,0.0020554968755934597,-0.15198989401058477
3.4506901380276056,PASSED,-0.2810570204612578,-0.0003567520391179259,0.028555453311303953,2.7370606460504026,0.0019032944463497343,-0.15234411939915246
3.4516903380676136,PASSED,-0.28105736291361383,-0.00032816385569959676,0.028610003489679323,2.7370624730555604,0.0017507755762580552,-0.15263537055336365
3.4526905381076216,PASSED,-0.28105767675525534,-0.00029952819385295167,0.02865276741795561,2.7370641474215316,0.0015980031827793181,-0.15286374209565268
3.4536907381476296,PASSED,-0.28105796194459043,-0.0002708568301060664,0.028683761299505145,2.7370656689262103,0.0014450401122722755,-0.15302928944796917
3.4546909381876376,PASSED,-0.2810582184517942,-0.00024216152239844857,0.028703005313026286,2.737067037410289,0.0012919491247245297,-0.15313211961426346
3.4556911382276456,PASSED,-0.28105844625878723,-0.00021345400520315027,0.028710525116812984,2.737068252777144,0.001138792841962643,-0.15317239152696838
3.4566913382676536,PASSED,-0.28105864535920966,-0.00018474598411431244,0.02870635173685439,2.73706931499269,0.000985633717405973,-0.1531502799098047
3.4576915383076616,PASSED,-0.2810588157583906,-0.00015604913202160582,0.028690518996608076,2.7370702240852225,0.0008325340538795384,-0.15306591927085444
3.4586917383476696,PASSED,-0.28105895747331255,-0.0001273750842478526,0.02866306695851665,2.737070980145237,0.0006795559660405916,-0.1529195335510085
3.4596919383876776,PASSED,-0.28105907053257145,-9.873543315627065e-05,0.028624040513625496,2.737071583325196,0.0005267612911636368,-0.15271143576091903
3.4606921384276856,PASSED,-0.28105915497633216,-7.014172474271649e-05,0.02857348701350661,2.737072033839305,0.00037421164837921176,-0.15244178080009568
3.4616923384676936,PASSED,-0.2810592108562789,-4.16054533493332e-05,0.02851146097996774,2.7370723319632484,0.0002219684043985471,-0.15211088610104398
3.4626925385077016,PASSED,-0.2810592382355616,-1.3138056813114966e-05,0.028438020240385223,2.7370724780339004,7.009258443261563e-05,-0.1517191092091898
3.4636927385477096,PASSED,-0.2810592371887378,1.5249087157547714e-05,0.02835322645751432,2.7370724724490114,-8.13550995287537e-05,-0.1512667337961557
3.4646929385877177,PASSED,-0.2810592078017094,4.354466601736464e-05,0.028257147128018658,2.737072315666877,-0.00023231425784662696,-0.15075410799901828
3.4656931386277257,PASSED,-0.28105915017165567,7.173743666750777e-05,0.028149852998226112,2.7370720082059745,-0.00038272489784587044,-0.15018166133272695
3.4666933386677337,PASSED,-0.2810590644069616,9.981623017941625e-05,0.028031420521030078,2.737071550644585,-0.0005325274202389223,-0.14954976309993526
3.4676935387077417,PASSED,-0.28105895062714176,0.00012776995541523907,0.02790192837901796,2.737070943620386,-0.0006816626199888398,-0.14885882418323884
3.4686937387477497,PASSED,-0.2810588089627601,0.0001555876036016152,0.027761461391281595,2.7370701878300174,-0.0008300717586588143,-0.1481093483277983
3.4696939387877577,PASSED,-0.28105863955534494,0.00018325825381073504,0.027610109421012014,2.7370692840286366,-0.0009776965576156903,-0.14730176604292816
3.4706941388277657,PASSED,-0.2810584425573007,0.0002107710748492801,0.027447962116900437,2.737068233029442,-0.0011244791994539517,-0.14643655903515
3.4716943388677737,PASSED,-0.28105821813181436,0.00023811533080599572,0.027275118516592402,2.737067035703175,-0.0012703623981396566,-0.14551429178607495
3.4726945389077817,PASSED,-0.28105796645275855,0.0002652803858993311,0.027091679477830692,2.737065692977603,-0.0014152894026191287,-0.14453547960840346
3.4736947389477897,PASSED,-0.2810576877045901,0.0002922557068257505,0.026897748558811843,2.7370642058369716,-0.0015592039964320832,-0.14350066994932204
3.4746949389877977,PASSED,-0.2810573820822451,0.0003190308673845023,0.026693435225378516,2.7370625753214557,-0.0017020505319138312,-0.14241044583669854
3.4756951390278057,PASSED,-0.2810570497910294,0.0003455955533508591,0.026478853127008983,2.73706080252657,-0.0018437739673974672,-0.14126542858159438
3.4766953390678137,PASSED,-0.2810566910465053,0.00037193956547708384,0.026254118125701942,2.7370588886025544,-0.001984319893861085,-0.14006625838496625
3.4776955391078217,PASSED,-0.281056306074375,0.00039805282270354063,0.02601934996029335,2.7370568347537634,-0.002123634501803218,-0.13881350764691094
3.4786957391478297,PASSED,-0.28105589511035917,0.0004239253673151992,0.02577467437923541,2.7370546422380198,-0.002261664638360113,-0.1375078891635518
3.4796959391878377,PASSED,-0.2810554584000731,0.0004495473682447799,0.02552021862981083,2.737052312365938,-0.0023983578679200113,-0.13615012315746247
3.4806961392278457,PASSED,-0.2810549961988978,0.00047490912401922065,0.025256113870860703,2.737049846500254,-0.002533662407581472,-0.13474081733079354
3.4816963392678537,PASSED,-0.2810545087718485,0.0005000010664571211,0.024982494815927056,2.737047246055105,-0.0026675271991677043,-0.1332807744231909
3.4826965393078617,PASSED,-0.2810539963934392,0.0005248137657006605,0.024699502195281012,2.7370445124953275,-0.002799901923816643,-0.1317706914661039
3.4836967393478697,PASSED,-0.2810534593475438,0.0005493379316719442,0.0244072751552856,2.737041647335689,-0.0029307370163379593,-0.13021135989145788
3.4846969393878777,PASSED,-0.2810528979272535,0.0005735644182584595,0.02410596087400155,2.737038652140153,-0.00305998366521251,-0.12860350819661184
3.4856971394278857,PASSED,-0.2810523124347317,0.000597484227235223,0.02379570771193811,2.7370355285210874,-0.0031875938516792474,-0.12694797198015423
3.4866973394678937,PASSED,-0.2810517031810646,0.0006210885103850621,0.02347666677510636,2.737032278138475,-0.0033135203702954687,-0.12524554970693233
3.4876975395079017,PASSED,-0.2810510704861091,0.0006443685734394735,0.02314899390728144,2.737028902699089,-0.0034377168384423875,-0.12349708044024406
3.4886977395479097,PASSED,-0.2810504146783377,0.000667315879495371,0.022812847488308207,2.737025403955686,-0.003560137682288734,-0.12170335278374853
3.4896979395879177,PASSED,-0.2810497360946799,0.0006899220505152649,0.022468386707617635,2.7370217837061355,-0.0036807382151868794,-0.11986531964107684
3.4906981396279257,PASSED,-0.2810490350803612,0.0007121788717957213,0.02211577766234881,2.737018043792581,-0.0037994746092560277,-0.11798377702119536
3.4916983396679337,PASSED,-0.2810483119887383,0.000734078295070214,0.02175518701592192,2.7370141861005406,-0.003916303915817832,-0.1160596595888765
3.4926985397079418,PASSED,-0.28104756718113255,0.0007556124393462529,0.02138678244945029,2.7370102125580322,-0.004031184091473966,-0.11409385303430686
3.4936987397479498,PASSED,-0.2810468010266596,0.000776773595578266,0.021010738753721683,2.7370061251346605,-0.00414407400029123,-0.11208727933923633
3.4946989397879578,PASSED,-0.28104601390205697,0.0007975542289963396,0.02062722986097497,2.737001925840691,-0.004254933447794392,-0.11004089294577972
3.4956991398279658,PASSED,-0.281045206191509,0.0008179469803484331,0.02023643234617263,2.7369976167261223,-0.004363723171845449,-0.10795561145457507
3.4966993398679738,PASSED,-0.28104437828646905,0.0008379446699740063,0.019838527811840125,2.7369931998797314,-0.004470404864981326,-0.10583241425674493
3.4976995399079818,PASSED,-0.28104353058547904,0.0008575403000936798,0.01943369832489575,2.736988677428111,-0.004574941201405836,-0.1036722845363534
3.4986997399479898,PASSED,-0.2810426634939874,0.0008767270553689883,0.019022126575583533,2.7369840515346997,-0.004677295823176276,-0.10147617992649564
3.4996999399879978,PASSED,-0.28104177742416364,0.0008954983075725157,0.018604002622156682,2.7369793243987917,-0.0047774333622217936,-0.09924511179153261
3.500700140028006,PASSED,-0.28104087279471196,0.0009138476162510427,0.01817951271610715,2.7369744982545394,-0.004875319469043374,-0.09698010350828024
3.501700340068014,PASSED,-0.2810399500306814,0.0009317687308768942,0.017748849232347916,2.736969575369939,-0.0049709208091442934,-0.09468216449601195
3.502700540108022,PASSED,-0.28103900956327504,0.0009492555938423997,0.017312205454277044,2.73696455804582,-0.00506420505162165,-0.0923522944649211
3.50370074014803,PASSED,-0.2810380518296567,0.0009663023411167632,0.01686977515442133,2.736959448614796,-0.005155140936435181,-0.08999161171260325
3.504700940188038,PASSED,-0.28103707727275573,0.000982903304672332,0.016421755823000622,2.7369542494402426,-0.0052436982297047125,-0.08760108097414933
3.505701140228046,PASSED,-0.28103608634107047,0.00099905301477221,0.01596834628446249,2.736948962915237,-0.005329847735775371,-0.08518178946833097
3.506701340268054,PASSED,-0.28103507948846923,0.001014746200801718,0.015509745859538794,2.736943591461491,-0.005413561374336821,-0.08273487129019519
3.507701540308062,PASSED,-0.2810340571739906,0.0010299777925139963,0.015046155614104575,2.7369381375283015,-0.005494812090942825,-0.08026128014987678
3.50870174034807,PASSED,-0.28103301986164136,0.0010447429229029034,0.014577780238775106,2.7369326035914505,-0.005573573922414214,-0.07776219901906203
3.509701940388078,PASSED,-0.2810319680201935,0.0010590369290559235,0.014104823429183606,2.736926992152141,-0.005649822016390458,-0.0752386906143648
3.510702140428086,PASSED,-0.28103090212297965,0.0010728553521260795,0.013627489497470955,2.7369213057358883,-0.005723532593701909,-0.07269183510950751
3.511702340468094,PASSED,-0.28102982264768717,0.0010861939406942053,0.013145987948562459,2.736915546891435,-0.005794682976201401,-0.07012274742614927
3.512702540508102,PASSED,-0.28102873007615137,0.0010990486508348175,0.012660524935312204,2.736909718189635,-0.00586325161170886,-0.06753256089499796
3.51370274054811,PASSED,-0.28102762489414745,0.0011114156462674381,0.01217130909749291,2.7369038222223563,-0.005929218040953004,-0.06492234147690773
3.514702940588118,PASSED,-0.28102650759118103,0.0011232913016015638,0.011678552825214166,2.736897861601344,-0.005992562942599648,-0.06229327509313659
3.515703140628126,PASSED,-0.28102537866027866,0.0011346722012943997,0.011182464271250614,2.7368918389571264,-0.006053268098950276,-0.05964641052228834
3.516703340668134,PASSED,-0.28102423859777653,0.0011455551406247691,0.010683256036448563,2.7368857569378644,-0.006111316434495574,-0.05698295222730448
3.517703540708142,PASSED,-0.28102308790310926,0.0011559371275042163,0.01018114077477952,2.7368796182082336,-0.006166692012628067,-0.05430399540261773
3.51870374074815,PASSED,-0.2810219270785974,0.0011658153822586693,0.009676330740902017,2.736873425448298,-0.0062193799958898165,-0.05161064183450485
3.519703940788158,PASSED,-0.28102075662923465,0.001175187338044264,0.009169039148723097,2.7368671813523586,-0.006269366721789858,-0.0489041152770653
3.520704140828166,PASSED,-0.2810195770624746,0.001184050641625197,0.00865947986907296,2.73686088862783,-0.006316639655642294,-0.046185479569350346
3.521704340868174,PASSED,-0.2810183888880173,0.001192403153658746,0.00814786680986604,2.7368545499940873,-0.00636118739181099,-0.04345590723492537
3.522704540908182,PASSED,-0.2810171926175947,0.001200242949159816,0.007634414628539301,2.736848168181336,-0.006402999680025284,-0.040716542200540884
3.52370474094819,PASSED,-0.2810159887647572,0.0012075683169808559,0.007119336616040258,2.736841745929457,-0.0064420674195156905,-0.03796853768365063
3.524704940988198,PASSED,-0.2810147778446585,0.001214377760529128,0.006602848169760253,2.736835285986875,-0.006478382630188933,-0.03521299266630249
3.525705141028206,PASSED,-0.28101356037384206,0.0012206699977591086,0.006085163270127864,2.7368287911094007,-0.006511938501237932,-0.032451123304130663
3.526705341068214,PASSED,-0.2810123368700261,0.0012264439609643019,0.005566496495236834,2.736822264059104,-0.006542729351730859,-0.029684001952124173
3.527705541108222,PASSED,-0.2810111078518898,0.0012316987959341507,0.005047060619589938,2.7368157076031565,-0.006570750637864104,-0.026912808920659878
3.5287057411482294,PASSED,-0.28100987383885945,0.00123643386271815,0.004527070893605626,2.7368091245126944,-0.00659599897920069,-0.024138696280534933
3.5297059411882374,PASSED,-0.2810086353508943,0.001240648735250335,0.004006740291237976,2.7368025175616824,-0.006618472113459754,-0.021362759578083222
3.5307061412282454,PASSED,-0.28100739290827387,0.001244343199851099,0.0034862808071145076,2.7367958895257734,-0.00663816890893713,-0.01858615274357255
3.5317063412682534,PASSED,-0.2810061470313848,0.0012475172552051138,0.002965905051948411,2.736789243181168,-0.006655089402388611,-0.015810053923419044
3.5327065413082614,PASSED,-0.2810048982405089,0.0012501711128173776,0.0024458259858074734,2.736782581303493,-0.006669234729748787,-0.013035509651349976
3.5337067413482695,PASSED,-0.2810036470556113,0.001252305194841911,0.0019262527170171653,2.7367759066666646,-0.006680607150103285,-0.010263694156595329
3.5347069413882775,PASSED,-0.2810023939961301,0.0012539201333606363,0.0014073957198641786,2.7367692220417617,-0.006689210082462589,-0.007495757827776984
3.5357071414282855,PASSED,-0.2810011395807658,0.0012550167710584019,0.0008894656830331565,2.736762530195918,-0.006695048025259617,-0.004732732776526896
3.5367073414682935,PASSED,-0.2809998843272725,0.0012555961586988632,0.0003726689454134355,2.736755833891195,-0.006698126593622305,-0.0019757920867959564
3.5377075415083015,PASSED,-0.2809986287522501,0.001255659554417757,-0.00014278643211927095,2.7367491358834717,-0.006698452546967827,0.0007739391486635131
3.5387077415483095,PASSED,-0.28099737337093667,0.0012552084234834597,-0.0006566939357494972,2.736742438921342,-0.006696033717316111,0.00351542332041597
3.5397079415883175,PASSED,-0.28099611869700286,0.001254244436044658,-0.0011688497741700631,2.7367357457450274,-0.006690879002822699,0.006247575275409075
3.5407081416283255,PASSED,-0.2809948652423473,0.0012527694660927839,-0.0016790500703431346,2.73672905908527,-0.006682998447279908,0.008969209054378067
3.5417083416683335,PASSED,-0.28099361351689306,0.0012507855908916973,-0.0021870919549159145,2.736722381662253,-0.006672403162673659,0.011679334974163952
3.5427085417083415,PASSED,-0.28099236402838584,0.0012482950887290987,-0.0026927756343873284,2.7367157161845297,-0.0066591052856780665,0.014376905009877974
3.5437087417483495,PASSED,-0.2809911172821934,0.0012453004371397846,-0.0031959022259322846,2.7367090653479345,-0.006643118087819262,0.017060726424756468
3.5447089417883575,PASSED,-0.2809898737811065,0.0012418043125420309,-0.0036962728456347944,2.7367024318345576,-0.0066244558498951885,0.019729912256952555
3.5457091418283655,PASSED,-0.2809886340251418,0.0012378095879160994,-0.004193692479462631,2.7366958183116483,-0.006603133911055499,0.022383289894846184
3.5467093418683735,PASSED,-0.2809873985113461,0.001233319330028406,-0.004687968159847075,2.736689227430613,-0.006579168662058926,0.02501988839772441
3.5477095419083815,PASSED,-0.2809861677336021,0.0012283367998514576,-0.005178904855015457,2.736682661825949,-0.006552577513777949,0.02763865486981088
3.5487097419483895,PASSED,-0.2809849421824373,0.001222865448838446,-0.005666315118342323,2.736676124114241,-0.00652337889117091,0.03023860109852451
3.5497099419883975,PASSED,-0.28098372234483276,0.001216908917448172,-0.006150008904895283,2.7366696168931375,-0.006491592234915457,0.03281869302673881
3.5507101420284055,PASSED,-0.28098250870403596,0.0012104710334246691,-0.006629800769240989,2.7366631427403503,-0.006457237987229812,0.03537795079158276
3.5517103420684135,PASSED,-0.28098130173937397,0.0012035558100447368,-0.007105505120393105,2.7366567042126624,-0.006420337565376478,0.03791540256116738
3.5527105421084215,PASSED,-0.28098010192607015,0.001196167442330164,-0.0075769427773596035,2.736650303844948,-0.006380913367744647,0.0404300610122741
3.5537107421484295,PASSED,-0.28097890973506184,0.001188310306796779,-0.008043930704068836,2.7366439441492028,-0.0063389887589368685,0.0429209740047807
3.5547109421884375,PASSED,-0.2809777256328215,0.001179988958380215,-0.008506293558227714,2.736637627613587,-0.00629458804958179,0.04538719958860937
3.5557111422284455,PASSED,-0.28097655008117883,0.0011712081273154735,-0.008963856069084168,2.7366313567014764,-0.006247736493457595,0.04782779381458492
3.5567113422684535,PASSED,-0.2809753835371468,0.0011619727175742921,-0.009416445522579687,2.736625133850543,-0.006198460257606151,0.050241863876016944
3.5577115423084615,PASSED,-0.28097422645274894,0.0011522878045133493,-0.009863891419851447,2.736618961471826,-0.006146786430288676,0.05262846961178109
3.5587117423484695,PASSED,-0.28097307927484966,0.0011421586318612214,-0.010306026806978971,2.7366128419488245,-0.006092743013844038,0.054986714333208404
3.5597119423884775,PASSED,-0.280971942444987,0.0011315906087891513,-0.010742687248797633,2.736606777636616,-0.006036358861534241,0.05731577762752254
3.5607121424284855,PASSED,-0.2809708163992085,0.001120589307881652,-0.011173710013300366,2.7366007708609783,-0.0059776637024168515,0.0596147467773017
3.5617123424684936,PASSED,-0.28096970156790896,0.0011091604624474535,-0.011598935714796902,2.736594823917519,-0.005916688156526216,0.061882745299525026
3.5627125425085016,PASSED,-0.28096859837567145,0.0010973099633846334,-0.012018207961502074,2.73658893907083,-0.005853463655204614,0.06411900533632117
3.5637127425485096,PASSED,-0.28096750724111147,0.0010850438556575938,-0.01243137423739816,2.7365831185536624,-0.005788022436966691,0.0663226935056594
3.5647129425885176,PASSED,-0.28096642857672305,0.0010723683372474014,-0.012838281192055013,2.736577364566099,-0.0057203975908850496,0.0684929477989622
3.5657131426285256,PASSED,-0.2809653627887288,0.0010592897543141011,-0.013238784094130124,2.7365716792747654,-0.005650622979406393,0.07062905393178599
3.5667133426685336,PASSED,-0.2809643102769324,0.0010458145987415444,-0.013632736558174196,2.7365660648120294,-0.005578733230722758,0.07273021185153367
3.5677135427085416,PASSED,-0.28096327143457395,0.0010319495064524437,-0.01401999610971844,2.736560523275237,-0.005504763765510353,0.0747956341196514
3.5687137427485496,PASSED,-0.28096224664818886,0.0010177012519700475,-0.014400426730848308,2.7365550567259653,-0.005428750725124051,0.07682464456406937
3.5697139427885576,PASSED,-0.28096123629746983,0.00100307674635016,-0.014773891545913692,2.736549667189284,-0.005350730967971201,0.07881649887870322
3.5707141428285656,PASSED,-0.28096024075513143,0.0009880830353618392,-0.01514025728325903,2.7365443566530274,-0.005270742103281988,0.0807704418962193
3.5717143428685736,PASSED,-0.28095926038677893,0.0009727272935657238,-0.015499398138019538,2.7365391270670973,-0.005188822415343122,0.08268585196729701
3.5727145429085816,PASSED,-0.2809582955507792,0.0009570168225209742,-0.015851186315902894,2.736533980342787,-0.0051050108311589334,0.08456207232878314
3.5737147429485896,PASSED,-0.280957346598136,0.0009409590481884413,-0.016195499676952788,2.7365289183521013,-0.005019346981368636,0.08639836809797462
3.5747149429885976,PASSED,-0.28095641387236786,0.0009245615158789126,-0.01653222073124603,2.736523942927117,-0.004931871128268842,0.08819417643433988
3.5757151430286056,PASSED,-0.2809554977093898,0.0009078318876743028,-0.016861233186852297,2.736519055859341,-0.004842624136064918,0.08994886938364628
3.5767153430686136,PASSED,-0.2809545984373985,0.0008907779392920048,-0.017182425179261843,2.7365142588991094,-0.0047516474858503455,0.09166183743519041
3.5777155431086216,PASSED,-0.28095371637676037,0.0008734075560103367,-0.0174956886832722,2.7365095537549853,-0.004658983248989441,0.09333250314471425
3.5787157431486296,PASSED,-0.280952851839904,0.0008557287289964877,-0.017800919234233572,2.736504942093192,-0.004564674044280426,0.09496033908521692
3.5797159431886376,PASSED,-0.2809520051312152,0.0008377495529229853,-0.018098013966348074,2.736500425537045,-0.004468763055212223,0.09654475572352643
3.5807161432286456,PASSED,-0.2809511765469367,0.0008194782211199779,-0.01838687702744695,2.7364960056664214,-0.004371293996352442,0.09808526095061908
3.5817163432686536,PASSED,-0.2809503663750702,0.0008009230219525902,-0.018667413927348286,2.7364916840172397,-0.0042723110690179224,0.09958137159045388
3.5827165433086616,PASSED,-0.28094957489528327,0.0007820923363530589,-0.018939533380986657,2.73648746208097,-0.004171858969844013,0.10103258422954677
3.5837167433486696,PASSED,-0.2809488023788191,0.0007629946333401845,-0.01920314943413292,2.736483341304129,-0.004069982901976394,0.10243839029299945
3.5847169433886776,PASSED,-0.2809480490884101,0.0007436384658051551,-0.019458179602293717,2.7364793230878575,-0.003966728459532604,0.10379847721098451
3.5857171434286856,PASSED,-0.2809473152781955,0.0007240324679594662,-0.01970454334128553,2.736475408787447,-0.0038621416936998783,0.10511229158055357
3.5867173434686936,PASSED,-0.28094660119364234,0.0007041853509752991,-0.01994216607942143,2.7364715997119333,-0.003756269102445837,0.10637945770303292
3.5877175435087016,PASSED,-0.28094590707147055,0.0006841058986795345,-0.020170976439993417,2.736467897123704,-0.00364915750435115,0.10759969168912345
3.5887177435487096,PASSED,-0.2809452331395812,0.0006638029652618547,-0.02039090473613736,2.7364643022381014,-0.0035408541269075326,0.10877250127994628
3.5897179435887177,PASSED,-0.28094457961698954,0.0006432854698573858,-0.020601889183356537,2.736460816223083,-0.003431406558152642,0.10989761373818639
3.5907181436287257,PASSED,-0.2809439467137608,0.0006225623933966022,-0.020803867979068226,2.7364574401988633,-0.0033208626869794065,0.11097470946326782
3.5917183436687337,PASSED,-0.2809433346309504,0.0006016427753017036,-0.02099678483878532,2.736454175237603,-0.003209270727817196,0.11200345896150563
3.5927185437087417,PASSED,-0.280942743560548,0.0005805357089354852,-0.021180587384507125,2.7364510223631124,-0.0030966791821609393,0.11298360345275778
3.5937187437487497,PASSED,-0.2809421736854253,0.0005592503376223794,-0.021355227265504637,2.736447982550571,-0.0029831368126615877,0.11391488019708158
3.5947189437887577,PASSED,-0.2809416251792874,0.0005377958516288189,-0.02152065847893109,2.736445056726273,-0.0028686926296731283,0.11479705151604529
3.5957191438287657,PASSED,-0.2809410982066286,0.0005161814834724302,-0.021676841274693673,2.736442245767384,-0.0027533958781792277,0.11562988481247036
3.5967193438687737,PASSED,-0.2809405929226917,0.0004944165041974915,-0.021823737941768603,2.7364395505017267,-0.002637296012874996,0.1164131856320727
3.5977195439087817,PASSED,-0.28094010947343123,0.000472510220052959,-0.02196131494637511,2.7364369717075943,-0.0025204426473596003,0.11714681877094515
3.5987197439487897,PASSED,-0.28093964799548066,0.00045047196787281936,-0.022089543669316022,2.736434510113562,-0.0024028855839683424,0.11783055980480005
3.5997199439887977,PASSED,-0.2809392086161234,0.00042831111171101567,-0.0222083978234622,2.736432166398342,-0.0022846747749976494,0.11846430841462187
3.6007201440288057,PASSED,-0.2809387914532678,0.000406037038730481,-0.022317856418582954,2.7364299411906527,-0.002165860257691723,0.11904798990012966
3.6017203440688137,PASSED,-0.28093839661542575,0.0003836591548179048,-0.022417902241905017,2.7364278350690934,-0.0020464922131133885,0.11958141436380426
3.6027205441088217,PASSED,-0.2809380242016957,0.0003611868818912067,-0.02250852004989344,2.736425848562062,-0.0019266208990349188,0.12006458055491337
3.6037207441488297,PASSED,-0.2809376743017491,0.00033862965337751394,-0.02258970082289231,2.736423982147688,-0.0018062965903362306,0.12049746079453788
3.6047209441888377,PASSED,-0.2809373469958208,0.00031599690963902,-0.02266143901556164,2.736422236253771,-0.001685569649842863,0.12087992695925423
3.6057211442288457,PASSED,-0.2809370423547034,0.000293298095164113,-0.022723731447803795,2.7364206112577514,-0.0015644904681135564,0.12121201824267448
3.6067213442688537,PASSED,-0.2809367604397456,0.00027054265455305724,-0.022776580053223753,2.7364191074867175,-0.001443109368195977,0.12149382103418246
3.6077215443088617,PASSED,-0.28093650130285386,0.0002477400280876683,-0.02281999074016574,2.736417725217395,-0.0013214767124822095,0.1217252121668248
3.6087217443488697,PASSED,-0.28093626498649876,0.000224899648328849,-0.02285397243792168,2.7364164646761844,-0.0011996428360310453,0.1219063193073907
3.6097219443888777,PASSED,-0.2809360515237243,0.00020203093649844305,-0.022878538092062157,2.7364153260392237,-0.0010776579341544804,0.12203729025601459
3.6107221444288857,PASSED,-0.28093586093816164,0.00017914329810263713,-0.02289370526496842,2.7364143094324525,-0.0009555721707866563,0.12211807877569716
3.6117223444688937,PASSED,-0.2809356932440462,0.0001562461195108764,-0.02289949414295562,2.7364134149317,-0.0008334356393144774,0.12214883326983325
3.6127225445089017,PASSED,-0.2809355484462391,0.0001333487640674772,-0.022895929643694905,2.7364126425628124,-0.0007112982319814122,0.12212979004188636
3.6137227445489097,PASSED,-0.2809354265402514,0.0001104605687087447,-0.02288303916875753,2.7364119923017607,-0.0005892097561681083,0.12206093299424893
3.6147229445889177,PASSED,-0.28093532751227324,8.759083991170996e-05,-0.022860855215886215,2.73641146407482,-0.00046721985634716706,0.12194254437206947
3.6157231446289257,PASSED,-0.28093525133920566,6.474884971063844e-05,-0.0228294135245284,2.7364110577587266,-0.0003453779468032675,0.1217748196584529
3.6167233446689337,PASSED,-0.280935197988697,4.194383225324189e-05,-0.022788753412641978,2.7364107731808724,-0.00022373328923962687,0.12155788283376588
3.6177235447089418,PASSED,-0.28093516741918223,1.9184980745655293e-05,-0.02273891690421635,2.736410610119515,-0.00010233492389061362,0.12129202035917816
3.6187237447489498,PASSED,-0.2809351595799261,-3.5185565738746915e-06,-0.022679950929739075,2.7364105683040094,1.876838798615084e-05,0.120977506221822
3.6197239447889578,PASSED,-0.2809351744110705,-2.6157681292096036e-05,-0.022611907243876194,2.736410647415061,0.00013952812064900417,0.12061455029020757
3.6207241448289658,PASSED,-0.2809352118436845,-4.872334610395255e-05,-0.0225348365238434,2.7364108470849944,0.0002598960190428735,0.12020346379631046
3.6217243448689738,PASSED,-0.28093527179981814,-7.1206559315651e-05,-0.022448797670268486,2.7364111668980344,0.00037982413746198257,0.11974455483430804
3.6227245449089818,PASSED,-0.2809353541925609,-9.359838982818725e-05,-0.02235385240738143,2.7364116063906203,0.0004992648478475144,0.1192381474196812
3.6237247449489898,PASSED,-0.2809354589261014,-0.00011588996809516175,-0.02225006217336988,2.736412165051729,0.0006181708517917045,0.11868457496052917
3.6247249449889978,PASSED,-0.280935585895793,-0.00013807249097918303,-0.022137496691122183,2.7364128423232112,0.0007364951923803482,0.11808418434071997
3.625725145029006,PASSED,-0.28093573498822094,-0.00016013722530396957,-0.022016226080562848,2.7364136376001715,0.0008541913152450214,0.11743741521397541
3.626725345069014,PASSED,-0.2809359060812739,-0.0001820755104155885,-0.021886324465656297,2.7364145502313244,0.0009712130232465595,0.11674456985991312
3.627725545109022,PASSED,-0.28093609904421846,-0.00020387876195801402,-0.02174786959360501,2.7364155795194134,0.0010875145333027413,0.11600613685369433
3.62872574514903,PASSED,-0.28093631373777705,-0.0002255384752985032,-0.02160094250507862,2.736416724721608,0.0012030504984797284,0.11522251739251552
3.629725945189038,PASSED,-0.280936550014209,-0.00024704622828456406,-0.021445626640049047,2.7364179850499517,0.0013177760026978984,0.11439416210193976
3.630726145229046,PASSED,-0.2809368077173949,-0.0002683936848702747,-0.02128200988281846,2.7364193596718036,0.0014316465896460212,0.11352153684557797
3.631726345269054,PASSED,-0.28093708668292394,-0.0002895725979848896,-0.021110181935812516,2.7364208477103,0.0015446182702035197,0.11260510969877875
3.632726545309062,PASSED,-0.280937386738185,-0.0003105748128892545,-0.020930236883399792,2.7364224482448534,0.0016566475708472634,0.11164542794038682
3.63372674534907,PASSED,-0.2809377077024602,-0.000331392270457116,-0.020742271357502617,2.736424160311628,0.001767691493476819,0.11064291908900144
3.634726945389078,PASSED,-0.28093804938702105,-0.0003520170084437961,-0.020546382406131793,2.7364259829040836,0.0018777075841688474,0.10959820509404639
3.635727145429086,PASSED,-0.2809384115952291,-0.00037244116737526154,-0.02034267661502117,2.7364279149734845,0.0019866539346417023,0.10851178072539377
3.636727345469094,PASSED,-0.280938794122638,-0.0003926569916216139,-0.020131256000573052,2.736429955429458,0.0020944891661370518,0.1073841986753203
3.637727545509102,PASSED,-0.2809391967570992,-0.0004126568312964952,-0.019912228791086867,2.736432103140554,0.002201172490916481,0.10621607551550155
3.63872774554911,PASSED,-0.2809396192788705,-0.00043243314791856403,-0.019685708509390144,2.7364343569348204,0.0023066637032608567,0.10500797023029235
3.639727945589118,PASSED,-0.280940061460727,-0.0004519785151028282,-0.019451806300846773,2.736436715600403,0.002410923192947754,0.10376050265796666
3.640728145629126,PASSED,-0.2809405230680752,-0.00047128562069250873,-0.019210638448903035,2.7364391778861417,0.0025139119614153577,0.10247427900736122
3.641728345669134,PASSED,-0.2809410038590694,-0.0004903472717583388,-0.01896232614378149,2.736441742502201,0.0026155916451709696,0.10114995358777899
3.642728545709142,PASSED,-0.2809415035847309,-0.0005091563955122879,-0.018706988827394133,2.7364444081207053,0.002715924528826597,0.09978817036752584
3.64372874574915,PASSED,-0.28094202198907003,-0.0005277060415438007,-0.018444750834258578,2.736447173376381,0.002814873536336835,0.0983895656053797
3.644728945789158,PASSED,-0.28094255880921,-0.0005459893857561218,-0.018175739797696034,2.736450036867222,0.0029124022646351264,0.09695483676023303
3.645729145829166,PASSED,-0.28094311377551406,-0.0005639997319067298,-0.017900083719216017,2.7364529971551668,0.0030084750068319335,0.0954846791545231
3.646729345869174,PASSED,-0.28094368661171426,-0.0005817305134287981,-0.017617913390636283,2.7364560527667905,0.0031030567454216956,0.09397977821325447
3.647729545909182,PASSED,-0.280944277035043,-0.0005991752968216662,-0.01732936339435597,2.7364592021939877,0.0031961131384968342,0.09244080298306138
3.64872974594919,PASSED,-0.28094488475636686,-0.0006163277836639613,-0.017034569140921184,2.7364624438947147,0.0032876106174965693,0.09086859634418441
3.649729945989198,PASSED,-0.2809455094803223,-0.0006331818120508387,-0.016733667884181503,2.7364657762936857,0.003377516314769,0.08926376455792873
3.650730146029206,PASSED,-0.2809461509054541,-0.0006497313594020221,-0.01642680032918449,2.736469197783124,0.0034657980785619273,0.08762709661625964
3.651730346069214,PASSED,-0.2809468087243551,-0.0006659705445243796,-0.016114108317806086,2.7364727067235073,0.003552424563089643,0.0859594098020195
3.652730546109222,PASSED,-0.28094748262380853,-0.000681893628813233,-0.015795734936218157,2.7364763014443185,0.003637365155690265,0.08426138113302346
3.65373074614923,PASSED,-0.2809481722849324,-0.0006974950197443029,-0.015471828260971002,2.7364799802448316,0.0037205900150101847,0.08253384477785014
3.654730946189238,PASSED,-0.28094887738332525,-0.0007127692713063878,-0.015142533762827448,2.7364837413948595,0.00380207008170775,0.08077754797737541
3.655731146229246,PASSED,-0.28094959758921395,-0.00072771108532783,-0.014808000860518854,2.7364875831355766,0.003881777111891,0.07899335165383234
3.656731346269254,PASSED,-0.2809503325676038,-0.0007423153159251936,-0.014468383755260168,2.736491503680297,0.003959683655525532,0.07718200495499847
3.657731546309262,PASSED,-0.28095108197842955,-0.0007565769685842043,-0.014123831928177885,2.736495501215277,0.004035763035356393,0.07534429641476834
3.65873174634927,PASSED,-0.28095184547670815,-0.0007704912015785619,-0.013774500371810716,2.736499573900552,0.004109989455385245,0.07348116910490728
3.659731946389278,PASSED,-0.2809526227126939,-0.0007840533302075023,-0.013420547467026974,2.736503719870736,0.004182337919093998,0.07159332677798394
3.660732146429286,PASSED,-0.2809534133320338,-0.0007972588256666429,-0.013062127453882848,2.736507937235865,0.004252784234743125,0.06968164156322083
3.661732346469294,PASSED,-0.28095421697592554,-0.0008101033168970027,-0.012699400414677844,2.736512224082245,0.004321305118394047,0.067747045042724
3.662732546509302,PASSED,-0.28095503328127636,-0.0008225825936781343,-0.012332527692100666,2.7365165784732817,0.0043878780950956505,0.06579026447419002
3.66373274654931,PASSED,-0.28095586188086275,-0.0008346926054713553,-0.011961667860634576,2.73652099845034,0.004452481523861039,0.06381220495952174
3.664732946589318,PASSED,-0.28095670240349213,-0.0008464294633378712,-0.011586984537103445,2.7365254820336156,0.004515094696836188,0.06181381831889991
3.665733146629326,PASSED,-0.28095755447416526,-0.0008577894429318242,-0.011208642965186078,2.736530027222988,0.0045756977316943025,0.059795845884258056
3.666733346669334,PASSED,-0.28095841771423996,-0.000868768983200118,-0.010826805137032188,2.736534631998892,0.004634271589395082,0.05775919891179376
3.667733546709342,PASSED,-0.2809592917415957,-0.0008793646875941846,-0.010441637232089667,2.7365392943232054,0.004690798178369277,0.05570484901579598
3.66873374674935,PASSED,-0.28096017617079894,-0.0008895733266925788,-0.010053307009263787,2.7365440121401283,0.0047452602749508644,0.05363359495878162
3.669733946789358,PASSED,-0.28096107061326986,-0.0008993918373205219,-0.00966197970706269,2.7365487833770654,0.004797641494054712,0.0515463018672258
3.670734146829366,PASSED,-0.2809619746774497,-0.0009088173241253664,-0.009267824870032467,2.736553605945527,0.004847926404437008,0.0494439827256755
3.671734346869374,PASSED,-0.28096288796896846,-0.0009178470603594193,-0.008871010476733141,2.736558477742008,0.004896100452564284,0.0473274250616779
3.672734546909382,PASSED,-0.28096381009081367,-0.0009264784876762331,-0.008471705210200804,2.7365633966489114,0.0049421499711438865,0.04519758092488414
3.67373474694939,PASSED,-0.28096474064349974,-0.0009347092177024933,-0.008070079903633212,2.7365683605354305,0.004986062221465772,0.043055363253220964
3.674734946989398,PASSED,-0.28096567922523774,-0.0009425370323359257,-0.007666304453298488,2.736573367258467,0.005027825361798578,0.0409016583858619
3.675735147029406,PASSED,-0.28096662543210554,-0.0009499598832699832,-0.007260548587896761,2.7365784146635246,0.0050674284360886735,0.038737351559586394
3.676735347069414,PASSED,-0.2809675788582184,-0.0009569758931144448,-0.0068529840155049275,2.736583500585636,0.00510486143983577,0.03656343853876973
3.677735547109422,PASSED,-0.2809685390959002,-0.000963583356587666,-0.006443783111698732,2.736588622850264,0.00514011526668169,0.03438075238402246
3.67873574714943,PASSED,-0.2809695057358543,-0.0009697807386244004,-0.0060331146534247145,2.736593779274218,0.0051731817001536935,0.032190220863991086
3.679735947189438,PASSED,-0.280970478367335,-0.0009755666753534829,-0.005621151446187523,2.7365989676665627,0.005204053461889592,0.029992788983836602
3.680736147229446,PASSED,-0.28097145657831935,-0.0009809399758029577,-0.005208066451666229,2.7366041858295382,0.0052327241928687394,0.02778935897602256
3.681736347269454,PASSED,-0.280972439955678,-0.0009858996193732004,-0.004794028315960302,2.7366094315594736,0.005259188427847828,0.025580818981134002
3.682736547309462,PASSED,-0.28097342808534714,-0.0009904447566473525,-0.004379209912946594,2.736614702647697,0.005283441623188097,0.02336811291302644
3.68373674734947,PASSED,-0.2809744205524997,-0.0009945747108683959,-0.003963783759774356,2.7366199968814584,0.005305480168520928,0.021152166946032124
3.684736947389478,PASSED,-0.2809754169417166,-0.0009982889753624945,-0.003547918316981531,2.7366253120448367,0.0053253013439836525,0.01893384780718609
3.685737147429486,PASSED,-0.2809764168371575,-0.0010015872137268706,-0.0031317850626391332,2.7366306459196448,0.005342903326471064,0.016714072274228785
3.686737347469494,PASSED,-0.28097741982273167,-0.0010044692615262787,-0.002715556290587251,2.7366359962863527,0.005358285242859403,0.0144938124644099
3.687737547509502,PASSED,-0.28097842548226803,-0.0010069351233714453,-0.0022993988815524146,2.736641360924992,0.0053714471149129365,0.012273911779616183
3.68873774754951,PASSED,-0.2809794333996852,-0.00100898497333356,-0.0018834840158230592,2.736646737616051,0.0053823898279368515,0.010055247186780336
3.689737947589518,PASSED,-0.2809804431591602,-0.0010106191549036784,-0.0014679799396488842,2.7366521241413926,0.005391115221620979,0.00783882468235734
3.690738147629526,PASSED,-0.28098145434529787,-0.0010118381798570528,-0.0010530549625248993,2.7366575182851385,0.005397626014469613,0.005625438292818528
3.691738347669534,PASSED,-0.2809824665432984,-0.0010126427277327818,-0.0006388764845315821,2.7366629178345887,0.00540192581203278,0.0034160370767315385
3.692738547709542,PASSED,-0.2809834793391247,-0.0010130336445055197,-0.00022561029820856987,2.736668320581084,0.005404019112435306,0.001211475953057456
3.69373874774955,PASSED,-0.28098449231966927,-0.0010130119427680811,0.00018657642787020556,2.73667372432092,0.005403911312188093,-0.00098731771406079
3.694738947789558,PASSED,-0.2809855050729192,-0.0010125788005052544,0.0005975194861310564,2.736679126856211,0.005401608672065058,-0.003179521729017202
3.695739147829566,PASSED,-0.2809865171881216,-0.0010117355592306808,0.0010070558002020199,2.7366845259957895,0.0053971183444342,-0.0053641982320851685
3.696739347869574,PASSED,-0.28098752825594714,-0.0010104837246170675,0.00141502048922087,2.7366899195560648,0.005390448352456138,-0.0075405211420471185
3.697739547909582,PASSED,-0.2809885378686525,-0.0010088249638885182,0.0018212542214349687,2.736695305361887,0.005381607553497566,-0.009707650836254788
3.69873974794959,PASSED,-0.28098954562024236,-0.0010067611055485433,0.0022255944190014768,2.7367006812474304,0.005370605714767564,-0.011864630659167688
3.699739947989598,PASSED,-0.2809905511066296,-0.0010042941381559968,0.002627882708243084,2.736706045057029,0.005357453430317961,-0.01401072030989395
3.700740148029606,PASSED,-0.280991553925795,-0.0010014262086058346,0.0030279607781085217,2.7367113946460324,0.005342162112966351,-0.0161450487127543
3.701740348069614,PASSED,-0.2809925536779441,-0.0009981596205507353,0.0034256729064263184,2.7367167278816544,0.005324744069949676,-0.018266705885955272
3.702740548109622,PASSED,-0.28099354996566517,-0.0009944968349525718,0.00382086072598818,2.7367220426438026,0.005305212416883744,-0.02037495118591467
3.70374074814963,PASSED,-0.280994542394083,-0.0009904404661030312,0.00421337426524248,2.736727336825904,0.005283581058474066,-0.022468963225520378
3.704740948189638,PASSED,-0.2809955305710138,-0.0009859932809554487,0.004603059069142803,2.7367326083357333,0.00525986476992731,-0.024547838760913692
3.705741148229646,PASSED,-0.2809965141071162,-0.000981158198512315,0.004989764692460566,2.7367378550962154,0.0052340791150421485,-0.026610865634659853
3.706741348269654,PASSED,-0.2809974926160429,-0.0009759382880644696,0.005373340951435544,2.736743075046233,0.005206240426163205,-0.028657237708466284
3.707741548309662,PASSED,-0.2809984657145885,-0.0009703367651937115,0.005753644150306359,2.7367482661414226,0.005176365869673062,-0.030686102344595408
3.70874174834967,PASSED,-0.28099943302283764,-0.0009643569933731779,0.006130523600685244,2.736753426354961,0.00514447338667657,-0.032696736764423896
3.709741948389678,PASSED,-0.28100039416430983,-0.0009580024806266198,0.006503838843806723,2.736758553678338,0.0051105816567724605,-0.034688391997234426
3.710742148429686,PASSED,-0.28100134876610333,-0.0009512768763118519,0.006873447962075209,2.7367636461221188,0.0050747101387220534,-0.03666026875252276
3.711742348469694,PASSED,-0.2810022964590368,-0.0009441839715708383,0.007239209260305726,2.73676870171671,0.005036879068370157,-0.038611604751479935
3.712742548509702,PASSED,-0.28100323687778933,-0.0009367276973478685,0.007600984198079115,2.7367737185131054,0.0049971093950514425,-0.04054171903020456
3.71374274854971,PASSED,-0.28100416966103814,-0.0009289121197248999,0.007958639906228256,2.7367786945836095,0.004955422784712544,-0.04244987121135963
3.714742948589718,PASSED,-0.2810050944515945,-0.0009207414399545856,0.008312039679705126,2.736783628022583,0.004911841670484448,-0.04433527623925344
3.715743148629726,PASSED,-0.2810060108965373,-0.0009122199931005871,0.008661051636860442,2.736788516947133,0.004866389153710786,-0.04619734379660028
3.716743348669734,PASSED,-0.28100691864734534,-0.0009033522443221495,0.00900554687282239,2.736793359497836,0.004819089033282641,-0.048035304849176064
3.717743548709742,PASSED,-0.28100781736002595,-0.0008941427864183314,0.0093453985911486,2.736798153839416,0.004769965826610887,-0.04984847455347368
3.71874374874975,PASSED,-0.281008706695243,-0.0008845963393098735,0.009680479453330823,2.7368028981614376,0.004719044704461539,-0.05163622054659616
3.719743948789758,PASSED,-0.28100958631844153,-0.0008747177464642671,0.010010668440456767,2.73680759067895,0.004666351467884382,-0.0533979139308632
3.720744148829766,PASSED,-0.28101045589997065,-0.0008645119727855742,0.010335843837517176,2.7368122296331734,0.004611912628166625,-0.05513279024235364
3.721744348869774,PASSED,-0.28101131511520383,-0.0008539841025563779,0.010655887823649225,2.7368168132921085,0.004555755294430616,-0.05684036273177849
3.722744548909782,PASSED,-0.2810121636446568,-0.0008431393366702544,0.01097068459443978,2.7368213399511974,0.004497907193942583,-0.05851992565887086
3.72374474894979,PASSED,-0.2810130011741033,-0.0008319829906771065,0.011280120258953209,2.73682580793392,0.004438396696488546,-0.06017087865081599
3.724744948989798,PASSED,-0.2810138273946882,-0.0008205204917942555,0.011584084632116286,2.7368302155923994,0.004377252732958725,-0.061792686782492556
3.725745149029806,PASSED,-0.2810146420030376,-0.0008087573760792045,0.011882469770341042,2.736834561308001,0.004314504833795525,-0.06338470741700587
3.726745349069814,PASSED,-0.2810154447013675,-0.0007966992870539062,0.01217516852860293,2.7368388434919066,0.004250183120971863,-0.06494638309476544
3.727745549109822,PASSED,-0.2810162351975887,-0.0007843519721296036,0.012462079188102593,2.7368430605856697,0.00418431822947846,-0.06647723042582697
3.72874574914983,PASSED,-0.28101701320541006,-0.0007717212799433346,0.012743100851713027,2.7368472110617756,0.004116941359133849,-0.0679766302904654
3.729745949189838,PASSED,-0.2810177784444382,-0.0007588131583988867,0.013018135339604735,2.7368512934241664,0.0040480842524362026,-0.06944409096910063
3.730746149229846,PASSED,-0.28101853064027543,-0.0007456336513680568,0.013287088158313191,2.7368553062087653,0.003977779131176762,-0.07087914145300102
3.731746349269854,PASSED,-0.28101926952461415,-0.0007321888957618044,0.013549867238212035,2.736859247983987,0.0039060587402388325,-0.07228122392788208
3.732746549309862,PASSED,-0.281019994835329,-0.0007184851195628018,0.013806382172862966,2.7368631173512235,0.0038329563110713503,-0.07364989932721529
3.73374674934987,PASSED,-0.2810207063165663,-0.000704528638722685,0.014056546618285825,2.736866912945319,0.0037585055188140756,-0.0749847208773145
3.734746949389878,PASSED,-0.28102140371882983,-0.0006903258533165589,0.014300277931353014,2.7368706334350397,0.0036827405187744777,-0.07628518614778744
3.735747149429886,PASSED,-0.2810220867990651,-0.0006758832462965253,0.014537493079153902,2.7368742775235093,0.0036056958950616592,-0.07755091542283925
3.736747349469894,PASSED,-0.2810227553207396,-0.0006612073802060226,0.01476811476473529,2.7368778439486494,0.0035274066481146716,-0.07878146796308623
3.737747549509902,PASSED,-0.281023409053921,-0.0006463048932043147,0.01499206849302301,2.7368813314835867,0.003447908195968877,-0.07997644160093352
3.73874774954991,PASSED,-0.2810240477753516,-0.000631182496785334,0.015209281702952514,2.7368847389370634,0.003367236352631878,-0.08113544449437579
3.739747949589918,PASSED,-0.28102467126852076,-0.0006158469739203483,0.015419683639674546,2.736888065153809,0.003285427291291502,-0.08225813923770951
3.740748149629926,PASSED,-0.2810252793237335,-0.0006003051744474595,0.015623210028364972,2.7368913090149203,0.0032025175592268872,-0.08334412728255139
3.741748349669934,PASSED,-0.28102587173817695,-0.0005845640126334895,0.015819796337706696,2.736894469438206,0.00311854405061282,-0.08439309616841148
3.742748549709942,PASSED,-0.2810264483159832,-0.0005686304649138019,0.016009381974341423,2.7368975453785307,0.0030335439818126027,-0.0854047172214219
3.74374874974995,PASSED,-0.2810270088682892,-0.0005525115654845309,0.016191911065890505,2.7369005358281324,0.0029475548850860837,-0.08637868306325014
3.744748949789958,PASSED,-0.2810275532132942,-0.0005362144047670235,0.01636732715191853,2.736903439816921,0.002860614579052193,-0.08731472134765185
3.745749149829966,PASSED,-0.2810280811763132,-0.0005197461253178293,0.016535580980711315,2.736906256412779,0.002772761183979981,-0.08821251088858545
3.746749349869974,PASSED,-0.2810285925898284,-0.0005031139187149032,0.016696623684402608,2.736908984721817,0.0026840330606125373,-0.08907186502001521
3.747749549909982,PASSED,-0.28102908729353654,-0.0004863250236751666,0.016850409276625986,2.736911623888651,0.0025944688321458574,-0.08989247076445717
3.74874974994999,PASSED,-0.2810295651343943,-0.0004693867218327652,0.01699689688625169,2.7369141730966255,0.002504107359113581,-0.0906741412108229
3.749749949989998,PASSED,-0.28103002596665927,-0.0004523063341395906,0.01713604823112322,2.7369166315680307,0.0024129876774785257,-0.09141670858454394
3.7507501500300062,PASSED,-0.2810304696519293,-0.00043509121995477263,0.0172678248206145,2.7369189985643403,0.00232114908471398,-0.0921198488845466
3.7517503500700142,PASSED,-0.28103089605917714,-0.00041774877202905533,0.017392196662452477,2.7369212733863537,0.002228631004686514,-0.09278356745607833
3.7527505501100222,PASSED,-0.2810313050647838,-0.0004002864133493042,0.01750913335795024,2.736923455374417,0.0021354730403999036,-0.09340756217363239
3.7537507501500302,PASSED,-0.28103169655256716,-0.0003827115955156804,0.01761860748407283,2.736925543908542,0.00204171496744196,-0.09399174681415161
3.7547509501900382,PASSED,-0.28103207041380807,-0.0003650317942532105,0.017720597114734574,2.7369275384085734,0.0019473966669475633,-0.09453600294789334
3.755751150230046,PASSED,-0.2810324265472742,-0.00034725450710051454,0.01781508051133688,2.736929438334291,0.0018525581330914873,-0.09504022112819782
3.756751350270054,PASSED,-0.2810327648592387,-0.0003293872492804447,0.01790204269255849,2.736931243185528,0.0017572394734024627,-0.09550428539624203
3.757751550310062,PASSED,-0.2810330852634985,-0.00031143755224847527,0.01798146659157677,2.736932952502259,0.0016614808786630734,-0.09592813430148753
3.75875175035007,PASSED,-0.2810333876813867,-0.0002934129590545693,0.018053344262125463,2.736934565864678,0.0015653225936255327,-0.09631171886157583
3.759751950390078,PASSED,-0.2810336720417838,-0.0002753210213288376,0.018117666701469234,2.736936082893238,0.001468804900366183,-0.09665500952453215
3.760752150430086,PASSED,-0.28103393828112533,-0.00025716929787164767,0.018174427961003756,2.7369375032487144,0.0013719681473478493,-0.09695791534753492
3.761752350470094,PASSED,-0.28103418634340577,-0.00023896534922042672,0.01822362911136575,2.7369388266322106,0.0012748526763972248,-0.09722050801935087
3.762752550510102,PASSED,-0.2810344161801801,-0.0002207167357298352,0.01826526974340866,2.7369400527851693,0.001177498806515144,-0.09744277779056768
3.76375275055011,PASSED,-0.281034627750562,-0.00020243101532357803,0.018299354181489497,2.736941181489375,0.001079946893059815,-0.09762467056517007
3.764752950590118,PASSED,-0.2810348210212189,-0.00018411573869884777,0.018325891586890738,2.7369422125669076,0.0009822372155666597,-0.09776634877847849
3.765753150630126,PASSED,-0.28103499596636417,-0.0001657784468645259,0.018344891999275973,2.736943145880117,0.0008844099990629956,-0.09786779498712118
3.766753350670134,PASSED,-0.2810351525677458,-0.00014742666910125377,0.018356368272602903,2.736943981331555,0.0007865054384668909,-0.0979290710020937
3.767753550710142,PASSED,-0.2810352908146331,-0.00012906791920697135,0.018360337642068774,2.7369447188639087,0.0006885636238153016,-0.09795031041791961
3.76875375075015,PASSED,-0.28103541070379856,-0.0001107096911036166,0.01835682174421207,2.736945358459902,0.0005906245306159674,-0.09793161505361053
3.769753950790158,PASSED,-0.28103551223949896,-9.235945837796745e-05,0.018345840046607203,2.736945900142191,0.0004927280443392442,-0.09787306709213166
3.770754150830166,PASSED,-0.28103559543345114,-7.402467005812699e-05,0.018327420501995952,2.736946343973242,0.00039491391900058694,-0.09777483083634102
3.771754350870174,PASSED,-0.28103566030480714,-5.571274698202615e-05,0.018301591458837425,2.7369466900551895,0.00029722173783775765,-0.09763708138048817
3.772754550910182,PASSED,-0.2810357068801243,-3.743107987071753e-05,0.01826838421295608,2.7369469385296905,0.00019969094774409648,-0.0974599292357765
3.77375475095019,PASSED,-0.2810357351933336,-1.9187025867695424e-05,0.01822783386306612,2.736947089577743,0.0001023608108108285,-0.09724360873159565
3.774754950990198,PASSED,-0.2810357452857051,-9.87906409540932e-07,0.01817997652154674,2.7369471434195076,5.270382513612258e-06,-0.09698830800762998
3.775755151030206,PASSED,-0.2810357372058098,1.7158996955816815e-05,0.018124854594565087,2.7369471003140995,-9.154148245957627e-05,-0.09669423628356091
3.776755351070214,PASSED,-0.2810357110094795,3.524644450229504e-05,0.018062509514420306,2.736946960559376,-0.000188036150156521,-0.09636162197253391
3.777755551110222,PASSED,-0.2810356667597628,5.32672409097666e-05,0.017992987669505734,2.73694672449171,-0.0002841752206766835,-0.09599070288524823
3.77875575115023,PASSED,-0.28103560452687926,7.121423925700638e-05,0.01791633879906247,2.736946392485735,-0.0003799205606796804,-0.09558176474816281
3.779755951190238,PASSED,-0.28103552438817014,8.908034259035961e-05,0.01783261302288043,2.736945964954082,-0.000475234315317819,-0.09513508123145574
3.780756151230246,PASSED,-0.2810354264280468,0.00010685850723019464,0.01774186571780475,2.7369454423471087,-0.0005700788884666706,-0.09465090109378219
3.781756351270254,PASSED,-0.28103531073793586,0.00012454174571647963,0.017644153665271802,2.7369448251526096,-0.0006644169846748254,-0.09412955961773654
3.782756551310262,PASSED,-0.281035177416222,0.00014212312862475548,0.01753953573694522,2.7369441138955053,-0.0007582116472070794,-0.09357139780859901
3.78375675135027,PASSED,-0.2810350265681886,0.00015959578782515993,0.01742807484271058,2.736943309137525,-0.0008514262266994993,-0.09297670061496699
3.784756951390278,PASSED,-0.281034858305954,0.00017695292006081773,0.017309837164289285,2.7369424114768686,-0.0009440244123991724,-0.09234584242281049
3.785757151430286,PASSED,-0.28103467274840754,0.0001941877874744971,0.017184887579939426,2.736941421547868,-0.0010359702547584517,-0.09167917565025825
3.786757351470294,PASSED,-0.2810344700211412,0.00021129372115640313,0.017053297749883737,2.736940340020612,-0.001127228183510468,-0.09097709748652162
3.787757551510302,PASSED,-0.2810342502563794,0.00022826412471293727,0.016915140760967697,2.736939167600589,-0.0012177629810448088,-0.09023993089955365
3.78875775155031,PASSED,-0.28103401359290603,0.000245092475420958,0.016770490672722765,2.736937905028279,-0.0013075398510917725,-0.08946816281190367
3.789757951590318,PASSED,-0.2810337601759897,0.0002617723259514441,0.016619423768995025,2.7369365530787677,-0.0013965244050829627,-0.08866214811071456
3.790758151630326,PASSED,-0.28103349015730555,0.00027829730948396346,0.01646202337486884,2.7369351125613255,-0.0014846826479627407,-0.08782230605915374
3.791758351670334,PASSED,-0.28103320369485546,0.0002946611400011678,0.016298368612094674,2.736933584318971,-0.0015719810582830013,-0.08694914649433215
3.792758551710342,PASSED,-0.2810329009528856,0.00031085761386266697,0.016128544027768803,2.7369319692280487,-0.0016583865392142227,-0.08604303722248048
3.79375875175035,PASSED,-0.28103258210180143,0.000326880614945977,0.015952639120337488,2.73693026819777,-0.001743866427543421,-0.08510445573367659
3.794758951790358,PASSED,-0.2810322473180812,0.0003427241147218055,0.015770740212822536,2.736928482169735,-0.0018283885915496647,-0.08413396952128832
3.795759151830366,PASSED,-0.2810318967841862,0.00035838217435857226,0.015582939252729595,2.736926612117483,-0.0019119213324487493,-0.08313192181761529
3.796759351870374,PASSED,-0.28103153068846987,0.0003738489480977802,0.0153893300635269,2.736924659045978,-0.001994433445430121,-0.08209890709054295
3.797759551910382,PASSED,-0.28103114922508377,0.00038911868505442853,0.015190008218729309,2.7369226239911235,-0.0020758942730852293,-0.08103544136481845
3.79875975195039,PASSED,-0.2810307525938821,0.00040418573058534737,0.014985070405711788,2.736920508019254,-0.0021562736295927362,-0.07994196660263206
3.799759951990398,PASSED,-0.28103034100032426,0.00041904452829605077,0.014774615914031177,2.7369183122266016,-0.00223554186615896,-0.0788190832086182
3.800760152030406,PASSED,-0.2810299146553748,0.00043368962352178473,0.014558748100202466,2.7369160377387796,-0.002313669889139548,-0.07766731616190141
3.801760352070414,PASSED,-0.2810294737754019,0.00044811566410269185,0.014337568901376867,2.7369136857102188,-0.0023906291507530524,-0.07648722524790695
3.802760552110422,PASSED,-0.28102901858207385,0.00046231740125940717,0.014111182660274285,2.7369112573236416,-0.0024663916269093765,-0.07527931009526845
3.80376075215043,PASSED,-0.2810285493022536,0.00047628969339776154,0.013879698457074414,2.736908753789474,-0.002540929896157177,-0.07404424201615524
3.804760952190438,PASSED,-0.28102806616789133,0.0004900275080868043,0.013643225510355026,2.7369061763452858,-0.0026142171259496408,-0.07278255497666954
3.805761152230446,PASSED,-0.2810275694159158,0.0005035259207504256,0.013401870765798799,2.7369035262552113,-0.0026862270167518337,-0.07149478135254139
3.806761352270454,PASSED,-0.28102705928812316,0.0005167801192426651,0.013155750309866753,2.736900804809346,-0.0027569339086998663,-0.07018163234502606
3.807761552310462,PASSED,-0.281026536031065,0.0005297854056055416,0.012904977064883248,2.7368980133231617,-0.002826312747569555,-0.0688436432194636
3.80876175235047,PASSED,-0.2810259998959339,0.0005425371955637383,0.0126496652204056,2.736895153136884,-0.0028943390619550367,-0.0674814284961604
3.809761952390478,PASSED,-0.2810254511384483,0.0005550310209455476,0.012389932156078379,2.7368922256148873,-0.002960989018246963,-0.06609564148910402
3.810762152430486,PASSED,-0.281024890018735,0.0005672625326900509,0.012125898136786658,2.736889232145058,-0.00302623942745284,-0.0646869210170588
3.811762352470494,PASSED,-0.28102431680121087,0.0005792275002100072,0.011857680442069361,2.7368861741381694,-0.003090067715876338,-0.06325586669445762
3.812762552510502,PASSED,-0.28102373175446277,0.0005909218132133672,0.011585401377553794,2.7368830530272485,-0.00315245193704649,-0.06180312415394866
3.81376275255051,PASSED,-0.2810231351511262,0.0006023414843527447,0.011309184313926668,2.7368798702669057,-0.003213370853493525,-0.06032944464242642
3.814762952590518,PASSED,-0.2810225272677628,0.0006134826491727316,0.011029151824027068,2.736876627332703,-0.003272803840636829,-0.05883534881055642
3.815763152630526,PASSED,-0.28102190838473623,0.0006243415671408219,0.010745428730799084,2.7368733257204805,-0.0033307309271369758,-0.05732157829320701
3.816763352670534,PASSED,-0.28102127878608757,0.0006349146239231134,0.010458142149953066,2.7368699669456955,-0.0033871328565194246,-0.05578883010860993
3.817763552710542,PASSED,-0.2810206387594084,0.0006451983325152294,0.010167419553557952,2.7368665525427454,-0.0034419910205780884,-0.054237720025366996
3.81876375275055,PASSED,-0.2810199885957143,0.0006551893323611769,0.009873386707540418,2.7368630840642822,-0.003495287496827115,-0.052668980398133426
3.819763952790558,PASSED,-0.2810193285893159,0.0006648843926988546,0.009576176091102555,2.7368595630805452,-0.003547005048357226,-0.05108326561809581
3.820764152830566,PASSED,-0.2810186590376899,0.000674280412609937,0.009275915791069046,2.7368559911786505,-0.0035971271410459135,-0.04948131073574855
3.821764352870574,PASSED,-0.28101798024134883,0.0006833744211975138,0.00897273711858211,2.7368523699619103,-0.0036456379334300153,-0.04786378014966976
3.822764552910582,PASSED,-0.2810172925037096,0.0006921635798199896,0.008666772958404938,2.736848701049123,-0.0036925222810589207,-0.04623139261506216
3.82376475295059,PASSED,-0.2810165961309623,0.0007006451816423702,0.00835815439836412,2.736844986073881,-0.0037377657446141252,-0.0445848441819662
3.824764952990598,PASSED,-0.2810158914319369,0.0007088166526350325,0.00804701538886113,2.7368412266838504,-0.0037813546098648633,-0.04292487929658561
3.825765153030606,PASSED,-0.2810151787179701,0.00071667555333476,0.007733490906971675,2.7368374245400706,-0.003823275856894596,-0.04125215885183137
3.826765353070614,PASSED,-0.2810144583027718,0.0007242195776776894,0.0074177133002346,2.736833581316232,-0.003863517187288681,-0.039567444755586934
3.827765553110622,PASSED,-0.28101373050228956,0.0007314465548773106,0.007099819799212167,2.736829698697955,-0.003902067043014112,-0.037871463038660576
3.82876575315063,PASSED,-0.2810129956345746,0.0007383544494633402,0.006779944443907845,2.7368257783820824,-0.0039389145523076865,-0.03616487346351641
3.829765953190638,PASSED,-0.28101225401964547,0.0007449413614684385,0.00645822371255857,2.73682182207594,-0.003974049592054767,-0.03444848393612362
3.830766153230646,PASSED,-0.2810115059793523,0.0007512055277677722,0.006134794690517222,2.736817831496624,-0.00400746277005552,-0.03272297404384007
3.831766353270654,PASSED,-0.2810107518372407,0.0007571453208856537,0.0058097920694576005,2.7368138083702624,-0.004039145402461536,-0.03098907131413425
3.832766553310662,PASSED,-0.28100999191841475,0.0007627592507258725,0.005483355020726208,2.7368097544312966,-0.004069089545999778,-0.029247525020979933
3.83376675335067,PASSED,-0.2810092265494002,0.0007680459641916109,0.005155619095746479,2.7368056714217404,-0.0040972879988752965,-0.027499071445210327
3.834766953390678,PASSED,-0.28100845605800784,0.0007730042445564129,0.004826721210838877,2.736801561090462,-0.004123734267027807,-0.025744399290711522
3.835767153430686,PASSED,-0.2810076807731956,0.0007776330135607836,0.004496800866725205,2.7367974251924374,-0.004148422603879077,-0.023984295224973213
3.836767353470694,PASSED,-0.28100690102493187,0.0007819313296222169,0.004165992857905474,2.7367932654880214,-0.004171348013483948,-0.02221948585813778
3.837767553510702,PASSED,-0.2810061171440578,0.0007858983877951031,0.003834435049540035,2.7367890837422277,-0.004192506188092912,-0.020450633776180567
3.83876775355071,PASSED,-0.2810053294621504,0.0007895335215192866,0.003502266173945855,2.73678488172398,-0.00421189358137994,-0.01867856629425993
3.839767953590718,PASSED,-0.2810045383113852,0.0007928362010061727,0.003169621695513152,2.7367806612053944,-0.004229507384293098,-0.016903960659087752
3.840768153630726,PASSED,-0.28100374402439904,0.0007958060328541476,0.002836638616282678,2.73677642396103,-0.004245345506077042,-0.015127562533848891
3.841768353670734,PASSED,-0.28100294693415373,0.0007984427606834055,0.0025034539712413153,2.7367721717671785,-0.004259406580119783,-0.013350081715336314
3.842768553710742,PASSED,-0.28100214737379897,0.0008007462649851565,0.002170204522090963,2.736767906401123,-0.00427168998020692,-0.011572279001670963
3.84376875375075,PASSED,-0.2810013456765367,0.0008027165615049048,0.001837024518186509,2.7367636296404227,-0.004282195795563379,-0.00979483959298304
3.844768953790758,PASSED,-0.2810005421754848,0.0008043538018888448,0.0015040509611088503,2.7367593432621713,-0.004290924849967386,-0.008018530944690645
3.845769153830766,PASSED,-0.2809997372035416,0.0008056582739694483,0.0011714194935999868,2.736755049042289,-0.004297878685589295,-0.006244038740055361
3.846769353870774,PASSED,-0.2809989310932514,0.0008066303987655395,0.0008392616644186639,2.7367507487548015,-0.0043030595432670595,-0.00447207030290313
3.847769553910782,PASSED,-0.28099812417666953,0.0008072707322473968,0.0005077146934831761,2.7367464441711085,-0.004306470417491114,-0.0027034101714902337
3.84876975395079,PASSED,-0.28099731678522866,0.0008075799643168816,0.00017691032015250893,2.7367421370592893,-0.004308114990634454,-0.0009386817912385799
3.849769953990798,PASSED,-0.28099650924960595,0.0008075589167090036,-0.00015301955989830446,2.7367378291833773,-0.004307997642930301,0.0008213673677475471
3.850770154030806,PASSED,-0.2809957018995899,0.0008072085443729182,-0.0004819408535435095,2.736733522302663,-0.004306123488246487,0.0025760128945247957
3.851770354070814,PASSED,-0.28099489506394887,0.0008065299332942254,-0.0008097245621256858,2.736729218170983,-0.004302498329101502,0.004324589978623568
3.852770554110822,PASSED,-0.2809940890703004,0.0008055242993768121,-0.0011362401542715209,2.7367249185360265,-0.00429712865444668,0.006066397772287996
3.85377075415083,PASSED,-0.28099328424498043,0.0008041929893734652,-0.0014613565693972447,2.736720625138642,-0.004290021654686155,0.007800734419349529
3.854770954190838,PASSED,-0.2809924809129147,0.0008025374782320458,-0.0017849475227675684,2.7367163397121375,-0.004281185218064771,0.009526904756074069
3.855771154230846,PASSED,-0.2809916793974898,0.0008005593685981252,-0.0021068843746893844,2.736712063981614,-0.004270627891064238,0.011244275163506453
3.856771354270854,PASSED,-0.2809908800204265,0.0007982603902915493,-0.0024270409278335345,2.7367077996632703,-0.004258358906034104,0.012952124941219272
3.857771554310862,PASSED,-0.28099008310165297,0.0007956423983983782,-0.002745292536729285,2.7367035484637374,-0.00424438818131175,0.014649791243109356
3.85877175435087,PASSED,-0.28098928895917985,0.0007927073730661472,-0.0030615138625654874,2.7366993120794096,-0.004228726278421683,0.01633664398803881
3.859771954390878,PASSED,-0.2809884979089763,0.0007894574181116964,-0.0033755823490408477,2.7366950921957818,-0.004211384423937882,0.018011994814310425
3.860772154430886,PASSED,-0.28098771026484687,0.0007858947586930271,-0.0036873774650881545,2.7366908904867944,-0.0041923745073936865,0.019675197697452757
3.861772354470894,PASSED,-0.28098692633831013,0.0007820217415749291,-0.00399677688677124,2.7366867086141893,-0.004171709043425103,0.021325641482670212
3.862772554510902,PASSED,-0.28098614643847813,0.0007778408337985096,-0.0043036617028516235,2.736682548226853,-0.004149401211282188,0.022962625916410274
3.86377275455091,PASSED,-0.28098537087193765,0.0007733546193537394,-0.004607916272715901,2.7366784109602125,-0.004125464785419164,0.024585625827432473
3.864772954590918,PASSED,-0.28098459994263225,0.0007685657999765111,-0.004909421446903338,2.736674298435563,-0.004099914205399624,0.026193882814277644
3.865773154630926,PASSED,-0.28098383395174625,0.000763477193579017,-0.005208063031221254,2.7366702122594986,-0.004072764497337248,0.027786924894441168
3.866773354670934,PASSED,-0.28098307319758986,0.0007580917307835798,-0.005503729304914594,2.7366661540232604,-0.004044031292518043,0.029364058102380897
3.867773554710942,PASSED,-0.280982317975486,0.0007524124551950351,-0.005796306444298096,2.7366621253021473,-0.004013730861756525,0.030924679200941534
3.86877375475095,PASSED,-0.2809815685776585,0.0007464425222824434,-0.0060856838914543,2.7366581276549233,-0.0039818800232419155,0.03246827805705477
3.869773954790958,PASSED,-0.2809808252931219,0.0007401851955250019,-0.0063717553347662275,2.73665416262323,-0.0039484961811380595,0.03399421813505718
3.870774154830966,PASSED,-0.28098008840757294,0.0007336438468250142,-0.006654410943468723,2.736650231730999,-0.0039135973552684835,0.03550189769258966
3.871774354870974,PASSED,-0.2809793582032838,0.0007268219542589776,-0.0069335469810817025,2.7366463364838887,-0.0038772020971206997,0.03699083178457941
3.872774554910982,PASSED,-0.2809786349589969,0.0007197230997433065,-0.0072090595387306845,2.7366424783687235,-0.0038393295023283276,0.0384604367975665
3.87377475495099,PASSED,-0.28097791894982127,0.0007123509678204999,-0.007480846845523902,2.7366386588529457,-0.0037999992427688073,0.03991014140082233
3.874774954990998,PASSED,-0.28097721044713125,0.0007047093442844265,-0.007748807996439994,2.73663487938406,-0.0037592315317918562,0.04133942402770402
3.8757751550310062,PASSED,-0.2809765097184662,0.000696802113516935,-0.008012845948192366,2.736631141389117,-0.003717047073266379,0.04274781485732632
3.8767753550710142,PASSED,-0.28097581702743296,0.0006886332567172876,-0.008272864033950611,2.736627446274181,-0.0036734671141301807,0.044134721988779504
3.8777755551110222,PASSED,-0.28097513263360946,0.0006802068505577637,-0.008528767576572786,2.7366237954238253,-0.0036285134149955183,0.04549968389858368
3.8787757551510302,PASSED,-0.28097445679245053,0.0006715270650461038,-0.008780464135051395,2.7366201902006186,-0.0035822082157547256,0.04684220946893196
3.8797759551910382,PASSED,-0.28097378975519594,0.0006625981610847299,-0.00902786384558888,2.736616631944642,-0.0035345742534796634,0.04816179747914875
3.8807761552310462,PASSED,-0.2809731317687796,0.0006534244893627043,-0.009270876972983327,2.7366131219730097,-0.0034856347336753536,0.04945800135441725
3.8817763552710542,PASSED,-0.2809724830757417,0.0006440104874688219,-0.009509418507815063,2.7366096615793882,-0.0034354133363186977,0.05073032802481486
3.8827765553110622,PASSED,-0.28097184391414254,0.0006343606777907671,-0.009743403791548057,2.736606252033548,-0.0033839341899791053,0.05197835854944418
3.8837767553510703,PASSED,-0.2809712145174782,0.0006244796668110124,-0.00997274910522581,2.736602894580904,-0.00333122186815103,0.05320163068049688
3.8847769553910783,PASSED,-0.2809705951145985,0.0006143721412745708,-0.010197376490585408,2.736599590442094,-0.003277301366342095,0.05439974922789415
3.8857771554310863,PASSED,-0.280969985929627,0.000604042866755816,-0.010417206537534389,2.7365963408125307,-0.003222198120631972,0.05557224336494202
3.8867773554710943,PASSED,-0.2809693871818837,0.0005934966860974843,-0.010632163405530028,2.736593146862008,-0.003165937962318511,0.05671876827914066
3.8877775555111023,PASSED,-0.28096879908580874,0.0005827385161262182,-0.010842174348423222,2.7365900097342832,-0.0031085471140077535,0.0578389016651687
3.8887777555511103,PASSED,-0.28096822185088965,0.0005717733457443199,-0.011047167737548498,2.7365869305466974,-0.003050052196838436,0.0589322608387497
3.8897779555911183,PASSED,-0.2809676556815898,0.0005606062346390777,-0.011247073350371313,2.736583910389787,-0.0029904801997595585,0.05999848790562895
3.8907781556311263,PASSED,-0.28096710077727977,0.0005492423096941374,-0.011441826007986135,2.736580950326918,-0.002929858476727689,0.061037213116029304
3.8917783556711343,PASSED,-0.28096655733217035,0.0005376867635533486,-0.011631359562657376,2.736578051393939,-0.0028682147181409547,0.06204812223387094
3.8927785557111423,PASSED,-0.2809660255352486,0.0005259448519580364,-0.011815612950415298,2.7365752145988287,-0.002805576960864762,0.06303084730440679
3.8937787557511503,PASSED,-0.28096550557021543,0.0005140218914685617,-0.011994525515514425,2.7365724409213668,-0.002741973578846313,0.06398507182781109
3.8947789557911583,PASSED,-0.2809649976154263,0.0005019232572227423,-0.012168040066022554,2.7365697313128226,-0.0026774332289892294,0.06491053520993102
3.8957791558311663,PASSED,-0.2809645018438337,0.0004896543805146049,-0.012336101136214002,2.7365670866956386,-0.002611984888358987,0.06580687757711577
3.8967793558711743,PASSED,-0.2809640184229318,0.0004772207469293595,-0.01249865521793308,2.7365645079631493,-0.0025456578218155065,0.06667385918772348
3.8977795559111823,PASSED,-0.28096354751470426,0.00046462789272671174,-0.012655653525790981,2.7365619959792884,-0.002478481555918811,0.06751120370267746
3.8987797559511903,PASSED,-0.2809630892755742,0.0004518814031631025,-0.012807046922154739,2.736559551578334,-0.0024104858805124372,0.06831865654217072
3.8997799559911983,PASSED,-0.2809626438563556,0.00043898691107574657,-0.012952788864156748,2.736557175564638,-0.0023417008538428293,0.06909594008789986
3.9007801560312063,PASSED,-0.28096221140220884,0.0004259500924893981,-0.013092838401142882,2.736554868712405,-0.0022721567383770904,0.06984289905096455
3.9017803560712143,PASSED,-0.28096179205259697,0.00041277666569419747,-0.013227152391239082,2.7365526317654454,-0.002201884031957647,0.07055924466509622
3.9027805561112223,PASSED,-0.28096138594124564,0.0003994723880378875,-0.013355694499690532,2.736550465436963,-0.0021309134676319326,0.0712447774327938
3.9037807561512303,PASSED,-0.28096099319610496,0.00038604305357723936,-0.013478427767953239,2.736548370409358,-0.0020592759342794803,0.07189937063222468
3.9047809561912383,PASSED,-0.28096061393931365,0.00037249449153631557,-0.013595318222904135,2.7365463473340412,-0.0019870025026530705,0.072522805622533
3.9057811562312463,PASSED,-0.2809602482871663,0.0003588325619821848,-0.013706337108281876,2.7365443968312437,-0.0019141244643884655,0.07311486002598618
3.9067813562712543,PASSED,-0.28095989635008234,0.0003450631547955028,-0.01381145390561545,2.736542519489855,-0.0018406732383706695,0.0736754700123362
3.9077815563112623,PASSED,-0.28095955823257823,0.0003311921873066673,-0.013910643210982187,2.7365407158672914,-0.0017666803424846382,0.0742045131351612
3.9087817563512703,PASSED,-0.28095923403324125,0.00031722560071823684,-0.014003882173395973,2.7365389864893355,-0.00169217749948258,0.07470172957998913
3.9097819563912783,PASSED,-0.2809589238447068,0.00030316935803267013,-0.01409114969368053,2.7365373318500303,-0.001617196521062335,0.07516714431374924
3.9107821564312863,PASSED,-0.2809586277536372,0.00028902944271760503,-0.014172425729321482,2.7365357524115526,-0.0015417692957097721,0.07560061271177214
3.9117823564712944,PASSED,-0.2809583458407043,0.00027481185392747026,-0.014247697497343614,2.736534248604137,-0.001465927827186975,0.07600203906348052
3.9127825565113024,PASSED,-0.2809580781805723,0.00026052260634171025,-0.014316947644704238,2.736532820825971,-0.001389704210365459,0.07637133532687305
3.9137827565513104,PASSED,-0.2809578248418861,0.00024616772629303227,-0.014380168317993807,2.7365314694431357,-0.001313130578340526,0.07670849649030619
3.9147829565913184,PASSED,-0.28095758588725933,0.00023175324935954006,-0.014437349343824483,2.7365301947895495,-0.001236239109341055,0.07701345067224777
3.9157831566313264,PASSED,-0.28095736137326677,0.00021728521857891647,-0.014488485071822972,2.736528997166914,-0.0011590620584146956,0.07728611776243356
3.9167833566713344,PASSED,-0.2809571513504382,0.0002027696813298033,-0.014533572033973256,2.736527876844699,-0.0010816316654502689,0.07752657643242206
3.9177835567113424,PASSED,-0.28095695586325536,0.00018821268699106012,-0.01457260920858977,2.736526834060106,-0.0010039801927208864,0.0777347369273561
3.9187837567513504,PASSED,-0.2809567749501508,0.00017362028473603844,-0.014605597619309635,2.7365258690180845,-0.0009261399110575552,0.07791064482064793
3.9197839567913584,PASSED,-0.2809566086435097,0.00015899852096964257,-0.014632541197786685,2.73652498189132,-0.0008481430689431306,0.07805430697694249
3.9207841568313664,PASSED,-0.2809564569696738,0.00014435343651397802,-0.014653446627583114,2.7365241728202765,-0.000770021872224056,0.07816578988049612
3.9217843568713744,PASSED,-0.28095631994894826,0.00012969106409150405,-0.014668322952401223,2.736523441913212,-0.0006918085113312186,0.07824507490106486
3.9227845569113824,PASSED,-0.2809561975956103,0.0001150174273205255,-0.014677179316696794,2.736522789246238,-0.000613535113046445,0.07829228054057916
3.9237847569513904,PASSED,-0.28095608991792054,0.00010033853688512803,-0.01468003118119793,2.7365222148633768,-0.0005352337226824364,0.07830746357962824
3.9247849569913984,PASSED,-0.28095599691813716,8.566038704610916e-05,-0.0146768956108995,2.7365217187766397,-0.0004569363150799199,0.07829070361777535
3.9257851570314064,PASSED,-0.2809559185925319,7.098895625611455e-05,-0.014667787576058003,2.736521300966106,-0.00037867478527954784,0.07824208058876993
3.9267853570714144,PASSED,-0.28095585493140857,5.6330203443633174e-05,-0.01465272963676363,2.7365209613800285,-0.00030048090181414446,0.07816175204982574
3.9277855571114224,PASSED,-0.2809558059191244,4.169006347075401e-05,-0.014631746863622846,2.7365206999349385,-0.00022238632605833111,0.07804979155980515
3.9287857571514304,PASSED,-0.2809557715341127,2.707444821031517e-05,-0.014604860858316167,2.736520516515781,-0.0001444225870333735,0.07790637066839262
3.9297859571914384,PASSED,-0.2809557517489096,1.2489242611436309e-05,-0.014572102092587325,2.736520410976042,-6.662106674904971e-05,0.0777316200282779
3.9307861572314464,PASSED,-0.28095574653018085,-2.059698442292974e-06,-0.014533500361157255,2.736520383137902,1.098699990092478e-05,0.07752569773110556
3.9317863572714544,PASSED,-0.28095575583875326,-1.6566550974506044e-05,-0.014489087312916945,2.7365204327923975,8.837055668645658e-05,0.0772887961551493
3.9327865573114624,PASSED,-0.2809557796296465,-3.1025524417229695e-05,-0.01443889752926146,2.736520559699596,0.00016549872272145918,0.07702107928823812
3.9337867573514704,PASSED,-0.28095581785210844,-4.543086474478295e-05,-0.014382968859747792,2.7365207635887767,0.00024234079878026208,0.07672274057251276
3.9347869573914784,PASSED,-0.2809558704496522,-5.977685656026462e-05,-0.014321340452637587,2.7365210441586383,0.00031886631029670186,0.07639402547905784
3.9357871574314864,PASSED,-0.2809559373600954,-7.405782388136913e-05,-0.014254051900082469,2.736521401077497,0.0003950449859363096,0.07603510907997425
3.9367873574714944,PASSED,-0.2809560185156018,-8.826813401743959e-05,-0.014181148960062461,2.7365218339835224,0.00047084677993231515,0.0756462506066931
3.9377875575115024,PASSED,-0.2809561138427253,-0.00010240219967647774,-0.014102676791688635,2.736522342484958,0.0005462418952469638,0.07522769178661903
3.9387877575515104,PASSED,-0.28095622326245534,-0.00011645447945826651,-0.014018681775188856,2.736522926160368,0.0006212007698967961,0.07477966322530755
3.9397879575915185,PASSED,-0.2809563466902654,-0.0001304194812718638,-0.013929215172536273,2.736523584558902,0.0006956941220756078,0.07430247814781447
3.9407881576315265,PASSED,-0.2809564840361632,-0.0001442917656047258,-0.01383433043974584,2.7365243172005567,0.0007696929380745697,0.07379637456639353
3.9417883576715345,PASSED,-0.28095663520474234,-0.00015806594446485538,-0.013734077807052065,2.736525123576449,0.0008431684676963314,0.07326163299200697
3.9427885577115425,PASSED,-0.28095680009523744,-0.00017173668579192357,-0.013628517007078983,2.7365260031491223,0.0009160922962048643,0.07269862551955024
3.9437887577515505,PASSED,-0.28095697860157987,-0.00018529871551820098,-0.013517704872409693,2.7365269553528235,0.0009884362765142454,0.07210755016926834
3.9447889577915585,PASSED,-0.28095717061245623,-0.00019874681800025488,-0.013401700888483348,2.73652797959383,0.0010601725799700677,0.07148880564685804
3.9457891578315665,PASSED,-0.28095737601136883,-0.0002120758393422511,-0.013280568311004784,2.736529075250776,0.0011312737528218638,0.07084275098842169
3.9467893578715745,PASSED,-0.2809575946766975,-0.0002252806887613009,-0.013154370157746452,2.736530241674964,0.001201712618377529,0.07016960860049401
3.9477895579115825,PASSED,-0.2809578264817644,-0.0002383563405531007,-0.013023172881168705,2.736531478190727,0.0012714623616338712,0.06946983302690786
3.9487897579515905,PASSED,-0.28095807129489925,-0.00025129783568967815,-0.012887043306849973,2.7365327840957674,0.0013404965610832643,0.06874377706438328
3.9497899579915985,PASSED,-0.28095832897950795,-0.0002641002846877736,-0.012746052792259136,2.7365341586615237,0.0014087891190161625,0.06799174517857509
3.9507901580316065,PASSED,-0.28095859939414164,-0.0002767588680794084,-0.012600270457885221,2.7365356011335424,0.0014763143210104713,0.06721417320479771
3.9517903580716145,PASSED,-0.28095888239256844,-0.00028926883809621604,-0.012449769722755872,2.7365371107318626,0.0015430468733131386,0.06641147170124709
3.9527905581116225,PASSED,-0.2809591778238468,-0.00030162552261505374,-0.012294627716225588,2.7365386866513974,0.0016089618363594033,0.0655839572762765
3.9537907581516305,PASSED,-0.2809594855323999,-0.0003138243242674445,-0.012134917609834128,2.736540328062338,0.0016740346765968615,0.06473209554491288
3.9547909581916385,PASSED,-0.280959805358093,-0.00032586072268380383,-0.011970718954042819,2.7365420341105624,0.0017382413065467623,0.06385631955322614
3.9557911582316465,PASSED,-0.28096013713631085,-0.0003377302774421139,-0.011802111961154795,2.7365438039180567,0.0018015580406167495,0.06295701041449424
3.9567913582716545,PASSED,-0.28096048069803803,-0.0003494286285483984,-0.011629177203037593,2.7365456365833287,0.0018639615995948414,0.06203459135382353
3.9577915583116625,PASSED,-0.28096083586994014,-0.00036095149767329757,-0.011451997072806844,2.7365475311818495,0.0019254291729612055,0.061089561374724155
3.9587917583516705,PASSED,-0.2809612024744469,-0.0003722946905930585,-0.011270656817730266,2.7365494867665054,0.0019859384149952886,0.06012236247365607
3.9597919583916785,PASSED,-0.2809615803298362,-0.00038345409822747604,-0.011085241512209056,2.7365515023680254,0.0020454673715120555,0.05913335254550759
3.9607921584316865,PASSED,-0.28096196925032024,-0.00039442569752347974,-0.010895837818533344,2.736553576995455,0.0021039945855279613,0.05812312166283838
3.9617923584716945,PASSED,-0.2809623690461327,-0.000405205554218274,-0.010702535945634905,2.736555709636623,0.002161499105257779,0.057092118441137235
3.9627925585117025,PASSED,-0.2809627795236174,-0.00041578982310387484,-0.010505424178911461,2.7365578992586013,0.002217960386723134,0.05604072348149985
3.9637927585517105,PASSED,-0.28096320048531825,-0.0004261747487884177,-0.01030459335496377,2.736560144808197,0.0022733583978092925,0.0549695361559309
3.9647929585917185,PASSED,-0.2809636317300706,-0.0004363566692756736,-0.010100138575450703,2.736562445212428,0.0023276736215633235,0.053879015486098074
3.9657931586317265,PASSED,-0.2809640730530934,-0.00044633201413222753,-0.009892149043956064,2.736564799379032,0.002380887008913366,0.05276963525933856
3.9667933586717345,PASSED,-0.28096452424608337,-0.00045609730795818893,-0.00968072368063169,2.7365672061969493,0.0024329800090665656,0.051641910082440304
3.9677935587117426,PASSED,-0.28096498509730955,-0.00046564917157688676,-0.0094659569107419,2.736569664536834,0.002483934596212142,0.050496371854333554
3.9687937587517506,PASSED,-0.28096545539170964,-0.00047498432113802244,-0.009247944661398264,2.736572173251575,0.002533733266939426,0.04933353664258512
3.9697939587917586,PASSED,-0.28096593491098665,-0.00048409957040200806,-0.009026785665710519,2.736574731176801,0.002582359013251526,0.04815388609177688
3.9707941588317666,PASSED,-0.2809664234337075,-0.0004929918332336133,-0.008802580942201682,2.7365773371314086,0.002629795360556035,0.04695798811299793
3.9717943588717746,PASSED,-0.2809669207354016,-0.0005016581216259762,-0.008575426692470302,2.7365799899180985,0.0026760263948133753,0.04574639835356899
3.9727945589117826,PASSED,-0.2809674265886616,-0.0005100955483766738,-0.008345426789515902,2.7365826883238946,0.002721036696495854,0.044519570568418716
3.9737947589517906,PASSED,-0.28096794076324383,-0.0005183013286692984,-0.008112682628030277,2.73658543112069,0.002764811393795656,0.04327811512072415
3.9747949589917986,PASSED,-0.28096846302617057,-0.0005262727790721001,-0.007877295585982665,2.736588217065798,0.00280733620262508,0.04202260463522378
3.9757951590318066,PASSED,-0.2809689931418323,-0.0005340073192331697,-0.007639369877794153,2.736591044902487,0.0028485973420110684,0.04075349588649783
3.9767953590718146,PASSED,-0.28096953087209164,-0.0005415024731302259,-0.007399009909897473,2.7365939133605357,0.0028885815838428208,0.039471405795255446
3.9777955591118226,PASSED,-0.2809700759763871,-0.0005487558692280529,-0.007156320223113443,2.73659682115679,0.0029272762957271246,0.03817691594366938
3.9787957591518306,PASSED,-0.28097062821183855,-0.0005557652410439448,-0.006911406211077699,2.736599766995729,0.002964669388894625,0.03687054465005415
3.9797959591918386,PASSED,-0.28097118733335197,-0.0005625284274778232,-0.006664373249078833,2.7366027495700114,0.0030007493057113413,0.035552831594492074
3.9807961592318466,PASSED,-0.2809717530937263,-0.0005690433749808835,-0.006415330339047869,2.736605767561065,0.0030355051163393834,0.034224463317075224
3.9817963592718546,PASSED,-0.28097232524375987,-0.0005753081365164956,-0.006164382333321529,2.7366088196396228,0.003068926414857718,0.03288585531917389
3.9827965593118626,PASSED,-0.2809729035323575,-0.0005813208715812476,-0.005911636885705679,2.736611904466338,0.0031010033853820906,0.03153771399450436
3.98379675935187,PASSED,-0.2809734877066383,-0.0005870798487144336,-0.005657203964839539,2.7366150206923163,0.0031317267929323604,0.030180536587446374
3.984796959391878,PASSED,-0.2809740775120438,-0.0005925834448433561,-0.005401190904977843,2.7366181669597185,0.0031610879620529624,0.028814924142705693
3.985797159431886,PASSED,-0.2809746726924463,-0.0005978301445752176,-0.005143705616450577,2.736621341902321,0.0031890788046482904,0.02744145489707652
3.986797359471894,PASSED,-0.28097527299025765,-0.0006028185418935516,-0.004884858452923063,2.736624544146123,0.0032156918422630615,0.026060759426566937
3.987797559511902,PASSED,-0.28097587814653857,-0.0006075473403610032,-0.004624758477137273,2.736627772309896,0.0032409201313265794,0.02467330882148458
3.98879775955191,PASSED,-0.2809764879011078,-0.0006120153528960683,-0.004363515240350373,2.736631025005789,0.003264757326900585,0.023279786742353367
3.989797959591918,PASSED,-0.28097710199265147,-0.0006162215014155528,-0.0041012373722404336,2.7366343008399054,0.0032871977050131043,0.02188077235929746
3.990798159631926,PASSED,-0.2809777201588332,-0.0006201648182946107,-0.0038380365502697074,2.7366375984128903,0.0033082360825130042,0.020476780926968627
3.991798359671934,PASSED,-0.2809783421364034,-0.0006238444453462322,-0.0035740207191894543,2.7366409163205,0.003327867849816443,0.01906842488775181
3.992798559711942,PASSED,-0.28097896766130936,-0.000627259634223878,-0.0033093009832832207,2.7366442531542226,0.003346089060760726,0.017656401648636726
3.99379875975195,PASSED,-0.28097959646880516,-0.0006304097467904513,-0.0030439869554333508,2.7366476075018276,0.0033628962850260273,0.01624110600974448
3.994798959791958,PASSED,-0.2809802282935614,-0.0006332942544450006,-0.002778188120626813,2.7366509779479755,0.003378286672606743,0.014823241961363661
3.995799159831966,PASSED,-0.2809808628697747,-0.0006359127379482387,-0.0025120137583122194,2.7366543630747873,0.0033922580161611757,0.013403411283145263
3.996799359871974,PASSED,-0.28098149993127775,-0.0006382648881277502,-0.002245574460310898,2.7366577614624434,0.003404808658851382,0.011982130294913268
3.997799559911982,PASSED,-0.2809821392116486,-0.0006403505055402427,-0.0019789793806136743,2.7366611716897546,0.003415937502913461,0.010559986573523493
3.99879975995199,PASSED,-0.28098278044431974,-0.0006421694986811875,-0.0017123356478322093,2.736664592334757,0.00342564408237228,0.009137641382348767
3.999799959991998,PASSED,-0.2809834233626874,-0.0006437218857112563,-0.0014457546182263413,2.736668021975283,0.0034339284901782753,0.007715585421759745
4.000800160032006,PASSED,-0.28098406770022,-0.0006450077937667774,-0.0011793436803843509,2.736671459189542,0.003440791369605514,0.006294408764224391
4.001800360072014,PASSED,-0.2809847131905668,-0.0006460274571157535,-0.000913209794704007,2.736674902556714,0.003446233999776391,0.004874777775312156
4.002800560112022,PASSED,-0.2809853595676654,-0.0006467812183679414,-0.0006474622238437103,2.736678350657504,0.0034502581949261485,0.00345714006605409
4.00380076015203,PASSED,-0.2809860065658498,-0.0006472695277622008,-0.00038220750786982114,2.736681802074723,0.0034528663219969905,0.0020421184073670874
4.004800960192038,PASSED,-0.28098665391995753,-0.0006474929420133234,-0.00011755207995776669,2.736685255393869,0.003454061381639736,0.000630353799664005
4.005801160232046,PASSED,-0.28098730136543565,-0.0006474521238984684,0.00014639824473024543,2.7366887092036856,0.003453846902170618,-0.000777701648305225
4.006801360272054,PASSED,-0.2809879486384473,-0.0006471478425845158,0.0004095366934342687,2.73669216209673,0.0034522269539804602,-0.002181445884727021
4.007801560312062,PASSED,-0.2809885954759769,-0.0006465809722678688,0.000671759398788902,2.736695612669929,0.0034492062056518877,-0.003580283291136453
4.00880176035207,PASSED,-0.2809892416159352,-0.0006457524910109828,0.0009329624956172819,2.73669905952516,0.003444789898715045,-0.004973656033980037
4.009801960392078,PASSED,-0.2809898867972631,-0.0006446634809994735,0.001193041688770885,2.7367025012697757,0.00343898376346324,-0.006361121397020417
4.010802160432086,PASSED,-0.2809905307600355,-0.0006433151283026381,0.00145189336887824,2.736705936517183,0.003431794127043459,-0.007741979768288731
4.011802360472094,PASSED,-0.2809911732455631,-0.0006417087197050926,0.0017094187499904785,2.736709363887373,0.003423227877824942,-0.009115762185335434
4.012802560512102,PASSED,-0.2809918139964955,-0.0006398456443492146,0.0019655130931362733,2.736712782007467,0.0034132923858230615,-0.010481978546243775
4.01380276055211,PASSED,-0.2809924527569209,-0.0006377273924162384,0.0022200778262028167,2.7367161895122707,0.0034019956105756275,-0.011839973048227006
4.014802960592118,PASSED,-0.28099308927246763,-0.00063535555291158,0.0024730139569622287,2.736719585044788,0.003389346037918447,-0.013189305729816355
4.015803160632126,PASSED,-0.28099372329040206,-0.0006327318137802386,0.002724222580927482,2.73672296725676,0.0033753526374829387,-0.01452946357263586
4.016803360672134,PASSED,-0.2809943545597278,-0.0006298579612927797,0.0029736057584797393,2.7367263348091906,0.0033600249508071263,-0.015859835411263415
4.017803560712142,PASSED,-0.2809949828312827,-0.0006267358782991903,0.0032210678169958414,2.7367296863728643,0.0033433730267615285,-0.017179983135153933
4.01880376075215,PASSED,-0.28099560785783506,-0.0006233675428625408,0.0034665138497517647,2.7367330206288583,0.0033254073924312002,-0.01848940179377734
4.019803960792158,PASSED,-0.28099622939417895,-0.0006197550284327219,0.003709848149863682,2.7367363362690544,0.00330613911516912,-0.01978752757428234
4.020804160832166,PASSED,-0.2809968471972283,-0.0006159005021223037,0.003950978417454744,2.736739631996632,0.0032855797506253213,-0.021073922523475803
4.021804360872174,PASSED,-0.28099746102610995,-0.0006118062225284036,0.00418981371153017,2.73674290652658,0.0032637413449122625,-0.022348061172780553
4.022804560912182,PASSED,-0.28099807064225546,-0.0006074745402717783,0.00442626128668878,2.7367461585861697,0.003240636427731805,-0.023609487852242227
4.02380476095219,PASSED,-0.2809986758094917,-0.0006029078962948922,0.004660232437017474,2.7367493869154558,0.003216278023298833,-0.024857682153459553
4.024804960992198,PASSED,-0.2809992762941301,-0.0005981088190891164,0.004891640384948107,2.7367525902677308,0.0031906796101208,-0.026092233861082736
4.025805161032206,PASSED,-0.280999871865055,-0.0005930799256316326,0.005120395505840889,2.736755767410017,0.003163855142613463,-0.027312623271506867
4.026805361072214,PASSED,-0.28100046229381054,-0.0005878239191745604,0.005346413757893081,2.7367589171235256,0.0031358190571926584,-0.028518393520336104
4.027805561112222,PASSED,-0.28100104735468584,-0.0005823435869405314,0.005569611218119526,2.736762038204095,0.003106586192611424,-0.029709178621833112
4.02880576115223,PASSED,-0.2810016268247994,-0.0005766418001260555,0.005789903878713336,2.736765129462664,0.0030761718686108347,-0.03088442091976019
4.029805961192238,PASSED,-0.2810022004841818,-0.0005707215123359248,0.006007210397742196,2.736768189725702,0.00304459186417639,-0.03204372677756756
4.030806161232246,PASSED,-0.28100276811585667,-0.0005645857568844963,0.006221452153886282,2.73677121783564,0.0030118623289296853,-0.033186740892796385
4.031806361272254,PASSED,-0.2810033295059212,-0.0005582376470587826,0.006432548273598668,2.7367742126513015,0.0029779998663805236,-0.03431294365340567
4.032806561312262,PASSED,-0.2810038844436242,-0.0005516803734255426,0.006640423873000989,2.736777173048321,0.002943021519232352,-0.035421949478015684
4.03380676135227,PASSED,-0.28100443272144265,-0.0005449172022123754,0.006845002773277908,2.736780097919553,0.0029069446938885203,-0.0365134092543763
4.034806961392278,PASSED,-0.2810049741351577,-0.0005379514752908289,0.007046209687059109,2.7367829861754736,0.00286978720799482,-0.037586870319916046
4.035807161432286,PASSED,-0.28100550848392786,-0.000530786606780659,0.007243974392243753,2.7367858367445743,0.002831567286620735,-0.03864195541019736
4.036807361472294,PASSED,-0.28100603557036175,-0.000523426082299591,0.007438224540284152,2.73678864857375,0.002792303518426081,-0.03967831005095895
4.037807561512302,PASSED,-0.28100655520058804,-0.0005158734570702382,0.007628892355398418,2.7367914206286748,0.002752014864470053,-0.04069554989274086
4.03880776155231,PASSED,-0.2810070671843251,-0.0005081323553579833,0.0078159079501592,2.736794151894166,0.002710720658519619,-0.04169330998889659
4.039807961592318,PASSED,-0.28100757133494797,-0.000500206466973322,0.007999208674329239,2.7367968413745465,0.0026684405807024174,-0.04267125636940426
4.040808161632326,PASSED,-0.28100806746955365,-0.0004920995460394204,0.0081787291069499,2.736799488093999,0.002625194666757394,-0.043629018995435975
4.041808361672334,PASSED,-0.2810085554090256,-0.00048381541134644894,0.008354405083652353,2.7368020910968958,0.002581003272588344,-0.04456631095145945
4.042808561712342,PASSED,-0.28100903497809565,-0.0004753579422320878,0.00852617846816703,2.736804649448148,0.002535887101529304,-0.04548274446409285
4.04380876175235,PASSED,-0.28100950600540436,-0.0004667310766472359,0.008693990329308553,2.736807162233507,0.002489867158363243,-0.04637807563403959
4.044808961792358,PASSED,-0.28100996832355973,-0.0004579388114205984,0.008857781824856803,2.7368096285598953,0.00244296476174917,-0.04725194393409447
4.045809161832366,PASSED,-0.28101042176919444,-0.0004489851998212362,0.009017498115699076,2.7368120475557007,0.002395201537171353,-0.04810407834029866
4.046809361872374,PASSED,-0.28101086618302024,-0.00043987434773850437,0.009173088060753606,2.7368144183710794,0.0023465993933493075,-0.04893418747654302
4.047809561912382,PASSED,-0.28101130140988195,-0.00043061041447496975,0.009324496732055368,2.73681674017823,0.002297180511543037,-0.04974201135942216
4.04880976195239,PASSED,-0.2810117272988085,-0.0004211976103144174,0.009471675779550277,2.736819012171668,0.0022469673434090533,-0.050527272650358016
4.049809961992398,PASSED,-0.2810121437030625,-0.00041164019274944424,0.009614578755255083,2.736821233568499,0.002195982616120704,-0.051289697047010335
4.050810162032406,PASSED,-0.2810125504801881,-0.000401942466942802,0.00975315717423368,2.7368234036086743,0.0021442493024815966,-0.052029058033838435
4.051810362072414,PASSED,-0.2810129474920568,-0.0003921087836141079,0.009887367431667644,2.736825521555221,0.002091790589549019,-0.05274514953173702
4.052810562112422,PASSED,-0.2810133346049114,-0.0003821435349194691,0.010017169536619493,2.7368275866944938,0.002038629924399192,-0.053437675561887533
4.05381076215243,PASSED,-0.2810137116894079,-0.0003720511550266394,0.010142520130303215,2.736829598336386,0.0019847909650330857,-0.054106481902251854
4.054810962192438,PASSED,-0.28101407862065586,-0.00036183611756992643,0.010263382340986142,2.736831555814558,0.0019302975727104568,-0.054751332602880225
4.055811162232446,PASSED,-0.2810144352782565,-0.0003515029327493294,0.010379719807004223,2.7368334584866205,0.0018751738012516667,-0.05537206402939671
4.056811362272454,PASSED,-0.2810147815463386,-0.00034105614597297157,0.01049149808926032,2.736835305734352,0.0018194439166878905,-0.05596843158669617
4.057811562312462,PASSED,-0.28101511731359335,-0.00033050033661439945,0.010598683538113295,2.7368370969638662,0.001763132348986802,-0.056540325110683215
4.05881176235247,PASSED,-0.28101544247330656,-0.00031984011533058655,0.010701246447612639,2.736838831605782,0.0017062636703254427,-0.05708758102847682
4.059811962392478,PASSED,-0.2810157569233887,-0.00030908012119217266,0.010799159265614743,2.736840509115405,0.0016488626626067655,-0.05760995884547756
4.060812162432486,PASSED,-0.28101606056640377,-0.0002982250218113055,0.010892392791035382,2.7368421289728553,0.0015909542202484914,-0.05810743136680526
4.061812362472494,PASSED,-0.28101635330959535,-0.0002872795102780466,0.010980924028074619,2.7368436906832256,0.0015325633592769526,-0.05857981404136124
4.0628125625125024,PASSED,-0.2810166350649112,-0.00027624830190352804,0.011064731272147823,2.7368451937767055,0.0014737152629375164,-0.05902695120481961
4.0638127625525104,PASSED,-0.28101690574902594,-0.0002651361348393042,0.011143790925607881,2.7368466378087044,0.001414435210612264,-0.05944878640554063
4.0648129625925185,PASSED,-0.2810171652833611,-0.00025394776627111896,0.011218086996570169,2.736848022359956,0.00135474856130478,-0.05984522457544655
4.0658131626325265,PASSED,-0.2810174135941041,-0.0002426879702155457,0.0112876020949086,2.7368493470366158,0.0012946807941693567,-0.060216128842074376
4.0668133626725345,PASSED,-0.28101765061222406,-0.00023136153699716713,0.011352320634025269,2.7368506114703623,0.001234257485349035,-0.0605614288058196
4.0678135627125425,PASSED,-0.28101787627348707,-0.00021997327056843443,0.011412230291870997,2.7368518153184564,0.0011735042397619379,-0.0608811234412818
4.0688137627525505,PASSED,-0.28101809051846804,-0.00020852798524752372,0.011467322006937163,2.736852958263822,0.0011124467501599355,-0.06117506704248274
4.0698139627925585,PASSED,-0.2810182932925618,-0.00019703050595911592,0.011517584142721542,2.736854040015096,0.0010511107744973103,-0.061443248076053225
4.0708141628325665,PASSED,-0.2810184845459908,-0.00018548566490011784,0.011563012336515771,2.736855060306671,0.0009895220729132744,-0.0616856705893577
4.0718143628725745,PASSED,-0.2810186642338126,-0.00017389829936989099,0.011603600992700878,2.7368560188987407,0.0009277064631144281,-0.06190223593850533
4.0728145629125825,PASSED,-0.2810188323159236,-0.0001622732506594092,0.011639347189002397,2.736856915577315,0.0008656897857915832,-0.06209297157907131
4.0738147629525905,PASSED,-0.281018988757062,-0.00015061536129429366,0.011670250815857597,2.736857750154229,0.0008034978542223733,-0.062257904895968795
4.0748149629925985,PASSED,-0.2810191335268081,-0.00013892947360626468,0.011696312269476561,2.736858522467164,0.0007411565209044925,-0.062396952265822196
4.0758151630326065,PASSED,-0.28101926659958304,-0.0001272204271803658,0.011717535863513751,2.7368592323796213,0.0006786916119039232,-0.06251021349040072
4.0768153630726145,PASSED,-0.28101938795464565,-0.00011549305781360055,0.01173392503559961,2.7368598797809125,0.0006161289048285508,-0.06259770279868677
4.0778155631126225,PASSED,-0.2810194975760865,-0.00010375219447559934,0.011745488872935604,2.736860464586139,0.00055349419280063,-0.06265938484741017
4.0788157631526305,PASSED,-0.2810195954528213,-9.200265798802437e-05,0.011752234897334556,2.7368609867361298,0.0004908131790190838,-0.06269543307097025
4.0798159631926385,PASSED,-0.281019681578581,-8.024925917814102e-05,0.011754174751582552,2.736861446197416,0.0004281115207706082,-0.06270580836681258
4.0808161632326465,PASSED,-0.28101975595190115,-6.849679627356885e-05,0.011751321673231924,2.736861842962168,0.0003654148570342153,-0.06269056731611308
4.0818163632726545,PASSED,-0.2810198185761084,-5.675005373656883e-05,0.0117436897795121,2.736862177048104,0.0003027486820003212,-0.06264991351241467
4.0828165633126625,PASSED,-0.28101986945930585,-4.50138004156889e-05,0.011731295681791803,2.736862448498441,0.00024013843784149812,-0.06258379792309536
4.0838167633526705,PASSED,-0.28101990861435566,-3.3292786365878845e-05,0.011714159628488884,2.7368626573817796,0.00017760949594380725,-0.06249237121408791
4.0848169633926785,PASSED,-0.28101993605886083,-2.1591742729773514e-05,0.011692299641182959,2.736862803792017,0.00011518707745688834,-0.06237578333547289
4.0858171634326865,PASSED,-0.28101995181514383,-9.915378666869285e-06,0.01166574034405174,2.7368628878482326,5.289630702798074e-05,-0.06223409515786407
4.0868173634726945,PASSED,-0.28101995591022466,1.731620313427643e-06,0.01163450473779372,2.7368629096945636,-9.237805401427662e-06,-0.06206745727710462
4.0878175635127025,PASSED,-0.281019948375796,1.3344593554178341e-05,0.011598618909388682,2.736862869500088,-7.119039405631584e-05,-0.06187600957341056
4.0888177635527105,PASSED,-0.2810199292481972,2.4918908115627998e-05,0.011558111662823639,2.736862767458666,-0.000132936748343957,-0.061659917430461564
4.0898179635927185,PASSED,-0.28101989856838616,3.644995955985855e-05,0.011513011298501814,2.7368626037888033,-0.00019445230067339467,-0.061419308928755044
4.0908181636327265,PASSED,-0.28101985638190946,4.79331743855099e-05,0.011463350510417716,2.7368623787334916,-0.00025571263849245363,-0.061154357079261576
4.0918183636727345,PASSED,-0.28101980273887067,5.9364011824281764e-05,0.011409162057674635,2.736862092560031,-0.0003166935443187488,-0.060865271657650995
4.0928185637127426,PASSED,-0.28101973769389704,7.073796507518705e-05,0.011350480713059049,2.736861745559863,-0.00037737097160201176,-0.06055219770033757
4.0938187637527506,PASSED,-0.2810196613061043,8.205056351131307e-05,0.011287343584837323,2.7368613380483717,-0.0004377210629843838,-0.06021535383706171
4.094818963792759,PASSED,-0.28101957363905977,9.329737420988413e-05,0.011219788774393561,2.7368608703646937,-0.0004977201750168158,-0.059854950829345714
4.095819163832767,PASSED,-0.2810194747607435,0.00010447400426893921,0.011147857582162737,2.736860342871512,-0.0005573448620062511,-0.059471177762828335
4.096819363872775,PASSED,-0.2810193647435086,0.00011557610067336489,0.011071588952600958,2.736859755954838,-0.0006165719000071663,-0.059064278159639876
4.097819563912783,PASSED,-0.2810192436640386,0.000126599354004832,0.010991029584044545,2.73685911002379,-0.0006753783027713255,-0.058634485833838665
4.098819763952791,PASSED,-0.2810191116033043,0.00013753949987399457,0.010906223392574575,2.736858405510358,-0.0007337413148122165,-0.05818202951225923
4.099819963992799,PASSED,-0.28101896864651843,0.00014839231849049,0.010817215432442627,2.736857642869168,-0.0007916384157275084,-0.05770714851731375
4.100820164032807,PASSED,-0.2810188148830887,0.00015915363854669042,0.01072405647203895,2.736856822577225,-0.0008490473577733231,-0.05721013773148199
4.101820364072815,PASSED,-0.2810186504065697,0.0001698193381011429,0.010626794942728132,2.7368559451336605,-0.0009059461487989442,-0.05669122655504703
4.102820564112823,PASSED,-0.2810184753146125,0.00018038534540535205,0.01052548221186319,2.736855011059456,-0.0009623130664022124,-0.0561507116354155
4.103820764152831,PASSED,-0.2810182897089136,0.00019084764107793465,0.010420171313062167,2.7368540208971877,-0.0010181266534071902,-0.05558883725135259
4.104820964192839,PASSED,-0.28101809369516184,0.000201202259655869,0.010310916754515806,2.7368529752107214,-0.0010733657685785853,-0.05500596711809022
4.105821164232847,PASSED,-0.2810178873829838,0.00021144529077984507,0.010197774036949546,2.736851874584936,-0.0011280095483611925,-0.054402321558951965
4.106821364272855,PASSED,-0.2810176708858879,0.00022157288057797847,0.010080800305589284,2.7368507196254237,-0.0011820374151203421,-0.05377823022594766
4.107821564312863,PASSED,-0.2810174443212074,0.00023158123332315593,0.009960054371569561,2.7368495109581774,-0.0012354291354530786,-0.05313404707059534
4.108821764352871,PASSED,-0.2810172078100413,0.0002414666127776907,0.009835596176511592,2.7368482492292863,-0.0012881647712552461,-0.05247002828988222
4.109821964392879,PASSED,-0.2810169614771945,0.0002512253433076349,0.009707486765566022,2.736846935104605,-0.0013402247057598458,-0.05178653864774451
4.110822164432887,PASSED,-0.28101670545111623,0.00026085381132863526,0.009575788857956574,2.7368455692694362,-0.001391589669690021,-0.05108391411846219
4.111822364472895,PASSED,-0.2810164398638374,0.0002703484669838695,0.009440566853419347,2.736844152428191,-0.001442240717228554,-0.05036246981857996
4.112822564512903,PASSED,-0.2810161648509066,0.00027970582448077385,0.00930188459256097,2.736842685304041,-0.0014921592583506337,-0.04962258865774627
4.113822764552911,PASSED,-0.2810158805513246,0.00028892246463964403,0.009159810536409633,2.736841168638584,-0.0015413270457272112,-0.0488645865224648
4.114822964592919,PASSED,-0.28101558710747826,0.00029799503507154106,0.009014410362221927,2.736839603191477,-0.001589726192928091,-0.048088854319822946
4.115823164632927,PASSED,-0.28101528466507275,0.00030692025075214514,0.008865752559525599,2.7368379897400787,-0.0016373391888743502,-0.047295757030550056
4.116823364672935,PASSED,-0.2810149733730624,0.0003156948976460593,0.008713909783506436,2.7368363290790896,-0.0016841488670580776,-0.046485625619178905
4.117823564712943,PASSED,-0.2810146533835811,0.00032431583160617416,0.008558950077853853,2.7368346220201647,-0.0017301384599689178,-0.04565890443861441
4.118823764752951,PASSED,-0.2810143248518711,0.00033277997924797823,0.008400946017770873,2.7368328693915456,-0.0017752915860689221,-0.04481594054093088
4.119823964792959,PASSED,-0.28101398793621085,0.00034108434087044327,0.008239972025594533,2.7368310720376687,-0.0018195922279213858,-0.04395710939348517
4.120824164832967,PASSED,-0.28101364279784197,0.00034922599036155507,0.008076101134790025,2.7368292308187803,-0.0018630247742070154,-0.04308283754705891
4.121824364872975,PASSED,-0.281013289600895,0.0003572020757008861,0.007909408142358331,2.7368273466105375,-0.0019055740212762676,-0.04219352008404779
4.122824564912983,PASSED,-0.2810129285123144,0.0003650098205087799,0.007739969251584128,2.7368254203036115,-0.001947225148220381,-0.04128953151749064
4.123824764952991,PASSED,-0.2810125597017823,0.00037264652559605027,0.007567862311061255,2.7368234528032693,-0.0019879637649150668,-0.0403713401461492
4.124824964992999,PASSED,-0.2810121833416419,0.000380109568494511,0.00739316329006039,2.7368214450289807,-0.002027775880689079,-0.03943929952592053
4.125825165033007,PASSED,-0.28101179960681916,0.0003873964051964959,0.007215952309934604,2.7368193979139934,-0.0020666479113063754,-0.03849385134488085
4.126825365073015,PASSED,-0.28101140867474483,0.00039450457071676167,0.00703630766048645,2.7368173124049133,-0.002104566720796177,-0.037535448253082006
4.127825565113023,PASSED,-0.28101101072527424,0.0004014316799495231,0.006854310280944856,2.7368151894612796,-0.00214151959281503,-0.03656448786269977
4.128825765153031,PASSED,-0.2810106059406078,0.0004081754283228806,0.006670040434965924,2.736813030055145,-0.0021774942136137277,-0.035581376089363355
4.129825965193039,PASSED,-0.2810101945052096,0.00041473359240485377,0.00648357984664467,2.736810835170635,-0.002212478732818212,-0.03458661461456418
4.130826165233047,PASSED,-0.28100977660572624,0.00042110403088822416,0.006295010907854237,2.7368086058035104,-0.0022464617464077546,-0.03358061290619481
4.131826365273055,PASSED,-0.281009352430904,0.0004272846854421148,0.006104416984581589,2.7368063429607425,-0.0022794322446198717,-0.03256375508273254
4.132826565313063,PASSED,-0.2810089221715065,0.00043327357979059295,0.005911879257742557,2.7368040476600575,-0.0023113796957098674,-0.03153658176150442
4.133826765353071,PASSED,-0.2810084860202308,0.0004390688223412101,0.0057174847458668,2.736801720929491,-0.0023422940360095994,-0.030499512658550755
4.134826965393079,PASSED,-0.28100804417162384,0.00044466860606957816,0.005521316383368964,2.7367993638069517,-0.0023721655940614466,-0.029452921647377717
4.135827165433087,PASSED,-0.28100759682199733,0.0004500712078114813,0.005323458647592545,2.73679697733976,-0.002400985179445303,-0.028397361208174755
4.136827365473095,PASSED,-0.28100714416934336,0.00045527498967989915,0.00512399734896814,2.7367945625841914,-0.002428744093571715,-0.027333282738570826
4.137827565513103,PASSED,-0.2810066864132483,0.0004602784007455978,0.004923020210185574,2.7367921206050325,-0.0024554340335671107,-0.02626104483327835
4.138827765553111,PASSED,-0.28100622375480744,0.0004650799749466907,0.00472061019503118,2.7367896524751165,-0.00248104716823364,-0.025181194555362746
4.139827965593119,PASSED,-0.2810057563965387,0.00046967833230520924,0.004516855467510105,2.7367871592748587,-0.0025055761778797116,-0.02409421970654451
4.140828165633127,PASSED,-0.28100528454229573,0.00047407218101864823,0.004311844210724943,2.7367846420917985,-0.0025290141573000953,-0.02300048589627628
4.141828365673135,PASSED,-0.28100480839718145,0.00047826031514069424,0.004105660729593422,2.736782102020145,-0.0025513546480369085,-0.021900493963837697
4.142828565713143,PASSED,-0.28100432816746085,0.00048224161577609576,0.0038983939059401727,2.7367795401602883,-0.00257259173066156,-0.020794808398527584
4.143828765753151,PASSED,-0.2810038440604733,0.00048601505295616925,0.0036901326961624507,2.736776957618368,-0.002592719884077003,-0.0196837167600535
4.144828965793159,PASSED,-0.2810033562845454,0.0004895796828254018,0.0034809613179459117,2.736774355505766,-0.002611734074979741,-0.01856784033119428
4.145829165833167,PASSED,-0.28100286504890337,0.0004929346494189504,0.0032709701106171003,2.7367717349386793,-0.0026296297544958825,-0.01744757230610708
4.146829365873175,PASSED,-0.2810023705635847,0.000496079185948903,0.0030602474761765117,2.7367690970376164,-0.0026464028263435205,-0.016323404875324972
4.147829565913183,PASSED,-0.28100187303935104,0.0004990126120062728,0.0028488784448318046,2.7367664429269527,-0.002662049662292141,-0.01519578999748403
4.148829765953191,PASSED,-0.28100137268759956,0.0005017343355336895,0.002636953582473307,2.7367637737344497,-0.002676567110812356,-0.014065220868702476
4.149829965993199,PASSED,-0.28100086972027555,0.0005042438531961312,0.0024245603824208403,2.7367610905907886,-0.0026899524906844317,-0.012932152540990633
4.150830166033207,PASSED,-0.2810003643497841,0.0005065407486432598,0.0022117854902670058,2.7367583946290988,-0.0027022035845630354,-0.011797054770346297
4.151830366073215,PASSED,-0.2809998567889026,0.0005086246932764055,0.0019987173950648017,2.7367556869844982,-0.002713318634841402,-0.01066038061704564
4.152830566113223,PASSED,-0.280999347250693,0.0005104954470161306,0.0017854446361653291,2.7367529687936147,-0.0027232963696742847,-0.009522637643441008
4.153830766153231,PASSED,-0.28099883594841374,0.0005121528566941156,0.0015720530391979634,2.736750241194123,-0.0027321359804875008,-0.00838425959306638
4.154830966193239,PASSED,-0.28099832309543304,0.0005135968562887329,0.001358630631563586,2.7367475053242774,-0.002739837112851241,-0.007245714210856353
4.155831166233247,PASSED,-0.2809978089051409,0.0005148274678831281,0.0011452655696162048,2.736744762322446,-0.0027463998879101157,-0.006107482290887685
4.156831366273255,PASSED,-0.2809972935908629,0.0005158447990607262,0.0009320415829193491,2.7367420133266567,-0.002751824875600385,-0.00496999128985704
4.157831566313263,PASSED,-0.2809967773657728,0.0005166490447782505,0.0007190484739275934,2.7367392594741196,-0.0027561131269636264,-0.003833758078831229
4.158831766353271,PASSED,-0.28099626044280657,0.000517240486566526,0.0005063706645073925,2.736736501900761,-0.0027592661681575853,-0.002699229937377495
4.159831966393279,PASSED,-0.28099574303457625,0.0005176194909652785,0.0002940935549159962,2.736733741740796,-0.0027612859185299045,-0.001566763995613942
4.160832166433287,PASSED,-0.2809952253532841,0.0005177865102733364,8.230314348577751e-05,2.7367309801262394,-0.0027621748026306213,-0.0004369641707852638
4.161832366473295,PASSED,-0.2809947076106375,0.0005177420825501832,-0.00012891496757913465,2.7367282181864625,-0.0027619357302229044,0.000689763460052165
4.162832566513303,PASSED,-0.28099419001776405,0.0005174868297401335,-0.0003394780383633908,2.7367254570477395,-0.0027605719907136035,0.00181305687546643
4.163832766553311,PASSED,-0.28099367278512744,0.0005170214574609661,-0.0005493017730367691,2.7367226978328083,-0.002758087335442292,0.0029323875352076064
4.164832966593319,PASSED,-0.2809931561224431,0.000516346756058837,-0.0007583011548573593,2.7367199416604,-0.0027544860293551277,0.00404725178846851
4.165833166633327,PASSED,-0.2809926402385956,0.0005154635982401235,-0.000966395594617386,2.736717189644817,-0.002749772709114395,0.005157365875575517
4.166833366673335,PASSED,-0.2809921253415553,0.000514372939066382,-0.001173501559824332,2.73671444289548,-0.0027439524521336647,0.006262184384166577
4.167833566713343,PASSED,-0.2809916116382968,0.0005130758155302477,-0.0013795381870074673,2.7367117025164966,-0.002737030824972218,0.007361255679633935
4.168833766753351,PASSED,-0.280991099334717,0.0005115733456405122,-0.0015844243582210464,2.736708969606217,-0.0027290137916139833,0.0084542184773019
4.169833966793359,PASSED,-0.2809905886355547,0.000509866728292394,-0.0017880793413828089,2.7367062452568147,-0.0027199077268133414,0.009540629016201334
4.170834166833367,PASSED,-0.28099007974431034,0.000507957241383385,-0.001990425287426541,2.736703530553852,-0.00270971947175222,0.010620005757734334
4.171834366873375,PASSED,-0.2809895728631664,0.0005058462425340228,-0.002191381223986074,2.736700826575857,-0.002698456274646414,0.01169199133785452
4.172834566913383,PASSED,-0.28098906819290936,0.0005035351670406772,-0.0023908716729184798,2.7366981343939067,-0.0026861257811877665,0.012756161539175536
4.173834766953391,PASSED,-0.2809885659328515,0.0005010255276051331,-0.0025888179439611863,2.736695455071216,-0.002672736064575604,0.013812086660820688
4.174834966993399,PASSED,-0.280988066280754,0.0004983189140874081,-0.0027851439002341905,2.736692789662718,-0.002658295620162695,0.014859349580968165
4.175835167033407,PASSED,-0.28098756943275094,0.0004954169914143848,-0.0029797751882159333,2.736690139214664,-0.0026428133265146794,0.015897589692713474
4.176835367073415,PASSED,-0.2809870755832739,0.0004923214992734783,-0.0031726367760333113,2.736687504764221,-0.002626298461878059,0.016926381265892226
4.177835567113423,PASSED,-0.28098658492497774,0.0004890342517207304,-0.00336365473722446,2.7366848873390714,-0.002608760718888972,0.017945317471216422
4.178835767153431,PASSED,-0.28098609764866705,0.000485557135560759,-0.003552757108469396,2.736682287957034,-0.0025902101499954114,0.01895406984179029
4.179835967193439,PASSED,-0.28098561394322413,0.0004818921089811362,-0.0037398728937249105,2.7366797076256595,-0.002570657212341403,0.019952182862152907
4.180836167233447,PASSED,-0.2809851339955369,0.00047804120207089275,-0.003924929587922449,2.736677147341862,-0.0025501127458167076,0.020939322299724478
4.181836367273455,PASSED,-0.280984657990429,0.000474006514362557,-0.0041078597886112555,2.7366746080915463,-0.0025285879289266974,0.02191514661686727
4.182836567313463,PASSED,-0.2809841861105903,0.0004697902137055607,-0.004288594569252973,2.736672090849222,-0.002506094350639491,0.022879199400765837
4.183836767353471,PASSED,-0.28098371853650833,0.00046539453659911323,-0.004467065464577148,2.736669596577656,-0.002482643943337038,0.023831212570244096
4.184836967393479,PASSED,-0.2809832554464015,0.00046082178618363424,-0.004643207049413529,2.736667126227506,-0.0024582489744166577,0.024770806487137934
4.185837167433487,PASSED,-0.2809827970161524,0.00045607433039240945,-0.0048169549524323075,2.736664680736963,-0.0024329221007063093,0.025697585192488347
4.186837367473495,PASSED,-0.2809823434192435,0.00045115460168260863,-0.004988244548046503,2.73666226103142,-0.00240667629435231,0.026611287128339885
4.187837567513503,PASSED,-0.2809818948266928,0.0004460650970369182,-0.005157011377453011,2.7366598680231187,-0.002379524859643227,0.027511533096245107
4.188837767553511,PASSED,-0.2809814514069915,0.00044080837383895,-0.005323197744978389,2.7366575026108166,-0.0023514814633038487,0.028397971834799952
4.189837967593519,PASSED,-0.28098101332604253,0.0004353870502816536,-0.005486740765508338,2.736655165679466,-0.0023225600724174804,0.02927033692074744
4.190838167633527,PASSED,-0.2809805807471003,0.000429803806119439,-0.005647579760018725,2.7366528580998852,-0.002292774968652299,0.030128281661471138
4.191838367673535,PASSED,-0.28098015383071195,0.0004240613773862081,-0.0058056613820389675,2.7366505807284565,-0.0022621407508046053,0.030971508638508283
4.192838567713543,PASSED,-0.2809797327346594,0.00041816255697646243,-0.005960926428216789,2.7366483344068024,-0.002230672334467419,0.03179968813630572
4.193838767753551,PASSED,-0.2809793176139034,0.00041211019545967626,-0.006113318242499129,2.736646119961498,-0.002198384916125169,0.032612571812879756
4.194838967793559,PASSED,-0.28097890862052777,0.00040590719660468474,-0.006262785929986398,2.7366439382037684,-0.002165293982870051,0.0334098408832772
4.195839167833567,PASSED,-0.28097850590368667,0.00039955651616977594,-0.006409276771523753,2.736641789929217,-0.0021314153062913645,0.034191233708959504
4.196839367873575,PASSED,-0.2809781096095513,0.0003930611637504907,-0.006552736184459641,2.7366396759175218,-0.0020967649500112312,0.034956437994248864
4.197839567913583,PASSED,-0.2809777198812594,0.00038642419833485127,-0.006693118236425991,2.7366375969321863,-0.0020613592266298343,0.03570524697282933
4.198839767953591,PASSED,-0.28097733685886556,0.0003796487267375876,-0.006830373837822178,2.7366355537202636,-0.0020252147047392604,0.036437371835736934
4.199839967993599,PASSED,-0.2809769606792926,0.00037273790539167883,-0.006964453017966511,2.7366335470121,-0.0019883482323283983,0.037152539460945294
4.200840168033607,PASSED,-0.28097659147628545,0.00036569493557027984,-0.00709531435702065,2.7366315775210928,-0.0019507768775423348,0.037850565002808936
4.201840368073615,PASSED,-0.2809762293803649,0.00035852306290181486,-0.007222911542761164,2.736629645943433,-0.0019125179619801922,0.03853114926836522
4.202840568113623,PASSED,-0.28097587451878436,0.0003512255775171797,-0.007347201279217874,2.7366277529578884,-0.0018735890344486492,0.03919411304032856
4.203840768153631,PASSED,-0.28097552701548717,0.0003438058102953003,-0.007468144516987043,2.7366258992255643,-0.0018340078595577849,0.03983921612455488
4.204840968193639,PASSED,-0.2809751869910651,0.00033626713264381516,-0.007585699741150526,2.7366240853896886,-0.001793792431682921,0.040466235708403096
4.205841168233647,PASSED,-0.28097485456271964,0.00032861295497501523,-0.007699829620566179,2.736622312075405,-0.00175296093377204,0.04107500604586618
4.206841368273655,PASSED,-0.2809745298442232,0.0003208467248081965,-0.007810497197653792,2.7366205798895673,-0.0017115317519983309,0.041665298925604506
4.207841568313663,PASSED,-0.280974212945883,0.00031297192553678767,-0.007917667320578862,2.7366188894205385,-0.001669523486145488,0.042236910471001546
4.208841768353671,PASSED,-0.2809739039745057,0.00030499207486516677,-0.008021306238982269,2.7366172412380143,-0.0016269548886730355,0.04278972214008654
4.209841968393679,PASSED,-0.2809736030333645,0.00029691072314036275,-0.008121382048685268,2.736615635892841,-0.0015838448862498067,0.043323522611990524
4.210842168433687,PASSED,-0.2809733102221663,0.0002887314519908663,-0.008217863883370582,2.736614073916837,-0.001540212611672286,0.04383810922120739
4.211842368473695,PASSED,-0.280973025637022,0.0002804578727337471,-0.008310722839618308,2.7366125558226417,-0.0014960773165461,0.044333419062838095
4.212842568513703,PASSED,-0.2809727493704174,0.0002720936243641832,-0.00839993205619429,2.7366110821035603,-0.001451458393776493,0.044809258574119715
4.213842768553711,PASSED,-0.2809724815111855,0.0002636423733538819,-0.00848546364637253,2.73660965323341,-0.0014063754240723797,0.045265443790775954
4.214842968593719,PASSED,-0.2809722221444814,0.0002551078103709522,-0.00856729587396775,2.73660826966639,-0.001360848093961771,0.04570192099049727
4.215843168633727,PASSED,-0.2809719713517577,0.0002464936492094163,-0.008645404686581403,2.736606931836949,-0.0013148961969296435,0.04611854772654787
4.216843368673735,PASSED,-0.28097172921074215,0.00023780362639414865,-0.00871976823439182,2.736605640159668,-0.001268539673496349,0.04651517390445896
4.217843568713743,PASSED,-0.28097149579541614,0.00022904149853090854,-0.008790367615805653,2.736604395029145,-0.0012217985665929044,0.04689172890276803
4.218843768753751,PASSED,-0.2809712711759958,0.00022021103994102376,-0.008857185905937542,2.736603196819894,-0.0011746929975775802,0.04724812909036163
4.219843968793759,PASSED,-0.280971055418914,0.00021131604254816738,-0.008920205050802267,2.736602045886247,-0.0011272432003491823,0.04758424265375527
4.220844168833767,PASSED,-0.2809708485868039,0.00020236031470276396,-0.008979409708470845,2.7366009425622666,-0.0010794694924574175,0.04790001805043776
4.221844368873775,PASSED,-0.2809706507384844,0.00019334767712029006,-0.00903478949847591,2.736599887161678,-0.0010313922400946394,0.048195408571005204
4.222844568913783,PASSED,-0.2809704619289473,0.00018428196293646085,-0.009086330640731414,2.7365988799777865,-0.0009830318956196885,0.04847030174424795
4.223844768953791,PASSED,-0.2809702822093455,0.00017516701743327065,-0.009134022078162737,2.7365979212834213,-0.0009344089787200799,0.048724660336515714
4.224844968993799,PASSED,-0.2809701116269832,0.00016600669358673092,-0.009177858358791032,2.7365970113308804,-0.000885544034008562,0.04895846762818602
4.225845169033807,PASSED,-0.2809699502253078,0.00015680485153774377,-0.009217831175784558,2.736596150351895,-0.0008364576437809507,0.049171671960561485
4.226845369073815,PASSED,-0.2809697980439029,0.00014756535918068866,-0.009253933144568838,2.7365953385575863,-0.0007871704458839871,0.049364215187898464
4.227845569113823,PASSED,-0.28096965511848343,0.0001382920872111337,-0.009286164519545734,2.736594576138438,-0.0007377030908684912,0.0495361149005608
4.228845769153831,PASSED,-0.28096952148089227,0.00012898890834249144,-0.009314521768039912,2.73659386326428,-0.0006880762296965162,0.04968735868625124
4.229845969193839,PASSED,-0.2809693971590979,0.00011965969874374067,-0.009339001485891342,2.7365932000842794,-0.0006383105365458303,0.0498179161269756
4.230846169233847,PASSED,-0.28096928217719463,0.00011030833242115912,-0.009359609547041707,2.7365925867269354,-0.0005884266804598295,0.04992781605868432
4.231846369273855,PASSED,-0.2809691765554032,0.0001009386812918397,-0.009376345517504554,2.7365920233000915,-0.0005384453059547415,0.05001708013602387
4.232846569313863,PASSED,-0.28096908031007417,9.155461471144284e-05,-0.009389213955658417,2.7365915098909412,-0.0004883870591904199,0.05008569118318672
4.233846769353871,PASSED,-0.28096899345369203,8.215999612702596e-05,-0.009398221670255856,2.7365910465660654,-0.0004382725415174961,0.05013373533274839
4.234846969393879,PASSED,-0.28096891599488116,7.275868209260872e-05,-0.009403375610524832,2.7365906333714465,-0.0003881223272630429,0.05016120020225643
4.235847169433887,PASSED,-0.2809688479384134,6.335452157209894e-05,-0.009404683793833097,2.73659027033252,-0.00033795695211412375,0.05016815844669435
4.236847369473895,PASSED,-0.280968789285217,5.39513534244886e-05,-0.009402157716795163,2.7365899574542287,-0.00028779687099049424,0.050154696241586354
4.237847569513903,PASSED,-0.2809687400323873,4.455300457657569e-05,-0.009395809601991404,2.736589694721064,-0.0002376625107911479,0.05012080283785303
4.238847769553911,PASSED,-0.2809687001731989,3.5163289756693284e-05,-0.009385651631809745,2.736589482097137,-0.00018757423146560623,0.05006659698400076
4.239847969593919,PASSED,-0.2809686696971191,2.578600962020142e-05,-0.009371699139613287,2.736589319526254,-0.00013755228034006145,0.04999218721990746
4.240848169633927,PASSED,-0.28096864858982323,1.6424947643655106e-05,-0.009353970534501667,2.7365892069319964,-8.761684518913436e-05,0.04989760043827351
4.241848369673935,PASSED,-0.28096863683321127,7.083870891354072e-06,-0.009332480897500614,2.7365891442178043,-3.77880351145438e-05,0.04978294983213526
4.242848569713943,PASSED,-0.2809686344054259,-2.233472293463501e-06,-0.009307251376362213,2.7365891312670856,1.1914180685683146e-05,0.04964839311228807
4.243848769753951,PASSED,-0.2809686412808724,-1.1523354944353443e-05,-0.009278303500575093,2.7365891679433023,6.146991168054948e-05,0.049493956249918515
4.244848969793959,PASSED,-0.2809686574302392,-2.078207105892481e-05,-0.009245657857235547,2.7365892540901,0.00011085938215182608,0.04931981328551532
4.245849169833967,PASSED,-0.28096868282052095,-3.000593780979051e-05,-0.009209339346619137,2.7365893895314173,0.00016006296428724019,0.04912609470201328
4.246849369873975,PASSED,-0.2809687174150424,-3.919129805942643e-05,-0.009169374184980436,2.7365895740716226,0.00020906114899762627,0.048912911382634636
4.247849569913983,PASSED,-0.28096876117348357,-4.83345197333709e-05,-0.009125786666587163,2.73658980749564,0.00025783455167228015,0.04868039686933335
4.248849769953991,PASSED,-0.28096881405190666,-5.743199837672312e-05,-0.009078606627862256,2.736590089569099,0.00030636395564500045,0.04842874204164493
4.249849969993999,PASSED,-0.2809688760027844,-6.648015931016859e-05,-0.009027863803834265,2.7365904200384796,0.000354630293622198,0.04815806860089927
4.250850170034007,PASSED,-0.28096894697502967,-7.547545769482661e-05,-0.008973588105207186,2.7365907986312794,0.0004026146556140693,0.04786855758585271
4.251850370074015,PASSED,-0.2809690269140261,-8.441437946092631e-05,-0.00891581087336139,2.7365912250561677,0.0004502982994891226,0.04756036806785365
4.252850570114023,PASSED,-0.28096911576166084,-9.329344469354799e-05,-0.008854568138795196,2.736591699003166,0.0004976626636215639,0.04723369484216624
4.253850770154031,PASSED,-0.2809692134563579,-0.00010210920770699419,-0.008789892929880208,2.736592220143823,0.0005446893715148084,0.04688871659396342
4.254850970194039,PASSED,-0.2809693199331132,-0.00011085825758465468,-0.008721821176180686,2.7365927881314014,0.0005913602228136688,0.046525607768791666
4.255851170234047,PASSED,-0.2809694351235309,-0.00011953722097115575,-0.008650391526714644,2.7365934026010725,0.0006376572254139208,0.04614459915455881
4.256851370274055,PASSED,-0.28096955895586084,-0.00012814276263584728,-0.008575641756676109,2.7365940631701213,0.0006835626060608124,0.04574590164178011
4.257851570314063,PASSED,-0.2809696913550373,-0.00013667158642088756,-0.008497611803949744,2.736594769438135,0.0007290587539486458,0.045329645385202386
4.258851770354071,PASSED,-0.2809698322427191,-0.0001451204372238724,-0.00841634346900824,2.736595520987248,0.0007741283290375967,0.04489619489144975
4.259851970394079,PASSED,-0.2809699815373308,-0.00015348610155892472,-0.008331878245748384,2.736596317382325,0.0008187541896111388,0.04444563769493726
4.260852170434087,PASSED,-0.28097013915410524,-0.0001617654089873955,-0.008244260216952388,2.73659715817122,0.000862919408976733,0.043978273812698754
4.261852370474095,PASSED,-0.28097030500512704,-0.00016995523349024928,-0.008153534026788,2.7365980428849843,0.0009066073256016471,0.043494345166391085
4.262852570514103,PASSED,-0.28097047899937755,-0.00017805249423458666,-0.008059745222703581,2.7365989710381236,0.0009498015082973616,0.042994074381929856
4.263852770554111,PASSED,-0.2809706610427805,-0.0001860541565847364,-0.007962940435113825,2.7365999421288305,0.0009924857610027408,0.04247770492101255
4.264852970594119,PASSED,-0.2809708510382494,-0.00019395723439009322,-0.007863169385518877,2.7366009556392425,0.0010346441587538615,0.041945526304526116
4.265853170634127,PASSED,-0.2809710488857353,-0.00020175878904478973,-0.007760478167481552,2.736602011035691,0.0010762610288002274,0.04139776587425907
4.266853370674135,PASSED,-0.2809712544822763,-0.00020945593227489508,-0.007654919938521232,2.7366031077689734,0.0011173209624222393,0.0408347121205138
4.267853570714143,PASSED,-0.28097146772204756,-0.00021704582717469717,-0.007546544873989301,2.73660424527462,0.0011578088340033655,0.04025664455486753
4.268853770754151,PASSED,-0.28097168849641274,-0.0002245256871265224,-0.007435403337049206,2.7366054229731525,0.0011977097659111888,0.039663790143127486
4.269853970794159,PASSED,-0.28097191669397603,-0.00023189277914343638,-0.007321551136823846,2.7366066402703817,0.0012370091855964899,0.039056506046750046
4.270854170834167,PASSED,-0.2809721522006358,-0.00023914442479564741,-0.007205041995802543,2.7366078965576843,0.0012756928177694088,0.03843504959036467
4.271854370874175,PASSED,-0.2809723948996383,-0.0002462779984771423,-0.007085928138623219,2.7366091912122883,0.0013137466418797806,0.037799673790376805
4.272854570914183,PASSED,-0.28097264467163313,-0.00025329093124121807,-0.006964269181044089,2.736610523597571,0.0013511569547167918,0.03715073886810077
4.273854770954191,PASSED,-0.280972901394729,-0.0002601807111043908,-0.006840120317925235,2.736611893063355,0.0013879103666404329,0.03648852729400143
4.274854970994199,PASSED,-0.280973164944551,-0.0002669448821494721,-0.006713538196518629,2.7366132989462137,0.0014239937678490518,0.03581331715169745
4.275855171034207,PASSED,-0.28097343519429785,-0.0002735810474008298,-0.006584583287917128,2.7366147405697796,0.0014593943735401675,0.03512546471739426
4.276855371074215,PASSED,-0.2809737120148009,-0.00028008686899146676,-0.00645331379245022,2.736616217245053,0.0014940997162077127,0.034425261300979226
4.277855571114223,PASSED,-0.28097399527458305,-0.0002864600679230954,-0.006319789024414238,2.7366177282707276,0.0015280976394717958,0.033713031239485415
4.278855771154231,PASSED,-0.28097428483991943,-0.0002926984267469468,-0.006184072023476145,2.736619272933496,0.001561376305657453,0.03298908948310509
4.279855971194239,PASSED,-0.28097458057489777,-0.0002987997891000646,-0.006046222572878867,2.736620850508394,0.0015939242250758298,0.0322538060418913
4.280856171234247,PASSED,-0.2809748823414804,-0.00030476205970129055,-0.005906302620123953,2.7366224602591056,0.0016257302048259571,0.03150742888895119
4.281856371274255,PASSED,-0.28097518999956594,-0.00031058320637006564,-0.005764376034542511,2.736624101438315,0.0016567834085353898,0.030750386923086764
4.282856571314263,PASSED,-0.2809755034070532,-0.0003162612611402246,-0.005620507260569991,2.7366257732880372,0.0016870733538335298,0.02998298421484224
4.283856771354271,PASSED,-0.2809758224199037,-0.00032179431864036315,-0.005474757659850899,2.736627475039949,0.0017165898518626001,0.029205507238555528
4.284856971394279,PASSED,-0.2809761468922067,-0.00032718053799902884,-0.00532719382454218,2.7366292059157415,0.0017453230915212396,0.028418394605361635
4.285857171434287,PASSED,-0.2809764766762434,-0.0003324181444818057,-0.00517788158826669,2.73663096512746,0.0017732636175261764,0.027621946937987207
4.286857371474295,PASSED,-0.2809768116225528,-0.0003375054284383599,-0.005026885535412596,2.7366327518778513,0.0018004022850182106,0.026816481194731807
4.287857571514303,PASSED,-0.2809771515799968,-0.00034244074552724243,-0.0048742714578624835,2.736634565360725,0.0018267303407963195,0.026002438833693603
4.288857771554311,PASSED,-0.2809774963958274,-0.00034722251916081807,-0.004720108417384412,2.7366364047612834,0.0018522393612170538,0.025180074812094694
4.289857971594319,PASSED,-0.2809778459157529,-0.0003518492394602035,-0.004564461554052713,2.7366382692565194,0.001876921305308061,0.02434985694361592
4.290858171634327,PASSED,-0.2809781999840053,-0.00035631946318002094,-0.004407398496993925,2.736640158015521,0.0019007684559511416,0.02351201310939027
4.291858371674335,PASSED,-0.2809785584434081,-0.00036063181623362413,-0.00424898942467598,2.7366420701998844,0.00192377348876457,0.02266704594945377
4.292858571714343,PASSED,-0.2809789211354441,-0.0003647849921044684,-0.004089300168289885,2.736644004964039,0.0019459294431954292,0.021815226751796306
4.293858771754351,PASSED,-0.280979287900324,-0.00036877775225088597,-0.0039284001318360285,2.7366459614556318,0.001967229692153743,0.02095693042932566
4.294858971794359,PASSED,-0.2809796585770551,-0.0003726089282030273,-0.003766359832344996,2.7366479388158873,0.001987668011017606,0.02009257782022081
4.295859171834367,PASSED,-0.28098003300350993,-0.0003762774198032798,-0.0036032461121908435,2.7366499361799805,0.0020072385415552067,0.01922249901585424
4.296859371874375,PASSED,-0.2809804110164963,-0.0003797821966787444,-0.003439130717647112,2.7366519526773936,0.002025935756447301,0.018347025476254716
4.297859571914383,PASSED,-0.28098079245182583,-0.00038312229759363827,-0.0032740810463916074,2.736653987432303,0.002043754544530661,0.017466629821429658
4.298859771954391,PASSED,-0.28098117714438453,-0.00038629683164683994,-0.003108169391074956,2.736656039563946,0.0020606901677734735,0.016581618857067146
4.299859971994399,PASSED,-0.2809815649282022,-0.00038930497814848727,-0.0029414645753622405,2.736658108186986,0.0020767382156682878,0.015692333919978447
4.300860172034407,PASSED,-0.2809819556365226,-0.00039214598550153736,-0.0027740358715087265,2.736660192411892,0.002091894684056996,0.014799224701194345
4.301860372074415,PASSED,-0.2809823491018736,-0.0003948191730081925,-0.0026059552634193138,2.7366622913453114,0.002106155955164334,0.01390263537810042
4.302860572114423,PASSED,-0.2809827451561376,-0.00039732393073417966,-0.002437292701032389,2.736664404090454,0.002119518769541951,0.013002933710627237
4.303860772154431,PASSED,-0.28098314363062155,-0.00039965971815352706,-0.002268117231557337,2.736666529747447,0.002131980222782576,0.012100466260623551
4.304860972194439,PASSED,-0.2809835443561275,-0.00040182606523956986,-0.0020985003223664023,2.7366686674137317,0.0021435378259008543,0.011195694356714666
4.305861172234447,PASSED,-0.28098394716302305,-0.00040382257319299244,-0.0019285130407933706,2.7366708161844273,0.002154189454364044,0.010288917867506703
4.306861372274455,PASSED,-0.2809843518813113,-0.0004056489126560543,-0.0017582237445741785,2.7366729751527012,0.0021639333201716546,0.009380497767679847
4.307861572314463,PASSED,-0.28098475834070175,-0.00040730482462588596,-0.001587704120003285,2.7366751434101544,0.0021727680551466566,0.008470893113216447
4.308861772354471,PASSED,-0.2809851663706798,-0.0004087901207700223,-0.0014170241602251196,2.736677320047199,0.0021806926769036253,0.0075604408528028
4.309861972394479,PASSED,-0.28098557580057737,-0.00041010468248843843,-0.0012462534238768112,2.7366795041534173,0.0021877065152687983,0.006649436706753524
4.310862172434487,PASSED,-0.28098598645964273,-0.00041124846060126846,-0.0010754612387988266,2.7366816948179444,0.002193809308839683,0.005738364813638781
4.311862372474495,PASSED,-0.28098639817711,-0.00041222147621886756,-0.0009047185367992391,2.736683891129839,0.002199001193580625,0.00482756469247691
4.312862572514503,PASSED,-0.2809868107822692,-0.00041302382015988553,-0.0007340942104970216,2.7366860921784606,0.0022032826402757287,0.003917368030187963
4.313862772554511,PASSED,-0.2809872241045355,-0.0004136556521171268,-0.0005636571217374708,2.736688297053821,0.002206654472299017,0.0030081413520214946
4.314862972594519,PASSED,-0.28098763797351806,-0.00041411720013617703,-0.0003934752839253555,2.7366905048469814,0.0022091179435092334,0.002100357782346464
4.315863172634527,PASSED,-0.2809880522190892,-0.0004144087624102057,-0.000223620267431015,2.7366927146503905,0.0022106746283210204,0.001194236164747397
4.316863372674535,PASSED,-0.2809884666714527,-0.00041453070468675483,-5.415694929442868e-05,2.736694925558273,0.00221132645939414,0.00029022767870094353
4.317863572714543,PASSED,-0.2809888811612125,-0.000414483460397183,0.00011484511548270965,2.736697136666981,0.0022110757690027853,-0.0006113024380579208
4.318863772754551,PASSED,-0.2809892955194398,-0.0004142675312452951,0.00028331850949126516,2.736699347075356,0.002209925222813017,-0.0015100420242424052
4.319863972794559,PASSED,-0.2809897095777413,-0.00041388348658139256,0.0004511954335101227,2.7367015558850976,0.002207877849312792,-0.0024055944842130902
4.320864172834567,PASSED,-0.2809901231683258,-0.0004133319616298846,0.000618411296839819,2.7367037622011146,0.002204937046867681,-0.0032976077523770263
4.321864372874575,PASSED,-0.280990536124071,-0.0004126136584578919,0.0007848977554280887,2.7367059651318777,0.002201106549635084,-0.004185756886076992
4.322864572914583,PASSED,-0.28099094827858967,-0.000411729345635941,0.0009505895329660789,2.7367081637897814,0.0021963904566539663,-0.005069650377811386
4.323864772954591,PASSED,-0.2809913594662952,-0.0004106798562696644,0.001115422588483556,2.736710357291491,0.002190793220742463,-0.00594895960063123
4.3248649729945985,PASSED,-0.28099176952246707,-0.00040946608861034247,0.001279331039880916,2.7367125447582814,0.0021843196145902885,-0.006823370519869783
4.3258651730346065,PASSED,-0.28099217828331496,-0.00040808900578707903,0.0014422506788518501,2.736714725316399,0.0021769747852145465,-0.007692468612989931
4.3268653730746145,PASSED,-0.2809925855860436,-0.00040654963441634175,0.001604118498660858,2.7367168980973813,0.0021687642013965224,-0.008555993954714465
4.3278655731146225,PASSED,-0.2809929912689155,-0.00040484906383636516,0.001764871967520409,2.7367190622384223,0.00215969367795223,-0.009413543104011894
4.3288657731546305,PASSED,-0.2809933951713141,-0.00040298844636308274,0.0019244478104571707,2.736721216882685,0.0021497693610221394,-0.010264832814143084
4.3298659731946385,PASSED,-0.2809937971338062,-0.00040096899675863253,0.002082784133778891,2.7367233611796453,0.0021389977191444655,-0.011109514586694092
4.3308661732346465,PASSED,-0.28099419699820316,-0.000398791989941771,0.002239821938916652,2.736725494285413,0.0021273855544839872,-0.011947264709667683
4.3318663732746545,PASSED,-0.2809945946076221,-0.0003964587617321277,0.0023954990567943623,2.736727615363066,0.002114940000662949,-0.012777746561952536
4.3328665733146625,PASSED,-0.280994989806546,-0.0003939707087981482,0.002549755518769621,2.7367297235829664,0.002101668499726071,-0.013600670520161232
4.3338667733546705,PASSED,-0.28099538244088307,-0.0003913292852085672,0.0027025356367885414,2.736731818123076,0.002087578803838904,-0.01441571279850385
4.3348669733946785,PASSED,-0.28099577235802564,-0.0003885360044840402,0.002853777449686027,2.7367338981692737,0.0020726789916446883,-0.015222545124689906
4.3358671734346865,PASSED,-0.2809961594069077,-0.0003855924376573872,0.003003426411297661,2.7367359629156582,0.00205697743877702,-0.016020891362987625
4.3368673734746945,PASSED,-0.2809965434380626,-0.0003825002119366325,0.0031514252603927835,2.736738011564862,0.0020404828239362523,-0.01681043049262184
4.3378675735147025,PASSED,-0.28099692430367906,-0.00037926101099534877,0.003297718061877666,2.7367400433283415,0.002023204126349289,-0.0175908756498575
4.3388677735547105,PASSED,-0.2809973018576565,-0.0003758765731844634,0.0034422509768905025,2.7367420574266834,0.0020051506220669763,-0.0183619233706153
4.3398679735947185,PASSED,-0.2809976759556603,-0.00037234869152186526,0.003584968786403266,2.7367440530898888,0.0019863318713083233,-0.019123302350678467
4.3408681736347265,PASSED,-0.28099804645517457,-0.00036867921167940687,0.003725820546495171,2.7367460295576636,0.0019667577187682185,-0.019874719333055627
4.3418683736747345,PASSED,-0.28099841321555624,-0.0003648700326050228,0.0038647514263099743,2.736747986079698,0.001946438291856216,-0.02061589863130081
4.3428685737147426,PASSED,-0.28099877609808593,-0.00036092310390798186,0.004001713544194871,2.7367499219159517,0.0019253839990274208,-0.02134655562712457
4.343868773754751,PASSED,-0.2809991349660195,-0.00035684042602126555,0.004136654115063916,2.7367518363369117,0.0019036055015258001,-0.022066458751284924
4.344868973794759,PASSED,-0.28099948968463834,-0.00035262404983862634,0.004269524227689445,2.7367537286238703,0.0018811137305260145,-0.022775312498786098
4.345869173834767,PASSED,-0.28099984012129775,-0.0003482760735023634,0.0044002777419786246,2.736755598069187,0.0018579198980854662,-0.023472845735056053
4.346869373874775,PASSED,-0.28100018614547584,-0.0003437986432121552,0.004528865322361207,2.736757443976544,0.001834035447667483,-0.024158853539934685
4.347869573914783,PASSED,-0.2810005276288201,-0.0003391939524454601,0.004655241062917679,2.73675926566119,0.0018094720605243502,-0.024833076211931582
4.348869773954791,PASSED,-0.28100086444519395,-0.0003344642396945177,0.00477936054295898,2.736761062450198,0.0017842416952699614,-0.025495224616026838
4.349869973994799,PASSED,-0.2810011964707213,-0.0003296117878633367,0.004901179356662341,2.7367628336826986,0.0017583565342498882,-0.026145118622770393
4.350870174034807,PASSED,-0.2810015235838311,-0.000324638923942836,0.005020653629726215,2.736764578710122,0.0017318289783989245,-0.026782514003092655
4.351870374074815,PASSED,-0.28100184566529984,-0.0003195480167457719,0.005137742908622778,2.736766296896413,0.0017046716614056486,-0.027407185653397944
4.352870574114823,PASSED,-0.2810021625982937,-0.00031434147658890066,0.0052524049890368685,2.736767987618263,0.0016768974418757314,-0.028018908780929865
4.353870774154831,PASSED,-0.2810024742684093,-0.0003090217545557831,0.005364600062504716,2.736769650265345,0.0016485194191536287,-0.028617432016217775
4.354870974194839,PASSED,-0.2810027805637133,-0.00030359134006594586,0.0054742907747256046,2.7367712842404863,0.0016195508389938338,-0.029202678922179662
4.355871174234847,PASSED,-0.28100308137478097,-0.0002980527605037836,0.005581438753786732,2.736772888959912,0.0015900051930338725,-0.02977429065181595
4.356871374274855,PASSED,-0.2810033765947336,-0.0002924085811143018,0.0056860064799452,2.7367744638534233,0.0015598961900181157,-0.030332144591717757
4.357871574314863,PASSED,-0.281003666119275,-0.0002866614022916996,0.0057879603843735295,2.7367760083645956,0.0015292376676020463,-0.030876107632304226
4.358871774354871,PASSED,-0.2810039498467262,-0.0002808138579772121,0.005887266934563479,2.736777521950971,0.0014980436889895348,-0.03140589259931641
4.359871974394879,PASSED,-0.28100422767805994,-0.0002748686170755068,0.005983890213133181,2.7367790040842364,0.0014663285135241382,-0.03192136404278342
4.360872174434887,PASSED,-0.28100449951693285,-0.0002688283804410045,0.0060778009154151234,2.7367804542503906,0.00143410651211026,-0.03242242632794156
4.361872374474895,PASSED,-0.28100476526971757,-0.00026269587849872084,0.006168969293529345,2.7367818719499315,0.0014013922719593652,-0.03290878269953007
4.362872574514903,PASSED,-0.2810050248455329,-0.000256473872887216,0.006257363156821842,2.7367832566979984,0.001368200536576507,-0.03338037050507726
4.363872774554911,PASSED,-0.2810052781562731,-0.00025016515396562877,0.006342956098097538,2.7367846080245384,0.0013345461613263102,-0.033837045080276726
4.364872974594919,PASSED,-0.28100552511663557,-0.00024377253808585458,0.006425722400892001,2.736785925474454,0.0013004441880510509,-0.03427859207191447
4.365873174634927,PASSED,-0.2810057656441481,-0.00023729886886512619,0.006505633767285976,2.73678720860775,0.001265909800106076,-0.0347049185270148
4.366873374674935,PASSED,-0.28100599965919404,-0.0002307470149267531,0.00658266738576452,2.7367884569996592,0.0012309582759255178,-0.03511592794958712
4.367873574714943,PASSED,-0.28100622708503675,-0.0002241198676904975,0.006656800469916317,2.736789670240784,0.0011956050508617067,-0.03551142313995995
4.368873774754951,PASSED,-0.28100644784784246,-0.00021742034164191256,0.006728009767697326,2.73679084793721,0.0011598656821120068,-0.03589133248952642
4.369873974794959,PASSED,-0.28100666187670237,-0.0002106513726251544,0.006796275182798693,2.736791989710625,0.0011237558145671628,-0.036255557581722345
4.370874174834967,PASSED,-0.2810068691036528,-0.00020381591542088608,0.0068615785519147415,2.736793095198437,0.0010872912276745827,-0.0366039397664852
4.371874374874975,PASSED,-0.281007069463695,-0.00019691694463122323,0.006923898948161585,2.736794164053863,0.0010504877870288647,-0.036936441231873125
4.372874574914983,PASSED,-0.28100726289481265,-0.00018995745184673717,0.006983222008702388,2.7367951959460344,0.0010133614392418531,-0.03725295215710395
4.373874774954991,PASSED,-0.281007449337989,-0.0001829404442918009,0.007039531252425528,2.7367961905600806,0.0009759282388280026,-0.03755336591834837
4.374874974994999,PASSED,-0.2810076287372221,-0.00017586894454346572,0.007092812078941601,2.7367971475972253,0.0009382043226380486,-0.037837616371024334
4.375875175035007,PASSED,-0.28100780103953926,-0.00016874598884231045,0.007143051449297727,2.736798066774844,0.00090020586762906,-0.0381056807676314
4.376875375075015,PASSED,-0.28100796619500973,-0.000161574625367673,0.007190238158197275,2.736798947826543,0.0008619491386834551,-0.03835742773092059
4.377875575115023,PASSED,-0.2810081241567565,-0.00015435791349017582,0.00723436102369711,2.736799790502219,0.0008234504711686803,-0.03859282737067776
4.378875775155031,PASSED,-0.2810082748809668,-0.0001470989223799877,0.007275411167848772,2.7368005945681224,0.0007847262333576739,-0.03881184477122554
4.379875975195039,PASSED,-0.2810084183269011,-0.00013980072977213255,0.007313380234526053,2.736801359806891,0.0007457928349532429,-0.039014434159901176
4.380876175235047,PASSED,-0.2810085544569007,-0.0001324664202454918,0.0073482623880505435,2.73680208601761,0.0007066667497761038,-0.03920051918863117
4.381876375275055,PASSED,-0.2810086832363947,-0.00012509908450689024,0.0073800513056356066,2.7368027730158246,0.0006673644536942891,-0.03937014734393695
4.382876575315063,PASSED,-0.28100880463390526,-0.00011770181839283088,0.007408742653008509,2.7368034206335907,0.000627902460250416,-0.03952322417716382
4.383876775355071,PASSED,-0.28100891862105104,-0.0001102777197828062,0.007434335914702152,2.736804028719481,0.0005882973105067344,-0.039659766788026976
4.384876975395079,PASSED,-0.28100902517255066,-0.00010282988986930104,0.0074568259127071514,2.73680459713861,0.0005485655467096474,-0.03977976180312693
4.385877175435087,PASSED,-0.2810091242662237,-9.536143091310787e-05,0.007476214318517164,2.736805125772629,0.0005087237031767913,-0.039883231352675456
4.386877375475095,PASSED,-0.2810092158829911,-8.787544319371128e-05,0.0074925033199828815,2.7368056145197435,0.0004687883379024691,-0.039970121222086596
4.387877575515103,PASSED,-0.2810093000068738,-8.037502604570662e-05,0.007505693033352526,2.736806063294694,0.0004287759903392292,-0.040040498457342186
4.388877775555111,PASSED,-0.2810093766249908,-7.286327712820191e-05,0.007515786173606186,2.736806472028747,0.00038870316198339415,-0.040094381621497
4.389877975595119,PASSED,-0.2810094457275553,-6.534328796555814e-05,0.007522791155335474,2.736806840669684,0.0003485863697696828,-0.04013173260852089
4.390878175635127,PASSED,-0.28100950730787005,-5.781814507913766e-05,0.007526710707143802,2.7368071691817617,0.00030844207625284976,-0.04015266745570775
4.391878375675135,PASSED,-0.281009561362321,-5.029092941926316e-05,0.007527552295028313,2.736807457545689,0.00026828670279551245,-0.04015717745842369
4.392878575715143,PASSED,-0.2810096078903702,-4.276471266834032e-05,0.007525326388185858,2.7368077057585887,0.00022813665964719596,-0.04014528694157836
4.393878775755151,PASSED,-0.28100964689454727,-3.5242557874406636e-05,0.007520040397765579,2.7368079138339487,0.00018800828239239333,-0.04011710413028549
4.394878975795159,PASSED,-0.28100967838043933,-2.7727517854446012e-05,0.007511706434757319,2.736808081801561,0.0001479178355576998,-0.04007267530429888
4.395879175835167,PASSED,-0.2810097023566803,-2.0222633323710963e-05,0.007500336594720203,2.736808209707491,0.00010788157993371214,-0.04001197583711353
4.396879375875175,PASSED,-0.28100971883493864,-1.2730932665788713e-05,0.007485943366723615,2.7368082976139694,6.791564625941458e-05,-0.0399352388990869
4.397879575915183,PASSED,-0.28100972782990385,-5.255430449091401e-06,0.007468541450013111,2.736808345599366,2.803611328666347e-05,-0.039842395688527266
4.398879775955191,PASSED,-0.2810097293592718,2.2008751146688906e-06,0.007448148306258412,2.7368083537580783,-1.1740994934806674e-05,-0.03973358324343206
4.399879975995199,PASSED,-0.28100972344372915,9.63500126989854e-06,0.007424778054543809,2.73680832220046,-5.139979373791365e-05,-0.03960894250955691
4.400880176035207,PASSED,-0.28100971010693626,1.7043981883327804e-05,0.007398448986019564,2.73680825105274,-9.092444650410849e-05,-0.03946845960395344
4.401880376075215,PASSED,-0.2810096893755091,2.4424871781070315e-05,0.007369183838891139,2.736808140456903,-0.00013029923248303652,-0.039312336895577754
4.402880576115223,PASSED,-0.28100966127899996,3.177474446123503e-05,0.00733699857434711,2.736807990570606,-0.00016950855714168456,-0.039140649834028214
4.403880776155231,PASSED,-0.28100962584987704,3.9090693257825e-05,0.007301915611418534,2.7368078015670645,-0.00020853689850680398,-0.03895346905251355
4.404880976195239,PASSED,-0.2810095831235029,4.636983586382721e-05,0.007263960602391323,2.7368075736349304,-0.0002473688784572585,-0.038750987215748565
4.405881176235247,PASSED,-0.28100953313811167,5.3609312100684734e-05,0.007223153326501656,2.736807306978182,-0.0002859892469482854,-0.03853328934121239
4.406881376275255,PASSED,-0.28100947593478565,6.080628492319532e-05,0.007179519153183195,2.736807001815983,-0.00032438287033083487,-0.038300512743440894
4.407881576315263,PASSED,-0.28100941155743003,6.795794491384895e-05,0.007133087215633925,2.7368066583825676,-0.00036253474486744823,-0.038052782398728315
4.408881776355271,PASSED,-0.28100934005274714,7.506150822287912e-05,0.007083880704627668,2.736806276927086,-0.0004004300303469237,-0.037790287533306925
4.409881976395279,PASSED,-0.28100926147020944,8.211421749500102e-05,0.007031928317118063,2.7368058577134766,-0.0004380540098411477,-0.03751310746816869
4.410882176435287,PASSED,-0.2810091758620314,8.911334539395931e-05,0.006977260953518438,2.736805401020295,-0.0004753921371169096,-0.03722147381415739
4.411882376475295,PASSED,-0.28100908328314056,9.605619390419339e-05,0.006919906881377834,2.736804907140578,-0.0005124300228912343,-0.03691549374776959
4.412882576515303,PASSED,-0.2810089837911472,0.00010294009487128826,0.006859897024239549,2.736804376381674,-0.0005491534185275541,-0.036595330228686704
4.413882776555311,PASSED,-0.28100887744631325,0.00010976241251639264,0.006797264725680927,2.7368038090650786,-0.0005855482693706555,-0.036261197919377805
4.414882976595319,PASSED,-0.28100876431152044,0.0001165205438010926,0.006732042324045997,2.736803205526261,-0.0006216006963515866,-0.035913246355299994
4.415883176635327,PASSED,-0.2810086444522368,0.0001232119183148496,0.006664262640230963,2.7368025661144904,-0.000657296975244879,-0.03555163391862079
4.416883376675335,PASSED,-0.2810085179364828,0.00012983400099311553,0.006593962703622596,2.736801891192658,-0.0006926235763065902,-0.035176579157104614
4.417883576715343,PASSED,-0.2810083848347965,0.00013638429245361393,0.006521177298415533,2.736801181137074,-0.0007275671888216839,-0.03478830142041968
4.418883776755351,PASSED,-0.28100824522019757,0.00014286032865697696,0.0064459421399947125,2.7368004363373024,-0.0007621146443908659,-0.03438689166835671
4.419883976795359,PASSED,-0.28100809916815,0.0001492596836020074,0.006368296815054269,2.736799657195938,-0.0007962530002951305,-0.0339726653948698
4.420884176835367,PASSED,-0.2810079467565252,0.0001555799696210588,0.0062882788217161695,2.7367988441284226,-0.000829969539689161,-0.03354578872680453
4.421884376875375,PASSED,-0.2810077880655627,0.000161818837468839,0.00620592719848956,2.7367979975628285,-0.0008632517162852986,-0.03310643517569292
4.422884576915383,PASSED,-0.28100762317783096,0.00016797397813649546,0.006121282980434432,2.7367971179396595,-0.0008960871976239316,-0.03265484544725943
4.423884776955391,PASSED,-0.28100745217818723,0.00017404312308731614,0.006034386264411518,2.736796205711622,-0.0009284639069585191,-0.03219128525947296
4.424884976995399,PASSED,-0.2810072751537363,0.000180024045603674,0.00594528001765542,2.736795261343418,-0.0009603699565677194,-0.031715892509018746
4.425885177035407,PASSED,-0.28100709219378855,0.00018591456106237865,0.005854005752737491,2.736794285311513,-0.0009917936788101838,-0.031228942064761473
4.426885377075415,PASSED,-0.28100690338981743,0.00019171252785345972,0.005760607483310102,2.7367932781039115,-0.001022723667018412,-0.03073068563720597
4.427885577115423,PASSED,-0.2810067088354157,0.00019741584857039905,0.005665129539358797,2.7367922402199314,-0.001053148718314697,-0.03022129506900445
4.428885777155431,PASSED,-0.28100650862625176,0.00020302246970579932,0.00556761553276124,2.7367911721699523,-0.0010830578841477733,-0.029701079675790804
4.429885977195439,PASSED,-0.28100630286002426,0.00020853038343148525,0.005468112520969061,2.7367900744751936,-0.0011124404567910058,-0.029170234621526934
4.430886177235447,PASSED,-0.2810060916364168,0.00021393762803139271,0.005366665985866419,2.736788947667461,-0.0011412859588917053,-0.02862901375348115
4.431886377275455,PASSED,-0.2810058750570517,0.00021924228766099808,0.005263322058764643,2.736787792288901,-0.0011695841815216935,-0.028077695214326168
4.432886577315463,PASSED,-0.2810056532254427,0.00022444249471646142,0.0051581303865958095,2.7367866088917503,-0.0011973251635407191,-0.0275165065554922
4.433886777355471,PASSED,-0.28100542624694774,0.0002295364288756453,0.00505113667424259,2.7367853980380876,-0.0012244991800406686,-0.026945689796254214
4.434886977395479,PASSED,-0.2810051942287207,0.00023452231802970156,0.004942390807265376,2.73678416029957,-0.0012510967846146583,-0.026365547759146846
4.435887177435487,PASSED,-0.28100495727966257,0.00023939844016707332,0.004831943024109367,2.736782896257171,-0.0012771088028671266,-0.025776331914682517
4.436887377475495,PASSED,-0.281004715510372,0.0002441631219401625,0.004719840939075726,2.7367816065009265,-0.0013025262912985797,-0.02517825944263324
4.437887577515503,PASSED,-0.2810044690330957,0.0002488147400217942,0.004606136176669036,2.7367802916296595,-0.0013273405948367291,-0.02457166626849361
4.438887777555511,PASSED,-0.2810042179616776,0.00025335172338856646,0.004490881493507812,2.7367789522507167,-0.0013515433393672049,-0.023956796705130554
4.439887977595519,PASSED,-0.2810039624115085,0.0002577725501610626,0.004374123625155017,2.736777588979691,-0.0013751264040658638,-0.023333910027677703
4.440888177635527,PASSED,-0.2810037024994739,0.0002620757509679439,0.004255918928032123,2.7367762024401543,-0.0013980819454485827,-0.02270329561941297
4.441888377675535,PASSED,-0.28100343834390273,0.000266259909541787,0.004136318337717131,2.736774793263377,-0.001420402410172402,-0.022065244126756676
4.442888577715543,PASSED,-0.28100317006451464,0.0002703236605110704,0.00401537272366095,2.736773362088045,-0.0014420805230067149,-0.02142002530601705
4.443888777755551,PASSED,-0.28100289778236753,0.00027426569195891073,0.003893137263959951,2.736771909559986,-0.001463109278791337,-0.020767909437025174
4.444888977795559,PASSED,-0.28100262161980427,0.00027808474629847306,0.0037696657232973263,2.7367704363318808,-0.0014834819664792504,-0.020109206521838813
4.445889177835567,PASSED,-0.2810023417003993,0.00028177961820856356,0.003645009367952654,2.7367689430629767,-0.0015031921686607384,-0.01944419928792062
4.446889377875575,PASSED,-0.2810020581489045,0.0002853491571274122,0.0035192252861126734,2.736767430418807,-0.0015222337367219979,-0.018773147243485194
4.447889577915583,PASSED,-0.28100177109119545,0.0002887922670676974,0.0033923663764002395,2.736765899070894,-0.0015406008257765088,-0.01809638359519472
4.448889777955591,PASSED,-0.28100148065421654,0.00029210790605051467,0.0032644873870953093,2.7367643496964638,-0.0015582878860465807,-0.01741417805332359
4.449889977995599,PASSED,-0.28100118696592635,0.0002952950873686691,0.0031356439388604725,2.7367627829781487,-0.0015752896517540352,-0.016726824143541808
4.450890178035607,PASSED,-0.28100089015524277,0.00029835287923827127,0.0030058904900966354,2.7367611996037007,-0.0015916011481774857,-0.016034611276723173
4.451890378075615,PASSED,-0.2810005903519875,0.00030128040560148275,0.00287528361195473,2.7367596002656933,-0.0016072177022982252,-0.015337849350083557
4.452890578115623,PASSED,-0.28100028768683083,0.0003040768459021337,0.002743878093115033,2.736757985661221,-0.0016221349486000066,-0.014636844269580115
4.453890778155631,PASSED,-0.28099998229123574,0.0003067414346803348,0.0026117292349253,2.7367563564916115,-0.0016363487950218035,-0.013931847856608
4.454890978195639,PASSED,-0.28099967429740236,0.00030927346314227897,0.0024788946132900465,2.736754713462119,-0.001649855460018548,-0.013223209756835106
4.455891178235647,PASSED,-0.2809993638382117,0.0003116722786122963,0.0023454293745021845,2.7367530572816325,-0.0016626514725673878,-0.012511214410176259
4.456891378275655,PASSED,-0.2809990510471698,0.000313937283550071,0.002211388646622976,2.7367513886623724,-0.0016747336391036574,-0.011796134620332209
4.457891578315663,PASSED,-0.2809987360583515,0.000316067937320339,0.002076830519364736,2.7367497083195924,-0.001686099075882201,-0.011078304884017787
4.458891778355671,PASSED,-0.2809984190063443,0.0003180637560914033,0.001941810938864087,2.736748016971278,-0.001696745210310164,-0.010358020790593381
4.459891978395679,PASSED,-0.2809981000261918,0.00031992431133955404,0.001806384787675186,2.736746315337853,-0.0017066697482827774,-0.009635549427293307
4.460892178435687,PASSED,-0.2809977792533375,0.0003216492311679589,0.0016706098555578659,2.736744604141867,-0.0017158707079970022,-0.008911233238845887
4.461892378475695,PASSED,-0.28099745682356886,0.0003232381999979315,0.001534541479582483,2.736742884107705,-0.0017243464189017072,-0.008185362681944433
4.462892578515703,PASSED,-0.2809971328729604,0.0003246909591174594,0.001398237546158065,2.736741155961283,-0.0017320954909315388,-0.007458211595089844
4.463892778555711,PASSED,-0.2809968075378178,0.00032600730552431793,0.0012617523139921716,2.7367394204297457,-0.001739116843165168,-0.006730112659321905
4.464892978595719,PASSED,-0.28099648095462176,0.0003271870915873498,0.0011251418957249244,2.7367376782411736,-0.0017454096979295619,-0.0060013495011085926
4.465893178635727,PASSED,-0.2809961532599717,0.00032823022736759046,0.000988465036584486,2.736735930124279,-0.0017509735645208282,-0.005272211318038124
4.466893378675735,PASSED,-0.2809958245905298,0.0003291366779118564,0.0008517742160536122,2.7367341768081035,-0.001755808267930277,-0.004543031470389212
4.467893578715743,PASSED,-0.28099549508296545,0.0003299064635223026,0.000715126540041247,2.736732419021736,-0.0017599139087567004,-0.0038140470637796284
4.468893778755751,PASSED,-0.2809951648738991,0.0003305396614271119,0.000578578814654726,2.7367306574939883,-0.0017632909097827006,-0.0030856370008137636
4.469893978795759,PASSED,-0.28099483409984716,0.00033103640336940173,0.0004421840273799236,2.7367288929531273,-0.001765939974840822,-0.0023580170963263926
4.470894178835767,PASSED,-0.28099450289716643,0.0003313968761628718,0.0003059986375302217,2.736727126126565,-0.0017678620847223036,-0.0016315050715853712
4.471894378875775,PASSED,-0.280994171401999,0.00033162132241672856,0.00017007799807433198,2.7367253577405584,-0.001769058562125587,-0.0009064589577488469
4.472894578915783,PASSED,-0.28099383975021763,0.00033171003886190266,3.447540990737316e-05,2.7367235885199364,-0.0017695309787963936,-0.00018305514617886873
4.473894778955791,PASSED,-0.28099350807737106,0.00033166337635359515,-0.00010075445378416475,2.7367218191877978,-0.0017692811877231594,0.000538355219509466
4.474894978995799,PASSED,-0.2809931765186296,0.00033148174087403986,-0.00023555616340273066,2.7367200504652103,-0.0017683113950139155,0.001257417702400277
4.475895179035807,PASSED,-0.2809928452087313,0.0003311655916676386,-0.0003698779017335895,2.736718283070949,-0.0017666240268982391,0.0019740017245271817
4.476895379075815,PASSED,-0.28099251428192823,0.00033071544095584436,-0.0005036659185014043,2.736716517721182,-0.0017642218133309328,0.0026876881291590274
4.477895579115823,PASSED,-0.2809921838719332,0.00033013185506830403,-0.0006368658668996214,2.73671475512921,-0.0017611077931015372,0.0033982416295536425
4.478895779155831,PASSED,-0.28099185411186683,0.00032941545264158876,-0.0007694267999257303,2.736712996005167,-0.001757285259637495,0.004105394687034582
4.479895979195839,PASSED,-0.2809915251342051,0.0003285669040345706,-0.0009012964784131318,2.7367112410557457,-0.0017527577917631825,0.004808849999164551
4.480896179235847,PASSED,-0.2809911970707271,0.00032758693260932347,-0.001032421389803108,2.7367094909839245,-0.0017475292458293018,0.0055083432236910385
4.481896379275855,PASSED,-0.28099087005246337,0.0003264763127168529,-0.0011627522275820886,2.7367077464886855,-0.0017416037562563288,0.006203587139160904
4.482896579315863,PASSED,-0.28099054420964464,0.0003252358692648405,-0.0012922376016327012,2.736706008264744,-0.00173498572832036,0.006894321800507371
4.483896779355871,PASSED,-0.28099021967165116,0.00032386647832182,-0.001420826503945781,2.736704277002272,-0.0017276798364343332,0.007580271943039505
4.484896979395879,PASSED,-0.2809898965669625,0.0003223690658883457,-0.0015484697198265849,2.736702553386638,-0.0017196910172086798,0.008261184080729338
4.485897179435887,PASSED,-0.28098957502310734,0.0003207446072004436,-0.0016751179999524052,2.7367008380981432,-0.0017110244709756003,0.008936787667979387
4.486897379475895,PASSED,-0.28098925516661505,0.00031899412638756715,-0.0018007226881591803,2.736699131811748,-0.0017016856731317384,0.009606804627783452
4.487897579515903,PASSED,-0.2809889371229661,0.0003171186964745589,-0.0019252347295742878,2.7366974351968234,-0.001691680339948661,0.010271018886607041
4.488897779555911,PASSED,-0.2809886210165445,0.00031511943818130595,-0.0020486073357053186,2.736695748916881,-0.0016810144570765773,0.01092912552906773
4.489897979595919,PASSED,-0.28098830697059013,0.0003129975188156929,-0.002170794052218162,2.7366940736293364,-0.0016696942521133465,0.011580924586006146
4.490898179635927,PASSED,-0.2809879951071519,0.00031075415301393805,-0.002291746968112675,2.736692409985247,-0.0016577261964963756,0.01222614297094732
4.491898379675935,PASSED,-0.2809876855470411,0.0003083906016697589,-0.0024114209282234326,2.736690758629066,-0.001645117032309411,0.012864511664309585
4.492898579715943,PASSED,-0.28098737840978627,0.00030590817005522346,-0.002529772072076753,2.736689120198408,-0.001631873710904481,0.013495861232010279
4.493898779755951,PASSED,-0.2809870738135876,0.0003033082085607432,-0.0026467544427493097,2.7366874953237947,-0.0016180034390129872,0.014119878997816113
4.494898979795959,PASSED,-0.28098677187527304,0.00030059211243889286,-0.0027623239079176297,2.7366858846284257,-0.0016035136751475685,0.014736353777153918
4.495899179835967,PASSED,-0.2809864727102543,0.00029776131890153496,-0.0028764399569847967,2.736684288727954,-0.001588412064899622,0.015345114561808157
4.496899379875975,PASSED,-0.2809861764324841,0.0002948173081979279,-0.0029890578680219376,2.736682708230242,-0.0015727065095057946,0.015945849281839834
4.497899579915983,PASSED,-0.28098588315441386,0.0002917616033906939,-0.0031001361000421337,2.736681143735134,-0.001556405166890488,0.01653833817095137
4.498899779955991,PASSED,-0.280985592986952,0.0002885957676940806,-0.0032096354276606345,2.736679595834264,-0.0015395163276437245,0.017122506630638423
4.499899979995999,PASSED,-0.2809853060394236,0.00028532140446523697,-0.00331751509629905,2.7366780651107967,-0.0015220485680179775,0.017697928289153113
4.500900180036007,PASSED,-0.28098502241952994,0.00028194015786347885,-0.0034237342720640526,2.736676552139245,-0.0015040106856432447,0.01826451843178594
4.501900380076015,PASSED,-0.2809847422333094,0.00027845371024234065,-0.00352825652052095,2.7366750574852516,-0.001485411608426131,0.018822116407332085
4.502900580116023,PASSED,-0.2809844655850992,0.0002748637814384797,-0.0036310436594208335,2.736673581705381,-0.001466260529114568,0.01937038791438363
4.503900780156031,PASSED,-0.2809841925774976,0.0002711721295460361,-0.0037320573811254623,2.7366721253469186,-0.0014465668529371233,0.019909201686152102
4.504900980196039,PASSED,-0.28098392331132704,0.0002673805488300731,-0.0038312629391880687,2.736670688947677,-0.0014263401201832524,0.02043842013235038
4.505901180236047,PASSED,-0.28098365788559826,0.00026349086821769,-0.003928625727846481,2.7366692730358078,-0.0014055900858204104,0.02095777718316954
4.506901380276055,PASSED,-0.28098339639747494,0.00025950495242697054,-0.004024109165968147,2.736667878129607,-0.0013843267241000223,0.021467084745200503
4.507901580316063,PASSED,-0.28098313894223986,0.0002554247000284534,-0.004117681220216527,2.7366665047373293,-0.00136256015554599,0.02196622442658667
4.508901780356071,PASSED,-0.2809828856132607,0.0002512520420794384,-0.004209309101547391,2.736665153357023,-0.001340300658481748,0.022455012156012092
4.509901980396079,PASSED,-0.28098263650195826,0.0002469889415246606,-0.004298961523598095,2.736663824476348,-0.0013175587239807266,0.022933216064361005
4.510902180436087,PASSED,-0.2809823916977743,0.0002426373935294161,-0.004386605643008809,2.7366625185724067,-0.0012943450000040288,0.023400729251589276
4.511902380476095,PASSED,-0.2809821512881409,0.0002381994229254006,-0.004472213911353247,2.736661236111573,-0.0012706702801829146,0.023857380200797054
4.512902580516103,PASSED,-0.2809819153584507,0.00023367708366135771,-0.0045557561658359095,2.736659977549351,-0.0012465455193574736,0.024303014575203497
4.513902780556111,PASSED,-0.2809816839920275,0.0002290724593211388,-0.004637203123140952,2.7366587433302065,-0.0012219818333252823,0.024737467003516412
4.514902980596119,PASSED,-0.28098145727009893,0.00022438765982285243,-0.004716530415049986,2.736657533887419,-0.0011969904842382847,0.025160603809318463
4.515903180636127,PASSED,-0.2809812352717687,0.00021962482223304925,-0.004793709039638696,2.736656349642943,-0.0011715828650732966,0.02557229606876741
4.516903380676135,PASSED,-0.2809810180739908,0.00021478610974677977,-0.004868714784023336,2.736655191007265,-0.0011457705115025738,0.025972391905359677
4.517903580716143,PASSED,-0.28098080575154416,0.00020987370940226159,-0.004941524051514723,2.7366540583792576,-0.0011195651134994916,0.026360735401563355
4.518903780756151,PASSED,-0.28098059837700856,0.00020488983235361435,-0.0050121123800688895,2.7366529521460823,-0.0010929784343779285,0.026737308268229724
4.519903980796159,PASSED,-0.2809803960207411,0.00019983671316368599,-0.005080457063167972,2.7366518726830273,-0.0010660224048560504,0.027101843690977054
4.520904180836167,PASSED,-0.28098019875085395,0.00019471660760305494,-0.005146537892273086,2.736650820353408,-0.0010387090877505905,0.027454299381781837
4.521904380876175,PASSED,-0.2809800066331933,0.00018953179187896445,-0.005210334278635464,2.736649795508463,-0.0010110505757316942,0.027794653776972496
4.522904580916183,PASSED,-0.2809798197313185,0.00018428456323542068,-0.005271824886815923,2.736648798487219,-0.0009830591446262197,0.028122615991142325
4.523904780956191,PASSED,-0.28097963810648324,0.00017897723702428573,-0.005330993760680922,2.7366478296164085,-0.0009547471732338405,0.02843820832653713
4.524904980996199,PASSED,-0.2809794618176168,0.00017361214585008704,-0.005387822783210546,2.73664688921037,-0.000926127055621065,0.028741390470267747
4.525905181036207,PASSED,-0.28097929092130675,0.00016819164076298698,-0.005442293289693047,2.736645977570938,-0.0008972113624212105,0.029031895019578986
4.526905381076215,PASSED,-0.2809791254717827,0.0001627180877160539,-0.005494392885093043,2.736645094987385,-0.0008680127170654985,0.029309812246467597
4.527905581116223,PASSED,-0.28097896552090096,0.00015719386701757197,-0.005544105907407885,2.7366442417363057,-0.0008385438012040708,0.029574984938067837
4.528905781156231,PASSED,-0.28097881111812983,0.00015162137403772086,-0.005591417694813251,2.736643418081577,-0.0008088173930046432,0.029827357040334266
4.529905981196239,PASSED,-0.28097866231053703,0.00014600301625408775,-0.005636317842846329,2.736642624274249,-0.0007788463539089345,0.030066827132624943
4.530906181236247,PASSED,-0.2809785191427764,0.00014034121274377018,-0.005678793955298377,2.7366418605525147,-0.0007486435672248885,0.03029342638499341
4.531906381276255,PASSED,-0.28097838165707734,0.000134638393904303,-0.0057188354289130746,2.7366411271416218,-0.0007182219998325781,0.03050699473052169
4.532906581316263,PASSED,-0.2809782498932344,0.00012889699968846865,-0.005756433407115188,2.736640424253832,-0.0006875946878077333,0.030707523554393434
4.533906781356271,PASSED,-0.28097812388859755,0.0001231194789189345,-0.005791579011146788,2.7366397520883754,-0.0006567746634585974,0.030895024878964228
4.534906981396279,PASSED,-0.28097800367806464,0.00011730828770508177,-0.005824266015656699,2.736639110831389,-0.0006257750452054498,0.031069347169269623
4.535907181436287,PASSED,-0.2809778892940738,0.00011146588919773639,-0.0058544868351378355,2.736638500655902,-0.0005946089755592195,0.03123055129753731
4.536907381476295,PASSED,-0.2809777807665971,0.00010559475282838999,-0.005882236058818771,2.736637921721781,-0.0005632896119560365,0.03137857180694682
4.537907581516303,PASSED,-0.2809776781231357,9.969735142165422e-05,-0.005907511638680448,2.736637374175713,-0.0005318301586336917,0.031513374332610096
4.538907781556311,PASSED,-0.28097758138871554,9.377616207584833e-05,-0.005930307817222872,2.7366368581511855,-0.000500243824663404,0.03163497372873961
4.539907981596319,PASSED,-0.2809774905858843,8.783366515966522e-05,-0.005950622982156602,2.7366363737684645,-0.00046854383261491286,0.03174333759499218
4.540908181636327,PASSED,-0.28097740573470914,8.187234120241118e-05,-0.005968457940652348,2.7366359211345825,-0.000436743429079382,0.03183844749589001
4.541908381676335,PASSED,-0.2809773268527757,7.589467272292377e-05,-0.005983808838710792,2.7366355003433416,-0.00040485584190185544,0.031920346965284195
4.542908581716343,PASSED,-0.28097725395518813,6.990314107177533e-05,-0.005996680192773532,2.7366351114753,-0.0003728943132772166,0.03198898306420854
4.543908781756351,PASSED,-0.28097718705456975,6.390022599966552e-05,-0.0060070716583339725,2.736634754597784,-0.00034087207993032574,0.03204440020201234
4.544908981796359,PASSED,-0.28097712616106524,5.788840556076558e-05,-0.006014986292610595,2.7366344297649055,-0.0003088023362029761,0.032086639410907856
4.545909181836367,PASSED,-0.2809770712823433,5.187015397420476e-05,-0.006020428449194304,2.7366341370175618,-0.0002766982959327546,0.032115640843097246
4.546909381876375,PASSED,-0.28097702242360106,4.584794043004972e-05,-0.006023403607462196,2.7366338763834674,-0.0002445731424295488,0.032131495276611584
4.547909581916383,PASSED,-0.28097697958756845,3.9824229674529724e-05,-0.006023915520891864,2.736633647877177,-0.0002124400001783446,0.03213424023426588
4.548909781956391,PASSED,-0.2809769427745145,3.3801479793040845e-05,-0.006021972788553552,2.736633451500127,-0.0001803119758122909,0.03212388045391226
4.549909981996399,PASSED,-0.28097691198225433,2.7782140794940267e-05,-0.006017583137798599,2.7366332872406485,-0.00014820217081995776,0.03210042135128036
4.550910182036407,PASSED,-0.2809768872061565,2.176865494170706e-05,-0.006010754330189609,2.736633155074035,-0.00011612359309367596,0.03206401530961606
4.551910382076415,PASSED,-0.2809768684391524,1.5763455288743407e-05,-0.006001496534813017,2.7366330549625797,-8.408919710202341e-05,0.032014649779676885
4.552910582116423,PASSED,-0.28097685567174613,9.76896396825701e-06,-0.005989821177601982,2.7366329868556187,-5.211194702173803e-05,0.03195231694735771
4.553910782156431,PASSED,-0.28097684889202473,3.7875920215483582e-06,-0.0059757391261131,2.7366329506896006,-2.0204693235747322e-05,0.03187721167841272
4.554910982196439,PASSED,-0.28097684808567047,-2.178261203970002e-06,-0.005959262625121867,2.736632946388153,1.1619807141201508e-05,0.03178935950930624
4.555911182236447,PASSED,-0.28097685323597343,-8.126210295964251e-06,-0.005940406736575837,2.7366329738621333,4.334878409553453e-05,0.03168872191768423
4.556911382276455,PASSED,-0.2809768643238449,-1.405388332527893e-05,-0.005919183891140574,2.7366330330097184,7.49695903185747e-05,0.03157552909327745
4.557911582316463,PASSED,-0.28097688132783216,-1.995892364319799e-05,-0.00589561126910472,2.73663312371647,0.00010646968517375619,0.03144980536311753
4.558911782356471,PASSED,-0.2809769042241338,-2.58389906826251e-05,-0.005869704219642028,2.736633245855418,0.00013783654923881175,0.03131156986634757
4.559911982396479,PASSED,-0.28097693298661636,-3.169176041799169e-05,-0.005841480079182964,2.736633399287166,0.00016905780371312076,0.031161044212949927
4.560912182436487,PASSED,-0.28097696758683144,-3.7514926871189175e-05,-0.005810957369207169,2.7366335838599576,0.00020012115767152063,0.030998227122033203
4.561912382476495,PASSED,-0.2809770079940339,-4.330620257043504e-05,-0.00577815458593832,2.73663379940979,0.00023101438183853375,0.030823222196999716
4.562912582516503,PASSED,-0.28097705417520086,-4.906331928135563e-05,-0.005743091460908774,2.7366340457605096,0.00026172539580529965,0.030636208479943285
4.563912782556511,PASSED,-0.2809771060950519,-5.4784029640674514e-05,-0.005705789624925627,2.7366343227239227,0.00029224221991552347,0.03043723453041084
4.564912982596519,PASSED,-0.2809771637160697,-6.046610743972776e-05,-0.005666269915138327,2.736634630099901,0.0003225529568776497,0.030226405249936448
4.565913182636527,PASSED,-0.2809772269985216,-6.61073480700198e-05,-0.005624554440394508,2.7366349676765034,0.00035264586090807704,0.03000390321742131
4.566913382676535,PASSED,-0.2809772959004824,-7.17055703268497e-05,-0.0055806674677868345,2.736635335230087,0.0003825092988826527,0.029769794479345107
4.567913582716543,PASSED,-0.28097737037785747,-7.725861689158003e-05,-0.005534632629359309,2.7366357325254387,0.0004121317477840079,0.02952421851602863
4.568913782756551,PASSED,-0.2809774503844067,-8.276435417933402e-05,-0.005486473726683788,2.7366361593159096,0.0004415018504398823,0.029267358749105025
4.569913982796559,PASSED,-0.2809775358717701,-8.822067483683284e-05,-0.005436218611375497,2.7366366153435293,0.0004706083487321298,0.028999257987675744
4.570914182836567,PASSED,-0.28097762678949273,-9.362549749967974e-05,-0.005383892030494496,2.7366371003391636,0.0004994401382999966,0.028720143954660896
4.571914382876575,PASSED,-0.280977723085052,-9.897676697520536e-05,-0.005329521105546368,2.7366376140226456,0.0005279862778035445,0.028430136536139277
4.572914582916583,PASSED,-0.2809778247038843,-0.00010427245682548814,-0.005273135680107046,2.7366381561029205,0.0005562359358633272,0.02812933907554506
4.573914782956591,PASSED,-0.28097793158941364,-0.00010951056832652241,-0.005214762048319078,2.7366387262781946,0.0005841784454578304,0.02781795660714217
4.574914982996599,PASSED,-0.28097804368307977,-0.00011468913174181857,-0.005154430993280873,2.7366393242361005,0.0006118033313289963,0.027496172047181612
4.575915183036607,PASSED,-0.2809781609243683,-0.00011980620814083403,-0.005092173336171849,2.7366399496538367,0.0006391002274599126,0.027164045520072948
4.576915383076615,PASSED,-0.2809782832508407,-0.00012485988843578493,-0.0050280182674702625,2.736640602198342,0.0006660589387527938,0.026821821808086715
4.577915583116623,PASSED,-0.2809784105981651,-0.00012984829447669778,-0.004961997889874618,2.7366412815264596,0.0006926694832202533,0.02646969290704147
4.578915783156631,PASSED,-0.2809785429001479,-0.000134769580899219,-0.004894145444285615,2.7366419872850916,0.0007189219872108483,0.026107711379630607
4.579915983196639,PASSED,-0.2809786800887663,-0.00013962193469029558,-0.004824492688937176,2.7366427191113964,0.0007448067845872061,0.02573618804084245
4.580916183236647,PASSED,-0.2809788220942011,-0.00014440357579798785,-0.004753073386862307,2.736643476632935,0.000770314391429631,0.02535521937681343
4.581916383276655,PASSED,-0.28097896884486995,-0.00014911275795459315,-0.0046799213364339546,2.736644259467875,0.0007954354820236537,0.02496500473882864
4.582916583316663,PASSED,-0.280979120267462,-0.00015374777016839814,-0.004605072798719007,2.736645067225157,0.0008201609309639315,0.02456574507457716
4.583916783356671,PASSED,-0.28097927628697256,-0.0001583069357754406,-0.004528560812591435,2.736645899504687,0.0008444817957902514,0.024157611327481784
4.584916983396679,PASSED,-0.28097943682673815,-0.00016278861369929014,-0.004450422664688276,2.736646755897527,0.0008683893286178253,0.023740813827635283
4.585917183436687,PASSED,-0.28097960180847287,-0.00016719119978790212,-0.004370695037894451,2.7366476359860785,0.000891874961416948,0.023315512113447498
4.586917383476695,PASSED,-0.28097977115230477,-0.0001715131265466951,-0.004289414572725304,2.7366485393442828,0.0009149303296248223,0.022881938937492276
4.587917583516703,PASSED,-0.2809799447768129,-0.0001757528630252868,-0.0042066177491693535,2.736649465537825,0.0009375472897072555,0.02244030751239379
4.588917783556711,PASSED,-0.2809801225990649,-0.00017990891694793438,-0.004122344704966412,2.736650414124318,0.0009597178579573627,0.021990742075249464
4.589917983596719,PASSED,-0.28098030453465495,-0.00018397983426041284,-0.004036632384153108,2.73665138465352,0.000981434273798599,0.021533531685227203
4.590918183636727,PASSED,-0.28098049049774265,-0.00018796419919434534,-0.00394951996711877,2.7366523766675384,0.0010026890162814592,0.02106888301461543
4.591918383676735,PASSED,-0.28098068040109175,-0.00019186063580785048,-0.0038610477110960248,2.7366533897010283,0.0010234747180107103,0.020596914205674884
4.592918583716743,PASSED,-0.28098087415611,-0.0001956678080672465,-0.0037712552915960423,2.7366544232814176,0.0010437842502371902,0.020117944240349957
4.5939187837567514,PASSED,-0.2809810716728887,-0.00019938441940838483,-0.0036801820408331786,2.7366554769291027,0.0010636107109301795,0.019632138328082114
4.5949189837967594,PASSED,-0.28098127286024344,-0.0002030092140502977,-0.0035878697092993706,2.736656550157684,0.0010829473973415478,0.019139718466892743
4.5959191838367675,PASSED,-0.2809814776257547,-0.00020654097799143833,-0.0034943600957014847,2.736657642474168,0.0011017878283632741,0.01864090605828235
4.5969193838767755,PASSED,-0.28098168587580913,-0.00020997853760502415,-0.0033996926255086923,2.736658753379198,0.0011201257498470569,0.01813593176744955
4.5979195839167835,PASSED,-0.28098189751564084,-0.0002133207610783361,-0.0033039107051807937,2.736659882367255,0.0011379551093993988,0.017624978075603585
4.5989197839567915,PASSED,-0.28098211244937354,-0.0002165665594025755,-0.0032070567369451757,2.7366610289269135,0.0011552701152710318,0.017108357735652634
4.5999199839967995,PASSED,-0.2809823305800626,-0.00021971488516718123,-0.0031091717830461075,2.736662192541037,0.0011720651752329203,0.016586194779379396
4.6009201840368075,PASSED,-0.2809825518097379,-0.00022276473403557147,-0.003010300258619672,2.7366633726870218,0.0011883349165710334,0.01605877237726891
4.6019203840768155,PASSED,-0.2809827760394461,-0.00022571514459470004,-0.002910484092801167,2.7366645688370195,0.001204074227902021,0.015526337300133237
4.6029205841168235,PASSED,-0.2809830031692942,-0.0002285651986501341,-0.0028097673638559466,2.7366657804581704,0.0012192782111733027,0.01498908058538083
4.6039207841568315,PASSED,-0.28098323309849277,-0.0002313140213117713,-0.002708192860157994,2.7366670070128225,0.0012339421744436128,0.014447218393596167
4.6049209841968395,PASSED,-0.2809834657253997,-0.00023396078193086835,-0.0026058057917230774,2.7366682479587885,0.0012480617139071005,0.013901086843415306
4.6059211842368475,PASSED,-0.2809837009475635,-0.0002365046930946407,-0.0025026480784718173,2.7366695027495522,0.0012616326237035746,0.013350791765180258
4.6069213842768555,PASSED,-0.2809839386617682,-0.00023894501211739572,-0.0023987663189438736,2.7366707708345266,0.001274650925927843,0.012796642530327086
4.6079215843168635,PASSED,-0.2809841787640769,-0.0002412810406780609,-0.002294203388479391,2.736672051659272,0.0012871129069285203,0.012238873314243963
4.6089217843568715,PASSED,-0.28098442114987615,-0.00024351212386070252,-0.002189003045416495,2.73667334466574,0.00129901507081705,0.011677690938053738
4.6099219843968795,PASSED,-0.28098466571392117,-0.0002456376530630168,-0.0020832133069128415,2.736674649292519,0.001310354171798913,0.011113374344402766
4.6109221844368875,PASSED,-0.2809849123503797,-0.0002476570632990936,-0.0019768748555194,2.736675964975055,0.0013211271883520558,0.010546111358969365
4.6119223844768955,PASSED,-0.2809851609528772,-0.00024956983388093316,-0.0018700343993864092,2.736677291145909,0.0013313313517358944,0.009976198067084628
4.6129225845169035,PASSED,-0.28098541141454175,-0.0002513754908671688,-0.0017627387108017207,2.736678627234978,0.0013409641235417422,0.009403820965023065
4.6139227845569115,PASSED,-0.28098566362804894,-0.00025307360391935163,-0.0016550292797701414,2.7366799726697533,0.0013500232105898256,0.00882926443679064
4.6149229845969195,PASSED,-0.2809859174856668,-0.0002546637874337169,-0.001546953004095367,2.736681326875549,0.001358506567198571,0.008252751390048833
4.6159231846369275,PASSED,-0.28098617287930083,-0.0002561457021192503,-0.0014385558064921482,2.73668268927574,0.0013664123588007628,0.007674485076953453
4.6169233846769355,PASSED,-0.28098642970053933,-0.0002575190531715219,-0.0013298812161245688,2.7366840592920143,0.001373739027360134,0.0070947908809833055
4.6179235847169435,PASSED,-0.2809866878406981,-0.0002587835902767869,-0.0012209743646918675,2.736685436344603,0.0013804852459423352,0.006513837049679343
4.6189237847569515,PASSED,-0.2809869471908657,-0.0002599391089376579,-0.00111188152499047,2.736686819852523,0.0013866498983946395,0.005931862720721235
4.6199239847969595,PASSED,-0.28098720764194834,-0.0002609854495074159,-0.0010026465996030784,2.736688209233819,0.0013922321463029034,0.005349171366625934
4.6209241848369675,PASSED,-0.2809874690847151,-0.0002619224970871262,-0.0008933148997817365,2.736689603905798,0.0013972313751269832,0.004765933795715821
4.6219243848769755,PASSED,-0.28098773140984257,-0.0002627501815179933,-0.000783930784923917,2.7366910032852845,0.0014016472136841515,0.004182441731470399
4.6229245849169835,PASSED,-0.2809879945079595,-0.0002634684776370428,-0.0006745396751332489,2.7366924067888396,0.0014054795246899734,0.0035988905220558135
4.6239247849569916,PASSED,-0.280988258269692,-0.0002640774048677501,-0.0005651856010900442,2.7366938138330057,0.0014087283968994967,0.0030155266678352586
4.6249249849969996,PASSED,-0.2809885225857076,-0.00026457702717330354,-0.0004559134418624469,2.736695223834552,0.0014113941883196373,0.002432634588344148
4.625925185037008,PASSED,-0.28098878734675986,-0.0002649674524960657,-0.0003467665766953218,2.736696636210704,0.001413477476163589,0.0018503900143565179
4.626925385077016,PASSED,-0.28098905244373273,-0.0002652488334326837,-0.00023779050989979205,2.7366980503793807,0.0014149790553428165,0.001269038622475098
4.627925585117024,PASSED,-0.28098931776768454,-0.0002654213664805688,-0.00012902807320874346,2.7366994657594286,0.0014158999798084542,0.0006888483610794937
4.628925785157032,PASSED,-0.28098958320989165,-0.0002654852913298427,-2.052269998400828e-05,2.7367008817708625,0.0014162415430397349,0.00011003981141471589
4.62992598519704,PASSED,-0.2809898486618926,-0.0002654408921689291,8.768040151213352e-05,2.7367022978350843,0.0014160052357539117,-0.0004672053506483712
4.630926185237048,PASSED,-0.28099011401553103,-0.0002652884959539114,0.00019554009068809732,2.736703713375138,0.0014151928191750353,-0.0010425573976948247
4.631926385277056,PASSED,-0.28099037916299924,-0.0002650284722675662,0.00030301275011655255,2.736705127815913,0.0014138062631537335,-0.0016158884370399238
4.632926585317064,PASSED,-0.28099064399688095,-0.000264661234609918,0.00041005426266931927,2.736706540584392,0.0014118477557842905,-0.0021869199910447092
4.633926785357072,PASSED,-0.28099090841019403,-0.0002641872383459472,0.0005166242648384697,2.736707951109869,0.001409319739713846,-0.0027554134567111567
4.63492698539708,PASSED,-0.2809911722964326,-0.0002636069803107848,0.0006226805487117661,2.736709358824186,0.0014062248739244731,-0.0033211673444806028
4.635927185437088,PASSED,-0.28099143554960954,-0.00026292100072770555,0.000728178939324259,2.736710763161941,0.001402566014692461,-0.0038839871570326744
4.636927385477096,PASSED,-0.2809916980642976,-0.000262129880263438,0.0008330814808964011,2.736712163560727,0.0013983462721748367,-0.004443579424685313
4.637927585517104,PASSED,-0.280991959735671,-0.0002612342407113253,0.0009373449329236219,2.7367135594613354,0.0013935689673800586,-0.004999788374839822
4.638927785557112,PASSED,-0.28099222045954675,-0.00026023474546957634,0.0010409287809658003,2.736714950307991,0.0013882376254802584,-0.005552377583107107
4.63992798559712,PASSED,-0.2809924801324247,-0.0002591320977225198,0.0011437937244502783,2.7367163355485653,0.0013823560121292715,-0.006101103862906791
4.640928185637128,PASSED,-0.28099273865152813,-0.00025792704073921726,0.0012458991558707124,2.7367177146347794,0.0013759280815095263,-0.006645815124304042
4.641928385677136,PASSED,-0.28099299591484334,-0.0002566203575496313,0.0013472058787295223,2.7367190870224265,0.001368958002865996,-0.00718625432301484
4.642928585717144,PASSED,-0.28099325182115903,-0.00025521287008549367,0.0014476751877429965,2.7367204521715864,0.0013614501844396584,-0.007722194495219808
4.643928785757152,PASSED,-0.28099350627010566,-0.0002537054395735839,0.0015472673946874723,2.736721809546814,0.001353409193218807,-0.008253522371272266
4.64492898579716,PASSED,-0.2809937591621934,-0.000252098964848782,0.0016459462782115802,2.736723158617372,0.0013448398338869738,-0.008779917305540383
4.645929185837168,PASSED,-0.2809940103988501,-0.0002503943824940427,0.0017436730724243624,2.736724498857408,0.0013357471131485769,-0.009301256360301196
4.646929385877176,PASSED,-0.28099425988245963,-0.0002485926675124646,0.0018404095876805955,2.736725829746175,0.0013261362144072137,-0.009817326995404455
4.647929585917184,PASSED,-0.28099450751639793,-0.00024669483018219853,0.0019361224919896937,2.736727150768209,0.0013160125264604858,-0.010327928580943328
4.648929785957192,PASSED,-0.28099475320507017,-0.0002447019176168687,0.002030772614223224,2.736728461413545,0.0013053816518039164,-0.010832838706986658
4.6499299859972,PASSED,-0.2809949968539465,-0.00024261501342939923,0.0021243252363003246,2.736729761177892,0.001294249356891383,-0.01133193238289783
4.650930186037208,PASSED,-0.28099523836959767,-0.0002404352353276726,0.0022167466786774718,2.736731049562838,0.001282621606604181,-0.011824962223404472
4.651930386077216,PASSED,-0.28099547765972976,-0.00023816373598607474,0.0023080011168781483,2.736732326076013,0.0012705045438417084,-0.012311796455184544
4.652930586117224,PASSED,-0.28099571463321876,-0.0002358017028793327,0.0023980544333179407,2.7367335902313026,0.00125790451526967,-0.012792183316607421
4.653930786157232,PASSED,-0.2809959492001442,-0.00023335035611481334,0.0024868749853202976,2.7367348415490014,0.0012448280217723351,-0.01326603361782029
4.65493098619724,PASSED,-0.2809961812718223,-0.00023081094865032224,0.002574429117271637,2.7367360795560094,0.001231281744359685,-0.013733106609203108
4.655931186237248,PASSED,-0.2809964107608388,-0.0002281847666402851,0.0026606839385474703,2.7367373037859895,0.0012172725462847595,-0.014193259052073947
4.656931386277256,PASSED,-0.28099663758108073,-0.00022547312709639614,0.0027456099474499375,2.736738513779548,0.0012028074493141698,-0.014646322249600316
4.657931586317264,PASSED,-0.2809968616477679,-0.0002226773780427853,0.002829175124384816,2.7367397090844103,0.0011878936595688902,-0.015092101409065592
4.658931786357272,PASSED,-0.2809970828774836,-0.00021979889894600097,0.0029113484117173245,2.7367408892555596,0.0011725385127866448,-0.015530510364365268
4.65993198639728,PASSED,-0.2809973011882046,-0.00021683909777773372,0.002992103005967226,2.736742053855426,0.0011567495306014572,-0.015961296732402628
4.660932186437288,PASSED,-0.2809975164993308,-0.00021379941201716822,0.0030714075969643564,2.7367432024540213,0.0011405343899524693,-0.016384369926711426
4.661932386477296,PASSED,-0.28099772873171386,-0.0002106813085287867,0.003149234082659625,2.7367443346291096,0.0011239009014615703,-0.016799567533690534
4.662932586517304,PASSED,-0.28099793780768517,-0.00020748628045314888,0.0032255574042899813,2.7367454499663455,0.0011068570374870915,-0.017206728268337676
4.663932786557312,PASSED,-0.2809981436510837,-0.00020421584869651573,0.0033003479915286126,2.7367465480594158,0.0010894109007304313,-0.017605742415541886
4.66493298659732,PASSED,-0.2809983461872821,-0.00020087156089355793,0.003373581010577254,2.736747628510204,0.0010715707619674082,-0.017996402994677533
4.665933186637328,PASSED,-0.2809985453432134,-0.0001974549899767785,0.003445230854247555,2.736748690928914,0.0010533450166538747,-0.01837864019277059
4.666933386677336,PASSED,-0.2809987410473959,-0.00019396773376803068,0.0035152731117479522,2.736749734934196,0.0010347421557486399,-0.01875234138021108
4.667933586717344,PASSED,-0.2809989332299577,-0.00019041141408950157,0.003583684056383193,2.736750760153297,0.001015770856374818,-0.019117271369562205
4.668933786757352,PASSED,-0.28099912182266107,-0.0001867876772750602,0.0036504386531467955,2.736751766222184,0.0009964399195198097,-0.019473380511972435
4.66993398679736,PASSED,-0.2809993067589249,-0.00018309819157749259,0.003715517060514797,2.7367527527856517,0.0009767581988300955,-0.019820614141542053
4.670934186837368,PASSED,-0.2809994879738478,-0.000179344646880527,0.0037788964545994713,2.7367537194974627,0.0009567347316973471,-0.020158702460219217
4.671934386877376,PASSED,-0.28099966540422916,-0.00017552875578214319,0.0038405541942400116,2.736754666020446,0.000936378667065416,-0.020487639413072353
4.672934586917384,PASSED,-0.2809998389885904,-0.00017165224997504067,0.003900473549010844,2.7367555920266287,0.0009156992295787308,-0.020807302869093866
4.673934786957392,PASSED,-0.2810000086671949,-0.0001677168815002444,0.0039586317586532156,2.736756497197315,0.0008947057522905739,-0.021117593567532317
4.6749349869974,PASSED,-0.28100017438206765,-0.00016372442185187035,0.004015011574854554,2.7367573812232195,0.000873407710137227,-0.021418341210556677
4.675935187037408,PASSED,-0.28100033607701347,-0.00015967665963048848,0.004069595985733403,2.736758243804549,0.0008518146462604098,-0.021709545654324338
4.676935387077416,PASSED,-0.2810004936976351,-0.0001555754014962448,0.0041223662332504725,2.736759084651094,0.0008299361633474595,-0.02199110775203425
4.677935587117424,PASSED,-0.28100064719135015,-0.00015142247138889045,0.004173306023423598,2.7367599034823358,0.0008077820233340518,-0.02226282818765662
4.678935787157432,PASSED,-0.2810007965074074,-0.00014721970776541057,0.004222402023517371,2.7367607000275207,0.0007853620408930133,-0.022524751943292957
4.67993598719744,PASSED,-0.2810009415969019,-0.00014296896455945574,0.004269637327579769,2.7367614740257453,0.0007626860735601738,-0.022776777592537184
4.680936187237448,PASSED,-0.28100108241279037,-0.00013867211120674442,0.004314997369465667,2.736762225226032,0.0007397641068084854,-0.023018759524456017
4.681936387277456,PASSED,-0.2810012189099042,-0.00013433102885696848,0.004358472336649487,2.7367629533874136,0.000716606198319581,-0.023250674465203493
4.682936587317464,PASSED,-0.2810013510449632,-0.0001299476119331097,0.004400046648664971,2.7367636582789916,0.0006932224314081546,-0.023472495208908175
4.683936787357472,PASSED,-0.28100147877658727,-0.00012552376716080688,0.004439710188061355,2.7367643396800054,0.0006696229749281444,-0.023684097327411436
4.68493698739748,PASSED,-0.2810016020653084,-0.00012106141209260705,0.004477451654958832,2.736764997379892,0.0006458180730461676,-0.023885438251687336
4.685937187437488,PASSED,-0.2810017208735808,-0.00011656247377954674,0.004513262751794651,2.7367656311783475,0.000621818003457552,-0.02407649047990114
4.686937387477496,PASSED,-0.28100183516579097,-0.00011202888972261137,0.004547131593695827,2.7367662408853755,0.0005976330951624228,-0.02425718683861448
4.687937587517504,PASSED,-0.2810019449082668,-0.0001074626055888045,0.004579052493880912,2.7367668263213343,0.0005732737327206213,-0.024427479510592987
4.688937787557512,PASSED,-0.2810020500692854,-0.00010286557432813652,0.00460901710519269,2.7367673873169847,0.0005487503385889019,-0.024587337212470323
4.68993798759752,PASSED,-0.2810021506190808,-9.823975654517939e-05,0.004637018234800071,2.736767923713521,0.000524073362181145,-0.02473673587128126
4.690938187637528,PASSED,-0.28100224652985023,-9.358711900477303e-05,0.004663050410810559,2.7367684353626176,0.0004992533002694369,-0.024875612605326145
4.691938387677536,PASSED,-0.2810023377757601,-8.890963297674487e-05,0.00468710977283991,2.73676892212645,0.0004743006767320217,-0.0250039641588079
4.692938587717544,PASSED,-0.28100242433295075,-8.420927479780587e-05,0.004709190449671728,2.7367693838777245,0.00044922602396288755,-0.025121778509351683
4.693938787757552,PASSED,-0.28100250617954053,-7.948802504680878e-05,0.004729289285213977,2.736769820499704,0.00042403991532376597,-0.025228995392301574
4.69493898779756,PASSED,-0.28100258329562916,-7.474786604507998e-05,0.004747405479405364,2.7367702318862164,0.0003987529242855557,-0.025325654802149388
4.695939187837568,PASSED,-0.28100265566330007,-6.999078237065604e-05,0.004763535804436327,2.736770617941672,0.00037337563040270883,-0.02541171993664519
4.696939387877576,PASSED,-0.28100272326662207,-6.521876092479168e-05,0.004777678540149686,2.736770978581084,0.00034791865549679265,-0.025487144885430156
4.697939587917584,PASSED,-0.2810027860916504,-6.0433788002271144e-05,0.00478983584410111,2.7367713137300487,0.0003223925762067023,-0.025552035559863764
4.698939787957592,PASSED,-0.28100284412642645,-5.563784918114963e-05,0.004800007472468456,2.736771623324762,0.0002968079764759154,-0.025606309178069095
4.6999399879976,PASSED,-0.2810028973609769,-5.0832929970364887e-05,0.004808193702995598,2.7367719073120185,0.0002711754830472791,-0.02564994959568106
4.700940188037608,PASSED,-0.2810029457873126,-4.602101345556759e-05,0.0048143983893317605,2.7367721656491892,0.00024550565180236087,-0.025683085677743012
4.701940388077616,PASSED,-0.2810029893994257,-4.120407918977105e-05,0.004818624850106398,2.736772398304224,0.00021980903984262866,-0.025705629481058347
4.702940588117624,PASSED,-0.2810030281932866,-3.638410387713745e-05,0.004820875620985064,2.736772605255615,0.0001940962039116911,-0.025717640230857024
4.703940788157632,PASSED,-0.28100306216683985,-3.156306012980426e-05,0.004821155831565273,2.736772786492399,0.00016837766878188032,-0.02571913172911331
4.70494098819764,PASSED,-0.2810030913199997,-2.6742914499149227e-05,0.0048194721633815435,2.7367729420141087,0.00014266391374937674,-0.025710170568097084
4.705941188237648,PASSED,-0.2810031156546441,-2.1925627662601155e-05,0.004815829951992426,2.736773071830763,0.00011696540929173859,-0.02569072705066556
4.706941388277656,PASSED,-0.28100313517460845,-1.711315424623299e-05,0.004810235725951995,2.736773175962819,9.12925856891378e-05,-0.025660887970557614
4.707941588317664,PASSED,-0.28100314988567865,-1.2307441047090364e-05,0.004802698181269717,2.7367732544411387,6.565581396226884e-05,-0.025620694231076564
4.708941788357672,PASSED,-0.28100315979558294,-7.510425859069494e-06,0.004793226525854972,2.736773307306951,4.0065448121668005e-05,-0.025570146913616993
4.70994198839768,PASSED,-0.28100316491398336,-2.724038416491665e-06,0.004781828053726399,2.736773334611793,1.453177358379707e-05,-0.025509359620706898
4.710942188437688,PASSED,-0.2810031652524662,2.04980194667545e-06,0.004768515236127592,2.73677333641748,-1.0934962429106536e-05,-0.02543832027436808
4.711942388477696,PASSED,-0.2810031608245318,6.8091865104639635e-06,0.004753297448895794,2.7367733127960276,-3.6324582600286536e-05,-0.025357153435721272
4.712942588517704,PASSED,-0.2810031516455837,1.1552217433187212e-05,0.004736186571941555,2.736773263829606,-6.16269717989511e-05,-0.02526587970729342
4.713942788557712,PASSED,-0.28100313773291674,1.6277009603713766e-05,0.004717195902916557,2.7367731896104837,-8.683204761570099e-05,-0.025164539889720866
4.71494298859772,PASSED,-0.2810031191057049,2.0981690102771265e-05,0.004696336896484794,2.736773090240943,-0.0001119298389198937,-0.025053292247173942
4.715943188637728,PASSED,-0.2810030957849877,2.566440010755637e-05,0.004673625410318646,2.7367729658332265,-0.0001369104329384223,-0.02493212853276508
4.716943388677736,PASSED,-0.2810030677936569,3.0323294513767677e-05,0.004649073736806413,2.736772816509459,-0.0001617639582806707,-0.024801123215237305
4.717943588717744,PASSED,-0.2810030351564413,3.4956543472024825e-05,0.004622699105890967,2.7367726424015615,-0.00018648067512115922,-0.024660445923989333
4.718943788757752,PASSED,-0.28100299789989175,3.956233298937315e-05,0.004594516458319898,2.736772443651172,-0.00021105092168402541,-0.02451011365545077
4.71994398879776,PASSED,-0.2810029560523651,4.413886508201025e-05,0.004564542515515233,2.736772220409574,-0.0002354650643895211,-0.02435016207219233
4.720944188837768,PASSED,-0.28100290964400737,4.868435875611746e-05,0.004532794446501868,2.7367719728375897,-0.0002597136193825497,-0.024180816940252856
4.721944388877776,PASSED,-0.2810028587067365,5.319705105059444e-05,0.00449929085979373,2.736771701105492,-0.00028378721094820587,-0.024002107982591735
4.722944588917784,PASSED,-0.28100280327422433,5.767519759305228e-05,0.004464050330900569,2.7367714053929135,-0.00030767649399500224,-0.023814066422932812
4.723944788957792,PASSED,-0.2810027433818777,6.211707239297759e-05,0.00442709111260847,2.7367710858887464,-0.0003313722597600049,-0.023616898659715887
4.7249449889978,PASSED,-0.2810026790668191,6.65209694856033e-05,0.004388434412637197,2.7367707427910273,-0.0003548654463632743,-0.023410711898971724
4.725945189037808,PASSED,-0.2810026103678669,7.088520338620081e-05,0.004348100225904398,2.7367703763068496,-0.0003781470283300988,-0.02319549534539304
4.726945389077816,PASSED,-0.2810025373255143,7.520810973049307e-05,0.004306110423217512,2.7367699866522295,-0.0004012081299204803,-0.02297150575370708
4.727945589117824,PASSED,-0.2810024599819085,7.94880450638016e-05,0.004262485273369202,2.736769574052024,-0.00042403999254364463,-0.022738767202802504
4.728945789157832,PASSED,-0.2810023783808283,8.372338853012426e-05,0.0042172489282916465,2.736769138739781,-0.0004466339655043563,-0.022497443465984552
4.72994598919784,PASSED,-0.2810022925676623,8.791254257833764e-05,0.004170424128161191,2.7367686809576384,-0.00046898152862989744,-0.02224764289857876
4.730946189237848,PASSED,-0.281002202589385,9.205393209025983e-05,0.0041220331010961946,2.736768200956198,-0.0004910742749459426,-0.02198948192768947
4.731946389277856,PASSED,-0.2810021084945338,9.614600635954195e-05,0.004072101714739392,2.7367676989943965,-0.0005129039342341209,-0.021723110861837654
4.732946589317864,PASSED,-0.28100201033318434,0.000100187239296261,0.004020653751372157,2.7367671753393794,-0.000534462365541497,-0.02144864493773498
4.733946789357872,PASSED,-0.281001908156926,0.00010417612985911496,0.003967715103841821,2.7367666302663674,-0.0005557415555584638,-0.021166220069787973
4.73494698939788,PASSED,-0.28100180201883646,0.00010811120225416442,0.003913310589187907,2.736766064058519,-0.000576733637409809,-0.020875989705716625
4.735947189437888,PASSED,-0.2810016919734557,0.00011199100707506247,0.003857467642038132,2.7367654770067937,-0.0005974308841174322,-0.02057808470889424
4.736947389477896,PASSED,-0.28100157807675985,0.00011581412185644952,0.003800212874286339,2.736764869409818,-0.0006178256883138202,-0.020272617188050474
4.737947589517904,PASSED,-0.28100146038613405,0.00011957915084430776,0.003741573063572866,2.736764241573723,-0.0006379106251991187,-0.01995981668346387
4.738947789557912,PASSED,-0.28100133896034524,0.00012328472602893717,0.003681576598667092,2.736763593812026,-0.0006576783877722145,-0.01963972649951694
4.73994798959792,PASSED,-0.2810012138595143,0.0001269295074959291,0.003620251379208464,2.7367629264454565,-0.0006771218195657678,-0.019312568656244408
4.740948189637928,PASSED,-0.2810010851450875,0.00013051218418927584,0.003557626902772258,2.736762239801822,-0.0006962339371003693,-0.018978483453506292
4.741948389677936,PASSED,-0.28100095287980764,0.0001340314739713124,0.0034937317015460985,2.7367615342158356,-0.0007150079100401808,-0.018637632597348425
4.742948589717944,PASSED,-0.2810008171276851,0.00013748612396513214,0.003428595522002199,2.7367608100289855,-0.0007334370311173273,-0.01829011339701183
4.743948789757952,PASSED,-0.2810006779539681,0.0001408749112267739,0.003362248421401439,2.736760067589358,-0.000751514781674555,-0.017936175330704723
4.74494898979796,PASSED,-0.28100053542511216,0.0001441966436307304,0.0032947217256598924,2.7367593072514738,-0.0007692348303360494,-0.01757596421535411
4.745949189837968,PASSED,-0.2810003896087502,0.00014745015909282207,0.0032260446197128856,2.7367585293761447,-0.0007865909434687935,-0.01720954574433745
4.746949389877976,PASSED,-0.2810002405736611,0.0001506343270107457,0.0031562501167308123,2.736757734330292,-0.000803577090104953,-0.0168372138973741
4.747949589917984,PASSED,-0.2810000883897386,0.0001537480485081963,0.003085369084597135,2.736756922486782,-0.0008201874417754118,-0.01645911018584866
4.748949789957992,PASSED,-0.28099993312796,0.0001567902556396321,0.0030134324959948692,2.7367560942242584,-0.0008364162800223038,-0.016075323620920862
4.749949989998,PASSED,-0.28099977486035355,0.00015975991365565324,0.00294047502937195,2.736755249926982,-0.0008522580646612745,-0.01568609198433736
4.750950190038008,PASSED,-0.28099961365996645,0.00016265601991405335,0.0028665270777522675,2.736754389984639,-0.0008677074843689377,-0.015291638189880129
4.751950390078016,PASSED,-0.28099944960083206,0.00016547760423328927,0.002791622480224969,2.73675351479218,-0.0008827593538502354,-0.014892023675576092
4.752950590118024,PASSED,-0.2809992827579371,0.00016822373031690578,0.002715795152544218,2.736752624749644,-0.0008974086496443725,-0.014487477206511336
4.753950790158032,PASSED,-0.28099911320718834,0.00017089349444631682,0.002639076780655599,2.736751720261974,-0.0009116505839056096,-0.014078238964387568
4.75495099019804,PASSED,-0.2809989410253788,0.0001734860271251556,0.0025615032776275435,2.736750801738839,-0.0009254805221632348,-0.013664404453116787
4.755951190238048,PASSED,-0.28099876629015424,0.0001760004931627773,0.002483107877617776,2.7367498695944623,-0.0009388939738468515,-0.013246149837283398
4.756951390278056,PASSED,-0.28099858907997893,0.00017843609030554345,0.002403923319531732,2.7367489242474266,-0.0009518866886539362,-0.012823758120285626
4.757951590318064,PASSED,-0.28099840947410143,0.00018079205171010534,0.0023239867945820075,2.7367479661205083,-0.0009644545720975384,-0.012397300325813376
4.758951790358072,PASSED,-0.2809982275525201,0.00018306764537866465,0.002243331584544165,2.736746995640471,-0.0009765937080756712,-0.011967026413012416
4.75995199039808,PASSED,-0.2809980433959481,0.0001852621732332695,0.002161992034645319,2.7367460132379002,-0.0009883003861077262,-0.011533112444750283
4.760952190438088,PASSED,-0.28099785708577896,0.000187374972581343,0.002080004223692265,2.736745019347006,-0.0009995710662366623,-0.011095725251726512
4.761952390478096,PASSED,-0.280997668704051,0.0001894054164640716,0.0019974036554195355,2.736744014405443,-0.0010104023949463496,-0.01065506434832771
4.762952590518104,PASSED,-0.28099747833341243,0.0001913529125836483,0.0019142244290148056,2.7367429988541128,-0.0010207912268161419,-0.010211343550768623
4.763952790558112,PASSED,-0.2809972860570857,0.00019321690397713996,0.0018305027031429353,2.7367419731369838,-0.0010307345913183673,-0.009764711803196657
4.76495299059812,PASSED,-0.28099709195883193,0.00019499687018698704,0.001746275214316543,2.736740937700891,-0.0010402297062271431,-0.009315383645828604
4.765953190638128,PASSED,-0.2809968961229156,0.00019669232573738413,0.0016615757744507678,2.736739892995368,-0.0010492739712834826,-0.008863519330013425
4.766953390678136,PASSED,-0.2809966986340685,0.0001983028209463041,0.0015764414985660826,2.736738839472426,-0.0010578650095360393,-0.00840938420091875
4.767953590718144,PASSED,-0.2809964995774538,0.0001998279426949546,0.0014909085820401157,2.736737777586388,-0.0010660006102201224,-0.007953078339526087
4.768953790758152,PASSED,-0.2809962990386303,0.00020126731311889668,0.0014050116518767091,2.736736707793679,-0.0010736787470922498,-0.00749484256052859
4.76995399079816,PASSED,-0.2809960971035167,0.00020262059013552645,0.0013187872597984673,2.7367356305526496,-0.0010808976059941131,-0.007034869796086318
4.770954190838168,PASSED,-0.28099589385835483,0.00020388746901217386,0.0012322732878800578,2.7367345463233677,-0.0010876555679666256,-0.006573356756796912
4.771954390878176,PASSED,-0.2809956893896743,0.0002050676799887384,0.0011455027690208564,2.736733455567442,-0.0010939511795333163,-0.006110448106619847
4.772954590918184,PASSED,-0.28099548378425626,0.000206160988922891,0.0010585130442404159,2.7367323587478167,-0.0010997832006631168,-0.0056464031452541
4.773954790958192,PASSED,-0.28099527712909705,0.00020716719950358178,0.0009713422716576927,2.7367312563285915,-0.0011051505822542518,-0.005181367221722583
4.7749549909982,PASSED,-0.28099506951137254,0.00020808615002673974,0.0008840226908248327,2.7367301487748117,-0.001110052467713388,-0.004715564284079021
4.775955191038208,PASSED,-0.28099486101840176,0.00020891771462329625,0.0007965925337109783,2.7367290365522976,-0.0011144881779350168,-0.004249140846662223
4.776955391078216,PASSED,-0.28099465173761123,0.0002096618047923146,0.0007090885925566121,2.736727920127433,-0.00111845724399812,-0.0037823495407306442
4.777955591118224,PASSED,-0.28099444175649874,0.00021031836675933192,0.0006215442166578315,2.7367267999669895,-0.0011219593818491724,-0.0033153300579332264
4.778955791158232,PASSED,-0.28099423116259775,0.000210887382402369,0.000533996593956597,2.736725676537921,-0.001124994495750589,-0.002848303130405492
4.779955991198239,PASSED,-0.2809940200434416,0.00021136887035472408,0.0004464821912873814,2.7367245503071875,-0.0011275626795820908,-0.0023814376322323404
4.780956191238247,PASSED,-0.28099380848652766,0.0002117628842158648,0.00035903497437627557,2.736723421741546,-0.0011296642309633863,-0.0019149605473375926
4.781956391278255,PASSED,-0.28099359657928197,0.000212069512749008,0.00027169090565448364,2.7367222913073843,-0.0011312996145172905,-0.0014489988916149897
4.782956591318263,PASSED,-0.28099338440902377,0.00021228888071495055,0.00018448600613463914,2.7367211594705134,-0.0011324694931233814,-0.0009837984157416162
4.783956791358271,PASSED,-0.28099317206293034,0.00021242114770872307,9.74543188644483e-05,2.7367200266959864,-0.0011331747351872256,-0.0005195378292455256
4.784956991398279,PASSED,-0.2809929596280016,0.00021246650835669308,1.0631534040428331e-05,2.736718893447912,-0.001133416365174312,-5.635809231340527e-05
4.785957191438287,PASSED,-0.2809927471910257,0.00021242519224462275,-7.59478761441375e-05,2.7367177601892685,-0.0011331956045005972,0.000405506517733539
4.786957391478295,PASSED,-0.2809925348385437,0.00021229746348412604,-0.00016224935006511388,2.736716627381713,-0.0011325138802842094,0.0008658693488241352
4.787957591518303,PASSED,-0.28099232265681523,0.00021208362098083976,-0.0002482379387671049,2.7367154954854005,-0.0011313727816135975,0.0013245848851370673
4.788957791558311,PASSED,-0.28099211073178443,0.00021178399734989628,-0.00033388075906105934,2.736714364958808,-0.0011297740645990328,0.0017814717675163252
4.789957991598319,PASSED,-0.28099189914904554,0.0002113989592072091,-0.0004191430651045886,2.7367132362585385,-0.00112771970998639,0.002236276509394081
4.790958191638327,PASSED,-0.28099168799380897,0.00021092890761098754,-0.0005039906169661451,2.73671210983915,-0.0011252118563332683,0.0026889050822735457
4.791958391678335,PASSED,-0.280991477350868,0.00021037427643311234,-0.0005883915518145636,2.736710986152978,-0.0011222527926574523,0.0031391694048443397
4.792958591718343,PASSED,-0.28099126730456514,0.00020973553284839438,-0.0006723116066535813,2.7367098656499453,-0.0011188450386081098,0.003586810479007928
4.793958791758351,PASSED,-0.2809910579387592,0.00020901317738722812,-0.0007557180308413691,2.736708748777403,-0.0011149912607796933,0.004031756061355308
4.794958991798359,PASSED,-0.28099084933679247,0.000208207742612998,-0.0008385792698226087,2.736707635979934,-0.0011106942917691529,0.004473777643330504
4.795959191838367,PASSED,-0.2809906415814584,0.0002073197935066554,-0.0009208623306892585,2.7367065276992077,-0.0011059571451466183,0.004912725942004032
4.796959391878375,PASSED,-0.2809904347549691,0.00020634992796091372,-0.0010025343557766159,2.7367054243737767,-0.0011007830261249496,0.005348381074778341
4.797959591918383,PASSED,-0.28099022893892384,0.00020529877418531804,-0.001083566722141735,2.73670432643894,-0.001095175268516587,0.005780675297418612
4.798959791958391,PASSED,-0.28099002421427743,0.00020416699214436708,-0.0011639255868237614,2.7367032343265425,-0.001089137400339194,0.006209330097375856
4.799959991998399,PASSED,-0.28098982066130906,0.00020295527377670416,-0.0012435802215557058,2.7367021484648357,-0.0010826731204211899,0.006634246465089939
4.800960192038407,PASSED,-0.2809896183595916,0.00020166434033213793,-0.00132250225990658,2.7367010692782983,-0.0010757862630545903,0.007055264634272788
4.801960392078415,PASSED,-0.28098941738796096,0.00020029494328039173,-0.0014006602463059778,2.7366999971874737,-0.0010684808522989303,0.007472174836584878
4.802960592118423,PASSED,-0.28098921782448666,0.00019884786482014474,-0.0014780239362076726,2.7366989326088245,-0.0010607610520065992,0.007884883929495474
4.803960792158431,PASSED,-0.28098901974644147,0.00019732391639219578,-0.0015545647557764816,2.7366978759545537,-0.0010526311905302496,0.008293179840918785
4.804960992198439,PASSED,-0.28098882323027286,0.00019572393743904457,-0.0016302550847343542,2.736696827632473,-0.0010440957450507731,0.008696955905181492
4.805961192238447,PASSED,-0.2809886283515737,0.00019404879673234007,-0.0017050644546846253,2.7366957880458216,-0.001035159362327057,0.009096000602739372
4.806961392278455,PASSED,-0.28098843518505434,0.00019229939164779197,-0.0017789655044570987,2.7366947575931415,-0.0010258268171122198,0.009490241622902207
4.807961592318463,PASSED,-0.28098824380451437,0.0001904766464125719,-0.0018519317223953684,2.7366937366681054,-0.0010161030442336141,0.00987946038240815
4.808961792358471,PASSED,-0.2809880542828153,0.00018858151247760698,-0.0019239354100112956,2.736692725659392,-0.001005993123625888,0.010263560757938144
4.809961992398479,PASSED,-0.2809878666918537,0.00018661496869354005,-0.0019949493667706553,2.7366917249505263,-0.0009955022676770141,0.010642386076164372
4.810962192438487,PASSED,-0.28098768110253425,0.000184578020076643,-0.0020649481169812724,2.7366907349197396,-0.0009846358503823728,0.011015771440292931
4.811962392478495,PASSED,-0.2809874975847441,0.0001824716967109246,-0.002133906864876452,2.7366897559398407,-0.0009733993606918965,0.011383635190598526
4.812962592518503,PASSED,-0.2809873162073273,0.00018029705477164373,-0.002201798655550505,2.7366887883780677,-0.0009617984281193475,0.011745797493849219
4.813962792558511,PASSED,-0.2809871370380592,0.00017805517555566743,-0.002268599589593519,2.736687832595964,-0.0009498388284902055,0.012102134386003957
4.814962992598519,PASSED,-0.2809869601436228,0.00017574716333771886,-0.0023342873035186408,2.736686888949241,-0.0009375264504865797,0.012452540415373805
4.815963192638527,PASSED,-0.2809867855895838,0.00017337414705090835,-0.002398835609005106,2.7366859577876483,-0.0009248673191008414,0.012796858699314849
4.816963392678535,PASSED,-0.2809866134403675,0.0001709372796773591,-0.002462221883245359,2.7366850394548585,-0.0009118675778071718,0.01313499635657269
4.817963592718543,PASSED,-0.2809864437592361,0.00016843773507767534,-0.002524426410642711,2.736684134288334,-0.0008985334931148763,0.0134668102494441
4.818963792758551,PASSED,-0.28098627660826564,0.00016587671019153237,-0.0025854238698098664,2.7366832426192085,-0.0008848714594722021,0.013792182571494177
4.819963992798559,PASSED,-0.28098611204832463,0.00016325542456274315,-0.002645193468108781,2.7366823647721743,-0.0008708879710613983,0.014111025637010253
4.820964192838567,PASSED,-0.28098595013905214,0.00016057511755341664,-0.0027037160368049633,2.7366815010653704,-0.0008565896345235953,0.014423210471665006
4.821964392878575,PASSED,-0.28098579093883774,0.00015783704855381852,-0.0027609709747935807,2.7366806518102655,-0.0008419831831874831,0.014728611912410278
4.822964592918583,PASSED,-0.2809856345048006,0.00015504249865868459,-0.0028169358420274656,2.73667981731155,-0.0008270754480647394,0.0150271505962994
4.823964792958591,PASSED,-0.2809854808927702,0.00015219276721168938,-0.0028715951836403874,2.7366789978670405,-0.000811873346211,0.015318736025366042
4.824964992998599,PASSED,-0.28098533015726745,0.00014928917167983662,-0.0029249290973276647,2.7366781937675664,-0.0007963839207573062,0.015603218405912448
4.825965193038607,PASSED,-0.28098518235148573,0.00014633304946410166,-0.0029769176280064736,2.736677405296879,-0.0007806143066694885,0.01588054454242127
4.826965393078615,PASSED,-0.2809850375272732,0.0001433257545042804,-0.003027546514364466,2.736676632731552,-0.0007645717135149544,0.016150625562609468
4.827965593118623,PASSED,-0.28098489573511587,0.0001402686568072858,-0.003076798485414668,2.7366758763408936,-0.0007482634602823711,0.016413338345899114
4.828965793158631,PASSED,-0.28098475702412035,0.00013716314473181303,-0.003124654468844883,2.736675136386849,-0.0007316969593481192,0.01666860932648729
4.829965993198639,PASSED,-0.28098462144199826,0.00013401062128931532,-0.0031711027582662444,2.736674413123933,-0.0007148796708524,0.01691640794187379
4.830966193238647,PASSED,-0.2809844890350505,0.00013081250416368363,-0.0032161267038753505,2.7366737067991225,-0.0006978191792901624,0.01715654730914673
4.831966393278655,PASSED,-0.2809843598481525,0.0001275702266932017,-0.003259711314886304,2.736673017651798,-0.00068052313191565,0.017389047418089564
4.832966593318663,PASSED,-0.2809842339247401,0.00012428523549510323,-0.003301844453573266,2.7366723459136573,-0.0006629992258412301,0.017613811845306745
4.833966793358671,PASSED,-0.2809841113067956,0.00012095899031094024,-0.0033425123378894687,2.736671691808646,-0.0006452552648818411,0.017830727035443705
4.834966993398679,PASSED,-0.2809839920348356,0.00011759296383494196,-0.0033817025680708155,2.7366710555528884,-0.0006272991063337623,0.0180397795565021
4.835967193438687,PASSED,-0.2809838761478976,0.00011418864081319196,-0.0034194033242027845,2.736670437354622,-0.0006091386558238698,0.018240897812152913
4.836967393478695,PASSED,-0.28098376368352923,0.00011074751700890818,-0.003455604124337794,2.7366698374141363,-0.0005907819001479791,0.018433994251715657
4.837967593518703,PASSED,-0.28098365467777675,0.00010727109921529453,-0.0034902935731308876,2.736669255923709,-0.0005722368860936854,0.01861902725601261
4.838967793558711,PASSED,-0.2809835491651749,0.00010376090422947859,-0.0035234625942726456,2.736668693067557,-0.0005535116917169735,0.01879597245717806
4.839967993598719,PASSED,-0.2809834471787367,0.00010021845816168265,-0.003555101716811458,2.736668149021781,-0.0005346144583540757,0.01896474063337779
4.840968193638727,PASSED,-0.28098334874994496,9.664529598985141e-05,-0.003585202475177755,2.736667623954315,-0.0005155533863884725,0.019125292853753466
4.841968393678735,PASSED,-0.28098325390874346,9.304296066127436e-05,-0.00361375723084325,2.7366671180248843,-0.0004963367016293162,0.019277612696091625
4.842968593718743,PASSED,-0.2809831626835291,8.941300320273863e-05,-0.003640757610330715,2.736666631384968,-0.00047697266085807355,0.019421659488009967
4.8439687937587514,PASSED,-0.2809830751011448,8.575698085734212e-05,-0.0036661988354403678,2.736666164177751,-0.00045746958840747813,0.019557347758985686
4.8449689937987594,PASSED,-0.2809829911868733,8.207645661296084e-05,-0.0036900745170085716,2.7366657165380937,-0.0004378358324604249,0.019684694739098296
4.8459691938387675,PASSED,-0.2809829109644309,7.837300029215518e-05,-0.0037123775233370584,2.736665288592505,-0.0004180797387271261,0.019803693062765755
4.8469693938787755,PASSED,-0.2809828344559624,7.464818592311446e-05,-0.003733105599509818,2.736664880459109,-0.00039820971538200245,0.019914243533362255
4.8479695939187835,PASSED,-0.2809827616820367,7.090359107097829e-05,-0.0037522543538870525,2.736664492247625,-0.0003782341903334369,0.020016379392034354
4.8489697939587915,PASSED,-0.28098269266164266,6.714079780504315e-05,-0.0037698192073005224,2.736664124059338,-0.0003581615926682874,0.02011007651389294
4.8499699939987995,PASSED,-0.2809826274121863,6.336139074328214e-05,-0.0037857989647346597,2.7366637759870995,-0.0003380003618944723,0.020195333613763237
4.8509701940388075,PASSED,-0.28098256594948773,5.956695674217718e-05,-0.0038001906920184848,2.7366634481152916,-0.00031775898507690526,0.020272072286769603
4.8519703940788155,PASSED,-0.2809825082877796,5.575908423219887e-05,-0.003812993721951531,2.736663140519838,-0.00029744592599080934,0.020340383618980096
4.8529705941188235,PASSED,-0.28098245443970543,5.1939362684005745e-05,-0.003824206765687518,2.736662853268172,-0.0002770696635801029,0.020400181605190682
4.8539707941588315,PASSED,-0.2809824044163196,4.810938177260598e-05,-0.0038338303418746,2.7366625864192664,-0.0002566386743938446,0.02045152757363673
4.8549709941988395,PASSED,-0.28098235822708695,4.427073062420494e-05,-0.003841865019418666,2.7366623400236025,-0.00023616143746998765,0.020494376490670468
4.8559711942388475,PASSED,-0.2809823158798833,4.042499808162293e-05,-0.003848310891357565,2.7366621141231913,-0.00021564643314473972,0.02052875621496628
4.8569713942788555,PASSED,-0.28098227738099735,3.657377044184576e-05,-0.003853172138723563,2.736661908751574,-0.00019510211773757265,0.020554688201967607
4.8579715943188635,PASSED,-0.28098224273513206,3.271863193490229e-05,-0.0038564494190900848,2.736661723933837,-0.00017453694044696326,0.020572170016370576
4.8589717943588715,PASSED,-0.28098221194540773,2.886116460985414e-05,-0.0038581459290201936,2.7366615596866204,-0.00015395934621554338,0.020581210374786104
4.8599719943988795,PASSED,-0.28098218501336486,2.5002945924757707e-05,-0.00385826718914726,2.7366614160181406,-0.00013337774658947677,0.020581859126920274
4.8609721944388875,PASSED,-0.2809821619389683,2.11455496423605e-05,-0.0038568156778971668,2.7366612929282077,-0.00011280053218008409,0.020574117931040976
4.8619723944788955,PASSED,-0.28098214272061156,1.7290545010105055e-05,-0.0038537972684942927,2.7366611904082503,-9.22360808600036e-05,0.020558006912773492
4.8629725945189035,PASSED,-0.2809821273551223,1.3439494958649949e-05,-0.003849218573428981,2.7366611084413424,-7.169272800199974e-05,0.02053358348815746
4.8639727945589115,PASSED,-0.28098211583776755,9.593956995604325e-06,-0.0038430842227900512,2.7366610470022357,-5.1178776656852285e-05,0.020500863249807464
4.8649729945989195,PASSED,-0.28098210816226044,5.755482288499976e-06,-0.0038354016966472143,2.7366610060573913,-3.070250779144595e-05,0.02045987260913891
4.8659731946389275,PASSED,-0.2809821043207673,1.9256134693262266e-06,-0.003826180234191439,2.7366609855650212,-1.0272148626948547e-05,0.020410683534736393
4.8669733946789355,PASSED,-0.28098210430391496,-1.8941136085356611e-06,-0.0038154249736421873,2.736660985475122,1.0104111329961783e-05,0.02035331090502629
4.8679735947189435,PASSED,-0.2809821081007991,-5.7021717169552835e-06,-0.003803146864937912,2.7366610057295278,3.041812638682509e-05,0.020287817824754646
4.8689737947589515,PASSED,-0.28098211569899306,-9.497043432502106e-06,-0.003789354949286097,2.736661046261945,5.0661794084366494e-05,0.02021423427939924
4.8699739947989595,PASSED,-0.2809821270845573,-1.3277220678358974e-05,-0.0037740587769040453,2.7366611069980182,7.082707696516165e-05,0.0201326486150591
4.8709741948389675,PASSED,-0.2809821422420492,-1.7041205255636592e-05,-0.0037572684441933364,2.7366611878553684,9.090598453278521e-05,0.020043080202666545
4.8719743948789755,PASSED,-0.2809821611545339,-2.0787509995277474e-05,-0.003738995603272578,2.736661288743658,0.00011089057774250683,0.019945601881091665
4.8729745949189835,PASSED,-0.28098218380359535,-2.4514660176293907e-05,-0.003719253232845666,2.736661409564646,0.0001307729882404201,0.01984028290912768
4.8739747949589916,PASSED,-0.28098221016934793,-2.8221191555011897e-05,-0.003698050142632868,2.7366615502122613,0.00015054542283508737,0.01972720238502699
4.8749749949989996,PASSED,-0.2809822402304488,-3.190565294866645e-05,-0.0036754022276690077,2.7366617105726494,0.0001702001239229481,0.019606366889749878
4.875975195039008,PASSED,-0.28098227396411085,-3.556660735284023e-05,-0.0036513225218436315,2.736661890524255,0.0001897294201167967,0.019477915729914433
4.876975395079016,PASSED,-0.280982311346116,-3.920263032056534e-05,-0.0036258232649794284,2.736662089937891,0.00020912573255161803,0.019341910238092525
4.877975595119024,PASSED,-0.28098235235082913,-4.281231131477239e-05,-0.003598919480358791,2.7366623086768067,0.00022838152285862946,0.01919837701962406
4.878975795159032,PASSED,-0.28098239695121274,-4.639425575130999e-05,-0.0035706277406568174,2.736662546596781,0.0002474893602902184,0.01904747770623221
4.87997599519904,PASSED,-0.2809824451188417,-4.9947083734296475e-05,-0.0035409614778729257,2.7366628035461824,0.00026644188455256126,0.018889221966416618
4.880976195239048,PASSED,-0.28098249682391896,-5.34694307783994e-05,-0.0035099374215896008,2.7366630793660582,0.00028523179795389745,0.018723707691282593
4.881976395279056,PASSED,-0.2809825520352915,-5.6959949138761524e-05,-0.003477572319543814,2.7366633738902335,0.00030385193866236913,0.018551096053264396
4.882976595319064,PASSED,-0.2809826107204671,-6.041730831791732e-05,-0.00344388375223044,2.7366636869453806,0.00032229519898360293,0.01837136983321336
4.883976795359072,PASSED,-0.2809826728456311,-6.384019403495875e-05,-0.0034088870269154215,2.7366640183511213,0.0003405545542790139,0.01818467893687599
4.88497699539908,PASSED,-0.2809827383756641,-6.722731037988556e-05,-0.003372602556934397,2.7366643679201164,0.0003586231112306944,0.017991142294883578
4.885977195439088,PASSED,-0.28098280727416014,-7.057738032718272e-05,-0.003335048207538998,2.736664735458163,0.0003764940508172585,0.017790804447684442
4.886977395479096,PASSED,-0.2809828795034447,-7.38891441615387e-05,-0.0032962409189006307,2.7366651207642927,0.00039416064656558043,0.01758378994874693
4.887977595519104,PASSED,-0.28098295502459425,-7.716136264850006e-05,-0.0032562035323351504,2.736665523630874,0.0004116162973345718,0.017370224649154425
4.888977795559112,PASSED,-0.2809830337974553,-8.039281585549422e-05,-0.00321495299010017,2.736665943843716,0.0004288544951801996,0.017150179976610034
4.88997799559912,PASSED,-0.2809831157806646,-8.35823033283641e-05,-0.0031725104613830046,2.7366663811821734,0.000445868833104639,0.016923776556325695
4.890978195639128,PASSED,-0.28098320093166884,-8.672864583270565e-05,-0.0031288971996472456,2.7366668354192476,0.0004626530117553667,0.016691113380329064
4.891978395679136,PASSED,-0.280983289206746,-8.983068498369337e-05,-0.003084133785214703,2.736667306321715,0.00047920086814699553,0.0164523517324953
4.892978595719144,PASSED,-0.2809833805610263,-9.288728351756502e-05,-0.0030382416996429552,2.736667793650218,0.0004955063264126447,0.016207529287751637
4.893978795759152,PASSED,-0.2809834749485134,-9.589732561009922e-05,-0.0029912423544617085,2.7366682971594076,0.0005115634437247581,0.015956842661687936
4.89497899579916,PASSED,-0.2809835723221069,-9.885971834001509e-05,-0.0029431596468853095,2.736668816598021,0.0005273663715335546,0.015700317906868613
4.895979195839168,PASSED,-0.2809836726336245,-0.00010177339136790731,-0.0028940152818968537,2.736669351709047,0.0005429094156559552,0.015438194932755242
4.896979395879176,PASSED,-0.2809837758338242,-0.00010463729592678427,-0.002843830743530342,2.7366699022298056,0.0005581869831230293,0.015170482489953273
4.897979595919184,PASSED,-0.28098388187242834,-0.00010745040785819273,-0.0027926327233272217,2.7366704678921,0.0005731935943902766,0.01489736378544324
4.898979795959192,PASSED,-0.28098399069814606,-0.00011021172657698283,-0.0027404427157653433,2.7366710484223247,0.0005879239250926675,0.014618975313689138
4.8999799959992,PASSED,-0.28098410225869774,-0.0001129202741975419,-0.0026872842237549125,2.7366716435416016,0.0006023727602363198,0.014335408363627905
4.900980196039208,PASSED,-0.2809842165008388,-0.00011557509853896603,-0.002633184419870243,2.736672252965908,0.000616535014153478,0.014046817619511652
4.901980396079216,PASSED,-0.2809843333703845,-0.00011817527169968746,-0.0025781656546222434,2.7366728764061983,0.0006304057324877858,0.013753318810838659
4.902980596119224,PASSED,-0.2809844528122341,-0.00012071988967023743,-0.002522252847835132,2.736673513568547,0.0006439801049492222,0.013455074895168331
4.903980796159232,PASSED,-0.28098457477039634,-0.00012320807462229264,-0.002465473021535223,2.7366741641542762,0.0006572534463938721,0.013152185810970838
4.90498099619924,PASSED,-0.28098469918801483,-0.0001256389747690968,-0.0024078515636500827,2.736674827860089,0.0006702211950075136,0.012844790482088609
4.905981196239248,PASSED,-0.28098482600739333,-0.0001280117623374177,-0.0023494115714347025,2.736675504378219,0.0006828789639221299,0.01253308786963463
4.906981396279256,PASSED,-0.2809849551700221,-0.00013032563687718124,-0.0022901831853161026,2.7366761933965464,0.000695222465982461,0.012217111520795363
4.907981596319264,PASSED,-0.28098508661660354,-0.0001325798244539873,-0.002230190504466029,2.7366768945987587,0.0007072475633887236,0.01189708799657439
4.908981796359272,PASSED,-0.28098522028707906,-0.00013477357643418785,-0.002169459630690193,2.7366776076644768,0.0007189502822516386,0.011573139440475402
4.90998199639928,PASSED,-0.28098535612065545,-0.00013690617173000617,-0.0021080190725704115,2.736678332269407,0.0007303267679829301,0.011245383258502075
4.910982196439288,PASSED,-0.28098549405583184,-0.0001389769164422294,-0.002045895138658438,2.7366790680854813,0.0007413733167097205,0.010913992372316127
4.911982396479296,PASSED,-0.28098563403042665,-0.00014098514316512073,-0.0019831144457132964,2.736679814780999,0.0007520863728709297,0.010579098687137804
4.912982596519304,PASSED,-0.280985775981605,-0.00014293021231452763,-0.0019197056185359233,2.736680572020769,0.0007624625121732338,0.010240833045748387
4.913982796559312,PASSED,-0.280985919845906,-0.0001448115118120474,-0.0018556954168422752,2.7366813394662697,0.0007724984833167501,0.009899396542028087
4.91498299659932,PASSED,-0.28098606555927075,-0.00014662845717666604,-0.0017911119964695592,2.7366821167757793,0.0007821911637889247,0.009554869758939181
4.915983196639328,PASSED,-0.28098621305706956,-0.00014838049184874165,-0.0017259831224796804,2.7366829036045432,0.0007915375848548202,0.009207455270532997
4.916983396679336,PASSED,-0.2809863622741305,-0.00015006708751188545,-0.0016603373569198698,2.7366836996049004,0.0008005349207821884,0.008857256365258425
4.917983596719344,PASSED,-0.280986513144767,-0.00015168774333863613,-0.0015942014733045637,2.736684504426456,0.0008091805104444472,0.008504478526925614
4.918983796759352,PASSED,-0.2809866656028065,-0.000153241987617282,-0.0015276061488734127,2.736685317716215,0.0008174718354896159,0.008149222723997429
4.91998399679936,PASSED,-0.2809868195816184,-0.00015472937702886482,-0.0014605782533891206,2.7366861391187385,0.0008254065132960398,0.00779164786137472
4.920984196839368,PASSED,-0.2809869750141428,-0.0001561494955033445,-0.0013931452885400767,2.7366869682763015,0.0008329823485163668,0.007431960126295364
4.921984396879376,PASSED,-0.2809871318329189,-0.00015750195693257368,-0.001325338856355269,2.736687804829042,0.0008401972830599468,0.0070702508217696325
4.922984596919384,PASSED,-0.28098728997011363,-0.00015878640397960257,-0.0012571858408113117,2.7366886484151034,0.0008470493772303755,0.006706656402867983
4.923984796959392,PASSED,-0.2809874493575504,-0.0001600025064607071,-0.001188713574633348,2.7366894986708017,0.0008535368926024355,0.006341421351521484
4.9249849969994,PASSED,-0.2809876099267378,-0.0001611499641433102,-0.0011199537545829238,2.7366903552307744,0.0008596582433051043,0.005974636936766788
4.925985197039408,PASSED,-0.2809877716088984,-0.0001622285060222332,-0.0010509339618163917,2.7366912177281284,0.0008654119490853369,0.005606418342543058
4.926985397079416,PASSED,-0.2809879343349976,-0.00016323788902425628,-0.0009816823621608833,2.7366920857946075,0.0008707967334764613,0.005237028423511901
4.927985597119424,PASSED,-0.28098809803577257,-0.0001641778989188483,-0.0009122282495460731,2.7366929590607203,0.00087581144957221,0.004866507877240032
4.928985797159432,PASSED,-0.28098826264176074,-0.00016504835096917342,-0.0008426012508444665,2.736693837155929,0.0008804551078350829,0.004495091853294818
4.92998599719944,PASSED,-0.2809884280833293,-0.0001658490892893913,-0.0007728296998000998,2.7366947197087788,0.000884726889017698,0.004122907402161881
4.930986197239448,PASSED,-0.28098859429070355,-0.00016657998618215482,-0.0007029416880725152,2.736695606347055,0.0008886260948526647,0.003750071456836554
4.931986397279456,PASSED,-0.2809887611939957,-0.00016724094300343484,-0.0006329669100849994,2.736696496697936,0.0008921521921126736,0.0033767811287907894
4.932986597319464,PASSED,-0.28098892872323417,-0.00016783189051171598,-0.0005629345737451929,2.73669739038817,0.0008953048515039747,0.003003244899641235
4.933986797359472,PASSED,-0.28098909680839157,-0.00016835278728875784,-0.0004928715792396713,2.7366982870441916,0.0008980838191146873,0.0026294494180934638
4.93498699739948,PASSED,-0.2809892653794143,-0.0001688036210830076,-0.000422808604256493,2.7366991862922956,0.0009004890098763383,0.0022556849906894914
4.935987197439488,PASSED,-0.2809894343662503,-0.00016918440821331448,-0.00035277281434048757,2.736700087758793,0.0009025205626621721,0.0018821313159301542
4.936987397479496,PASSED,-0.28098960369887804,-0.0001694951931685389,-0.0002827930491469968,2.7367009910701494,0.0009041786860591318,0.0015087847843125585
4.937987597519504,PASSED,-0.28098977330733493,-0.00016973604908355572,-0.0002128978255967231,2.7367018958531535,0.0009054637579577462,0.0011359299748157441
4.938987797559512,PASSED,-0.2809899431217456,-0.00016990707748152625,-0.0001431154462197337,2.7367028017350497,0.0009063763433824303,0.0007636890579298213
4.93998799759952,PASSED,-0.28099011307234983,-0.00017000840766189703,-7.347333647144534e-05,2.7367037083436987,0.0009069171176154221,0.00039216434969963776
4.940988197639528,PASSED,-0.28099028308953133,-0.00017004019720225465,-4.000342948434806e-06,2.73670461530773,0.000907086919464602,2.156018216673571e-05
4.941988397679536,PASSED,-0.280990453103845,-0.00017000263178117757,6.527593042741984e-05,2.7367055222566887,0.0009068867539191224,-0.00034798269724357965
4.942988597719544,PASSED,-0.280990623046045,-0.00016989592397714535,0.00013432905310212993,2.7367064288211767,0.0009063177409020576,-0.0007163665636123139
4.943988797759552,PASSED,-0.28099079284711237,-0.00016972031477830484,0.0002031292959994499,2.7367073346330115,0.0009053811666702771,-0.001083379343892592
4.94498899779956,PASSED,-0.2809909624382826,-0.0001694760725336181,0.00027165087714491916,2.736708239325363,0.0009040784694708619,-0.001448909103096891
4.945989197839568,PASSED,-0.2809911317510729,-0.0001691634923298639,0.00033986642149372575,2.736709142532905,0.000902411216565571,-0.0018128154400869382
4.946989397879576,PASSED,-0.28099130071730904,-0.00016878289607311233,0.00040774948025680286,2.7367100438919594,0.0009003811281446757,-0.002174937074767465
4.947989597919584,PASSED,-0.2809914692691524,-0.00016833463287143532,0.00047527234929050933,2.7367109430406362,0.0008979900670684799,-0.0025351437438145006
4.948989797959592,PASSED,-0.2809916373391269,-0.00016781907897621387,0.0005424082591753988,2.7367118396189745,0.000895240030674799,-0.002893298160258421
4.9499899979996,PASSED,-0.28099180486014497,-0.0001672366357547752,0.0006091331962808481,2.736712733269095,0.0008921331761025415,-0.003249225513590135
4.950990198039608,PASSED,-0.2809919717655341,-0.0001665877310913874,0.0006754189747924208,2.736713623635326,0.0008886717777192018,-0.003602846963172667
4.951990398079616,PASSED,-0.2809921379890628,-0.00016587281954443556,0.0007412399283915061,2.73671451036435,0.0008848582524217357,-0.003953977520328265
4.952990598119624,PASSED,-0.2809923034649662,-0.00016509238029224213,0.0008065721347280597,2.7367153931053334,0.0008806951618341426,-0.004302499299103064
4.953990798159632,PASSED,-0.28099246812797146,-0.00016424691787803188,0.0008713892671983631,2.736716271510076,0.000876185205515536,-0.0046482609982755685
4.95499099819964,PASSED,-0.2809926319133233,-0.00016333696248401676,0.0009356661452262925,2.7367171452331336,0.0008713312042888173,-0.0049911613790140225
4.955991198239648,PASSED,-0.28099279475680844,-0.00016236306883610894,0.0009993786496954996,2.73671801393195,0.0008661361071189248,-0.005331054363811544
4.956991398279656,PASSED,-0.2809929565947805,-0.00016132581579670014,0.0010625026325509531,2.7367188772669975,0.0008606030168169343,-0.005667780927443333
4.957991598319664,PASSED,-0.28099311736418425,-0.00016022580645571298,0.0011250138132779287,2.7367197349019037,0.0008547351563473918,-0.006001246830941915
4.958991798359672,PASSED,-0.28099327700257964,-0.0001590636684021912,0.0011868875470176488,2.736720586503567,0.0008485358429972364,-0.0063313576962975545
4.95999199839968,PASSED,-0.28099343544816535,-0.00015784005200899392,0.0012481022906503823,2.7367214317423025,0.0008420085672158054,-0.006657887838186891
4.960992198439688,PASSED,-0.2809935926398023,-0.0001565556307962034,0.001308633827550611,2.7367222702919562,0.0008351569353389052,-0.006980794569375787
4.961992398479696,PASSED,-0.28099374851703657,-0.00015521110194220827,0.0013684588716248332,2.736723101830026,0.0008279846358604507,-0.0072999694178403
4.962992598519704,PASSED,-0.28099390302012217,-0.00015380718432409085,0.001427556782445805,2.7367239260377905,0.0008204955183504567,-0.007615216238096441
4.963992798559712,PASSED,-0.28099405609004313,-0.00015234461892964235,0.0014859044691169388,2.736724742600421,0.0008126935491823971,-0.007926471121368458
4.96499299859972,PASSED,-0.2809942076685359,-0.00015082416943675884,0.0015434795087278868,2.7367255512070967,0.0008045827731705663,-0.00823364593880577
4.965993198639728,PASSED,-0.2809943576981103,-0.00014924661994338454,0.0016002628164718965,2.736726351551128,0.0007961673848566991,-0.008536549897241466
4.966993398679736,PASSED,-0.28099450612207133,-0.0001476127757224837,0.0016562318238534054,2.736727143330067,0.0007874516976994705,-0.008835111997220023
4.967993598719744,PASSED,-0.2809946528845397,-0.00014592346346729257,0.0017113658760829033,2.736727926245812,0.0007784400939510989,-0.009129264915805865
4.968993798759752,PASSED,-0.28099479793047233,-0.0001441795293499402,0.0017656462781987174,2.7367287000047313,0.0007691371015599867,-0.009418810707983174
4.96999399879976,PASSED,-0.2809949412056824,-0.00014238183909353328,0.0018190529085456595,2.736729464317752,0.0007595473460879507,-0.009703718648071366
4.970994198839768,PASSED,-0.28099508265685885,-0.00014053127885156895,0.0018715651309100744,2.736730218900475,0.0007496755323414989,-0.0099838771453722
4.971994398879776,PASSED,-0.2809952222315859,-0.00013862875339305938,0.001923165676909253,2.7367309634732844,0.0007395265100478508,-0.010259119059165343
4.972994598919784,PASSED,-0.2809953598783615,-0.0001366751853554147,0.001973836278134989,2.73673169776142,0.0007291051827284919,-0.010529466159487888
4.973994798959792,PASSED,-0.28099549554661596,-0.00013467151646333884,0.0020235573013697296,2.736732421495118,0.0007184165835083688,-0.01079468792721321
4.9749949989998,PASSED,-0.2809956291867296,-0.0001326187057669869,0.002072312959673397,2.736733134409668,0.0007074658366216823,-0.011054786193002144
4.975995199039808,PASSED,-0.2809957607500508,-0.00013051772978141038,0.00212008466951197,2.7367338362455276,0.0006962581307877953,-0.011309652261143648
4.976995399079816,PASSED,-0.28099589018891236,-0.00012836958168170208,0.0021668570531725388,2.7367345267484056,0.000684798774617961,-0.011559158775628109
4.977995599119824,PASSED,-0.28099601745664854,-0.00012617527080075754,0.00221261343279252,2.7367352056693535,0.0006730931607863086,-0.011803250535668618
4.978995799159832,PASSED,-0.2809961425076113,-0.00012393582314268727,0.002257337141588826,2.7367358727648483,0.0006611467441495092,-0.012041860704219894
4.97999599919984,PASSED,-0.28099626529718574,-0.00012165227957023822,0.0023010145263558392,2.7367365277968863,0.000648965093307923,-0.012274844266497184
4.980996199239848,PASSED,-0.2809963857818052,-0.00011932569551740106,0.00234363040382469,2.7367371705330488,0.0006365538389690771,-0.012502194387078133
4.981996399279856,PASSED,-0.2809965039189665,-0.00011695714237516199,0.0023851683011819934,2.736737800746588,0.0006239186719248137,-0.012723815482386843
4.982996599319864,PASSED,-0.28099661966724376,-0.00011454770434660551,0.0024256178468061588,2.736738418216514,0.0006110654086813945,-0.012939561750773956
4.983996799359872,PASSED,-0.28099673298630257,-0.00011209847916370762,0.0024649634069590334,2.736739022727649,0.0005979998946888047,-0.013149482153800367
4.98499699939988,PASSED,-0.2809968438369129,-0.00010961057842241237,0.0025031922975193937,2.736739614070709,0.0005847280371016888,-0.013353441209326349
4.985997199439888,PASSED,-0.2809969521809623,-0.00010708512594124864,0.002540292603593305,2.7367401920423764,0.0005712558641549068,-0.013551327438418888
4.986997399479896,PASSED,-0.2809970579814681,-0.00010452325745192366,0.0025762524131460953,2.7367407564453563,0.0005575894252192569,-0.013743179933804021
4.987997599519904,PASSED,-0.2809971612025893,-0.00010192612042877887,0.0026110600964772603,2.7367413070884434,0.0005437348189576165,-0.013928890480197905
4.988997799559912,PASSED,-0.2809972618096376,-9.929487336606991e-05,0.0026447050401967823,2.736741843786585,0.0005296982533008021,-0.014108349107892182
4.98999799959992,PASSED,-0.28099735976908863,-9.663068537410079e-05,0.0026771766264839987,2.7367423663609385,0.0005154859661372182,-0.014281579200711748
4.990998199639928,PASSED,-0.28099745504859236,-9.393473597432842e-05,0.0027084645819646265,2.736742874638916,0.0005011042143882371,-0.014448533447827126
4.991998399679936,PASSED,-0.2809975476169825,-9.120821389985254e-05,0.0027385604028167193,2.7367433684542566,0.0004865593718813571,-0.014609048546248626
4.992998599719944,PASSED,-0.2809976374442861,-8.845231666771176e-05,0.002767455118356811,2.736743847647062,0.0004718578378818506,-0.014763190968345098
4.993998799759952,PASSED,-0.28099772450173227,-8.566825095317798e-05,0.0027951394453184434,2.7367443120638435,0.00045700601031697534,-0.014910918629228739
4.99499899979996,PASSED,-0.28099780876176067,-8.285723157999949e-05,0.0028216059917518586,2.736744761557571,0.00044201038576222886,-0.015052095171758323
4.995999199839968,PASSED,-0.2809978901980289,-8.002047980077437e-05,0.0028468489708739424,2.7367451959877145,0.00042687750404207906,-0.015186739419077442
4.996999399879976,PASSED,-0.28099796878542005,-7.715922473778751e-05,0.0028708591243954778,2.7367456152202787,0.00041161389003427465,-0.015314863733622406
4.997999599919984,PASSED,-0.2809980445000495,-7.427470245368777e-05,0.002893631057235908,2.7367460191278425,0.00039622614046519125,-0.015436340126057465
4.998999799959992,PASSED,-0.28099811731927077,-7.136815367385329e-05,0.0029151605949002146,2.736746407589597,0.0003807209066702668,-0.015551162907502475
5.0,PASSED,-0.2809981872216816,-6.844082521986595e-05,0.0029354403600454397,2.736746780491356,0.00036510480022583405,-0.015659402135719588
