time,status,q_yH,dq_yH,ddq_yH,q_phiO,dq_phiO,ddq_phiO
0.0,PASSED,-0.2975251164514478,0.0,0.0,2.8261232473679443,0.0,0.0
0.0010002000400080016,PASSED,-0.29752365990095264,0.002171255396534608,3.6187589942243474,2.826115248982602,-0.011923058895605262,-19.87176482600877
0.002000400080016003,PASSED,-0.2975197325391364,0.005710601107650962,3.4864035223776924,2.8260936827017034,-0.0313585597563869,-19.144658217296886
0.0030006001200240046,PASSED,-0.2975123303497844,0.009120065225919073,3.3581711821950573,2.8260530356160625,-0.0500801572666953,-18.439557038982752
0.004000800160032006,PASSED,-0.2975015812036726,0.012403695232667326,3.233935889783715,2.8259940107536274,-0.06810966707394912,-17.756144986101216
0.005001000200040008,PASSED,-0.2974876089839772,0.015565417236002521,3.113579412369514,2.82591728957766,-0.08546845017248628,-17.093875173494446
0.006001200240048009,PASSED,-0.2974705337023072,0.018609045932035582,2.996994885142096,2.825823532579296,-0.10217714860820888,-16.451913943874715
0.007001400280056011,PASSED,-0.29745047161176197,0.021538285046653942,2.884068600935871,2.8257133798575125,-0.11825581962547689,-15.829842399530213
0.008001600320064013,PASSED,-0.2974275353170645,0.024356726840631993,2.7746905893395044,2.82558745168642,-0.13372406739239986,-15.22718467851814
0.009001800360072015,PASSED,-0.2974018338818212,0.0270678593300759,2.6687604228468422,2.8254463490700483,-0.1486008768756968,-14.64322601981616
0.010002000400080016,PASSED,-0.29737347293295696,0.029675068432735617,2.5661748892016303,2.8252906542845886,-0.16290466772711018,-14.077500739144835
0.011002200440088018,PASSED,-0.29734255476237886,0.03218163790697982,2.466832530939246,2.825120931408207,-0.17665341063008472,-13.529571012194326
0.012002400480096018,PASSED,-0.2973091784259204,0.034590754590957874,2.3706394526706007,2.824937726838583,-0.1898645321827325,-12.998821912950081
0.01300260052010402,PASSED,-0.2972734398396197,0.03690551128603743,2.27750152335219,2.8247415697981717,-0.20255492766881866,-12.484777868176883
0.014002800560112022,PASSED,-0.29723543187338314,0.03912890725230032,2.1873255948700137,2.8245329728273787,-0.21474105339758115,-11.987024302486233
0.015003000600120024,PASSED,-0.29719524444209033,0.04126385209151377,2.1000243354424155,2.824312432265799,-0.22643887923747183,-11.505026864826965
0.016003200640128026,PASSED,-0.2971529645941936,0.043313168805827945,2.0155116335620145,2.8240804287215995,-0.23766388353829365,-11.0383225914851
0.017003400680136026,PASSED,-0.297108676597863,0.045279594786742386,1.9337022124827248,2.8238374275292357,-0.24843112170245593,-10.586515212613742
0.01800360072014403,PASSED,-0.2970624620247349,0.04716578480313742,1.8545152190032386,2.8235838791956573,-0.2587552084969033,-10.149134515669907
0.01900380076015203,PASSED,-0.2970143998313142,0.04897431394717032,1.777871760719336,2.8233202198351677,-0.26865030783467314,-9.725742552503185
0.020004000800160033,PASSED,-0.2969645664380852,0.05070767897707646,1.703693876030683,2.8230468715931183,-0.2781301814754143,-9.315961032899768
0.021004200840168033,PASSED,-0.29691303580638245,0.052368300735407415,1.6319070131978028,2.822764243058597,-0.2872081885141866,-8.919371042687322
0.022004400880176037,PASSED,-0.2968598795130767,0.053958526849907394,1.5624388487014333,2.822472729666312,-0.2958972762020868,-8.535565451375401
0.023004600920184037,PASSED,-0.2968051668231256,0.055480633291379096,1.495218169985221,2.822172714087871,-0.30421001359851063,-8.164185359789489
0.024004800960192037,PASSED,-0.2967489647600417,0.05693682642914226,1.4301764496151186,2.821864566612613,-0.31215859992187284,-7.804853632410637
0.02500500100020004,PASSED,-0.2966913381743293,0.05832924545034693,1.3672474022643748,2.8215486455182237,-0.3197548587483915,-7.457195622590644
0.02600520104020804,PASSED,-0.2966323498099396,0.059659964015237786,1.3063660066418563,2.8212252974313254,-0.3270102610870183,-7.120873482650894
0.027005401080216044,PASSED,-0.2965720603687946,0.06093099207363645,1.2474694262365358,2.820894857678199,-0.33393593749816974,-6.795545030151888
0.028005601120224044,PASSED,-0.296510528573429,0.06214427801480662,1.1904969511259356,2.8205576506259122,-0.34054267598013116,-6.480867449834509
0.029005801160232048,PASSED,-0.29644781122779756,0.06330171033155937,1.1353892271706374,2.820213990014005,-0.3468409380176276,-6.176525095937745
0.030006001200240048,PASSED,-0.29638396327629596,0.06440511927020462,1.0820887462949977,2.8198641792769337,-0.3528408715693368,-5.8822058555567995
0.03100620124024805,PASSED,-0.2963190378610432,0.06545627873866328,1.030539949901096,2.819508511857503,-0.35855231210831007,-5.597596994584347
0.03200640128025605,PASSED,-0.29625308637746905,0.0664569079216451,0.9806886717022968,2.8191472715114703,-0.36398479421157265,-5.322405509048131
0.033006601320264055,PASSED,-0.29618615852825453,0.06740867280265424,0.9324823538803488,2.818780732603527,-0.369147563910234,-5.056345825070204
0.03400680136027205,PASSED,-0.29611830237566705,0.06831318786397411,0.8858701996128892,2.8184091603948427,-0.37404958207568745,-4.799133059042211
0.035007001400280055,PASSED,-0.29604956439233654,0.0691720176165344,0.8408027878585316,2.8180328113224102,-0.3786995332624525,-4.550496605246944
0.03600720144028806,PASSED,-0.2959799895105125,0.06998667801465105,0.7972321382887402,2.817651933270348,-0.3831058368204738,-4.310174859870922
0.03700740148029606,PASSED,-0.29590962116984615,0.07075863797781545,0.7551118464148295,2.8172667658333452,-0.38727665180774734,-4.077908405541941
0.03800760152030406,PASSED,-0.2958385013637366,0.07148932081833781,0.7143968365940377,2.816877540572523,-0.39121988415614817,-3.8534483103067325
0.03900780156031206,PASSED,-0.29576667068428236,0.07218010555679606,0.675043339701058,2.8164844812637826,-0.3949431964602056,-3.636554966557943
0.040008001600320066,PASSED,-0.2956941683658775,0.07283232829260602,0.6370089998825768,2.816087804138946,-0.3984540136281311,-3.426991968837223
0.04100820164032806,PASSED,-0.295621032327489,0.07344728352246258,0.6002527165058641,2.815687718119774,-0.4017595291642089,-3.2245312475714734
0.042008401680336066,PASSED,-0.29554729921365486,0.07402622536209065,0.5647345883762243,2.815284425045122,-0.4048667136249967,-3.028953269598728
0.04300860172034407,PASSED,-0.2954730044342387,0.07457036878514503,0.5304159795064998,2.8148781198913824,-0.4077823205287281,-2.840042659819834
0.04400880176035207,PASSED,-0.29539818220297515,0.07508089083468324,0.4972594295593442,2.8144689909863647,-0.4105128921216944,-2.6575908817306564
0.04500900180036007,PASSED,-0.29532286557484366,0.07555893175292996,0.46522857737162543,2.8140572202168346,-0.41306476668166275,-2.481397012126789
0.04600920184036807,PASSED,-0.29524708648230225,0.07600559610640134,0.43428820420455483,2.8136429832298617,-0.41544408436701147,-2.311264800829989
0.04700940188037608,PASSED,-0.2951708757704151,0.07642195389363483,0.4044041759194492,2.8132264496281287,-0.41765679259465205,-2.1470038455142877
0.048009601920384073,PASSED,-0.2950942632309071,0.07680904158725259,0.3755433720832795,2.8128077831593994,-0.4197086524086714,-1.9884304596894458
0.04900980196039208,PASSED,-0.2950172776351754,0.0771678631582491,0.3476737036053186,2.812387141900259,-0.42160524411313627,-1.8353658676485247
0.05001000200040008,PASSED,-0.2949399467662897,0.07749939108641199,0.32076407786795325,2.811964678434362,-0.42335197224064036,-1.687636300741035
0.051010202040408084,PASSED,-0.2948622974500113,0.07780456731785992,0.29478433383458463,2.8115405400252365,-0.4249540712507472,-1.5450741496840716
0.05201040208041608,PASSED,-0.2947843555848583,0.0780843042005454,0.26970524858608497,2.8111148687839,-0.42641661075883225,-1.4075164136856937
0.053010602120424084,PASSED,-0.2947061461712478,0.07833948540294955,0.24549850494949488,2.8106878018313517,-0.4277445002148433,-1.2748048175613313
0.05401080216043209,PASSED,-0.2946276933397406,0.07857096679264752,0.2221366461969385,2.810259471456157,-0.42894249395750444,-1.14678635939437
0.05501100220044009,PASSED,-0.2945490203784159,0.07877957729072445,0.19959306599690668,2.8098300052672025,-0.4300151960697369,-1.0233126141246311
0.05601120224044809,PASSED,-0.2944701497594027,0.07896611970743983,0.17784198386103592,2.8093995263417955,-0.43096706475382596,-0.9042393973986861
0.05701140228045609,PASSED,-0.29439110316459255,0.07913137154592913,0.1568584082414645,2.8089681533692428,-0.4318024168470783,-0.7894272238214483
0.058011602320464095,PASSED,-0.2943119015105574,0.07927608578291634,0.13661812281769178,2.808536000790019,-0.43252543229192625,-0.6787409255323171
0.05901180236047209,PASSED,-0.2942325649726996,0.07940099162768356,0.11709765940026799,2.808103178930667,-0.4331401582070833,-0.572049241573481
0.060012002400480095,PASSED,-0.2941531130086537,0.07950679525760944,0.09827427694296863,2.8076697941345614,-0.43365051295584733,-0.4692250868910119
0.0610122024404881,PASSED,-0.29407356438096466,0.07959418053032963,0.08012593657168235,2.807235948888645,-0.43406029021751,-0.3701453781772004
0.0620124024804961,PASSED,-0.29399393717906497,0.07966380967346734,0.06263128084842363,2.806801741946252,-0.4343731627802062,-0.2746906857088385
0.0630126025205041,PASSED,-0.2939142488405703,0.07971632395667358,0.045769618111451325,2.806367268446152,-0.43459268622732233,-0.18274528805426057
0.0640128025605121,PASSED,-0.29383451617191586,0.07975234434060205,0.029520894473154927,2.805932620027913,-0.43472230262205386,-0.09419713251634673
0.0650130026005201,PASSED,-0.2937547553683528,0.07977247210490947,0.013865677530246838,2.805497884943699,-0.4347653440165108,-0.008937569083990507
0.06601320264052811,PASSED,-0.2936749820333251,0.07977728946056248,-0.001214858931825572,2.8050631481666035,-0.4347250358129933,0.07313871858515106
0.06701340268053611,PASSED,-0.2935952111972448,0.07976736014078879,-0.01573896033491369,2.8046284914956323,-0.4346045001019714,0.15213370597981585
0.0680136027205441,PASSED,-0.2935154573356851,0.07974322997408387,-0.029724304284933962,2.804193993657422,-0.43440675888542546,0.22814622358998632
0.0690138027605521,PASSED,-0.2934357343870085,0.07970542744085271,-0.04318801919531801,2.803759730404796,-0.4341347371615616,0.30127205737982515
0.07001400280056011,PASSED,-0.2933560557694476,0.07965446421106306,-0.05614670351921553,2.803325774612287,-0.4337912659131456,0.37160404244005857
0.07101420284056811,PASSED,-0.29327643439765594,0.07959083566757098,-0.06861643680733825,2.802892196368652,-0.43337908508998507,0.43923201030745274
0.07201440288057612,PASSED,-0.2931968826987437,0.07951502141173838,-0.0806128018494164,2.8024590630665203,-0.4329008464416173,0.5042430737413228
0.07301460292058412,PASSED,-0.29311741262781615,0.07942748575282842,-0.09215089695033615,2.802026439489282,-0.4323591161634567,0.5667217477734917
0.07401480296059212,PASSED,-0.29303803568302866,0.07932867818471057,-0.10324534889619659,2.801594387895204,-0.4317563777029135,0.6267496023895787
0.07501500300060011,PASSED,-0.29295876292017403,0.07921903384601328,-0.11391033189799624,2.8011629680989802,-0.4310950342950417,0.684405944859891
0.07601520304060812,PASSED,-0.2928796049668164,0.07909897396508643,-0.12415958027941257,2.80073223755071,-0.4303774113776072,0.7397675658175802
0.07701540308061612,PASSED,-0.2928005720359854,0.07896890629445154,-0.13400639753856064,2.8003022514124236,-0.42960575912957977,0.7929087028339675
0.07801560312062412,PASSED,-0.292721673939445,0.0788292255288783,-0.14346367759633488,2.799873062632199,-0.428782254819581,0.8439013814419754
0.07901580316063213,PASSED,-0.29264292010054893,0.0786803137110439,-0.15254391132645126,2.799444722015975,-0.4279090050085817,0.8928154307042647
0.08001600320064013,PASSED,-0.29256431956669815,0.07852254062520057,-0.16125920218790574,2.7990172782971268,-0.4269880477958894,0.9397184006842303
0.08101620324064814,PASSED,-0.292485881021408,0.07835626417986208,-0.16962127410552366,2.798590778203847,-0.4260213550111986,0.9846757073618254
0.08201640328065612,PASSED,-0.2924076127960029,0.07818183077496152,-0.1776414920972499,2.798165266524427,-0.4250108342291827,1.027750831785311
0.08301660332066413,PASSED,-0.2923295228809457,0.07799957566037692,-0.1853308629094842,2.7977407861704826,-0.42395833079827194,1.0690051636610465
0.08401680336067213,PASSED,-0.29225161893681484,0.0778098232848705,-0.19270005057103018,2.7973173782382346,-0.4228656297812196,1.1084982526464822
0.08501700340068014,PASSED,-0.29217390830494033,0.07761288762929945,-0.19975939223773706,2.7968950820678193,-0.4217344578789625,1.1462876686642236
0.08601720344068814,PASSED,-0.29209639801770915,0.07740907253226413,-0.20651890023371286,2.796473935300785,-0.4205664852262452,1.182429308752746
0.08701740348069614,PASSED,-0.2920190948085495,0.0771986720084344,-0.2129882728937472,2.79605397393575,-0.4193633271668899,1.2169772264236522
0.08801760352070415,PASSED,-0.2919420051216046,0.07698197055232456,-0.21917691158723895,2.795635232382336,-0.41812654600538557,1.249983784891439
0.08901780356071214,PASSED,-0.2918651351211063,0.07675924343214875,-0.22509392590151334,2.79521774351341,-0.4168576526244839,1.2814997782419302
0.09001800360072014,PASSED,-0.29178849070045626,0.07653075698080299,-0.2307481349752577,2.794801538715674,-0.41555810812736516,1.3115743097032613
0.09101820364072814,PASSED,-0.2917120774910251,0.07629676887242719,-0.23614809064285108,2.7943866479386754,-0.41422932540898844,1.3402549908257273
0.09201840368073615,PASSED,-0.29163590087067776,0.07605752838968408,-0.24130207747662064,2.7939730997422876,-0.4128726706284077,1.3675879737507377
0.09301860372074415,PASSED,-0.2915599659720338,0.0758132766868295,-0.24621811977320668,2.793560921342663,-0.4114894647410462,1.393617829768736
0.09401880376075215,PASSED,-0.29148427769047097,0.07556424704298645,-0.2509039932229312,2.7931501386568063,-0.4100809848448105,1.4183879405470738
0.09501900380076016,PASSED,-0.29140884069187933,0.07531066510484134,-0.2553672347599062,2.79274077634567,-0.40864846561729057,1.4419400855017976
0.09601920384076815,PASSED,-0.2913336594201747,0.07505274912544573,-0.25961514248608947,2.792332857855969,-0.4071931006274031,1.4643149261446649
0.09701940388077615,PASSED,-0.2912587381045784,0.07479071019475568,-0.2636547894926604,2.7919264054606256,-0.40571604360819424,1.485551747918345
0.09801960392078415,PASSED,-0.29118408076667046,0.07452475246055519,-0.2674930306723705,2.791521440297976,-0.4042184097458593,1.505688605279316
0.09901980396079216,PASSED,-0.2911096912272236,0.07425507334533271,-0.27113650492255115,2.791117982409727,-0.4027012768761036,1.52476237940671
0.10002000400080016,PASSED,-0.29103557311282463,0.07398186375627615,-0.27459164514589857,2.7907160507777253,-0.4011656866446668,1.5428087994567972
0.10102020404080816,PASSED,-0.2909617298622901,0.07370530828628846,-0.2778646865488728,2.7903156633595807,-0.3996126456459645,1.5598624648659138
0.10202040408081617,PASSED,-0.29088816473288204,0.07342558541098966,-0.28096166779874865,2.789916837123141,-0.3980431265746697,1.5759568089139848
0.10302060412082417,PASSED,-0.2908148808063314,0.07314286767883006,-0.28388844173350514,2.7895195880799055,-0.39645806924166743,1.591124349061153
0.10402080416083216,PASSED,-0.2907418809946729,0.0728573218962146,-0.28665067653675863,2.7891239313173917,-0.39485838158281056,1.6053965320540386
0.10502100420084017,PASSED,-0.2906691680458994,0.07256910930500628,-0.28925386765603917,2.788729881030457,-0.3932449407540116,1.6188036932955003
0.10602120424084817,PASSED,-0.29059674454943996,0.07227838575512213,-0.2917033380362057,2.788337450551646,-0.39161859405984284,1.6313753614176678
0.10702140428085617,PASSED,-0.2905246129414679,0.07198530187432654,-0.29400424263517005,2.7879466523806076,-0.3899801598054747,1.6431401830018872
0.10802160432086418,PASSED,-0.2904527755100437,0.0716900032285668,-0.2961615811761243,2.7875574982125384,-0.3883304283506232,1.6541256360845156
0.10902180436087218,PASSED,-0.2903812344000974,0.0713926304798199,-0.29818019379409205,2.7871699989657692,-0.3866701629426099,1.6643585892991113
0.11002200440088018,PASSED,-0.29030999161825705,0.07109331953929522,-0.3000647716784009,2.786784164808463,-0.38500010048999805,1.673865028153801
0.11102220444088817,PASSED,-0.2902390490375262,0.07079220171536466,-0.301819858765351,2.7864000051844746,-0.3833209524986739,1.6826699667711136
0.11202240448089618,PASSED,-0.2901684084018163,0.0704894038549509,-0.30344986151271797,2.7860175288384026,-0.3816334058464859,1.6907977757991803
0.11302260452090418,PASSED,-0.29009807133033777,0.07018504848430115,-0.30495904340775487,2.7856367438398406,-0.3799381235041278,1.6982720533973361
0.11402280456091218,PASSED,-0.290028039321855,0.06987925394288462,-0.3063515400890414,2.7852576576068726,-0.3782357453498524,1.705115554860884
0.11502300460092019,PASSED,-0.2899583137588082,0.06957213451310203,-0.30763135624497356,2.7848802769288157,-0.3765268889022728,1.7113503760586448
0.11602320464092819,PASSED,-0.28988889591130773,0.06926380054645379,-0.30880237358375245,2.7845046079882625,-0.3748121499635409,1.7169979805140316
0.1170234046809362,PASSED,-0.2898197869410038,0.06895435858666407,-0.30986835059369267,2.7841306563824095,-0.3730921033563489,1.722079024977328
0.11802360472094418,PASSED,-0.2897509879048353,0.06864391148892754,-0.3108329291650932,2.7837584271437223,-0.37136730360161846,1.726613574565767
0.11902380476095219,PASSED,-0.28968249975866267,0.06833255853227978,-0.3116996416362092,2.7833879247599507,-0.36963828549126276,1.730621134215635
0.12002400480096019,PASSED,-0.2896143233607875,0.06802039553212587,-0.31247190583236406,2.783019153193501,-0.367905564767603,1.7341204499558773
0.1210242048409682,PASSED,-0.2895464594753618,0.06770751495036968,-0.31315303237208403,2.7826521159002042,-0.36616963873347863,1.7371297569033606
0.1220244048809762,PASSED,-0.2894789087756917,0.06739400599632495,-0.31374623515985267,2.782286815847485,-0.3644309867863356,1.7396667406361201
0.1230246049209842,PASSED,-0.2894116718474383,0.06707995472961759,-0.31425462107236835,2.781923255531961,-0.3626900710142312,1.7417484597500699
0.1240248049609922,PASSED,-0.28934474919171826,0.06676544415978682,-0.3146812023363834,2.7815614369964914,-0.36094733674387725,1.7433914774231756
0.1250250050010002,PASSED,-0.2892781412281079,0.06645055433888364,-0.3150288999477104,2.7812013618466627,-0.35920321307830794,1.744611791000113
0.1260252050410082,PASSED,-0.289211848297554,0.06613536245503979,-0.3153005397746029,2.780843031266777,-0.35745811339027495,1.745424952721501
0.1270254050810162,PASSED,-0.28914587066519293,0.06581994292277027,-0.31549886059947047,2.780486446035324,-0.3557124358245236,1.7458459744378183
0.1280256051210242,PASSED,-0.2890802085230827,0.06550436746755676,-0.3156265182895446,2.7801316065399595,-0.35396656380395686,1.7458893846527086
0.1290258051610322,PASSED,-0.28901486199284915,0.06518870521037802,-0.3156860831048834,2.7797785127920123,-0.3522208664728789,1.7455692953614008
0.1300260052010402,PASSED,-0.28894983112824946,0.0648730227508819,-0.3156800437569378,2.779427164440527,-0.35047569915500953,1.7448993328747138
0.13102620524104822,PASSED,-0.2888851159176559,0.06455738424433662,-0.3156108150708534,2.7790775607858733,-0.34873140379524215,1.7438927110291524
0.13202640528105622,PASSED,-0.28882071628646183,0.06424185147741499,-0.31548073482215344,2.7787297007929093,-0.3469883093816412,1.7425622153154634
0.13302660532106422,PASSED,-0.2887566320994119,0.06392648394501643,-0.3152920641161447,2.7783835831037216,-0.3452467323793708,1.740920193573745
0.13402680536107223,PASSED,-0.28869286316286,0.06361133892017543,-0.31504699865756697,2.7780392060499834,-0.3435069770884393,1.7389786891699965
0.13502700540108023,PASSED,-0.2886294092269565,0.06329647152303904,-0.3147476627889457,2.7776965676648904,-0.34176933606299714,1.7367492496236447
0.1360272054410882,PASSED,-0.2885662699877661,0.06298193479011627,-0.3143961130119753,2.777355665694748,-0.34003409047239097,1.734243151261114
0.1370274054810962,PASSED,-0.28850344508932013,0.06266777973896225,-0.3139943432487185,2.777016497610152,-0.33830151047526674,1.7314712276996262
0.1380276055211042,PASSED,-0.2884409341256045,0.062354055430380806,-0.31354428546990676,2.7766790606168485,-0.3365718555580787,1.728444043513609
0.13902780556111222,PASSED,-0.28837873664248453,0.062040809031707944,-0.3130478074748282,2.7763433516662253,-0.33484537487426486,1.7251717773474473
0.14002800560112022,PASSED,-0.28831685213956965,0.06172808587551321,-0.3125067220079943,2.7760093674654702,-0.33312230759844236,1.7216642748058333
0.14102820564112822,PASSED,-0.2882552800720199,0.06141592951654915,-0.3119227836014243,2.7756771044874053,-0.3314028832294417,1.717931098463856
0.14202840568113623,PASSED,-0.2881940198522947,0.06110438178950246,-0.31129768934354207,2.7753465589800226,-0.3296873218735297,1.7139815275440957
0.14302860572114423,PASSED,-0.28813307085184753,0.06079348286145275,-0.31063308718715055,2.7750177269756846,-0.32797583459893476,1.7098244392956132
0.14402880576115223,PASSED,-0.2880724324027662,0.060483271284949285,-0.3099305693810137,2.774690604300054,-0.3262686237017745,1.7054685357366748
0.14502900580116024,PASSED,-0.28801210379936226,0.06017378405030197,-0.30919167815817367,2.774365186580724,-0.3245658829611527,1.7009222105452257
0.14602920584116824,PASSED,-0.28795208429970953,0.05986505663276197,-0.3084179104612239,2.7740414692555753,-0.3228677979573267,1.6961935326798867
0.14702940588117624,PASSED,-0.2878923731271344,0.05955712304176869,-0.30761071134797513,2.7737194475808624,-0.321174546320446,1.691290373014502
0.14802960592118425,PASSED,-0.28783296947165876,0.05925001586761678,-0.30677148268787213,2.773399116639046,-0.3194862979578664,1.6862203556229634
0.14902980596119225,PASSED,-0.2877738724913974,0.058943766325507546,-0.30590158172347226,2.7730804713463577,-0.31780321535400025,1.6809907693616073
0.15003000600120023,PASSED,-0.28771508131391077,0.05863840429949883,-0.30500232219887874,2.772763506460139,-0.3161254537759574,1.6756087838303575
0.15103020604120823,PASSED,-0.28765659503751534,0.0583339583852651,-0.3040749755902766,2.7724482165859254,-0.31445316150820907,1.6700812570270553
0.15203040608121624,PASSED,-0.28759841273255154,0.05803045593091275,-0.3031207735270655,2.7721345961843156,-0.3127864800975416,1.664414846427687
0.15303060612122424,PASSED,-0.2875405334426121,0.05772792307588628,-0.3021409093594065,2.771822639577604,-0.3111255445618887,1.6586159951364485
0.15403080616123224,PASSED,-0.28748295618573055,0.05742638479059586,-0.3011365359110996,2.771512340956217,-0.3094704835814635,1.6526909706176534
0.15503100620124025,PASSED,-0.2874256799555325,0.057125864913629705,-0.3001087710028544,2.771203694384911,-0.307821419755195,1.6466457300356923
0.15603120624124825,PASSED,-0.2873687037223494,0.05682638618720663,-0.2990586967032216,2.7708966938087984,-0.30617846976071267,1.6404861707800684
0.15703140628125625,PASSED,-0.2873120264342971,0.05652797029319195,-0.29798735888899985,2.7705913330591616,-0.3045417445259718,1.6342179440479836
0.15803160632126426,PASSED,-0.2872556470183198,0.05623063788625312,-0.2968957723053841,2.77028760585907,-0.3029113494949907,1.6278464222698468
0.15903180636127226,PASSED,-0.28719956438120015,0.05593440862757725,-0.2957849162561911,2.769985505828833,-0.30128738474175704,1.6213769738762067
0.16003200640128026,PASSED,-0.2871437774105374,0.055639301216837744,-0.29465574039504655,2.7696850264912536,-0.2996699451467313,1.6148146757920536
0.16103220644128827,PASSED,-0.28708828497569344,0.05534533342278787,-0.29350916315309206,2.769386161276723,-0.2980591206160016,1.6081644340214898
0.16203240648129627,PASSED,-0.28703308592870874,0.055052522113342786,-0.29234607363975035,2.769088903528144,-0.2964549962016037,1.6014310679822283
0.16303260652130427,PASSED,-0.2869781791051883,0.05476088328525633,-0.29116733105093784,2.7687932465056835,-0.29485765227853344,1.5946191597955415
0.16403280656131225,PASSED,-0.28692356332515945,0.054470432092094186,-0.2899737679029516,2.7684991833913872,-0.29326716469320036,1.5877332023580533
0.16503300660132025,PASSED,-0.2868692373939009,0.054181182871373613,-0.2887661892656541,2.768206707293606,-0.29168360494051343,1.5807774529061183
0.16603320664132826,PASSED,-0.28681520010274614,0.05389314917109183,-0.28754537429253035,2.7679158112513242,-0.290107040259289,1.5737561667699158
0.16703340668133626,PASSED,-0.2867614502298589,0.053606343776887444,-0.28631207414562293,2.7676264882383026,-0.2885375338006275,1.5666733199225222
0.16803360672134426,PASSED,-0.2867079865409851,0.053320778734832236,-0.28506702066160006,2.7673387311670896,-0.2869751448121209,1.5595327675626967
0.16903380676135227,PASSED,-0.28665480779017877,0.0530364653765154,-0.2838109167536641,2.76705253289293,-0.2854199286633832,1.5523384028542684
0.17003400680136027,PASSED,-0.28660191272050484,0.05275341434414267,-0.28254444278543595,2.766767886217498,-0.2838719370478505,1.5450937573183536
0.17103420684136827,PASSED,-0.28654930006471857,0.0524716356109905,-0.28126826006333605,2.766484783892527,-0.282331218149941,1.5378023249702688
0.17203440688137628,PASSED,-0.28649696854592277,0.052191138503483024,-0.2799830058035583,2.7662032186233243,-0.2807978166420911,1.5304676297697009
0.17303460692138428,PASSED,-0.28644491687820295,0.05191193172516872,-0.2786892933214819,2.765923183072152,-0.2792717738753142,1.5230928581149759
0.17403480696139229,PASSED,-0.2863931437672416,0.05163402337517869,-0.2773877211024,2.765644669861495,-0.2777531280392849,1.5156811546387885
0.1750350070014003,PASSED,-0.2863416479109122,0.0513574209681287,-0.276078864348379,2.765367671577228,-0.27624191417216176,1.5082356754461363
0.1760352070414083,PASSED,-0.28629042799985277,0.05108213145562264,-0.2747632779445165,2.7650921807716524,-0.2747381643217313,1.5007593004199324
0.1770354070814163,PASSED,-0.2862394827180212,0.05080816124352388,-0.27344150153492625,2.7648181899664706,-0.2732419076457003,1.4932549264385415
0.17803560712142427,PASSED,-0.2861888107432311,0.05053551620999554,-0.2721140548572808,2.764545691655601,-0.27175317051403763,1.4857252684787834
0.17903580716143228,PASSED,-0.28613841074767005,0.05026420172559564,-0.27078143742831823,2.7642746783079493,-0.2702719765823564,1.4781730404827773
0.18003600720144028,PASSED,-0.28608828139840004,0.04999422266793751,-0.26944413781133897,2.764005142370038,-0.2687983469200008,1.4706007436041229
0.18103620724144828,PASSED,-0.2860384213578413,0.049725583438964736,-0.26810262308038973,2.7637370762685904,-0.2673323000641455,1.463010930689473
0.1820364072814563,PASSED,-0.28598882928423935,0.049458287982941336,-0.26675734465207984,2.763470472412987,-0.26587385212205117,1.455405949697538
0.1830366073214643,PASSED,-0.2859395038321162,0.04919233979989168,-0.2654087419813766,2.7632053231976426,-0.2644230169016956,1.4477880674609547
0.1840368073614723,PASSED,-0.28589044365270616,0.04892774196143671,-0.26405723610403536,2.762941621004321,-0.262979805908341,1.4401596106170147
0.1850370074014803,PASSED,-0.2858416473943765,0.048664497127187324,-0.26270323301295884,2.7626793582043496,-0.2615442284613251,1.4325226712819672
0.1860372074414883,PASSED,-0.285793113703034,0.04840260755645332,-0.2613471292146998,2.762418527160747,-0.2601162918426982,1.424879250190201
0.1870374074814963,PASSED,-0.2857448412225165,0.04814207512386736,-0.25998930150012994,2.7621591202303026,-0.25869600125358494,1.4172314817286993
0.1880376075215043,PASSED,-0.2856968285949717,0.04788290133293594,-0.2586301172189332,2.7619011297655516,-0.2572833599409638,1.4095811998827503
0.1890378075615123,PASSED,-0.28564907446122223,0.047625087327712576,-0.25726993055964975,2.761644548116699,-0.2558783693177544,1.4019302387605157
0.19003800760152031,PASSED,-0.2856015774611182,0.04736863390644822,-0.2559090817341494,2.761389367633467,-0.25448102894247426,1.3942804662931283
0.19103820764152832,PASSED,-0.2855543362338767,0.04711354153411955,-0.25454789939168265,2.7611355806668763,-0.25309133662269906,1.3866335554299267
0.1920384076815363,PASSED,-0.28550734941840994,0.046859810353751224,-0.2531867010194146,2.760883179570954,-0.25170928852425895,1.3789911271135662
0.1930386077215443,PASSED,-0.28546061565364134,0.046607440197447655,-0.25182579315968207,2.760632156704392,-0.250334879163168,1.3713548504092283
0.1940388077615523,PASSED,-0.28541413357880996,0.046356430598810866,-0.2504654689548521,2.7603825044321404,-0.24896810147521173,1.3637262463209658
0.1950390078015603,PASSED,-0.2853679018337647,0.046106780803214224,-0.24910601335783505,2.760134215126928,-0.24760894694603752,1.3561067177430435
0.1960392078415683,PASSED,-0.28532191905924725,0.04585848977761129,-0.2477477004330064,2.75988728117074,-0.24625740559600584,1.3484977715574333
0.1970394078815763,PASSED,-0.2852761838971645,0.04561155622177439,-0.2463907927728305,2.7596416949562497,-0.24491346600539868,1.3409008033069842
0.19803960792158432,PASSED,-0.2852306949908518,0.045365978577842005,-0.2450355447054245,2.759397448888156,-0.24357711549800118,1.3333169767911834
0.19903980796159232,PASSED,-0.28518545098532555,0.0451217550392202,-0.24368220123271514,2.7591545353845186,-0.24224834007871682,1.325747714279803
0.20004000800160032,PASSED,-0.2851404505275272,0.044878883560699655,-0.2423309967124329,2.7589129468780045,-0.24092712447724404,1.3181941929347505
0.20104020804160833,PASSED,-0.2850956922665572,0.044637361867330944,-0.24098215780622373,2.758672675817111,-0.23961345229040987,1.31065751610046
0.20204040808161633,PASSED,-0.2850511748539013,0.04439718746224516,-0.23963590327214104,2.758433714667313,-0.23830730597737068,1.303138844331661
0.20304060812162433,PASSED,-0.28500689694364695,0.044158357636610135,-0.2382924405436112,2.758196055912208,-0.23700866683417385,1.2956393424403039
0.20404080816163234,PASSED,-0.28496285719269243,0.0439208694765489,-0.2369519730729882,2.7579596920545626,-0.23571751516788825,1.2881598821824878
0.20504100820164034,PASSED,-0.28491905426094755,0.0436847198709767,-0.23561469390501125,2.757724615617359,-0.23443383028280662,1.280701553681041
0.20604120824164834,PASSED,-0.2848754868115261,0.04344990552108943,-0.23428078720876677,2.7574908191447753,-0.23315759045974022,1.273265335989997
0.20704140828165632,PASSED,-0.2848321535109317,0.0432164229453892,-0.23295043469454255,2.7572582952031417,-0.23188877308623296,1.2658520651853935
0.20804160832166432,PASSED,-0.28478905302923535,0.0429842684882173,-0.23162380549013292,2.7570270363818454,-0.23062735467516451,1.2584626416571671
0.20904180836167233,PASSED,-0.28474618404024654,0.04275343832744249,-0.23030106429794353,2.7567970352941984,-0.2293733108547635,1.2510979395635784
0.21004200840168033,PASSED,-0.2847035452216772,0.04252392847917341,-0.2289823709165037,2.756568284578273,-0.22812661645348753,1.2437587090842683
0.21104220844168833,PASSED,-0.2846611352552987,0.042295734806002475,-0.2276678746738922,2.756340776897707,-0.2268872455215404,1.236445747189014
0.21204240848169634,PASSED,-0.28461895282709315,0.04206885302353835,-0.22635772099095047,2.7561145049424547,-0.22565517135865187,1.229159773354889
0.21304260852170434,PASSED,-0.2845769966273976,0.04184327870503017,-0.22505205018632624,2.7558894614295295,-0.2244303665463573,1.2219015049209832
0.21404280856171234,PASSED,-0.28453526535104273,0.041619007288271476,-0.22375099447360242,2.755665639103694,-0.22321280299174084,1.2146715877467764
0.21504300860172035,PASSED,-0.28449375769748525,0.0413960340823365,-0.22245468024256057,2.7554430307381312,-0.2220024519473578,1.2074706821405448
0.21604320864172835,PASSED,-0.284452472370935,0.04117435427119717,-0.2211632317371826,2.755221629135076,-0.2207992840455478,1.2002993815896101
0.21704340868173636,PASSED,-0.28441140808047627,0.04095396292041357,-0.21987676348121682,2.755001427126427,-0.21960326932594507,1.1931582782781511
0.21804360872174436,PASSED,-0.28437056354018353,0.040734854982888986,-0.2185953868868314,2.754782417574326,-0.21841437725563545,1.1860479316639447
0.21904380876175236,PASSED,-0.2843299374692329,0.04051702530204311,-0.21731921015190409,2.754564593371701,-0.21723257678003427,1.178968838225976
0.22004400880176037,PASSED,-0.28428952859200735,0.04030046861893268,-0.21604833174945443,2.7543479474427954,-0.21605783633074133,1.1719215233376115
0.22104420884176834,PASSED,-0.28424933563819793,0.04008517957616768,-0.2147828501086972,2.754132472743669,-0.21489012383651881,1.164906474812484
0.22204440888177635,PASSED,-0.28420935734290004,0.03987115272131915,-0.2135228580084234,2.7539181622626687,-0.21372940677952817,1.1579241117760706
0.22304460892178435,PASSED,-0.28416959244670487,0.03965838251357497,-0.21226844090134991,2.7537050090208757,-0.21257565221235436,1.15097487077229
0.22404480896179235,PASSED,-0.284130039695787,0.03944686332701697,-0.2110196836624378,2.7534930060725316,-0.21142882675810548,1.1440591765666261
0.22504500900180036,PASSED,-0.284090697841987,0.039236589454235124,-0.2097766655281115,2.7532821465054513,-0.2102888966397931,1.137177412809505
0.22604520904180836,PASSED,-0.2840515656428905,0.039027555111688546,-0.20853946055888523,2.7530724234413904,-0.20915582773955932,1.1303298918499693
0.22704540908181636,PASSED,-0.284012641861903,0.03881975444285603,-0.20730814101493183,2.7528638300364134,-0.20802958557441983,1.1235170139991664
0.22804560912182437,PASSED,-0.28397392526832055,0.03861318152186939,-0.2060827743011004,2.7526563594812288,-0.20691013531948008,1.1167390822335002
0.22904580916183237,PASSED,-0.2839354146373972,0.03840783035796509,-0.204863423639764,2.75245000500152,-0.20579744184743273,1.1099963985899086
0.23004600920184037,PASSED,-0.2838971087504083,0.038203694898705155,-0.20365014967339368,2.7522447598582263,-0.2046914697651387,1.1032892047634497
0.23104620924184838,PASSED,-0.28385900639471057,0.03800076903303176,-0.20244300967339343,2.752040617347843,-0.2035921833741579,1.0966178484589584
0.23204640928185638,PASSED,-0.28382110636379876,0.037799046595219384,-0.20124205657170574,2.75183757080268,-0.20249954671255002,1.0899825370405178
0.23304660932186438,PASSED,-0.28378340745735864,0.03759852136821032,-0.2000473406339744,2.751635613591104,-0.2014135236267843,1.083383451582555
0.2340468093618724,PASSED,-0.28374590848131737,0.03739918708601193,-0.19885890990800034,2.751434739117774,-0.20033407770970058,1.0768208940845139
0.23504700940188036,PASSED,-0.28370860824789024,0.03720103743737833,-0.19767680778400495,2.7512349408238506,-0.19926117233367985,1.0702950306449095
0.23604720944188837,PASSED,-0.2836715055756248,0.03700406606850181,-0.19650107627151736,2.7510362121871985,-0.19819477071935376,1.0638060034468886
0.23704740948189637,PASSED,-0.28363459928944185,0.03680826658620497,-0.19533175298038835,2.7508385467225644,-0.19713483589620556,1.0573540362824252
0.23804760952190437,PASSED,-0.2835978882206735,0.03661363256037853,-0.19416887439047414,2.750641937981752,-0.19608133070581016,1.0509392931373445
0.23904780956191238,PASSED,-0.2835613712070993,0.03642015752598584,-0.19301247439416594,2.7504463795537695,-0.1950342178822723,1.0445618438048299
0.24004800960192038,PASSED,-0.2835250470929785,0.036227834987527595,-0.19186258116762844,2.7502518650649734,-0.193993460016661,1.0382218801488805
0.24104820964192838,PASSED,-0.2834889147290807,0.0360366584200494,-0.19071922501857558,2.750058388179194,-0.19295901955669006,1.0319195131856973
0.2420484096819364,PASSED,-0.2834529729727141,0.035846621270684255,-0.18958243226285715,2.74986594259785,-0.19193085886546385,1.0256548099198772
0.2430486097219444,PASSED,-0.28341722068775055,0.035657716963560716,-0.1884522236973286,2.7496745220600514,-0.1909089402126522,1.019427881406132
0.2440488097619524,PASSED,-0.283381656744649,0.035469938901119824,-0.1873286216032642,2.749484120342692,-0.18989322575313106,1.0132388449311394
0.2450490098019604,PASSED,-0.28334628002047657,0.035283280463977995,-0.1862116475008767,2.7492947312605183,-0.18888367760678595,1.0070876806211282
0.2460492098419684,PASSED,-0.28331108939892746,0.03509773501596856,-0.1851013150151407,2.7491063486662104,-0.18788025781430234,1.0009745337252676
0.2470494098819764,PASSED,-0.28327608377033964,0.03491329590619374,-0.18399763961459334,2.748918966450428,-0.1868829283513619,0.9948994157505746
0.2480496099219844,PASSED,-0.2832412620317098,0.03472995646797677,-0.1829006372852304,2.748732578541862,-0.18589165117946646,0.988862342658691
0.24904980996199239,PASSED,-0.2832066230867061,0.034547710023544044,-0.18181031586438132,2.7485471789072666,-0.18490638822137118,0.9828633683863338
0.2500500100020004,PASSED,-0.28317216584567934,0.03436654988583651,-0.18072668560297434,2.7483627615514945,-0.18392710135268556,0.9769025355517825
0.2510502100420084,PASSED,-0.28313788922567185,0.0341864693584652,-0.17964975521687673,2.748179320517499,-0.1829537524721394,0.9709797772090784
0.2520504100820164,PASSED,-0.2831037921504253,0.03400746173844941,-0.17857952988171993,2.7479968498863596,-0.18198630346154526,0.9650951661842189
0.2530506101220244,PASSED,-0.2830698735503861,0.033829520319010674,-0.17751601247674167,2.747815343777273,-0.18102471618302182,0.9592486867495885
0.2540508101620324,PASSED,-0.2830361323627097,0.03365263838901264,-0.17645920834555706,2.74763479634754,-0.1800689525544636,0.9534402564306855
0.2550510102020404,PASSED,-0.28300256753126335,0.033476809235148224,-0.17540911754366206,2.747455201792554,-0.17911897449895095,0.9476699215672734
0.2560512102420484,PASSED,-0.28296917800662663,0.0333020261453578,-0.17436573795492286,2.7472765543457833,-0.178174743930497,0.9419376663783631
0.2570514102820564,PASSED,-0.2829359627460915,0.03312828240798198,-0.17332907032309688,2.747098848278725,-0.17723622285281532,0.93624335188393
0.2580516103220644,PASSED,-0.28290292071366013,0.03295557131312596,-0.1722991112112924,2.7469220779008725,-0.17630337330324722,0.9305870146909219
0.2590518103620724,PASSED,-0.2828700508800418,0.0327838861559195,-0.17127585453658026,2.7467462375596754,-0.17537615732098913,0.9249686273028928
0.2600520104020804,PASSED,-0.28283735222264844,0.03261322023635662,-0.17025929624706848,2.746571321640475,-0.1744545370565538,0.919388022523584
0.26105221044208843,PASSED,-0.2828048237255888,0.03244356686020793,-0.1692494294164243,2.746397324566453,-0.17353847471407224,0.9138452224535141
0.26205241048209643,PASSED,-0.28277246437966136,0.032274919341723336,-0.16824624453004144,2.7462242407985595,-0.17262793253326464,0.9083401530436367
0.26305261052210444,PASSED,-0.28274027318234607,0.032107271003969984,-0.1672497332355601,2.74605206483545,-0.17172287285638854,0.9028726927643672
0.26405281056211244,PASSED,-0.28270824913779535,0.031940615178913244,-0.16625988627085833,2.745880791213404,-0.17082325810576013,0.8974427892044727
0.26505301060212044,PASSED,-0.28267639125682315,0.0317749452103251,-0.16527669013299873,2.745710414506237,-0.1699290507776416,0.8920503540612617
0.26605321064212845,PASSED,-0.2826446985568939,0.03161025445411863,-0.1643001335887811,2.7455409293252204,-0.16904021346632045,0.8866952828277396
0.26705341068213645,PASSED,-0.2826131700621098,0.03144653627841937,-0.1633302037729212,2.7453723303189896,-0.16815670885089498,0.8813775038239772
0.26805361072214445,PASSED,-0.28258180480319733,0.031283784066051916,-0.1623668847638053,2.745204612173431,-0.1672784997348562,0.8760968575152959
0.26905381076215246,PASSED,-0.2825506018174929,0.031121991214662068,-0.16141016247388262,2.7450377696115966,-0.16640554900655288,0.870853308828692
0.27005401080216046,PASSED,-0.2825195601489277,0.030961151136838175,-0.16046002139056617,2.7448717973935888,-0.1655378196569461,0.8656467101255152
0.2710542108421684,PASSED,-0.282488678848011,0.03080125726293032,-0.1595164422527135,2.7447066903164505,-0.1646752748143679,0.8604769308800564
0.2720544108821764,PASSED,-0.28245795697181336,0.030642303040551443,-0.15857940912965007,2.7445424432140446,-0.16381787772025497,0.855343869601532
0.2730546109221844,PASSED,-0.28242739358394925,0.03048428193416378,-0.1576489045596722,2.744379050956939,-0.16296559171883926,0.8502474226251251
0.2740548109621924,PASSED,-0.28239698775455774,0.030327187429075676,-0.15672490544038853,2.7442165084522903,-0.16211838028226777,0.8451874458690749
0.2750550110022004,PASSED,-0.28236673856028344,0.030171013029901043,-0.15580739499745788,2.7440548106436977,-0.16127620704716772,0.8401637612540206
0.2760552110422084,PASSED,-0.2823366450842565,0.030015752260300885,-0.1548963526686299,2.7438939525110837,-0.16043903575438057,0.8351763138092257
0.27705541108221643,PASSED,-0.2823067064160717,0.029861398666614226,-0.15399175436534163,2.743733929070565,-0.15960683025444355,0.8302249573555214
0.27805561112222443,PASSED,-0.2822769216517673,0.02970794581651742,-0.15309358058445052,2.7435747353743056,-0.15877955458924553,0.8253094704263522
0.27905581116223244,PASSED,-0.2822472898938026,0.029555387299498415,-0.1522018079753764,2.743416366510382,-0.1579571729250681,0.8204297933448136
0.28005601120224044,PASSED,-0.28221781025103565,0.029403716728424994,-0.15131641313878508,2.7432588176026345,-0.15713964954526838,0.815585770769722
0.28105621124224844,PASSED,-0.2821884818386998,0.02925292773984466,-0.15043737220803313,2.7431020838105242,-0.1563269489176643,0.8107771988270082
0.28205641128225645,PASSED,-0.28215930377838017,0.029103013993795186,-0.1495646619437685,2.742946160328988,-0.15551903564624628,0.8060039864787027
0.28305661132226445,PASSED,-0.28213027519798917,0.028953969175104576,-0.14869825652183916,2.7427910423882844,-0.15471587446908716,0.8012659709460138
0.28405681136227245,PASSED,-0.28210139523174155,0.028805786994240683,-0.1478381304252675,2.742636725253832,-0.15391743031415644,0.7965629442538233
0.28505701140228046,PASSED,-0.28207266302012957,0.02865846118616128,-0.14698425984883096,2.74248320422607,-0.15312366824439141,0.791894820105845
0.28605721144228846,PASSED,-0.2820440777098967,0.0285119855126509,-0.1461366159514083,2.742330474640282,-0.15233455347816383,0.7872613969754224
0.28705741148229647,PASSED,-0.28201563845401195,0.028366353761496862,-0.14529517462245575,2.7421785318664456,-0.15155005142062938,0.7826624979071656
0.28805761152230447,PASSED,-0.28198734441164275,0.028221559747155,-0.14445990748812743,2.7420273713090744,-0.1507701276053816,0.7780980268081807
0.28905781156231247,PASSED,-0.2819591947481283,0.028077597311992487,-0.14363078694543405,2.7418769884070415,-0.14999474775128388,0.773567738957454
0.2900580116023205,PASSED,-0.2819311886349521,0.02793446032535452,-0.14280778643298686,2.741727378633424,-0.1492238777548096,0.7690715014854893
0.2910582116423285,PASSED,-0.2819033252497141,0.027792142684370094,-0.14199087735205235,2.741578537495327,-0.14845748365964756,0.7646091576130962
0.2920584116823365,PASSED,-0.2818756037761027,0.027650638314845974,-0.14118003097216747,2.741430460533724,-0.14769553167820637,0.7601805306599271
0.2930586117223445,PASSED,-0.2818480234038661,0.027509941171754534,-0.1403752178376263,2.7412831433232743,-0.14693798822120036,0.7557854079034062
0.2940588117623525,PASSED,-0.28182058332878407,0.027370045237244987,-0.13957641229082846,2.741136581472167,-0.14618481984175474,0.7514236938070523
0.2950590118023605,PASSED,-0.2817932827526382,0.027230944524097165,-0.13878358038581515,2.740990770621932,-0.14543599327580872,0.7470951473719983
0.2960592118423685,PASSED,-0.28176612088318315,0.02709263307464314,-0.13799669549949808,2.7408457064472693,-0.14469147546056432,0.7427995938260546
0.2970594118823765,PASSED,-0.2817390969341169,0.026955104959440687,-0.1372157283377619,2.74070138465588,-0.14395123346990343,0.7385369218841333
0.2980596119223845,PASSED,-0.2817122101250511,0.02681835428036267,-0.1364406462381843,2.740557800988284,-0.1432152345661545,0.7343068916587511
0.29905981196239245,PASSED,-0.2816854596814804,0.02668237516965681,-0.13567142035097296,2.7404149512176432,-0.14248344621461947,0.7301093247858899
0.30006001200240046,PASSED,-0.2816588448347531,0.02654716178824615,-0.13490802211712305,2.7402728311495808,-0.14175583603598835,0.7259440811946271
0.30106021204240846,PASSED,-0.2816323648220399,0.026412708329128246,-0.134150417118422,2.7401314366220033,-0.14103237182856604,0.7218109582407579
0.30206041208241646,PASSED,-0.28160601888630354,0.026279009016250517,-0.13339857671726243,2.739990763504926,-0.1403130215827532,0.7177097708609006
0.30306061212242447,PASSED,-0.2815798062762682,0.026146058102784826,-0.13265247129797333,2.7398508077002712,-0.1395977534870192,0.7136403123160674
0.30406081216243247,PASSED,-0.2815537262463879,0.026013849874741576,-0.1319120658734338,2.7397115651417194,-0.13888653586352775,0.7096024976084063
0.3050610122024405,PASSED,-0.2815277780568157,0.025882378649190765,-0.13117733200239434,2.739573031794491,-0.13817933726198975,0.7055960041577451
0.3060612122424485,PASSED,-0.2815019609733727,0.025751638772817036,-0.1304482392879529,2.7394352036551965,-0.13747612640254292,0.7016207629728889
0.3070614122824565,PASSED,-0.28147627426751565,0.025621624626250897,-0.12972475141826686,2.739298076751628,-0.13677687217031292,0.6976765450680832
0.3080616123224645,PASSED,-0.2814507172163064,0.025492330620682513,-0.12900684166846002,2.7391616471425824,-0.13608154367173694,0.6937631342479118
0.3090618123624725,PASSED,-0.2814252891023796,0.025363751198060273,-0.128294476591424,2.7390259109176864,-0.13539011016390373,0.6898804235567517
0.3100620124024805,PASSED,-0.2813999892139111,0.025235880833970794,-0.12758762242151583,2.7388908641972,-0.13470254109538432,0.6860281651611778
0.3110622124424885,PASSED,-0.281374816844586,0.02510871403485877,-0.12688625023902889,2.7387565031318335,-0.13401880612739628,0.6822061698726207
0.3120624124824965,PASSED,-0.281349771293567,0.024982245338769294,-0.12619032665644359,2.738622823902572,-0.13333887506636907,0.6784143217969169
0.3130626125225045,PASSED,-0.2813248518654618,0.02485646931724604,-0.1254998181011207,2.7384898227204775,-0.1326627179208536,0.6746523613278331
0.3140628125625125,PASSED,-0.28130005787029166,0.0247313805728112,-0.1248146953239942,2.7383574958265093,-0.13199030490532043,0.6709201183367328
0.3150630126025205,PASSED,-0.2812753886234586,0.0246069737402888,-0.12413492398799982,2.738225839491341,-0.13132160638575743,0.6672174537138964
0.3160632126425285,PASSED,-0.2812508434457137,0.02448324348696412,-0.12346047288246684,2.7380948500151625,-0.13065659293618703,0.6635441134747856
0.3170634126825365,PASSED,-0.28122642166312484,0.024360184512189454,-0.1227913093694643,2.73796452372752,-0.12999523530253046,0.6598999804444206
0.3180636127225445,PASSED,-0.281202122607044,0.024237791548160005,-0.12212740046943543,2.737834856987098,-0.12933750442991657,0.6562848007268793
0.3190638127625525,PASSED,-0.28117794561407533,0.02411605935880694,-0.12146871527548954,2.737705846181554,-0.12868337145141054,0.6526984303587753
0.3200640128025605,PASSED,-0.28115389002604285,0.02399498273990574,-0.1208152213183389,2.737577487727339,-0.12803280764853975,0.649140717878826
0.32106421284256853,PASSED,-0.2811299551899579,0.02387455652073235,-0.12016688441008416,2.7374497780694815,-0.1273857845467988,0.6456113576490629
0.32206441288257653,PASSED,-0.2811061404579872,0.023754775562572945,-0.11952367399229209,2.737322713681442,-0.12674227381717215,0.6421103109450313
0.32306461292258454,PASSED,-0.28108244518742004,0.02363563475812307,-0.11888555808826418,2.7371962910648953,-0.1261022473099494,0.6386373047412107
0.32406481296259254,PASSED,-0.2810588687406364,0.02351712903292598,-0.11825250326964183,2.7370705067495646,-0.12546567709566267,0.6351921539837084
0.32506501300260054,PASSED,-0.28103541048507413,0.023399253345998888,-0.11762447603206114,2.7369453572930307,-0.12483253539927533,0.6317747246564237
0.32606521304260855,PASSED,-0.28101206979319754,0.023282002686494902,-0.11700144848526506,2.7368208392805484,-0.12420279462993344,0.6283847991321755
0.32706541308261655,PASSED,-0.28098884604246427,0.023165372076837932,-0.11638338377144056,2.7366969493248576,-0.12357642741104695,0.625022165389401
0.3280656131226245,PASSED,-0.2809657386152936,0.02304935657235827,-0.11577025161847869,2.73657368406601,-0.12295340651683903,0.6216867134202667
0.3290658131626325,PASSED,-0.2809427468990339,0.02293395125952268,-0.11516202031366296,2.7364510401711812,-0.12233370489872585,0.618378221241811
0.3300660132026405,PASSED,-0.2809198702859312,0.022819151256589357,-0.11455865801309192,2.736329014334483,-0.12171729573560755,0.6150964577026419
0.3310662132426485,PASSED,-0.280897108173096,0.022704951715583146,-0.11396012966828555,2.7362076032767813,-0.12110415236410883,0.6118413140294219
0.3320664132826565,PASSED,-0.28087445996247234,0.022591347818764103,-0.11336640825288455,2.736086803745529,-0.12049424825982531,0.6086126311195881
0.3330666133226645,PASSED,-0.2808519250608051,0.02247833478080778,-0.11277745775862182,2.7359666125145647,-0.11988755714875877,0.6054100976978374
0.3340668133626725,PASSED,-0.28082950287960845,0.022365907849346115,-0.11219324726369044,2.735847026383942,-0.11928405292394362,0.6022336428933813
0.3350670134026805,PASSED,-0.2808071928351338,0.022254062302408225,-0.11161374672069153,2.7357280421797467,-0.1186837096049258,0.5990831031007918
0.33606721344268853,PASSED,-0.2807849943483381,0.022142793450101464,-0.11103892269747258,2.7356096567539208,-0.11808650144210728,0.5959582026303389
0.33706741348269653,PASSED,-0.2807629068448522,0.022032096634891696,-0.11046874355130365,2.735491866984073,-0.11749240287723578,0.5928588063656146
0.33806761352270454,PASSED,-0.2807409297549493,0.02192196723019062,-0.1099031788009234,2.735374669773309,-0.11690138847913227,0.589784792595439
0.33906781356271254,PASSED,-0.28071906251351286,0.02181240064122421,-0.10934219574340026,2.735258062050055,-0.11631343301036537,0.5867359195478955
0.34006801360272054,PASSED,-0.28069730456000597,0.021703392304233016,-0.10878576448971723,2.7351420407678706,-0.11572851145175884,0.5837119846456029
0.34106821364272855,PASSED,-0.2806756553384393,0.021594937687136297,-0.10823385216805355,2.735026602905274,-0.1151465989253005,0.580712887666835
0.34206841368273655,PASSED,-0.2806541142973401,0.021487032289274687,-0.10768642832398076,2.7349117454655736,-0.11456767071166003,0.5777384309562366
0.34306861372274455,PASSED,-0.2806326808897211,0.02137967164074463,-0.10714346200077479,2.734797465476684,-0.1139917023082839,0.5747883849893931
0.34406881376275256,PASSED,-0.28061135457304914,0.021272851302578596,-0.10660492227620222,2.734683759990951,-0.11341866937746109,0.5718626280450814
0.34506901380276056,PASSED,-0.28059013480921435,0.02116656686721529,-0.10607077742137529,2.734570626084984,-0.11284854772393306,0.5689610038499948
0.34606921384276856,PASSED,-0.2805690210644994,0.021060813957758835,-0.10554099747984301,2.7344580608594695,-0.11228131336795788,0.5660832573919636
0.34706941388277657,PASSED,-0.28054801280954833,0.020955588227936417,-0.1050155513841295,2.7343460614390147,-0.11171694248140603,0.5632293059917876
0.34806961392278457,PASSED,-0.2805271095193363,0.020850885361896106,-0.10449440914443302,2.7342346249719562,-0.11115541140733196,0.5603989194622501
0.3490698139627926,PASSED,-0.2805063106731387,0.020746701074879102,-0.10397753893205543,2.734123748630211,-0.11059669665830751,0.5575919687325611
0.3500700140028006,PASSED,-0.2804856157545008,0.020643031112255444,-0.10346491175139437,2.7340134296090786,-0.11004077493794111,0.5548082214556386
0.3510702140428086,PASSED,-0.28046502425120756,0.020539871249281135,-0.10295649712291889,2.7339036651270905,-0.10948762310482074,0.552047574230194
0.3520704140828166,PASSED,-0.28044453565525307,0.020437217291942516,-0.10245226414908477,2.73379445242584,-0.10893721816368804,0.5493098524010472
0.3530706141228246,PASSED,-0.28042414946281075,0.02033506507613492,-0.10195218357993326,2.733685788769798,-0.1083895373371449,0.546594809304531
0.3540708141628326,PASSED,-0.2804038651742034,0.02023341046719151,-0.10145622585239444,2.7335776714461595,-0.10784455799063188,0.5439023713186784
0.3550710142028406,PASSED,-0.280383682293873,0.020132249361011652,-0.10096435973150417,2.733470097764675,-0.1073022576262874,0.5412323596950351
0.35607121424284854,PASSED,-0.2803636003303512,0.020031577683092234,-0.10047655671136393,2.733363065057472,-0.10676261397191543,0.5385845174899153
0.35707141428285655,PASSED,-0.28034361879622965,0.019931391387421282,-0.09999278831067662,2.733256570678912,-0.10622560487760395,0.5359588121925051
0.35807161432286455,PASSED,-0.28032373720813075,0.019831686458472983,-0.09951302270671399,2.733150612005393,-0.10569120837210555,0.5333549677023386
0.35907181436287255,PASSED,-0.2803039550866779,0.019732458910229275,-0.09903723193503662,2.7330451864352208,-0.1051594026483249,0.5307728944995065
0.36007201440288056,PASSED,-0.2802842719564664,0.019633704784697316,-0.09856538792990713,2.732940291388419,-0.10463016605365348,0.5282123947860329
0.36107221444288856,PASSED,-0.28026468734603466,0.01953542015348797,-0.09809746006230571,2.7328359243065745,-0.1041034771198425,0.5256732931609585
0.36207241448289657,PASSED,-0.28024520078783477,0.019437601117899325,-0.0976334192728716,2.7327320826526904,-0.1035793145016146,0.5231555016058576
0.36307261452290457,PASSED,-0.280225811818204,0.019340243806799606,-0.09717323898428322,2.732628763910995,-0.10305765705367184,0.5206587455007098
0.3640728145629126,PASSED,-0.280206519977336,0.019243344377597078,-0.09671688934802627,2.7325259655868117,-0.10253848377691692,0.5181829642577266
0.3650730146029206,PASSED,-0.2801873248092522,0.019146899017563397,-0.09626434049078474,2.73242368520638,-0.10202177381216314,0.5157279650844975
0.3660732146429286,PASSED,-0.2801682258617734,0.019050903941406728,-0.09581556660059548,2.732321920316707,-0.1015075064828847,0.5132935720744046
0.3670734146829366,PASSED,-0.28014922268649184,0.018955355391238996,-0.09537053921248478,2.732220668485404,-0.10099566126766252,0.5108796439873676
0.3680736147229446,PASSED,-0.2801303148387423,0.018860249638978702,-0.0949292276254993,2.732119927300535,-0.10048621778180987,0.5084860470961704
0.3690738147629526,PASSED,-0.2801115018775748,0.01876558298378748,-0.0944916069017025,2.732019694370459,-0.09997915581093501,0.5061125867273163
0.3700740148029606,PASSED,-0.2800927833657265,0.018671351751437894,-0.09405764931484052,2.73191996732367,-0.09947445530545763,0.5037591179774149
0.3710742148429686,PASSED,-0.28007415886959386,0.0185775522972274,-0.09362732414092952,2.731820743808651,-0.09897209634526959,0.5014255216618079
0.3720744148829766,PASSED,-0.2800556279592053,0.018484181003053157,-0.09320060752978718,2.7317220214937157,-0.09847205917243847,0.499111606944
0.3730746149229846,PASSED,-0.2800371902081935,0.018391234277548317,-0.09277747082154043,2.7316237980668547,-0.09797432419937742,0.4968172171390876
0.3740748149629926,PASSED,-0.28001884519376835,0.018298708557773945,-0.0923578857429268,2.731526071235588,-0.09747887196420456,0.4945422471953754
0.3750750150030006,PASSED,-0.28000059249668974,0.01820660030738474,-0.09194182682006191,2.731428838726816,-0.0969856831551143,0.4922865170201664
0.3760752150430086,PASSED,-0.2799824317012403,0.018114906016587655,-0.09152926678176622,2.7313320982866554,-0.09649473864721751,0.49004983514786876
0.3770754150830166,PASSED,-0.2799643623951991,0.01802362220274471,-0.09112017855039098,2.7312358476803102,-0.096006019418771,0.48783215731227464
0.3780756151230246,PASSED,-0.2799463841698144,0.01793274540994692,-0.09071453562938774,2.731140084691911,-0.0955195066037104,0.4856332535594763
0.3790758151630326,PASSED,-0.27992849661977715,0.017842272208642644,-0.09031231175419525,2.731044807124367,-0.0950351815247654,0.4834529625353473
0.38007601520304063,PASSED,-0.27991069934319496,0.017752199195444487,-0.08991348082746473,2.73095001279923,-0.09455302559616252,0.4812912393145611
0.38107621524304863,PASSED,-0.2798929919415655,0.017662522993228704,-0.08951801647466505,2.7308556995565327,-0.09407302039994743,0.479147834148763
0.38207641528305664,PASSED,-0.27987537401975043,0.01757324025144852,-0.08912589198386546,2.73076186525466,-0.09359514768108491,0.47702264200500166
0.38307661532306464,PASSED,-0.27985784518594947,0.01748434764473068,-0.08873708320715538,2.7306685077701975,-0.09311938929153366,0.4749155545821196
0.3840768153630726,PASSED,-0.27984040505167435,0.017395841873773073,-0.08835156279123774,2.7305756249977815,-0.09264572725535085,0.47282635724994654
0.3850770154030806,PASSED,-0.2798230532317236,0.017307719665038822,-0.08796930602959228,2.7304832148499742,-0.09217414372727861,0.470754975287093
0.3860772154430886,PASSED,-0.27980578934415645,0.017219977770293278,-0.0875902872228457,2.7303912752571042,-0.09170462099624478,0.46870123486498916
0.3870774154830966,PASSED,-0.2797886130102679,0.017132612966560077,-0.08721448140677467,2.7302998041671374,-0.09123714150770543,0.4666649909889392
0.3880776155231046,PASSED,-0.2797715238545633,0.01704562205606965,-0.08684186321286673,2.7302087995455375,-0.09077168782815881,0.46464613858506065
0.3890778155631126,PASSED,-0.2797545215047329,0.016959001866262428,-0.08647240753678913,2.7301182593751183,-0.09030824267474499,0.46264449663298596
0.3900780156031206,PASSED,-0.27973760559162764,0.01687274924918389,-0.0861060901063709,2.7300281816559138,-0.08984678890338768,0.46065995450687747
0.3910782156431286,PASSED,-0.2797207757492336,0.016786861081992628,-0.08574288524786022,2.7299385644050393,-0.08938730949324858,0.45869238056056855
0.3920784156831366,PASSED,-0.279704031614648,0.016701334265623095,-0.08538277045064356,2.7298494056565503,-0.08892978757563884,0.4567416089758496
0.3930786157231446,PASSED,-0.2796873728280541,0.016616165726525006,-0.08502571819638442,2.7297607034613187,-0.08847420640411202,0.45480754656078076
0.3940788157631526,PASSED,-0.27967079903269737,0.016531352414750157,-0.08467170749382878,2.7296724558868837,-0.08802054937244241,0.45289002174217097
0.3950790158031606,PASSED,-0.27965430987486073,0.016446891304476186,-0.0843207121273938,2.72958466101733,-0.08756880000932503,0.4509889240342034
0.39607921584316863,PASSED,-0.2796379050038409,0.01636277939443579,-0.08397270864905888,2.729497316953149,-0.08711894196782183,0.4491041198158818
0.39707941588317663,PASSED,-0.2796215840719245,0.01627901370634125,-0.08362767439152725,2.729410421811106,-0.08667095904293703,0.4472354615973708
0.39807961592318464,PASSED,-0.2796053467343639,0.016195591286458803,-0.08328558354305807,2.729323973724119,-0.08622483514601252,0.44538285380930426
0.39907981596319264,PASSED,-0.2795891926493538,0.016112509204115142,-0.08294641487740022,2.7292379708411127,-0.08578055433497925,0.4435461158492556
0.40008001600320064,PASSED,-0.27957312147800784,0.0160297645521162,-0.08261014341330464,2.729152411326896,-0.0853381007991596,0.4417251491332409
0.40108021604320865,PASSED,-0.2795571328843353,0.015947354446606412,-0.08227674690744054,2.7290672933620432,-0.08489745882285903,0.4399198610787972
0.40208041608321665,PASSED,-0.2795412265352175,0.015865276027152115,-0.0819462011522002,2.728982615142752,-0.08445861284770521,0.43813005120381443
0.40308061612322466,PASSED,-0.27952540210038523,0.015783526455678196,-0.08161848502173494,2.728898374880722,-0.0840215474544618,0.4363556212698265
0.40408081616323266,PASSED,-0.27950965925239557,0.01570210291696716,-0.08129357450390091,2.7288145708030305,-0.08358624730789502,0.43459649676474804
0.40508101620324066,PASSED,-0.27949399766660926,0.015621002619423239,-0.08097144623726808,2.728731201152002,-0.08315269722397879,0.4328524753505334
0.40608121624324867,PASSED,-0.27947841702116805,0.015540222792895821,-0.08065208005418371,2.7286482641850927,-0.08272088214997003,0.43112347311425725
0.40708141628325667,PASSED,-0.279462916996972,0.015459760690261863,-0.08033545102047526,2.728565758174757,-0.08229078713235018,0.4294093806236164
0.4080816163232647,PASSED,-0.27944749727765766,0.015379613586432533,-0.08002153903523411,2.728483681408327,-0.08186239736105906,0.4277100317360981
0.4090818163632727,PASSED,-0.27943215754957534,0.015299778778449295,-0.07971032061523947,2.7284020321879043,-0.0814356981281759,0.4260253669811959
0.4100820164032807,PASSED,-0.27941689750176746,0.015220253585315565,-0.07940177481272448,2.72832080883021,-0.08101067487249691,0.4243551814775321
0.4110822164432887,PASSED,-0.27940171682594644,0.015141035348081481,-0.07909587884832561,2.728240009666493,-0.08058731313511608,0.4226994413163802
0.4120824164832967,PASSED,-0.27938661521647284,0.015062121429386496,-0.07879261192609298,2.728159633042395,-0.08016559856289047,0.4210579928317501
0.41308261652330464,PASSED,-0.27937159237033415,0.014983509212882653,-0.07849195288900863,2.72807967731784,-0.07974551695028671,0.4194306924517726
0.41408281656331264,PASSED,-0.27935664798712295,0.01490519610444892,-0.07819387879687999,2.728000140866905,-0.07932705420520901,0.41781744682831906
0.41508301660332064,PASSED,-0.27934178176901553,0.014827179531039554,-0.07789836981769224,2.727921022077709,-0.07891019633338428,0.41621815515567934
0.41608321664332865,PASSED,-0.279326993420751,0.014749456940144243,-0.07760540494705637,2.7278423193523045,-0.07849492945582201,0.4146326925000121
0.41708341668333665,PASSED,-0.27931228264960994,0.014672025801052068,-0.07731496185558615,2.7277640311065507,-0.07808123983501317,0.4130609063480663
0.41808361672334465,PASSED,-0.27929764916539374,0.01459488360343848,-0.0770270214522561,2.7276861557700043,-0.07766911383242002,0.4115027334232114
0.41908381676335266,PASSED,-0.2792830926804035,0.01451802785767052,-0.07674156197842547,2.7276086917858002,-0.07725853791385653,0.40995804199035324
0.42008401680336066,PASSED,-0.2792686129094196,0.01444145609522322,-0.07645856275988469,2.7275316376105456,-0.07684949867200716,0.4084267084220549
0.42108421684336866,PASSED,-0.2792542095696812,0.01436516586716251,-0.07617800492792809,2.7274549917141986,-0.07644198281520057,0.40690862239628683
0.42208441688337667,PASSED,-0.2792398823808658,0.01428915474530211,-0.07589986648204412,2.7273787525799706,-0.07603597713521056,0.40540371838580475
0.42308461692338467,PASSED,-0.2792256310650688,0.01421342032210514,-0.07562412767358889,2.7273029187041966,-0.07563146856944411,0.4039117973535548
0.4240848169633927,PASSED,-0.2792114553467839,0.014137960209308445,-0.0753507695454333,2.7272274885962435,-0.07522844415029023,0.4024328336874338
0.4250850170034007,PASSED,-0.27919735495288256,0.014062772038676445,-0.07507977135637839,2.727152460778385,-0.07482689100710953,0.40096668284288023
0.4260852170434087,PASSED,-0.2791833296125947,0.01398785346218398,-0.07481111324985448,2.7270778337857067,-0.07442679639321971,0.39951323458777227
0.4270854170834167,PASSED,-0.27916937905748845,0.013913202151241413,-0.07454477607104171,2.7270036061659844,-0.07402814767554032,0.39807237307382126
0.4280856171234247,PASSED,-0.2791555030214511,0.013838815796341948,-0.07428074078508048,2.726929776479588,-0.07363093230734641,0.39664403160731787
0.4290858171634327,PASSED,-0.2791417012406693,0.013764692107701926,-0.07401898720998501,2.7268563432993727,-0.07323513785136214,0.3952280722355529
0.4300860172034407,PASSED,-0.27912797345360985,0.013690828815397092,-0.07375949570140233,2.726783305210571,-0.07284075199459707,0.3938243797847473
0.4310862172434487,PASSED,-0.27911431940100073,0.013617223667383391,-0.07350224955523434,2.7267106608106846,-0.0724477625194924,0.39243287198460614
0.4320864172834567,PASSED,-0.2791007388258117,0.013543874431035057,-0.07324722754373145,2.7266384087093902,-0.07205615729131942,0.3910534656318854
0.4330866173234647,PASSED,-0.2790872314732357,0.013470778893523858,-0.07299441082284377,2.726566547528428,-0.07166592430365616,0.3896860023508393
0.4340868173634727,PASSED,-0.27907379709067,0.013397934859300607,-0.07274378315685719,2.726495075901497,-0.07127705166091947,0.3883304029939258
0.4350870174034807,PASSED,-0.27906043542769715,0.013325340152016902,-0.07249532336826843,2.7264239924741656,-0.07088952752693821,0.38698662130611794
0.4360872174434887,PASSED,-0.27904714623606724,0.013252992614331558,-0.07224901389672675,2.7263532959037486,-0.07050334021104701,0.3856544456145826
0.4370874174834967,PASSED,-0.2790339292696788,0.013180890106450845,-0.07200483720336957,2.726282984859236,-0.07011847810012907,0.3843338877868639
0.4380876175235047,PASSED,-0.2790207842845607,0.013109030507002887,-0.07176277427768579,2.7262130580211665,-0.06973492967203451,0.38302478829968617
0.43908781756351273,PASSED,-0.27900771103885424,0.013037411712660735,-0.07152280771846202,2.7261435140815413,-0.06935268353796215,0.3817270312541359
0.44008801760352073,PASSED,-0.278994709292795,0.01296603163845867,-0.07128491852446599,2.726074351743725,-0.06897172837372613,0.38044058622391885
0.4410882176435287,PASSED,-0.27898177880869485,0.012894888217018157,-0.07104909005121228,2.7260055697223415,-0.06859205295923262,0.3791653000065488
0.4420884176835367,PASSED,-0.27896891935092416,0.012823979398288946,-0.0708153045145452,2.7259371667431864,-0.06821364618664394,0.3779010876434518
0.4430886177235447,PASSED,-0.2789561306858944,0.012753303150251857,-0.0705835437187877,2.725869141543127,-0.06783649702459649,0.3766478783167897
0.4440888177635527,PASSED,-0.27894341258204036,0.012682857458466132,-0.07035379049701486,2.7258014928699983,-0.06746059455262397,0.37540553440967145
0.4450890178035607,PASSED,-0.2789307648098028,0.012612640325389841,-0.07012602812913728,2.725734219482523,-0.06708592793492744,0.37417400655444893
0.4460892178435687,PASSED,-0.27891818714161126,0.012542649770870815,-0.06990023877895399,2.7256673201502015,-0.06671248643474477,0.37295316260149997
0.4470894178835767,PASSED,-0.2789056793518669,0.012472883832120314,-0.06967640539819704,2.7256007936532356,-0.06634025940352412,0.3717429436334036
0.4480896179235847,PASSED,-0.2788932412169253,0.012403340562777879,-0.06945451197192856,2.725534638782419,-0.06596923628762723,0.37054323073919126
0.4490898179635927,PASSED,-0.2788808725150798,0.012334018033952827,-0.06923454006046535,2.725468854339053,-0.06559940663783072,0.36935392916806387
0.4500900180036007,PASSED,-0.2788685730265445,0.012264914333266493,-0.06901647443691526,2.72540343913486,-0.06523076006750754,0.36817499775992796
0.4510902180436087,PASSED,-0.2788563425334374,0.012196027564809577,-0.06880029780358056,2.725338391991879,-0.06486328630465987,0.36700627290615945
0.4520904180836167,PASSED,-0.27884418081976436,0.012127355849030175,-0.06858599442994828,2.725273711742384,-0.06449697517729926,0.3658476969969154
0.4530906181236247,PASSED,-0.2788320876714023,0.012058897323307833,-0.0683735465839379,2.725209397228804,-0.06413181655029979,0.3646992470011576
0.4540908181636327,PASSED,-0.27882006287608274,0.01199065014123535,-0.068162939064845,2.7251454473036034,-0.06376780044452392,0.3635606782923388
0.45509101820364073,PASSED,-0.27880810622337604,0.011922612471769081,-0.06795415640054978,2.7250818608292318,-0.06340491693325835,0.36243206658104965
0.45609121824364873,PASSED,-0.27879621750467476,0.011854782500777528,-0.06774718071888865,2.7250186366780134,-0.0630431561491706,0.36131326242554906
0.45709141828365674,PASSED,-0.27878439651317816,0.011787158429822281,-0.06754199777948489,2.7249557737320553,-0.06268250838705973,0.36020409523441416
0.45809161832366474,PASSED,-0.27877264304387606,0.011719738476003697,-0.06733859117798342,2.7248932708831832,-0.062322963968536885,0.3591046340484755
0.45909181836367274,PASSED,-0.27876095689353303,0.011652520872529047,-0.0671369450057591,2.724831127032837,-0.06196451328907738,0.3580147097335214
0.46009201840368075,PASSED,-0.27874933786067296,0.011585503867911375,-0.06693704435894868,2.7247693410919904,-0.06160714689680627,0.35693418062950905
0.46109221844368875,PASSED,-0.2787377857455634,0.011518685726111796,-0.06673887342666458,2.724707911981068,-0.06125085537370047,0.3558630847566586
0.46209241848369675,PASSED,-0.2787263003502002,0.011452064726718437,-0.06654241670449149,2.7246468386298637,-0.06089562936657042,0.35480128871232125
0.46309261852370476,PASSED,-0.2787148814782919,0.011385639164573521,-0.06634765910519838,2.72458611997745,-0.06054145966763929,0.3537486390769967
0.46409281856371276,PASSED,-0.2787035289352451,0.011319407349050466,-0.06615458646829579,2.724525754972104,-0.06018833711265399,0.3527051655908289
0.46509301860372076,PASSED,-0.2786922425281489,0.011253367605401124,-0.06596318177004183,2.7244657425712173,-0.05983625260317407,0.351670738739307
0.46609321864372877,PASSED,-0.27868102206576,0.011187518273680157,-0.06577343168825274,2.7244060817412237,-0.05948519715924423,0.35064524739019276
0.46709341868373677,PASSED,-0.278669867358488,0.011121857707895812,-0.0655853218484085,2.724346771457503,-0.05913516187758358,0.3496286378409624
0.4680936187237448,PASSED,-0.2786587782183804,0.011056384277598816,-0.06539883592938689,2.724287810704322,-0.058786137894540895,0.3486208798438424
0.4690938187637528,PASSED,-0.2786477544591082,0.01099109636723739,-0.0652139599827861,2.724229198474735,-0.05843811646594597,0.34762179442897817
0.4700940188037607,PASSED,-0.2786367958959511,0.010925992374806298,-0.0650306807299637,2.724170933770521,-0.058091088925597244,0.3466313709618905
0.47109421884376873,PASSED,-0.278625902345783,0.010861070713130942,-0.06484898230561839,2.724113015602088,-0.05774504666211797,0.3456495251575297
0.47209441888377673,PASSED,-0.27861507362705806,0.010796329809715835,-0.06466885082143348,2.724055442988407,-0.05739998115892876,0.34467615521032835
0.47309461892378474,PASSED,-0.27860430955979604,0.010731768105775268,-0.06449027268665415,2.7239982149569397,-0.05705588396450804,0.3437112205609819
0.47409481896379274,PASSED,-0.2785936099655684,0.010667384056522776,-0.06431323362971572,2.723941330543542,-0.05671274672179571,0.3427545908132361
0.47509501900380074,PASSED,-0.2785829746674841,0.010603176131615471,-0.06413771909236225,2.7238847887924074,-0.05637056113695591,0.34180624752417005
0.47609521904380875,PASSED,-0.2785724034901757,0.010539142814571946,-0.06396371567763127,2.7238285887559828,-0.0560293189807179,0.3408660953805766
0.47709541908381675,PASSED,-0.2785618962597856,0.010475282602022858,-0.06379121046339266,2.723772729494891,-0.05568901212772315,0.33993402473752576
0.47809561912382476,PASSED,-0.2785514528039525,0.010411594004811243,-0.0636201883770972,2.7237172100778597,-0.05534963251189894,0.33901000988199337
0.47909581916383276,PASSED,-0.27854107295179714,0.010348075547657558,-0.06345063633807613,2.7236620295816487,-0.05501117212273909,0.33809397534510377
0.48009601920384076,PASSED,-0.27853075653390946,0.010284725768210688,-0.06328254151940203,2.7236071870909773,-0.054673623045419846,0.33718581196866854
0.48109621924384877,PASSED,-0.27852050338233486,0.010221543217546892,-0.06311589009339393,2.723552681698445,-0.05433697744617461,0.33628545742961624
0.48209641928385677,PASSED,-0.27851031333056075,0.010158526460258017,-0.06295066875252979,2.723498512504463,-0.0540012275375226,0.33539287613360114
0.4830966193238648,PASSED,-0.2785001862135036,0.01009567407421312,-0.06278686423980788,2.7234446786171844,-0.053666365612379446,0.33450795781620124
0.4840968193638728,PASSED,-0.2784901218674954,0.010032984650055279,-0.06262446410319773,2.7233911791524275,-0.05333238404996457,0.33363063214731914
0.4850970194038808,PASSED,-0.2784801201302712,0.009970456791429145,-0.06246345497475882,2.723338013233616,-0.05299927527260282,0.33276087417137173
0.4860972194438888,PASSED,-0.27847018084095554,0.009908089115444456,-0.062303823324643494,2.7232851799916915,-0.05266703179775714,0.33189854196188573
0.4870974194838968,PASSED,-0.27846030384005005,0.009845880251148518,-0.06214555827680173,2.723232678565063,-0.052335646201927856,0.33104363174087464
0.4880976195239048,PASSED,-0.2784504889694204,0.009783828840913505,-0.0619886448738196,2.7231805080995226,-0.05200511112361424,0.3301960426954519
0.4890978195639128,PASSED,-0.2784407360722838,0.009721933539775279,-0.06183307198116453,2.7231286677481816,-0.05167541928770496,0.32935569805183035
0.4900980196039208,PASSED,-0.2784310449931965,0.009660193014656619,-0.06167882721032041,2.7230771566714074,-0.05134656346862596,0.32852256643042616
0.4910982196439288,PASSED,-0.27842141557804106,0.009598605945521354,-0.06152589708522656,2.7230259740367484,-0.05101853651524825,0.32769654467591597
0.4920984196839368,PASSED,-0.2784118476740141,0.009537171024834047,-0.06137426975536074,2.7229751190188765,-0.05069133134291632,0.32687759076927564
0.4930986197239448,PASSED,-0.2784023411296141,0.009475886956466041,-0.06122393410976952,2.722924590799503,-0.0503649409462876,0.3260656005350089
0.4940988197639528,PASSED,-0.278392895794629,0.00941475245688917,-0.061074876554937735,2.722874388567333,-0.05003935836336145,0.3252605711869096
0.4950990198039608,PASSED,-0.27838351152012425,0.009353766255284625,-0.0609270849709543,2.7228245115179885,-0.04971457669862671,0.32446239376662117
0.4960992198439688,PASSED,-0.2783741881584308,0.009292927091839261,-0.0607805490949689,2.7227749588539463,-0.04939058914833077,0.3236709879821529
0.4970994198839768,PASSED,-0.2783649255631329,0.009232233718775903,-0.06063525570895314,2.722725729784466,-0.04906738895701523,0.3228863268711481
0.49809961992398477,PASSED,-0.27835572358905664,0.00917168490082001,-0.06049119278718752,2.722676823525539,-0.04874496941318995,0.32210835512803937
0.4990998199639928,PASSED,-0.278346582092258,0.009111279413724341,-0.060348349967990364,2.7226282392998185,-0.04842332389313336,0.32133696334228046
0.5001000200040008,PASSED,-0.2783375009300109,0.009051016045147792,-0.06020671431558897,2.7225799763365477,-0.0481024458506218,0.32057209529107383
0.5011002200440088,PASSED,-0.2783284799607963,0.008990893594117687,-0.06006627550644633,2.7225320338715155,-0.04778232875538264,0.3198137618712192
0.5021004200840168,PASSED,-0.27831951904429,0.00893091087132345,-0.05992702098609785,2.72248441114698,-0.04746296616535649,0.31906180879611157
0.5031006201240248,PASSED,-0.2783106180413517,0.008871066698696257,-0.05978894038791796,2.7224371074116047,-0.047144351732008406,0.31831618304940185
0.5041008201640328,PASSED,-0.2783017768140134,0.008811359909481148,-0.05965202176657092,2.722390121920418,-0.04682647909597263,0.3175769380266923
0.5051010202040408,PASSED,-0.2782929952254684,0.00875178934818132,-0.059516254322000015,2.7223434539347173,-0.04650934201979675,0.3168438349420087
0.5061012202440488,PASSED,-0.27828427314005977,0.00869235387047018,-0.05938162663723234,2.722297102722048,-0.04619293430945177,0.3161169606136311
0.5071014202840568,PASSED,-0.2782756104232697,0.008633052342607606,-0.05924812867946912,2.722251067556116,-0.04587724980045578,0.3153962079175516
0.5081016203240648,PASSED,-0.27826700694170836,0.008573883642183937,-0.05911574825313669,2.7222053477167356,-0.045562282437721174,0.31468146594597285
0.5091018203640728,PASSED,-0.27825846256310266,0.008514846658113766,-0.05898447461486067,2.722159942489772,-0.04524802620271277,0.31397274771669664
0.5101020204040808,PASSED,-0.27824997715628613,0.008455940289005726,-0.05885429877015916,2.7221148511670865,-0.044934475103919756,0.31326999951055534
0.5111022204440888,PASSED,-0.2782415505911875,0.00839716344462476,-0.05872520812150166,2.7220700730464746,-0.044621623252511386,0.31257308600691136
0.5121024204840968,PASSED,-0.27823318273882025,0.008338515046437539,-0.05859719156436838,2.7220256074316036,-0.04430946481789917,0.31188200034908087
0.5131026205241048,PASSED,-0.27822487347127234,0.008279994024702517,-0.058470241848792986,2.7219814536319613,-0.04399799398445306,0.3111967221774668
0.5141028205641128,PASSED,-0.27821662266169506,0.0082215993209533,-0.05834434501616592,2.7219376109628,-0.04368720502091542,0.3105171244444204
0.5151030206041208,PASSED,-0.27820843018429325,0.008163329887694188,-0.0582194920877424,2.7218940787450725,-0.04337709227185714,0.30984316546751883
0.5161032206441288,PASSED,-0.27820029591431467,0.008105184686687951,-0.05809567361856527,2.7218508563053936,-0.04306765008521783,0.3091748674205017
0.5171034206841368,PASSED,-0.2781922197280396,0.008047162690404012,-0.05797287806085347,2.721807942975957,-0.04275887290968984,0.3085120475996452
0.5181036207241448,PASSED,-0.2781842015027708,0.007989262881750453,-0.057851095715360734,2.7217653380945075,-0.042450755243098895,0.30785474591847595
0.5191038207641528,PASSED,-0.27817624111682354,0.007931484253122406,-0.05773031723650186,2.721723041004268,-0.04214329160707884,0.3072028960877842
0.5201040208041608,PASSED,-0.27816833844951533,0.007873825807271933,-0.057610531593119484,2.721681051053899,-0.041836476601594876,0.30655641174809617
0.5211042208441689,PASSED,-0.27816049338115595,0.007816286557079492,-0.05749172925865267,2.7216393675974317,-0.04153030489327735,0.30591523936380133
0.5221044208841769,PASSED,-0.2781527057930377,0.007758865524674403,-0.057373901169380445,2.72159798999422,-0.041224771176467716,0.3052793684401934
0.5231046209241849,PASSED,-0.2781449755674255,0.007701561742378689,-0.05725703637993606,2.721556917608897,-0.040919870189667897,0.3046487323729023
0.5241048209641929,PASSED,-0.2781373025875472,0.007644374252415926,-0.05714112568464895,2.7215161498113014,-0.04061559677005076,0.3040232111132843
0.5251050210042009,PASSED,-0.2781296867375839,0.007587302106108663,-0.05702616005567007,2.721475685976448,-0.0403119457653643,0.30340286706857633
0.5261052210442089,PASSED,-0.27812212790266044,0.0075303443644967535,-0.056912129316069385,2.721435525484458,-0.040008912077762325,0.3027875679575774
0.5271054210842169,PASSED,-0.27811462596883557,0.007473500098488171,-0.05679902380359126,2.7213956677205164,-0.03970649069345087,0.3021772618807042
0.5281056211242249,PASSED,-0.27810718082309294,0.007416768388042443,-0.056686834873819175,2.7213561120748255,-0.039404676603433074,0.301571975442519
0.5291058211642329,PASSED,-0.27809979235333143,0.007360148322120213,-0.056575553287837047,2.721316857942543,-0.03910346487674705,0.30097156084837073
0.5301060212042409,PASSED,-0.2780924604483559,0.007303638999904609,-0.056465168167449564,2.7212779047237357,-0.038802850649150025,0.3003760054294551
0.5311062212442489,PASSED,-0.27808518499786805,0.007247239529125407,-0.05635567252037072,2.7212392518233375,-0.03850282905629015,0.2997853178134988
0.5321064212842569,PASSED,-0.2780779658924572,0.0071909490262561885,-0.05624705643511554,2.721200898651089,-0.03820339531771745,0.2991993524121674
0.5331066213242649,PASSED,-0.2780708030235911,0.00713476661788005,-0.05613930967015347,2.7211628446214937,-0.03790454471589587,0.29861810142784867
0.5341068213642729,PASSED,-0.2780636962836071,0.007078691438761532,-0.05603242541742776,2.7211250891537664,-0.03760627254599268,0.2980415488867466
0.5351070214042809,PASSED,-0.27805664556570303,0.007022722632721527,-0.055926393121722956,2.7210876316717973,-0.03730857414913261,0.2974696288422827
0.5361072214442889,PASSED,-0.27804965076392846,0.006966859352807566,-0.05582120444212046,2.7210504716040775,-0.0370114449694463,0.2969022135823399
0.5371074214842969,PASSED,-0.2780427117731756,0.006911100760558604,-0.055716850786855864,2.721013608383688,-0.03671488043604289,0.2963394132841209
0.5381076215243049,PASSED,-0.2780358284891709,0.006855446025763537,-0.05561332413387388,2.7209770414482133,-0.036418876046554347,0.29578104029149194
0.5391078215643129,PASSED,-0.2780290008084664,0.006799894327749554,-0.05551061393405648,2.7209407702397246,-0.036123427372776275,0.29522709610245823
0.5401080216043209,PASSED,-0.2780222286284305,0.006744444854322105,-0.055408713089710945,2.7209047942047224,-0.03582852998238499,0.294677586583835
0.5411082216443288,PASSED,-0.2780155118472402,0.0066890968008565515,-0.055307613716116186,2.7208691127940865,-0.03553417952161649,0.2941323768916065
0.5421084216843368,PASSED,-0.27800885036387213,0.006633849372097548,-0.055207305454261495,2.7208337254630335,-0.03524037169601431,0.2935914580758995
0.5431086217243448,PASSED,-0.2780022440780942,0.0065787017812305995,-0.05510778114207304,2.720798631671076,-0.034947102211318484,0.29305483577577623
0.5441088217643528,PASSED,-0.27799569289045745,0.006523653248934315,-0.0550090330657602,2.720763830881977,-0.034654366837537566,0.2925223991176743
0.5451090218043608,PASSED,-0.27798919670228733,0.006468703005039782,-0.054911051113714,2.720729322563687,-0.034362161435631554,0.29199407043156245
0.5461092218443688,PASSED,-0.27798275541567596,0.006413850287200082,-0.05481382899035699,2.720695106188335,-0.03407048182689459,0.2914699676072326
0.5471094218843768,PASSED,-0.2779763689334738,0.006359094340592281,-0.05471735835276217,2.7206611812321437,-0.033779323931569474,0.2909498471370368
0.5481096219243848,PASSED,-0.2779700371592814,0.006304434419683657,-0.05462162927919985,2.7206275471754258,-0.03348868371381549,0.29043379816527676
0.5491098219643928,PASSED,-0.2779637599974415,0.006249869786521973,-0.05452663575000617,2.720594203502507,-0.03319855715176362,0.2899217379762606
0.5501100220044008,PASSED,-0.27795753735303086,0.006195399710235545,-0.05443236997737617,2.7205611497017013,-0.032908940293124016,0.2894136057485046
0.5511102220444088,PASSED,-0.2779513691318527,0.006141023468773769,-0.0543388224513765,2.7205283852652635,-0.032619829217719776,0.28890938850807235
0.5521104220844169,PASSED,-0.27794525524042857,0.006086740347978967,-0.05424598635708579,2.7204959096893506,-0.03233122003697884,0.2884090422295105
0.5531106221244249,PASSED,-0.27793919558599073,0.006032549640763117,-0.05415385445502522,2.7204637224739754,-0.03204310892228293,0.2879124963401745
0.5541108221644329,PASSED,-0.2779331900764741,0.005978450648050826,-0.054062418217135436,2.720431823122966,-0.03175549208171726,0.28741973671601434
0.5551110222044409,PASSED,-0.27792723862050905,0.005924442678752489,-0.05397167001913623,2.720400211143922,-0.03146836575687022,0.2869307169343978
0.5561112222444489,PASSED,-0.2779213411274133,0.005870525048986693,-0.05388160293023607,2.7203688860481767,-0.031181726240134683,0.2864453832696316
0.5571114222844569,PASSED,-0.2779154975071848,0.005816697082295579,-0.05379220919836401,2.7203378473507653,-0.030895569844513842,0.28596373718831275
0.5581116223244649,PASSED,-0.277909707670494,0.005762958110102966,-0.0537034808554461,2.720307094570358,-0.030609892960851762,0.2854856479779203
0.5591118223644729,PASSED,-0.2779039715286764,0.005709307470837125,-0.05361541153943856,2.720276627229256,-0.030324691982168438,0.28501119915359563
0.5601120224044809,PASSED,-0.2778982889937252,0.0056557445106792115,-0.05352799257022913,2.7202464448533186,-0.030039963348758685,0.284540256247192
0.5611122224444889,PASSED,-0.27789265997828416,0.005602268582657055,-0.053441218323441154,2.7202165469719435,-0.02975570357068443,0.2840727926256279
0.5621124224844969,PASSED,-0.2778870843956399,0.005548879047454742,-0.05335507978822767,2.7201869331180233,-0.02947190915624152,0.28360882898776507
0.5631126225245049,PASSED,-0.27788156215971527,0.005495575272675557,-0.053269571439821174,2.720157602827904,-0.029188576666135158,0.2831482641854276
0.5641128225645129,PASSED,-0.2778760931850617,0.0054423566329132025,-0.05318468531070979,2.7201285556413457,-0.028905702723147037,0.2826910621899189
0.5651130226045209,PASSED,-0.2778706773868523,0.005389222510259475,-0.05310041421573906,2.720099791101493,-0.02862328395049593,0.2822372462919018
0.5661132226445289,PASSED,-0.27786531468087483,0.005336172293712418,-0.05301675143460083,2.720071308754827,-0.028341317021860924,0.28178671686374257
0.5671134226845369,PASSED,-0.27786000498352476,0.005283205378969139,-0.05293369028239797,2.720043108151134,-0.028059798672266534,0.2813394380814838
0.5681136227245449,PASSED,-0.2778547482117982,0.005230321168655976,-0.05285122366700751,2.7200151888434627,-0.027778725645563596,0.2808954191172396
0.5691138227645529,PASSED,-0.27784954428328507,0.005177519072361165,-0.05276934471334659,2.719987550388091,-0.02749809472737642,0.2804545842338011
0.5701140228045609,PASSED,-0.27784439311616244,0.005124798506674145,-0.052688046336134484,2.7199601923444874,-0.027217902753731593,0.28001689991884865
0.5711142228445689,PASSED,-0.2778392946291874,0.005072158894963268,-0.0526073219607045,2.7199331142752845,-0.02693814657309927,0.27958236777464485
0.5721144228845769,PASSED,-0.2778342487416907,0.00501959966646945,-0.05252716618255971,2.719906315746222,-0.02665882309777517,0.27915088035706653
0.5731146229245849,PASSED,-0.27782925537356995,0.004967120257800857,-0.05244757032595011,2.7198797963261296,-0.026379929262338755,0.2787224721559824
0.5741148229645929,PASSED,-0.27782431444528294,0.004914720112585057,-0.052368528475700914,2.7198535555868872,-0.026101462019402964,0.27829709012232917
0.5751150230046009,PASSED,-0.2778194258778412,0.004862398679777418,-0.05229003569559632,2.71982759310338,-0.025823418394537393,0.2778746480277344
0.5761152230446089,PASSED,-0.27781458959280336,0.004810155415599661,-0.052212083165864454,2.7198019084534795,-0.02554579541882473,0.2774551941692782
0.5771154230846169,PASSED,-0.27780980551226886,0.00475798978283649,-0.052134665828040196,2.7197765012179924,-0.025268590160442424,0.2770386345243265
0.5781156231246249,PASSED,-0.27780507355887124,0.004705901250219314,-0.05205777714326529,2.7197513709806374,-0.024991799742623427,0.2766249400154484
0.579115823164633,PASSED,-0.2778003936557723,0.004653889292605157,-0.05198141126141868,2.7197265173280054,-0.024715421300868942,0.2762141095805097
0.580116023204641,PASSED,-0.2777957657266552,0.004601953392059512,-0.051905560068460574,2.719701939849535,-0.024439451998819285,0.2758060970290857
0.581116223244649,PASSED,-0.27779118969571864,0.004550093036198685,-0.05183021972240437,2.7196776381374597,-0.02416388906890631,0.27540081850223436
0.582116423284657,PASSED,-0.2777866654876705,0.00449830771857921,-0.05175538288418893,2.7196536117867915,-0.023888729753276657,0.2749983137145974
0.583116623324665,PASSED,-0.2777821930277216,0.004446596939537249,-0.05168104314714308,2.7196298603952895,-0.02361397129879836,0.27459854832076425
0.584116823364673,PASSED,-0.2777777722415796,0.004394960205493868,-0.05160719464087218,2.719606383563409,-0.02333961104571151,0.27420138959757273
0.585117023404681,PASSED,-0.27777340305544324,0.004343397028033186,-0.05153383267389048,2.7195831808942876,-0.023065646332123615,0.27380692958144237
0.586117223444689,PASSED,-0.27776908539599593,0.00429190692537914,-0.051460949307481754,2.7195602519937054,-0.022792074505397993,0.27341509148840903
0.587117423484697,PASSED,-0.27776481919039997,0.0042404894223872095,-0.051388538781564866,2.719537596470047,-0.022518893002050386,0.2730257779204016
0.588117623524705,PASSED,-0.2777606043662907,0.004189144048320764,-0.05131659758969882,2.719515213934277,-0.022246099260176684,0.27263905117590614
0.589117823564713,PASSED,-0.27775644085177037,0.0041378703389550915,-0.05124511721632105,2.719493103999912,-0.021973690713607587,0.27225487683122396
0.590118023604721,PASSED,-0.2777523285754026,0.004086667836434365,-0.051174092723663626,2.7194712662829863,-0.02170166488128668,0.27187313598068696
0.591118223644729,PASSED,-0.27774826746620657,0.004035536088106359,-0.05110351873089958,2.7194497004020066,-0.021430019322220557,0.2714938411230813
0.592118423684737,PASSED,-0.27774425745365094,0.003984474646657114,-0.051033389928142374,2.7194284059779448,-0.02115875155814113,0.271117046050319
0.593118623724745,PASSED,-0.27774029846764886,0.0039334830709428,-0.05096369957176224,2.719407382634192,-0.02088785918491168,0.27074259134886414
0.594118823764753,PASSED,-0.2777363904385514,0.003882560926041376,-0.050894441787864744,2.719386629996535,-0.020617339848853007,0.2703704991985453
0.595119023804761,PASSED,-0.27773253329714287,0.0038317077813314125,-0.05082561332469646,2.7193661476931195,-0.0203471911874431,0.2700007695508118
0.596119223844769,PASSED,-0.2777287269746346,0.0037809232118393085,-0.05075720693704204,2.7193459353544247,-0.020077410878154636,0.26963333578023163
0.597119423884777,PASSED,-0.2777249714026598,0.003730206799600473,-0.05068921577336575,2.7193259926132423,-0.019807996631030136,0.26926818802067837
0.5981196239247849,PASSED,-0.2777212665132679,0.003679558130685756,-0.050621637675617615,2.719306319104624,-0.01953894620326593,0.26890525425989
0.5991198239647929,PASSED,-0.27771761223891933,0.0036289767962446175,-0.05055446561815238,2.7192869144658767,-0.01927025735294277,0.2685445810320061
0.6001200240048009,PASSED,-0.27771400851248,0.003578462394094656,-0.05048769317116767,2.719267778336519,-0.019001927869767746,0.26818608460370574
0.6011202240448089,PASSED,-0.27771045526721594,0.0035280145269067074,-0.05042131653246954,2.719248910358265,-0.01873395558842826,0.267829745830007
0.6021204240848169,PASSED,-0.27770695243678817,0.0034776328016734564,-0.05035533103377223,2.719230310174976,-0.018466338374523127,0.26747552595521557
0.6031206241248249,PASSED,-0.27770349995524723,0.0034273168318053053,-0.050289729091070615,2.719211977432655,-0.018199074092842823,0.2671234521637035
0.6041208241648329,PASSED,-0.2777000977570282,0.0033770662357862813,-0.05022450730432621,2.7191939117793997,-0.017932160660054625,0.2667734198711955
0.6051210242048409,PASSED,-0.27769674577694536,0.00332688063637056,-0.050159660823317825,2.719176112865389,-0.01766559602627579,0.26642544305059557
0.6061212242448489,PASSED,-0.2776934439501873,0.0032767596619421753,-0.05009518349842909,2.719158580342851,-0.01739937813593885,0.26607952186116596
0.6071214242848569,PASSED,-0.27769019221231145,0.0032267029464681817,-0.050031070124369706,2.7191413138660274,-0.01713350499628367,0.26573555151785594
0.6081216243248649,PASSED,-0.27768699049923956,0.0031767101279768515,-0.04996731740263701,2.719124313091159,-0.01686797463418553,0.2653935691516555
0.6091218243648729,PASSED,-0.27768383874725217,0.0031267808500820096,-0.04990391822297821,2.7191075776764535,-0.016602785073178163,0.2650535555778422
0.610122024404881,PASSED,-0.27768073689298406,0.003076914761121293,-0.049840869452542756,2.7190911072820563,-0.0163379344026094,0.2647154138960453
0.611122224444889,PASSED,-0.27767768487341915,0.0030271115142576546,-0.049778165137703105,2.719074901570029,-0.01607342072542931,0.26437918603612603
0.612122424484897,PASSED,-0.2776746826258857,0.002977370767993307,-0.049715800348777026,2.7190589602043174,-0.01580924215391112,0.264044828506233
0.613122624524905,PASSED,-0.2776717300880513,0.0029276921847955334,-0.04965377176377196,2.7190432828507323,-0.015545396846341656,0.2637122936116221
0.614122824564913,PASSED,-0.27766882719791836,0.0028780754327078014,-0.04959207230370608,2.7190278691769207,-0.01528188297998629,0.26338158151786106
0.615123024604921,PASSED,-0.27766597389381914,0.0028285201842553464,-0.04953069921828734,2.7190127188523348,-0.015018698760013209,0.2630526456098944
0.616123224644929,PASSED,-0.277663170114411,0.002779026116329999,-0.04946964706338704,2.7189978315482204,-0.014755842403238451,0.2627254975513336
0.617123424684937,PASSED,-0.2776604157986719,0.0027295929109890722,-0.049408910859286906,2.718983206937573,-0.014493312175004951,0.2624000486882772
0.618123624724945,PASSED,-0.27765771088589564,0.0026802202545763453,-0.049348486781686594,2.7189688446951354,-0.014231106342792076,0.2620763545626063
0.619123824764953,PASSED,-0.27765505531568724,0.002630907838187963,-0.04928836945951243,2.718954744497347,-0.013969223215336724,0.261754309383848
0.620124024804961,PASSED,-0.27765244902795855,0.0025816553572483203,-0.04922855525972952,2.718940906022346,-0.013707661114996678,0.2614339609775122
0.621124224844969,PASSED,-0.2776498919629233,0.002532462512255339,-0.049169038148482475,2.7189273289499205,-0.013446418395230083,0.2611152256259829
0.622124424884977,PASSED,-0.2776473840610932,0.0024833290073688298,-0.04910981604519368,2.7189140129615046,-0.01318549343161429,0.26079812227566357
0.623124624924985,PASSED,-0.277644925263273,0.002434254551517607,-0.04905088238857518,2.7189009577401424,-0.012924884613018262,0.26048261614293666
0.624124824964993,PASSED,-0.2776425155105563,0.0023852388587803754,-0.04899223296966948,2.7188881629704658,-0.012664590377632491,0.26016864821432883
0.625125025005001,PASSED,-0.2776401547443211,0.0023362816463033047,-0.04893386548200495,2.7188756283386786,-0.012404609158221398,0.2598562668756019
0.626125225045009,PASSED,-0.2776378429062255,0.002287382636032647,-0.04887577346309291,2.71886335353252,-0.012144939426511535,0.2595453749327046
0.627125425085017,PASSED,-0.27763557993820326,0.0022385415552020867,-0.048817952408871504,2.718851338241254,-0.011885579681689906,0.2592359914142455
0.628125625125025,PASSED,-0.27763336578245973,0.0021897581337909145,-0.04876040074603964,2.7188395821556446,-0.011626528420928818,0.2589281069923147
0.629125825165033,PASSED,-0.27763120038146744,0.002141032106588887,-0.04870311150601903,2.718828084967921,-0.011367784199649775,0.2586216308035316
0.630126025205041,PASSED,-0.2776290836779622,0.0020923632128794258,-0.04864608184508971,2.718816846371771,-0.011109345574130998,0.25831662199560745
0.631126225245049,PASSED,-0.2776270156149382,0.002043751196234421,-0.048589306511614735,2.718805866062307,-0.010851211114456376,0.2580130181272981
0.632126425285057,PASSED,-0.2776249961356448,0.001995195803451125,-0.04853278363108404,2.7187951437360547,-0.010593379432476773,0.2577107912144712
0.633126625325065,PASSED,-0.27762302518358184,0.0019466967857474486,-0.048476507085405046,2.7187846790909194,-0.01033584916065438,0.25740992556100933
0.634126825365073,PASSED,-0.2776211027024957,0.0018982538994729411,-0.04842047240057596,2.7187744718261704,-0.010078618938737226,0.257110419487918
0.635127025405081,PASSED,-0.2776192286363754,0.001849866903397471,-0.048364678525399565,2.7187645216424188,-0.009821687435528628,0.2568122256890491
0.636127225445089,PASSED,-0.2776174029294485,0.0018015355607013705,-0.048309118809901026,2.7187548282415976,-0.009565053344895299,0.25651533392951825
0.637127425485097,PASSED,-0.2776156255261771,0.0017532596396169036,-0.048253789267511046,2.7187453913269346,-0.009308715379467003,0.2562197197608112
0.638127625525105,PASSED,-0.27761389637125383,0.001705038911057551,-0.04819868808724692,2.71873621060294,-0.009052672268773472,0.25592537131534593
0.639127825565113,PASSED,-0.2776122154095983,0.00165687315001508,-0.0481438096792873,2.7187272857753797,-0.00879692276439542,0.25563225975318793
0.640128025605121,PASSED,-0.27761058258635296,0.0016087621356705845,-0.04808915078796786,2.7187186165512545,-0.00854146564589207,0.25534035767012353
0.6411282256451291,PASSED,-0.27760899784687915,0.0015607056510505129,-0.0480347071748074,2.718710202638779,-0.008286299710784524,0.2550496533991627
0.6421284256851371,PASSED,-0.2776074611367536,0.0015127034826298465,-0.04798047591790571,2.718702043747368,-0.008031423761856327,0.25476014594755453
0.6431286257251451,PASSED,-0.2776059724017645,0.0014647554208320902,-0.04792645238432353,2.7186941395876074,-0.007776836641501049,0.25447176996042736
0.6441288257651531,PASSED,-0.27760453158790777,0.0014168612597729902,-0.04787263350895113,2.718686489871238,-0.007522537214132454,0.25418453230737403
0.6451290258051611,PASSED,-0.27760313864138336,0.0013690207972474916,-0.04781901520319717,2.7186790943111374,-0.007268524338748426,0.2538984374351311
0.6461292258451691,PASSED,-0.2776017935085917,0.0013212338348395946,-0.04776559387769704,2.7186719526212957,-0.007014796915040192,0.2536134145569698
0.6471294258851771,PASSED,-0.27760049613612986,0.0012735001772704773,-0.0477123666967307,2.718665064516803,-0.006761353863146281,0.25332947678520407
0.6481296259251851,PASSED,-0.27759924647078793,0.0012258196336589393,-0.04765932822140976,2.7186584297138263,-0.006508194104395396,0.2530466133946723
0.6491298259651931,PASSED,-0.27759804445954567,0.0011781920162975872,-0.04760647678798031,2.718652047929582,-0.006255316603975836,0.2527647584361515
0.6501300260052011,PASSED,-0.27759689004956883,0.0011306171403490288,-0.047553808722276936,2.7186459188823338,-0.006002720328023936,0.25248395429573156
0.6511302260452091,PASSED,-0.2775957831882056,0.001083094825651616,-0.04750131868083676,2.718640042291355,-0.00575040426678886,0.2522041325279731
0.6521304260852171,PASSED,-0.27759472382298306,0.0010356248951415813,-0.04744900506283329,2.71863441787693,-0.005498367425143598,0.25192531439012134
0.6531306261252251,PASSED,-0.2775937119016039,0.0009882071743230806,-0.047396864655612686,2.718629045360319,-0.005246608833584492,0.25164744300509556
0.6541308261652331,PASSED,-0.2775927473719429,0.0009408414933785225,-0.047344891803855184,2.718623924463747,-0.0049951275420589405,0.2513705238725236
0.655131026205241,PASSED,-0.2775918301820434,0.000893527685267907,-0.0472930856484558,2.7186190549103815,-0.004743922610799441,0.25109453618415
0.656131226245249,PASSED,-0.2775909602801143,0.0008462655859330574,-0.04724144179244539,2.718614436424323,-0.004492993116322751,0.2508194666717182
0.657131426285257,PASSED,-0.2775901376145263,0.0007990550354758711,-0.04718995623368027,2.718610068730579,-0.004242338163214562,0.25054527739917
0.658131626325265,PASSED,-0.27758936213380864,0.0007518958771749039,-0.04713862634582495,2.7186059515550456,-0.00399195687299274,0.25027196543692326
0.659131826365273,PASSED,-0.27758863378664617,0.0007047879565971485,-0.04708745006570909,2.718602084624496,-0.0037418483750273086,0.2499995196511041
0.660132026405281,PASSED,-0.2775879525218758,0.0006577311234167728,-0.04703642192348678,2.7185984676665575,-0.003492011821513888,0.24972790942163184
0.661132226445289,PASSED,-0.27758731828848326,0.0006107252308532298,-0.04698553965691401,2.7185951004097,-0.0032424463824162874,0.2494571255482463
0.662132426485297,PASSED,-0.27758673103559994,0.0005637701343886475,-0.04693480100302782,2.7185919825832134,-0.0029931512446505146,0.24918714591079064
0.663132626525305,PASSED,-0.2775861907124999,0.0005168656928556841,-0.04688420188625371,2.71858911391719,-0.0027441256165368255,0.24891794958228794
0.664132826565313,PASSED,-0.27758569726859633,0.00047001176922797455,-0.046833738122013344,2.7185864941425155,-0.002495368709444114,0.24864954543299406
0.665133026605321,PASSED,-0.277585250653439,0.00042320822814210547,-0.04678340972843955,2.718584122990842,-0.002246879765891272,0.24838187563274072
0.666133226645329,PASSED,-0.2775848508167106,0.0003764549378824157,-0.04673321061385659,2.718582000194579,-0.00199865804117998,0.24811495743032647
0.667133426685337,PASSED,-0.2775844977082239,0.0003297517706273385,-0.04668313834922429,2.7185801254868758,-0.0017507027963510754,0.24784876976129028
0.668133626725345,PASSED,-0.2775841912779189,0.0002830986003573199,-0.04663319155054818,2.718578498601598,-0.0015030133305819978,0.24758326310760198
0.669133826765353,PASSED,-0.27758393147585964,0.00023649530392645657,-0.04658336635107344,2.7185771192733212,-0.0012555889413998315,0.24731847323187564
0.670134026805361,PASSED,-0.27758371825223116,0.0001899417627332418,-0.04653365775464233,2.7185759872373128,-0.0010084289335392153,0.24705436427977664
0.671134226845369,PASSED,-0.2775835515573365,0.00014343786020738254,-0.04648406570667056,2.7185751022295115,-0.0007615326557311063,0.2467908868269973
0.6721344268853771,PASSED,-0.27758343134159413,9.698348143979389e-05,-0.04643458747486739,2.7185744639865153,-0.0005148994594707598,0.24652806921591278
0.6731346269253851,PASSED,-0.2775833575555347,5.0578516394460554e-05,-0.04638521675897729,2.7185740722455605,-0.000268528701478265,0.24626588384354953
0.6741348269653931,PASSED,-0.27758333014979836,4.222857420514197e-06,-0.04633595378392574,2.7185739267445164,-2.241976342007566e-05,0.24600430753461583
0.6751350270054011,PASSED,-0.27758334907513155,-4.208360126109515e-05,-0.04628679528006508,2.7185740272218655,0.00022342796138662667,0.24574333632142667
0.6761352270454091,PASSED,-0.27758341428238476,-8.834096189530352e-05,-0.046237737536970566,2.7185743734166796,0.0004690150509985134,0.24548292513886014
0.6771354270854171,PASSED,-0.27758352572250916,-0.00013454932370872392,-0.046188777997720296,2.718574965068619,0.0007143420901172844,0.24522311510537823
0.6781356271254251,PASSED,-0.2775836833465542,-0.0001807087834291957,-0.04613991420230612,2.7185758019179067,0.0009594096379210425,0.24496383626934487
0.6791358271654331,PASSED,-0.2775838871056647,-0.0002268194354616281,-0.04609114391918332,2.7185768837053215,0.0012042182327105797,0.24470510046966537
0.6801360272054411,PASSED,-0.2775841369510781,-0.00027288137093981217,-0.046042463184184534,2.7185782101721747,0.0014487684067531605,0.24444688975785775
0.6811362272454491,PASSED,-0.27758443283412193,-0.00031889467835356404,-0.045993870233463484,2.718579781060307,0.0016930606845794551,0.2441892032052529
0.6821364272854571,PASSED,-0.27758477470621096,-0.0003648594438396636,-0.045945362321190224,2.7185815961120623,0.0019370955557463244,0.24393198314128034
0.6831366273254651,PASSED,-0.2775851625188444,-0.00041077575050166163,-0.04589693622253657,2.71858365507028,0.0021808735074099824,0.24367526401190986
0.6841368273654731,PASSED,-0.27758559622360385,-0.00045664367919166917,-0.04584859033498817,2.7185859576782803,0.0024243950227860896,0.2434190162855726
0.6851370274054811,PASSED,-0.27758607577214994,-0.0005024633081372488,-0.04580032135264064,2.7185885036798503,0.002667660557200731,0.24316321316735331
0.6861372274454891,PASSED,-0.2775866011162203,-0.0005482347125510563,-0.045752126454585575,2.7185912928192315,0.002910670553729985,0.2429078521038549
0.6871374274854971,PASSED,-0.2775871722076269,-0.0005939579656716635,-0.04570400423128826,2.7185943248410958,0.0031534254383280805,0.24265290626092278
0.6881376275255051,PASSED,-0.2775877889982531,-0.0006396331377426285,-0.04565595063074956,2.7185975994905482,0.0033959256409122666,0.24239840013302794
0.6891378275655131,PASSED,-0.2775884514400519,-0.0006852602969115568,-0.04560796486104739,2.7186011165131045,0.003638171567090804,0.24214427687554357
0.6901380276055211,PASSED,-0.2775891594850427,-0.0007308395087459998,-0.04556004315004003,2.7186048756546746,0.003880163591710955,0.24189052311655532
0.6911382276455291,PASSED,-0.2775899130853094,-0.0007763708359075345,-0.04551218316919776,2.7186088766615537,0.004121902103233519,0.24163717045990346
0.6921384276855371,PASSED,-0.27759071219299747,-0.000821854339152241,-0.04546438329504576,2.7186131192804144,0.004363387480656726,0.2413841820654098
0.6931386277255451,PASSED,-0.2775915567603119,-0.0008672900769493799,-0.04541664079853412,2.7186176032582807,0.004604620052484203,0.24113149833552155
0.6941388277655531,PASSED,-0.2775924467395147,-0.0009126781048508999,-0.04536895263684391,2.7186223283425264,0.004845600162878007,0.24087918509932624
0.6951390278055611,PASSED,-0.27759338208292256,-0.0009580184761856463,-0.04532131713334806,2.71862729428086,0.005086328160115921,0.240627205330305
0.6961392278455691,PASSED,-0.2775943627429043,-0.0010033112422759968,-0.04527373206168573,2.718632500821305,0.005326804332557274,0.24037548384871998
0.6971394278855771,PASSED,-0.2775953886718786,-0.0010485564516567137,-0.04522619426007098,2.7186379477121996,0.005567028989550878,0.24012410575685827
0.6981396279255851,PASSED,-0.27759645982231196,-0.001093754150864678,-0.045178702506559754,2.7186436347021696,0.005807002429364659,0.23987299585173127
0.6991398279655932,PASSED,-0.2775975761467162,-0.0011389043845599757,-0.0451312544877899,2.7186495615401323,0.00604672491833075,0.23962215104233017
0.7001400280056012,PASSED,-0.27759873759764614,-0.0011840071940340921,-0.04508384613166726,2.7186557279752726,0.006286196728536046,0.23937158298060593
0.7011402280456092,PASSED,-0.2775999441276974,-0.001229062619090024,-0.04503647767210809,2.71866213375703,0.006525418106723355,0.23912124165844495
0.7021404280856172,PASSED,-0.2776011956895042,-0.001274070697629632,-0.044989145784607804,2.7186687786351005,0.006764389299872827,0.23887116081015658
0.7031406281256252,PASSED,-0.2776024922357373,-0.001319031464679789,-0.044941847893856364,2.7186756623594084,0.007003110539351172,0.23862129192380346
0.7041408281656332,PASSED,-0.2776038337191014,-0.0013639449530786398,-0.044894582068847236,2.7186827846800985,0.007241582024264829,0.23837161357355957
0.7051410282056412,PASSED,-0.2776052200923337,-0.0014088111944649763,-0.04484734759799581,2.7186901453475363,0.007479803982824538,0.23812218855047515
0.7061412282456492,PASSED,-0.2776066513082007,-0.001453630217309954,-0.044800139676299186,2.718697744112285,0.00771777661337592,0.23787292521865283
0.7071414282856572,PASSED,-0.2776081273194974,-0.0014984020482271372,-0.044752958411105784,2.7187055807250884,0.00795550006436456,0.23762380150196308
0.7081416283256652,PASSED,-0.27760964807904387,-0.0015431267120023138,-0.04470580068455696,2.718713654936878,0.008192974536243548,0.23737491879700512
0.7091418283656732,PASSED,-0.27761121353968415,-0.0015878042312887596,-0.044658665021038456,2.7187219664987508,0.008430200203271166,0.23712616584802715
0.7101420284056812,PASSED,-0.2776128236542837,-0.0016324346266360574,-0.04461154889813761,2.7187305151619556,0.008667177179726293,0.23687751685985917
0.7111422284456892,PASSED,-0.2776144783757275,-0.0016770179162754575,-0.04456445013357551,2.7187393006778846,0.008903905614732494,0.23662904710376076
0.7121424284856971,PASSED,-0.2776161776569183,-0.0017215541172032971,-0.04451736812401567,2.7187483227980667,0.009140385659063676,0.2363807091494617
0.7131426285257051,PASSED,-0.2776179214507739,-0.001766043243347374,-0.044470298157451287,2.7187575812741542,0.00937661740991902,0.23613244532593355
0.7141428285657131,PASSED,-0.2776197097102259,-0.0018104853073269958,-0.04442324119440193,2.7187670758579086,0.009612600968225894,0.23588430029416976
0.7151430286057211,PASSED,-0.2776215423882174,-0.0018548803202700556,-0.044376194108831916,2.7187768063011957,0.00984833645154144,0.23563627199646328
0.7161432286457291,PASSED,-0.27762341943770114,-0.0018992282904429774,-0.04432915421564841,2.71878677235597,0.010083823933431043,0.23538828848503024
0.7171434286857371,PASSED,-0.27762534081163753,-0.0019435292242781423,-0.044282120248175835,2.718796973774267,0.010319063480114868,0.23514038548301958
0.7181436287257451,PASSED,-0.27762730646299266,-0.001987783127008998,-0.04423509105264221,2.718807410308195,0.010554055177300887,0.23489257165468788
0.7191438287657531,PASSED,-0.27762931634473687,-0.0020319900019501844,-0.04418806420021546,2.718818081709922,0.010788799074307529,0.234644780574611
0.7201440288057611,PASSED,-0.2776313704098421,-0.0020761498493171117,-0.04414103614473576,2.718828987731665,0.01102329520158298,0.23439702507601165
0.7211442288457691,PASSED,-0.2776334686112808,-0.0021202626687841326,-0.04409400834854491,2.7188401281256827,0.011257543610269398,0.2341493310933526
0.7221444288857771,PASSED,-0.2776356109020236,-0.002164328458263046,-0.04404697689915896,2.718851502644268,0.01149154433489129,0.2339016536409175
0.7231446289257851,PASSED,-0.27763779723503784,-0.0022083472128280788,-0.04399993967561461,2.718863111039725,0.01172529736028736,0.23365393989950817
0.7241448289657931,PASSED,-0.27764002756328554,-0.002252318926474191,-0.04395289629310995,2.718874953064373,0.011958802706146838,0.23340628316612633
0.7251450290058011,PASSED,-0.2776423018397218,-0.0022962435916333355,-0.04390584440316819,2.7188870284705415,0.012192060398278253,0.23315863144160942
0.7261452290458091,PASSED,-0.2776446200172927,-0.0023401211981092236,-0.043858781191034237,2.7188993370105403,0.012425070386076811,0.2329108920365234
0.7271454290858171,PASSED,-0.2776469820489342,-0.0023839517350095914,-0.04381170737325658,2.718911878436669,0.01265783265188572,0.23266318165716876
0.7281456291258251,PASSED,-0.27764938788756965,-0.0024277351891493814,-0.04376461865081254,2.718924652501201,0.012890347196363233,0.2324154530244105
0.7291458291658331,PASSED,-0.2776518374861089,-0.0024714715455399854,-0.04371751488379854,2.7189376589563663,0.013122613941869215,0.23216760716036475
0.7301460292058412,PASSED,-0.2776543307974458,-0.0025151607879951095,-0.04367039416934131,2.718950897554358,0.013354632848283924,0.23191977258427415
0.7311462292458492,PASSED,-0.2776568677744571,-0.0025588028982905736,-0.04362325437954644,2.7189643680473146,0.013586403883525321,0.2316718770128099
0.7321464292858572,PASSED,-0.27765944837000067,-0.0026023978567363444,-0.043576094489919934,2.718978070187313,0.013817926955188787,0.23142386809723728
0.7331466293258652,PASSED,-0.2776620725369137,-0.002645945641857694,-0.043528912208969706,2.718992003726349,0.014049201973222533,0.23117578465808455
0.7341468293658732,PASSED,-0.27766474022801146,-0.0026894462307456134,-0.04348170667388603,2.7190061684163522,0.014280228894728044,0.2309276794037971
0.7351470294058812,PASSED,-0.277667451396085,-0.0027328995987935057,-0.043434475630563456,2.7190205640091536,0.01451100760539483,0.23067939817544614
0.7361472294458892,PASSED,-0.2776702059939005,-0.0027763057200391504,-0.04338721832236587,2.7190351902564918,0.014741537986167718,0.23043103583784888
0.7371474294858972,PASSED,-0.27767300397419686,-0.0028196645663653474,-0.04333993166208481,2.7190500469099983,0.014971819956915468,0.2301825940210177
0.7381476295259052,PASSED,-0.27767584528968475,-0.002862976108924644,-0.04329261649077171,2.719065133721187,0.01520185338569803,0.22993398529025683
0.7391478295659132,PASSED,-0.2776787298930447,-0.0029062403172006378,-0.04324526946614149,2.719080450441455,0.015431638138087105,0.22968526378828874
0.7401480296059212,PASSED,-0.27768165773692577,-0.002949457158115086,-0.04319788854665315,2.719095996822069,0.015661174101635436,0.22943643005502265
0.7411482296459292,PASSED,-0.2776846287739441,-0.0029926265983427963,-0.04315047468174807,2.719111772614153,0.01589046111647274,0.22918740469216003
0.7421484296859372,PASSED,-0.27768764295668114,-0.00303574860294062,-0.043103024541874445,2.719127777568684,0.01611949902399487,0.2289382427421148
0.7431486297259452,PASSED,-0.2776907002376826,-0.0030788231349830526,-0.043055537042804105,2.719144011436486,0.016348287685868344,0.22868894129437198
0.7441488297659532,PASSED,-0.27769380056945653,-0.003121850155948547,-0.043008010247288495,2.7191604739682265,0.01657682693891835,0.22843946088709632
0.7451490298059612,PASSED,-0.27769694390447236,-0.00316482962669349,-0.042960444410047274,2.7191771649143917,0.016805116579409998,0.2281897602280151
0.7461492298459692,PASSED,-0.27770013019515905,-0.0032077615063161656,-0.04291283643109413,2.719194084025299,0.017033156448541167,0.22793994173327528
0.7471494298859772,PASSED,-0.2777033593939041,-0.0032506457523533484,-0.04286518577457501,2.719211231051074,0.01726094636126983,0.22768989339225326
0.7481496299259852,PASSED,-0.27770663145305186,-0.0032934823206999626,-0.04281749006130747,2.7192286057416566,0.01748848610510616,0.2274396441323856
0.7491498299659932,PASSED,-0.2777099463249021,-0.003336271166471067,-0.04276974957763596,2.719246207846776,0.017715775476816274,0.2271891900952567
0.7501500300060012,PASSED,-0.27771330396170896,-0.003379012243634099,-0.04272196221996257,2.719264037115963,0.01794281427956655,0.22693854452029114
0.7511502300460092,PASSED,-0.27771670431567946,-0.0034217055039725526,-0.042674125750781146,2.7192820932985327,0.018169602291343845,0.22668765661530005
0.7521504300860172,PASSED,-0.277720147338972,-0.0034643508978389422,-0.042626239276795194,2.7193003761435715,0.018396139268517107,0.2264365242119047
0.7531506301260252,PASSED,-0.27772363298369546,-0.003506948375881837,-0.04257830388696114,2.719318885399942,0.018622424995933334,0.22618519621911312
0.7541508301660332,PASSED,-0.2777271612019074,-0.003549497885872504,-0.042530314059803634,2.7193376208162716,0.018848459239096716,0.22593360779289615
0.7551510302060412,PASSED,-0.2777307319456131,-0.003591999374259292,-0.04248227127144511,2.719356582140935,0.019074241721856317,0.22568173273740427
0.7561512302460492,PASSED,-0.2777343451667643,-0.0036344527879268364,-0.042434175264943585,2.7193757691220677,0.01929977221715977,0.2254296703474855
0.7571514302860572,PASSED,-0.27773800081725786,-0.0036768580707376665,-0.04238602117475416,2.719395181507547,0.019525050474237655,0.22517731489815085
0.7581516303260653,PASSED,-0.2777416988489344,-0.003719215165497975,-0.042337810484011335,2.71941481904498,0.019750076187587683,0.22492464565127473
0.7591518303660733,PASSED,-0.27774543921357725,-0.003761524015101912,-0.04228954235055384,2.7194346814817054,0.01997484910455213,0.22467176450656418
0.7601520304060813,PASSED,-0.27774922186291123,-0.003803784560238498,-0.04224121366060783,2.7194547685647907,0.02019936896603956,0.22441859280801335
0.7611522304460893,PASSED,-0.2777530467486015,-0.003845996740214988,-0.04219282418707774,2.7194750800410143,0.02042363545135053,0.22416508031293603
0.7621524304860973,PASSED,-0.27775691382225215,-0.0038881604935899375,-0.042144372833531576,2.719495615656867,0.020647648275456183,0.223911319967469
0.7631526305261053,PASSED,-0.2777608230354051,-0.003930275757800558,-0.04209585846201368,2.719516375158544,0.020871407159857094,0.22365726068987635
0.7641528305661133,PASSED,-0.2777647743395393,-0.003972342469175377,-0.0420472799833547,2.719537358291939,0.02109491178240955,0.22340286379417307
0.7651530306061213,PASSED,-0.2777687676860692,-0.004014360562555175,-0.04199863564409376,2.719558564802632,0.021318161819858756,0.2231481532192262
0.7661532306461293,PASSED,-0.27777280302634344,-0.004056329971612266,-0.04194992466575681,2.7195799944358936,0.021541156977348663,0.2228931603370264
0.7671534306861373,PASSED,-0.2777768803116445,-0.004098250629887223,-0.04190114734775616,2.719601646936675,0.021763896930953465,0.22263781578331582
0.7681536307261452,PASSED,-0.2777809994931869,-0.004140122468642029,-0.041852299692839844,2.719623522049593,0.021986381324354206,0.22238211181235434
0.7691538307661532,PASSED,-0.2777851605221164,-0.004181945418205578,-0.04180338281068885,2.7196456195189382,0.022208609843375075,0.2221261238265418
0.7701540308061612,PASSED,-0.27778936334950877,-0.0042237194088932655,-0.041754395939019626,2.719667939088662,0.02243058215564231,0.221869771227694
0.7711542308461692,PASSED,-0.277793607926369,-0.0042654443688070484,-0.041705335896958295,2.7196904805023703,0.022652297890669623,0.2216130442270576
0.7721544308861772,PASSED,-0.27779789420362994,-0.004307120225174428,-0.041656203347660965,2.719713243503318,0.022873756701074426,0.22135598785663993
0.7731546309261852,PASSED,-0.2778022221321515,-0.004348746905039109,-0.0416069975426948,2.719736227834412,0.0230949582525677,0.22109859391770056
0.7741548309661932,PASSED,-0.2778065916627196,-0.004390324333814255,-0.04155771626344529,2.7197594332381834,0.023315902146146157,0.22084076001896025
0.7751550310062012,PASSED,-0.2778110027460451,-0.0044318524355066585,-0.04150835864504272,2.719782859456815,0.023536588031711565,0.22058263592970498
0.7761552310462092,PASSED,-0.27781545533276264,-0.004473331133627302,-0.041458924437710404,2.7198065062320986,0.023757015537852755,0.2203240862821785
0.7771554310862172,PASSED,-0.27781994937343013,-0.004514760351189032,-0.04140941297774478,2.7198303733054674,0.02397718427680531,0.22006517406613987
0.7781556311262252,PASSED,-0.27782448481852734,-0.004556140009377319,-0.04135982166198151,2.719854460417956,0.024197093860813913,0.21980585730357602
0.7791558311662332,PASSED,-0.277829061618455,-0.004597470028473061,-0.04131015071824855,2.719878767310225,0.02441674391058311,0.2195461780796092
0.7801560312062412,PASSED,-0.2778336797235341,-0.004638750328689698,-0.04126039988223107,2.719903293722526,0.02463613401549783,0.21928605613812235
0.7811562312462492,PASSED,-0.27783833908400485,-0.004679980828613977,-0.0412105666189766,2.719928039394728,0.024855263786060316,0.21902558017872786
0.7821564312862572,PASSED,-0.27784303965002555,-0.004721161445656035,-0.04116065065744574,2.7199530040662916,0.02507413282529109,0.2187646785988066
0.7831566313262652,PASSED,-0.27784778137167204,-0.004762292097093227,-0.04111065195702205,2.7199781874762654,0.025292740697372286,0.2185033344027847
0.7841568313662732,PASSED,-0.27785256419893656,-0.004803372698952638,-0.04106056846100435,2.7200035893632886,0.025511087001337366,0.2182416170066137
0.7851570314062812,PASSED,-0.2778573880817268,-0.004844403166144716,-0.041010399679459575,2.720029209465586,0.025729171333091036,0.21797947491837752
0.7861572314462892,PASSED,-0.2778622529698654,-0.0048853834131800025,-0.0409601452725046,2.7200550475209515,0.02594699323458984,0.217716852552417
0.7871574314862972,PASSED,-0.27786715881308865,-0.00492631335346248,-0.04090980362245897,2.7200811032667573,0.026164552290792502,0.21745385863615896
0.7881576315263052,PASSED,-0.2778721055610461,-0.004967192899344987,-0.04085937405587249,2.7201073764399446,0.026381848088217846,0.21719042328480234
0.7891578315663133,PASSED,-0.2778770931632991,-0.005008021962806643,-0.040808856398844615,2.7201338667770147,0.026598880156649223,0.2169264985290949
0.7901580316063213,PASSED,-0.27788212156932074,-0.005048800454915288,-0.04075824924851163,2.7201605740140313,0.026815648062246726,0.2166621769764429
0.7911582316463293,PASSED,-0.2778871907284945,-0.00508952828557048,-0.04070755159297917,2.720187497886608,0.027032151372133436,0.2163973984935565
0.7921584316863373,PASSED,-0.2778923005901135,-0.005130205363984412,-0.04065676296123381,2.7202146381299195,0.027248389625942778,0.2161321573531986
0.7931586317263453,PASSED,-0.27789745110337993,-0.005170831599181746,-0.040605883354734175,2.7202419944786733,0.027464362353707614,0.21586644137260216
0.7941588317663533,PASSED,-0.2779026422174042,-0.005211406898846233,-0.040554910537655725,2.720269566667121,0.027680069103027206,0.21560028795091665
0.7951590318063613,PASSED,-0.277907873881204,-0.00525193116948927,-0.040503844046625784,2.7202973544290594,0.027895509428574862,0.215333683945482
0.7961592318463693,PASSED,-0.2779131460437039,-0.005292404317842552,-0.040452684557718624,2.720325357497815,0.028110682841234805,0.2150665651362519
0.7971594318863773,PASSED,-0.2779184586537341,-0.005332826249766276,-0.040401430167727015,2.720353575606239,0.028325588860457582,0.21479898861379745
0.7981596319263853,PASSED,-0.2779238116600303,-0.005373196869392146,-0.04035007926463192,2.7203820084867134,0.02854022703353475,0.21453096271941063
0.7991598319663933,PASSED,-0.2779292050112324,-0.005413516081223802,-0.04029863354300591,2.720410655871138,0.02875459686762855,0.21426241501005902
0.8001600320064013,PASSED,-0.27793463865588425,-0.005453783788739013,-0.04024709016334712,2.720439517490929,0.028968697865442813,0.21399338635040355
0.8011602320464093,PASSED,-0.2779401125424326,-0.005493999894383697,-0.04019544929890843,2.7204685930770234,0.029182529565626118,0.213723909405242
0.8021604320864173,PASSED,-0.2779456266192268,-0.005534164300440101,-0.04014371056140082,2.7204978823598585,0.02939609145990737,0.21345388419858616
0.8031606321264253,PASSED,-0.27795118083451753,-0.005574276907948202,-0.04009187213923459,2.7205273850693827,0.029609383042250016,0.2131833811053557
0.8041608321664333,PASSED,-0.277956775136457,-0.0056143376179722745,-0.04003993528062968,2.7205571009350455,0.029822403834376066,0.21291239947318297
0.8051610322064413,PASSED,-0.2779624094730973,-0.005654346330430146,-0.03998789724269917,2.720587029685793,0.03003515332172925,0.21264087927317998
0.8061612322464493,PASSED,-0.27796808379239063,-0.005694302944584441,-0.03993575876202415,2.720617171050069,0.030247630992321823,0.21236886480550096
0.8071614322864573,PASSED,-0.277973798042188,-0.005734207359391083,-0.03988351883638633,2.7206475247558095,0.03045983635250307,0.21209635709840363
0.8081616323264653,PASSED,-0.2779795521702392,-0.005774059473025519,-0.03983117683313474,2.7206780905304364,0.030671768877824974,0.21182330413757808
0.8091618323664733,PASSED,-0.2779853461241915,-0.005813859182748929,-0.0397787316502598,2.7207088681008553,0.030883428042158295,0.21154973779714745
0.8101620324064813,PASSED,-0.27799117985158966,-0.005853606385782501,-0.039726183955780155,2.720739857193455,0.031094813340683054,0.21127567234316474
0.8111622324464893,PASSED,-0.27799705329987523,-0.005893300978860864,-0.039673532493417527,2.720771057534102,0.031305924248204324,0.2110010643066755
0.8121624324864973,PASSED,-0.27800296641638544,-0.005932942856824992,-0.039620774944602234,2.720802468848137,0.03151676022727615,0.21072592224858694
0.8131626325265053,PASSED,-0.27800891914835335,-0.005972531915360516,-0.03956791426280483,2.720834090860371,0.031727320751717906,0.2104502592372103
0.8141628325665133,PASSED,-0.27801491144290685,-0.0060120680497946725,-0.03951494788172327,2.720865923295086,0.03193760529690238,0.2101740691493137
0.8151630326065213,PASSED,-0.2780209432470682,-0.006051551153128952,-0.03946187363598324,2.7208979658760257,0.032147613316270196,0.2098973195134838
0.8161632326465293,PASSED,-0.27802701450775363,-0.006090981119402967,-0.03940869469937063,2.7209302183264,0.03235734427325024,0.20962004862441497
0.8171634326865373,PASSED,-0.2780331251717725,-0.0061303578421102855,-0.03935540804595089,2.720962680368878,0.032566797633178116,0.2093422341301787
0.8181636327265454,PASSED,-0.27803927518582705,-0.006169681213017635,-0.03930201281494933,2.720995351725581,0.03277597284070915,0.20906385646493106
0.8191638327665534,PASSED,-0.27804546449651174,-0.0062089511243281405,-0.039248510307541985,2.7210282321180825,0.032984869342650346,0.2087849322587066
0.8201640328065614,PASSED,-0.27805169305031285,-0.006248167468028603,-0.03919489929574367,2.721061321267416,0.0331934866098863,0.2085054905541225
0.8211642328465694,PASSED,-0.27805796079360795,-0.006287330134908724,-0.03914117860303845,2.721094618894053,0.03340182407276963,0.2082254444361285
0.8221644328865774,PASSED,-0.2780642676726653,-0.0063264390150639315,-0.03908734785665551,2.7211281247179144,0.03360988116897889,0.2079448640579996
0.8231646329265854,PASSED,-0.2780706136336435,-0.00636549399903339,-0.039033408044658956,2.721161838458362,0.03381765735682205,0.20766373703326593
0.8241648329665934,PASSED,-0.2780769986225911,-0.0064044949766508446,-0.038979357332653786,2.7211957598341976,0.034025152065577415,0.20738202323674979
0.8251650330066013,PASSED,-0.2780834225854459,-0.00644344183638194,-0.03892519466338963,2.7212298885636614,0.03423236472702227,0.2070997535835999
0.8261652330466093,PASSED,-0.2780898854680347,-0.0064823344672144305,-0.03887092161189198,2.7212642243644303,0.034439294788782174,0.20681693387744038
0.8271654330866173,PASSED,-0.27809638721607277,-0.006521172757828792,-0.03881653661600883,2.7212987669536064,0.03464594166596981,0.20653350606109191
0.8281656331266253,PASSED,-0.2781029277751635,-0.0065599565955551335,-0.03876203846656306,2.7213335160477263,0.034852304788046136,0.2062495327531609
0.8291658331666333,PASSED,-0.2781095070907977,-0.006598685867953545,-0.038707428352977455,2.721368471362753,0.035058383596099134,0.2059649915862185
0.8301660332066413,PASSED,-0.27811612510835376,-0.006637360462529711,-0.03865270539162387,2.7214036326140727,0.03526417749871811,0.20567984330747527
0.8311662332466493,PASSED,-0.27812278177309674,-0.006675980265192336,-0.03859786750995954,2.7214389995164985,0.03546968592143666,0.20539414232592068
0.8321664332866573,PASSED,-0.278129477030178,-0.00671454516221742,-0.03854291670183431,2.7214745717842583,0.035674908288591635,0.20510785037433743
0.8331666333266653,PASSED,-0.27813621082463513,-0.006753055040336347,-0.03848785239698918,2.721510349131004,0.03587984401360573,0.2048209747739336
0.8341668333666733,PASSED,-0.2781429831013913,-0.006791509784172474,-0.03843267146221852,2.7215463312697987,0.036084492506756494,0.20453350540198895
0.8351670334066813,PASSED,-0.278149793805255,-0.006829909278780249,-0.038377376704813566,2.7215825179131206,0.03628885318535544,0.20424546073024505
0.8361672334466893,PASSED,-0.2781566428809198,-0.006868253409768792,-0.03832196717769665,2.7216189087728586,0.0364929254617552,0.203956820179437
0.8371674334866973,PASSED,-0.27816353027296353,-0.006906542060761495,-0.03826644020270554,2.7216555035603163,0.03669670874509378,0.2036675921113525
0.8381676335267053,PASSED,-0.27817045592584866,-0.006944775116005364,-0.038210798604646726,2.7216923019861987,0.036900202436144426,0.20337775701017344
0.8391678335667133,PASSED,-0.2781774197839213,-0.006982952459717783,-0.03815504045093278,2.72172930376062,0.037103405941887185,0.2030873382311475
0.8401680336067213,PASSED,-0.27818442179141123,-0.0070210739747061076,-0.038099164679920104,2.7217665085931015,0.03730631867712634,0.2027963332444937
0.8411682336467293,PASSED,-0.27819146189243144,-0.007059139544057524,-0.03804317246574774,2.7218039161925587,0.03750894002411626,0.2025046894868641
0.8421684336867373,PASSED,-0.2781985400309781,-0.007097149051438677,-0.037987063991424035,2.721841526267313,0.03771126938724817,0.20221247889527055
0.8431686337267453,PASSED,-0.2782056561509298,-0.007135102378635001,-0.03793083599958992,2.721879338525082,0.03791330617818878,0.20191966563750227
0.8441688337667533,PASSED,-0.2782128101960476,-0.0071729994076259965,-0.03787449098526689,2.7219173526729814,0.03811504977646067,0.20162622002815975
0.8451690338067613,PASSED,-0.2782200021099746,-0.007210840021186201,-0.03781802861016162,2.7219555684175227,0.038316499581246895,0.20133219462493246
0.8461692338467693,PASSED,-0.27822723183623577,-0.007248624100516816,-0.03776144647758417,2.7219939854646116,0.03851765499593054,0.20103756138944984
0.8471694338867773,PASSED,-0.2782344993182376,-0.007286351526784812,-0.03770474612827156,2.722032603519541,0.03871851539451808,0.20074229005293404
0.8481696339267853,PASSED,-0.2782418044992679,-0.007324022181609718,-0.03764792728933062,2.722071422286998,0.03891908016931935,0.20044643130016646
0.8491698339667934,PASSED,-0.2782491473224952,-0.007361635945491439,-0.03759098827664759,2.7221104414710564,0.03911934872223602,0.20014996732766488
0.8501700340068014,PASSED,-0.27825652773096937,-0.007399192699431057,-0.03753393104826597,2.7221496607751807,0.03931932043097259,0.19985286967584823
0.8511702340468094,PASSED,-0.2782639456676204,-0.007436692324018904,-0.037476753614233055,2.7221890799022184,0.039518994674325555,0.19955515913770513
0.8521704340868174,PASSED,-0.27827140107525866,-0.007474134698602182,-0.03741945522930737,2.7222286985544035,0.03971837084916881,0.19925685198028223
0.8531706341268254,PASSED,-0.2782788938965746,-0.007511519703836708,-0.03736203857133903,2.722268516433351,0.03991744833066057,0.19895790116607845
0.8541708341668334,PASSED,-0.2782864240741388,-0.007548847219635729,-0.03730450061747449,2.7223085332400614,0.04011622649920398,0.1986583467949556
0.8551710342068414,PASSED,-0.2782939915504011,-0.0075861171250168275,-0.037246841890181834,2.7223487486749094,0.04031470473444412,0.19835816087027272
0.8561712342468494,PASSED,-0.27830159626769124,-0.007623329299772008,-0.03718906333184694,2.7223891624376564,0.04051288242127018,0.19805737079658353
0.8571714342868574,PASSED,-0.27830923816821784,-0.007660483622987245,-0.037131163137496745,2.722429774227437,0.04071075893316482,0.1977559392933412
0.8581716343268654,PASSED,-0.278316917194069,-0.007697579973598351,-0.03707314226017874,2.7224705837427687,0.040908333648411434,0.19745389921545922
0.8591718343668734,PASSED,-0.27832463328721135,-0.007734618230333384,-0.037014999718269624,2.7225115906815365,0.04110560593716901,0.19715121511899342
0.8601720344068814,PASSED,-0.27833238638949065,-0.0077715982721893884,-0.03695673661449448,2.7225527947410075,0.041302575179209274,0.19684792665444076
0.8611722344468894,PASSED,-0.2783401764426309,-0.0078085199773903985,-0.036898350925354366,2.7225941956178197,0.04149924075029475,0.19654400070616557
0.8621724344868974,PASSED,-0.2783480033882349,-0.007845383224390318,-0.036839844382960785,2.722635793007985,0.0416956020150852,0.1962394408466433
0.8631726345269054,PASSED,-0.2783558671677834,-0.007882187891449571,-0.03678121551011228,2.7226775866068857,0.041891658347683124,0.19593426043210618
0.8641728345669134,PASSED,-0.2783637677226355,-0.007918933856607148,-0.03672246492255455,2.722719576109275,0.04208740912274501,0.19562845148173713
0.8651730346069214,PASSED,-0.27837170499402825,-0.00795562099790958,-0.03666359222235041,2.722761761209281,0.04228285370966829,0.1953220105509761
0.8661732346469294,PASSED,-0.27837967892307663,-0.007992249192890464,-0.03660459681990568,2.7228041416003963,0.042477991471158216,0.19501492878256188
0.8671734346869374,PASSED,-0.2783876894507733,-0.008028818319391723,-0.03654547962216044,2.7228467169754804,0.04267282177650209,0.19470722305141244
0.8681736347269454,PASSED,-0.2783957365179886,-0.00806532825528501,-0.0364862400740384,2.722889487026768,0.04286734400503146,0.1943988988480128
0.8691738347669534,PASSED,-0.2784038200654706,-0.008101778877949405,-0.03642687772463044,2.7229324514458533,0.043061557508386535,0.19408990635978068
0.8701740348069614,PASSED,-0.27841194003384445,-0.008138170064358677,-0.03636739219903435,2.722975609923702,0.043255461657508265,0.19378031096303602
0.8711742348469694,PASSED,-0.2784200963636131,-0.008174501692351403,-0.036307785188518994,2.7230189621506424,0.043449055822643586,0.193470067916843
0.8721744348869774,PASSED,-0.2784282889951564,-0.00821077363917517,-0.03624805458060143,2.7230625078163655,0.043642339356422165,0.19315917768639507
0.8731746349269854,PASSED,-0.2784365178687317,-0.008246985781394631,-0.0361882006453671,2.723106246609934,0.04383531163628846,0.192847681319564
0.8741748349669934,PASSED,-0.2784447829244733,-0.008283137996724768,-0.03612822511998289,2.7231501782197705,0.044027972027776016,0.19253553159954725
0.8751750350070014,PASSED,-0.2784530841023925,-0.008319230162135125,-0.036068125603941605,2.7231943023336593,0.04422031987492533,0.19222272418248898
0.8761752350470094,PASSED,-0.2784614213423778,-0.008355262154079541,-0.036007902838065375,2.7232386186387507,0.04441235455560043,0.19190931833684835
0.8771754350870175,PASSED,-0.27846979458419446,-0.00839123384995142,-0.03594755789442269,2.7232831268215554,0.04460407543666702,0.19159525621975412
0.8781756351270255,PASSED,-0.27847820376748483,-0.008427145126822333,-0.03588708952190644,2.7233278265679455,0.044795481861143696,0.19128053664794434
0.8791758351670335,PASSED,-0.27848664883176805,-0.008462995861008994,-0.03582649729649823,2.7233727175631564,0.044986573202457705,0.19096521109138334
0.8801760352070415,PASSED,-0.27849512971644,-0.008498785929429672,-0.03576578250346531,2.7234177994917883,0.0451773488343444,0.19064924575022926
0.8811762352470495,PASSED,-0.2785036463607735,-0.008534515209250875,-0.035704944699695686,2.723463072037794,0.04536780809025779,0.19033259602216882
0.8821764352870574,PASSED,-0.2785121987039182,-0.008570183577141977,-0.03564398335204053,2.7235085348844925,0.04555795034097095,0.19001535384049095
0.8831766353270654,PASSED,-0.27852078668490027,-0.008605790909394952,-0.035582898186932166,2.7235541877145657,0.04574777496987321,0.18969747894342837
0.8841768353670734,PASSED,-0.2785294102426229,-0.008641337083370495,-0.03552169116794847,2.723600030210047,0.045937281301297435,0.1893788997447611
0.8851770354070814,PASSED,-0.27853806931586605,-0.008676821975794398,-0.035460359927872775,2.7236460620523397,0.04612646871060522,0.18905974901646963
0.8861772354470894,PASSED,-0.2785467638432862,-0.008712245462705154,-0.035398904899342,2.7236922829222023,0.04631533657536514,0.18873994192222618
0.8871774354870974,PASSED,-0.2785554937634168,-0.008747607421713658,-0.03533732841461101,2.7237386924997495,0.04650388422034853,0.188419447024157
0.8881776355271054,PASSED,-0.27856425901466825,-0.008782907729733908,-0.03527562775734161,2.723785290464465,0.04669211102839379,0.18809838205932225
0.8891778355671134,PASSED,-0.27857305953532746,-0.008818146262790027,-0.03521380325530082,2.723832076495183,0.046880016365007375,0.18777663964976762
0.8901780356071214,PASSED,-0.2785818952635584,-0.0088533228981693,-0.03515185679525384,2.723879050270103,0.04706759956607073,0.18745424200573899
0.8911782356471294,PASSED,-0.2785907661374019,-0.00888843751301868,-0.03508978688546341,2.72392621146678,0.047254860005112254,0.18713123706538137
0.8921784356871374,PASSED,-0.27859967209477565,-0.00892348998411564,-0.03502759390462355,2.723973559762133,0.047441797049740934,0.18680758300421915
0.8931786357271454,PASSED,-0.2786086130734744,-0.008958480188311838,-0.034965277723914,2.7240210948324397,0.04762841004684367,0.18648327316840949
0.8941788357671534,PASSED,-0.2786175890111699,-0.008993408002579108,-0.03490283862950773,2.724068816353335,0.047814698357134706,0.186158335039449
0.8951790358071614,PASSED,-0.278626599845411,-0.009028273304628737,-0.034840277663043956,2.724116723999817,0.04800066134853738,0.18583276231149926
0.8961792358471694,PASSED,-0.2786356455136236,-0.009063075971011003,-0.03477759219508102,2.7241648174462414,0.04818629837576837,0.1855065371773147
0.8971794358871774,PASSED,-0.27864472595311096,-0.009097815879102637,-0.03471478535600062,2.7242130963663267,0.048371608799300386,0.18517968110181196
0.8981796359271854,PASSED,-0.2786538411010536,-0.009132492906723985,-0.034651855798247574,2.724261560433149,0.04855659198267514,0.18485218489005245
0.8991798359671934,PASSED,-0.2786629908945094,-0.009167106930712604,-0.03458880278219829,2.724310209319149,0.04874124728533734,0.18452404784363052
0.9001800360072014,PASSED,-0.27867217527041377,-0.009201657828766857,-0.034525628235623974,2.7243590426961255,0.048925574066759216,0.18419527047404022
0.9011802360472094,PASSED,-0.2786813941655795,-0.009236145478696034,-0.03446233105821382,2.724408060235238,0.049109571688579996,0.18386585605193914
0.9021804360872174,PASSED,-0.2786906475166974,-0.009270569758131363,-0.03439891168674041,2.7244572616070113,0.04929323951711888,0.18353581019684528
0.9031806361272254,PASSED,-0.2786999352603356,-0.009304930544419908,-0.03433536935641337,2.7245066464813306,0.04947657691271583,0.18320511919701926
0.9041808361672334,PASSED,-0.27870925733294044,-0.009339227716081014,-0.03427170653090141,2.7245562145274427,0.049659583234474246,0.1828737901326812
0.9051810362072414,PASSED,-0.27871861367083595,-0.00937346115115283,-0.03420792076576008,2.724605965413958,0.049842257847870663,0.18254182890558202
0.9061812362472494,PASSED,-0.2787280042102246,-0.009407630727239854,-0.034144012967867045,2.7246558988088503,0.050024600119440446,0.18220923334592243
0.9071814362872574,PASSED,-0.2787374288871869,-0.009441736323157283,-0.03407998455047031,2.7247060143794597,0.05020660941221211,0.1818759990554899
0.9081816363272655,PASSED,-0.2787468876376817,-0.009475777817283405,-0.03401583384322197,2.724756311792486,0.05038828508505196,0.18154212202943584
0.9091818363672735,PASSED,-0.2787563803975463,-0.009509755087713206,-0.033951561487521445,2.7248067907139983,0.05056962651194566,0.1812076301365322
0.9101820364072815,PASSED,-0.2787659071024969,-0.009543668013794922,-0.03388716914451196,2.7248574508094268,0.050750633050463734,0.1808724774390976
0.9111822364472895,PASSED,-0.2787754676881281,-0.009577516474062474,-0.03382265434957994,2.7249082917435743,0.05093130407414561,0.18053672117705874
0.9121824364872975,PASSED,-0.2787850620899138,-0.009611300347525562,-0.033758019538761154,2.7249593131806,0.05111163894348632,0.18020030144981455
0.9131826365273055,PASSED,-0.27879469024320674,-0.009645019513260293,-0.033693263198712,2.7250105147840435,0.051291637032950824,0.1798632814742946
0.9141828365673135,PASSED,-0.27880435208323906,-0.009678673850898859,-0.033628387265133335,2.725061896216802,0.05147129770849684,0.1795256049271689
0.9151830366073215,PASSED,-0.2788140475451221,-0.009712263239712925,-0.03356338984668945,2.725113457141146,0.05165062033213834,0.17918730278439737
0.9161832366473295,PASSED,-0.278823776563847,-0.009745787559127653,-0.033498272460085285,2.725165197218716,0.051829604284590415,0.1788483855638587
0.9171834366873375,PASSED,-0.27883353907428465,-0.00977924668968065,-0.033433035948272564,2.725217116110517,0.05200824892931591,0.1785088174999155
0.9181836367273455,PASSED,-0.27884333501118574,-0.009812640510950588,-0.0333676781510501,2.7252692134769347,0.052186553641695485,0.17816864229934795
0.9191838367673535,PASSED,-0.2788531643091813,-0.0098459689028762,-0.03330220110865256,2.725321488977716,0.05236451779001288,0.17782781899609243
0.9201840368073615,PASSED,-0.2788630269027824,-0.009879231746588429,-0.033236605447945496,2.7253739422719905,0.05254214075227074,0.1774863910990379
0.9211842368473695,PASSED,-0.2788729227263808,-0.009912428922086575,-0.03317088886494562,2.7254265730182516,0.05271942189574595,0.17714431172598824
0.9221844368873775,PASSED,-0.278882851714249,-0.009945560310401648,-0.03310505461515832,2.7254793808743774,0.05289636060402687,0.1768016393175345
0.9231846369273855,PASSED,-0.2788928138005403,-0.009978625792753484,-0.03303910084295731,2.725532365497609,0.0530729562425679,0.17645830469003887
0.9241848369673935,PASSED,-0.2789028089192893,-0.010011625250108347,-0.03297302836279769,2.725585526544577,0.053249208196407286,0.17611438660560993
0.9251850370074015,PASSED,-0.2789128370044118,-0.010044558563963111,-0.03290683751607603,2.7256388636712776,0.05342511584104862,0.17576981666513905
0.9261852370474095,PASSED,-0.2789228979897051,-0.010077425616125405,-0.03284052859310708,2.725692376533093,0.05360067855153101,0.17542463969388478
0.9271854370874175,PASSED,-0.2789329918088485,-0.010110226288268598,-0.032774101176582866,2.725746064784777,0.053775895706922,0.17507883252240647
0.9281856371274255,PASSED,-0.27894311839540314,-0.010142960462652251,-0.032707556521700466,2.725799928080474,0.0539507666989682,0.17473243172873507
0.9291858371674335,PASSED,-0.27895327768281253,-0.010175628021905267,-0.03264089440722646,2.7258539660736987,0.05412529089582497,0.17438537360879233
0.9301860372074415,PASSED,-0.27896346960440255,-0.010208228848120008,-0.03257411408641653,2.725908178417354,0.05429946768183364,0.17403772760858427
0.9311862372474495,PASSED,-0.27897369409338185,-0.010240762824231179,-0.03250721746100593,2.725962564763728,0.054473296457289905,0.1736894740213839
0.9321864372874575,PASSED,-0.278983951082842,-0.010273229833759811,-0.032440204240383894,2.726017124764487,0.05464677658660012,0.17334056616942842
0.9331866373274655,PASSED,-0.2789942405057579,-0.010305629759724546,-0.032373073780968833,2.726071858070687,0.054819907459214626,0.17299107691123414
0.9341868373674735,PASSED,-0.2790045622949879,-0.010337962485686405,-0.03230582741578679,2.7261267643327742,0.05499268848301859,0.17264098839911537
0.9351870374074815,PASSED,-0.2790149163832739,-0.01037022789566717,-0.03223846502408168,2.726181843200573,0.05516511901864124,0.1722902337716844
0.9361872374474896,PASSED,-0.27902530270324205,-0.01040242587371626,-0.03217098673242891,2.726237094323303,0.055337198461899356,0.171938916249072
0.9371874374874976,PASSED,-0.27903572118740266,-0.010434556304262588,-0.03210339308892465,2.7262925173495773,0.055508926229677284,0.17158700213049258
0.9381876375275056,PASSED,-0.2790461717681506,-0.010466619071970017,-0.032035684119763146,2.726348111927393,0.05568030168092885,0.17123441733228434
0.9391878375675135,PASSED,-0.27905665437776545,-0.010498614061703158,-0.03196786014206163,2.726403877704149,0.055851324222075574,0.17088129035634714
0.9401880376075215,PASSED,-0.279067168948412,-0.010530541158731347,-0.031899921618938745,2.72645981432663,0.056021993260324324,0.170527536843678
0.9411882376475295,PASSED,-0.2790777154121403,-0.010562400248785976,-0.031831869011757156,2.7265159214410226,0.056192308171974445,0.17017316152107895
0.9421884376875375,PASSED,-0.2790882937008863,-0.010594191217501138,-0.031763701850762785,2.7265721986929066,0.0563622683613547,0.16981820795305394
0.9431886377275455,PASSED,-0.27909890374647167,-0.010625913950819873,-0.03169542096404976,2.7266286457272613,0.05653187323707136,0.16946265422571655
0.9441888377675535,PASSED,-0.27910954548060435,-0.010657568335259623,-0.031627026756882656,2.7266852621884667,0.056701122188985174,0.16910648370588144
0.9451890378075615,PASSED,-0.27912021883487903,-0.010689154257940951,-0.03155851996429126,2.7267420477203035,0.0568700146196633,0.16874972865961907
0.9461892378475695,PASSED,-0.2791309237407769,-0.010720671605187984,-0.0314898987688604,2.7267990019659507,0.05703854993302468,0.16839236982920844
0.9471894378875775,PASSED,-0.27914166012966685,-0.010752120264727131,-0.03142116671933837,2.7268561245679988,0.057206727540059864,0.16803443183917793
0.9481896379275855,PASSED,-0.2791524279328047,-0.010783500124314187,-0.031352321498867866,2.726913415168438,0.057374546842245154,0.16767588241602419
0.9491898379675935,PASSED,-0.27916322708133434,-0.010814811071292497,-0.03128336396460608,2.726970873408668,0.05754200724113457,0.1673167432050192
0.9501900380076015,PASSED,-0.2791740575062879,-0.010846052994618988,-0.03121429623441541,2.7270284989294975,0.057709108157671156,0.16695703209097293
0.9511902380476095,PASSED,-0.27918491913858556,-0.01087722578268604,-0.03114511595547677,2.727086291371142,0.05787584899687815,0.16659671061767548
0.9521904380876175,PASSED,-0.27919581190903664,-0.010908329324068674,-0.031075825000738945,2.7271442503732297,0.058042229164619104,0.1662358058231422
0.9531906381276255,PASSED,-0.27920673574833943,-0.010939363508665732,-0.031006424327936846,2.7272023755748043,0.05820824808606155,0.16587433185531955
0.9541908381676335,PASSED,-0.2792176905870816,-0.010970328225743628,-0.030936912244536784,2.7272606666143226,0.05837390517558033,0.16551226129441818
0.9551910382076415,PASSED,-0.2792286763557407,-0.01100122336493499,-0.030867290489244113,2.7273191231296567,0.05853919983866941,0.16514959761885079
0.9561912382476495,PASSED,-0.27923969298468426,-0.011032048816940124,-0.03079755968239497,2.7273777447580976,0.05870413150326372,0.16478637591128978
0.9571914382876575,PASSED,-0.27925074040417047,-0.01106280447265291,-0.03072771973304903,2.727436531136359,0.058868699598423314,0.16442257465844967
0.9581916383276655,PASSED,-0.279261818544348,-0.01109349022225556,-0.03065776951571698,2.7274954819005686,0.05903290352537984,0.16405816182191002
0.9591918383676735,PASSED,-0.27927292733525716,-0.01112410595760295,-0.03058771256850635,2.727554596686283,0.05919674271860953,0.1636932141682001
0.9601920384076815,PASSED,-0.27928406670682926,-0.011154651570615444,-0.030517546641817564,2.7276138751284815,0.05936021661178826,0.16332767918574131
0.9611922384476895,PASSED,-0.2792952365888879,-0.011185126952838846,-0.03044727261112696,2.727673316861574,0.05952332462515058,0.16296156948004578
0.9621924384876975,PASSED,-0.27930643691114876,-0.01121553199699176,-0.030376891847440437,2.72773292151939,0.05968606617847814,0.16259487589256294
0.9631926385277055,PASSED,-0.27931766760322013,-0.011245866595854083,-0.030306403538913444,2.7277926887351938,0.05984844071270893,0.1622276397896093
0.9641928385677135,PASSED,-0.2793289285946034,-0.01127613064258205,-0.030235808854005508,2.727852618141684,0.060010447668613874,0.16185983331515455
0.9651930386077215,PASSED,-0.27934021981469304,-0.011306324030582997,-0.03016510743224055,2.7279127093709876,0.06017208646193192,0.1614914333199799
0.9661932386477295,PASSED,-0.27935154119277766,-0.011336446654001237,-0.030094300742238993,2.7279729620546704,0.060333356534960476,0.161122499500944
0.9671934386877376,PASSED,-0.27936289265803965,-0.011366498407067662,-0.030023387949214452,2.7280333758237325,0.06049425733623671,0.1607530024597551
0.9681936387277456,PASSED,-0.279374274139556,-0.011396479184389656,-0.029952370237178238,2.7280939503086152,0.06065478829364521,0.16038292737434437
0.9691938387677536,PASSED,-0.27938568556629884,-0.011426388881243083,-0.02988124793092572,2.728154685139202,0.06081494885457443,0.16001231663246465
0.9701940388077616,PASSED,-0.27939712686713514,-0.011456227392873462,-0.029810020763349897,2.7282155799448153,0.0609747384646182,0.15964113898463664
0.9711942388477696,PASSED,-0.2794085979708279,-0.011485994615424855,-0.029738690410087164,2.728276634354228,0.0611341565653207,0.15926940851441557
0.9721944388877776,PASSED,-0.2794200988060361,-0.011515690445061412,-0.029667255787539114,2.7283378479956504,0.06129320259940226,0.15889711779298527
0.9731946389277856,PASSED,-0.279431629301315,-0.011545314778110473,-0.02959571789007473,2.7283992204967493,0.061451876025915016,0.1585242989926032
0.9741948389677936,PASSED,-0.2794431893851171,-0.011574867512242237,-0.029524078292890162,2.7284607514846404,0.06161017629831185,0.15815092133298575
0.9751950390078016,PASSED,-0.2794547789857919,-0.011604348544737658,-0.029452335297107897,2.7285224405858908,0.061768102858786096,0.157776986568419
0.9761952390478096,PASSED,-0.27946639803158674,-0.011633757773189323,-0.029380490554705662,2.7285842874265187,0.06192565516371426,0.15740251716799616
0.9771954390878176,PASSED,-0.27947804645064706,-0.011663095096282428,-0.029308544785372696,2.728646291632009,0.06208283268921599,0.15702753105754336
0.9781956391278256,PASSED,-0.27948972417101675,-0.011692360412822799,-0.02923649771036822,2.728708452827293,0.06223963487252299,0.15665195147330727
0.9791958391678336,PASSED,-0.2795014311206387,-0.01172155362148037,-0.02916434928903967,2.728770770636773,0.062396061181555676,0.15627588073892784
0.9801960392078416,PASSED,-0.2795131672273552,-0.011750674622131772,-0.029092101559644434,2.728833244684303,0.06255211108664412,0.15589925465477475
0.9811962392478496,PASSED,-0.2795249324189082,-0.011779723315167266,-0.02901975401939586,2.728895874593212,0.06270778404830182,0.1555220996596544
0.9821964392878576,PASSED,-0.2795367266229401,-0.011808699600485974,-0.028947306184916817,2.7289586599862927,0.06286307953768704,0.1551444158689075
0.9831966393278656,PASSED,-0.2795485497669938,-0.011837603378871901,-0.028874759853266308,2.7290216004858014,0.06301799701672177,0.15476618781196683
0.9841968393678736,PASSED,-0.27956040177851327,-0.011866434552135536,-0.028802115537210266,2.729084695713472,0.06317253596495365,0.1543874551784827
0.9851970394078816,PASSED,-0.2795722825848441,-0.011895193021831011,-0.028729372467652618,2.7291479452905087,0.06332669585862011,0.15400818599178814
0.9861972394478896,PASSED,-0.2795841921132338,-0.011923878689911753,-0.02865653182280125,2.7292113488375898,0.06348047616296039,0.15362838323926234
0.9871974394878976,PASSED,-0.2795961302908324,-0.011952491459374158,-0.02858359455547286,2.7292749059748735,0.06363387636638763,0.1532480835525709
0.9881976395279056,PASSED,-0.2796080970446925,-0.011981031233005554,-0.028510559682011334,2.729338616321998,0.06378689595274285,0.15286725489032282
0.9891978395679136,PASSED,-0.2796200923017704,-0.012009497914441067,-0.028437429271180863,2.729402479498084,0.06393953439581807,0.15248590186511085
0.9901980396079216,PASSED,-0.27963211598892573,-0.012037891407691643,-0.028364202570174118,2.7294664951217307,0.06409179117952248,0.1521040382639516
0.9911982396479296,PASSED,-0.2796441680329227,-0.01206621161712688,-0.028290880678609655,2.729530662811027,0.06424366579733538,0.15172167084555394
0.9921984396879376,PASSED,-0.27965624836042996,-0.012094458447826344,-0.02821746404670169,2.729594982183555,0.06439515774660697,0.1513388015555903
0.9931986397279456,PASSED,-0.27966835689802144,-0.012122631804888637,-0.02814395240601834,2.7296594528563785,0.06454626649969737,0.15095538744693587
0.9941988397679536,PASSED,-0.27968049357217645,-0.01215073159424341,-0.02807034732060852,2.7297240744460614,0.06469699156138466,0.15057151118083875
0.9951990398079616,PASSED,-0.2796926583092806,-0.012178757722384371,-0.027996648687861312,2.7297888465686606,0.06484733243779796,0.1501871199016295
0.9961992398479695,PASSED,-0.27970485103562587,-0.01220671009570077,-0.027922856402089424,2.729853768839731,0.06499728861007104,0.14980220718738685
0.9971994398879775,PASSED,-0.27971707167741133,-0.012234588621410115,-0.02784897191418365,2.7299188408743267,0.06514685958583945,0.14941682148910385
0.9981996399279855,PASSED,-0.2797293201607433,-0.012262393207630949,-0.027774995758600148,2.729984062287002,0.06529604487225203,0.1490309296949095
0.9991998399679936,PASSED,-0.2797415964116363,-0.012290123762369438,-0.02770092739175062,2.730049432691822,0.0654448439755387,0.14864455234784946
1.0002000400080016,PASSED,-0.2797539003560132,-0.01231778019410067,-0.0276267679575543,2.7301149517023555,0.06559325640124081,0.14825767460495998
1.0012002400480096,PASSED,-0.27976623191970557,-0.012345362411891506,-0.027552517679689293,2.7301806189316777,0.06574128165438081,0.14787030549668184
1.0022004400880176,PASSED,-0.27977859102845465,-0.012372870325889393,-0.027478178210019903,2.730246433992378,0.06588891925382437,0.14748246207479684
1.0032006401280256,PASSED,-0.27979097760791133,-0.012400303845790184,-0.02740374769463965,2.7303123964965623,0.06603616872050631,0.14709413642003472
1.0042008401680336,PASSED,-0.279803391583637,-0.012427662881896713,-0.02732922838111998,2.7303785060558474,0.06618302955950808,0.14670530738959717
1.0052010402080416,PASSED,-0.27981583288110373,-0.01245494734600492,-0.027254621259598495,2.730444762281377,0.06632950130145356,0.14631603164938217
1.0062012402480496,PASSED,-0.27982830142569504,-0.01248215714930828,-0.027179924665869666,2.7305111647838056,0.06647558346226526,0.14592624691992517
1.0072014402880576,PASSED,-0.2798407971427063,-0.012509292203887265,-0.02710514118772926,2.7305777131733238,0.06662127557102479,0.14553601665260282
1.0082016403280656,PASSED,-0.27985331995734514,-0.012536352422345458,-0.02703026997183574,2.7306444070596383,0.06676657715544553,0.1451452962661544
1.0092018403680736,PASSED,-0.279865869794732,-0.012563337717799428,-0.026955312442058663,2.7307112460519862,0.06691148773531987,0.14475410227977265
1.0102020404080816,PASSED,-0.2798784465799007,-0.012590248003594304,-0.026880268030085648,2.730778229759144,0.06705600686301955,0.1443624779796322
1.0112022404480896,PASSED,-0.2798910502377989,-0.012617083194367582,-0.0268051392687418,2.7308453577894105,0.06720013405758037,0.14397033894828973
1.0122024404880976,PASSED,-0.27990368069328847,-0.012643843204018493,-0.026729923239023144,2.730912629750629,0.06734386885636494,0.1435777720087663
1.0132026405281056,PASSED,-0.2799163378711464,-0.012670527948005722,-0.026654624486032726,2.7309800452501793,0.06748721081389356,0.14318474787519736
1.0142028405681136,PASSED,-0.2799290216960646,-0.012697137342105338,-0.02657924050867442,2.7310476038949796,0.06763015945641879,0.14279123895858156
1.0152030406081216,PASSED,-0.2799417320926513,-0.012723671302182651,-0.02650377312307061,2.7311153052914965,0.06777271433501011,0.14239730501314582
1.0162032406481296,PASSED,-0.27995446898543075,-0.012750129744801964,-0.026428222283473208,2.731183149045739,0.06791487500070671,0.14200290615223587
1.0172034406881376,PASSED,-0.2799672322988444,-0.012776512587362574,-0.026352589412034753,2.731251134763265,0.06805664099602297,0.14160805475893387
1.0182036407281456,PASSED,-0.2799800219572509,-0.01280281974737565,-0.026276873747103455,2.731319262049189,0.06819801188358911,0.14121277610427002
1.0192038407681536,PASSED,-0.27999283788492696,-0.012829051143140643,-0.026201077110254545,2.7313875305081776,0.06833898721943388,0.14081704233843553
1.0202040408081616,PASSED,-0.2800056800060678,-0.012855206693512575,-0.02612519921305127,2.731455939744446,0.06847956653938754,0.14042083836380884
1.0212042408481696,PASSED,-0.2800185482447873,-0.012881286317036422,-0.026049239731044827,2.7315244893617843,0.06861974943416205,0.1400242657149549
1.0222044408881776,PASSED,-0.28003144252511936,-0.012907289934625775,-0.02597320282822583,2.731593178963527,0.06875953545271059,0.1396271871042657
1.0232046409281856,PASSED,-0.28004436277101735,-0.01293321746582507,-0.025897083446674365,2.731662008152585,0.06889892414870667,0.139229701923946
1.0242048409681936,PASSED,-0.28005730890635583,-0.01295906883147506,-0.025820887118865165,2.7317309765314355,0.06903791511925876,0.13883181630417257
1.0252050410082016,PASSED,-0.28007028085492996,-0.012984843953291643,-0.0257446116150608,2.7318000837021224,0.06917650791867282,0.13843345482064157
1.0262052410482096,PASSED,-0.2800832785404569,-0.013010542752970176,-0.025668258387514565,2.731869329266264,0.06931470211184351,0.13803468540408292
1.0272054410882177,PASSED,-0.28009630188657564,-0.013036165152842708,-0.025591827529210347,2.731938712825049,0.06945249728960579,0.13763550600107927
1.0282056411282257,PASSED,-0.28010935081684823,-0.013061711076181245,-0.025515320544758358,2.7320082339792537,0.06958989303716911,0.13723590860484833
1.0292058411682337,PASSED,-0.2801224252547598,-0.013087180446570638,-0.02543873695248226,2.7320778923292233,0.06972688891327707,0.13683585444332885
1.0302060412082417,PASSED,-0.28013552512371925,-0.013112573187685111,-0.025362077222465352,2.732147687474895,0.06986348451647297,0.13643543569760863
1.0312062412482497,PASSED,-0.28014865034706,-0.013137889224315944,-0.025285342903077903,2.732217619015789,0.0699996794445298,0.13603458962966017
1.0322064412882577,PASSED,-0.28016180084804015,-0.013163128481831453,-0.025208533923794532,2.732287686551015,0.07013547326877491,0.13563331398874126
1.0332066413282657,PASSED,-0.28017497654984336,-0.013188290885747364,-0.02513165057732114,2.7323578896792746,0.07027086558987869,0.13523165918045815
1.0342068413682737,PASSED,-0.28018817737557933,-0.013213376362266254,-0.025054693813267793,2.732428227998859,0.0704058560035517,0.13482958333473707
1.0352070414082817,PASSED,-0.2802014032482842,-0.013238384838359273,-0.0249776642795202,2.7324987011076614,0.07054044410751244,0.13442711771138513
1.0362072414482897,PASSED,-0.2802146540909212,-0.013263316241549037,-0.02490056246325753,2.732569308603178,0.07067462951104388,0.13402426074481177
1.0372074414882977,PASSED,-0.28022792982638134,-0.0132881704993722,-0.024823388063099066,2.732640050082493,0.07080841179564486,0.13362096717174957
1.0382076415283057,PASSED,-0.28024123037748366,-0.013312947540490849,-0.02474614315568051,2.7327109251423165,0.070941790592451,0.13321734989571604
1.0392078415683137,PASSED,-0.28025455566697616,-0.013337647294309207,-0.024668827593476973,2.732781933378951,0.07107476550825956,0.13281329308377682
1.0402080416083217,PASSED,-0.28026790561753595,-0.013362269689584774,-0.02459144039696009,2.7328530743883164,0.07120733613460589,0.1324088485213995
1.0412082416483297,PASSED,-0.28028128015177023,-0.01338681465720651,-0.024513985771586932,2.7329243477659384,0.07133950209612197,0.13200403684585518
1.0422084416883377,PASSED,-0.28029467919221646,-0.013411282127973137,-0.024436460763322194,2.732995753106973,0.07147126303294722,0.1315988701448551
1.0432086417283457,PASSED,-0.28030810266134326,-0.013435672032396805,-0.024358866863898897,2.733067290006186,0.07160261854176353,0.13119326793062652
1.0442088417683537,PASSED,-0.28032155048155083,-0.013459984303063778,-0.024281206535688746,2.733138958057968,0.0717335682409447,0.13078732001486884
1.0452090418083617,PASSED,-0.2803350225751714,-0.013484218872445814,-0.02420347794626758,2.733210756856333,0.0718641117804602,0.1303810191825874
1.0462092418483697,PASSED,-0.28034851886447004,-0.013508375672957094,-0.02412568222128878,2.733282685994924,0.07199424877568167,0.12997431258071598
1.0472094418883777,PASSED,-0.28036203927164505,-0.013532454638584233,-0.024047821231039285,2.7333547450670146,0.07212397885306172,0.12956725391295593
1.0482096419283857,PASSED,-0.2803755837188286,-0.013556455703510863,-0.02396989405702502,2.733426933665511,0.07225330165877673,0.12915984024970564
1.0492098419683937,PASSED,-0.28038915212808724,-0.013580378802250458,-0.023891901861310804,2.7334992513829612,0.07238221683555056,0.12875206778989046
1.0502100420084017,PASSED,-0.28040274442142266,-0.013604223870202206,-0.023813845345374084,2.733571697811546,0.07251072400702997,0.12834390727242748
1.0512102420484097,PASSED,-0.280416360520772,-0.01362799084317981,-0.023735724732423247,2.733644272543089,0.07263882281974061,0.12793541633612054
1.0522104420884177,PASSED,-0.2804300003480087,-0.013651679657749403,-0.02365754112770455,2.733716975169065,0.07276651294120814,0.12752659155514717
1.0532106421284257,PASSED,-0.28044366382494273,-0.013675290251021443,-0.02357929470159617,2.7337898052805896,0.07289379399838306,0.127117367588069
1.0542108421684337,PASSED,-0.28045735087332174,-0.013698822560289854,-0.023500985646284705,2.7338627624684335,0.07302066564486012,0.1267078324030671
1.0552110422084418,PASSED,-0.28047106141483086,-0.013722276523846716,-0.02342261549724768,2.733935846323022,0.07314712755549412,0.12629796278796146
1.0562112422484498,PASSED,-0.2804847953710941,-0.013745652080941117,-0.02334418482583697,2.734009056434431,0.07327317936386443,0.12588770542520342
1.0572114422884578,PASSED,-0.28049855266367424,-0.013768949170302858,-0.02326569238567712,2.734082392392408,0.07339882074966089,0.1254771727106295
1.0582116423284658,PASSED,-0.280512333214074,-0.01379216773206244,-0.023187141342184282,2.734155853786348,0.07352405136966464,0.12506625153250378
1.0592118423684738,PASSED,-0.280526136943736,-0.01381530770720397,-0.023108531007757657,2.734229440205327,0.07364887088780023,0.12465502920430442
1.0602120424084818,PASSED,-0.2805399637740441,-0.013838369036269282,-0.023029861103680844,2.7343031512380795,0.07377327898570682,0.12424347704143714
1.0612122424484898,PASSED,-0.28055381362632326,-0.013861351661058001,-0.022951133912081072,2.7343769864730136,0.07389727532224102,0.12383157619605031
1.0622124424884978,PASSED,-0.2805676864218406,-0.013884255524377002,-0.022872349590278684,2.7344509454982164,0.07402085958347791,0.12341938459745971
1.0632126425285058,PASSED,-0.28058158208180584,-0.013907080568665938,-0.02279350742137363,2.7345250279014452,0.07414403144525797,0.12300684656845065
1.0642128425685138,PASSED,-0.2805955005273719,-0.013929826737570428,-0.02271460989323659,2.734599233270146,0.07426679058893555,0.1225940084170131
1.0652130426085218,PASSED,-0.28060944167963564,-0.013952493975341151,-0.02263565635571447,2.7346735611914403,0.07438913669844664,0.1221808435738068
1.0662132426485298,PASSED,-0.280623405459638,-0.013975082226204335,-0.022556647201493002,2.734748011252144,0.07451106946780922,0.12176738655510459
1.0672134426885378,PASSED,-0.2806373917883651,-0.01399759143580129,-0.02247758452726299,2.7348225830387567,0.07463258858381318,0.12135360230319764
1.0682136427285458,PASSED,-0.28065140058674876,-0.014020021550439164,-0.022398468044946402,2.734897276137471,0.07475369373273925,0.12093951334130888
1.0692138427685538,PASSED,-0.2806654317756667,-0.014042372515632688,-0.02231929662591156,2.734972090134181,0.07487438463058156,0.12052515417630329
1.0702140428085618,PASSED,-0.2806794852759438,-0.014064644278910543,-0.022240074379152534,2.7350470246144734,0.07499466096660669,0.1201104572576575
1.0712142428485698,PASSED,-0.2806935610083519,-0.014086836788687907,-0.022160800042838227,2.735122079163638,0.07511452243435696,0.11969547474532964
1.0722144428885778,PASSED,-0.28070765889361116,-0.014108949992013604,-0.02208147218093797,2.7351972533666706,0.07523396875812725,0.11928022312029325
1.0732146429285858,PASSED,-0.28072177885239025,-0.014130983838340513,-0.022002095757556624,2.7352725468082753,0.07535299964230298,0.11886465821267818
1.0742148429685938,PASSED,-0.280735920805307,-0.014152938277758825,-0.021922668525484534,2.7353479590728607,0.07547161478102114,0.1184487923884852
1.0752150430086018,PASSED,-0.28075008467292917,-0.01417481325946196,-0.021843190488236332,2.735423489744559,0.07558981391563671,0.11803269610028891
1.0762152430486098,PASSED,-0.2807642703757747,-0.01419660873445982,-0.021763664670944195,2.735499138407213,0.07570759675902705,0.11761627491702754
1.0772154430886178,PASSED,-0.2807784778343127,-0.014218324654217313,-0.02168408981518975,2.7355749046443902,0.07582496301666294,0.11719957944846313
1.0782156431286258,PASSED,-0.28079270696896386,-0.014239960970712433,-0.021604467615073442,2.735650788039374,0.07594191242547327,0.11678262838491855
1.0792158431686338,PASSED,-0.2808069577001012,-0.01426151763636164,-0.021524797671964465,2.7357267881751803,0.07605844471835399,0.11636540254460367
1.0802160432086418,PASSED,-0.28082122994805053,-0.014282994604132236,-0.021445081169683557,2.7358029046345513,0.07617455961383325,0.11594789076901757
1.0812162432486496,PASSED,-0.28083552363309106,-0.014304391828110606,-0.021365319184157766,2.735879136999963,0.07629025685012973,0.11553013331479153
1.0822164432886576,PASSED,-0.2808498386754561,-0.014325709262612576,-0.02128551138051171,2.735955484853625,0.0764055361685991,0.11511210857243458
1.0832166433286656,PASSED,-0.2808641749953337,-0.01434694686244615,-0.021205658802283006,2.7360319477774886,0.07652039730693225,0.11469382484027842
1.0842168433686736,PASSED,-0.28087853251286715,-0.014368104583220876,-0.021125762089686195,2.7361085253532447,0.07663484000631883,0.11427528241746776
1.0852170434086816,PASSED,-0.28089291114815557,-0.014389182381341703,-0.021045822141590488,2.736185217162326,0.07674886401034675,0.1138564851015452
1.0862172434486896,PASSED,-0.2809073108212548,-0.01441018021366803,-0.020965839116150603,2.7362620227859202,0.0768624690787894,0.1134374573367105
1.0872174434886976,PASSED,-0.2809217314521775,-0.014431098037107853,-0.02088581298894043,2.7363389418049606,0.0769756549577972,0.11301816012185557
1.0882176435287056,PASSED,-0.2809361729608946,-0.014451935810587218,-0.02080574713964905,2.7364159738001335,0.07708842139327565,0.11259861904952978
1.0892178435687137,PASSED,-0.2809506352673349,-0.014472693492353583,-0.020725638184176196,2.736493118351888,0.07720076816380642,0.11217887151823408
1.0902180436087217,PASSED,-0.28096511829138643,-0.014493371041201023,-0.02064548928961546,2.736570375040429,0.07731269502179562,0.11175884896984035
1.0912182436487297,PASSED,-0.2809796219528968,-0.01451396841798404,-0.020565301778616624,2.736647743445727,0.07742420172395893,0.11133860429228692
1.0922184436887377,PASSED,-0.2809941461716738,-0.014534485582814016,-0.02048507353088041,2.736725223147516,0.07753528804895587,0.11091813880006753
1.0932186437287457,PASSED,-0.2810086908674861,-0.014554922496397194,-0.020404806951375237,2.736802813725306,0.07764595377317923,0.1104974478388759
1.0942188437687537,PASSED,-0.2810232559600638,-0.014575279121135664,-0.020324503263199248,2.7368805147583766,0.07775619865947646,0.11007651193614416
1.0952190438087617,PASSED,-0.28103784136909915,-0.014595555419639854,-0.020244161998184143,2.7369583258257797,0.07786602248309137,0.10965536473408632
1.0962192438487697,PASSED,-0.28105244701424714,-0.0146157513541171,-0.020163782796623373,2.7370362465063502,0.0779754250359547,0.10923401161616758
1.0972194438887777,PASSED,-0.281067072815126,-0.014635866888418838,-0.020083368638480183,2.7371142763787093,0.07808440610397885,0.10881243896278117
1.0982196439287857,PASSED,-0.281081718691318,-0.01465590198764276,-0.020002919614217095,2.7371924150212554,0.07819296545873222,0.10839063194709825
1.0992198439687937,PASSED,-0.28109638456236985,-0.01467585661572844,-0.019922433733320498,2.737270662012179,0.07830110289710236,0.10796864265216888
1.1002200440088017,PASSED,-0.2811110703477937,-0.01469573073833947,-0.019841915196168798,2.7373490169294676,0.0784088182281878,0.10754645670761874
1.1012202440488097,PASSED,-0.2811257759670674,-0.014715524322242834,-0.01976136304149145,2.737427479350896,0.07851611122693992,0.10712402678181517
1.1022204440888177,PASSED,-0.2811405013396352,-0.014735237333482405,-0.019680776704957405,2.737506048854044,0.07862298170001789,0.10670143727537625
1.1032206441288257,PASSED,-0.2811552463849084,-0.0147548697395661,-0.019600159002852148,2.7375847250162875,0.07872942946014068,0.10627864202107166
1.1042208441688337,PASSED,-0.2811700110222663,-0.014774421509264817,-0.019519510162628213,2.73766350741481,0.07883545430074582,0.10585563966116811
1.1052210442088417,PASSED,-0.28118479517105616,-0.014793892610272882,-0.019438828238356638,2.7377423956266025,0.07894105603477419,0.10543246360650732
1.1062212442488497,PASSED,-0.28119959875059447,-0.014813283012059985,-0.019358117486268644,2.737821389228467,0.07904623448305433,0.1050091047291978
1.1072214442888577,PASSED,-0.28121442168016725,-0.014832592685253379,-0.019277376998144673,2.7379004877970177,0.0791509894483309,0.10458553897482434
1.1082216443288657,PASSED,-0.2812292638790306,-0.01485182159952302,-0.019196605783970738,2.7379796909086895,0.07925532075770599,0.10416182297526219
1.1092218443688737,PASSED,-0.2812441252664116,-0.014870969726187256,-0.019115807251080863,2.738058998139737,0.07935922823800629,0.10373791851697933
1.1102220444088817,PASSED,-0.28125900576150886,-0.014890037037622435,-0.019034980891245352,2.7381384090662353,0.07946271169793975,0.10331382087781094
1.1112222444488897,PASSED,-0.281273905283493,-0.014909023505775791,-0.01895412632810163,2.7382179232640897,0.07956577097898584,0.10288958782495354
1.1122224444888977,PASSED,-0.28128882375150727,-0.014927929103405053,-0.018873245163367757,2.7382975403090364,0.07966840591855195,0.10246517406019662
1.1132226445289057,PASSED,-0.2813037610846686,-0.01494675380488303,-0.01879233902104995,2.738377259776645,0.0797706163391151,0.1020405848984563
1.1142228445689137,PASSED,-0.2813187172020676,-0.0149654975842953,-0.01871140633975258,2.738457081242319,0.07987240208008961,0.10161584502521902
1.1152230446089217,PASSED,-0.28133369202276964,-0.01498416041613459,-0.018630448838981118,2.7385370042813024,0.07997376298919176,0.10119095182010655
1.1162232446489297,PASSED,-0.2813486854658154,-0.015002742276424355,-0.018549467923622637,2.7386170284686897,0.08007469891811722,0.10076591366238018
1.1172234446889378,PASSED,-0.2813636974502213,-0.015021243141386111,-0.018468462987179707,2.738697153379406,0.08017520968801543,0.10034067405542721
1.1182236447289458,PASSED,-0.28137872789498053,-0.015039662987787958,-0.01838743534495663,2.738777378588241,0.08027529517230121,0.09991535777269017
1.1192238447689538,PASSED,-0.2813937767190632,-0.01505800179286908,-0.018306384905232335,2.7388577036698307,0.08037495523324888,0.09948986306430366
1.1202240448089618,PASSED,-0.28140884384141723,-0.015076259534910574,-0.018225313465665093,2.7389381281986678,0.08047418970151472,0.09906420506686965
1.1212242448489698,PASSED,-0.28142392918096915,-0.01509443619292144,-0.018144221041002388,2.7390186517491064,0.08057299845528997,0.0986384529141527
1.1222244448889778,PASSED,-0.28143903265662434,-0.01511253174574248,-0.01806310734106437,2.7390992738953597,0.08067138136213588,0.09821254280041192
1.1232246449289858,PASSED,-0.28145415418726794,-0.015130546173643383,-0.017981974940795096,2.7391799942115065,0.08076933827282973,0.09778648928947259
1.1242248449689938,PASSED,-0.2814692936917654,-0.015148479457454933,-0.017900823058718686,2.7392608122714956,0.08086686906776605,0.09736033203422294
1.1252250450090018,PASSED,-0.2814844510889632,-0.01516633157817529,-0.01781965249478292,2.7393417276491503,0.08096397362994316,0.09693404893903661
1.1262252450490098,PASSED,-0.28149962629768926,-0.01518410251760637,-0.01773846405528047,2.739422739918168,0.08106065182311334,0.096507622657586
1.1272254450890178,PASSED,-0.2815148192367538,-0.015201792258462283,-0.01765725872300003,2.7395038486521233,0.0811569035268734,0.09608109116171973
1.1282256451290258,PASSED,-0.2815300298249499,-0.015219400784212007,-0.017576037100869652,2.7395850534244737,0.08125272863436124,0.09565445170526532
1.1292258451690338,PASSED,-0.2815452579810542,-0.015236928078325598,-0.017494798788740648,2.739666353808559,0.08134812702430796,0.09522768210770319
1.1302260452090418,PASSED,-0.28156050362382723,-0.015254374124870579,-0.01741354504913919,2.7397477493776146,0.08144309859275245,0.0948008260023479
1.1312262452490498,PASSED,-0.2815757666720146,-0.015271738909682671,-0.017332277987394364,2.7398292397047608,0.08153764323076164,0.0943738460137306
1.1322264452890578,PASSED,-0.28159104704434706,-0.015289022418108483,-0.017250995384756024,2.7399108243630153,0.08163176082973748,0.09394676761726291
1.1332266453290658,PASSED,-0.2816063446595415,-0.015306224636306492,-0.01716970007351133,2.739992502925292,0.08172545129419077,0.09351959567730585
1.1342268453690738,PASSED,-0.28162165943630135,-0.015323345551562631,-0.017088392044558507,2.740074274964414,0.08181871453626453,0.09309233967138938
1.1352270454090818,PASSED,-0.2816369912933175,-0.015340385151424808,-0.0170070717405893,2.7401561400530925,0.0819115504379321,0.0926649429983733
1.1362272454490898,PASSED,-0.2816523401492686,-0.01535734342396576,-0.016925739741195982,2.7402380977639673,0.08200395893153657,0.09223752734186232
1.1372274454890978,PASSED,-0.28166770592282214,-0.015374220358211281,-0.016844397248403194,2.7403201476695718,0.08209593992597797,0.09180997250776342
1.1382276455291058,PASSED,-0.28168308853263446,-0.015391015943777637,-0.016763044444992225,2.7404022893423643,0.0821874933221709,0.09138234531637794
1.1392278455691138,PASSED,-0.28169848789735186,-0.015407730170442719,-0.016681681478476734,2.740484522354716,0.08227861905621801,0.09095465986758887
1.1402280456091218,PASSED,-0.28171390393561135,-0.015424363029503816,-0.016600310782842638,2.740566846278922,0.08236931705005263,0.09052688314595256
1.1412282456491298,PASSED,-0.2817293365660406,-0.015440914512037386,-0.01651893036738855,2.740649260687197,0.08245958721293768,0.09009901604444483
1.1422284456891378,PASSED,-0.28174478570725947,-0.01545738461002985,-0.01643754307584638,2.740731765151691,0.08254942949317637,0.08967112303485901
1.1432286457291458,PASSED,-0.28176025127787985,-0.015473773316548945,-0.016356148814591083,2.7408143592444714,0.08263884380934804,0.08924311159621334
1.1442288457691538,PASSED,-0.28177573319650673,-0.015490080624437021,-0.016274747270399594,2.740897042537557,0.08272783010712018,0.08881508855606886
1.1452290458091618,PASSED,-0.2817912313817388,-0.015506306527876688,-0.016193340885845155,2.740979814602891,0.08281638832528256,0.08838697123327077
1.1462292458491699,PASSED,-0.28180674575216896,-0.015522451021904377,-0.0161119294555849,2.741062675012355,0.08290451838122875,0.0879587790881189
1.1472294458891779,PASSED,-0.2818222762263852,-0.015538514101092726,-0.01603051234352713,2.7411456233377867,0.08299222025770961,0.08753060807602471
1.1482296459291859,PASSED,-0.2818378227229708,-0.015554495761223558,-0.015949091989033107,2.7412286591509645,0.08307949389561937,0.08710232446558103
1.1492298459691939,PASSED,-0.28185338516050534,-0.015570395999434468,-0.015867669025494056,2.7413117820236095,0.08316633920738337,0.08667396996293841
1.1502300460092019,PASSED,-0.2818689634575651,-0.015586214812531274,-0.015786242477681043,2.7413949915274083,0.08325275619315609,0.08624566297925906
1.1512302460492099,PASSED,-0.28188455753272407,-0.015601952198189547,-0.015704814445333642,2.741478287233997,0.08333874480829026,0.08581724990412355
1.1522304460892179,PASSED,-0.281900167304554,-0.015617608154688925,-0.01562338453540633,2.741561668714976,0.08342430498401456,0.08538879293774267
1.1532306461292259,PASSED,-0.28191579269162553,-0.015633182681429107,-0.015541954876702652,2.7416451355419023,0.083509436701488,0.08496033383056333
1.1542308461692339,PASSED,-0.28193143361250866,-0.015648675778061335,-0.015460524469244426,2.741728687286309,0.08359413995018201,0.08453185860298934
1.1552310462092419,PASSED,-0.2819470899857732,-0.015664087444216185,-0.015379093945254102,2.7418123235196905,0.08367841466888044,0.08410329209540068
1.1562312462492499,PASSED,-0.2819627617299898,-0.01567941768163404,-0.015297666399583429,2.741896043813515,0.08376226083240274,0.08367474447356096
1.157231446289258,PASSED,-0.2819784487637301,-0.015694666491642202,-0.01521623908055218,2.741979847739232,0.08384567845271325,0.08324620420184192
1.158231646329266,PASSED,-0.28199415100556785,-0.015709833875863173,-0.015134814314585342,2.7420637348682675,0.08392866748566971,0.08281758545954829
1.159231846369274,PASSED,-0.28200986837407915,-0.01572491983794816,-0.015053393931917564,2.7421477047720284,0.08401122790176058,0.08238896984507103
1.160232046409282,PASSED,-0.2820256007878433,-0.015739924381078137,-0.014971975928678846,2.7422317570219117,0.084093359723363,0.08196038944065427
1.16123224644929,PASSED,-0.2820413481654433,-0.01575484750880681,-0.014890562262003132,2.742315891189302,0.0841750629283766,0.08153174872889275
1.162232446489298,PASSED,-0.2820571104254666,-0.015769689226356836,-0.01480915440870634,2.742400106845575,0.08425633749007302,0.08110310367477333
1.163232646529306,PASSED,-0.2820728874865057,-0.015784449539305915,-0.014727751975998404,2.7424844035621,0.08433718342556625,0.08067449003885843
1.164232846569314,PASSED,-0.2820886792671587,-0.015799128453045725,-0.014646354915690713,2.7425687809102506,0.08441760074366206,0.0802458701337734
1.165233046609322,PASSED,-0.2821044856860301,-0.015813725974461804,-0.014564965749673999,2.742653238461402,0.08449758943114519,0.07981723238269221
1.16623324664933,PASSED,-0.2821203066617311,-0.015828242110904094,-0.014483583570697631,2.742737775786929,0.08457714948982557,0.07938860954551918
1.167233446689338,PASSED,-0.28213614211288063,-0.01584267686990969,-0.014402209295523376,2.7428223924582236,0.08465628095725708,0.07896003935548171
1.168233646729346,PASSED,-0.28215199195810575,-0.01585703026017675,-0.014320844248085789,2.7429070880466844,0.08473498382938417,0.07853142730817873
1.169233846769354,PASSED,-0.2821678561160424,-0.015871302290985146,-0.014239488515272056,2.742991862123723,0.08481325810653027,0.07810284370469622
1.170234046809362,PASSED,-0.28218373450533574,-0.015885492971687194,-0.014158142159897967,2.7430767142607766,0.08489110384509545,0.077674335138841
1.17123424684937,PASSED,-0.28219962704464124,-0.015899602313015397,-0.014076807440403563,2.7431616440293007,0.08496852105440607,0.07724579209181569
1.172234446889378,PASSED,-0.28221553365262486,-0.015913630325669514,-0.01399548279659501,2.74324665100077,0.08504550973188402,0.07681726773536997
1.173234646929386,PASSED,-0.2822314542479639,-0.01592757702137901,-0.013914170984760658,2.743331734746697,0.0851220699479017,0.07638884820589692
1.174234846969394,PASSED,-0.28224738874934774,-0.015941442412619425,-0.013832871410849679,2.7434168948386195,0.08519820172893415,0.07596040291682385
1.175235047009402,PASSED,-0.2822633370754783,-0.015955226512122635,-0.01375158489811724,2.743502130848114,0.08527390508461132,0.07553199085072307
1.17623524704941,PASSED,-0.2822792991450705,-0.015968929333222245,-0.013670311900601714,2.7435874423467874,0.08534918007130844,0.07510365059473444
1.177235447089418,PASSED,-0.2822952748768532,-0.01598255089009036,-0.013589053513126587,2.7436728289062993,0.08542402675080067,0.07467536542388516
1.178235647129426,PASSED,-0.28231126418956975,-0.015996091197831415,-0.013507810559670904,2.7437582900983433,0.08549844513856641,0.07424706932699364
1.179235847169434,PASSED,-0.28232726700197847,-0.016009550271377335,-0.013426582203419418,2.7438438254946647,0.0855724352860665,0.07381886628215094
1.180236047209442,PASSED,-0.28234328323285346,-0.016022928126897165,-0.013345371064107348,2.7439294346670584,0.0856459972698743,0.07339072882489997
1.18123624724945,PASSED,-0.28235931280098503,-0.016036224781163934,-0.013264176401873948,2.744015117187378,0.0857191311322395,0.0729626180587294
1.182236447289458,PASSED,-0.28237535562518057,-0.016049440251157215,-0.013182999054222934,2.7441008726275258,0.08579183691453396,0.07253455845161301
1.183236647329466,PASSED,-0.2823914116242648,-0.016062574554956088,-0.013101840295300825,2.7441867005594713,0.08586411470549214,0.07210661262921467
1.184236847369474,PASSED,-0.2824074807170808,-0.016075627710916952,-0.013020699737910745,2.744272600555247,0.08593596456805104,0.07167869584536869
1.185237047409482,PASSED,-0.2824235628224904,-0.016088599738022222,-0.012939578683505856,2.744358572186949,0.086007386547773,0.07125083563969112
1.18623724744949,PASSED,-0.28243965785937475,-0.01610149065627028,-0.01285847795775613,2.7444446150267443,0.08607838073202981,0.07082308333488467
1.187237447489498,PASSED,-0.2824557657466352,-0.016114300486062567,-0.012777397681969347,2.7445307286468776,0.08614894720835578,0.07039540498668488
1.188237647529506,PASSED,-0.2824718864031937,-0.016127029248052004,-0.012696338194415926,2.744616912619662,0.08621908602666277,0.06996776052053806
1.189237847569514,PASSED,-0.2824880197479933,-0.016139676963924595,-0.012615300991377313,2.7447031665174997,0.08628879728664021,0.06954025961535285
1.190238047609522,PASSED,-0.28250416569999914,-0.016152243655924183,-0.01253428600505985,2.7447894899128706,0.08635808108044372,0.06911281659562409
1.19123824764953,PASSED,-0.28252032417819883,-0.01616472934678902,-0.012453294104688156,2.7448758823783392,0.08642693747008279,0.06868543833467633
1.192238447689538,PASSED,-0.2825364951016031,-0.01617713406009916,-0.012372326113776273,2.7449623434865607,0.08649536655832267,0.06825818817667251
1.193238647729546,PASSED,-0.2825526783892463,-0.016189457819834267,-0.01229138214932551,2.745048872810286,0.08656336845753489,0.0678310399025737
1.194238847769554,PASSED,-0.2825688739601873,-0.016201700650625695,-0.012210463219497461,2.7451354699223582,0.08663094324110261,0.06740394601115608
1.1952390478095618,PASSED,-0.2825850817335099,-0.01621386257761448,-0.012129569501642705,2.7452221343957204,0.08669809100983038,0.06697698387215736
1.1962392478495698,PASSED,-0.28260130162832336,-0.016225943627003955,-0.012048702648029715,2.7453088658034166,0.08676481188592913,0.06655013758315015
1.1972394478895778,PASSED,-0.2826175335637632,-0.016237943825039368,-0.01196786162700197,2.7453956637185954,0.08683110596024234,0.06612336546658637
1.1982396479295858,PASSED,-0.2826337774589919,-0.016249863198922396,-0.011887048720374962,2.745482527714518,0.08689697334497985,0.0656967309181324
1.1992398479695938,PASSED,-0.282650033233199,-0.016261701776393578,-0.01180626330505382,2.745569457364559,0.08696241417162855,0.06527022380240703
1.2002400480096018,PASSED,-0.2826663008056024,-0.01627345958568899,-0.011725506622316114,2.7456564522421947,0.0870274285234859,0.06484377056066422
1.2012402480496098,PASSED,-0.2826825800954486,-0.016285136655781896,-0.011644779073299498,2.7457435119210314,0.08709201653412607,0.0644175040264863
1.2022404480896178,PASSED,-0.28269887102201324,-0.016296733016395216,-0.011564081640003988,2.7458306359747957,0.08715617835361429,0.06399136312937094
1.2032406481296258,PASSED,-0.2827151735046017,-0.016308248697363872,-0.011483413854428049,2.745917823977335,0.08721991407081436,0.06356528658053336
1.2042408481696338,PASSED,-0.2827314874625501,-0.016319683729870367,-0.011402778274539142,2.746005075502622,0.08728322381419894,0.06313938125392463
1.2052410482096418,PASSED,-0.2827478128152255,-0.01633103814483126,-0.011322172751799727,2.7460923901247667,0.08734610775086384,0.0627136402722131
1.2062412482496498,PASSED,-0.28276414948202655,-0.016342311974464018,-0.011241600886732778,2.746179767418008,0.0874085659926647,0.06228797615331146
1.2072414482896578,PASSED,-0.2827804973823843,-0.016353505251698177,-0.011161061465777838,2.7462672069567216,0.08747059866375242,0.06186246771067516
1.2082416483296659,PASSED,-0.2827968564357627,-0.01636461800898083,-0.011080554493907078,2.7463547083154265,0.0875322059375641,0.061437144545681874
1.2092418483696739,PASSED,-0.2828132265616591,-0.01637565028049426,-0.011000082859773207,2.7464422710687835,0.08759338794701314,0.061011919384614824
1.2102420484096819,PASSED,-0.28282960767960497,-0.016386602100911876,-0.01091964545618211,2.7465298947915993,0.0876541448239782,0.06058684868533476
1.2112422484496899,PASSED,-0.2828459997091664,-0.01639747350463765,-0.01083924257216902,2.7466175790588276,0.08771447673639705,0.060161954907877555
1.2122424484896979,PASSED,-0.282862402569945,-0.016408264527669296,-0.01075887667130157,2.7467053234455783,0.08777438383958057,0.059737202033947126
1.2132426485297059,PASSED,-0.28287881618157806,-0.016418975206186962,-0.010678546415240577,2.746793127527117,0.08783386628179887,0.059312602341179375
1.2142428485697139,PASSED,-0.28289524046373943,-0.0164296055766393,-0.010598253143735909,2.746880990878866,0.08789292422447413,0.058888169564627044
1.2152430486097219,PASSED,-0.28291167533614003,-0.016440155676847673,-0.01051799825146835,2.746968913076412,0.08795155783965536,0.05846391225896551
1.2162432486497299,PASSED,-0.28292812071852863,-0.016450625544772404,-0.010437781040238316,2.747056893695502,0.08800976728341325,0.05803979809051244
1.2172434486897379,PASSED,-0.28294457653069194,-0.016461015218546426,-0.010357602263211836,2.7471449323120596,0.08806755273361436,0.057615884941509064
1.2182436487297459,PASSED,-0.2829610426924559,-0.016471324737759717,-0.010277463846679115,2.7472330285021718,0.08812491436248282,0.05719212481977138
1.219243848769754,PASSED,-0.28297751912368585,-0.016481554142380644,-0.010197365137090776,2.7473211818421044,0.08818185233767148,0.05676854210125622
1.220244048809762,PASSED,-0.2829940057442869,-0.016491703471979938,-0.010117305907428455,2.7474093919082994,0.08823836684697611,0.056345154106880464
1.22124424884977,PASSED,-0.28301050247420534,-0.016501772768206847,-0.010037289773233796,2.7474976582773785,0.08829445807089933,0.055921937134125785
1.222244448889778,PASSED,-0.2830270092334283,-0.016511762072725013,-0.009957314348125846,2.7475859805261487,0.08835012619107512,0.05549890887022116
1.223244648929786,PASSED,-0.2830435259419849,-0.01652167142692277,-0.009877380764183322,2.7476743582316026,0.08840537139834216,0.05507607286494548
1.224244848969794,PASSED,-0.28306005251994665,-0.016531500873950583,-0.00979749120356331,2.7477627909709232,0.08846019388448145,0.054653428322191784
1.225245049009802,PASSED,-0.28307658888742826,-0.016541250457663654,-0.009717645386082049,2.747851278321485,0.08851459384078195,0.05423097495267677
1.22624524904981,PASSED,-0.2830931349645879,-0.01655092022117971,-0.009637842269372499,2.7479398198608647,0.08856857147642545,0.05380874277074623
1.227245449089818,PASSED,-0.28310969067162794,-0.01656051020920497,-0.00955808519585141,2.7480284151668313,0.08862212698036609,0.05338667805389559
1.228245649129826,PASSED,-0.28312625592879553,-0.016570020466916673,-0.009478372722272378,2.7481170638173547,0.08867526054657165,0.05296482497334092
1.229245849169834,PASSED,-0.2831428306563832,-0.016579451040024736,-0.009398706698587653,2.7482057653906224,0.08872797241552884,0.05254323161307086
1.230246049209842,PASSED,-0.28315941477472956,-0.01658880197483992,-0.009319086892924263,2.7482945194650124,0.08878026276566398,0.052121762483183044
1.23124624924985,PASSED,-0.2831760082042196,-0.016598073317783624,-0.009239513644219967,2.748383325619129,0.08883213181174873,0.05170056848579053
1.232246449289858,PASSED,-0.2831926108652855,-0.016607265116685567,-0.009159989073760425,2.748472183431783,0.08888357979558166,0.05127959406434687
1.233246649329866,PASSED,-0.28320922267840726,-0.016616377419547208,-0.009080512053562534,2.748561092482004,0.08893460690981302,0.05085879434269407
1.234246849369874,PASSED,-0.28322584356411284,-0.016625410274502057,-0.009001083555710119,2.748650052349041,0.08898521337651126,0.05043824826860325
1.235247049409882,PASSED,-0.2832424734429794,-0.01663436373117405,-0.008921705416182034,2.7487390626123767,0.08903539945322066,0.05001796233660507
1.23624724944989,PASSED,-0.2832591122356333,-0.01664323783907297,-0.008842376220744108,2.7488281228517035,0.08908516533003823,0.04959781980488995
1.237247449489898,PASSED,-0.2832757598627512,-0.016652032648598703,-0.008763098395732933,2.7489172326469578,0.08913451124648089,0.049177980867845444
1.238247649529906,PASSED,-0.28329241624506,-0.016660748210505835,-0.00868387091472662,2.7490063915782983,0.0891834374565605,0.04875836288746033
1.239247849569914,PASSED,-0.28330908130333793,-0.016669384576286254,-0.0086046956908798,2.7490955992261283,0.08923194418085476,0.04833896523213983
1.240248049609922,PASSED,-0.283325754958415,-0.016677941798073748,-0.008525572518574323,2.7491848551710802,0.08928003165068744,0.04791980623307307
1.24124824964993,PASSED,-0.2833424371311735,-0.016686419928501617,-0.00844650236739887,2.7492741589940364,0.08932770013074005,0.047500929265633235
1.242248449689938,PASSED,-0.2833591277425487,-0.016694819020431705,-0.008367484971882498,2.7493635102761225,0.0893749498664311,0.04708227330801059
1.243248649729946,PASSED,-0.28337582671352907,-0.016703139127695953,-0.008288522125824097,2.749452908598709,0.0894217810840009,0.04666384707763005
1.244248849769954,PASSED,-0.2833925339651573,-0.016711380304908437,-0.008209613936925837,2.749542353543414,0.08946819404579859,0.04624570494439976
1.245249049809962,PASSED,-0.28340924941853063,-0.01671954260673631,-0.008130760421836612,2.7496318446921175,0.08951418902558363,0.0458278296787891
1.24624924984997,PASSED,-0.28342597299480143,-0.016727626088377065,-0.008051962453369725,2.7497213816269515,0.0895597662616972,0.04541017373676353
1.247249449889978,PASSED,-0.28344270461517784,-0.016735630806317556,-0.007973221598567231,2.749810963930307,0.08960492601103537,0.044992799739108635
1.248249649929986,PASSED,-0.2834594442009242,-0.016743556816896946,-0.007894536566612926,2.7499005911848413,0.08964966855943084,0.04457571416639115
1.249249849969994,PASSED,-0.2834761916733619,-0.016751404177066248,-0.007815909237767215,2.7499902629734714,0.08969399415689541,0.04415885299668716
1.250250050010002,PASSED,-0.28349294695386945,-0.016759172944766493,-0.007737340008561239,2.750079978879389,0.08973790307371277,0.04374229269781175
1.25125025005001,PASSED,-0.28350970996388347,-0.016766863178099375,-0.007658828882426509,2.750169738486049,0.08978139558718123,0.04332599398222862
1.252250450090018,PASSED,-0.28352648062489916,-0.016774474935874962,-0.007580377037695509,2.7502595413771904,0.08982447197757117,0.04290998799507915
1.253250650130026,PASSED,-0.2835432588584708,-0.016782008277837327,-0.007501985245477625,2.7503493871368234,0.08986713251735345,0.042494240973764155
1.254250850170034,PASSED,-0.28356004458621226,-0.016789463263281935,-0.007423652244030582,2.750439275349242,0.08990937748729196,0.04207878924833167
1.255251050210042,PASSED,-0.28357683772979747,-0.016796839952847573,-0.0073453811133705645,2.750529205599018,0.08995120717517385,0.04166362030427278
1.25625125025005,PASSED,-0.2835936382109616,-0.01680413840828161,-0.007267171647812137,2.7506191774710125,0.08999262186461189,0.04124873552720893
1.257251450290058,PASSED,-0.2836104459515005,-0.016811358690244325,-0.007189022172649979,2.750709190550381,0.09003362185892635,0.04083416683930164
1.258251650330066,PASSED,-0.2836272608732723,-0.01681850086096984,-0.007110936427424734,2.750799244422562,0.09007420743732618,0.04041985277353199
1.259251850370074,PASSED,-0.28364408289819754,-0.016825564984052507,-0.007032914186157226,2.7508893386732916,0.09011437889142537,0.04000585498296776
1.260252050410082,PASSED,-0.28366091194825943,-0.016832551121655284,-0.006954953213857198,2.7509794728886074,0.09015413654320094,0.03959218297062571
1.26125225045009,PASSED,-0.283677747945505,-0.016839459337846738,-0.006877058176517465,2.751069646654843,0.09019348067841818,0.03917877004832234
1.262252450490098,PASSED,-0.2836945908120452,-0.01684628969780534,-0.00679922781332988,2.7511598595586397,0.09023241159738045,0.03876568490490995
1.263252650530106,PASSED,-0.28371144047005553,-0.016853042265190576,-0.006721460433176303,2.751250111186939,0.09027092961967162,0.03835291388202116
1.264252850570114,PASSED,-0.28372829684177675,-0.016859717105739105,-0.0066437606254320025,2.7513404011269995,0.09030903505628929,0.03794045177478582
1.265253050610122,PASSED,-0.2837451598495153,-0.016866314286243463,-0.006566127090311993,2.7514307289663877,0.09034672821291294,0.037528293189565715
1.26625325065013,PASSED,-0.2837620294156437,-0.016872833872065646,-0.006488558310100215,2.751521094292986,0.09038400940843191,0.03711646373857847
1.267253450690138,PASSED,-0.2837789054626014,-0.01687927593068127,-0.006411058819308607,2.7516114966949923,0.09042087896424317,0.03670495052636997
1.268253650730146,PASSED,-0.2837957879128953,-0.016885640530465554,-0.00633362709426338,2.7517019357609267,0.09045733719895449,0.036293757501291546
1.269253850770154,PASSED,-0.2838126766890997,-0.016891927738202868,-0.006256261499348085,2.7517924110796383,0.0904933844477447,0.03588290964945976
1.270254050810162,PASSED,-0.2838295717138577,-0.01689813762313383,-0.006178967218707559,2.7518829222402923,0.09052902102406749,0.03547235410500686
1.27125425085017,PASSED,-0.28384647290988113,-0.01690427025496312,-0.006101741569676492,2.751973468832392,0.09056424726425849,0.035062164248329974
1.272254450890178,PASSED,-0.2838633801999514,-0.016910325702659462,-0.006024585114119907,2.7520640504457696,0.09059906351209794,0.034652303566859693
1.273254650930186,PASSED,-0.28388029350691973,-0.01691630403651938,-0.005947499690457916,2.752154666670592,0.09063347008951067,0.03424275997665575
1.274254850970194,PASSED,-0.283897212753708,-0.016922205327923837,-0.005870485880450297,2.7522453170973638,0.09066746733766318,0.033833573603091596
1.275255051010202,PASSED,-0.2839141378633091,-0.016928029647817304,-0.00579354256881663,2.7523360013169262,0.09070105560134906,0.033424723741065206
1.27625525105021,PASSED,-0.28393106875878754,-0.01693377706761851,-0.005716671289463454,2.7524267189204754,0.09073423523613108,0.033016242142665964
1.277255451090218,PASSED,-0.28394800536327985,-0.016939447660488237,-0.00563987392323722,2.7525174694995407,0.09076700657036539,0.032608062295383704
1.278255651130226,PASSED,-0.28396494759999524,-0.016945041499021943,-0.005563148274022567,2.7526082526460085,0.09079936996113508,0.03220027641922613
1.279255851170234,PASSED,-0.2839818953922161,-0.016950558656242405,-0.005486496518088932,2.7526990679521135,0.09083132577436459,0.03179283776970483
1.280256051210242,PASSED,-0.28399884866329833,-0.016955999206538404,-0.0054099194812728575,2.7527899150104473,0.09086287434984797,0.0313857339591471
1.2812562512502501,PASSED,-0.28401580733667237,-0.016961363224646402,-0.005333417192481581,2.7528807934139556,0.09089401604607616,0.030979004407579603
1.2822564512902581,PASSED,-0.2840327713358429,-0.01696665078439977,-0.005256988127297563,2.7529717027559477,0.09092475124039918,0.030572654266651334
1.2832566513302661,PASSED,-0.2840497405843904,-0.01697186196243983,-0.005180637981908518,2.7530626426300904,0.09095508027930382,0.030166628663300624
1.2842568513702741,PASSED,-0.2840667150059706,-0.01697699683457292,-0.005104361567203308,2.753153612630421,0.09098500353436441,0.02976100599211105
1.2852570514102821,PASSED,-0.2840836945243158,-0.016982055476700453,-0.0050281625010858665,2.753244612351346,0.09101452139168623,0.029355758208278248
1.2862572514502901,PASSED,-0.28410067906323494,-0.01698703796643463,-0.004952041222907716,2.7533356413876366,0.09104363419823425,0.02895083877453312
1.2872574514902981,PASSED,-0.2841176685466143,-0.016991944381289266,-0.004875997275789949,2.7534266993344465,0.09107234234159058,0.02854634641087192
1.2882576515303061,PASSED,-0.28413466289841804,-0.016996774799225383,-0.0048000317096705426,2.7535177857872957,0.09110064620549042,0.028142208892509055
1.2892578515703141,PASSED,-0.28415166204268844,-0.017001529298535496,-0.00472414437708133,2.753608900342093,0.09112854615978054,0.02773845122186306
1.2902580516103221,PASSED,-0.28416866590354695,-0.017006207958940277,-0.004648337756582137,2.7537000425951237,0.09115604259162886,0.027335085599299157
1.2912582516503301,PASSED,-0.28418567440519393,-0.01701081085951197,-0.004572609115099287,2.7537912121430566,0.09118313588666815,0.02693210133261264
1.2922584516903382,PASSED,-0.2842026874719099,-0.017015338080111235,-0.004496961588710209,2.7538824085829514,0.09120982643374412,0.026529510904855894
1.2932586517303462,PASSED,-0.28421970502805566,-0.017019789702263283,-0.004421395860938148,2.753973631512258,0.09123611462817331,0.026127316778737475
1.2942588517703542,PASSED,-0.2842367269980726,-0.017024165806398192,-0.004345909650888448,2.754064880528816,0.09126200085953143,0.025725507744375622
1.2952590518103622,PASSED,-0.28425375330648395,-0.017028466473982158,-0.004270506206019937,2.754156155230863,0.0912874855225243,0.025324099825188028
1.2962592518503702,PASSED,-0.2842707838778943,-0.017032691787480816,-0.0041951850270841645,2.7542474552170297,0.0913125690180089,0.02492309259084858
1.2972594518903782,PASSED,-0.2842878186369908,-0.017036841829466222,-0.004119946624288094,2.754338780086357,0.09133725175670579,0.02452250276759908
1.2982596519303862,PASSED,-0.28430485750854356,-0.017040916682881616,-0.004044791276129769,2.7544301294382776,0.09136153412921269,0.024122285666433495
1.2992598519703942,PASSED,-0.28432190041740574,-0.017044916431166086,-0.0039697196233650645,2.7545215028726404,0.09138541655102843,0.023722512581930713
1.3002600520104022,PASSED,-0.2843389472885144,-0.017048841158434715,-0.0038947323654721505,2.754612899989697,0.09140889943505491,0.02332313165619737
1.3012602520504102,PASSED,-0.2843559980468912,-0.017052690949967746,-0.0038198309780717314,2.754704320390111,0.09143198318298215,0.022924158774624566
1.3022604520904182,PASSED,-0.2843730526176422,-0.017056465889714833,-0.003745012259765375,2.7547957636749607,0.09145466821712248,0.022525617717464152
1.3032606521304262,PASSED,-0.28439011092595917,-0.017060166063916717,-0.003670282163299275,2.7548872294457403,0.09147695495820775,0.02212748999717546
1.3042608521704342,PASSED,-0.2844071728971193,-0.01706379155869573,-0.0035956365228218914,2.7549787173043634,0.09149884381984309,0.02172977606079722
1.3052610522104422,PASSED,-0.2844242384564863,-0.017067342459800853,-0.0035210774933216015,2.755070226853171,0.09152033523473066,0.021332507438742952
1.3062612522504502,PASSED,-0.2844413075295105,-0.017070818855053415,-0.00344660709205457,2.7551617576949115,0.09154142960860485,0.020935618164494293
1.3072614522904582,PASSED,-0.2844583800417295,-0.01707422083176075,-0.0033722231175245306,2.7552533094327796,0.09156212738882051,0.02053922158310199
1.3082616523304662,PASSED,-0.2844754559187688,-0.017077548477407802,-0.0032979273334016747,2.755344881670391,0.09158242901291083,0.0201432257618094
1.309261852370474,PASSED,-0.2844925350863417,-0.017080801880767892,-0.0032237207112157298,2.7554364740117925,0.09160233488570761,0.019747637486730953
1.310262052410482,PASSED,-0.28450961747025066,-0.017083981131132898,-0.00314960346752606,2.7555280860614673,0.09162184546047974,0.019352532962389698
1.31126225245049,PASSED,-0.2845267029963869,-0.017087086317221743,-0.0030755745030524957,2.7556197174243326,0.09164096118170997,0.018957846742128165
1.312262452490498,PASSED,-0.28454379159073134,-0.01709011752898413,-0.0030016366019453076,2.755711367705753,0.09165968248007207,0.018563599442082274
1.313262652530506,PASSED,-0.28456088317935524,-0.01709307485740673,-0.0029277896363707526,2.7558030365115256,0.09167800979517543,0.01816979221087194
1.314262852570514,PASSED,-0.28457797768842014,-0.017095958392639478,-0.0028540322969984803,2.755894723447896,0.09169594358034841,0.01777644714770294
1.315263052610522,PASSED,-0.28459507504417886,-0.017098768226098057,-0.002780367566298807,2.7559864281215654,0.09171348429820171,0.017383564990355788
1.31626325265053,PASSED,-0.2846121751729756,-0.017101504449945692,-0.0027067947018593794,2.7560781501396683,0.09173063236811227,0.016991073190702456
1.317263452690538,PASSED,-0.2846292780012466,-0.01710416715570728,-0.002633313134738924,2.7561698891098083,0.09174738826419936,0.01659911135132473
1.318263652730546,PASSED,-0.2846463834555204,-0.01710675643633737,-0.0025599256269910075,2.7562616446400323,0.09176375245044402,0.016207569506865315
1.319263852770554,PASSED,-0.2846634914624187,-0.017109272385475566,-0.0024866314789994235,2.7563534163388477,0.09177972535704587,0.015816464665187584
1.320264052810562,PASSED,-0.28468060194865635,-0.01711171509607308,-0.0024134300098556964,2.756445203815226,0.09179530747021873,0.015425878844638608
1.32126425285057,PASSED,-0.28469771484104195,-0.017114084662063336,-0.0023403233105208335,2.7565370066785957,0.09181049925266672,0.015035718183561649
1.322264452890578,PASSED,-0.2847148300664788,-0.017116381178914526,-0.0022673125449688106,2.7566288245388493,0.09182530114537026,0.014646009050173558
1.323264652930586,PASSED,-0.28473194755196457,-0.017118604740821802,-0.0021943948154859133,2.7567206570063525,0.09183971364425159,0.014256825435437404
1.324264852970594,PASSED,-0.28474906722459226,-0.017120755442915365,-0.002121573612281116,2.756812503691936,0.09185373721751536,0.013868071815962772
1.325265053010602,PASSED,-0.2847661890115505,-0.017122833382008155,-0.0020488494131249246,2.756904364206906,0.09186737231988253,0.013479789401309497
1.32626525305061,PASSED,-0.28478331284012404,-0.01712483865403821,-0.0019762204413412317,2.7569962381630337,0.09188061943335712,0.013091996190107945
1.327265453090618,PASSED,-0.28480043863769416,-0.017126771355371707,-0.0019036885949345389,2.7570881251725825,0.09189347905847589,0.012704711071216533
1.328265653130626,PASSED,-0.28481756633173927,-0.017128631583727454,-0.0018312548629608304,2.7571800248482865,0.09190595165518803,0.012317853806076882
1.329265853170634,PASSED,-0.284834695849835,-0.017130419436748555,-0.0017589184598662544,2.757271936803361,0.09191803769584844,0.011931498563290678
1.330266053210642,PASSED,-0.28485182711965507,-0.017132135012243886,-0.0016866801856366461,2.7573638606515094,0.09192973769587912,0.01154566767559383
1.33126625325065,PASSED,-0.2848689600689715,-0.01713377840903877,-0.0016145412010489437,2.7574557960069153,0.0919410521226923,0.011160266238230543
1.332266453290658,PASSED,-0.284886094625655,-0.017135349726149638,-0.0015425010507465456,2.757547742484256,0.0919519814598212,0.010775384389348297
1.333266653330666,PASSED,-0.28490323071767565,-0.017136849062889876,-0.001470560533235393,2.757639699698706,0.09196252623232765,0.010391031251199168
1.334266853370674,PASSED,-0.2849203682731031,-0.01713827651923646,-0.0013987202221515834,2.757731667265918,0.09197268689953177,0.010007091172729415
1.335267053410682,PASSED,-0.284937507220107,-0.0171396321953615,-0.00132698006029692,2.7578236448020585,0.09198246397213376,0.009623726888169502
1.33626725345069,PASSED,-0.28495464748695776,-0.01714091619214227,-0.0012553412610850148,2.7579156319237814,0.09199185796549333,0.009240837673818003
1.337267453490698,PASSED,-0.28497178900202663,-0.017142128610846186,-0.0011838036657995112,2.7580076282482446,0.0920008693561733,0.00885842601740185
1.338267653530706,PASSED,-0.28498893169378636,-0.017143269553008076,-0.001112367825950219,2.758099633393107,0.0920094986540049,0.008476545707731502
1.339267853570714,PASSED,-0.2850060754908113,-0.017144339120423555,-0.0010410338085003708,2.75819164697654,0.09201774638918453,0.008095194827553876
1.340268053610722,PASSED,-0.28502322032177835,-0.017145337415880185,-0.0009698032220540996,2.7582836686172114,0.09202561304006317,0.007714288246030506
1.34126825365073,PASSED,-0.28504036611546685,-0.01714626454233706,-0.0008986752800858015,2.758375697934309,0.09203309912435723,0.0073339483260700345
1.342268453690738,PASSED,-0.2850575128007593,-0.01714712060263448,-0.0008276503089749232,2.7584677345475317,0.09204020518364295,0.006954133258819761
1.343268653730746,PASSED,-0.28507466030664197,-0.017147905701199666,-0.0007567307359942185,2.7585597780770916,0.0920469317036952,0.006574777914533408
1.3442688537707541,PASSED,-0.28509180856220473,-0.017148619941825854,-0.0006859138863176191,2.758651828143713,0.09205327919543893,0.00619596762988191
1.3452690538107621,PASSED,-0.28510895749664206,-0.017149263428640243,-0.0006152020997712861,2.7587438843686454,0.09205924821099704,0.005817714176933845
1.3462692538507701,PASSED,-0.2851261070392532,-0.01714983626769575,-0.0005445970259894164,2.758835946373665,0.09206483926856784,0.005439953166733745
1.3472694538907781,PASSED,-0.2851432571194425,-0.017150338563780673,-0.00047409545754380423,2.758928013781058,0.09207005285867746,0.0050626814048580415
1.3482696539307861,PASSED,-0.2851604076667201,-0.017150770422348183,-0.0004037006408208769,2.7590200862136482,0.0920748895388928,0.004686012755646769
1.3492698539707941,PASSED,-0.2851775586107019,-0.01715113195033791,-0.0003334128889952862,2.7591121632947853,0.09207934984998745,0.0043098433206493324
1.3502700540108021,PASSED,-0.2851947098811107,-0.017151423254367658,-0.00026323145691605507,2.7592042446483456,0.09208343428503334,0.003934162862690539
1.3512702540508101,PASSED,-0.28521186140777566,-0.017151644440878515,-0.00019315654681734817,2.7592963298987456,0.09208714340494034,0.0035590912698824726
1.3522704540908181,PASSED,-0.2852290131206335,-0.017151795617815,-0.00012319052960273286,2.7593884186709277,0.09209047774780987,0.0031845106026380183
1.3532706541308261,PASSED,-0.2852461649497285,-0.017151876893238435,-5.3332019321492306e-05,2.7594805105903766,0.09209343783004681,0.0028104633264705355
1.3542708541708341,PASSED,-0.2852633168252132,-0.017151888375065753,1.6418300683164176e-05,2.7595726052831213,0.09209602421838749,0.0024370050168148584
1.3552710542108422,PASSED,-0.2852804686773484,-0.017151830171760318,8.605997527074688e-05,2.759664702375724,0.09209823744447544,0.002064040135385635
1.3562712542508502,PASSED,-0.2852976204365038,-0.01715170239295596,0.00015559135707853678,2.759756801495297,0.09210007804334393,0.001691638023914154
1.3572714542908582,PASSED,-0.2853147720331585,-0.017151505148046454,0.00022501394446150502,2.7598489022694954,0.09210154657959745,0.001319801739893529
1.3582716543308662,PASSED,-0.2853319233979012,-0.017151238546401288,0.00029432677896765115,2.759941004326523,0.09210264359470438,0.0009484906849441014
1.3592718543708742,PASSED,-0.2853490744614306,-0.017150902698806227,0.00036352813912597057,2.7600331072951336,0.09210336963145226,0.0005777341231575986
1.3602720544108822,PASSED,-0.2853662251545561,-0.017150497715959254,0.0004326193188693587,2.760125210804635,0.0921037252577827,0.00020755446863436098
1.3612722544508902,PASSED,-0.28538337540819775,-0.01715002370829366,0.0005015998967445342,2.7602173144848945,0.09210371103469404,-0.00016207479353046853
1.3622724544908982,PASSED,-0.2854005251533868,-0.01714948078775511,0.0005704676330853918,2.760309417966324,0.0921033274927947,-0.0005311866365673532
1.3632726545309062,PASSED,-0.28541767432126636,-0.017148869066385224,0.0006392238610828146,2.7604015208799058,0.09210257521110936,-0.0008996783845552805
1.3642728545709142,PASSED,-0.2854348228430913,-0.017148188655641935,0.000707868664762813,2.7604936228571795,0.09210145476565004,-0.0012676235091388037
1.3652730546109222,PASSED,-0.28545197065022904,-0.017147439668555177,0.000776399368090594,2.7605857235302453,0.09209996668769863,-0.0016350475795871408
1.3662732546509302,PASSED,-0.2854691176741599,-0.01714662221872554,0.0008448168039969094,2.760677822531772,0.09209811155913027,-0.002001849227524587
1.3672734546909382,PASSED,-0.2854862638464772,-0.01714573641844669,0.0009131225954259557,2.760769919494997,0.09209588996869869,-0.002368084567604968
1.3682736547309462,PASSED,-0.2855034090988877,-0.017144782381627654,0.0009813129681058256,2.7608620140537234,0.09209330245515053,-0.0027337995351958662
1.3692738547709542,PASSED,-0.2855205533632124,-0.017143760223294394,0.0010493885766948985,2.7609541058423277,0.09209034959845411,-0.0030988948039300055
1.3702740548109622,PASSED,-0.28553769657138633,-0.017142670056941024,0.0011173515378224352,2.7610461944957616,0.0920870319949993,-0.003463409222053654
1.3712742548509702,PASSED,-0.2855548386554594,-0.01714151199766922,0.0011851977611230453,2.7611382796495496,0.09208335019726686,-0.003827390072705489
1.3722744548909782,PASSED,-0.28557197954759633,-0.017140286161139242,0.001252929042542833,2.7612303609397966,0.09207930478663974,-0.00419075766338462
1.3732746549309862,PASSED,-0.28558911918007757,-0.01713899266258712,0.0013205448918442585,2.7613224380031864,0.09207489636274695,-0.004553534712396513
1.3742748549709942,PASSED,-0.2856062574852991,-0.017137631617859087,0.0013880446188192406,2.761414510476985,0.09207012549054877,-0.004915763855356679
1.3752750550110022,PASSED,-0.2856233943957731,-0.017136203143570877,0.0014554274011396927,2.761506577999038,0.09206499274935735,-0.005277392748807541
1.3762752550510102,PASSED,-0.28564052984412835,-0.017134707356411736,0.0015226936644735112,2.761598640207787,0.092059498753994,-0.0056383971063943845
1.3772754550910182,PASSED,-0.2856576637631104,-0.017133144373215302,0.0015898428844111586,2.7616906967422525,0.09205364407452384,-0.00599886771265905
1.3782756551310262,PASSED,-0.28567479608558216,-0.017131514311600857,0.0016568741011358146,2.761782747242046,0.09204742928560193,-0.006358736394748327
1.3792758551710342,PASSED,-0.2856919267445241,-0.017129817289491298,0.0017237874485059956,2.7618747913473753,0.09204085501407772,-0.006717961610522535
1.3802760552110422,PASSED,-0.28570905567303456,-0.01712805342454372,0.0017905832802960326,2.761966828699039,0.09203392184370883,-0.007076642874468539
1.3812762552510502,PASSED,-0.2857261828043304,-0.01712622283563089,0.0018572593345210617,2.7620588589384285,0.0920266303447669,-0.007434736320237291
1.3822764552910582,PASSED,-0.2857433080717468,-0.01712432564156122,0.0019238172264405614,2.7621508817075413,0.09201898115372854,-0.0077921608504090845
1.3832766553310663,PASSED,-0.28576043140873836,-0.017122361961421664,0.001990255414968036,2.7622428966489676,0.09201097486132927,-0.00814904676518078
1.3842768553710743,PASSED,-0.28577755274887884,-0.017120331914766935,0.0020565741479009756,2.762334903405904,0.09200261204779864,-0.00850532470757047
1.3852770554110823,PASSED,-0.2857946720258616,-0.01711823562159554,0.002122772520393243,2.7624269016221414,0.09199389333469292,-0.0088609720378118
1.3862772554510903,PASSED,-0.2858117891735004,-0.017116073202080667,0.0021888508445308675,2.7625188909420917,0.09198481934698415,-0.009215998156082802
1.3872774554910983,PASSED,-0.2858289041257292,-0.017113844776752055,0.002254808317997531,2.7626108710107604,0.09197539065990429,-0.009570479695718932
1.3882776555311063,PASSED,-0.28584601681660254,-0.01711155046638785,0.002320645061668433,2.7627028414737693,0.09196560788946943,-0.009924297594276222
1.3892778555711143,PASSED,-0.28586312718029644,-0.017109190392787885,0.002386359292163463,2.7627948019773494,0.09195547167563489,-0.010277491328051908
1.3902780556111223,PASSED,-0.2858802351511081,-0.017106764677354225,0.002451952861327749,2.762886752168343,0.09194498260209383,-0.010630128349735583
1.3912782556511303,PASSED,-0.2858973406634565,-0.01710427344119612,0.002517425022620116,2.762978691694217,0.09193414129794096,-0.010982088021593651
1.3922784556911383,PASSED,-0.28591444365188284,-0.0171017168077293,0.0025827724296227854,2.7630706202030404,0.0919229483824201,-0.011333467187017977
1.3932786557311463,PASSED,-0.2859315440510507,-0.017099094899383323,0.0026479989568766594,2.763162537343511,0.09191140446308071,-0.011684220774281629
1.3942788557711543,PASSED,-0.28594864179574636,-0.017096407838249963,0.002713102584349095,2.7632544427649446,0.09189951017597303,-0.012034331329949648
1.3952790558111623,PASSED,-0.2859657368208793,-0.017093655748274244,0.0027780815699669377,2.763346336117283,0.09188726614763344,-0.012383826345993736
1.3962792558511703,PASSED,-0.2859828290614823,-0.017090838753268233,0.002842937296704904,2.7634382170510827,0.09187467297787172,-0.012732732038885532
1.3972794558911783,PASSED,-0.28599991845271217,-0.017087956976522326,0.002907669712040083,2.763530085217534,0.09186173131111539,-0.013080956567950757
1.3982796559311863,PASSED,-0.2860170049298495,-0.01708501054249438,0.0029722769052177665,2.763621940268458,0.09184844179470812,-0.013428556300159846
1.3992798559711943,PASSED,-0.28603408842829936,-0.017081999576116585,0.003036759359517212,2.763713781856298,0.09183480502484288,-0.013775578908624903
1.4002800560112023,PASSED,-0.28605116888359167,-0.01707892420190396,0.0031011174480321917,2.7638056096341317,0.09182082164178124,-0.014121919163674845
1.4012802560512103,PASSED,-0.2860682462313813,-0.017075784544976668,0.0031653499134675087,2.7638974232556675,0.09180649229960725,-0.01446762418088327
1.4022804560912183,PASSED,-0.2860853204074484,-0.017072580731091844,0.0032294565323961483,2.763989222375259,0.09179181762626333,-0.01481270611927075
1.4032806561312263,PASSED,-0.28610239134769894,-0.017069312886097324,0.003293437302603296,2.764081006647883,0.09177679823821706,-0.015157175997594356
1.4042808561712343,PASSED,-0.2861194589881648,-0.01706598113589346,0.003357292138031171,2.7641727757291643,0.09176143479760773,-0.015500950350502907
1.4052810562112423,PASSED,-0.28613652326500416,-0.01706258560706108,0.003421019961949356,2.764264529275366,0.09174572795286542,-0.015844107670200763
1.4062812562512503,PASSED,-0.2861535841145018,-0.017059126426487513,0.0034846209813158727,2.7643562669433885,0.09172967831465949,-0.016186658563097395
1.4072814562912583,PASSED,-0.2861706414730694,-0.01705560372099556,0.0035480951657117466,2.7644479883907813,0.09171328654947683,-0.016528502929049376
1.4082816563312663,PASSED,-0.2861876952772461,-0.0170520176182517,0.003611441129295183,2.764539693275741,0.0916965533184941,-0.016869716351861037
1.4092818563712743,PASSED,-0.286204745463698,-0.01704836824552258,0.0036746604623369367,2.7646313812571033,0.09167947923192844,-0.017210333374865983
1.4102820564112823,PASSED,-0.2862217919692197,-0.01704465573127135,0.00373775011048459,2.764723051994361,0.09166206496230632,-0.017550227120306884
1.4112822564512904,PASSED,-0.2862388347307334,-0.017040880203503826,0.0038007128722233195,2.7648147051476535,0.09164431117374021,-0.017889496196649583
1.4122824564912984,PASSED,-0.28625587368529004,-0.01703704179059552,0.0038635462656945755,2.7649063403777796,0.09162621849830505,-0.01822812826085047
1.4132826565313064,PASSED,-0.286272908770069,-0.017033140621843846,0.003926250408992665,2.764997957346174,0.09160778757742258,-0.01856611596354647
1.4142828565713144,PASSED,-0.28628993992237917,-0.01702917682637593,0.003988825507198023,2.7650895557149484,0.09158901910845765,-0.018903370965831303
1.4152830566113224,PASSED,-0.28630696707965814,-0.01702515053297669,0.0040512719939317,2.765181135146858,0.09156991372976693,-0.01924005050731089
1.4162832566513304,PASSED,-0.2863239901794735,-0.017021061872304618,0.00411358645749326,2.765272695305328,0.09155047208747533,-0.019576036814484166
1.4172834566913384,PASSED,-0.2863410091595226,-0.017016910974035796,0.004175772809707264,2.765364235854429,0.09153069485570448,-0.019911361741757987
1.4182836567313464,PASSED,-0.286358023957633,-0.017012697968046296,0.004237828109367004,2.7654557564589073,0.0915105827040616,-0.020246011576963045
1.4192838567713544,PASSED,-0.2863750345117626,-0.017008422985545318,0.0042997520953872185,2.7655472567841692,0.0914901362912514,-0.020580013632346923
1.4202840568113624,PASSED,-0.28639204076000024,-0.017004086157372436,0.0043615455578788495,2.7656387364962813,0.09146935626851252,-0.020913362143222747
1.4212842568513704,PASSED,-0.2864090426405656,-0.016999687614178357,0.004423208284882084,2.765730195261986,0.09144824333034798,-0.021245988845420564
1.4222844568913784,PASSED,-0.28642604009180983,-0.016995227487864684,0.004484738332862968,2.765821632748688,0.09142679813502494,-0.02157799964146398
1.4232846569313862,PASSED,-0.2864430330522155,-0.016990705910209354,0.004546137203641442,2.765913048624463,0.09140502133794841,-0.021909328699919652
1.4242848569713942,PASSED,-0.2864600214603972,-0.01698612301280844,0.00460740419909596,2.7660044425580597,0.09138291363351442,-0.02223995492337787
1.4252850570114022,PASSED,-0.28647700525510145,-0.016981478928139317,0.004668538315810803,2.766095814218904,0.09136047569810664,-0.02256992239739469
1.4262852570514102,PASSED,-0.28649398437520734,-0.016976773788997136,0.004729539693097227,2.766187163277088,0.09133770818122064,-0.022899246545076673
1.4272854570914182,PASSED,-0.2865109587597266,-0.016972007727779643,0.004790408900421577,2.7662784894033825,0.09131461177234176,-0.0232278504347292
1.4282856571314262,PASSED,-0.28652792834780383,-0.016967180877519902,0.00485114449928192,2.766369792269247,0.09129118717784207,-0.023555757209655696
1.4292858571714342,PASSED,-0.2865448930787169,-0.016962293371968827,0.004911746252266055,2.7664610715468037,0.09126743503379069,-0.023883068612544533
1.4302860572114422,PASSED,-0.28656185289187713,-0.016957345344664202,0.004972214672861221,2.7665523269088728,0.09124335604320817,-0.024209605229167246
1.4312862572514502,PASSED,-0.2865788077268297,-0.016952336929055033,0.005032549566706876,2.766643558028941,0.09121895090102806,-0.024535500147382244
1.4322864572914582,PASSED,-0.28659575752325356,-0.01694726825955213,0.005092749460356892,2.766734764581191,0.09119422026910533,-0.02486071977299098
1.4332866573314662,PASSED,-0.28661270222096197,-0.01694213947075462,0.0051528150222788826,2.766825946240485,0.09116916484365033,-0.02518522924302466
1.4342868573714742,PASSED,-0.2866296417599028,-0.016936950696867403,0.005212746463843827,2.766917102682371,0.09114378531383058,-0.02550906353757415
1.4352870574114822,PASSED,-0.2866465760801587,-0.016931702073024454,0.005272542095685889,2.7670082335830934,0.09111808237273278,-0.025832192804628715
1.4362872574514902,PASSED,-0.28666350512194716,-0.016926393734321962,0.005332203107029765,2.767099338619576,0.09109205669834357,-0.026154662112254916
1.4372874574914982,PASSED,-0.28668042882562106,-0.01692102581617547,0.005391728172800003,2.767190417469443,0.09106570899212837,-0.026476402283811096
1.4382876575315062,PASSED,-0.2866973471316689,-0.016915598454322063,0.005451117640472675,2.7672814698110044,0.09103903994917813,-0.026797470061206793
1.4392878575715142,PASSED,-0.28671425998071476,-0.016910111784381624,0.005510371473754819,2.767372495323268,0.09101205025455966,-0.02711784432327541
1.4402880576115222,PASSED,-0.28673116731351883,-0.016904565942733436,0.005569488431144705,2.7674634936859404,0.09098474061893473,-0.02743749649272297
1.4412882576515302,PASSED,-0.2867480690709775,-0.016898961065770778,0.005628469316995546,2.7675544645794146,0.09095711172410638,-0.02775649371876151
1.4422884576915382,PASSED,-0.2867649651941237,-0.01689329728972949,0.0056873138574869584,2.767645407684797,0.09092916428212232,-0.028074740827598012
1.4432886577315462,PASSED,-0.2867818556241271,-0.01688757475196406,0.005746020370717943,2.767736322683878,0.09090089898618077,-0.028392332684194242
1.4442888577715542,PASSED,-0.2867987403022944,-0.016881793589426368,0.005804590649011603,2.7678272092591616,0.09087231653674455,-0.028709193937570317
1.4452890578115622,PASSED,-0.2868156191700693,-0.016875953939053216,0.005863023522576997,2.76791806709385,0.09084341765090165,-0.029025347113117127
1.4462892578515703,PASSED,-0.2868324921690332,-0.016870055939015097,0.0059213177151477,2.7680088958718465,0.09081420301539837,-0.029340827763378093
1.4472894578915783,PASSED,-0.28684935924090504,-0.01686409972680477,0.005979475207118129,2.7680996952777592,0.09078467333459533,-0.029655582829470038
1.4482896579315863,PASSED,-0.28686622032754167,-0.016858085440351802,0.00603749395020409,2.7681904649969136,0.09075482934566446,-0.029969592998481596
1.4492898579715943,PASSED,-0.28688307537093816,-0.016852013218235744,0.006095374226627191,2.768281204715328,0.09072467172556138,-0.03028297150614598
1.4502900580116023,PASSED,-0.28689992431322786,-0.016845883198444333,0.00615311683459998,2.768371914119741,0.09069420118642033,-0.030595584230995024
1.4512902580516103,PASSED,-0.2869167670966827,-0.016839695519791843,0.0062107198644150595,2.768462592897597,0.09066341846408642,-0.03090748106918117
1.4522904580916183,PASSED,-0.28693360366371357,-0.01683345032191772,0.006268183213924713,2.7685532407370537,0.09063232424944881,-0.0312187036832272
1.4532906581316263,PASSED,-0.2869504339568701,-0.016827147742977236,0.00632550942486363,2.768643857326979,0.09060091925167679,-0.03152919383120209
1.4542908581716343,PASSED,-0.28696725791884153,-0.016820787922704576,0.006382694171190754,2.768734442356961,0.09056920421023013,-0.03183893985695573
1.4552910582116423,PASSED,-0.28698407549245625,-0.016814371001151733,0.006439739807282807,2.7688249955173,0.09053717982761147,-0.03214801112645519
1.4562912582516503,PASSED,-0.2870008866206826,-0.016807897117459978,0.006496646281404819,2.768915516499012,0.09050484680731519,-0.03245635974283061
1.4572914582916583,PASSED,-0.2870176912466287,-0.016801366411720472,0.006553412044900708,2.769006004993833,0.0904722058911858,-0.03276395372041175
1.4582916583316663,PASSED,-0.2870344893135427,-0.016794779024467427,0.006610037391801095,2.76909646069422,0.09043925779733912,-0.0330708539308706
1.4592918583716743,PASSED,-0.2870512807648132,-0.01678813509596959,0.006666522568527508,2.7691868832933455,0.09040600322465632,-0.033377051850753146
1.4602920584116823,PASSED,-0.2870680655439692,-0.016781434766620775,0.006722867202343548,2.7692772724851116,0.09037244291997086,-0.03368247324191693
1.4612922584516903,PASSED,-0.2870848435946805,-0.016774678177615156,0.006779070207799817,2.7693676279641375,0.09033857760396594,-0.03398721118025811
1.4622924584916983,PASSED,-0.287101614860758,-0.01676786547012799,0.006835132340082656,2.769457949425769,0.09030440798341419,-0.034291226799416936
1.4632926585317063,PASSED,-0.2871183792861535,-0.016760996784835953,0.006891053926670376,2.769548236566076,0.09026993479853074,-0.034594490272804305
1.4642928585717143,PASSED,-0.2871351368149602,-0.01675407226337974,0.0069468331425795535,2.7696384890818586,0.09023515878632718,-0.03489702682406066
1.4652930586117223,PASSED,-0.28715188739141295,-0.0167470920478295,0.007002470488677084,2.7697287066706404,0.09020008065486,-0.03519886789593121
1.4662932586517303,PASSED,-0.2871686309598882,-0.016740056279422343,0.007057967019476824,2.769818889030677,0.09016470113894477,-0.035499947928087444
1.4672934586917383,PASSED,-0.2871853674649045,-0.01673296510040845,0.007113320343503297,2.769909035860954,0.09012902098498256,-0.03580029131829428
1.4682936587317463,PASSED,-0.28720209685112214,-0.01672581865325706,0.007168531689980959,2.769999146861192,0.09009304091544292,-0.03609992168722046
1.4692938587717543,PASSED,-0.28721881906334434,-0.016718617080252754,0.007223600547191929,2.7700892217318325,0.09005676164280192,-0.036398839943531026
1.4702940588117623,PASSED,-0.28723553404651625,-0.016711360523571556,0.007278527437198483,2.7701792601740642,0.09002018393477869,-0.03669695340970204
1.4712942588517703,PASSED,-0.287252241745726,-0.016704049126465826,0.007333310218079575,2.770269261889799,0.08998330851232056,-0.03699440182374968
1.4722944588917783,PASSED,-0.2872689421062047,-0.016696683032054276,0.0073879505405263736,2.770359226581697,0.08994613610271375,-0.03729108146215487
1.4732946589317863,PASSED,-0.2872856350733262,-0.016689262382962065,0.00744244812666783,2.770449153953147,0.08990866746260133,-0.037587012545939616
1.4742948589717944,PASSED,-0.2873023205926078,-0.01668178732269813,0.007496801688778463,2.7705390437082755,0.08987090331586847,-0.03788223619077652
1.4752950590118024,PASSED,-0.28731899860971016,-0.01667425799504277,0.0075510116330840356,2.770628895551952,0.08983284440217097,-0.03817669870197859
1.4762952590518104,PASSED,-0.2873356690704377,-0.016666674543605167,0.00760507797394733,2.770718709189785,0.08979449147556472,-0.03847041187578381
1.4772954590918184,PASSED,-0.28735233192073834,-0.016659037111876312,0.007659000898792081,2.770808484328124,0.08975584526592593,-0.03876340814745256
1.4782956591318264,PASSED,-0.2873689871067042,-0.016651345844360337,0.0077127785940955184,2.77089822067406,0.08971690651530456,-0.039055645603993966
1.4792958591718344,PASSED,-0.2873856345745714,-0.01664360088499713,0.007766413209283156,2.770987917935431,0.08967767597959898,-0.03934712910663726
1.4802960592118424,PASSED,-0.2874022742707204,-0.016635802378263786,0.007819902416046052,2.7710775758208124,0.08963815439022509,-0.039637896218720214
1.4812962592518504,PASSED,-0.28741890614167603,-0.01662795046876839,0.007873247548292838,2.7711671940395353,0.0895983425020717,-0.0399278827765199
1.4822964592918584,PASSED,-0.2874355301341079,-0.016620045301005575,0.007926447905832136,2.771256772301666,0.08955824105868138,-0.040217150466180254
1.4832966593318664,PASSED,-0.28745214619483034,-0.016612087020205862,0.007979502728961009,2.77134631031803,0.08951785081078685,-0.04050564618008515
1.4842968593718744,PASSED,-0.28746875427080254,-0.016604075770912,0.008032413670457879,2.7714358078001915,0.08947717250443112,-0.04079341313949777
1.4852970594118824,PASSED,-0.2874853543091291,-0.016596011698833204,0.008085177684354145,2.771525264460467,0.08943620688353968,-0.04108042605938619
1.4862972594518904,PASSED,-0.2875019462570596,-0.016587894949249584,0.008137797516463362,2.7716146800119272,0.08939495471568297,-0.04136666238824913
1.4872974594918984,PASSED,-0.2875185300619893,-0.016579725667309413,0.008190271555974987,2.7717040541683886,0.08935341673969105,-0.04165218506102588
1.4882976595319064,PASSED,-0.28753510567145873,-0.016571503998871275,0.008242599692919215,2.7717933866444264,0.08931159370781856,-0.04193692974678342
1.4892978595719144,PASSED,-0.2875516730331546,-0.016563230090121,0.008294781455183413,2.7718826771553657,0.08926948638704564,-0.04222091479036433
1.4902980596119224,PASSED,-0.28756823209490917,-0.016554904086513507,0.008346818375693142,2.7719719254172834,0.08922709551653193,-0.042504174329240425
1.4912982596519304,PASSED,-0.2875847828047009,-0.01654652613427663,0.008398708144331829,2.7720611311470167,0.08918442185711982,-0.04278664946737182
1.4922984596919384,PASSED,-0.2876013251106544,-0.016538096380064714,0.008450451590301496,2.772150294062156,0.08914146617464676,-0.04306837114351531
1.4932986597319464,PASSED,-0.2876178589610407,-0.01652961496997781,0.008502049084632578,2.772239413881048,0.08909822921182803,-0.0433493572688776
1.4942988597719544,PASSED,-0.2876343843042773,-0.01652108205062925,0.00855349952451481,2.772328490322801,0.08905471173446583,-0.04362955742441473
1.4952990598119624,PASSED,-0.28765090108892827,-0.016512497768742435,0.008604803461682013,2.772417523107278,0.08901091450693722,-0.0439090075980506
1.4962992598519704,PASSED,-0.28766740926370454,-0.016503862271045097,0.008655960521111486,2.7725065119551062,0.08896683828251066,-0.04418770231224647
1.4972994598919784,PASSED,-0.2876839087774639,-0.016495175704658763,0.008706970296484737,2.7725954565876667,0.08892248381555032,-0.04446564339239185
1.4982996599319864,PASSED,-0.28770039957921123,-0.016486438216722677,0.008757833029155983,2.772684356727111,0.08887785188661235,-0.04474278596835327
1.4992998599719944,PASSED,-0.2877168816180986,-0.016477649954605378,0.00880854817606266,2.7727732120963435,0.0888329432456499,-0.045019210958513946
1.5003000600120024,PASSED,-0.2877333548434253,-0.016468811065374834,0.00885911660020197,2.772862022419043,0.08878775865665287,-0.04529484102270905
1.5013002600520104,PASSED,-0.2877498192046383,-0.016459921696819365,0.008909536525651754,2.77295078741964,0.08874229888725427,-0.045569721649177594
1.5023004600920185,PASSED,-0.287766274651332,-0.01645098199654167,0.008959809445730212,2.773039506823337,0.08869656469875278,-0.04584383306970825
1.5033006601320265,PASSED,-0.2877827211332485,-0.016441992112099922,0.009009934439089463,2.773128180356103,0.0886505568673811,-0.046117163573000775
1.5043008601720345,PASSED,-0.2877991586002777,-0.01643295219161955,0.009059911174563827,2.7732168077446704,0.08860427614795333,-0.046389756664291626
1.5053010602120425,PASSED,-0.2878155870024577,-0.016423862383245003,0.009109739841205748,2.7733053887165404,0.08855772331066113,-0.04666155771079403
1.5063012602520505,PASSED,-0.2878320062899745,-0.016414722834901804,0.009159420677858236,2.7733939229999818,0.08851089913346291,-0.04693259018983353
1.5073014602920585,PASSED,-0.28784841641316233,-0.016405533694794302,0.009208953060601087,2.773482410324031,0.08846380437355797,-0.047202873048346465
1.5083016603320665,PASSED,-0.2878648173225037,-0.01639629511161385,0.009258336593690046,2.7735708504184973,0.08841643980576089,-0.04747236429623544
1.5093018603720745,PASSED,-0.28788120896862973,-0.01638700723372,0.00930757209395682,2.7736592430139555,0.08836880620108827,-0.0477410982568681
1.5103020604120825,PASSED,-0.28789759130232,-0.016377670209660602,0.0093566587030303,2.7737475878417577,0.0883209043327647,-0.04800904836805887
1.5113022604520905,PASSED,-0.28791396427450283,-0.016368284188182314,0.009405596661793601,2.7738358846340234,0.08827273497246393,-0.04827623492257985
1.5123024604920985,PASSED,-0.28793032783625516,-0.01635884931823235,0.009454385475413855,2.7739241331236455,0.08822429888763646,-0.04854265143074117
1.5133026605321065,PASSED,-0.28794668193880313,-0.016349365748818373,0.009503025373013944,2.7740123330442907,0.08817559685729055,-0.04880828295602877
1.5143028605721145,PASSED,-0.28796302653352157,-0.016339833628765673,0.009551516505826184,2.7741004841303982,0.08812662965478847,-0.04907314886610511
1.5153030606121225,PASSED,-0.28797936157193466,-0.016330253107406153,0.00959985792864964,2.7741885861171887,0.0880773980608582,-0.04933722397304502
1.5163032606521305,PASSED,-0.28799568700571576,-0.016320624334132464,0.009648050170380042,2.7742766387406483,0.0880279028404039,-0.049600551441799
1.5173034606921385,PASSED,-0.2880120027866874,-0.01631094745809144,0.009696093288122352,2.7743646417375474,0.08797814477502117,-0.049863074676694666
1.5183036607321465,PASSED,-0.2880283088668218,-0.016301222628848838,0.00974398654558427,2.7744525948454264,0.0879281246442305,-0.05012483486665712
1.5193038607721545,PASSED,-0.2880446051982405,-0.016291449996047987,0.009791730304360423,2.774540497802609,0.0878778432217615,-0.05038581420389567
1.5203040608121625,PASSED,-0.28806089173321475,-0.016281629709295736,0.009839324384175042,2.774628350348196,0.08782730129231275,-0.05064600627864206
1.5213042608521705,PASSED,-0.2880771684241655,-0.016271761918238713,0.00988676883891548,2.774716152222065,0.08777649962794623,-0.050905436425123136
1.5223044608921785,PASSED,-0.28809343522366343,-0.016261846772898495,0.009934063007755588,2.774803903164875,0.08772543901173317,-0.051164069405019066
1.5233046609321865,PASSED,-0.2881096920844293,-0.016251884423507012,0.009981206980637536,2.7748916029180597,0.08767412022085763,-0.051421938522575185
1.5243048609721945,PASSED,-0.2881259389593339,-0.01624187501958186,0.010028201888160436,2.7749792512238405,0.08762254404032922,-0.05167900853232081
1.5253050610122025,PASSED,-0.28814217580139795,-0.016231818711392967,0.010075045722712233,2.7750668478252183,0.08757071125499635,-0.051935303199890294
1.5263052610522105,PASSED,-0.2881584025637923,-0.01622171564952649,0.010121739295659512,2.7751543924659767,0.08751862264294649,-0.05219081794984047
1.5273054610922185,PASSED,-0.2881746191998384,-0.016211565984040725,0.010168282945832557,2.775241884890675,0.08746627897644697,-0.05244556553264251
1.5283056611322265,PASSED,-0.2881908256630075,-0.016201369864913568,0.010214676581373119,2.7753293248446655,0.08741368105891484,-0.052699485531802766
1.5293058611722345,PASSED,-0.28820702190692193,-0.01619112744333092,0.010260918250162853,2.7754167120740765,0.08736082966476393,-0.052952666563659385
1.5303060612122426,PASSED,-0.28822320788535394,-0.01618083886960171,0.010307010715240674,2.7755040463258243,0.08730772556850006,-0.05320504939733036
1.5313062612522506,PASSED,-0.28823938355222684,-0.01617050429404229,0.010352952122208266,2.7755913273476116,0.08725436957792847,-0.053456618021094866
1.5323064612922586,PASSED,-0.2882555488616142,-0.016160123867712824,0.010398742467636052,2.7756785548879206,0.08720076246065778,-0.0537074501037492
1.5333066613322666,PASSED,-0.28827170376774064,-0.016149697741260984,0.010444382441305905,2.7757657286960242,0.08714690500016815,-0.05395746741355343
1.5343068613722746,PASSED,-0.28828784822498155,-0.01613922606572575,0.01048987093118133,2.775852848521982,0.08709279800434458,-0.054206681430258016
1.5353070614122826,PASSED,-0.28830398218786296,-0.016128708991589066,0.010535209607021881,2.775939914116637,0.08703844224119936,-0.054455150955179055
1.5363072614522904,PASSED,-0.28832010561106225,-0.016118146670186625,0.010580395932719264,2.7760269252316196,0.0869838384947991,-0.054702810030315525
1.5373074614922984,PASSED,-0.28833621844940754,-0.016107539252719433,0.010625431823506965,2.776113881619354,0.08692898757747132,-0.05494965552610314
1.5383076615323064,PASSED,-0.288352320657878,-0.01609688688969158,0.010670317164082111,2.776200783033048,0.08687389026052508,-0.0551957578929941
1.5393078615723144,PASSED,-0.2883684121916043,-0.016086189733034818,0.010715049651877908,2.776287629226702,0.08681854733005281,-0.05544104552510315
1.5403080616123224,PASSED,-0.28838449300586794,-0.01607544793376376,0.010759632350511108,2.776374419955095,0.08676295957968339,-0.05568555359899456
1.5413082616523304,PASSED,-0.288400563056102,-0.0160646616428208,0.010804063337925994,2.7764611549738114,0.08670712781095115,-0.05592924548773302
1.5423084616923384,PASSED,-0.2884166222978908,-0.01605383101186733,0.010848342697169154,2.7765478340392193,0.08665105280601683,-0.056172177898731114
1.5433086617323464,PASSED,-0.2884326706869698,-0.016042956192407812,0.010892470634419829,2.7766344569084715,0.0865947353394469,-0.056414325684066756
1.5443088617723544,PASSED,-0.28844870817922635,-0.01603203733586306,0.010936447151647566,2.776721023339519,0.08653817622542058,-0.05665563958781847
1.5453090618123624,PASSED,-0.2884647347306991,-0.016021074593825544,0.010980271961424388,2.776807533091108,0.08648137626320211,-0.05689617730559082
1.5463092618523704,PASSED,-0.28848075029757825,-0.01601006811762454,0.011023945694054741,2.776893985922764,0.08642433620735433,-0.05713597487592434
1.5473094618923784,PASSED,-0.28849675483620574,-0.01599901805917859,0.011067466947218321,2.776980381594821,0.08636705688402882,-0.05737488895857786
1.5483096619323864,PASSED,-0.28851274830307494,-0.015987924570214015,0.011110836976143137,2.7770667198683885,0.08630953908046696,-0.05761307996406584
1.5493098619723944,PASSED,-0.28852873065483126,-0.015976787802165167,0.011154055430650709,2.7771530005053857,0.0862517835751718,-0.05785045551587563
1.5503100620124024,PASSED,-0.28854470184827147,-0.01596560790690442,0.011197121814144449,2.777239223268516,0.08619379118029666,-0.058087021114667514
1.5513102620524104,PASSED,-0.2885606618403445,-0.015954385036615566,0.011240035938657716,2.7773253879212803,0.08613556268442697,-0.058322812373034806
1.5523104620924184,PASSED,-0.28857661058815093,-0.01594311934270171,0.011282799230655742,2.77741149422797,0.08607709887118845,-0.05855781381550691
1.5533106621324264,PASSED,-0.28859254804894346,-0.015931810977368906,0.011325409400905744,2.777497541953675,0.08601840054648753,-0.05879199862450067
1.5543108621724344,PASSED,-0.28860847418012625,-0.01592046009240305,0.011367868675822805,2.7775835308642822,0.08595946851291905,-0.059025390197790885
1.5553110622124424,PASSED,-0.288624388939256,-0.01590906683988357,0.011410175081929182,2.777669460726465,0.0859003035430132,-0.059258023044563
1.5563112622524504,PASSED,-0.288640292284041,-0.01589763137180165,0.011452330081907602,2.7777553313077066,0.08584090645474743,-0.05948979841323968
1.5573114622924584,PASSED,-0.28865618417234173,-0.015886153840249932,0.011494332531590577,2.7778411423762717,0.08578127803716303,-0.05972083036516799
1.5583116623324664,PASSED,-0.2886720645621707,-0.015874634397147872,0.011536183482374389,2.7779268937012342,0.08572141908085833,-0.059951040264393046
1.5593118623724744,PASSED,-0.28868793341169263,-0.015863073194768856,0.011577881643445479,2.7780125850524535,0.08566133038851116,-0.06018046040235534
1.5603120624124824,PASSED,-0.2887037906792242,-0.01585147038530326,0.011619428013698741,2.7780982162005974,0.08560101276413035,-0.06040906703313058
1.5613122624524904,PASSED,-0.28871963632323433,-0.015839826120811588,0.011660822143653788,2.778183786917122,0.08554046699220604,-0.060636908518456975
1.5623124624924984,PASSED,-0.2887354703023442,-0.01582814055352432,0.011702064049673734,2.7782692969742815,0.08547969386663977,-0.060863936931488144
1.5633126625325064,PASSED,-0.288751292575327,-0.0158164138355452,0.0117431539320839,2.7783547461451343,0.08541869421001444,-0.06109013642121603
1.5643128625725145,PASSED,-0.2887671031011084,-0.015804646119423255,0.011784090915185728,2.778440134203535,0.08535746880784092,-0.06131557934171763
1.5653130626125225,PASSED,-0.2887829018387662,-0.015792837557156308,0.01182487650145268,2.778525460924131,0.08529601843715585,-0.06154023158062762
1.5663132626525305,PASSED,-0.2887986887475304,-0.01578098830094328,0.01186550935407861,2.7786107260823725,0.08523434392442432,-0.06176403349880301
1.5673134626925385,PASSED,-0.2888144637867834,-0.015769098503437513,0.011905989606890731,2.7786959294545124,0.08517244607523317,-0.06198705965271628
1.5683136627325465,PASSED,-0.2888302269160598,-0.01575716831670006,0.011946318157829358,2.7787810708175984,0.08511032565978487,-0.06220931931201922
1.5693138627725545,PASSED,-0.2888459780950467,-0.015745197893068268,0.011986493947763785,2.7788661499494753,0.08504798348597827,-0.0624307434696466
1.5703140628125625,PASSED,-0.2888617172835834,-0.015733187385143156,0.012026517243339776,2.778951166628787,0.08498542036620725,-0.0626513706385674
1.5713142628525705,PASSED,-0.2888774444416615,-0.015721136944841122,0.01206638900782829,2.7790361206349883,0.08492263710075326,-0.06287119533093817
1.5723144628925785,PASSED,-0.2888931595294251,-0.015709046724631855,0.012106107676893593,2.779121011748326,0.08485963447842279,-0.06309024033016855
1.5733146629325865,PASSED,-0.28890886250717057,-0.015696916877241607,0.012145673865814386,2.7792058397498387,0.08479641328884992,-0.06330848906800399
1.5743148629725945,PASSED,-0.2889245533353468,-0.01568474755501872,0.012185087794270105,2.77929060442138,0.08473297436081682,-0.0635258873431539
1.5753150630126025,PASSED,-0.28894023197455476,-0.01567253890967014,0.01222435038478336,2.7793753055455985,0.08466931848739588,-0.06374253080612077
1.5763152630526105,PASSED,-0.288955898385548,-0.015660291094104953,0.012263459018790451,2.779459942905941,0.08460544644680179,-0.06395838045273637
1.5773154630926185,PASSED,-0.28897155252923257,-0.015648004261035527,0.012302415769853518,2.779544516286654,0.08454135905703411,-0.0641733959776356
1.5783156631326265,PASSED,-0.28898719436666664,-0.015635678562147596,0.012341220966645574,2.7796290254727936,0.08447705713556317,-0.06438760513314391
1.5793158631726345,PASSED,-0.2890028238590609,-0.015623314149959029,0.012379873003180306,2.779713470250209,0.08441254145513157,-0.0646010639638994
1.5803160632126425,PASSED,-0.2890184409677784,-0.015610911177418267,0.01241837223247944,2.7797978504055516,0.08434781281799786,-0.06481368591358341
1.5813162632526505,PASSED,-0.2890340456543346,-0.015598469796377395,0.012456720246466125,2.7798821657262742,0.08428287204824779,-0.06502549230772525
1.5823164632926585,PASSED,-0.28904963788039734,-0.015585990159045257,0.012494915389251876,2.779966416000637,0.08421771993834955,-0.06523652162523365
1.5833166633326665,PASSED,-0.28906521760778664,-0.015573472418211075,0.012532957797471121,2.7800506010176953,0.08415235727646522,-0.06544675539039278
1.5843168633726745,PASSED,-0.2890807847984751,-0.015560916726163734,0.012570848213920054,2.7801347205673057,0.08408678487449256,-0.06565616636083839
1.5853170634126825,PASSED,-0.2890963394145875,-0.015548323235004305,0.012608586456436933,2.7802187744401254,0.08402100353299463,-0.06586479158934525
1.5863172634526905,PASSED,-0.28911188141840116,-0.015535692097231059,0.012646171984454469,2.780302762427627,0.08395501406742761,-0.0660725815521365
1.5873174634926985,PASSED,-0.28912741077234544,-0.015523023465131326,0.01268360550991817,2.780386684322066,0.08388881725579381,-0.06627963168824466
1.5883176635327065,PASSED,-0.28914292743900216,-0.015510317490960589,0.012720886611281523,2.780470539916511,0.08382241390434526,-0.06648583128874075
1.5893178635727145,PASSED,-0.2891584313811054,-0.01549757432696007,0.012758015593343967,2.780554329004831,0.08375580484043722,-0.06669121898757112
1.5903180636127225,PASSED,-0.28917392256154145,-0.01548479412543264,0.01279499215015653,2.78063805138169,0.08368899083122627,-0.0668958693598837
1.5913182636527305,PASSED,-0.2891894009433491,-0.015471977038769737,0.01283181633806453,2.780721706842569,0.08362197269999602,-0.06709963914382798
1.5923184636927386,PASSED,-0.2892048664897189,-0.015459123218759425,0.012868489125143148,2.7808052951837374,0.08355475125364185,-0.06730265116105812
1.5933186637327466,PASSED,-0.28922031916399404,-0.01544623281802893,0.012905008467396771,2.780888816202274,0.08348732727321756,-0.06750486659978494
1.5943188637727546,PASSED,-0.2892357589296696,-0.015433305988612495,0.012941376715793219,2.7809722696960515,0.08341970156844863,-0.06770626354834465
1.5953190638127626,PASSED,-0.2892511857503929,-0.015420342882260955,0.012977592775370944,2.7810556554637547,0.08335187495698666,-0.06790684340438881
1.5963192638527706,PASSED,-0.2892665995899634,-0.015407343651784089,0.013013655611195876,2.781138973304869,0.08328384823148174,-0.06810664690528068
1.5973194638927786,PASSED,-0.28928200041233276,-0.015394308448810633,0.013049567881627042,2.781222223019672,0.08321562217290154,-0.06830566636348076
1.5983196639327866,PASSED,-0.2892973881816045,-0.015381237425249798,0.013085327346975291,2.781305404409253,0.08314719761092398,-0.06850382572027522
1.5993198639727946,PASSED,-0.28931276286203417,-0.015368130733575661,0.013120934558908674,2.781388517275504,0.08307857535420787,-0.06870121071331659
1.6003200640128026,PASSED,-0.2893281244180295,-0.015354988525595777,0.013156390260535318,2.781471561421111,0.08300975616814957,-0.06889783628829349
1.6013202640528106,PASSED,-0.2893434728141502,-0.015341810953030834,0.0131916941012138,2.7815545366495673,0.08294074087571222,-0.06909359653672496
1.6023204640928186,PASSED,-0.2893588080151075,-0.015328598167726911,0.013226846105729084,2.7816374427651724,0.08287153030111151,-0.06928855997672212
1.6033206641328266,PASSED,-0.28937412998576495,-0.015315350322077665,0.01326184534492417,2.781720279573018,0.08280212520638593,-0.06948278455815887
1.6043208641728346,PASSED,-0.2893894386911378,-0.015302067567642253,0.013296693829069405,2.781803046879003,0.08273252640343745,-0.0696761485419989
1.6053210642128426,PASSED,-0.28940473409639317,-0.015288750055808395,0.013331390503721207,2.7818857444898266,0.08266273471883756,-0.0698687086384976
1.6063212642528506,PASSED,-0.2894200161668497,-0.015275397938880823,0.013365934543471914,2.7819683722129924,0.08259275093118751,-0.07006050699108235
1.6073214642928586,PASSED,-0.28943528486797804,-0.015262011368418588,0.013400327741410463,2.7820509298568012,0.08252257583676352,-0.07025148604594453
1.6083216643328666,PASSED,-0.28945054016540034,-0.015248590495701144,0.013434569368134117,2.7821334172303556,0.08245221025472026,-0.07044164604148276
1.6093218643728746,PASSED,-0.28946578202489043,-0.015235135472851064,0.013468658504712273,2.7822158341435657,0.08238165498595434,-0.07063101724888457
1.6103220644128826,PASSED,-0.28948101041237384,-0.015221646451352249,0.013502596828216078,2.782298180407133,0.08231091081155635,-0.07081961249741386
1.6113222644528906,PASSED,-0.2894962252939273,-0.015208123582004886,0.013536384360129605,2.7823804558325693,0.08223997854918683,-0.07100736228427226
1.6123224644928986,PASSED,-0.28951142663577933,-0.015194567017061077,0.013570018666263391,2.782462660232179,0.08216885900036883,-0.07119433984047448
1.6133226645329066,PASSED,-0.28952661440430977,-0.015180976908058563,0.013603502560014358,2.7825447934190755,0.08209755295799985,-0.07138051072130867
1.6143228645729146,PASSED,-0.2895417885660498,-0.015167353405348097,0.013636836144100634,2.782626855207168,0.08202606122758904,-0.07156587687049865
1.6153230646129226,PASSED,-0.2895569490876818,-0.01515369666085353,0.013670016728212013,2.782708845411163,0.08195438460183156,-0.07175045834882231
1.6163232646529306,PASSED,-0.2895720959360398,-0.01514000682617158,0.013703046651106807,2.782790763846576,0.08188252389348433,-0.07193420834618282
1.6173234646929386,PASSED,-0.2895872290781085,-0.015126284051677551,0.013735926389309594,2.7828726103297132,0.08181047989347089,-0.07211719445825833
1.6183236647329466,PASSED,-0.2896023484810241,-0.015112528488636508,0.013768654142198602,2.7829543846776863,0.08173825339734937,-0.07229936389700198
1.6193238647729546,PASSED,-0.2896174541120738,-0.01509874028887726,0.013801230170616609,2.783036086708405,0.08166584521895197,-0.07248072139767406
1.6203240648129626,PASSED,-0.2896325459386958,-0.015084919602617384,0.013833656986047216,2.7831177162405822,0.08159325615366246,-0.07266129455071692
1.6213242648529707,PASSED,-0.28964762392847915,-0.015071066580473701,0.013865932248770845,2.7831992730937234,0.08152048698469806,-0.07284108524019081
1.6223244648929787,PASSED,-0.2896626880491639,-0.01505718137429021,0.013898055473306302,2.7832807570881393,0.08144753853089974,-0.07302003283707291
1.6233246649329867,PASSED,-0.28967773826864096,-0.015043264134494472,0.013930029344026835,2.7833621680449343,0.08137441158668304,-0.07319821846977657
1.6243248649729947,PASSED,-0.28969277455495174,-0.015029315010912637,0.013961853073705403,2.7834435057860176,0.08130110694177826,-0.07337559586145265
1.6253250650130027,PASSED,-0.28970779687628856,-0.015015334155335151,0.013993523913339845,2.78352477013409,0.08122762540075557,-0.07355217113020382
1.6263252650530107,PASSED,-0.28972280520099436,-0.015001321718226717,0.014025045905164167,2.7836059609126513,0.08115396775797197,-0.07372795721920172
1.6273254650930187,PASSED,-0.28973779949756234,-0.014987277849019915,0.014056418074560938,2.783687077946007,0.08108013482231431,-0.07390292128328561
1.6283256651330267,PASSED,-0.2897527797346365,-0.01497320269923756,0.01408763758755319,2.7837681210592544,0.08100612738308198,-0.07407711786504406
1.6293258651730347,PASSED,-0.289767745881011,-0.01495909641923973,0.014118708271348354,2.783849090078282,0.08093194622065708,-0.07425052546481709
1.6303260652130427,PASSED,-0.2897826979056303,-0.014944959158300814,0.014149629383959772,2.7839299848297894,0.08085759216642631,-0.07442307340805739
1.6313262652530507,PASSED,-0.2897976357775893,-0.014930791067417772,0.014180398549096777,2.784010805141262,0.08078306600194883,-0.07459489185708959
1.6323264652930587,PASSED,-0.2898125594661329,-0.014916592296895738,0.014211018503990173,2.784091550840988,0.08070836850554772,-0.07476589943045553
1.6333266653330667,PASSED,-0.28982746894065603,-0.014902362995898323,0.014241489326368394,2.784172221758044,0.08063350049374317,-0.07493608672063028
1.6343268653730747,PASSED,-0.2898423641707035,-0.014888103314666263,0.014271809169185865,2.784252817722314,0.08055846277127651,-0.07510547963068918
1.6353270654130827,PASSED,-0.2898572451259704,-0.014873813403798878,0.014301978666184583,2.7843333385644677,0.08048325610791472,-0.07527411918250698
1.6363272654530907,PASSED,-0.2898721117763012,-0.014859493412184647,0.014332000246257746,2.7844137841159733,0.08040788130363422,-0.0754419276791886
1.6373274654930987,PASSED,-0.2898869640916904,-0.014845143489668998,0.014361870695242893,2.7844941542090944,0.08033233917454431,-0.07560893003037897
1.6383276655331067,PASSED,-0.289901802042282,-0.014830763786329524,0.014391591768960769,2.7845744486768926,0.08025663050123683,-0.07577516882556608
1.6393278655731147,PASSED,-0.28991662559836956,-0.01481635445115199,0.014421164116584345,2.7846546673532178,0.0801807560646653,-0.07594061506881915
1.6403280656131227,PASSED,-0.28993143473039623,-0.0148019156337169,0.014450586314091542,2.784734810072714,0.08010471667585299,-0.07610523797464401
1.6413282656531307,PASSED,-0.2899462294089543,-0.014787447483393534,0.014479859662884427,2.784814876670825,0.08002851313394364,-0.07626907786582873
1.6423284656931387,PASSED,-0.2899610096047855,-0.014772950149317933,0.014508983684078785,2.7848948669837843,0.07995214621335592,-0.07643214906900048
1.6433286657331467,PASSED,-0.28997577528878077,-0.014758423780991164,0.014537958088562742,2.784974780848616,0.07987561671245633,-0.0765944021199769
1.6443288657731547,PASSED,-0.28999052643198,-0.014743868526882241,0.014566784789164965,2.7850546181031386,0.07979892543278583,-0.07675586470416783
1.6453290658131627,PASSED,-0.29000526300557217,-0.01472928453612557,0.014595461401675506,2.785134378585961,0.0797220731536206,-0.07691655547259964
1.6463292658531707,PASSED,-0.2900199849808951,-0.014714671957953476,0.014623989352372416,2.78521406213649,0.07964506067728443,-0.07707642357857006
1.6473294658931787,PASSED,-0.29003469232943546,-0.014700030940589233,0.014652369372158351,2.785293668594917,0.07956788879219993,-0.07723552608844285
1.6483296659331867,PASSED,-0.29004938502282845,-0.014685361632747938,0.014680600154050651,2.785373197802226,0.07949055827931213,-0.07739383742070564
1.6493298659731948,PASSED,-0.29006406303285814,-0.014670664183455263,0.014708682051758046,2.7854526496001912,0.07941306993987038,-0.07755134078913739
1.6503300660132025,PASSED,-0.2900787263314568,-0.014655938740484329,0.014736616917053344,2.785532023831383,0.07933542457004442,-0.077708055850538
1.6513302660532105,PASSED,-0.2900933748907053,-0.014641185452430625,0.014764402144803474,2.785611320339147,0.07925762293186506,-0.0778640263985721
1.6523304660932185,PASSED,-0.29010800868283254,-0.014626404467792922,0.01479203963297069,2.785690538967637,0.07917966584489944,-0.07801912734365013
1.6533306661332265,PASSED,-0.2901226276802159,-0.014611595934202129,0.014819529562672672,2.785769679561778,0.07910155408662739,-0.07817351222430982
1.6543308661732345,PASSED,-0.2901372318553805,-0.01459675999993777,0.0148468707321485,2.7858487419672944,0.07902328842845395,-0.07832708880620368
1.6553310662132426,PASSED,-0.2901518211809995,-0.014581896812922556,0.01487406453725804,2.7859277260306943,0.07894486968597572,-0.07847984492623783
1.6563312662532506,PASSED,-0.29016639562989416,-0.01456700652077935,0.014901110547170443,2.7860066315992733,0.07886629863489662,-0.07863185518101348
1.6573314662932586,PASSED,-0.2901809551750331,-0.014552089271274424,0.014928008810099766,2.786085458521114,0.07878757604718697,-0.07878307606205684
1.6583316663332666,PASSED,-0.2901954997895327,-0.014537145211792548,0.014954759929723999,2.7861642066450885,0.07870870273311929,-0.0789334727380901
1.6593318663732746,PASSED,-0.2902100294466568,-0.0145221744901261,0.01498136282426494,2.7862428758208475,0.07862967946512318,-0.07908313150145435
1.6603320664132826,PASSED,-0.29022454411981674,-0.014507177253399154,0.015007819328731417,2.7863214658988373,0.07855050702715646,-0.07923197561022308
1.6613322664532906,PASSED,-0.29023904378257104,-0.014492153648604783,0.015034128438130031,2.786399976730279,0.07847118620994988,-0.07938004493750035
1.6623324664932986,PASSED,-0.2902535284086252,-0.01447710382290342,0.01506029054351768,2.786478408167186,0.07839171779654333,-0.07952732571923368
1.6633326665333066,PASSED,-0.2902679979718321,-0.014462027923732301,0.015086304922854685,2.7865567600623513,0.07831210256747025,-0.07967383130899205
1.6643328665733146,PASSED,-0.29028245244619116,-0.01444692609751848,0.015112173741131139,2.786635032269352,0.07823234130620059,-0.0798195479100962
1.6653330666133226,PASSED,-0.2902968918058487,-0.01443179849056098,0.01513789576841087,2.786713224642547,0.07815243479580869,-0.07996448537977253
1.6663332666533306,PASSED,-0.2903113160250979,-0.014416645250385612,0.01516346978000335,2.786791337037084,0.07807238382666011,-0.0801086249944667
1.6673334666933386,PASSED,-0.29032572507837817,-0.01440146652317517,0.015188898830737173,2.786869369308885,0.07799218916937174,-0.08025201215097943
1.6683336667333466,PASSED,-0.29034011894027545,-0.014386262454458924,0.015214181973250772,2.7869473213146536,0.07791185159971996,-0.08039460798562953
1.6693338667733546,PASSED,-0.29035449758552195,-0.014371033191298703,0.01523931728486845,2.7870251929118766,0.07783137191490978,-0.08053640269321309
1.6703340668133626,PASSED,-0.2903688609889961,-0.014355778879996905,0.01526430731308531,2.7871029839588277,0.07775075089727422,-0.08067742759712099
1.6713342668533706,PASSED,-0.29038320912572224,-0.014340499665520456,0.015289152585355634,2.7871806943145443,0.07766998929564348,-0.08081771765317884
1.6723344668933786,PASSED,-0.29039754197087064,-0.014325195694332061,0.015313850257090452,2.787258323838858,0.07758908791609044,-0.08095715415293589
1.6733346669333866,PASSED,-0.29041185949975734,-0.014309867112445657,0.015338402972611805,2.787335872392368,0.07750804753861257,-0.08109585969449025
1.6743348669733946,PASSED,-0.29042616168784396,-0.014294514064518437,0.015362811230291101,2.7874133398364576,0.07742686891782982,-0.08123379484156491
1.6753350670134026,PASSED,-0.2904404485107377,-0.014279136696525706,0.015387072501021419,2.7874907260332904,0.07734555285598457,-0.08137090651437731
1.6763352670534106,PASSED,-0.290454719944191,-0.01426373515391571,0.015411189349313598,2.787568030845795,0.07726410011472185,-0.08150729776163705
1.6773354670934186,PASSED,-0.2904689759641016,-0.014248309581493548,0.01543516113739423,2.7876452541376855,0.07718251146157422,-0.08164289007160344
1.6783356671334266,PASSED,-0.2904832165465122,-0.014232860124378612,0.015458987766630678,2.787722395773451,0.0771007877007074,-0.08177767473029181
1.6793358671734346,PASSED,-0.2904974416676107,-0.014217386927471574,0.015482669667305106,2.787799455618352,0.07701892958580259,-0.08191174168783985
1.6803360672134426,PASSED,-0.29051165130372947,-0.014201890135281062,0.015506207205981216,2.7878764335384245,0.07693693787924566,-0.08204501646963583
1.6813362672534506,PASSED,-0.2905258454313458,-0.014186369892687782,0.015529599518145283,2.7879533294004775,0.0768548133824572,-0.08217748366766678
1.6823364672934586,PASSED,-0.29054002402708135,-0.01417082634423401,0.01555284774419276,2.7880301430720946,0.07677255685751987,-0.08230921911711957
1.6833366673334667,PASSED,-0.2905541870677022,-0.014155259633884625,0.015575952086179541,2.788106874421633,0.07669016906466314,-0.08244017534981099
1.6843368673734747,PASSED,-0.2905683345301186,-0.01413966990571159,0.015598912230941035,2.7881835233182146,0.0766076507848515,-0.08257034945285491
1.6853370674134827,PASSED,-0.290582466391385,-0.014124057304386643,0.015621727387617922,2.788260089631741,0.07652500279445541,-0.08269975102491707
1.6863372674534907,PASSED,-0.2905965826286998,-0.014108421973132541,0.015644400498423264,2.7883365732328764,0.07644222585060442,-0.08282840573506006
1.6873374674934987,PASSED,-0.2906106832194049,-0.01409276405541102,0.015666929203583153,2.788412973993061,0.07635932072900466,-0.0829562655095614
1.6883376675335067,PASSED,-0.2906247681409863,-0.01407708369598375,0.015689312909728012,2.788489291784502,0.07627628820732858,-0.08308335912041286
1.6893378675735147,PASSED,-0.290638837371073,-0.01406138103726074,0.015711555931868546,2.7885655264801743,0.07619312903894819,-0.08320970788706762
1.6903380676135227,PASSED,-0.2906528908874377,-0.014045656222250145,0.015733654396410297,2.788641677953816,0.07610984398693814,-0.08333528142537179
1.6913382676535307,PASSED,-0.29066692866799615,-0.014029909395266833,0.01575560870791207,2.7887177460799406,0.07602643384120372,-0.08346005527379805
1.6923384676935387,PASSED,-0.29068095069080707,-0.014014140698381448,0.015777422337033577,2.788793730733824,0.07594289935589381,-0.08358410533396908
1.6933386677335467,PASSED,-0.2906949569340721,-0.013998350273957431,0.0157990924820074,2.788869631791506,0.07585924128130496,-0.0837073874254314
1.6943388677735547,PASSED,-0.2907089473761358,-0.013982538266147718,0.01582061802818396,2.788945449129789,0.07577546039541797,-0.08382988486135265
1.6953390678135627,PASSED,-0.29072292199548494,-0.013966704816358009,0.015842004297390057,2.789021182626249,0.0756915574781588,-0.08395160552439418
1.6963392678535707,PASSED,-0.29073688077074894,-0.013950850066358171,0.015863247134804564,2.7890968321592142,0.07560753326050038,-0.08407262574776259
1.6973394678935787,PASSED,-0.2907508236806994,-0.013934974159842791,0.015884346102431963,2.7891723976077847,0.07552338851927405,-0.08419281821204386
1.6983396679335867,PASSED,-0.29076475070425,-0.013919077238094926,0.01590530551148704,2.7892478788518176,0.07543912403279517,-0.0843122653234419
1.6993398679735947,PASSED,-0.2907786618204563,-0.013903159442166722,0.01592612287268304,2.789323275771928,0.0753547405275532,-0.08443099852097831
1.7003400680136027,PASSED,-0.29079255700851586,-0.013887220915047101,0.01594679661757965,2.789398588249498,0.07527023878371254,-0.08454890738710998
1.7013402680536107,PASSED,-0.2908064362477675,-0.013871261797683433,0.01596733119439481,2.7894738161666677,0.07518561957542667,-0.08466607555170626
1.7023404680936187,PASSED,-0.29082029951769167,-0.013855282231035796,0.015987723616463313,2.7895489594063316,0.07510088362583978,-0.08478253227700835
1.7033406681336267,PASSED,-0.29083414679791,-0.013839282356974559,0.01600797435775505,2.7896240178521494,0.07501603171465014,-0.08489816379803011
1.7043408681736347,PASSED,-0.29084797806818535,-0.013823262316435846,0.01602808465935324,2.7896989913885313,0.07493106460621685,-0.08501307152347225
1.7053410682136427,PASSED,-0.29086179330842143,-0.013807222249729932,0.01604805473695534,2.789773879900649,0.07484598303326302,-0.08512724057406616
1.7063412682536507,PASSED,-0.2908755924986628,-0.013791162297787726,0.016067883412371215,2.789848683274427,0.07476078776535876,-0.08524061945773777
1.7073414682936587,PASSED,-0.2908893756190945,-0.013775082601635364,0.016087571312356354,2.789923401396547,0.07467547956487783,-0.08535325449639039
1.7083416683336667,PASSED,-0.2909031426500421,-0.013758983300985966,0.016107120207425427,2.789998034154441,0.07459005916380171,-0.08546516546261661
1.7093418683736747,PASSED,-0.29091689357197126,-0.013742864535974137,0.01612652821476511,2.7900725814363025,0.07450452733572371,-0.08557626982158048
1.7103420684136827,PASSED,-0.290930628365488,-0.013726726447316753,0.01614579561913056,2.7901470431310655,0.07441888482320545,-0.08568667431605594
1.7113422684536908,PASSED,-0.2909443470113381,-0.013710569174310223,0.016164924598128384,2.7902214191284274,0.07433313237359943,-0.08579629979932082
1.7123424684936988,PASSED,-0.29095804949040704,-0.013694392856393475,0.016183913462495467,2.7902957093188303,0.07424727075060011,-0.08590517179932886
1.7133426685337068,PASSED,-0.29097173578371993,-0.013678197633500151,0.016202762513875597,2.7903699135934663,0.07416130069136664,-0.08601331752288327
1.7143428685737148,PASSED,-0.29098540587244126,-0.0136619836448662,0.01622147271400037,2.7904440318442836,0.07407522295370313,-0.08612068442393103
1.7153430686137228,PASSED,-0.29099905973787477,-0.013645751029172908,0.01624004434615085,2.790518063963964,0.07398903827248161,-0.08622734575325681
1.7163432686537308,PASSED,-0.29101269736146307,-0.013629499925793464,0.01625847606830457,2.7905920098459562,0.07390274741221786,-0.08633320327077448
1.7173434686937388,PASSED,-0.2910263187247878,-0.013613230473786824,0.016276769298864062,2.79066586938444,0.07381635111228657,-0.08643836437164266
1.7183436687337468,PASSED,-0.2910399238095693,-0.013596942811006197,0.01629492510180228,2.7907396424743474,0.07372985010551965,-0.08654276836375735
1.7193438687737548,PASSED,-0.29105351259766604,-0.013580637075977724,0.016312941646254728,2.7908133290113573,0.07364324515776358,-0.08664640068428714
1.7203440688137628,PASSED,-0.2910670850710753,-0.013564313407646886,0.016330819453889422,2.7908869288918896,0.0735565370054223,-0.08674932011259788
1.7213442688537708,PASSED,-0.2910806412119323,-0.013547971943278163,0.016348560978614545,2.7909604420131076,0.0734697263778054,-0.0868514992864522
1.7223444688937788,PASSED,-0.29109418100250994,-0.01353161282070698,0.016366163632895815,2.791033868272918,0.07338281403255964,-0.08695290921864089
1.7233446689337868,PASSED,-0.29110770442521927,-0.01351523617826831,0.01638362830918619,2.7911072075699725,0.07329580071561077,-0.08705358876902107
1.7243448689737948,PASSED,-0.2911212114626087,-0.013498842153017556,0.016400956545134522,2.791180459803656,0.07320868714499212,-0.0871535585184086
1.7253450690138028,PASSED,-0.29113470209736403,-0.013482430881803937,0.016418147659271964,2.7912536248741,0.07312147407596367,-0.08725274270183582
1.7263452690538108,PASSED,-0.29114817631230827,-0.013466002502565848,0.016435200290633875,2.7913267026821686,0.07303416224892947,-0.08735121658909616
1.7273454690938188,PASSED,-0.29116163409040147,-0.013449557151838572,0.01645211768503913,2.79139969312947,0.07294675238986294,-0.08744895405149487
1.7283456691338268,PASSED,-0.2911750754147405,-0.013433094966206142,0.016468897597356365,2.7914725961183446,0.07285924524259989,-0.08754594273741285
1.7293458691738348,PASSED,-0.2911885002685589,-0.013416616082425118,0.01648554123680491,2.7915454115518767,0.0727716415517437,-0.08764218960203089
1.7303460692138428,PASSED,-0.2912019086352265,-0.013400120636689527,0.016502048734782813,2.791618139333873,0.07268394202943347,-0.08773774411570813
1.7313462692538508,PASSED,-0.29121530049824956,-0.013383608765520113,0.016518419459167908,2.7916907793688877,0.07259614742652867,-0.08783250876419815
1.7323464692938588,PASSED,-0.29122867584127016,-0.013367080604171657,0.016534655941313647,2.7917633315622017,0.07250825848333764,-0.08792656614226937
1.7333466693338668,PASSED,-0.2912420346480664,-0.0133505362886203,0.016550755291388077,2.7918357958198285,0.07242027590768774,-0.08801991532167575
1.7343468693738748,PASSED,-0.29125537690255215,-0.013333975955219872,0.016566718806454887,2.7919081720485117,0.07233220043961401,-0.08811250324175746
1.7353470694138828,PASSED,-0.29126870258877646,-0.013317399738579616,0.01658254852945555,2.7919804601557314,0.07224403282878405,-0.0882043492220948
1.7363472694538908,PASSED,-0.29128201169092394,-0.013300807773585204,0.016598242637717635,2.7920526600496918,0.07215577378048402,-0.08829551435199241
1.7373474694938988,PASSED,-0.291295304193314,-0.013284200196022906,0.016613800845351807,2.792124771639331,0.07206742402893053,-0.08838590968783892
1.7383476695339068,PASSED,-0.29130858008040117,-0.013267577140390115,0.01662922549108337,2.7921967948343065,0.07197898430723065,-0.08847559637457653
1.7393478695739149,PASSED,-0.29132183933677447,-0.01325093874080395,0.01664451564955298,2.7922687295450124,0.07189045533971535,-0.08856454827581783
1.7403480696139229,PASSED,-0.2913350819471575,-0.013234285132059594,0.01665967080755849,2.7923405756825606,0.07180183784567554,-0.08865279121579829
1.7413482696539309,PASSED,-0.2913483078964081,-0.013217616448458874,0.01667469212949638,2.792412333158795,0.07171313255956585,-0.0887402827056236
1.7423484696939389,PASSED,-0.2913615171695182,-0.01320093282376307,0.01668957974000793,2.7924840018862733,0.0716243401926244,-0.088827089765347
1.7433486697339469,PASSED,-0.29137470975161356,-0.01318423439152549,0.016704333902628057,2.7925555817782888,0.07153546147738439,-0.0889131322231164
1.7443488697739549,PASSED,-0.2913878856279536,-0.013167521285648335,0.01671895386017276,2.7926270727488487,0.07144649713811113,-0.08899847730666914
1.7453490698139629,PASSED,-0.29140104478393125,-0.01315079363955058,0.016733440922809196,2.7926984747126786,0.07135744787443779,-0.08908312125113244
1.7463492698539709,PASSED,-0.2914141872050727,-0.013134051585886252,0.016747795492006015,2.792769787585233,0.07126831442805179,-0.08916699647592384
1.7473494698939789,PASSED,-0.29142731287703705,-0.013117295258176865,0.016762015854307415,2.7928410112826776,0.071179097515601,-0.08925018976737023
1.7483496699339869,PASSED,-0.29144042178561647,-0.013100524788923599,0.016776104852572842,2.7929121457218993,0.07108979783625598,-0.0893326723967968
1.7493498699739949,PASSED,-0.29145351391673563,-0.01308374031043095,0.01679006091936673,2.7929831908205007,0.0710004161221164,-0.08941440863475485
1.750350070014003,PASSED,-0.2914665892564516,-0.013066941955331443,0.016803884552934703,2.7930541464968046,0.07091095309587746,-0.0894954379750502
1.751350270054011,PASSED,-0.29147964779095376,-0.013050129855822002,0.01681757614711251,2.7931250126698384,0.07082140944468089,-0.08957579334423202
1.752350470094019,PASSED,-0.2914926895065634,-0.013033304143453515,0.01683113651606938,2.7931957892593564,0.07073178590522351,-0.08965537019947137
1.753350670134027,PASSED,-0.2915057143897337,-0.013016464949969164,0.016844564796537415,2.793266476185815,0.07064208318821179,-0.08973428155323734
1.754350870174035,PASSED,-0.2915187224270493,-0.012999612407129947,0.016857861534340775,2.7933370733703886,0.07055230198914782,-0.08981247740446911
1.755351070214043,PASSED,-0.2915317136052264,-0.012982746646097899,0.01687102736385202,2.793407580734957,0.07046244303017807,-0.08988994667993404
1.756351270254051,PASSED,-0.29154468791111215,-0.012965867797663759,0.016884062480998437,2.7934779982021127,0.07037250701927125,-0.08996672039141733
1.757351470294059,PASSED,-0.2915576453316848,-0.012948975992932831,0.01689696623087924,2.7935483256951636,0.0702824946714766,-0.09004276606348245
1.758351670334067,PASSED,-0.29157058585405327,-0.012932071362593117,0.016909739745604075,2.7936185631381147,0.07019240668185191,-0.0901181386654966
1.759351870374075,PASSED,-0.29158350946545697,-0.012915154036705435,0.01692238331573475,2.7936887104556787,0.0701022437505433,-0.09019279307066594
1.760352070414083,PASSED,-0.29159641615326565,-0.01289822414567613,0.01693489617168682,2.793758767573278,0.07001200660242543,-0.09026671814935958
1.761352270454091,PASSED,-0.2916093059049791,-0.012881281819655407,0.016947279253416162,2.79382873441704,0.06992169593705357,-0.09033996352019184
1.762352470494099,PASSED,-0.291622178708227,-0.012864327188176384,0.016959532962761825,2.793898610913787,0.06983131243313288,-0.09041253085433955
1.763352670534107,PASSED,-0.29163503455076867,-0.01284736038071618,0.01697165712516746,2.7939683969910596,0.0697408568289953,-0.09048431965974102
1.7643528705741147,PASSED,-0.29164787342049286,-0.012830381526654316,0.01698365201966318,2.794038092577079,0.06965032980108128,-0.09055550008353726
1.7653530706141227,PASSED,-0.29166069530541766,-0.01281339075530836,0.01699551756348191,2.794107697600785,0.06955973204823031,-0.0906259213625942
1.7663532706541307,PASSED,-0.2916735001936897,-0.012796388195046374,0.017007255394323167,2.7941772119918062,0.069469064289084,-0.09069565100210734
1.7673534706941387,PASSED,-0.29168628807358493,-0.012779373974939494,0.017018863248585505,2.7942466356804685,0.06937832719519932,-0.09076472247307532
1.7683536707341467,PASSED,-0.2916990589335075,-0.012762348223611737,0.01703034338054137,2.7943159685978007,0.06928752147664848,-0.09083304926936211
1.7693538707741547,PASSED,-0.29171181276198993,-0.012745311068554031,0.01704169617581648,2.7943852106755234,0.06919664783712688,-0.09090069968974723
1.7703540708141627,PASSED,-0.2917245495476929,-0.012728262638238133,0.017052919742617554,2.79445436184605,0.06910570694762219,-0.09096768271465168
1.7713542708541707,PASSED,-0.2917372692794049,-0.012711203060515402,0.017064016376138164,2.7945234220424924,0.06901469951808906,-0.09103392741213663
1.7723544708941787,PASSED,-0.29174997194604213,-0.012694132462604596,0.01707498560058661,2.794592391198651,0.06892362624333179,-0.09109950632068797
1.7733546709341867,PASSED,-0.2917626575366482,-0.012677050972082373,0.017085827136645807,2.7946612692490205,0.06883248779965273,-0.0911644019179522
1.7743548709741948,PASSED,-0.2917753260403938,-0.012659958715790644,0.017096542395116713,2.794730056128779,0.06874128487709587,-0.09122860298279088
1.7753550710142028,PASSED,-0.2917879774465767,-0.012642855820509521,0.01710713053846033,2.7947987517738038,0.06865001818604947,-0.0912920830888068
1.7763552710542108,PASSED,-0.29180061174462135,-0.012625742413330154,0.017117591606640527,2.7948673561206516,0.0685586883939736,-0.0913549314005938
1.7773554710942188,PASSED,-0.29181322892407874,-0.012608618620287754,0.017127927332906287,2.7949358691065678,0.06846729617710291,-0.09141707385074853
1.7783556711342268,PASSED,-0.29182582897462617,-0.012591484567468917,0.01713813647612262,2.7950042906694894,0.06837584225623186,-0.0914784855512574
1.7793558711742348,PASSED,-0.29183841188606685,-0.012574340381005304,0.01714821978860713,2.795072620748025,0.06828432728270306,-0.09153929884715896
1.7803560712142428,PASSED,-0.29185097764832996,-0.012557186186554818,0.017158177558403116,2.795140859281482,0.06819275194371444,-0.09159936574958925
1.7813562712542508,PASSED,-0.29186352625147016,-0.012540022109580844,0.017168009917687976,2.795209006209835,0.06810111693889057,-0.09165876420672223
1.7823564712942588,PASSED,-0.2918760576856677,-0.012522848275454324,0.017177716932409288,2.7952770614737545,0.06800942293900195,-0.09171749034322116
1.7833566713342668,PASSED,-0.2918885719412275,-0.012505664808680633,0.01718730000121356,2.7953450250145764,0.06791767060843992,-0.09177555737454862
1.7843568713742748,PASSED,-0.2919010690085798,-0.012488471834529427,0.017196756917865912,2.7954128967743284,0.06782586064989769,-0.09183289265400443
1.7853570714142828,PASSED,-0.2919135488782793,-0.012471269477624749,0.017206090229218273,2.7954806766957008,0.0677339937236992,-0.09188961522816436
1.7863572714542908,PASSED,-0.2919260115410051,-0.012454057861869388,0.017215299439456534,2.7955483647220754,0.06764207050588214,-0.09194561954298487
1.7873574714942988,PASSED,-0.2919384569875606,-0.012436837111450052,0.017224384405924133,2.7956159607975017,0.06755009168976746,-0.09200094716246231
1.7883576715343068,PASSED,-0.291950885208873,-0.012419607350463829,0.017233345373087634,2.7956834648666997,0.06745805792019673,-0.09205565117624356
1.7893578715743148,PASSED,-0.2919632961959935,-0.012402368702199055,0.017242183525896734,2.795750876875066,0.0673659698790508,-0.09210963445902817
1.7903580716143228,PASSED,-0.2919756899400963,-0.012385121290048078,0.01725089790102985,2.795818196768675,0.06727382826596137,-0.09216293217637278
1.7913582716543308,PASSED,-0.2919880664324793,-0.01236786523729392,0.017259489322911586,2.7958854244942644,0.06718163371569744,-0.09221562898898197
1.7923584716943388,PASSED,-0.29200042566456325,-0.01235060066671991,0.017267958074740762,2.795952559999235,0.0670893868865007,-0.09226762933526235
1.7933586717343468,PASSED,-0.2920127676278915,-0.01233332770082682,0.01727630443865255,2.7960196032316698,0.06699708849344961,-0.09231890219496817
1.7943588717743548,PASSED,-0.2920250923141302,-0.012316046462309445,0.01728452790319051,2.7960865541403104,0.06690473917898006,-0.09236958931925728
1.7953590718143628,PASSED,-0.2920373997150675,-0.012298757073159068,0.01729262998183541,2.796153412674564,0.06681233958166706,-0.09241960264216809
1.7963592718543708,PASSED,-0.29204968982261376,-0.012281459655231546,0.017300609891314274,2.796220178784501,0.06671989039846216,-0.09246890358008136
1.7973594718943788,PASSED,-0.2920619626288012,-0.012264154330547051,0.01730846787994745,2.7962868524208635,0.06662739230111799,-0.09251755985355585
1.7983596719343868,PASSED,-0.2920742181257833,-0.012246841220030417,0.01731620560775801,2.7963534335350437,0.0665348459101244,-0.09256561175360155
1.7993598719743948,PASSED,-0.2920864563058353,-0.012229520445062241,0.01732382120845497,2.796419922079102,0.06644225190739933,-0.09261293003938595
1.8003600720144028,PASSED,-0.2920986771613532,-0.012212192127030532,0.01733131591388073,2.7964863180057584,0.06634961097296492,-0.09265960403111385
1.8013602720544108,PASSED,-0.2921108806848538,-0.012194856386009196,0.017338691092971942,2.7965526212683853,0.06625692372609214,-0.09270567543388213
1.8023604720944189,PASSED,-0.2921230668689746,-0.012177513342727209,0.017345944741328327,2.796618831821023,0.06616419084526735,-0.09275101775203107
1.8033606721344269,PASSED,-0.2921352357064736,-0.012160163117731385,0.017353078498818925,2.7966849496183515,0.06607141298269878,-0.09279575911295582
1.8043608721744349,PASSED,-0.29214738719022865,-0.012142805830359798,0.01736009328676664,2.796750974615724,0.06597859079281303,-0.0928398104009516
1.8053610722144429,PASSED,-0.29215952131323747,-0.012125441600612862,0.017366987387049653,2.79681690676913,0.06588572492304902,-0.09288324267271013
1.8063612722544509,PASSED,-0.29217163806861746,-0.0121080705482529,0.01737376234190518,2.7968827460352226,0.06579281602706416,-0.09292599819294527
1.8073614722944589,PASSED,-0.2921837374496055,-0.012090692792263956,0.01738041842030463,2.796948492371301,0.06569986476236453,-0.09296810903742375
1.8083616723344669,PASSED,-0.29219581944955736,-0.012073308451507848,0.017386955646643353,2.7970141457353153,0.06560687176808241,-0.09300958444524939
1.8093618723744749,PASSED,-0.29220788406194764,-0.012055917644875373,0.017393373956364373,2.797079706085866,0.06551383769879904,-0.0930503925087893
1.8103620724144829,PASSED,-0.2922199312803698,-0.012038520491003414,0.017399673815688847,2.7971451733821917,0.06542076319225829,-0.0930905825620652
1.8113622724544909,PASSED,-0.29223196109853555,-0.012021117107751531,0.017405856209346173,2.7972105475841915,0.06532764890630924,-0.09313008820702241
1.8123624724944989,PASSED,-0.2922439735102746,-0.012003707613319734,0.017411919913430867,2.7972758286523978,0.06523449548018435,-0.09316898473678001
1.813362672534507,PASSED,-0.29225596850953467,-0.011986292125707645,0.017417866077862793,2.7973410165479846,0.0651413035372203,-0.09320724844889298
1.814362872574515,PASSED,-0.2922679460903811,-0.01196887076202917,0.01742369541221699,2.797406111232778,0.06504807375093033,-0.0932448115173351
1.815363072614523,PASSED,-0.29227990624699646,-0.011951443639558669,0.017429407176024196,2.7974711126692418,0.06495480675516752,-0.09328178525977776
1.816363272654531,PASSED,-0.2922918489736806,-0.011934010875573843,0.017435001857362215,2.7975360208204725,0.06486150315873825,-0.09331813720892297
1.817363472694539,PASSED,-0.29230377426485005,-0.011916572586452939,0.01744048062993092,2.797600835650211,0.06476816362742535,-0.09335379404888021
1.818363672734547,PASSED,-0.29231568211503817,-0.011899128888868779,0.017445842220311703,2.7976655571228326,0.0646747888014466,-0.09338884726532741
1.819363872774555,PASSED,-0.29232757251889446,-0.011881679899184427,0.017451087993711326,2.79773018520335,0.06458137929301284,-0.09342328254605019
1.820364072814563,PASSED,-0.2923394454711847,-0.011864225732983364,0.017456218339299834,2.7977947198574125,0.06448793575287884,-0.0934570451926339
1.821364272854571,PASSED,-0.29235130096679024,-0.011846766506088844,0.017461232598000278,2.7978591610512953,0.06439445881095746,-0.09349020640721363
1.822364472894579,PASSED,-0.2923631390007084,-0.011829302334475803,0.017466130956401166,2.7979235087519094,0.0643009490859996,-0.09352273732493949
1.823364672934587,PASSED,-0.2923749595680516,-0.011811833332782034,0.017470915518680574,2.7979877629268004,0.06420740722836141,-0.09355460451369953
1.824364872974595,PASSED,-0.2923867626640474,-0.011794359615903013,0.01747558445258074,2.798051923544136,0.06411383385474229,-0.09358588635607243
1.825365073014603,PASSED,-0.29239854828403816,-0.011776881299188134,0.017480138223076074,2.7981159905727124,0.06402022958053577,-0.09361653277348456
1.826365273054611,PASSED,-0.29241031642348086,-0.011759398496571528,0.017484578878960107,2.7981799639819602,0.06392659506054787,-0.09364651146417169
1.827365473094619,PASSED,-0.2924220670779467,-0.011741911322010223,0.017488905016200998,2.798243843741927,0.06383293090231329,-0.09367592274819862
1.828365673134627,PASSED,-0.2924338002431211,-0.011724419890120016,0.017493116472877365,2.7983076298232867,0.06373923771566767,-0.09370469591057817
1.829365873174635,PASSED,-0.2924455159148031,-0.011706924314171098,0.017497215599610153,2.798371322197335,0.06364551614564237,-0.09373281943510534
1.830366073214643,PASSED,-0.2924572140889055,-0.011689424707556552,0.017501200624500318,2.7984349208359918,0.06355176681084909,-0.09376034503204574
1.831366273254651,PASSED,-0.2924688947614541,-0.01167192118344767,0.017505073098469368,2.798498425711795,0.06345799031408106,-0.09378726459201797
1.832366473294659,PASSED,-0.29248055792858796,-0.011654413854880533,0.017508832212915704,2.7985618367979046,0.06336418728974343,-0.09381353083471315
1.833366673334667,PASSED,-0.2924922035865588,-0.01163690283443027,0.017512479275159688,2.7986251540680898,0.06327035834668589,-0.09383921787274348
1.834366873374675,PASSED,-0.29250383173173083,-0.011619388234147803,0.017516014287337376,2.7986883774967426,0.0631765040950215,-0.09386427419216271
1.835367073414683,PASSED,-0.2925154423605806,-0.011601870166801372,0.01751943605249443,2.7987515070588675,0.06308262516365512,-0.09388870281587326
1.836367273454691,PASSED,-0.29252703546969644,-0.011584348743781754,0.0175227476643651,2.798814542730082,0.06298872215339969,-0.09391254854846483
1.837367473494699,PASSED,-0.2925386110557788,-0.011566824076729708,0.01752594664383542,2.79887748448662,0.06289479568059321,-0.09393575564515656
1.838367673534707,PASSED,-0.2925501691156391,-0.011549296277068745,0.017529035005713543,2.798940332305318,0.0628008463521562,-0.09395837696492772
1.839367873574715,PASSED,-0.2925617096462003,-0.011531765455788007,0.01753201213075296,2.7990030861636273,0.06270687477629436,-0.09398037512644948
1.840368073614723,PASSED,-0.2925732326444963,-0.011514231723886232,0.017534878415790347,2.7990657460396067,0.06261288156762793,-0.09400176435974004
1.841368273654731,PASSED,-0.2925847381076714,-0.011496695191386396,0.017537635222536634,2.7991283119119195,0.06251886732244911,-0.09402256572487207
1.842368473694739,PASSED,-0.2925962260329806,-0.011479155969206635,0.01754028015124249,2.7991907837598373,0.062424832649787765,-0.09404274395233375
1.843368673734747,PASSED,-0.2926076964177889,-0.011461614167360345,0.01754281630965732,2.799253161563235,0.06233077815920909,-0.09406232166291228
1.844368873774755,PASSED,-0.2926191492595712,-0.011444069894840597,0.017545243326474353,2.799315445302586,0.06223670443730232,-0.09408132206933348
1.845369073814763,PASSED,-0.2926305845559121,-0.011426523261797217,0.017547559521316685,2.799377634958969,0.06214261209565045,-0.09409968804022813
1.846369273854771,PASSED,-0.2926420023045055,-0.011408974377567525,0.017549767368609397,2.7994397305140635,0.06204850173838629,-0.0941174700801189
1.847369473894779,PASSED,-0.2926534025031544,-0.011391423350616783,0.017551866672164865,2.799501731950141,0.06195437394446817,-0.09413467647678796
1.848369673934787,PASSED,-0.2926647851497706,-0.011373870289738566,0.01755385701558651,2.799563639250082,0.061860229332128674,-0.09415123624796569
1.849369873974795,PASSED,-0.2926761502423745,-0.011356315303631768,0.0175557388342715,2.79962545239735,0.06176606848716318,-0.0941672507771833
1.850370074014803,PASSED,-0.2926874977790947,-0.011338758500456547,0.017557512735850565,2.799687171376006,0.061671891985556504,-0.09418266882633201
1.851370274054811,PASSED,-0.29269882775816797,-0.011321199987788903,0.017559179288837424,2.799748796170714,0.0615777004567322,-0.09419743548962294
1.852370474094819,PASSED,-0.29271014017793884,-0.011303639873379453,0.017560737823192004,2.7998103267667145,0.06148349446660147,-0.0942116932248013
1.853370674134827,PASSED,-0.2927214350368592,-0.011286078264918498,0.017562188886129967,2.799871763149849,0.061389274596612566,-0.09422532116497499
1.854370874174835,PASSED,-0.2927327123334883,-0.011268515269086142,0.01756353379650978,2.7999331053065477,0.06129504146801764,-0.0942383335482342
1.855371074214843,PASSED,-0.29274397206649233,-0.011250950992550652,0.017564771694808683,2.799994353223819,0.06120079563614725,-0.09425083075182196
1.856371274254851,PASSED,-0.29275521423464407,-0.011233385542715616,0.017565901928519777,2.8000555068892674,0.06110653769155921,-0.09426268714551282
1.857371474294859,PASSED,-0.29276643883682285,-0.011215819025207876,0.01756692789388894,2.800116566291079,0.06101226824202072,-0.0942739578004826
1.858371674334867,PASSED,-0.29277764587201405,-0.011198251545742083,0.01756784718039733,2.800177531418019,0.06091798784047583,-0.09428469737449105
1.859371874374875,PASSED,-0.2927888353393091,-0.011180683210994791,0.017568659791888767,2.80023840225944,0.06082369707554269,-0.09429480997223005
1.860372074414883,PASSED,-0.2928000072379049,-0.011163114125863974,0.017569368690104937,2.8002991788052785,0.06072939655338811,-0.09430433027615868
1.861372274454891,PASSED,-0.29281116156710363,-0.011145544395285353,0.017569971837631673,2.800359861046035,0.06063508680980157,-0.09431335246012995
1.862372474494899,PASSED,-0.29282229832631285,-0.011127974125061274,0.017570469148376885,2.8004204489728077,0.06054076844672865,-0.09432170348146335
1.863372674534907,PASSED,-0.2928334175150446,-0.011110403419324648,0.0175708634621283,2.800480942577255,0.060446442050728494,-0.09432952434595691
1.864372874574915,PASSED,-0.29284451913291576,-0.011092832382177616,0.01757115293696632,2.8005413418516194,0.06035210816737098,-0.09433678936522856
1.865373074614923,PASSED,-0.29285560317964715,-0.011075261118452365,0.017571337584107217,2.800601646788715,0.060257767387933724,-0.09434343948527728
1.866373274654931,PASSED,-0.2928666696550638,-0.011057689731696786,0.017571419536560086,2.800661857381921,0.06016342027821222,-0.09434955654564804
1.867373474694939,PASSED,-0.29287771855909456,-0.011040118325296512,0.017571397642748104,2.800721973625203,0.06006906741595815,-0.0943550660596928
1.868373674734947,PASSED,-0.29288874989177144,-0.011022547002863422,0.017571272293320606,2.8007819955130793,0.05997470935855139,-0.09436005163813146
1.869373874774955,PASSED,-0.29289976365322995,-0.011004975867356175,0.017571044316531368,2.800841923040648,0.059880346678073224,-0.0943644330381922
1.870374074814963,PASSED,-0.2929107598437082,-0.010987405021348894,0.017570713801113465,2.800901756203568,0.05978597994683565,-0.09436826337050233
1.871374274854971,PASSED,-0.2929217384635472,-0.010969834567770892,0.017570280095927766,2.8009614949980643,0.05969160971820569,-0.09437153880292415
1.872374474894979,PASSED,-0.29293269951319023,-0.010952264608610119,0.01756974520400466,2.8010211394209237,0.05959723655600359,-0.09437424446821466
1.873374674934987,PASSED,-0.29294364299318254,-0.010934695245468971,0.017569108432576242,2.8010806894695017,0.059502861036445205,-0.09437636961850701
1.874374874974995,PASSED,-0.2929545689041715,-0.010917126580751925,0.01756836890669206,2.801140145141709,0.059408483705792436,-0.0943779713422851
1.8753750750150031,PASSED,-0.29296547724690564,-0.010899558715474471,0.017567529524629616,2.8011995064360167,0.05931410511931024,-0.09437899657547837
1.8763752750550111,PASSED,-0.29297636802223515,-0.010881991750650478,0.017566588356902238,2.801258773351456,0.0592197258516969,-0.09437944830524916
1.8773754750950191,PASSED,-0.2929872412311109,-0.01086442578739613,0.017565546519313583,2.8013179458876096,0.05912534644172395,-0.09437938441808381
1.878375675135027,PASSED,-0.2929980968745848,-0.010846860926241082,0.017564404245534803,2.801377024044624,0.059030967452142306,-0.09437872635735549
1.879375875175035,PASSED,-0.29300893495380886,-0.010829297267331985,0.017563162018137395,2.8014360078231917,0.05893658943945864,-0.09437753690121434
1.880376075215043,PASSED,-0.2930197554700356,-0.010811734910873382,0.017561819418912876,2.8014948972245604,0.05884221294295687,-0.09437580290214116
1.881376275255051,PASSED,-0.29303055842461717,-0.010794173956658677,0.017560377411900214,2.80155369225053,0.05874783852290621,-0.09437349814967454
1.882376475295059,PASSED,-0.2930413438190055,-0.01077661450407892,0.01755883602499521,2.801612392903447,0.058653466729424,-0.09437065703722278
1.883376675335067,PASSED,-0.29305211165475187,-0.01075905665229333,0.017557195625986566,2.801670999186212,0.05855909810544752,-0.09436726860265396
1.884376875375075,PASSED,-0.2930628619335065,-0.010741500500367089,0.01755545612640914,2.80172951110226,0.05846473318740654,-0.09436335099986189
1.885377075415083,PASSED,-0.2930735946570187,-0.010723946147274075,0.017553617737419244,2.8017879286555827,0.0583703725354704,-0.09435885256033263
1.886377275455091,PASSED,-0.29308430982713596,-0.010706393690537995,0.0175516827351846,2.801846251850717,0.058276016701898484,-0.09435382091296952
1.887377475495099,PASSED,-0.2930950074458043,-0.010688843228842797,0.017549647668539677,2.8019044806927287,0.058181666190805274,-0.09434830454671209
1.888377675535107,PASSED,-0.2931056875150675,-0.010671294860448032,0.01754751554558324,2.8019626151872363,0.0580873215677152,-0.09434216878565242
1.889377875575115,PASSED,-0.2931163500370672,-0.010653748682167057,0.017545286771238323,2.802020655340394,0.057992983385794304,-0.09433552401105894
1.890378075615123,PASSED,-0.2931269950140424,-0.010636204791264385,0.01754296032362737,2.8020786011588954,0.0578986521514159,-0.09432837462330505
1.891378275655131,PASSED,-0.2931376224483292,-0.010618663285408649,0.01754053621047816,2.8021364526499672,0.05780432841006048,-0.09432065251015999
1.892378475695139,PASSED,-0.2931482323423606,-0.010601124260948192,0.017538016627106783,2.8021942098213732,0.05771001270989628,-0.09431239860022492
1.893378675735147,PASSED,-0.2931588246986663,-0.010583587814099831,0.01753540032919681,2.8022518726814116,0.05761570556974476,-0.09430363451904569
1.894378875775155,PASSED,-0.29316939951987203,-0.010566054041376971,0.017532687651970635,2.802309441238913,0.057521407523588405,-0.09429432058122088
1.895379075815163,PASSED,-0.29317995680869996,-0.010548523038712551,0.017529879339385917,2.8023669155032325,0.05742711910023416,-0.09428449186959674
1.896379275855171,PASSED,-0.2931904965679676,-0.010530994901415546,0.017526975935417275,2.8024242954842684,0.057332840842731624,-0.09427410125782862
1.897379475895179,PASSED,-0.2932010188005883,-0.010513469725153202,0.017523976480294162,2.8024815811924335,0.057238573259402015,-0.09426323804411765
1.898379675935187,PASSED,-0.2932115235095703,-0.010495947604753036,0.017520883013416307,2.802538772638669,0.05714431687121921,-0.09425182160860232
1.899379875975195,PASSED,-0.293222010698017,-0.010478428634871532,0.017517694460229234,2.802595869834447,0.05705007223078008,-0.09423985299281097
1.900380076015203,PASSED,-0.29323248036912636,-0.010460912910643374,0.017514410740108666,2.8026528727917595,0.056955839843299265,-0.09422741047282704
1.901380276055211,PASSED,-0.2932429325261907,-0.010443400525936074,0.017511034018760696,2.8027097815231197,0.05686162021739182,-0.09421443619718972
1.902380476095219,PASSED,-0.2932533671725964,-0.01042589157408318,0.017507563742317583,2.8027665960415664,0.05676741390194372,-0.0942009016153807
1.903380676135227,PASSED,-0.29326378431182376,-0.010408386149614595,0.017503998286095373,2.802823316360646,0.0566732213903513,-0.09418691824376536
1.904380876175235,PASSED,-0.2932741839474464,-0.010390884345879144,0.017500340701688873,2.802879942494435,0.056579043203442064,-0.09417236601955695
1.905381076215243,PASSED,-0.29328456608313147,-0.010373386255379122,0.01749659036557801,2.802936474457518,0.05648487987498524,-0.09415730341500422
1.906381276255251,PASSED,-0.29329493072263885,-0.010355891971420582,0.017492746353849283,2.8029929122650024,0.05639073190415947,-0.09414174909960361
1.907381476295259,PASSED,-0.29330527786982136,-0.010338401586678113,0.017488810334883084,2.8030492559324967,0.05629659979136355,-0.09412568859347269
1.908381676335267,PASSED,-0.2933156075286239,-0.010320915192873417,0.0174847827845741,2.803105505476134,0.05620248407540788,-0.09410906753047385
1.909381876375275,PASSED,-0.29332591970308386,-0.01030343288234052,0.017480662365113447,2.8031616609125454,0.056108385248891,-0.09409199917447855
1.910382076415283,PASSED,-0.2933362143973302,-0.01028595474704657,0.01747645057984121,2.803217722258886,0.056014303820630364,-0.09407438098474918
1.911382276455291,PASSED,-0.29334649161558374,-0.010268480877893237,0.017472148202327217,2.803273689532803,0.05592024030205262,-0.09405627697307598
1.912382476495299,PASSED,-0.2933567513621563,-0.010251011366361272,0.017467753751723443,2.8033295627524555,0.055826195188565124,-0.09403767116377587
1.913382676535307,PASSED,-0.2933669936414509,-0.010233546303478945,0.017463268969394378,2.80338534193651,0.05573216899769112,-0.09401853734748966
1.914382876575315,PASSED,-0.29337721845796133,-0.010216085779467823,0.017458694038936913,2.8034410271041326,0.05563816222802191,-0.09399892455035812
1.915383076615323,PASSED,-0.2933874258162717,-0.010198629884887123,0.017454028275212547,2.803496618274993,0.055544175370132086,-0.09397881344947241
1.916383276655331,PASSED,-0.2933976157210562,-0.0101811787095135,0.017449273439226334,2.803552115469258,0.05545020893150122,-0.09395818875179926
1.917383476695339,PASSED,-0.2934077881770793,-0.010163732343397906,0.017444427899839805,2.803607518707594,0.055356263412305415,-0.0939370728251471
1.918383676735347,PASSED,-0.29341794318919484,-0.01014629087610265,0.017439493558868722,2.8036628280111646,0.05526233930075576,-0.09391547069932184
1.919383876775355,PASSED,-0.293428080762346,-0.010128854396445192,0.017434470389850267,2.8037180434016316,0.055168437099577354,-0.09389335483113816
1.920384076815363,PASSED,-0.29343820090156497,-0.01011142299344233,0.017429358078201892,2.803773164901142,0.05507455729252734,-0.09387077519593083
1.921384276855371,PASSED,-0.2934483036119727,-0.010093996755892263,0.01742415719797891,2.803828192532353,0.05498070038968664,-0.09384765460387445
1.922384476895379,PASSED,-0.29345838889877895,-0.010076575772243145,0.017418867949878045,2.8038831263183916,0.054886866861336314,-0.09382411084795968
1.923384676935387,PASSED,-0.2934684567672813,-0.010059160130300946,0.017413491270413903,2.8039379662828883,0.05479305719654224,-0.09380003409148951
1.924384876975395,PASSED,-0.2934785072228654,-0.010041749917658315,0.017408026890774742,2.803992712449956,0.0546992719029866,-0.0937754665317261
1.925385077015403,PASSED,-0.2934885402710047,-0.010024345222596032,0.01740247384328751,2.8040473648442013,0.05460551145539024,-0.09375043497278793
1.926385277055411,PASSED,-0.2934985559172597,-0.010006946131608975,0.01739683574957011,2.804101923490708,0.05451177632834009,-0.09372492176838891
1.927385477095419,PASSED,-0.2935085541672784,-0.00998955273174279,0.017391109277257885,2.8041563884150436,0.05441806701110302,-0.09369891421618674
1.928385677135427,PASSED,-0.2935185350267952,-0.00997216511014291,0.01738529648162775,2.804210759643266,0.054324384000092464,-0.09367240887346855
1.929385877175435,PASSED,-0.2935284985016313,-0.009954783352968528,0.017379397636219512,2.8042650372019056,0.05423072775673269,-0.093645466350652
1.930386077215443,PASSED,-0.2935384445976942,-0.009937407545957507,0.017373413260888367,2.804319221117975,0.0541370987558352,-0.09361802392870822
1.931386277255451,PASSED,-0.29354837332097705,-0.009920037775227644,0.017367342375847687,2.804373311418965,0.05404349749581071,-0.0935900840883466
1.932386477295459,PASSED,-0.29355828467755896,-0.009902674126522364,0.017361186258235153,2.804427308132845,0.05394992444497785,-0.09356169532919202
1.933386677335467,PASSED,-0.29356817867360435,-0.00988531668478411,0.017354945391601977,2.804481211288053,0.05385638005691923,-0.09353284987823786
1.934386877375475,PASSED,-0.2935780553153627,-0.009867965535060272,0.017348619278661503,2.8045350209135043,0.053762864826363464,-0.09350348434078641
1.935387077415483,PASSED,-0.29358791460916844,-0.009850620762310046,0.017342208397933857,2.804588737038589,0.05366937923128649,-0.0934736689010971
1.936387277455491,PASSED,-0.2935977565614406,-0.009833282450646378,0.017335713840823077,2.8046423596931582,0.053575923707485006,-0.09344342706841595
1.937387477495499,PASSED,-0.2936075811786823,-0.009815950684160569,0.01732913491579982,2.8046958889075406,0.05348249874673543,-0.0934126498703583
1.9383876775355071,PASSED,-0.29361738846748087,-0.009798625547046656,0.01732247191265213,2.8047493247125335,0.05338910483617357,-0.09338141768953163
1.9393878775755151,PASSED,-0.2936271784345071,-0.009781307122492429,0.01731572631527691,2.8048026671393917,0.05329574239571554,-0.09334978897036274
1.9403880776155231,PASSED,-0.2936369510865156,-0.009763995494279375,0.01730889614490303,2.804855916219834,0.0532024118981998,-0.09331763654598937
1.9413882776555311,PASSED,-0.2936467064303437,-0.009746690745026586,0.017301984658048417,2.8049090719860548,0.05310911385055206,-0.09328498838224146
1.9423884776955391,PASSED,-0.29365644447291184,-0.00972939295733269,0.01729498971779622,2.8049621344706996,0.05301584867080358,-0.09325197399264548
1.9433886777355471,PASSED,-0.29366616522122313,-0.009712102214300545,0.017287911908381984,2.805015103706874,0.052922616806628534,-0.09321845762997966
1.9443888777755551,PASSED,-0.29367586868236273,-0.009694818597447533,0.017280753482764893,2.805067979728143,0.052829418758151635,-0.09318444237484384
1.9453890778155631,PASSED,-0.29368555486349807,-0.00967754218869994,0.01727351225747696,2.805120762568534,0.052736254968157016,-0.09315002174112946
1.9463892778555711,PASSED,-0.29369522377187823,-0.00966027307043681,0.0172661889335672,2.8051734522625207,0.0526431258597266,-0.09311516622327004
1.9473894778955791,PASSED,-0.2937048754148338,-0.009643011323193845,0.01725878611589476,2.805226048845036,0.052550031918813044,-0.09307979070708867
1.9483896779355871,PASSED,-0.29371450979977637,-0.00962575702770266,0.017251301741377883,2.805278552351469,0.05245697360832391,-0.0930439903438373
1.9493898779755952,PASSED,-0.29372412693419875,-0.009608510265979357,0.01724373504458493,2.80533096281765,0.05236395133393036,-0.09300779709334886
1.9503900780156032,PASSED,-0.2937337268256741,-0.009591271117669506,0.017236090486693886,2.805383280279867,0.052270965571561676,-0.09297107255223995
1.9513902780556112,PASSED,-0.2937433094818561,-0.00957403966258978,0.017228364808413738,2.8054355047748505,0.05217801678212396,-0.09293393402803829
1.9523904780956192,PASSED,-0.2937528749104783,-0.009556815981591263,0.0172205584585876,2.8054876363397825,0.05208510538256475,-0.09289637657997629
1.9533906781356272,PASSED,-0.29376242311935424,-0.009539600153958976,0.017212673748085217,2.8055396750122843,0.051992231824838746,-0.0928583451566842
1.9543908781756352,PASSED,-0.29377195411637685,-0.009522392258575017,0.01720470980787512,2.8055916208304272,0.05189939657163142,-0.09281985857441796
1.9553910782156432,PASSED,-0.2937814679095183,-0.009505192375249747,0.0171966656701996,2.805643473832719,0.051806600042127594,-0.0927809767901071
1.9563912782556512,PASSED,-0.2937909645068296,-0.009488000582505696,0.017188544126622074,2.80569523405811,0.05171384267250493,-0.0927416315110424
1.9573914782956592,PASSED,-0.2938004439164406,-0.009470816958442688,0.017180344020599234,2.805746901545991,0.051621124927447186,-0.09270182075555253
1.9583916783356672,PASSED,-0.29380990614655944,-0.009453641581916925,0.01717206486253719,2.8057984763361845,0.05152844722052511,-0.09266163103309566
1.9593918783756752,PASSED,-0.29381935120547226,-0.009436474530713864,0.01716370876340689,2.8058499584689605,0.05143580999353423,-0.09262095762940137
1.9603920784156832,PASSED,-0.2938287791015431,-0.009419315882028186,0.01715527530052701,2.805901347985009,0.05134321368244232,-0.09257988006691627
1.9613922784556912,PASSED,-0.2938381898432136,-0.009402165713946429,0.01714676326924531,2.805952644925462,0.051250658712845946,-0.09253836261600974
1.9623924784956992,PASSED,-0.29384758343900247,-0.009385024103323671,0.017138175525098637,2.8060038493318844,0.05115814552879483,-0.09249639834118985
1.9633926785357072,PASSED,-0.29385695989750554,-0.009367891126621843,0.0171295108196452,2.8060549612462653,0.051065674548249076,-0.09245403534880228
1.9643928785757152,PASSED,-0.29386631922739537,-0.00935076686097772,0.017120768860440692,2.806105980711025,0.050973246196146245,-0.0924112299388526
1.9653930786157232,PASSED,-0.2938756614374207,-0.009333651382253385,0.017111951966929037,2.8061569077690103,0.050880860910454684,-0.09236798952670017
1.9663932786557312,PASSED,-0.2938849865364067,-0.009316544766513666,0.01710305825491482,2.806207742463497,0.05078851911440674,-0.09232433372877827
1.9673934786957392,PASSED,-0.2938942945332541,-0.009299447089677561,0.017094089223564743,2.8062584848381804,0.05069622121928724,-0.09228026937999052
1.9683936787357472,PASSED,-0.29390358543693945,-0.009282358426956147,0.017085045053315293,2.806309134937179,0.05060396765386165,-0.09223576278932265
1.9693938787757552,PASSED,-0.29391285925651434,-0.009265278853408892,0.01707592587654712,2.8063596928050307,0.05051175884166651,-0.0921908451323562
1.9703940788157632,PASSED,-0.2939221160011057,-0.009248208444327366,0.01706673121817965,2.8064101584866985,0.05041959519898712,-0.09214550771073908
1.9713942788557712,PASSED,-0.2939313556799148,-0.009231147273871256,0.017057463281394385,2.8064605320275615,0.05032747714653446,-0.09209974894728121
1.9723944788957792,PASSED,-0.29394057830221765,-0.009214095416447795,0.01704812018483946,2.8065108134734125,0.05023540509278192,-0.0920535902893836
1.9733946789357872,PASSED,-0.29394978387736426,-0.009197052946354742,0.017038703365194658,2.806561002870458,0.050143379449805,-0.0920070114352761
1.9743948789757952,PASSED,-0.2939589724147787,-0.009180019937004302,0.01702921334060507,2.806611100265326,0.050051400647607054,-0.09195999603973058
1.9753950790158032,PASSED,-0.2939681439239584,-0.009162996461920694,0.017019649578942846,2.8066611057050506,0.0499594690860575,-0.09191260522276964
1.9763952790558112,PASSED,-0.29397729841447445,-0.00914598259453611,0.01701001258834578,2.8067110192370777,0.049867585166905974,-0.09186479510403257
1.9773954790958193,PASSED,-0.2939864358959707,-0.009128978407513033,0.017000303312899163,2.8067608409092597,0.04977574930946723,-0.09181656566188057
1.9783956791358273,PASSED,-0.2939955563781639,-0.009111983973541921,0.016990521076587068,2.8068105707698576,0.04968396191800225,-0.09176794200038542
1.9793958791758353,PASSED,-0.2940046598708432,-0.009094999365044319,0.01698066677827877,2.8068602088675463,0.049592223405064424,-0.09171889356278873
1.9803960792158433,PASSED,-0.2940137463838702,-0.009078024654081624,0.016970740418972462,2.8069097552513935,0.04950053415916182,-0.09166948079581708
1.9813962792558513,PASSED,-0.29402281592717816,-0.009061059912300929,0.016960742688508196,2.8069592099708793,0.0494088945922108,-0.09161962438782227
1.9823964792958593,PASSED,-0.2940318685107721,-0.0090441052113669,0.0169506730977095,2.8070085730758763,0.04931730510494265,-0.09156939585503403
1.9833966793358673,PASSED,-0.2940409041447285,-0.009027160622604554,0.01694053253877017,2.807057844616667,0.04922576609474607,-0.09151875309095367
1.9843968793758753,PASSED,-0.2940499228391948,-0.009010226216694618,0.016930321490715036,2.8071070246439254,0.04913427796018644,-0.09146772220541334
1.9853970794158833,PASSED,-0.29405892460438937,-0.008993302064649518,0.01692003908135337,2.8071561132087277,0.04904284109960642,-0.09141628616310879
1.9863972794558913,PASSED,-0.2940679094506011,-0.00897638823661149,0.016909687342480124,2.8072051103625406,0.048951455903826706,-0.09136446885745163
1.9873974794958993,PASSED,-0.29407687738818894,-0.00895948480262201,0.016899265087477165,2.807254016157228,0.04886012276603433,-0.09131225041565576
1.9883976795359073,PASSED,-0.2940858284275822,-0.008942591832939996,0.016888772745040203,2.807302830645048,0.04876884208757902,-0.09125963048174714
1.9893978795759153,PASSED,-0.2940947625792796,-0.008925709396885102,0.01687821159479644,2.807351553878645,0.048677614245672046,-0.09120664952379305
1.9903980796159233,PASSED,-0.2941036798538495,-0.00890883756370444,0.016867580904570568,2.807400185911058,0.048586439634038095,-0.09115325304072534
1.9913982796559313,PASSED,-0.29411258026192916,-0.008891976402285071,0.016856881762567343,2.80744872679571,0.04849531864574946,-0.0910994784539023
1.992398479695939,PASSED,-0.29412146381422505,-0.00887512598179374,0.01684611297717301,2.8074971765864145,0.04840425166142973,-0.09104532156361321
1.993398679735947,PASSED,-0.29413033052151183,-0.008858286370371097,0.01683527705295612,2.8075455353373693,0.04831323906620322,-0.09099077766844274
1.994398879775955,PASSED,-0.29413918039463294,-0.008841457636336432,0.016824372022470356,2.807593803103152,0.048222281240727596,-0.09093585734707729
1.995399079815963,PASSED,-0.2941480134444994,-0.008824639847404898,0.01681340020424426,2.807641979938731,0.04813137857592601,-0.09088053643793163
1.996399279855971,PASSED,-0.2941568296820904,-0.008807833071305247,0.016802360029923236,2.807690065899445,0.048040531440254615,-0.09082486849371148
1.997399479895979,PASSED,-0.29416562911845234,-0.008791037375671265,0.016791252703357334,2.8077380610410216,0.04794974021713743,-0.09076879286616013
1.998399679935987,PASSED,-0.29417441176469894,-0.008774252826977367,0.016780079354259157,2.807785965419557,0.04785900528490029,-0.09071235848445838
1.999399879975995,PASSED,-0.29418317763201085,-0.008757479492385804,0.016768838083096902,2.8078337790915318,0.0477683270166372,-0.09065554144884372
2.000400080016003,PASSED,-0.2941919267316355,-0.00874071743891316,0.016757530399009003,2.807881502113797,0.04767770578928374,-0.09059835128986686
2.001400280056011,PASSED,-0.2942006590748864,-0.008723966731618833,0.016746158557870008,2.8079291345435786,0.047587141975223346,-0.09054078924074066
2.002400480096019,PASSED,-0.2942093746731435,-0.008707227437221037,0.016734718291078032,2.8079766764384697,0.04749663593391441,-0.09048287602106561
2.003400680136027,PASSED,-0.2942180735378524,-0.008690499622031828,0.016723213121296935,2.8080241278564406,0.04740618805185898,-0.09042455274502621
2.004400880176035,PASSED,-0.2942267556805243,-0.00867378335018127,0.016711644336731044,2.8080714888558322,0.047315798702840875,-0.09036587986681564
2.005401080216043,PASSED,-0.29423542111273565,-0.008657078687263205,0.01670000863895292,2.8081187594953394,0.04722546821773485,-0.09030688859882745
2.006401280256051,PASSED,-0.294244069846128,-0.008640385698928815,0.016688308131345832,2.8081659398340375,0.04713519699278926,-0.09024744917676936
2.007401480296059,PASSED,-0.2942527018924076,-0.008623704448788093,0.016676544813638644,2.8082130299313603,0.04704498540168213,-0.09018768572735822
2.008401680336067,PASSED,-0.29426131726334503,-0.008607035001259238,0.016664716005665138,2.808260029847104,0.046954833768181214,-0.09012759868329162
2.009401880376075,PASSED,-0.29426991597077534,-0.008590377421169923,0.01665282281175124,2.808306939641427,0.04686474247363669,-0.0900670917853453
2.010402080416083,PASSED,-0.29427849802659717,-0.008573731771605078,0.016640867400242718,2.8083537593748487,0.04677471189401016,-0.09000623818732684
2.011402280456091,PASSED,-0.29428706344277294,-0.008557098116000922,0.016628847740099116,2.8084004891082457,0.046684742360146164,-0.08994506431510882
2.012402480496099,PASSED,-0.2942956122313285,-0.008540476518043728,0.016616764768587634,2.8084471289028516,0.046594834231051915,-0.08988350561367173
2.013402680536107,PASSED,-0.29430414440435265,-0.00852386704052774,0.016604619347586513,2.8084936788202564,0.04650498788257777,-0.08982157704778983
2.014402880576115,PASSED,-0.29431265997399714,-0.008507269745795644,0.016592411655100718,2.808540138922406,0.04641520365611726,-0.08975932606898955
2.015403080616123,PASSED,-0.2943211589524761,-0.008490684696733525,0.016580140666797503,2.808586509271595,0.04632548188933886,-0.08969672725133143
2.016403280656131,PASSED,-0.2943296413520662,-0.00847411195526678,0.016567808666710804,2.8086327899304693,0.04623582294873613,-0.08963374950365821
2.017403480696139,PASSED,-0.2943381071851057,-0.008457551583048974,0.01655541458520261,2.8086789809620285,0.04614622718973321,-0.08957043200240412
2.018403680736147,PASSED,-0.29434655646399505,-0.008441003642052776,0.016542958603530753,2.808725082429618,0.046056694943028054,-0.08950678984032155
2.019403880776155,PASSED,-0.29435498920119574,-0.008424468193338015,0.01653044212225017,2.808771094396932,0.04596722656178763,-0.08944277550715624
2.020404080816163,PASSED,-0.29436340540923067,-0.008407945298014844,0.01651786412378638,2.8088170169280025,0.045877822389587174,-0.08937843666265348
2.021404280856171,PASSED,-0.2943718051006836,-0.008391435017011901,0.01650522558904762,2.8088628500872193,0.045788482778617946,-0.0893137271736027
2.022404480896179,PASSED,-0.2943801882881989,-0.008374937410371899,0.01649252734063837,2.8089085939392966,0.04569920805126028,-0.08924872748037663
2.023404680936187,PASSED,-0.29438855498448124,-0.008358452538750956,0.01647976780781262,2.808954248549307,0.045609998562868286,-0.08918332899973572
2.024404880976195,PASSED,-0.29439690520229567,-0.008341980462224927,0.01646694900484031,2.808999813982647,0.04552085465055897,-0.08911763451569765
2.025405081016203,PASSED,-0.29440523895446674,-0.008325521239901044,0.016454071203246212,2.8090452903050678,0.045431776649596835,-0.08905157859308745
2.026405281056211,PASSED,-0.29441355625387855,-0.008309074931412816,0.01644113334488368,2.8090906775826374,0.04534276488662634,-0.08898521922209729
2.027405481096219,PASSED,-0.2944218571134747,-0.008292641596357005,0.01642813619643031,2.809135975881777,0.04525381971044592,-0.08891848081930405
2.028405681136227,PASSED,-0.29443014154625774,-0.008276221293384397,0.016415080823392318,2.80918118526923,0.04516494145210298,-0.08885144335869323
2.029405881176235,PASSED,-0.29443840956528883,-0.008259814080459355,0.016401967659473594,2.8092263058120754,0.045076130428491304,-0.08878407711366644
2.030406081216243,PASSED,-0.2944466611836878,-0.008243420016804101,0.016388794319107374,2.8092713375777256,0.04498738698710927,-0.0887163508942816
2.0314062812562512,PASSED,-0.29445489641463235,-0.008227039160261794,0.016375564691107344,2.8093162806339183,0.04489871145226711,-0.08864832414074453
2.0324064812962592,PASSED,-0.29446311527135843,-0.008210671568032336,0.01636227725502378,2.8093611350487167,0.04481010413398357,-0.08857998104539729
2.0334066813362672,PASSED,-0.2944713177671596,-0.008194317298443535,0.01634893114465271,2.8094059008905186,0.04472156538309423,-0.08851126411863935
2.0344068813762752,PASSED,-0.29447950391538674,-0.008177976408444431,0.016335529235408118,2.8094505782280397,0.04463309551548989,-0.08844226992813145
2.0354070814162832,PASSED,-0.29448767372944784,-0.008161648954658268,0.016322070153332233,2.8094951671303217,0.04454469483755759,-0.08837294993509168
2.0364072814562912,PASSED,-0.2944958272228077,-0.008145334994294744,0.0163085538369837,2.8095396676667233,0.044456363684963675,-0.08830328769979054
2.0374074814962992,PASSED,-0.29450396440898796,-0.008129034583962013,0.016294981329900236,2.809584079906933,0.04436810238792531,-0.08823330326408463
2.0384076815363072,PASSED,-0.2945120853015663,-0.008112747779052569,0.016281353962471386,2.809628403920952,0.04427991124441062,-0.08816303701508321
2.0394078815763153,PASSED,-0.29452018991417656,-0.00809647463602889,0.016267669064481197,2.8096726397791008,0.044191790576641105,-0.08809242160580587
2.0404080816163233,PASSED,-0.2945282782605083,-0.008080215210927146,0.016253929126587217,2.8097167875520155,0.04410374071259246,-0.08802149234387675
2.0414082816563313,PASSED,-0.2945363503543068,-0.008063969558310785,0.016240134942874563,2.809760847310642,0.0440157619435721,-0.0879502868046728
2.0424084816963393,PASSED,-0.29454440620937244,-0.008047737733651927,0.016226284469517658,2.8098048191262506,0.04392785460155118,-0.08787871216509552
2.0434086817363473,PASSED,-0.2945524458395605,-0.008031519791988153,0.016212379793278976,2.8098487030704113,0.04384001899317659,-0.08780687251424447
2.0444088817763553,PASSED,-0.29456046925878104,-0.008015315787560373,0.016198420850778408,2.8098924992150156,0.04375225542136049,-0.08773470468401484
2.0454090818163633,PASSED,-0.29456847648099876,-0.007999125775132936,0.016184406811875007,2.809936207632253,0.04366456419821228,-0.0876622354576614
2.0464092818563713,PASSED,-0.2945764675202324,-0.007982949808480924,0.016170339878770295,2.8099798283946305,0.04357694563515215,-0.08758944812844864
2.0474094818963793,PASSED,-0.29458444239055454,-0.007966787941047875,0.0161562191359015,2.8100233615749532,0.04348940003099788,-0.08751637483814842
2.0484096819363873,PASSED,-0.29459240110609153,-0.007950640226973045,0.016142044034115052,2.810066807246336,0.04340192768997348,-0.08744298514857395
2.0494098819763953,PASSED,-0.294600343681023,-0.007934506719373591,0.016127816643012962,2.810110165482195,0.04331452892111194,-0.08736929133685363
2.0504100820164033,PASSED,-0.2946082701295819,-0.007918387470917575,0.016113536331351295,2.8101534363562455,0.04322720401507317,-0.0872953158400456
2.0514102820564113,PASSED,-0.2946161804660539,-0.007902282534743685,0.016099202735582505,2.8101966199425066,0.04313995327722715,-0.08722101918333418
2.0524104820964193,PASSED,-0.2946240747047773,-0.007886191963173273,0.01608481746029726,2.810239716315295,0.0430527770099946,-0.08714643259868542
2.0534106821364273,PASSED,-0.2946319528601428,-0.007870115808083533,0.016070380176038523,2.810282725549223,0.04296567549777146,-0.08707156530611776
2.0544108821764353,PASSED,-0.294639814946593,-0.007854054121883234,0.01605589021647466,2.810325647719207,0.04287864905341479,-0.08699636372369879
2.0554110822164433,PASSED,-0.2946476609786225,-0.007838006956123102,0.01604134945590261,2.810368482900444,0.04279169795519051,-0.08692092122467457
2.0564112822564513,PASSED,-0.29465549097077737,-0.007821974362123275,0.016026757029111622,2.8104112311684344,0.042704822493038586,-0.08684515610342605
2.0574114822964593,PASSED,-0.2946633049376549,-0.007805956391168464,0.016012113571942998,2.8104538925989697,0.04261802298243394,-0.08676908027213441
2.0584116823364673,PASSED,-0.2946711028939036,-0.00778995309392573,0.015997419689928585,2.810496467268126,0.04253129968702712,-0.08669277216327359
2.0594118823764753,PASSED,-0.2946788848542225,-0.00777396452125212,0.01598267466272964,2.810538955252274,0.042444652898350824,-0.0866161330183085
2.0604120824164833,PASSED,-0.2946866508333612,-0.007757990723333478,0.015967880089249424,2.810581356628071,0.042358082924935,-0.08653920034749206
2.0614122824564913,PASSED,-0.29469440084611975,-0.007742031750447244,0.01595303475089,2.8106236714724537,0.0422715900221799,-0.08646203769350166
2.0624124824964993,PASSED,-0.2947021349073479,-0.007726087652527958,0.01593814003155015,2.81066589986265,0.04218517448348605,-0.08638453936074775
2.0634126825365073,PASSED,-0.29470985303194525,-0.007710158478702164,0.015923196355289687,2.8107080418761723,0.042098836615424635,-0.08630675386185972
2.0644128825765153,PASSED,-0.2947175552348608,-0.007694244278640281,0.015908202532945385,2.8107500975908133,0.04201257667280561,-0.08622873512379775
2.0654130826165233,PASSED,-0.2947252415310929,-0.007678345101689813,0.015893159895483004,2.810792067084641,0.041926394927690847,-0.08615041844207538
2.0664132826565313,PASSED,-0.2947329119356886,-0.007662460996147506,0.01587806930685801,2.810833950436002,0.041840291677954916,-0.08607180393183585
2.0674134826965394,PASSED,-0.29474056646374375,-0.007646592010483732,0.015862929901717965,2.810875747723532,0.0417542672093125,-0.08599291178280735
2.0684136827365474,PASSED,-0.29474820513040273,-0.007630738193837557,0.015847741142478576,2.8109174590261317,0.04166832176945906,-0.08591379190054241
2.0694138827765554,PASSED,-0.29475582795085786,-0.0076148995934464565,0.015832506556849334,2.8109590844229766,0.04158245563690382,-0.08583435965837556
2.0704140828165634,PASSED,-0.2947634349403495,-0.007599076256818663,0.01581722334175573,2.811000623993527,0.04149666911828452,-0.08575462459324072
2.0714142828565714,PASSED,-0.29477102611416567,-0.007583268232561018,0.01580189153490436,2.811042077817498,0.04141096244083242,-0.08567471269133518
2.0724144828965794,PASSED,-0.2947786014876417,-0.007567475567208575,0.015786514564136822,2.8110834459748846,0.04132533588017175,-0.08559445930688378
2.0734146829365874,PASSED,-0.2947861610761601,-0.0075516983076039145,0.01577108963167718,2.811124728545956,0.041239789750760564,-0.08551390948072973
2.0744148829765954,PASSED,-0.2947937048951503,-0.007535936500965967,0.015755617975461846,2.8111659256112387,0.0411543242690927,-0.08543319645928006
2.0754150830166034,PASSED,-0.29480123296008814,-0.007520190193620704,0.01574010025846385,2.811207037251532,0.04106893970229458,-0.08535214702399978
2.0764152830566114,PASSED,-0.29480874528649614,-0.007504459431769845,0.01572453624578959,2.8112480635478954,0.04098363635227204,-0.0852708186882255
2.0774154830966194,PASSED,-0.2948162418899427,-0.007488744261337708,0.015708926556369338,2.811289004581656,0.0408984144543967,-0.08518928400008974
2.0784156831366274,PASSED,-0.294823722786042,-0.0074730447280434995,0.01569327111943406,2.811329860434401,0.04081327426281423,-0.08510746330405371
2.0794158831766354,PASSED,-0.29483118799045416,-0.007457360877568393,0.015677570045555804,2.811370631187978,0.04072821606107557,-0.08502536069506984
2.0804160832166434,PASSED,-0.29483863751888423,-0.007441692754682769,0.015661824779002253,2.811411316924498,0.04064324010000813,-0.08494302798235649
2.0814162832566514,PASSED,-0.29484607138708263,-0.007426040404789697,0.015646033302452757,2.811451917726321,0.04055834661809017,-0.08486045120836755
2.0824164832966594,PASSED,-0.29485348961084445,-0.007410403872606274,0.015630198104070143,2.811492433676072,0.04047353589385435,-0.0847775729208042
2.0834166833366674,PASSED,-0.2948608922060095,-0.0073947832022283845,0.015614318560436541,2.811532864856625,0.04038880817859353,-0.08469447682083298
2.0844168833766754,PASSED,-0.29486827918846176,-0.007379178438016516,0.015598394646155814,2.8115732113511176,0.04030416371730967,-0.08461111759254263
2.0854170834166834,PASSED,-0.2948756505741294,-0.007363589623868122,0.015582427149886977,2.811613473242926,0.0402196027615029,-0.08452751461624863
2.0864172834566914,PASSED,-0.29488300637898435,-0.007348016803662832,0.015566415575558866,2.8116536506156846,0.0401351255643292,-0.08444365221201075
2.0874174834966994,PASSED,-0.2948903466190421,-0.007332460020627181,0.01555036134237793,2.811693743553283,0.040050732387469194,-0.08435952662534613
2.0884176835367074,PASSED,-0.2948976713103615,-0.007316919318070371,0.015534263366431501,2.811733752139845,0.039966423451322224,-0.08427520916138574
2.0894178835767154,PASSED,-0.2949049804690444,-0.007301394739003705,0.015518122866823752,2.8117736764597536,0.039882199018204355,-0.08419058242219135
2.0904180836167234,PASSED,-0.29491227411123555,-0.0072858863258994525,0.015501939929204926,2.811813516597633,0.039798059345620265,-0.08410573269201364
2.0914182836567314,PASSED,-0.29491955225312216,-0.007270394121136156,0.0154857146526908,2.811853272638351,0.039714004651971495,-0.08402066761994464
2.0924184836967394,PASSED,-0.29492681491093375,-0.007254918167236798,0.015469446730468513,2.811892944667018,0.03963003518738718,-0.08393532922722675
2.0934186837367474,PASSED,-0.2949340621009421,-0.007239458506074428,0.015453137450304457,2.811932532768986,0.03954615120540337,-0.08384975048821577
2.0944188837767554,PASSED,-0.2949412938394605,-0.007224015178840451,0.015436787089757736,2.8119720370298458,0.039462352927760534,-0.08376396241258084
2.0954190838167635,PASSED,-0.29494851014284396,-0.007208588227499583,0.015420394174942266,2.8120114575354314,0.03937864060122555,-0.08367790261658932
2.0964192838567715,PASSED,-0.29495571102748874,-0.007193177693342753,0.015403960811420845,2.8120507943718107,0.03929501446977622,-0.08359161733781992
2.0974194838967795,PASSED,-0.2949628965098323,-0.00717778361672164,0.015387487160907943,2.8120900476252846,0.03921147474731494,-0.08350512587692095
2.0984196839367875,PASSED,-0.2949700666063529,-0.007162406038773376,0.015370971806502369,2.8121292173823944,0.03912802168420777,-0.0834183545940005
2.0994198839767955,PASSED,-0.29497722133356896,-0.007147044999745307,0.01535441717577898,2.8121683037299094,0.03904465551597974,-0.0833313773173865
2.1004200840168035,PASSED,-0.2949843607080399,-0.007131700539974564,0.015337821500720161,2.8122073067548357,0.03896137646026637,-0.08324417464402252
2.1014202840568115,PASSED,-0.2949914847463646,-0.007116372699315486,0.015321186764648347,2.812246226544406,0.03887818475374559,-0.08315672777195336
2.1024204840968195,PASSED,-0.2949985934651821,-0.007101061517416016,0.015304511989350601,2.812285063186083,0.038795080628639914,-0.08306905666148942
2.1034206841368275,PASSED,-0.29500568688117096,-0.007085767033906637,0.015287797856065046,2.8123238167675546,0.038712064299153144,-0.0829811780369585
2.1044208841768355,PASSED,-0.295012765011049,-0.007070489287888551,0.015271044792767585,2.8123624873767463,0.03862913601356575,-0.08289302395435381
2.1054210842168435,PASSED,-0.29501982787157327,-0.007055228318261128,0.015254252850526317,2.812401075101793,0.03854629597626585,-0.08280471286359745
2.1064212842568515,PASSED,-0.29502687547953943,-0.007039984163835353,0.015237422142606101,2.8124395800310626,0.03846354440586662,-0.08271614208963776
2.1074214842968595,PASSED,-0.295033907851782,-0.00702475686309437,0.015220553139900686,2.8124780022531444,0.038380881550758146,-0.08262733045436167
2.1084216843368675,PASSED,-0.2950409250051736,-0.0070095464541079806,0.015203646217382972,2.812516341856847,0.03829830761170128,-0.08253834479187083
2.1094218843768755,PASSED,-0.29504792695662513,-0.0069943529750983845,0.015186700871071343,2.8125545989312,0.03821582280375831,-0.08244911671035421
2.1104220844168835,PASSED,-0.29505491372308534,-0.006979176463890349,0.015169718099345171,2.812592773565449,0.03813342735671747,-0.08235966726116925
2.1114222844568915,PASSED,-0.2950618853215405,-0.0069640169573413095,0.015152698848834925,2.812630865849064,0.03805112149127301,-0.08226999756665791
2.1124224844968995,PASSED,-0.2950688417690143,-0.0069488744934608744,0.015135640568170112,2.812668875871718,0.037968905399343805,-0.08218015483755949
2.1134226845369075,PASSED,-0.29507578308256777,-0.00693374910914816,0.015118546809078742,2.8127068037233105,0.03788677931211667,-0.08209004215352865
2.1144228845769155,PASSED,-0.2950827092792984,-0.00691864084047269,0.015101416586396767,2.812744649493948,0.03780474345045777,-0.08199974132915441
2.1154230846169235,PASSED,-0.2950896203763408,-0.006903549724785143,0.015084248421648131,2.812782413273949,0.037722798002773915,-0.08190925192031906
2.1164232846569315,PASSED,-0.2950965163908656,-0.0068884757982482624,0.015067045280367734,2.8128200951538442,0.037640943188205246,-0.08181852300090191
2.1174234846969395,PASSED,-0.2951033973400799,-0.006873419096309845,0.015049806377117975,2.812857695224368,0.03755917922041487,-0.08172759765001934
2.1184236847369475,PASSED,-0.2951102632412266,-0.006858379655517489,0.015032530402515636,2.8128952135764753,0.03747750630910912,-0.0816364537429126
2.1194238847769555,PASSED,-0.2951171141115842,-0.006843357511098812,0.015015220429449904,2.8129326503013115,0.03739592464434593,-0.08154513877672348
2.1204240848169635,PASSED,-0.29512394996846675,-0.006828352698133238,0.014997874656323762,2.81297000549024,0.037314434442156375,-0.08145357779810174
2.1214242848569715,PASSED,-0.2951307708292236,-0.00681336525246012,0.014980493017649149,2.8130072792348177,0.03723303590686901,-0.08136184028021311
2.1224244848969795,PASSED,-0.2951375767112389,-0.006798395208200398,0.014963078421103492,2.813044471626813,0.03715172923452653,-0.08126989371732131
2.1234246849369875,PASSED,-0.2951443676319317,-0.006783442600027637,0.014945628007199077,2.813081582758187,0.037070514625192515,-0.08117775307848048
2.1244248849769956,PASSED,-0.2951511436087553,-0.006768507462820354,0.014928143340670625,2.8131186127211114,0.03698939228942392,-0.08108539089533696
2.1254250850170036,PASSED,-0.2951579046591975,-0.006753589830405287,0.014910625131332051,2.8131555616079447,0.03690836241042852,-0.08099287106212008
2.1264252850570116,PASSED,-0.29516465080078014,-0.006738689736573216,0.01489307296589748,2.8131924295112505,0.036827425188258975,-0.08090012290783759
2.1274254850970196,PASSED,-0.2951713820510585,-0.006723807215068444,0.01487548719735466,2.813229216523783,0.03674658082603161,-0.08080718844038168
2.1284256851370276,PASSED,-0.29517809842762177,-0.006708942299520636,0.014857867781443443,2.8132659227384993,0.03666582951474173,-0.08071405985620804
2.1294258851770356,PASSED,-0.29518479994809244,-0.006694095023063225,0.014840215574722171,2.8133025482485374,0.03658517143493625,-0.08062075977166225
2.1304260852170436,PASSED,-0.2951914866301258,-0.006679265418311831,0.014822530869175354,2.8133390931472433,0.03650460680035476,-0.08052721778805118
2.1314262852570516,PASSED,-0.2951981584914102,-0.006664453518207855,0.014804812927175838,2.8133755575281363,0.036424135783211097,-0.08043355004739643
2.1324264852970596,PASSED,-0.29520481554966654,-0.006649659355588917,0.014787062413446862,2.81341194148494,0.03634375857442217,-0.08033964794994167
2.1334266853370676,PASSED,-0.29521145782264807,-0.006634882962165326,0.014769280763687869,2.8134482451115534,0.03626347536741018,-0.08024557972002355
2.1344268853770756,PASSED,-0.29521808532814026,-0.006620124370229344,0.014751466050842158,2.8134844685020766,0.03618328635239043,-0.08015130521957274
2.1354270854170836,PASSED,-0.2952246980839604,-0.006605383611647427,0.014733620269299093,2.813520611750783,0.0361031917026347,-0.08005687944649251
2.1364272854570916,PASSED,-0.2952312961079575,-0.006590660717658985,0.014715743134536502,2.8135566749521335,0.03602319160005074,-0.0799622513422699
2.1374274854970996,PASSED,-0.2952378794180119,-0.006575955719771629,0.014697834389235671,2.8135926582007813,0.03594328625311818,-0.07986741065941792
2.1384276855371076,PASSED,-0.2952444480320354,-0.006561268649514027,0.01467989416984569,2.813628561591545,0.035863475809563825,-0.07977246548431759
2.1394278855771156,PASSED,-0.2952510019679705,-0.006546599536979423,0.014661924777777164,2.8136643852194347,0.03578376045671596,-0.07967727775688926
2.1404280856171236,PASSED,-0.29525754124379056,-0.00653194841292182,0.014643923577485821,2.81370012917964,0.035704140403454036,-0.07958190359861926
2.1414282856571316,PASSED,-0.2952640658774995,-0.006517315308369105,0.014625891869535002,2.813735793567525,0.035624615791203525,-0.07948641801844311
2.1424284856971396,PASSED,-0.29527057588713146,-0.00650270025312098,0.014607830833849176,2.813771378478628,0.0355451867958985,-0.07939071349607023
2.1434286857371476,PASSED,-0.2952770712907507,-0.0064881032767259246,0.014589740102527875,2.813806884008671,0.03546585362845226,-0.07929480341301909
2.1444288857771556,PASSED,-0.29528355210645124,-0.006473524409415577,0.014571618782226937,2.813842310253539,0.03538661642574678,-0.07919880223378702
2.1454290858171636,PASSED,-0.2952900183523567,-0.006458963680684816,0.014553468696452717,2.8138776573092987,0.035307475365306866,-0.0791025659106653
2.1464292858571716,PASSED,-0.29529647004662013,-0.00644442111951337,0.014535289488107138,2.8139129252721875,0.03522843064765836,-0.0790061521403949
2.1474294858971796,PASSED,-0.2953029072074236,-0.006429896754750026,0.014517081613502599,2.8139481142386127,0.03514948241382239,-0.0789096216330168
2.1484296859371876,PASSED,-0.29530932985297825,-0.006415390615822902,0.01449884380287058,2.813983224305144,0.03507063082185404,-0.0788129055252262
2.1494298859771956,PASSED,-0.29531573800152383,-0.006400902731006421,0.01448057882555504,2.814018255568525,0.03499187607007219,-0.07871598261959856
2.1504300860172036,PASSED,-0.29532213167132854,-0.0063864331281406955,0.014462285559173336,2.8140532081256713,0.03491321832486293,-0.07861892026902602
2.1514302860572116,PASSED,-0.29532851088068873,-0.006371981836096294,0.014443963034552667,2.8140880820736514,0.03483465771362136,-0.0785217385565971
2.1524304860972197,PASSED,-0.2953348756479289,-0.006357548882526023,0.014425613927417154,2.8141228775097065,0.03475619442672301,-0.07842431912618071
2.1534306861372277,PASSED,-0.2953412259914012,-0.006343134294880029,0.01440723679171208,2.8141575945312383,0.0346778286378069,-0.07832676877606816
2.1544308861772357,PASSED,-0.2953475619294856,-0.006328738100886259,0.014388832128475233,2.8141922332358105,0.034599560480747305,-0.07822908258194688
2.1554310862172437,PASSED,-0.295353883480589,-0.006314360327466848,0.014370400946701268,2.81422679372115,0.03452139013066263,-0.07813119508648889
2.1564312862572517,PASSED,-0.2953601906631457,-0.00630000100194149,0.014351941911128756,2.8142612760851304,0.03444331774012019,-0.07803318751308819
2.1574314862972597,PASSED,-0.29536648349561684,-0.0062856601508955254,0.014333457135855205,2.8142956804258046,0.034365343476138746,-0.0779349816269997
2.1584316863372677,PASSED,-0.29537276199649015,-0.006271337800811941,0.014314945382069523,2.8143300068413617,0.03428746748390578,-0.07783666597027455
2.1594318863772757,PASSED,-0.2953790261842798,-0.006257033978249616,0.014296407349161959,2.8143642554301573,0.034209689916547256,-0.07773816828403186
2.1604320864172837,PASSED,-0.29538527607752624,-0.006242748709080146,0.014277843716342564,2.8143984262906967,0.034132010938375604,-0.0776395180967394
2.1614322864572917,PASSED,-0.29539151169479594,-0.006228482019448087,0.014259253575870877,2.814432519521645,0.03405443070327156,-0.07754071310890617
2.1624324864972992,PASSED,-0.2953977330546809,-0.0062142339346071065,0.014240639017719603,2.814466535221812,0.03397694935007963,-0.07744177991395218
2.1634326865373072,PASSED,-0.29540394017579913,-0.0062000044803392634,0.014221997767925928,2.8145004734901558,0.03389956702375619,-0.0773426905964365
2.1644328865773153,PASSED,-0.2954101330767934,-0.006185793681895493,0.01420333222766567,2.814534334425795,0.0338222839022702,-0.0772434087456947
2.1654330866173233,PASSED,-0.29541631177633215,-0.006171601563959366,0.014184641741768641,2.8145681181279847,0.03374510010849459,-0.07714405046222571
2.1664332866573313,PASSED,-0.29542247629310825,-0.006157428151568306,0.014165926157252887,2.814601824696135,0.033668015785444115,-0.0770445047759637
2.1674334866973393,PASSED,-0.2954286266458395,-0.0061432734692831925,0.014147186370354552,2.8146354542297956,0.033591031097530054,-0.07694481000612381
2.1684336867373473,PASSED,-0.2954347628532682,-0.006129137541489205,0.014128422076409358,2.814669006828664,0.03351414617753862,-0.07684499331497928
2.1694338867773553,PASSED,-0.29544088493416065,-0.006115020391888769,0.014109634616452654,2.8147024825925815,0.03343736116407406,-0.07674502689761989
2.1704340868173633,PASSED,-0.2954469929073073,-0.006100922044868478,0.014090821956184597,2.8147358816215307,0.033360676209515945,-0.07664490633176618
2.1714342868573713,PASSED,-0.29545308679152255,-0.006086842524229392,0.014071986427685527,2.8147692040156347,0.03328409144871913,-0.07654466377351031
2.1724344868973793,PASSED,-0.2954591666056441,-0.006072781852851473,0.014053128011408308,2.8148024498751547,0.03320760701375377,-0.07644428242659682
2.1734346869373873,PASSED,-0.2954652323685332,-0.006058740054445838,0.014034245335118387,2.8148356193004944,0.03313122305482235,-0.07634374326796536
2.1744348869773953,PASSED,-0.29547128409907425,-0.006044717152111891,0.014015340333166811,2.81486871239219,0.03305493970278247,-0.07624309122115408
2.1754350870174033,PASSED,-0.2954773218161744,-0.00603071316818067,0.013996412996589196,2.8149017292509186,0.032978757091067894,-0.07614229204351411
2.1764352870574113,PASSED,-0.295483345538764,-0.0060167281259273404,0.013977461757823167,2.8149346699774864,0.032902675354342645,-0.0760413665130777
2.1774354870974193,PASSED,-0.29548935528579523,-0.006002762047291038,0.013958489888621346,2.814967534672839,0.032826694631153897,-0.07594029430585916
2.1784356871374273,PASSED,-0.2954953510762431,-0.0059888149544578655,0.013939494796206958,2.8150003234380523,0.032750815051570265,-0.07583910310214517
2.1794358871774353,PASSED,-0.2955013329291045,-0.00597488686989515,0.013920477740387197,2.8150330363743357,0.03267503674335416,-0.07573777829208343
2.1804360872174433,PASSED,-0.29550730086339816,-0.005960977814762706,0.013901440060483028,2.815065673583021,0.03259935983166855,-0.07563633394797463
2.1814362872574513,PASSED,-0.2955132548981645,-0.005947087810676159,0.013882380103923656,2.815098235165578,0.03252378445590882,-0.0755347369675726
2.1824364872974593,PASSED,-0.29551919505246554,-0.005933216879684609,0.013863298249967682,2.8151307212235968,0.03244831073431205,-0.07543304468290081
2.1834366873374673,PASSED,-0.29552512134538417,-0.005919365041905579,0.01384419746507184,2.815163131858805,0.03237293880162806,-0.07533119135138636
2.1844368873774753,PASSED,-0.29553103379602474,-0.005905532318831404,0.013825073480244024,2.8151954671730444,0.032297668777713236,-0.07522924562378787
2.1854370874174833,PASSED,-0.29553693242351203,-0.005891718731354658,0.013805930141079947,2.815227727268283,0.03222250077523994,-0.07512717370630347
2.1864372874574913,PASSED,-0.29554281724699166,-0.005877924299394237,0.013786766506649143,2.81525991224662,0.032147434941305716,-0.0750249407528434
2.1874374874974993,PASSED,-0.2955486882856296,-0.005864149043632697,0.013767581931466842,2.815292022210267,0.03207247138105822,-0.07492263991060294
2.1884376875375073,PASSED,-0.2955545455586119,-0.005850392984151065,0.01374837784840842,2.8153240572615617,0.03199761020796971,-0.07482019520713001
2.1894378875775153,PASSED,-0.2955603890851446,-0.005836656140494653,0.013729154195081666,2.815356017502959,0.03192285155842849,-0.07471761909726098
2.1904380876175233,PASSED,-0.2955662188844537,-0.005822938532615241,0.013709910335633223,2.8153879030370375,0.03184819554835566,-0.07461493738987832
2.1914382876575313,PASSED,-0.29557203497578455,-0.005809240180060483,0.01369064736750605,2.815419713966479,0.03177364226864255,-0.0745121745952672
2.1924384876975394,PASSED,-0.2955778373784019,-0.005795561101834471,0.013671365465016903,2.8154514503941015,0.03169919186936797,-0.07440921572746287
2.1934386877375474,PASSED,-0.2955836261115897,-0.005781901317133168,0.01365206419216,2.8154831124228266,0.031624844462915885,-0.07430620026849664
2.1944388877775554,PASSED,-0.29558940119465077,-0.005768260844545757,0.013632744850911316,2.8155147001556857,0.03155060012061938,-0.07420310364850985
2.1954390878175634,PASSED,-0.29559516264690666,-0.005754639702903386,0.01361340617001016,2.815546213695832,0.03147645899647154,-0.07409980448071515
2.1964392878575714,PASSED,-0.2956009104876976,-0.005741037910775225,0.013594049433595889,2.8155776531465264,0.03140242120446983,-0.07399645034904316
2.1974394878975794,PASSED,-0.29560664473638193,-0.0057274554861218826,0.013574674799842461,2.8156090186111435,0.03132848682255691,-0.07389300295550716
2.1984396879375874,PASSED,-0.29561236541233626,-0.005713892447002055,0.013555281999818104,2.8156403101931593,0.03125465597262003,-0.07378941459112284
2.1994398879775954,PASSED,-0.295618072534955,-0.005700348811272831,0.013535871548828144,2.815671527996166,0.031180928781240316,-0.07368570923877565
2.2004400880176034,PASSED,-0.2956237661236502,-0.0056868245965253595,0.013516443546567624,2.8157026721238596,0.031107305333564945,-0.07358193996643829
2.2014402880576114,PASSED,-0.2956294461978518,-0.005673319820398682,0.013496997846750847,2.815733742680042,0.03103378573260613,-0.0734780416203964
2.2024404880976194,PASSED,-0.2956351127770067,-0.005659834499761662,0.013477535830530954,2.8157647397686203,0.030960370099604135,-0.07337402725639552
2.2034406881376274,PASSED,-0.29564076588057897,-0.005646368651526657,0.013458056504654323,2.8157956634936054,0.030887058530552396,-0.07326993024863328
2.2044408881776354,PASSED,-0.2956464055280496,-0.00563292229298215,0.01343855990440844,2.81582651395911,0.030813851118085142,-0.0731657339463377
2.2054410882176434,PASSED,-0.29565203173891635,-0.005619495440390065,0.013419047717201584,2.815857291269351,0.030740747978032907,-0.07306141078949359
2.2064412882576514,PASSED,-0.2956576445326933,-0.00560608811010489,0.013399518663824305,2.8158879955286436,0.030667749205414957,-0.07295701383692192
2.2074414882976594,PASSED,-0.295663243928911,-0.005592700318597723,0.013379973402727308,2.8159186268414005,0.030594854887412808,-0.07285252077896572
2.2084416883376674,PASSED,-0.2956688299471162,-0.0055793320818111215,0.013360412375850462,2.815949185312134,0.03052206513407781,-0.07274790837235046
2.2094418883776754,PASSED,-0.2956744026068712,-0.005565983415263459,0.01334083599553773,2.8159796710454543,0.030449380043897713,-0.07264321138525939
2.2104420884176834,PASSED,-0.2956799619277544,-0.0055526543346947526,0.013321243617485988,2.81601008414607,0.030376799705592095,-0.07253842291918935
2.2114422884576914,PASSED,-0.29568550792935944,-0.005539344855717171,0.013301635884310653,2.816040424718778,0.030304324210674843,-0.07243354291596121
2.2124424884976994,PASSED,-0.2956910406312953,-0.005526054993485394,0.013282013130087115,2.8160706928684744,0.03023195365963061,-0.07232855646308312
2.2134426885377074,PASSED,-0.29569656005318623,-0.0055127847626993175,0.013262375890068647,2.8161008887001446,0.030159688142272028,-0.07222349128891352
2.2144428885777154,PASSED,-0.2957020662146712,-0.005499534178505734,0.013242723062592948,2.8161310123188668,0.030087527744331367,-0.07211833570849785
2.2154430886177234,PASSED,-0.2957075591354041,-0.005486303255629988,0.01322305608451312,2.8161610638298114,0.030015472566066105,-0.07201307330310447
2.2164432886577314,PASSED,-0.29571303883505323,-0.005473092008059248,0.013203375228224087,2.816191043338235,0.0299435226895026,-0.0719077454037743
2.2174434886977394,PASSED,-0.2957185053333011,-0.005459900450129283,0.013183679731126125,2.8162209509494858,0.02987167819915576,-0.07180232030888292
2.2184436887377474,PASSED,-0.2957239586498446,-0.0054467285963872,0.013163969749388117,2.8162507867689945,0.029799939187821433,-0.07169680535129089
2.2194438887777554,PASSED,-0.2957293988043944,-0.005433576460178916,0.013144247180882024,2.8162805509022824,0.029728305740334506,-0.0715912089106891
2.2204440888177635,PASSED,-0.2957348258166751,-0.005420444055093293,0.01312451035544983,2.816310243454954,0.0296567779392358,-0.07148552922405414
2.2214442888577715,PASSED,-0.29574023970642455,-0.005407331395019409,0.013104759886173045,2.8163398645326994,0.029585355869237842,-0.07137976384722394
2.2224444888977795,PASSED,-0.29574564049339425,-0.005394238492963614,0.013084996835543386,2.8163694142412914,0.02951403961581579,-0.07127391313860215
2.2234446889377875,PASSED,-0.2957510281973487,-0.005381165361922028,0.013065220512281416,2.8163988926865757,0.0294428292431139,-0.07116801241074877
2.2244448889777955,PASSED,-0.2957564028380655,-0.005368112014884054,0.013045431388435925,2.816428299974494,0.029371724854833258,-0.07106197219390245
2.2254450890178035,PASSED,-0.2957617644353349,-0.005355078464616436,0.01302562952040617,2.8164576362110596,0.02930072652960436,-0.07095589391889616
2.2264452890578115,PASSED,-0.29576711300895997,-0.005342064723596921,0.01300581535225434,2.8164869015023597,0.029229834314137507,-0.07084976316548727
2.2274454890978195,PASSED,-0.2957724485787559,-0.005329070803943428,0.0129859891876509,2.8165160959545705,0.029159048319320452,-0.07074348258477171
2.2284456891378275,PASSED,-0.2957777711645504,-0.005316096718035531,0.012966150388061383,2.8165452196739356,0.029088368618745856,-0.07063717923447954
2.2294458891778355,PASSED,-0.2957830807861829,-0.005303142477684362,0.012946300326574883,2.8165742727667786,0.029017795261557598,-0.07053080915744896
2.2304460892178435,PASSED,-0.2957883774635049,-0.0052902080946779124,0.0129264381263659,2.8166032553394915,0.028947328337122765,-0.07042433461975911
2.2314462892578515,PASSED,-0.29579366121637957,-0.005277293580632055,0.012906564658850322,2.816632167498549,0.028876967935200882,-0.07031778012329858
2.2324464892978595,PASSED,-0.2957989320646814,-0.005264398946698305,0.012886680117017178,2.816661009350491,0.028806714100981203,-0.07021120361726214
2.2334466893378675,PASSED,-0.2958041900282961,-0.0052515242041592846,0.01286678415368931,2.8166897810019305,0.028736566908750493,-0.07010451797300869
2.2344468893778755,PASSED,-0.2958094351271208,-0.005238669364253767,0.012846877073403465,2.816718482559555,0.02866652645228937,-0.06999774878652792
2.2354470894178835,PASSED,-0.2958146673810633,-0.0052258344376818885,0.012826959570861806,2.816747114130108,0.028596592766160882,-0.06989097768979471
2.2364472894578915,PASSED,-0.2958198868100422,-0.005213019434775398,0.01280703179691027,2.8167756758204194,0.028526765938670637,-0.06978406069054621
2.2374474894978995,PASSED,-0.29582509343398644,-0.005200224366205708,0.012787093084876255,2.8168041677373723,0.028457046043080022,-0.06967711885732353
2.2384476895379075,PASSED,-0.29583028727283556,-0.005187449242465918,0.012767144176399478,2.8168325899879263,0.02838743312806709,-0.06957011245000518
2.2394478895779155,PASSED,-0.2958354683465392,-0.005174694073324649,0.012747185784515228,2.816860942679094,0.028317927258551204,-0.06946304089313508
2.2404480896179235,PASSED,-0.295840636675057,-0.005161958868691892,0.012727217198250432,2.816889225917963,0.028248528512215897,-0.06935588329675499
2.2414482896579315,PASSED,-0.2958457922783583,-0.005149243638348905,0.012707239106144533,2.8169174398116783,0.02817923694385925,-0.06924869172990684
2.2424484896979395,PASSED,-0.29585093517642214,-0.005136548391864911,0.012687251402561198,2.816945584467447,0.028110052605998033,-0.06914143528208992
2.2434486897379475,PASSED,-0.29585606538923703,-0.00512387313862809,0.012667254459660745,2.8169736599925392,0.028040975573482035,-0.06903409733860302
2.2444488897779555,PASSED,-0.2958611829368007,-0.005111217887645663,0.01264724866427198,2.8170016664942827,0.02797200590075479,-0.06892672298634193
2.2454490898179635,PASSED,-0.29586628783912,-0.005098582647937135,0.01262723373803042,2.81702960408007,0.02790314364675992,-0.06881927466721836
2.2464492898579715,PASSED,-0.2958713801162106,-0.005085967428450891,0.012607209985053424,2.8170574728573445,0.0278343888664293,-0.06871178410622598
2.2474494898979795,PASSED,-0.29587645978809685,-0.005073372237574596,0.012587178137123631,2.817085272933609,0.027765741614617662,-0.06860423028191591
2.2484496899379876,PASSED,-0.29588152687481184,-0.005060797084009374,0.012567137183953922,2.8171130044164236,0.02769720195326156,-0.06849661540555928
2.2494498899779956,PASSED,-0.29588658139639684,-0.005048241976012352,0.01254708853906782,2.8171406674134007,0.02762876993147155,-0.06838895937964568
2.2504500900180036,PASSED,-0.2958916233729013,-0.005035706921412093,0.012527031974386453,2.817168262032209,0.027560445602836516,-0.06828124147195686
2.2514502900580116,PASSED,-0.2958966528243828,-0.005023191928339171,0.012506967138613469,2.81719578838057,0.027492229025004235,-0.06817346873916559
2.2524504900980196,PASSED,-0.2959016697709067,-0.005010697004582881,0.012486894834741798,2.8172232465662566,0.02742412024574271,-0.06806565294309384
2.2534506901380276,PASSED,-0.29590667423254585,-0.004998222157391712,0.01246681542878691,2.817250636697091,0.027356119310982027,-0.06795778930574621
2.2544508901780356,PASSED,-0.2959116662293808,-0.00498576739462737,0.012446727654711252,2.81727795888095,0.02728822627995941,-0.06784985883386485
2.2554510902180436,PASSED,-0.29591664578149934,-0.004973332723200792,0.012426633941155398,2.8173052132257537,0.027220441195606206,-0.06774190136609749
2.2564512902580516,PASSED,-0.29592161290899627,-0.004960918149965435,0.012406532764826216,2.817332399839476,0.027152764105230084,-0.06763388304947246
2.2574514902980596,PASSED,-0.29592656763197345,-0.0049485236821939435,0.012386424442601952,2.81735951883013,0.02708519505304589,-0.06752583160734128
2.2584516903380676,PASSED,-0.29593150997053935,-0.004936149326217103,0.012366310333001175,2.8173865703057857,0.02701773409344822,-0.06741771159122545
2.2594518903780756,PASSED,-0.2959364399448094,-0.00492379508887521,0.012346188681152993,2.81741355437455,0.02695038126622069,-0.06730957098505973
2.2604520904180836,PASSED,-0.295941357574905,-0.0049114609762474825,0.012326061925443088,2.8174404711445744,0.026883136605319973,-0.0672013875111584
2.2614522904580916,PASSED,-0.2959462628809542,-0.004899146994758766,0.012305927864231096,2.8174673207240564,0.026816000167690066,-0.0670931377090763
2.2624524904980996,PASSED,-0.29595115588309084,-0.004886853150046577,0.012285789277494335,2.8174941032212337,0.02674897199217468,-0.06698486738626121
2.2634526905381076,PASSED,-0.2959560366014548,-0.004874579448130136,0.012265643675739141,2.817520818744391,0.026682052117004716,-0.06687654702576684
2.2644528905781156,PASSED,-0.2959609050561917,-0.004862325894818286,0.012245493069256395,2.817547467401841,0.026615240572883683,-0.0667682088512133
2.2654530906181236,PASSED,-0.29596576126745283,-0.004850092495433294,0.01222533692881685,2.8175740493019523,0.02654853742165264,-0.06665977948426338
2.2664532906581316,PASSED,-0.29597060525539454,-0.004837879255018834,0.012205176071553725,2.8176005645531146,0.026481942680901864,-0.06655138159511895
2.2674534906981396,PASSED,-0.2959754370401788,-0.00482568617924764,0.012185008904286986,2.817627013263766,0.026415456384775986,-0.06644290581305083
2.2684536907381476,PASSED,-0.2959802566419724,-0.004813513272940782,0.012164837908572548,2.81765339554238,0.026349078594900356,-0.06633437925068467
2.2694538907781556,PASSED,-0.2959850640809472,-0.004801360540582612,0.012144661991235612,2.8176797114974637,0.026282809325829222,-0.06622586228476611
2.2704540908181636,PASSED,-0.2959898593772795,-0.004789227987015404,0.012124481284521689,2.8177059612375572,0.026216648604532117,-0.06611729397199595
2.2714542908581716,PASSED,-0.2959946425511505,-0.004777115616974708,0.012104295878147242,2.817732144871238,0.026150596488893632,-0.06600866341614325
2.2724544908981796,PASSED,-0.29599941362274546,-0.004765023434230893,0.012084107320926085,2.817758262507113,0.026084652995241243,-0.06590004714321616
2.2734546909381876,PASSED,-0.2960041726122541,-0.004752951443364463,0.01206391323009925,2.817784314253823,0.026018818148024245,-0.06579138059951622
2.2744548909781956,PASSED,-0.2960089195398701,-0.004740899648282176,0.012043716317077895,2.8178103002200423,0.025953092002217383,-0.06568265594508992
2.2754550910182036,PASSED,-0.2960136544257911,-0.004728868052584236,0.012023515285181564,2.8178362205144647,0.025887474561231225,-0.06557396434686545
2.2764552910582116,PASSED,-0.29601837729021835,-0.004716856660062075,0.01200331068014789,2.817862075245826,0.02582196586161329,-0.06546518979864993
2.2774554910982197,PASSED,-0.29602308815335676,-0.004704865474181474,0.011983102680900888,2.8178878645228815,0.025756565947412907,-0.06535639713487089
2.2784556911382277,PASSED,-0.2960277870354146,-0.004692894498274097,0.011962891391694746,2.817913588454419,0.025691274824053173,-0.06524760750964322
2.2794558911782357,PASSED,-0.2960324739566034,-0.0046809437354323495,0.011942677141783231,2.8179392471492473,0.025626092520513493,-0.06513876755970786
2.2804560912182437,PASSED,-0.2960371489371377,-0.00466901318849967,0.011922460126610315,2.8179648407162037,0.025561019074545253,-0.06502989824059477
2.2814562912582517,PASSED,-0.29604181199723495,-0.004657102860774366,0.01190223945776807,2.8179903692641526,0.02549605450315118,-0.0649210201630549
2.2824564912982597,PASSED,-0.2960464631571154,-0.004645212754573333,0.011882017363209837,2.818015832901973,0.025431198815931335,-0.06481213192437557
2.2834566913382677,PASSED,-0.296051102437002,-0.004633342872395376,0.011861792054455375,2.818041231738577,0.02536645205630334,-0.06470317809707082
2.2844568913782757,PASSED,-0.29605572985711975,-0.00462149321657176,0.011841565003057301,2.818066565882891,0.025301814240012297,-0.06459424175369521
2.2854570914182837,PASSED,-0.2960603454376964,-0.004609663789536278,0.011821335057096165,2.818091835443865,0.025237285371438465,-0.06448528645392204
2.2864572914582917,PASSED,-0.2960649491989614,-0.004597854593161236,0.01180110392033929,2.8181170405304727,0.025172865495913372,-0.06437626823920833
2.2874574914982997,PASSED,-0.29606954116114637,-0.004586065628896981,0.011780871160196982,2.8181421812516976,0.025108554612929695,-0.06426729281332764
2.2884576915383077,PASSED,-0.2960741213444846,-0.004574296899251662,0.01176063530206801,2.8181672577165475,0.02504435273639031,-0.06415826569009221
2.2894578915783157,PASSED,-0.2960786897692111,-0.004562548405416687,0.011740399523580585,2.8181922700340505,0.024980259910249703,-0.06404919977427811
2.2904580916183237,PASSED,-0.2960832464555623,-0.004550820148302607,0.011720162174413509,2.818217218313244,0.024916276126342958,-0.06394017332838586
2.2914582916583317,PASSED,-0.2960877914237759,-0.00453911212979345,0.011699922732319581,2.818242102663181,0.024852401389851293,-0.06383111193384781
2.2924584916983397,PASSED,-0.2960923246940909,-0.004527424350984777,0.011679682859574726,2.8182669231929367,0.02478863575097635,-0.06372199016900373
2.2934586917383477,PASSED,-0.29609684628674715,-0.004515756812242288,0.01165944266443082,2.8182916800115967,0.024724979208304826,-0.06361291100653695
2.2944588917783557,PASSED,-0.2961013562219854,-0.004504109514677438,0.011639200831797201,2.8183163732282535,0.024661431743515125,-0.06350383397847523
2.2954590918183637,PASSED,-0.2961058545200471,-0.004492482459020197,0.01161895887420232,2.8183410029520153,0.024597993403299663,-0.06339467770678395
2.2964592918583717,PASSED,-0.29611034120117424,-0.004480875645493937,0.011598716627631407,2.818365569292007,0.024534664206590503,-0.06328554271074548
2.2974594918983797,PASSED,-0.29611481628560915,-0.004469289074619448,0.011578473705727422,2.8183900723573556,0.024471444124643308,-0.06317644143816334
2.2984596919383877,PASSED,-0.2961192797935944,-0.004457722746251236,0.011558231476536325,2.8184145122572026,0.02440833318870882,-0.0630672655987047
2.2994598919783957,PASSED,-0.29612373174537265,-0.004446176660418973,0.011537988736081408,2.8184388891006926,0.02434533141461732,-0.0629581130866943
2.3004600920184037,PASSED,-0.2961281721611865,-0.004434650817447665,0.011517745794790904,2.818463202996984,0.024282438792096312,-0.06284896214388182
2.3014602920584117,PASSED,-0.29613260106127826,-0.004423145216580427,0.011497504248869587,2.8184874540552416,0.024219655340229636,-0.0627397783485419
2.3024604920984197,PASSED,-0.29613701846588997,-0.0044116598572632604,0.011477262696031497,2.81851164238463,0.02415698105874189,-0.06263061691387893
2.3034606921384277,PASSED,-0.29614142439526286,-0.004400194739108481,0.01145702179394464,2.818535768094326,0.024094415951688215,-0.0625214338135384
2.3044608921784357,PASSED,-0.29614581886963787,-0.004388749861594774,0.01143678132688242,2.818559831293507,0.0240319600275962,-0.06241225094433116
2.3054610922184438,PASSED,-0.29615020190925484,-0.0043773252234729455,0.011416542651791735,2.8185838320913494,0.02396961327731161,-0.06230308317810075
2.3064612922584518,PASSED,-0.2961545735343526,-0.004365920823369709,0.011396305070865911,2.818607770597042,0.023907375719810164,-0.06219387371700476
2.3074614922984598,PASSED,-0.296158933765169,-0.004354536660774556,0.011376067611344296,2.818631646919765,0.02384524734721232,-0.06208470518506794
2.3084616923384678,PASSED,-0.29616328262194064,-0.004343172734303116,0.011355832378170023,2.818655461168713,0.023783228162320875,-0.06197550469569905
2.3094618923784758,PASSED,-0.29616762012490244,-0.004331829041681688,0.011335599450266284,2.8186792134530636,0.02372131815880454,-0.06186633606343063
2.3104620924184838,PASSED,-0.29617194629428806,-0.0043205055818444985,0.011315366761805008,2.8187029038820093,0.023659517345767322,-0.06175713101974458
2.3114622924584918,PASSED,-0.296176261150329,-0.0043092023529977775,0.011295136903332132,2.8187265325647295,0.023597825715542236,-0.06164796302864758
2.3124624924984998,PASSED,-0.2961805647132555,-0.0042979193530844,0.011274908586739936,2.818750099610409,0.02353624326093895,-0.06153878231971508
2.313462692538508,PASSED,-0.29618485700329517,-0.004286656579953368,0.011254682827226548,2.818773605128225,0.02347476998869127,-0.06142959886632041
2.314462892578516,PASSED,-0.2961891380406738,-0.004275414031384048,0.011234459064048125,2.8187970492273493,0.0234134058823179,-0.06132044471140454
2.315463092618524,PASSED,-0.29619340784561493,-0.004264191705362485,0.01121423732657172,2.8188204320169503,0.02335215093913589,-0.06121127549575533
2.316463292658532,PASSED,-0.2961976664383393,-0.004252989598805561,0.011194019377158432,2.8188437536061945,0.023291005168436147,-0.06110210083573653
2.31746349269854,PASSED,-0.29620191383906547,-0.004241807709139697,0.011173803191667381,2.8188670141042413,0.023229968551385014,-0.0609929611947292
2.318463692738548,PASSED,-0.2962061500680089,-0.004230646033903843,0.011153589931979438,2.818890213620234,0.023169041063532264,-0.060883838958098506
2.319463892778556,PASSED,-0.2962103751453824,-0.0042195045700660645,0.011133379774977442,2.8189133522633174,0.02310822272474323,-0.06077467200966369
2.320464092818564,PASSED,-0.2962145890913957,-0.004208383314155482,0.011113173334319729,2.8189364301426245,0.023047513521657185,-0.060665557136963616
2.321464292858572,PASSED,-0.29621879192625533,-0.004197282263166744,0.011092969425016764,2.818959447367275,0.022986913416482055,-0.060556470533910035
2.32246449289858,PASSED,-0.29622298367016453,-0.004186201414110558,0.011072768810298953,2.8189824040463853,0.02292642243041207,-0.06044732976069733
2.323464692938588,PASSED,-0.2962271643433231,-0.004175140762848702,0.011052572896228186,2.819005300289055,0.02286604054795749,-0.060338250917166866
2.324464892978596,PASSED,-0.29623133396592716,-0.004164100305831856,0.0110323797639225,2.819028136204371,0.022805767728058764,-0.06022919921976293
2.325465093018604,PASSED,-0.2962354925581693,-0.0041530800395752415,0.011012190585076891,2.81905091190141,0.02274560398541043,-0.06012010493404922
2.326465293058612,PASSED,-0.29623964014023807,-0.004142079960054079,0.010992005478553588,2.8190736274892325,0.02268554930548663,-0.06001106325030516
2.32746549309862,PASSED,-0.296243776732318,-0.004131100062765302,0.010971825162259464,2.8190962830768926,0.022625603663527998,-0.05990202776417671
2.328465693138628,PASSED,-0.29624790235458964,-0.0041201403440751586,0.010951647708732871,2.8191188787734127,0.022565767032720778,-0.05979303283591211
2.329465893178636,PASSED,-0.2962520170272291,-0.004109200799546853,0.01093147574135463,2.819141414687816,0.02250603942146736,-0.059683996865086464
2.330466093218644,PASSED,-0.2962561207704081,-0.004098281424115584,0.010911308557877725,2.819163890929102,0.022446420810354688,-0.05957502061105793
2.331466293258652,PASSED,-0.2962602136042939,-0.004087382213795998,0.010891144827391442,2.81918630760625,0.02238691115222308,-0.059466083145313285
2.33246649329866,PASSED,-0.2962642955490489,-0.004076503163718377,0.010870986911107588,2.8192086648282246,0.022327510455723443,-0.05935710540251833
2.333466693338668,PASSED,-0.2962683666248307,-0.004065644268561835,0.010850833986832143,2.819230962703971,0.022268218706359304,-0.05924817867188848
2.334466893378676,PASSED,-0.29627242685179217,-0.004054805523858381,0.010830685181203628,2.81925320134241,0.02220903585270911,-0.059139303635729154
2.335467093418684,PASSED,-0.2962764762500808,-0.0040439869241876356,0.010810542663772656,2.819275380852447,0.022149961895561586,-0.05903039282205188
2.336467293458692,PASSED,-0.29628051483983897,-0.004033188464017355,0.010790405174620276,2.8192975013429695,0.022090996828782346,-0.0589215160840345
2.3374674934987,PASSED,-0.29628454264120363,-0.004022410138102997,0.010770273074183908,2.819319562922831,0.02203214059080875,-0.058812719233303105
2.338467693538708,PASSED,-0.29628855967430623,-0.004011651941100403,0.010750146288200629,2.819341565700872,0.021973393178491913,-0.05870387437252832
2.339467893578716,PASSED,-0.2962925659592727,-0.004000913867229259,0.010730025593107281,2.8193635097859033,0.021914754581863625,-0.05859507813212973
2.340468093618724,PASSED,-0.29629656151622313,-0.0039901959101956526,0.010709911327272425,2.8193853952867216,0.02185622475916622,-0.05848631907425357
2.341468293658732,PASSED,-0.2963005463652717,-0.0039794980645852275,0.010689801799193092,2.8194072223120816,0.021797803673295455,-0.05837759706843689
2.34246849369874,PASSED,-0.29630452052652656,-0.0039688203241214515,0.010669699573497352,2.819428990970726,0.02173949132353286,-0.058268851558706106
2.343468693738748,PASSED,-0.29630848402008964,-0.00395816268223838,0.010649603422787072,2.81945070137137,0.021681287683443053,-0.0581601657772062
2.344468893778756,PASSED,-0.2963124368660566,-0.003947525133247752,0.010629512702521687,2.8194723536226904,0.021623192689428555,-0.05805154617269056
2.345469093818764,PASSED,-0.29631637908451686,-0.003936907670193845,0.010609429954830782,2.8194939478333465,0.02156520634570849,-0.057942875418320314
2.346469293858772,PASSED,-0.29632031069555315,-0.003926310286633023,0.010589352631482796,2.8195154841119643,0.021507328627652013,-0.057834279815247115
2.34746949389878,PASSED,-0.29632423171924144,-0.003915732975728347,0.010569283086803449,2.819536962567145,0.021449559480024638,-0.057725726168789175
2.348469693938788,PASSED,-0.296328142175651,-0.0039051757305638493,0.010549219882960897,2.8195583833074522,0.02139189888215904,-0.057617178996807066
2.349469893978796,PASSED,-0.29633204208484415,-0.003894638544192536,0.010529164030215763,2.819579746441422,0.021334346812289365,-0.05750866378491675
2.350470094018804,PASSED,-0.2963359314668761,-0.0038841214095783182,0.010509115003552203,2.8196010520775627,0.021276903232000557,-0.05740019129140145
2.351470294058812,PASSED,-0.29633981034179496,-0.0038736243196002313,0.010489073294443615,2.819622300324341,0.02121956809642185,-0.057291765103580826
2.35247049409882,PASSED,-0.2963436787296414,-0.0038631472665129458,0.01046903961584646,2.8196434912902006,0.02116234139380067,-0.057183327632916156
2.353470694138828,PASSED,-0.2963475366504489,-0.0038526902429477134,0.010449012864823512,2.8196646250835435,0.021105223079077653,-0.05707497278308336
2.354470894178836,PASSED,-0.29635138412424294,-0.003842253241273044,0.01042899421456677,2.8196857018127415,0.0210482131083742,-0.05696663598369888
2.355471094218844,PASSED,-0.29635522117104174,-0.0038318362539376243,0.010408982749320813,2.8197067215861313,0.02099131146500683,-0.05685831495648783
2.356471294258852,PASSED,-0.2963590478108555,-0.0038214392728796952,0.010388979930334222,2.819727684512008,0.020934518097860098,-0.05675006860689316
2.35747149429886,PASSED,-0.29636286406368645,-0.003811062290070107,0.01036898472909069,2.819748590698636,0.020877832970477253,-0.05664183323347832
2.358471694338868,PASSED,-0.29636666994952887,-0.0038007052974930525,0.01034899780903035,2.8197694402542397,0.02082125605680541,-0.05653363396408621
2.359471894378876,PASSED,-0.2963704654883688,-0.0037903682868672085,0.01032901917038649,2.8197902332870077,0.020764787309986283,-0.0564254887224876
2.360472094418884,PASSED,-0.29637425070018397,-0.003780051249652897,0.010309049243594857,2.819810969905089,0.020708426689266136,-0.05631737538525166
2.361472294458892,PASSED,-0.29637802560494364,-0.00376975417751168,0.010289087406298417,2.819831650216587,0.020652174153259182,-0.05620930975475346
2.3624724944989,PASSED,-0.2963817902226086,-0.003759477062058551,0.010269134151016249,2.819852274329576,0.020596029674037574,-0.05610125886618297
2.363472694538908,PASSED,-0.296385544573131,-0.0037492198942944105,0.010249190172889817,2.8198728423520785,0.020539993196110294,-0.05599329063467877
2.364472894578916,PASSED,-0.29638928867645403,-0.003738982665155357,0.010229255116495528,2.819893354392084,0.020484064682973206,-0.05588532813869534
2.365473094618924,PASSED,-0.29639302255251215,-0.0037287653660342743,0.01020932845747357,2.8199138105575368,0.020428244100810112,-0.05577741817936312
2.366473294658932,PASSED,-0.29639674622123063,-0.0037185679878636276,0.010189411312761538,2.819934210956337,0.0203725313907308,-0.05566957134593721
2.36747349469894,PASSED,-0.29640045970252576,-0.003708390521260581,0.01016950346323655,2.8199545556963383,0.020316926510041595,-0.055561753584714685
2.368473694738948,PASSED,-0.2964041630163044,-0.0036982329568310624,0.010149605073707015,2.819974844885359,0.020261429433711137,-0.05545395816095398
2.369473894778956,PASSED,-0.2964078561824641,-0.0036880952852844915,0.010129715861812948,2.819995078631165,0.020206040098665744,-0.05534625296835843
2.370474094818964,PASSED,-0.29641153922089297,-0.0036779774971055987,0.010109836390278971,2.820015257041484,0.020150758461672358,-0.055238559676739275
2.371474294858972,PASSED,-0.2964152121514694,-0.0036678795824816347,0.010089966779753408,2.8200353802239833,0.020095584474584906,-0.055130938694595316
2.37247449489898,PASSED,-0.29641887499406205,-0.0036578015316208333,0.010070106914833175,2.8200554482862987,0.02004051809709985,-0.05502333667869752
2.373474694938988,PASSED,-0.29642252776852973,-0.0036477433346593837,0.010050256992527182,2.820075461336013,0.019985559285164538,-0.05491579543972221
2.374474894978996,PASSED,-0.2964261704947214,-0.003637704981550808,0.01003041718594142,2.820095419480656,0.01993070796905132,-0.05480832989554477
2.375475095019004,PASSED,-0.2964298031924758,-0.003627686462089419,0.010010587645020006,2.820115322827717,0.019875964121970974,-0.054700858536881
2.376475295059012,PASSED,-0.2964334258816216,-0.003617687766419297,0.009990767686856307,2.8201351714846234,0.019821327681131026,-0.05459349570865778
2.37747549509902,PASSED,-0.29643703858197695,-0.0036077088836537954,0.009970959484598635,2.820154965558774,0.01976679860822629,-0.054486124368788066
2.378475695139028,PASSED,-0.29644064131334974,-0.0035977498032972754,0.009951160937800966,2.8201747051574926,0.01971237684085184,-0.054378862711560005
2.379475895179036,PASSED,-0.2964442340955374,-0.0035878105153423928,0.00993137263293709,2.8201943903880653,0.01965806232086058,-0.05427162484439484
2.380476095219044,PASSED,-0.2964478169483264,-0.0035778910085234143,0.00991159627633926,2.8202140213577263,0.019603855022084744,-0.05416441473013261
2.381476295259052,PASSED,-0.29645138989149283,-0.003567991272215193,0.009891829662809038,2.8202335981736515,0.019549754871504094,-0.05405730781433048
2.38247649529906,PASSED,-0.2964549529448016,-0.0035581112956139045,0.009872074560274988,2.8202531209429633,0.019495761803395746,-0.053950241637691465
2.383476695339068,PASSED,-0.2964585061280069,-0.003548251067430038,0.009852330599593716,2.820272589772738,0.019441875798355067,-0.05384318064267544
2.384476895379076,PASSED,-0.29646204946085153,-0.0035384105766199077,0.009832597617154522,2.82029200476999,0.01938809678327925,-0.05373623803124078
2.385477095419084,PASSED,-0.2964655829630674,-0.003528589812115238,0.009812875763013392,2.8203113660416808,0.019334424684533648,-0.05362933922184602
2.386477295459092,PASSED,-0.2964691066543748,-0.0035187887621998277,0.009793166017007963,2.8203306736947145,0.01928085947225524,-0.05352246098278668
2.3874774954991,PASSED,-0.29647262055448287,-0.0035090074156978643,0.009773466825266381,2.8203499278359425,0.019227401090361224,-0.053415662501496014
2.388477695539108,PASSED,-0.2964761246830891,-0.0034992457609743692,0.009753779988980783,2.8203691285721533,0.01917404945458765,-0.05330895128828984
2.389477895579116,PASSED,-0.2964796190598792,-0.003489503785882787,0.009734105159982834,2.820388276010087,0.019120804535783107,-0.053202230482047023
2.3904780956191236,PASSED,-0.2964831037045274,-0.003479781479391958,0.009714440711393265,2.8204073702564116,0.019067666261106144,-0.053095637473572266
2.3914782956591316,PASSED,-0.2964865786366959,-0.0034700788291554775,0.00969478991987166,2.820426411417753,0.019014634573005604,-0.052989055185185645
2.3924784956991396,PASSED,-0.296490043876035,-0.0034603958228523095,0.009675150558699006,2.8204453996006618,0.01896170941352639,-0.052882562341898046
2.3934786957391476,PASSED,-0.29649349944218295,-0.003450732449257563,0.009655522285444858,2.8204643349116387,0.018908890718793793,-0.05277611632639334
2.3944788957791556,PASSED,-0.29649694535476573,-0.00344108869545067,0.009635908154525603,2.820483217457122,0.018856178437685178,-0.05266972429676797
2.3954790958191636,PASSED,-0.29650038163339715,-0.0034314645488622256,0.009616305544389947,2.820502047343484,0.018803572494465588,-0.05256342250147135
2.3964792958591716,PASSED,-0.2965038082976786,-0.00342185999794249,0.009596714503298884,2.820520824677038,0.018751072829184905,-0.0524571604668209
2.3974794958991796,PASSED,-0.29650722536719903,-0.003412275029607635,0.009577137555891919,2.820539549564037,0.0186986793956248,-0.05235094895563273
2.3984796959391876,PASSED,-0.29651063286153473,-0.003402709630960803,0.009557572707459156,2.8205582221106678,0.01864639211260808,-0.052244839057447916
2.3994798959791956,PASSED,-0.29651403080024924,-0.003393163789863114,0.009538020024508468,2.820576842423057,0.01859421091985695,-0.052138761880248005
2.4004800960192036,PASSED,-0.29651741920289343,-0.0033836374930472975,0.009518481343355416,2.820595410607264,0.01854213576258983,-0.05203275419170851
2.4014802960592116,PASSED,-0.29652079808900533,-0.0033741307277272833,0.009498954637786942,2.8206139267692785,0.018490166554006277,-0.05192684484478458
2.4024804960992197,PASSED,-0.2965241674781097,-0.003364643480985717,0.00947944147741867,2.8206323910150353,0.01843830324995529,-0.05182094352178425
2.4034806961392277,PASSED,-0.2965275273897185,-0.003355175739233668,0.009459941935136414,2.820650803450401,0.018386545790810473,-0.0517151362268388
2.4044808961792357,PASSED,-0.29653087784333026,-0.0033457274894004335,0.009440455098632632,2.8206691641811656,0.01833489407099626,-0.0516094422057952
2.4054810962192437,PASSED,-0.29653421885843034,-0.003336298718636968,0.009420981206687029,2.820687473313067,0.01828334805919071,-0.05150372487205152
2.4064812962592517,PASSED,-0.29653755045449065,-0.0033268894129274695,0.009401522044706496,2.820705730951759,0.01823190768115753,-0.05139814680726689
2.4074814962992597,PASSED,-0.2965408726509697,-0.0033174995587117004,0.009382075663144272,2.8207239372028416,0.01818057285063652,-0.05129261966350631
2.4084816963392677,PASSED,-0.29654418546731204,-0.0033081291424277696,0.009362643364455298,2.820742092171837,0.01812934351699981,-0.05118714295217446
2.4094818963792757,PASSED,-0.2965474889229491,-0.0032987781506998346,0.009343223970255273,2.820760195964205,0.018078219612039793,-0.051081746298575925
2.4104820964192837,PASSED,-0.29655078303729804,-0.0032894465693408936,0.009323819618064855,2.8207782486853255,0.018027201043768235,-0.050976449586884846
2.4114822964592917,PASSED,-0.2965540678297623,-0.0032801343841135735,0.00930442896682351,2.820796250440518,0.0179762877597588,-0.050871173624461745
2.4124824964992997,PASSED,-0.29655734331973127,-0.0032708415814896325,0.009285051728685963,2.820814201335027,0.01792547969592113,-0.05076599064647807
2.4134826965393077,PASSED,-0.2965606095265803,-0.0032615681473657436,0.009265689054024766,2.820832101474021,0.017874776752285628,-0.050660912294850056
2.4144828965793157,PASSED,-0.29656386646967065,-0.0032523140670455536,0.00924634116430036,2.820849950962604,0.017824178876653652,-0.0505558511900614
2.4154830966193237,PASSED,-0.29656711416834913,-0.0032430793264071373,0.00922700695449396,2.820867749905803,0.017773686002582494,-0.050450889325219836
2.4164832966593317,PASSED,-0.2965703526419482,-0.003233863911223475,0.009207687336441124,2.820885498408575,0.017723298040917473,-0.050346009891550136
2.4174834966993397,PASSED,-0.29657358190978594,-0.0032246678068129815,0.009188382459862298,2.820903196575793,0.01767301491153189,-0.05024120904827102
2.4184836967393477,PASSED,-0.29657680199116576,-0.003215490998352372,0.009169092461107444,2.820920844512271,0.017622836566169447,-0.05013643623855544
2.4194838967793557,PASSED,-0.2965800129053766,-0.0032063334717308497,0.009149816061799305,2.820938442322739,0.017572762917798038,-0.05003178979331752
2.4204840968193637,PASSED,-0.2965832146716924,-0.003197195211568174,0.009130556229927122,2.8209559901118495,0.017522793868045065,-0.04992722305940471
2.4214842968593717,PASSED,-0.29658640730937236,-0.003188076202800356,0.009111310459745166,2.8209734879841877,0.017472929376063318,-0.04982267126331346
2.4224844968993797,PASSED,-0.2965895908376608,-0.00317897643150704,0.009092078515696132,2.8209909360442524,0.01742316934891766,-0.04971826440055666
2.4234846969393877,PASSED,-0.2965927652757869,-0.0031698958818052758,0.009072863825809714,2.821008334396471,0.017373513695545042,-0.04961391268732474
2.4244848969793957,PASSED,-0.2965959306429649,-0.0031608345381926167,0.009053663470558939,2.821025683145193,0.017323962365526368,-0.049509608239575835
2.4254850970194037,PASSED,-0.2965990869583936,-0.0031517923859916215,0.009034478021286037,2.8210429823946948,0.017274515276783853,-0.049405409077801984
2.4264852970594117,PASSED,-0.29660223424125665,-0.003142769410270026,0.009015307521801689,2.821060232249162,0.017225172319406137,-0.049301322910984886
2.4274854970994197,PASSED,-0.2966053725107223,-0.003133765594623465,0.008996154396400276,2.821077432812709,0.017175933439217184,-0.04919725170759932
2.4284856971394277,PASSED,-0.29660850178594317,-0.00312478092357818,0.00897701547787542,2.821094584189373,0.017126798573289213,-0.04909327540821351
2.4294858971794357,PASSED,-0.2966116220860565,-0.00311581538269761,0.008957891149032856,2.821111686483106,0.017077767605327764,-0.04898942966360201
2.4304860972194438,PASSED,-0.2966147334301839,-0.0031068689553304008,0.008938784845992937,2.8211287397977793,0.01702884046096051,-0.04888562083635984
2.4314862972594518,PASSED,-0.2966178358374309,-0.0030979416250219477,0.008919693950093305,2.82114574423719,0.016980017092280197,-0.048781867242948085
2.4324864972994598,PASSED,-0.29662092932688755,-0.0030890333774831304,0.00890061659796719,2.8211626999050448,0.0169312973804845,-0.048678274830864045
2.4334866973394678,PASSED,-0.2966240139176278,-0.0030801441960041256,0.008881558066362432,2.821179606904974,0.016882681246705115,-0.048574706411730444
2.4344868973794758,PASSED,-0.2966270896287097,-0.003071274063915122,0.008862514770764128,2.8211964653405213,0.0168341686322389,-0.04847121983587309
2.4354870974194838,PASSED,-0.2966301564791751,-0.0030624229661022754,0.008843486507568199,2.8212132753151495,0.016785759433340756,-0.04836785160632828
2.4364872974594918,PASSED,-0.29663321448804975,-0.003053590885989885,0.008824475848938808,2.8212300369322394,0.016737453567698755,-0.04826454166577771
2.4374874974994998,PASSED,-0.2966362636743429,-0.0030447778065726813,0.008805481796047223,2.821246750295089,0.016689250968176788,-0.048161304759427245
2.438487697539508,PASSED,-0.29663930405704786,-0.0030359837125244348,0.00878650221637933,2.821263415506905,0.016641151527299246,-0.04805819828961673
2.439487897579516,PASSED,-0.2966423356551412,-0.0030272085870840927,0.00876754092298336,2.82128003267081,0.016593155157946432,-0.04795515006161008
2.440488097619524,PASSED,-0.296645358487583,-0.0030184524129199864,0.008748596324855414,2.8212966018898498,0.01654526180704489,-0.04785215146149014
2.441488297659532,PASSED,-0.2966483725733169,-0.0030097151742250537,0.008729666941651329,2.8213131232669775,0.016497471364441237,-0.04774930336509193
2.44248849769954,PASSED,-0.2966513779312695,-0.003000996854104518,0.008710755573124873,2.8213295969050596,0.016449783729436916,-0.04764652276381147
2.443488697739548,PASSED,-0.296654374580351,-0.002992297435442895,0.008691860720621674,2.821346022906877,0.016402198845694025,-0.04754379106227871
2.444488897779556,PASSED,-0.29665736253945457,-0.002983616901729159,0.008672982375812122,2.8213624013751213,0.01635471661082583,-0.04744119740547394
2.445489097819564,PASSED,-0.29666034182745654,-0.002974955235795485,0.008654121638915258,2.821378732412398,0.01630733692615407,-0.04733867618261582
2.446489297859572,PASSED,-0.29666331246321603,-0.002966312420379194,0.00863527793454155,2.8213950161212256,0.01626005972457574,-0.04723621850880381
2.44748949789958,PASSED,-0.2966662744655753,-0.002957688438638215,0.008616450945270655,2.821411252604034,0.01621288491244749,-0.04713387454121203
2.448489697939588,PASSED,-0.2966692278533593,-0.002949083273361672,0.008597641497391388,2.821427441963157,0.016165812376425143,-0.04703164367643719
2.449489897979596,PASSED,-0.2966721726453756,-0.0029404969069654623,0.008578849662088887,2.821443584300849,0.016118842055790727,-0.046929438606403105
2.450490098019604,PASSED,-0.29667510886041476,-0.0029319293224850103,0.008560074359361361,2.821459679719263,0.016071973851225593,-0.04682738187095528
2.451490298059612,PASSED,-0.29667803651724967,-0.002923380502230352,0.008541317518189257,2.821475728320474,0.01602520766302531,-0.04672539241983686
2.45249049809962,PASSED,-0.29668095563463576,-0.002914850428362056,0.00852257810170126,2.8214917302064575,0.015978543413268608,-0.04662348798128558
2.453490698139628,PASSED,-0.2966838662313109,-0.0029063390838314795,0.00850385548316012,2.8215076854790913,0.015931980989915974,-0.04652171360020434
2.454490898179636,PASSED,-0.29668676832599533,-0.0028978464507276253,0.008485151517650842,2.82152359424018,0.015885520328885742,-0.04641995931691686
2.455491098219644,PASSED,-0.29668966193739155,-0.002889372511004638,0.008466465193211169,2.8215394565914176,0.015839161320652658,-0.04631837417719332
2.456491298259652,PASSED,-0.2966925470841842,-0.0028809172471373997,0.008447796316590265,2.821555272634417,0.01579290386390792,-0.04621684512310103
2.45749149829966,PASSED,-0.2966954237850401,-0.0028724806412735566,0.008429145562012217,2.8215710424706884,0.015746747883918315,-0.04611540323394606
2.458491698339668,PASSED,-0.2966982920586081,-0.0028640626751001725,0.008410513247631875,2.821586766201661,0.01570069328670008,-0.04601405987443139
2.459491898379676,PASSED,-0.29670115192351904,-0.002855663330781025,0.008391898366824661,2.8216024439286493,0.015654739943868335,-0.0459128648032856
2.460492098419684,PASSED,-0.2967040033983855,-0.0028472825899656,0.008373302447825184,2.821618075752897,0.015608887803263227,-0.0458116578063265
2.461492298459692,PASSED,-0.296706846501802,-0.0028389204345172993,0.008354724115283634,2.8216336617755364,0.015563136765459607,-0.0457106244684809
2.4624924984997,PASSED,-0.2967096812523449,-0.002830576846507386,0.008336163939666552,2.821649202097611,0.015517486694625254,-0.0456097017449358
2.463492698539708,PASSED,-0.296712507668572,-0.0028222518067774634,0.008317623590092901,2.8216646968200627,0.015471937526369392,-0.045508812596480284
2.464492898579716,PASSED,-0.29671532576902276,-0.002813945297476153,0.008299099775455255,2.8216801460437466,0.015426489181912594,-0.04540803236367574
2.465493098619724,PASSED,-0.2967181355722183,-0.002805657300194238,0.008280595619555013,2.8216955498694136,0.015381141524030034,-0.0453074082284825
2.466493298659732,PASSED,-0.29672093709666103,-0.002797387795711337,0.008262110391798553,2.821710908397717,0.015335894463151374,-0.04520682931211125
2.46749349869974,PASSED,-0.29672373036083477,-0.002789136765966021,0.008243642647660929,2.82172622172922,0.015290747937913705,-0.04510632252137257
2.468493698739748,PASSED,-0.2967265153832047,-0.002780904192095217,0.008225194686232076,2.8217414899643756,0.015245701808155852,-0.045006001248841465
2.469493898779756,PASSED,-0.2967292921822171,-0.0027726900548218684,0.00820676566475958,2.821756713203554,0.015200755987256261,-0.04490570066675738
2.470494098819764,PASSED,-0.29673206077629954,-0.0027644943357930008,0.008188354604939257,2.8217718915470096,0.015155910388446712,-0.04480553090474221
2.471494298859772,PASSED,-0.29673482118386063,-0.002756317016185442,0.008169962942637884,2.8217870250949133,0.015111164903587413,-0.04470545416233838
2.47249449889978,PASSED,-0.29673757342329,-0.0027481580763232855,0.008151591141835455,2.821802113947324,0.015066519425816832,-0.04460549350940955
2.473494698939788,PASSED,-0.2967403175129582,-0.0027400174975147095,0.008133237253069118,2.821817158204205,0.01502197386109382,-0.04450561219874656
2.474494898979796,PASSED,-0.2967430534712167,-0.002731895260936608,0.008114902794790334,2.8218321579654257,0.014977528122944983,-0.044405822115563626
2.475495099019804,PASSED,-0.29674578131639784,-0.0027237913468484624,0.008096588283716658,2.8218471133307466,0.014933182090628081,-0.044306172451127765
2.476495299059812,PASSED,-0.2967485010668144,-0.002715705735667169,0.008078293113011243,2.821862024399827,0.014888935659649596,-0.044206603330058165
2.47749549909982,PASSED,-0.2967512127407602,-0.0027076384090704195,0.00806001558590787,2.8218768912722285,0.014844788748529562,-0.04410711631335132
2.478495699139828,PASSED,-0.29675391635650966,-0.0026995893471974983,0.00804175939759669,2.821891714047406,0.014800741240595813,-0.04400776901401341
2.479495899179836,PASSED,-0.29675661193231745,-0.0026915585298590786,0.008023522632300835,2.82190649282472,0.014756793036428725,-0.04390849426913715
2.480496099219844,PASSED,-0.2967592994864188,-0.002683545938162034,0.008005304406874279,2.8219212277034225,0.014712944040404855,-0.04380933052702577
2.481496299259852,PASSED,-0.2967619790370296,-0.002675551552744541,0.007987106091238727,2.821935918782658,0.014669194129582062,-0.04371029768664131
2.48249649929986,PASSED,-0.2967646506023458,-0.0026675753532212276,0.007968928478030402,2.8219505661614783,0.014625543220659093,-0.04361131641385548
2.483496699339868,PASSED,-0.29676731420054364,-0.00265961731995706,0.007950769788259275,2.821965169938824,0.014581991208923045,-0.04351247528417484
2.484496899379876,PASSED,-0.2967699698497798,-0.0026516774338571506,0.007932630307676379,2.821979730213532,0.014538537968754837,-0.043413750090894085
2.485497099419884,PASSED,-0.2967726175681909,-0.00264375567415616,0.007914512629866572,2.8219942470843375,0.014495183416569898,-0.04331508691430287
2.486497299459892,PASSED,-0.29677525737389365,-0.0026358520209774482,0.007896413544608752,2.8220087206498685,0.014451927446812618,-0.04321655831926716
2.4874974994999,PASSED,-0.29677788928498483,-0.0026279664551232735,0.007878334060551474,2.8220231510086435,0.01440876993045755,-0.043118155045603394
2.488497699539908,PASSED,-0.29678051331954125,-0.0026200989558518026,0.007860276078750521,2.822037538259086,0.014365710791073238,-0.04301979561011569
2.489497899579916,PASSED,-0.29678312949561947,-0.0026122495027807798,0.00784223773253747,2.822051882499504,0.014322749913433101,-0.04292159899348533
2.490498099619924,PASSED,-0.2967857378312559,-0.002604418076311941,0.007824218959706189,2.822066183828104,0.014279887175552241,-0.04282349713911144
2.491498299659932,PASSED,-0.2967883383444668,-0.002596604655917281,0.007806221351295762,2.822080442342977,0.014237122480291133,-0.0427254940091064
2.49249849969994,PASSED,-0.296790931053248,-0.0025888092211194384,0.0077882437622074936,2.822094658142121,0.014194455735087808,-0.04262757933280206
2.493498699739948,PASSED,-0.2967935159755752,-0.002581031751978974,0.007770286059302646,2.8221088313234195,0.01415188681895237,-0.04252980733719851
2.494498899779956,PASSED,-0.2967960931294034,-0.0025732722275075867,0.007752350079443848,2.8221229619846415,0.014109415606204103,-0.04243214968898185
2.495499099819964,PASSED,-0.29679866253266735,-0.002565530627474291,0.00773443333586318,2.8221370502234584,0.014067042018933173,-0.04233454565889229
2.496499299859972,PASSED,-0.29680122420328114,-0.0025578069315545108,0.007716537642392017,2.8221510961374237,0.014024765937061362,-0.0422371060137579
2.49749949989998,PASSED,-0.29680377815913833,-0.0025501011185021668,0.007698663325644588,2.8221650998239927,0.013982587243613915,-0.04213975173657584
2.498499699939988,PASSED,-0.2968063244181117,-0.002542413168003592,0.007680808613861694,2.822179061380503,0.013940505841525251,-0.04204250232338927
2.499499899979996,PASSED,-0.29680886299805354,-0.002534743059741683,0.007662974693939984,2.822192980904183,0.013898521609179756,-0.04194538569356704
2.500500100020004,PASSED,-0.29681139391679506,-0.002527090771958227,0.00764516317646641,2.8222068584921547,0.013856634443193398,-0.04184835284821807
2.501500300060012,PASSED,-0.2968139171921469,-0.002519456284232632,0.007627370758347834,2.822220694241431,0.013814844242147802,-0.041751433177182704
2.50250050010002,PASSED,-0.2968164328418987,-0.0025118395762459356,0.007609599472262114,2.822234488248906,0.013773150869901907,-0.04165466495836983
2.503500700140028,PASSED,-0.29681894088381916,-0.0025042406262258273,0.007591850385339015,2.8222482406113722,0.013731554235814883,-0.041557946839459514
2.504500900180036,PASSED,-0.296821441335656,-0.0024966594131631157,0.007574121514293903,2.822261951425507,0.01369005423551108,-0.04146136928003365
2.505501100220044,PASSED,-0.29682393421513587,-0.0024890959163837096,0.007556413622814325,2.822275620787869,0.013648650721375647,-0.04136494403903278
2.506501300260052,PASSED,-0.29682641953996425,-0.002481550114633276,0.007538727168847432,2.8222892487949225,0.01360734362152986,-0.041268537050289975
2.50750150030006,PASSED,-0.2968288973278255,-0.0024740219865915136,0.007521061957039137,2.822302835543004,0.013566132816891879,-0.041172316363109675
2.508501700340068,PASSED,-0.2968313675963828,-0.002466511510909847,0.007503418164750516,2.8223163811283403,0.013525018155351813,-0.04107622499137048
2.509501900380076,PASSED,-0.2968338303632779,-0.002459018666566193,0.007485795129589912,2.8223298856470502,0.013483999570501382,-0.04098015808980468
2.510502100420084,PASSED,-0.2968362856461313,-0.002451543432027348,0.007468194145015414,2.822343349195132,0.013443076937719166,-0.04088428257715675
2.511502300460092,PASSED,-0.29683873346254225,-0.0024440857859078582,0.007450614102471984,2.8223567718684857,0.013402250131224333,-0.04078848910662186
2.5125025005001,PASSED,-0.29684117383008823,-0.002436645706563501,0.007433056172280707,2.8223701537628734,0.013361519035228742,-0.04069283392157175
2.513502700540108,PASSED,-0.2968436067663255,-0.0024292231728326365,0.0074155187699209415,2.822383494973965,0.013320883552744172,-0.04059724819323547
2.514502900580116,PASSED,-0.29684603228878864,-0.0024218181629948226,0.007398003883075968,2.8223967955973017,0.013280343558932697,-0.04050182422363454
2.515503100620124,PASSED,-0.29684845041499075,-0.002414430655079562,0.007380510603383037,2.8224100557283216,0.01323989893648667,-0.04040648792762188
2.516503300660132,PASSED,-0.29685086116242304,-0.002407060627741809,0.007363038493999845,2.8224232754623366,0.01319954957564747,-0.040311276113584815
2.51750350070014,PASSED,-0.2968532645485553,-0.0023997080594023875,0.007345588236369282,2.8224364548945484,0.013159295354345686,-0.04021618476058565
2.518503700740148,PASSED,-0.29685566059083535,-0.002392372927958502,0.007328160248896273,2.822449594120046,0.013119136166699049,-0.0401211895706729
2.519503900780156,PASSED,-0.2968580493066893,-0.002385055211578482,0.007310753800769292,2.8224626932337946,0.013079071887672553,-0.040026338663711344
2.520504100820164,PASSED,-0.2968604307135212,-0.002377754888452675,0.007293369342498444,2.8224757523306563,0.013039102408432129,-0.03993157295823389
2.521504300860172,PASSED,-0.2968628048287136,-0.0023704719369797467,0.007276006226548098,2.8224887715053573,0.012999227599325924,-0.03983696653818521
2.52250450090018,PASSED,-0.2968651716696268,-0.0023632063346952516,0.0072586663231263,2.8225017508525267,0.012959447358280082,-0.03974242405094886
2.523504700940188,PASSED,-0.296867531253599,-0.002355958059468986,0.00724134782835883,2.8225146904666634,0.01291976156548756,-0.03964803862023849
2.524504900980196,PASSED,-0.2968698835979465,-0.0023487270896765423,0.007224051101833836,2.822527590442153,0.012880170088533868,-0.03955376917599395
2.525505101020204,PASSED,-0.2968722287199636,-0.002341513403189901,0.007206776743180219,2.8225404508732668,0.012840672830430229,-0.03945958405540131
2.526505301060212,PASSED,-0.2968745666369222,-0.002334316977414517,0.0071895251301870465,2.822553271854148,0.012801269658846046,-0.03936556327003674
2.52750550110022,PASSED,-0.29687689736607215,-0.002327137790318485,0.0071722950732618345,2.822566053478837,0.012761960460014406,-0.03927162253937564
2.528505701140228,PASSED,-0.2968792209246411,-0.002319975819978668,0.007155087184187894,2.8225787958412414,0.01272274511941138,-0.03917781931212504
2.529505901180236,PASSED,-0.2968815373298341,-0.0023128310433170826,0.007137902979849924,2.8225914990351564,0.012683623506917032,-0.039084141282496015
2.530506101220244,PASSED,-0.29688384659883427,-0.0023057034385465464,0.007120739297660334,2.8226041631542618,0.012644595518074408,-0.03899055388271417
2.531506301260252,PASSED,-0.2968861487488021,-0.0022985929833436998,0.007103599139637694,2.8226167882921063,0.012605661018400261,-0.03889713020176787
2.53250650130026,PASSED,-0.29688844379687557,-0.002291499654547073,0.007086481901286175,2.8226293745421307,0.012566819894853216,-0.038803785777230135
2.533506701340268,PASSED,-0.29689073176017033,-0.002284423430267041,0.007069385865862444,2.822641921997656,0.012528072044450611,-0.03871056015285544
2.534506901380276,PASSED,-0.2968930126557795,-0.0022773642881854872,0.007052312892015164,2.8226544307518684,0.012489417306622497,-0.03861752294495084
2.535507101420284,PASSED,-0.29689528650077357,-0.00227032220483812,0.00703526365093599,2.8226669008978527,0.012450855593723307,-0.03852450620201675
2.536507301460292,PASSED,-0.2968975533122004,-0.0022632971580174963,0.0070182356004156315,2.822679332528561,0.012412386790965426,-0.03843166712845598
2.5375075015003,PASSED,-0.29689981310708524,-0.0022562891255147825,0.007001230437579093,2.8226917257368243,0.012374010735488964,-0.03833898104179887
2.538507701540308,PASSED,-0.2969020659024306,-0.0022492980839503517,0.006984248982332167,2.8227040806153605,0.012335727343753052,-0.03824633219865436
2.539507901580316,PASSED,-0.2969043117152163,-0.0022423240107019445,0.00696728942579118,2.822716397256761,0.012297536499543455,-0.038153852216893214
2.540508101620324,PASSED,-0.2969065505623993,-0.002235366883239579,0.006950352820081571,2.8227286757534946,0.012259438041885137,-0.03806152795259998
2.541508301660332,PASSED,-0.2969087824609136,-0.0022284266782364357,0.006933439791850147,2.822740916197909,0.012221431872365417,-0.03796926389780245
2.54250850170034,PASSED,-0.2969110074276707,-0.0022215033732006866,0.006916548531681722,2.8227531186822317,0.012183517885803121,-0.03787713500529054
2.543508701740348,PASSED,-0.29691322547955884,-0.002214596945278678,0.006899680848893291,2.8227652832985672,0.012145695932326882,-0.03778516579020683
2.544508901780356,PASSED,-0.2969154366334434,-0.002207707370861895,0.00688283679537609,2.822777410138894,0.012107965887783954,-0.03769329704474162
2.545509101820364,PASSED,-0.29691764090616674,-0.0022008346273389083,0.006866014674726542,2.8227894992950726,0.012070327656735422,-0.03760152038439525
2.546509301860372,PASSED,-0.2969198383145484,-0.0021939786921936345,0.0068492154589714525,2.8228015508588338,0.012032781089908028,-0.03750993112272527
2.54750950190038,PASSED,-0.2969220288753844,-0.002187139541119762,0.006832441483806182,2.8228135649217934,0.011995326069049867,-0.0374184140151195
2.548509701940388,PASSED,-0.296924212605448,-0.0021803171516583454,0.006815688113157243,2.822825541575439,0.01195796248803041,-0.03732702568901602
2.549509901980396,PASSED,-0.29692638952148925,-0.002173511501274241,0.006798958564735889,2.822837480911132,0.011920690196767973,-0.03723580164471714
2.550510102020404,PASSED,-0.2969285596402348,-0.0021667225653326113,0.006782254192892158,2.822849383020115,0.011883509083147309,-0.037144654937961215
2.551510302060412,PASSED,-0.2969307229783882,-0.0021599503213728544,0.006765570471000546,2.822861247993503,0.011846419036058162,-0.03705364185660324
2.55251050210042,PASSED,-0.2969328795526298,-0.0021531947466357417,0.006748910914520305,2.822873075922283,0.011809419900659547,-0.03696279775995608
2.553510702140428,PASSED,-0.2969350293796165,-0.0021464558166115347,0.006732276097331911,2.8228848668973274,0.011772511576225417,-0.036872008883579103
2.554510902180436,PASSED,-0.2969371724759819,-0.0021397335085211805,0.0067156627523686455,2.8228966210093738,0.011735693939316484,-0.036781388925836725
2.555511102220444,PASSED,-0.29693930885833625,-0.002133027799296052,0.006699073540301826,2.822908338349041,0.011698966844952618,-0.03669089798921771
2.556511302260452,PASSED,-0.2969414385432662,-0.0021263386648362526,0.006682508406131362,2.8229200190068173,0.01166233017771762,-0.03660051339885106
2.55751150230046,PASSED,-0.29694356154733514,-0.0021196660819236394,0.006665965916933907,2.8229316630730703,0.011625783823351608,-0.036510248344118854
2.558511702340468,PASSED,-0.2969456778870828,-0.0021130100271155726,0.006649447402154827,2.8229432706380377,0.011589327640551036,-0.036420139104875696
2.559511902380476,PASSED,-0.29694778757902557,-0.0021063704768434595,0.006632952185418979,2.822954841791833,0.011552961499537997,-0.036330142285146506
2.560512102420484,PASSED,-0.29694989063965593,-0.002099747407388155,0.006616480968562162,2.822966376624442,0.011516685291292118,-0.03624025221970024
2.561512302460492,PASSED,-0.2969519870854431,-0.0020931407952102412,0.006600032984147411,2.8229778752257237,0.011480498878065347,-0.03615052056481601
2.5625125025005002,PASSED,-0.29695407693283254,-0.0020865506166637413,0.0065836089214022,2.822989337685417,0.01144440213441053,-0.036060892381481455
2.5635127025405082,PASSED,-0.2969561601982459,-0.002079976847931639,0.006567208605902343,2.8230007640931256,0.01140839493681722,-0.03597140106786122
2.5645129025805162,PASSED,-0.2969582368980812,-0.002073419465535538,0.006550831589566277,2.8230121545383278,0.011372477149776771,-0.035882044355506036
2.5655131026205242,PASSED,-0.2969603070487128,-0.0020668784454088004,0.0065344791515188246,2.8230235091103784,0.011336648655176163,-0.03579279476401136
2.5665133026605322,PASSED,-0.29696237066649117,-0.0020603537638417256,0.006518149844111691,2.8230348278984994,0.011300909320743856,-0.03570369421116704
2.5675135027005402,PASSED,-0.29696442776774296,-0.002053845397220004,0.006501844473461124,2.823046110991793,0.011265259022357196,-0.03561470117032494
2.5685137027405482,PASSED,-0.2969664783687711,-0.002047353321445982,0.006485563307730052,2.8230573584792227,0.011229697625403795,-0.035525860808784476
2.5695139027805562,PASSED,-0.2969685224858544,-0.0020408775124327603,0.006469306150216046,2.823068570449635,0.011194225008184192,-0.035437121493484935
2.5705141028205643,PASSED,-0.296970560135248,-0.0020344179466923193,0.0064530721339236844,2.8230797469917386,0.011158841037823171,-0.035348536272710784
2.5715143028605723,PASSED,-0.296972591333183,-0.0020279746003385793,0.006436862500283874,2.823090888194119,0.011123545585558298,-0.035260062926312126
2.5725145029005803,PASSED,-0.2969746160958665,-0.0020215474487367663,0.006420677669498621,2.82310199414523,0.01108833852724324,-0.03517172190755735
2.5735147029405883,PASSED,-0.2969766344394816,-0.0020151364682860252,0.006404515638236233,2.823113064933402,0.011053219732362627,-0.03508351019598471
2.5745149029805963,PASSED,-0.2969786463801874,-0.002008741635069458,0.006388378268787643,2.8231241006468353,0.011018189076490775,-0.03499541965576411
2.5755151030206043,PASSED,-0.2969806519341189,-0.0020023629245883444,0.006372265289331265,2.823135101373593,0.010983246413256978,-0.03490749228582046
2.5765153030606123,PASSED,-0.2969826511173868,-0.0019960003129780458,0.006356175824277007,2.8231460672016158,0.01094839162571069,-0.034819651053263484
2.5775155031006203,PASSED,-0.2969846439460782,-0.0019896537764289885,0.006340110365577064,2.8231569982187144,0.010913624593293982,-0.03473195332566931
2.5785157031406283,PASSED,-0.29698663043625545,-0.0019833232899534262,0.006324070548884998,2.8231678945125704,0.010878945170616106,-0.0346444022460136
2.5795159031806363,PASSED,-0.2969886106039571,-0.0019770088298283564,0.006308053175860027,2.8231787561707296,0.010844353225026176,-0.03455697448587523
2.5805161032206443,PASSED,-0.2969905844651974,-0.001970710372245422,0.006292060520983914,2.8231895832806133,0.010809848641499895,-0.03446965621988313
2.5815163032606523,PASSED,-0.29699255203596603,-0.0019644278918113846,0.006276093709407024,2.8232003759295146,0.010775431290497507,-0.03438248085739118
2.5825165033006603,PASSED,-0.296994513332229,-0.0019581613652516735,0.006260148459914713,2.8232111342045876,0.010741101018028294,-0.034295466877093325
2.5835167033406683,PASSED,-0.29699646836992744,-0.0019519107681805704,0.006244229478561649,2.8232218581928654,0.010706857714880084,-0.03420852732895187
2.5845169033806763,PASSED,-0.2969984171649785,-0.0019456760755490843,0.006228334733435799,2.8232325479812435,0.010672701251887344,-0.03412175343526384
2.5855171034206843,PASSED,-0.2970003597332749,-0.0019394572636165326,0.006212463398628921,2.8232432036564874,0.010638631475831332,-0.03403512446984323
2.5865173034606923,PASSED,-0.2970022960906848,-0.0019332543078059044,0.0061966174186275265,2.823253825305238,0.010604648282856984,-0.033948571977349906
2.5875175035007003,PASSED,-0.2970042262530523,-0.0019270671836174181,0.006180795368391967,2.823264413013995,0.010570751526420438,-0.033862212742676964
2.5885177035407083,PASSED,-0.2970061502361966,-0.001920895866619664,0.00616499808399536,2.823274966869134,0.010536941068271329,-0.03377595508673047
2.5895179035807163,PASSED,-0.2970080680559128,-0.0019147403323064459,0.006149225132699944,2.823285486956896,0.010503216797236965,-0.033689814999453845
2.5905181036207243,PASSED,-0.29700997972797144,-0.0019086005565719878,0.006133476135630052,2.8232959733633933,0.01046957857112425,-0.033603833521556103
2.5915183036607323,PASSED,-0.2970118852681185,-0.0019024765142295294,0.006117753147010746,2.8233064261746,0.010436026244468167,-0.033517988745769715
2.5925185037007403,PASSED,-0.29701378469207523,-0.001896368180865847,0.006102053508129847,2.8233168454763633,0.010402559704160829,-0.033432241348382456
2.5935187037407483,PASSED,-0.2970156780155387,-0.0018902755325545392,0.006086378180093479,2.823327231354398,0.010369178818419283,-0.03334664867032137
2.5945189037807563,PASSED,-0.29701756525418116,-0.001884198544184808,0.006070728496156379,2.8233375838942845,0.01033588343864129,-0.03326120051644149
2.5955191038207643,PASSED,-0.2970194464236502,-0.0018781371907677677,0.006055103364296673,2.8233479031814714,0.010302673441416152,-0.033175861697605634
2.5965193038607723,PASSED,-0.29702132153956895,-0.0018720914484198652,0.006039501670306186,2.8233581893012802,0.010269548707134703,-0.03309064933734532
2.5975195039007803,PASSED,-0.29702319061753574,-0.001866061292074368,0.006023926128957998,2.8233684423388876,0.010236509076122672,-0.0330056187951569
2.5985197039407884,PASSED,-0.2970250536731242,-0.001860046696823384,0.0060083746656679985,2.823378662379348,0.010203554430236067,-0.03292066394757286
2.5995199039807964,PASSED,-0.2970269107218835,-0.001854047638565506,0.005992847319350863,2.8233888495075803,0.01017068464929954,-0.032835858929165226
2.6005201040208044,PASSED,-0.29702876177933757,-0.0018480640919192077,0.005977346197596434,2.8233990038083676,0.010137899574376701,-0.03275121891862373
2.6015203040608124,PASSED,-0.29703060686098626,-0.0018420960325017434,0.00596186823070973,2.8234091253663607,0.010105199080375354,-0.032666677389827814
2.6025205041008204,PASSED,-0.29703244598230405,-0.0018361434353675423,0.005946416403195234,2.8234192142660817,0.010072583055842467,-0.03258225596159387
2.6035207041408284,PASSED,-0.2970342791587409,-0.0018302062757523032,0.005930988423268489,2.823429270591908,0.010040051332474723,-0.03249803497184604
2.6045209041808364,PASSED,-0.2970361064057221,-0.0018242845289649535,0.005915585696737377,2.8234392944280957,0.010007603790789727,-0.032413879493760914
2.6055211042208444,PASSED,-0.29703792773864773,-0.0018183781700127617,0.005900207789161247,2.8234492858587577,0.009975240312101485,-0.03232987815122995
2.6065213042608524,PASSED,-0.29703974317289333,-0.0018124871738198682,0.005884855128715085,2.8234592449678826,0.009942960747493337,-0.03224602224609396
2.6075215043008604,PASSED,-0.2970415527238094,-0.0018066115158297872,0.005869526564325179,2.8234691718393146,0.009910764954805782,-0.032162306315196086
2.6085217043408684,PASSED,-0.2970433564067215,-0.0018007511712502579,0.005854223256332084,2.8234790665567697,0.009878652814974296,-0.03207869550901356
2.6095219043808764,PASSED,-0.2970451542369305,-0.0017949061147411122,0.005838945344354616,2.8234889292038288,0.00984662419447497,-0.0319952371595337
2.6105221044208844,PASSED,-0.2970469462297121,-0.0017890763214980922,0.0058236918421299974,2.8234987598639343,0.009814678939148178,-0.03191193410496417
2.6115223044608924,PASSED,-0.29704873240031726,-0.0017832617669726308,0.005808462981015752,2.8235085586204045,0.009782816940237938,-0.031828708780425846
2.6125225045009004,PASSED,-0.29705051276397165,-0.001777462425381123,0.005793260665169274,2.8235183255564102,0.009751038050193077,-0.03174567755448526
2.6135227045409084,PASSED,-0.2970522873358763,-0.0017716782721949942,0.005778081533434806,2.8235280607549966,0.009719342123863918,-0.03166275884560927
2.6145229045809164,PASSED,-0.29705405613120694,-0.0017659092826832557,0.005762928163941155,2.823537764299072,0.009687729051074047,-0.031579948752712056
2.6155231046209244,PASSED,-0.2970558191651145,-0.001760155431139677,0.005747800463337089,2.823547436271403,0.009656198673961662,-0.03149732935216803
2.6165233046609324,PASSED,-0.2970575764527246,-0.00175441669289306,0.005732696768803544,2.8235570767546325,0.009624750865488614,-0.03141479455363499
2.61752350470094,PASSED,-0.2970593280091381,-0.0017486930431366123,0.005717618414877325,2.823566685831259,0.009593385498994494,-0.0313324144544456
2.618523704740948,PASSED,-0.2970610738494306,-0.0017429844561408809,0.005702566049634109,2.823576263583651,0.009562102426772724,-0.031250177399985306
2.619523904780956,PASSED,-0.2970628139886526,-0.001737290907018165,0.005687537838103606,2.823585810094037,0.009530901513842081,-0.031168069951083222
2.620524104820964,PASSED,-0.2970645484418295,-0.0017316123711119003,0.005672534618372051,2.8235953254445123,0.009499782631129204,-0.031086091220739732
2.621524304860972,PASSED,-0.2970662772239616,-0.0017259488228420097,0.005657557370902678,2.823604809717042,0.009468745648249278,-0.031004243986051668
2.62252450490098,PASSED,-0.29706800035002406,-0.0017203002368513798,0.005642605070448369,2.8236142629934453,0.009437790413864677,-0.030922561316970673
2.623524704940988,PASSED,-0.2970697178349669,-0.001714666588480023,0.005627677238629074,2.823623685355413,0.009406916798028376,-0.030840985515853504
2.624524904980996,PASSED,-0.29707142969371475,-0.0017090478523182028,0.0056127754439475475,2.8236330768844944,0.009376124670965743,-0.030759554760485662
2.625525105021004,PASSED,-0.29707313594116735,-0.0017034440031491083,0.0055978983191927074,2.8236424376621105,0.009345413895176046,-0.030678256475837926
2.626525305061012,PASSED,-0.29707483659219913,-0.0016978550158487855,0.005583046621076144,2.8236517677695385,0.009314784325672065,-0.030597111522741402
2.62752550510102,PASSED,-0.2970765316616592,-0.0016922808649405675,0.005568220432978919,2.8236610672879254,0.00928423583624425,-0.030516074697864028
2.628525705141028,PASSED,-0.29707822116437155,-0.0016867215254123434,0.00555341892505442,2.823670336298276,0.00925376828568739,-0.030435201129523488
2.629525905181036,PASSED,-0.29707990511513477,-0.0016811769719588317,0.005538643139150114,2.8236795748814654,0.009223381538306272,-0.03035444488217913
2.630526105221044,PASSED,-0.2970815835287224,-0.0016756471793211434,0.00552389230338075,2.8236887831182247,0.009193075456025924,-0.030273840545793164
2.631526305261052,PASSED,-0.2970832564198825,-0.00167013212214656,0.005509167088718427,2.8236979610891537,0.00916284990323413,-0.030193360955791324
2.63252650530106,PASSED,-0.2970849238033379,-0.0016646317751248627,0.0054944669770167695,2.8237071088747165,0.009132704751361,-0.030113012484690196
2.633526705341068,PASSED,-0.2970865856937863,-0.0016591461133179132,0.005479791693571305,2.823716226555237,0.009102639849949372,-0.03003282736291954
2.634526905381076,PASSED,-0.2970882421058999,-0.0016536751108632809,0.00546514296200659,2.823725314210904,0.009072655069373626,-0.029952749384300287
2.635527105421084,PASSED,-0.2970898930543256,-0.0016482187425514829,0.005450518544992501,2.8237343719217667,0.009042750272379088,-0.029872828734694688
2.636527305461092,PASSED,-0.2970915385536849,-0.001642776983413933,0.005435919532588103,2.8237433997677446,0.009012925324145018,-0.029793027900321522
2.6375275055011,PASSED,-0.29709317861857426,-0.0016373498078021288,0.005421346331282008,2.823752397828608,0.008983180078014465,-0.02971339161737402
2.638527705541108,PASSED,-0.2970948132635643,-0.0016319371900141261,0.005406798759149628,2.8237613661840073,0.008953514413135622,-0.029633847053155953
2.639527905581116,PASSED,-0.2970964425032006,-0.0016265391053727769,0.005392275229482478,2.8237703049134386,0.0089239281809607,-0.029554488922764934
2.640528105621124,PASSED,-0.29709806635200336,-0.0016211555283266242,0.005377778257265937,2.823779214096271,0.008894421238518668,-0.02947524478821266
2.641528305661132,PASSED,-0.29709968482446714,-0.0016157864326674248,0.005363307260488659,2.8237880938117335,0.008864993466035203,-0.02939612428030038
2.64252850570114,PASSED,-0.2971012979350615,-0.001610431794224023,0.005348859232010845,2.8237969441389144,0.008835644711275117,-0.029317175079941346
2.643528705741148,PASSED,-0.2971029056982301,-0.0016050915869768488,0.005334439257283419,2.8238057651567763,0.00880637484741108,-0.029238323053434198
2.644528905781156,PASSED,-0.29710450812839156,-0.0015997657848981555,0.005320043959632979,2.8238145569441224,0.00877718371930038,-0.029159664815544228
2.645529105821164,PASSED,-0.29710610523993897,-0.0015944543637888627,0.00530567254239944,2.823823319579645,0.008748071212887653,-0.029081067477517316
2.646529305861172,PASSED,-0.29710769704723977,-0.0015891572974021909,0.005291328949520233,2.82383205314188,0.008719037185411052,-0.029002667475987003
2.64752950590118,PASSED,-0.29710928356463623,-0.0015838745600307179,0.005277009652774988,2.823840757709233,0.008690081475992359,-0.028924404047162983
2.648529705941188,PASSED,-0.29711086480644505,-0.0015786061272043015,0.005262714942177004,2.8238494333599675,0.008661203969690306,-0.028846241138647033
2.649529905981196,PASSED,-0.29711244078695737,-0.0015733519725876506,0.00524844773296706,2.823858080172211,0.008632404527667921,-0.02876824261154402
2.650530106021204,PASSED,-0.297114011520439,-0.001568112070837912,0.005234204427586605,2.8238666982239597,0.008603683006529198,-0.02869037349017591
2.651530306061212,PASSED,-0.29711557702113034,-0.0015628863971325728,0.005219986557173938,2.8238752875930615,0.008575039264392499,-0.028612654567716934
2.65253050610122,PASSED,-0.297117137303246,-0.0015576749251331077,0.005205795627659286,2.8238838483572324,0.008546473169280082,-0.02853505547554952
2.653530706141228,PASSED,-0.2971186923809753,-0.0015524776293652852,0.005191629194597787,2.8238923805940517,0.008517984589589338,-0.02845759583420439
2.654530906181236,PASSED,-0.2971202422684821,-0.0015472944852156247,0.005177487453036078,2.823900884380955,0.008489573371564604,-0.028380299485087336
2.655531106221244,PASSED,-0.29712178697990466,-0.0015421254664461726,0.0051633729803957605,2.823909359795242,0.008461239380010373,-0.028303119600327588
2.656531306261252,PASSED,-0.2971233265293556,-0.001536970547136841,0.005149283528622341,2.8239178069140807,0.008432982499218034,-0.028226054920350005
2.65753150630126,PASSED,-0.29712486093092233,-0.001531829702895072,0.005135218050533832,2.823926225814485,0.00840480255536435,-0.02814920314257252
2.658531706341268,PASSED,-0.2971263901986663,-0.0015267029074254254,0.005121180415721867,2.8239346165733528,0.008376699435294718,-0.028072398021004315
2.659531906381276,PASSED,-0.29712791434662394,-0.0015215901350475174,0.005107167019365392,2.8239429792674273,0.008348673007606238,-0.02799578080013237
2.660532106421284,PASSED,-0.29712943338880576,-0.0015164913609699167,0.0050931787830911434,2.8239513139733172,0.008320723098953695,-0.027919327220818812
2.661532306461292,PASSED,-0.29713094733919687,-0.0015114065591198688,0.0050792172280191335,2.8239596207674933,0.008292849596788884,-0.02784295212747453
2.6625325065013,PASSED,-0.29713245621175666,-0.0015063357035778127,0.005065281084747098,2.8239678997262905,0.008265052373803932,-0.02776673688993769
2.663532706541308,PASSED,-0.2971339600204193,-0.0015012787697102912,0.005051369056037856,2.8239761509259034,0.00823733126319437,-0.027690693089314343
2.664532906581316,PASSED,-0.29713545877909303,-0.0014962357313903325,0.00503748449590568,2.8239843744423845,0.00820968613179961,-0.027614756931721617
2.665533106621324,PASSED,-0.2971369525016608,-0.0014912065628578377,0.005023624556887285,2.823992570351657,0.008182116869281268,-0.027538932909419507
2.666533306661332,PASSED,-0.2971384412019798,-0.0014861912391382918,0.005009789827985351,2.824000738729493,0.008154623302289193,-0.027463323047177537
2.66753350670134,PASSED,-0.29713992489388186,-0.0014811897342766915,0.004995981550677043,2.824008879651542,0.008127205307861913,-0.02738777534734957
2.668533706741348,PASSED,-0.29714140359117297,-0.0014762020224498521,0.004982198677614392,2.824016993193297,0.008099862751259483,-0.027312410772484974
2.669533906781356,PASSED,-0.2971428773076337,-0.0014712280786407597,0.004968440563411083,2.824025079430123,0.00807259547958025,-0.027237178950396523
2.670534106821364,PASSED,-0.29714434605701917,-0.0014662678771642033,0.004954708751986332,2.8240331384372497,0.008045403373471507,-0.027162057547644097
2.671534306861372,PASSED,-0.2971458098530586,-0.0014613213920510956,0.004941002687188863,2.824041170289759,0.008018286282122604,-0.027087113883074058
2.67253450690138,PASSED,-0.2971472687094559,-0.0014563885979799298,0.004927321660483901,2.8240491750626022,0.007991244065231268,-0.027012285563508875
2.673534706941388,PASSED,-0.29714872263988923,-0.001451469469368805,0.004913666578218987,2.8240571528305844,0.007964276588675254,-0.026937603884352117
2.674534906981396,PASSED,-0.29715017165801116,-0.001446563980491427,0.004900037076817082,2.824065103668379,0.007937383716002899,-0.026863051864356946
2.675535107021404,PASSED,-0.2971516157774488,-0.0014416721059317599,0.004886432881567338,2.8240730276505106,0.00791056529752754,-0.026788662882693475
2.676535307061412,PASSED,-0.2971530550118036,-0.0014367938201685568,0.004872854350960412,2.82408092485138,0.007883821210785678,-0.026714369314642734
2.67753550710142,PASSED,-0.29715448937465133,-0.001431929097062352,0.0048593022763675445,2.824088795345235,0.007857151307143312,-0.026640259860845936
2.678535707141428,PASSED,-0.29715591887954235,-0.0014270779116963565,0.0048457740924139235,2.824096639206195,0.00783055544382699,-0.026566265619972915
2.679535907181436,PASSED,-0.29715734354000123,-0.0014222402383032304,0.004832272926934113,2.8241044565082327,0.007804033491265319,-0.026492410522802535
2.680536107221444,PASSED,-0.29715876336952696,-0.0014174160507405794,0.004818797319795739,2.824112247325189,0.0077775853093546175,-0.026418696169300288
2.681536307261452,PASSED,-0.29716017838159314,-0.0014126053240943186,0.004805346197237517,2.8241200117307628,0.007751210755150932,-0.026345126226609537
2.68253650730146,PASSED,-0.29716158858964753,-0.0014078080326144933,0.004791921668217435,2.824127749798507,0.007724909681839656,-0.026271704701053535
2.683536707341468,PASSED,-0.29716299400711244,-0.0014030241504919393,0.004778522425445234,2.824135461601853,0.007698681976457655,-0.026198372502633394
2.684536907381476,PASSED,-0.29716439464738453,-0.0013982536521928326,0.004765148881547545,2.8241431472140768,0.007672527480147554,-0.026125245515078954
2.685537107421484,PASSED,-0.29716579052383485,-0.0013934965120651886,0.004751800958375099,2.8241508067083183,0.007646446037267823,-0.02605224112283275
2.686537307461492,PASSED,-0.29716718164980893,-0.0013887527049581657,0.004738477872788254,2.8241584401575928,0.007620437559158391,-0.025979302767164245
2.6875375075015002,PASSED,-0.29716856803862657,-0.0013840222046760417,0.004725181888348138,2.8241660476347548,0.007594501865327527,-0.025906621206664912
2.6885377075415082,PASSED,-0.2971699497035821,-0.0013793049857718153,0.004711910248144788,2.8241736292125386,0.007568638815887834,-0.025834001595045907
2.6895379075815162,PASSED,-0.2971713266579443,-0.0013746010231352119,0.004698664228909242,2.8241811849635305,0.007542848307439923,-0.025761513016488363
2.6905381076215242,PASSED,-0.29717269891495623,-0.0013699102907002733,0.0046854445722917335,2.824188714960178,0.0075171301687235025,-0.02568922251637599
2.6915383076615322,PASSED,-0.2971740664878354,-0.0013652327628066974,0.0046722501077650245,2.824196219274792,0.007491484259576639,-0.02561703356718726
2.6925385077015402,PASSED,-0.2971754293897738,-0.001360568414379401,0.004659080640317675,2.824203697979545,0.0074659104715489154,-0.025544957668082804
2.6935387077415482,PASSED,-0.2971767876339378,-0.0013559172193247076,0.004645937997610675,2.82421115114647,0.007440408642919648,-0.025473075936722683
2.6945389077815562,PASSED,-0.2971781412334681,-0.0013512791520259911,0.00463282016612016,2.8242185788474594,0.007414978624757784,-0.025401312978624573
2.6955391078215643,PASSED,-0.29717949020147993,-0.001346654187649173,0.004619727183950054,2.824225981154268,0.0073896203030014386,-0.02532966094149224
2.6965393078615723,PASSED,-0.29718083455106303,-0.00134204230004517,0.004606661217371315,2.824233358138515,0.007364333535177203,-0.02525817241273077
2.6975395079015803,PASSED,-0.2971821742952814,-0.001337443463272944,0.004593620475462273,2.8242407098716744,0.007339118161871823,-0.02518684056714619
2.6985397079415883,PASSED,-0.29718350944717353,-0.0013328576526625384,0.004580604033701766,2.824248036425085,0.007313974056801427,-0.025115614739226688
2.6995399079815963,PASSED,-0.29718484001975226,-0.0013282848421429067,0.004567614843585,2.824255337869948,0.007288901095702264,-0.025044525339120608
2.7005401080216043,PASSED,-0.2971861660260052,-0.0013237250060708567,0.004554650224359719,2.824262614277329,0.007263899126821053,-0.024973597909272657
2.7015403080616123,PASSED,-0.2971874874788941,-0.001319178119207815,0.004541711288829616,2.824269865718142,0.007238967991419034,-0.024902827063848696
2.7025405081016203,PASSED,-0.29718880439135525,-0.0013146441558380053,0.004528798090462879,2.8242770922631752,0.007214107582241589,-0.02483213058650909
2.7035407081416283,PASSED,-0.29719011677629925,-0.0013101230902618436,0.004515910566627672,2.8242842939830735,0.007189317759074602,-0.024761618220638538
2.7045409081816363,PASSED,-0.2971914246466115,-0.0013056148974302576,0.004503047674891686,2.8242914709483444,0.007164598358567,-0.024691255365577817
2.7055411082216443,PASSED,-0.29719272801515156,-0.0013011195512888333,0.004490211785779435,2.8242986232293528,0.007139949255944518,-0.02462100079375162
2.7065413082616523,PASSED,-0.2971940268947536,-0.0012966370263908656,0.004477400306093248,2.8243057508963267,0.0071153703204423265,-0.024550891974485373
2.7075415083016603,PASSED,-0.2971953212982261,-0.0012921672974885294,0.004464614633164986,2.8243128540193623,0.0070908614075379,-0.0244809268577198
2.7085417083416683,PASSED,-0.29719661123835245,-0.0012877103392161028,0.00445185403193426,2.8243199326684034,0.007066422364865515,-0.024411119882161957
2.7095419083816763,PASSED,-0.29719789672789004,-0.0012832661256184377,0.004439119974819374,2.82432698691327,0.007042053075054236,-0.024341403097356742
2.7105421084216843,PASSED,-0.297199177779571,-0.0012788346309135818,0.004426411191547421,2.8243340168236326,0.00701775339533484,-0.024271864134088095
2.7115423084616923,PASSED,-0.2972004544061019,-0.0012744158305537353,0.004413726472045637,2.824341022469027,0.006993523167647952,-0.024202470055421824
2.7125425085017003,PASSED,-0.29720172662016386,-0.001270009698635323,0.004401068882656616,2.8243480039188555,0.006969362281372751,-0.024133163755051798
2.7135427085417083,PASSED,-0.29720299443441256,-0.0012656162091116174,0.004388436617738718,2.824354961242374,0.006945270586614346,-0.024064048760640947
2.7145429085817163,PASSED,-0.2972042578614781,-0.0012612353372619255,0.004375828670994185,2.8243618945087023,0.0069212479281802915,-0.023995064882997037
2.7155431086217243,PASSED,-0.297205516913965,-0.0012568670573572544,0.004363247393788978,2.824368803786825,0.0068972941950556305,-0.023926178619102786
2.7165433086617323,PASSED,-0.2972067716044527,-0.0012525113438968856,0.004350690838088877,2.824375689145586,0.006873409241263036,-0.023857470574922178
2.7175435087017403,PASSED,-0.2972080219454948,-0.0012481681714229705,0.004338160231132501,2.8243825506536875,0.0068495929073779625,-0.023788909425174774
2.7185437087417483,PASSED,-0.2972092679496196,-0.0012438375145110347,0.004325654699137639,2.8243893883796996,0.006825845080822806,-0.023720437975146055
2.7195439087817563,PASSED,-0.29721050962933,-0.0012395193478757479,0.004313174592719876,2.824396202392052,0.006802165623139349,-0.02365213748899691
2.7205441088217643,PASSED,-0.29721174699710345,-0.0012352136458784694,0.004300720266984391,2.824402992759034,0.006778554370975815,-0.023583995279890923
2.7215443088617723,PASSED,-0.29721298006539193,-0.0012309203831488021,0.004288291038122345,2.8244097595487982,0.006755011206813563,-0.023515943417160755
2.7225445089017803,PASSED,-0.29721420884662214,-0.0012266395344707262,0.004275887104711428,2.824416502829359,0.0067315359975341745,-0.023448053187540095
2.7235447089417884,PASSED,-0.2972154333531951,-0.0012223710741003947,0.004263509214077811,2.8244232226685924,0.006708128583900344,-0.0233803205980249
2.7245449089817964,PASSED,-0.29721665359748684,-0.001218114976884521,0.004251155883737816,2.824429919134242,0.006684788849120012,-0.02331267756853682
2.7255451090218044,PASSED,-0.29721786959184754,-0.0012138712174803645,0.004238828417768676,2.824436592293901,0.006661516641811752,-0.02324522713474085
2.7265453090618124,PASSED,-0.2972190813486024,-0.0012096397703706715,0.00422652623764242,2.8244432422150343,0.006638311819670578,-0.02317788547879642
2.7275455091018204,PASSED,-0.2972202888800511,-0.0012054206102857024,0.004214249316520311,2.8244498689649666,0.006615174265561347,-0.02311066652951975
2.7285457091418284,PASSED,-0.29722149219846783,-0.001201213711757308,0.00420199800297666,2.824456472610888,0.0065921038302720995,-0.023043614462399734
2.7295459091818364,PASSED,-0.2972226913161016,-0.0011970190493848564,0.004189771952101397,2.824463053219838,0.006569100356092848,-0.022976713990484746
2.7305461092218444,PASSED,-0.29722388624517615,-0.00119283659846849,0.004177570225876572,2.8244696108587357,0.006546163739617103,-0.02290988479925335
2.7315463092618524,PASSED,-0.29722507699788964,-0.001188666332766336,0.004165396019672043,2.824476145594354,0.006523293836297558,-0.02284324899973865
2.7325465093018604,PASSED,-0.2972262635864152,-0.0011845082274776816,0.0041532448013093986,2.824482657493323,0.006500490473545516,-0.022776771920243424
2.7335467093418684,PASSED,-0.29722744602290047,-0.001180362257423618,0.004141120222566357,2.8244891466221445,0.006477753553090749,-0.022710352811116025
2.7345469093818764,PASSED,-0.2972286243194678,-0.001176228396927881,0.004129020677850815,2.824495613047179,0.006455082938770749,-0.022644121992589483
2.7355471094218844,PASSED,-0.2972297984882144,-0.001172106621052088,0.004116946007754497,2.8245020568346506,0.0064324784599407376,-0.022578050054957634
2.7365473094618924,PASSED,-0.297230968541212,-0.001167996904217284,0.004104897386170262,2.8245084780506375,0.006409939990822164,-0.022512081827651333
2.7375475095019004,PASSED,-0.2972321344905073,-0.0011638992214249395,0.004092873063127613,2.8245148767610972,0.006387467426526626,-0.022446219274130035
2.7385477095419084,PASSED,-0.2972332963481215,-0.0011598135473662036,0.004080874722474781,2.8245212530318344,0.0063650605910189435,-0.02238057966338356
2.7395479095819164,PASSED,-0.2972344541260509,-0.0011557398567988348,0.004068901130631738,2.8245276069285215,0.006342719343748144,-0.022315025675743807
2.7405481096219244,PASSED,-0.2972356078362662,-0.0011516781245075073,0.004056953065124739,2.8245339385167005,0.006320443594792865,-0.022249564474967738
2.7415483096619324,PASSED,-0.2972367574907131,-0.0011476283251394598,0.004045030236662808,2.8245402478617634,0.006298233161582242,-0.022184345701060103
2.7425485097019404,PASSED,-0.29723790310131215,-0.0011435904338617372,0.004033131971762204,2.8245465350289756,0.006276087906962997,-0.022119193898033688
2.7435487097419484,PASSED,-0.29723904467995865,-0.0011395644253652457,0.004021259512978067,2.824552800083463,0.006254007735961093,-0.022054155737816734
2.7445489097819564,PASSED,-0.2972401822385226,-0.0011355502738856675,0.004009412790644558,2.8245590430902094,0.006231992469394096,-0.02198934045311712
2.7455491098219644,PASSED,-0.297241315788849,-0.0011315479551402103,0.0039975893819987895,2.8245652641140695,0.006210041977505697,-0.021924592845252378
2.7465493098619724,PASSED,-0.2972424453427577,-0.001127557443889206,0.0039857924970083235,2.8245714632197543,0.006188156148222904,-0.021859986907821316
2.7475495099019804,PASSED,-0.29724357091204334,-0.0011235787142752736,0.003974021025215132,2.824577640471841,0.006166334817909801,-0.02179555924995543
2.7485497099419884,PASSED,-0.2972446925084755,-0.001119611741786038,0.003962273465249595,2.8245837959347724,0.006144577857351514,-0.021731228097174624
2.7495499099819964,PASSED,-0.2972458101437987,-0.001115656501528536,0.003950551452336764,2.824589929672853,0.006122885145270677,-0.021667034736609928
2.7505501100220044,PASSED,-0.29724692382973217,-0.001111712967745818,0.003938855336305031,2.8245960417502443,0.006101256515729689,-0.021603026077241697
2.7515503100620124,PASSED,-0.29724803357797025,-0.0011077811157045269,0.0039271831779485985,2.8246021322309836,0.006079691855587475,-0.021539082852194972
2.7525505101020205,PASSED,-0.29724913940018216,-0.0011038609205451311,0.003915536480360295,2.824608201178962,0.006058191029771192,-0.021475321125673963
2.7535507101420285,PASSED,-0.29725024130801214,-0.0010999523569358639,0.0039039150285385816,2.8246142486579378,0.006036753880258297,-0.02141170177104123
2.7545509101820365,PASSED,-0.2972513393130792,-0.0010960553998334748,0.0038923184849559895,2.8246202747315317,0.006015380286587405,-0.021348188270793173
2.7555511102220445,PASSED,-0.2972524334269776,-0.0010921700246807442,0.0038807462645805454,2.82462627946323,0.005994070119414645,-0.02128481977407183
2.7565513102620525,PASSED,-0.2972535236612764,-0.0010882962059586584,0.0038692003604225,2.8246322629163827,0.005972823226678557,-0.021221608044097957
2.7575515103020605,PASSED,-0.2972546100275197,-0.0010844339186721268,0.003857678570604348,2.8246382251542026,0.005951639478015747,-0.021158509075286276
2.7585517103420685,PASSED,-0.2972556925372267,-0.0010805831384776273,0.003846181277096304,2.8246441662397666,0.00593051874381425,-0.021095550952303564
2.7595519103820765,PASSED,-0.29725677120189153,-0.001076743839698281,0.0038347104475133617,2.8246500862360158,0.005909460878917278,-0.021032740860083995
2.7605521104220845,PASSED,-0.2972578460329835,-0.0010729159975482665,0.003823263285015611,2.824655985205757,0.005888465752003686,-0.020970050949264216
2.7615523104620925,PASSED,-0.29725891704194696,-0.0010690995877439536,0.003811840817177645,2.824661863211658,0.005867533228463561,-0.020907505267365407
2.7625525105021005,PASSED,-0.29725998424020134,-0.0010652945847475892,0.0038004444491552248,2.824667720316252,0.005846663165675366,-0.020845101135415253
2.7635527105421085,PASSED,-0.297261047639141,-0.001061500963361897,0.003789072676716972,2.8246735565819403,0.005825855440979496,-0.020782807069505894
2.7645529105821165,PASSED,-0.29726210725013585,-0.0010577186998921642,0.0037777239984101395,2.824679372070984,0.005805109909594538,-0.020720680928594058
2.7655531106221245,PASSED,-0.29726316308453055,-0.0010539477686137178,0.003766402798470901,2.8246851668455144,0.005784426437311746,-0.020658666518924743
2.7665533106621325,PASSED,-0.297264215153645,-0.0010501881442586303,0.00375510539283164,2.8246909409675194,0.005763804890461631,-0.020596800404242943
2.7675535107021405,PASSED,-0.2972652634687743,-0.0010464398031854426,0.0037438315267586874,2.8246966944988547,0.005743245126765515,-0.02053507255736481
2.7685537107421485,PASSED,-0.29726630804118886,-0.0010427027201745872,0.003732584000253506,2.824702427501246,0.005722747024200153,-0.020473455904025877
2.7695539107821565,PASSED,-0.29726734888213413,-0.0010389768697630405,0.0037213613524089426,2.8247081400362797,0.005702310443872124,-0.020411996610696346
2.7705541108221645,PASSED,-0.2972683860028308,-0.001035262227751916,0.0037101624502683026,2.8247138321654064,0.005681935239379956,-0.020350676413148857
2.7715543108621725,PASSED,-0.297269419414475,-0.0010315587698669136,0.003698988174825026,2.8247195039499413,0.005661621284494058,-0.020289473867730192
2.7725545109021805,PASSED,-0.29727044912823775,-0.001027866470371289,0.0036878403761575894,2.824725155451069,0.0056413684514885765,-0.020228405763982573
2.7735547109421885,PASSED,-0.2972714751552657,-0.0010241853048483876,0.0036767156207303665,2.8247307867298392,0.005621176599246026,-0.020167483228261864
2.7745549109821965,PASSED,-0.29727249750668067,-0.001020515249426841,0.0036656152887573246,2.824736397847159,0.005601045581037264,-0.020106708195762407
2.7755551110222045,PASSED,-0.29727351619357967,-0.0010168562784693385,0.0036545414033326683,2.824741988863811,0.005580975281852253,-0.020046026511177657
2.7765553110622125,PASSED,-0.2972745312270353,-0.0010132083674168986,0.003643490818511702,2.824747559840437,0.005560965565144513,-0.01998551017211503
2.7775555111022205,PASSED,-0.29727554261809513,-0.0010095714920044742,0.003632465141699207,2.824753110837546,0.005541016276557647,-0.019925140863367222
2.7785557111422285,PASSED,-0.29727655037778256,-0.001005945627631538,0.003621463860427152,2.824758641915514,0.005521127302155974,-0.0198648634272095
2.7795559111822365,PASSED,-0.29727755451709603,-0.001002330749302841,0.003610487974210199,2.824764153134583,0.005501298511044616,-0.019804742900790248
2.7805561112222446,PASSED,-0.29727855504700956,-0.0009987268325492287,0.0035995359398805194,2.8247696445548582,0.005481529746717668,-0.019744778611054708
2.7815563112622526,PASSED,-0.29727955197847233,-0.0009951338529400474,0.003588608722048252,2.824775116236314,0.005461820892295426,-0.01968490496303479
2.7825565113022606,PASSED,-0.29728054532240944,-0.0009915517861492512,0.0035777055032947705,2.824780568238789,0.005442171815850243,-0.019625190766614616
2.7835567113422686,PASSED,-0.297281535089721,-0.0009879806072108737,0.0035668278950991123,2.824786000621989,0.005422582371197404,-0.01956561391032218
2.7845569113822766,PASSED,-0.2972825212912828,-0.000984420291393005,0.003555974433048284,2.8247914134454892,0.0054030524378832784,-0.019506146249994766
2.7855571114222846,PASSED,-0.29728350393794617,-0.0009808708151068045,0.003545144188301837,2.8247968067687212,0.00538358187058554,-0.01944684799623291
2.7865573114622926,PASSED,-0.29728448304053784,-0.0009773321534158165,0.003534340026112158,2.824802180650994,0.005364170540467808,-0.019387651532065255
2.7875575115023006,PASSED,-0.29728545860986016,-0.0009738042813571433,0.003523560080380483,2.8248075351514808,0.005344818325177647,-0.019328591128890637
2.7885577115423086,PASSED,-0.297286430656691,-0.000970287175225399,0.0035128034993201383,2.824812870329212,0.005325525064971085,-0.0192697062583442
2.7895579115823166,PASSED,-0.2972873991917839,-0.000966780810624744,0.0035020720015449176,2.824818186243103,0.005306290656814875,-0.01921087608812048
2.7905581116223246,PASSED,-0.29728836422586796,-0.0009632851626325775,0.0034913653192474216,2.824823482951917,0.005287114953857742,-0.019152254203140404
2.7915583116623326,PASSED,-0.2972893257696477,-0.0009598002070075455,0.0034806824955551344,2.8248287605143014,0.005267997816943636,-0.01909372538808238
2.7925585117023406,PASSED,-0.2972902838338037,-0.0009563259198201365,0.00347002364864505,2.8248340189887555,0.005248939122389354,-0.019035340665081342
2.7935587117423486,PASSED,-0.2972912384289917,-0.0009528622762987461,0.003459390103220568,2.8248392584336584,0.005229938739184265,-0.018977078231759842
2.7945589117823566,PASSED,-0.2972921895658437,-0.0009494092524659673,0.003448779652484232,2.8248444789072473,0.005210996526809008,-0.018918968470922122
2.7955591118223646,PASSED,-0.2972931372549668,-0.0009459668238560554,0.0034381945815302457,2.824849680467634,0.005192112357314293,-0.01886097017724346
2.7965593118623726,PASSED,-0.29729408150694425,-0.0009425349659892623,0.0034276333903016493,2.824854863172793,0.0051732860996184385,-0.018803116041596256
2.7975595119023806,PASSED,-0.29729502233233496,-0.0009391136551421268,0.0034170958183580014,2.8248600270805664,0.00515451761525434,-0.018745396579100175
2.7985597119423886,PASSED,-0.2972959597416735,-0.0009357028669231289,0.0034065831527579212,2.8248651722486717,0.0051358067856896875,-0.01868778488835482
2.7995599119823966,PASSED,-0.2972968937454703,-0.0009323025766696298,0.0033960949873267955,2.8248702987346834,0.0051171534628762,-0.01863034809691037
2.8005601120224046,PASSED,-0.29729782435421165,-0.0009289127605893893,0.003385630142182987,2.8248754065960533,0.005098557521512477,-0.018573003541597924
2.8015603120624126,PASSED,-0.2972987515783595,-0.0009255333947616486,0.0033751896181125913,2.8248804958900906,0.005080018829878994,-0.018515817028073433
2.8025605121024206,PASSED,-0.29729967542835195,-0.0009221644548493056,0.003364773441829776,2.8248855666739887,0.005061537263715453,-0.01845873225385232
2.8035607121424286,PASSED,-0.29730059591460267,-0.0009188059163501296,0.0033543818707400417,2.8248906190047944,0.005043112680750167,-0.018401816772907306
2.8045609121824366,PASSED,-0.29730151304750146,-0.0009154577556627458,0.0033440132318130976,2.8248956529394302,0.005024744946294842,-0.018345012910269843
2.8055611122224446,PASSED,-0.297302426837414,-0.0009121199488560619,0.0033336691899309876,2.8249006685346876,0.0050064339466217925,-0.018288324181569744
2.8065613122624526,PASSED,-0.2973033372946816,-0.0009087924710327324,0.003323350245595174,2.8249056658472265,0.004988179542062906,-0.01823179147709645
2.8075615123024606,PASSED,-0.2973042444296221,-0.0009054752989919248,0.003313053237615793,2.8249106449335706,0.00496998158637884,-0.018175398488713603
2.8085617123424687,PASSED,-0.2973051482525289,-0.000902168408731228,0.003302781609417412,2.8249156058501175,0.0049518399661395525,-0.01811910140633589
2.8095619123824767,PASSED,-0.29730604877367156,-0.000898871775690764,0.003292533994494871,2.8249205486531355,0.004933754557711533,-0.01806294644247549
2.8105621124224847,PASSED,-0.2973069460032957,-0.0008955853764549724,0.003282309396655978,2.8249254733987614,0.004915725213581662,-0.018006942588134605
2.8115623124624927,PASSED,-0.29730783995162285,-0.0008923091868255732,0.0032721097845611444,2.8249303801429937,0.004897751796177846,-0.017951067280934888
2.8125625125025007,PASSED,-0.2973087306288508,-0.0008890431829628045,0.003261933248240424,2.8249352689417084,0.004879834198009375,-0.0178952854268291
2.8135627125425087,PASSED,-0.29730961804515343,-0.0008857873410718034,0.0032517809861750376,2.8249401398506526,0.004861972287372591,-0.017839660776754387
2.8145629125825167,PASSED,-0.2973105022106807,-0.0008825416371650723,0.0032416525204352195,2.824944992925434,0.004844165905022586,-0.01778419673217182
2.8155631126225247,PASSED,-0.29731138313555866,-0.0008793060473039642,0.003231548088223239,2.8249498282215435,0.004826414954977637,-0.0177287855867989
2.8165633126625327,PASSED,-0.29731226082988965,-0.000876080548044841,0.0032214667063899085,2.824954645794325,0.00480871929113959,-0.017673582672211453
2.8175635127025407,PASSED,-0.2973131353037521,-0.0008728651152602838,0.0032114101700020945,2.8249594456990086,0.004791078777213414,-0.017618468095485708
2.8185637127425487,PASSED,-0.29731400656720075,-0.0008696597252395194,0.003201376587939065,2.824964227990685,0.004773493302596861,-0.017563478963932042
2.8195639127825567,PASSED,-0.2973148746302666,-0.0008664643545077941,0.003191366827583148,2.824968992724322,0.004755962728798845,-0.017508637020739744
2.8205641128225647,PASSED,-0.2973157395029568,-0.0008632789789132371,0.0031813814392060184,2.824973739954748,0.004738486910260138,-0.017453939550683528
2.8215643128625727,PASSED,-0.297316601195255,-0.000860103575113261,0.003171418707156173,2.824978469736673,0.004721065742520891,-0.017399319864957182
2.8225645129025807,PASSED,-0.29731745971712104,-0.0008569381194687708,0.0031614802693793924,2.82498318212467,0.004703699090067556,-0.017344874178920406
2.8235647129425887,PASSED,-0.297318315078491,-0.0008537825879297597,0.0031515657187656722,2.8249878771731893,0.004686386810770318,-0.017290549376117303
2.8245649129825967,PASSED,-0.29731916728927754,-0.0008506369573850711,0.003141673761970683,2.824992554936542,0.004669128782963378,-0.017236346760821614
2.8255651130226047,PASSED,-0.2973200163593696,-0.0008475012040126885,0.0031318064459903757,2.8249972154689242,0.004651924892311161,-0.017182253246481403
2.8265653130626127,PASSED,-0.2973208622986326,-0.0008443753040236371,0.0031219623510922805,2.825001858824392,0.004634774989959408,-0.017128335088599754
2.8275655131026207,PASSED,-0.2973217051169084,-0.0008412592343440496,0.003112141231917574,2.8250064850568792,0.004617678950376187,-0.017074509246302584
2.8285657131426287,PASSED,-0.2973225448240152,-0.0008381529709280365,0.0031023448720766816,2.8250110942201876,0.004600636658925079,-0.017020812920977936
2.8295659131826367,PASSED,-0.2973233814297479,-0.0008350564907002315,0.0030925704649573563,2.825015686367992,0.004583647973055809,-0.016967267834799495
2.8305661132226447,PASSED,-0.29732421494387773,-0.0008319697702643402,0.0030828204165139947,2.825020261553839,0.0045667127663217046,-0.01691383266697457
2.8315663132626527,PASSED,-0.2973250453761527,-0.0008288927857207218,0.0030730939616879483,2.825024819831147,0.004549830921208328,-0.01686052007764451
2.8325665133026607,PASSED,-0.297325872736297,-0.0008258255137376042,0.0030633906640707624,2.8250293612532116,0.004533002306495059,-0.016807344470351294
2.8335667133426687,PASSED,-0.29732669703401193,-0.0008227679315018033,0.0030537099502876194,2.82503388587319,0.004516226779323422,-0.016754315639160612
2.8345669133826767,PASSED,-0.297327518278975,-0.000819720015145725,0.0030440539599389045,2.825038393744116,0.004499504222615108,-0.016701384087747212
2.8355671134226847,PASSED,-0.29732833648084056,-0.0008166817410883235,0.0030344207890430483,2.8250428849189064,0.004482834529857147,-0.016648565204770555
2.8365673134626928,PASSED,-0.2973291516492396,-0.0008136530867722638,0.003024810000737637,2.825047359450334,0.004466217538055615,-0.016595942866039725
2.8375675135027008,PASSED,-0.2973299637937798,-0.0008106340283739118,0.003015223996761505,2.825051817391054,0.004449653128412487,-0.01654338749452025
2.8385677135427088,PASSED,-0.2973307729240455,-0.0008076245426402527,0.003005660224924368,2.825056258793591,0.004433141198071086,-0.016490958905986515
2.8395679135827168,PASSED,-0.29733157904959806,-0.0008046246066661888,0.0029961198068234212,2.8250606837103485,0.0044166816013160035,-0.016438688654479137
2.8405681136227248,PASSED,-0.29733238217997526,-0.0008016341968457845,0.0029866031627914587,2.825065092193597,0.004400274204546654,-0.016386535512597274
2.8415683136627328,PASSED,-0.2973331823246919,-0.0007986532901229299,0.002977109096230123,2.8250694842954793,0.00438391889216474,-0.016334496961457827
2.8425685137027408,PASSED,-0.29733397949323953,-0.0007956818636263749,0.0029676380967715425,2.8250738600680205,0.004367615546300744,-0.016282578465688324
2.8435687137427488,PASSED,-0.2973347736950867,-0.0007927198940027533,0.0029581906415215484,2.825078219563109,0.004351364021497948,-0.01623082236086796
2.844568913782757,PASSED,-0.2973355649396787,-0.0007897673579512391,0.0029487663248425997,2.8250825628325105,0.0043351641916571865,-0.016179168160691648
2.8455691138227643,PASSED,-0.29733635323643776,-0.000786824232801004,0.002939364367163268,2.8250868899278685,0.0043190159555103885,-0.016127614804201426
2.8465693138627723,PASSED,-0.29733713859476313,-0.0007838904953229003,0.0029299862187308783,2.8250912009006988,0.0043029191711978715,-0.016076230651394463
2.8475695139027803,PASSED,-0.29733792102403084,-0.0007809661221949828,0.002920631067375174,2.825095495802388,0.004286873698344577,-0.016024967654562412
2.8485697139427884,PASSED,-0.2973387005335942,-0.000778051091208849,0.0029112975986393935,2.8250997746841997,0.004270879433867974,-0.015973795691295443
2.8495699139827964,PASSED,-0.2973394771327833,-0.000775145378709853,0.00290198909923396,2.825104037597272,0.004254936252252499,-0.01592277223159371
2.8505701140228044,PASSED,-0.29734025083090543,-0.0007722489617345701,0.002892702225982063,2.8251082845926176,0.004239044008197672,-0.015871891936983778
2.8515703140628124,PASSED,-0.2973410216372448,-0.0007693618178817229,0.0028834382707574016,2.825112515721124,0.004223202592015778,-0.015821099011832363
2.8525705141028204,PASSED,-0.29734178956106283,-0.0007664839239676284,0.0028741976763192894,2.82511673103355,0.004207411878828618,-0.015770455970712693
2.8535707141428284,PASSED,-0.29734255461159825,-0.0007636152572183617,0.0028649794645649743,2.8251209305805376,0.0041916717380580575,-0.015719930637125536
2.8545709141828364,PASSED,-0.2973433167980665,-0.0007607557945373888,0.002855784825244665,2.825125114412594,0.004175982043505417,-0.015669537162983277
2.8555711142228444,PASSED,-0.29734407612966074,-0.0007579055133950499,0.00284661202040184,2.825129282580109,0.004160342677537713,-0.015619251837518677
2.8565713142628524,PASSED,-0.29734483261555095,-0.0007550643912381354,0.0028374622479228873,2.82513343513335,0.0041447535211092444,-0.015569092822434596
2.8575715143028604,PASSED,-0.29734558626488444,-0.0007522324048467717,0.0028283358203242473,2.8251375721224514,0.004129214430787906,-0.015519088653941023
2.8585717143428684,PASSED,-0.2973463370867859,-0.0007494095315954155,0.0028192315387107836,2.8251416935974287,0.004113725290980431,-0.015469173909832885
2.8595719143828764,PASSED,-0.29734708509035723,-0.0007465957492223203,0.0028101495960181477,2.825145799608174,0.004098285992144988,-0.015419382119183579
2.8605721144228844,PASSED,-0.2973478302846777,-0.0007437910347581427,0.0028010910429505506,2.825149890204453,0.004082896390779503,-0.015369747529684846
2.8615723144628924,PASSED,-0.297348572678804,-0.0007409953653448829,0.0027920549934661015,2.8251539654359084,0.004067556364925438,-0.01532021140365075
2.8625725145029004,PASSED,-0.2973493122817701,-0.0007382087188408963,0.00278304084433369,2.825158025352063,0.004052265811393099,-0.015270781618130877
2.8635727145429084,PASSED,-0.2973500491025873,-0.0007354310724777075,0.0027740500424255966,2.8251620700023095,0.00403702458369021,-0.015221525092726314
2.8645729145829164,PASSED,-0.29735078315024455,-0.0007326624035208434,0.0027650815664896234,2.825166099435923,0.004021832562897993,-0.015172351258542037
2.8655731146229244,PASSED,-0.2973515144337083,-0.000729902689880349,0.0027561350231644346,2.825170113702053,0.00400668964186129,-0.015123300888810321
2.8665733146629324,PASSED,-0.29735224296192225,-0.0007271519087931656,0.002747211796529288,2.8251741128497265,0.003991595680570163,-0.0150744015593373
2.8675735147029404,PASSED,-0.2973529687438078,-0.0007244100375197287,0.002738310924708636,2.8251780969278446,0.003976550553288221,-0.015025611097011213
2.8685737147429484,PASSED,-0.2973536917882639,-0.0007216770543231862,0.0027294313777649183,2.8251820659851936,0.00396155416174775,-0.014976911836113485
2.8695739147829564,PASSED,-0.29735441210416697,-0.0007189529363927086,0.0027205756322861005,2.8251860200704306,0.003946606365353003,-0.01492838610050189
2.8705741148229644,PASSED,-0.29735512970037126,-0.0007162376612571613,0.0027117414710548164,2.8251899592320924,0.003931707031777852,-0.01487996522491774
2.8715743148629724,PASSED,-0.2973558445857086,-0.0007135312069502716,0.0027029295307796643,2.825193883518592,0.0039168560610723146,-0.014831641025948993
2.8725745149029804,PASSED,-0.2973565567689883,-0.0007108335508222497,0.0026941405261832617,2.8251977929782246,0.0039020533269793676,-0.014783462804279326
2.8735747149429884,PASSED,-0.2973572662589976,-0.0007081446706278636,0.0026853733065212043,2.8252016876591592,0.0038872986921879263,-0.014735416116215842
2.8745749149829964,PASSED,-0.29735797306450146,-0.0007054645443274013,0.0026766282964230666,2.8252055676094456,0.0038725920494734694,-0.014687460446617432
2.8755751150230044,PASSED,-0.2973586771942424,-0.0007027931494899717,0.0026679058647674355,2.825209432877015,0.003857933285295806,-0.014639633331693852
2.8765753150630125,PASSED,-0.297359378656941,-0.0007001304640677597,0.0026592051271750973,2.8252132835096653,0.0038433222456605576,-0.014591977170951972
2.8775755151030205,PASSED,-0.2973600774612955,-0.0006974764659622931,0.002650526757660961,2.825217119555084,0.0038287588323911753,-0.014544370668335497
2.8785757151430285,PASSED,-0.29736077361598207,-0.0006948311326878809,0.0026418709522462247,2.825220941060842,0.0038142429508842566,-0.014496888732640779
2.8795759151830365,PASSED,-0.2973614671296548,-0.0006921944425089943,0.0026332363299800435,2.825224748074376,0.0037997744262706695,-0.014449615200884771
2.8805761152230445,PASSED,-0.2973621580109454,-0.0006895663733233694,0.0026246244227215534,2.825228540643008,0.0037853531542233155,-0.014402376611667335
2.8815763152630525,PASSED,-0.29736284626846393,-0.0006869469027433242,0.0026160346849275623,2.8252323188139408,0.0037709790514018713,-0.014355253627962635
2.8825765153030605,PASSED,-0.2973635319107983,-0.0006843360092698528,0.002607465999167553,2.825236082634255,0.0037566519561074694,-0.014308323072027685
2.8835767153430685,PASSED,-0.2973642149465142,-0.0006817336706984292,0.002598920286260931,2.8252398321509125,0.003742371751893272,-0.014261458308977784
2.8845769153830765,PASSED,-0.29736489538415567,-0.0006791398648725815,0.0025903961855725027,2.8252435674107574,0.003728138351780805,-0.014214694648125421
2.8855771154230845,PASSED,-0.2973655732322446,-0.0006765545700943297,0.00258189384003796,2.825247288460504,0.0037139515958071836,-0.014168130190619408
2.8865773154630925,PASSED,-0.2973662484992811,-0.0006739777644104672,0.002573413579745623,2.8252509953467597,0.003699811378980034,-0.014121607918169741
2.8875775155031005,PASSED,-0.2973669211937433,-0.000671409425956532,0.0025649550367283134,2.8252546881160034,0.0036857175999484336,-0.014075226440554468
2.8885777155431085,PASSED,-0.29736759132408763,-0.0006688495330806032,0.0025565181020623245,2.825258366814599,0.0036716701134569545,-0.014028993192095662
2.8895779155831165,PASSED,-0.2973682588987485,-0.0006662980636735615,0.002548103610361329,2.825262031488787,0.0036576688037040137,-0.013982854126837209
2.8905781156231245,PASSED,-0.2973689239261388,-0.000663754996188482,0.0025397100682249133,2.825265682184694,0.003643713572160272,-0.013936816488344312
2.8915783156631325,PASSED,-0.2973695864146494,-0.0006612203089186173,0.0025313387376246477,2.825269318948323,0.003629804281075034,-0.013890940816501402
2.8925785157031405,PASSED,-0.29737024637264964,-0.0006586939799723714,0.002522989085326758,2.825272941825561,0.00361594081013633,-0.013845157686839164
2.8935787157431485,PASSED,-0.29737090380848713,-0.0006561759877798028,0.0025146609307297495,2.825276550862177,0.003602123057235808,-0.013799483042977094
2.8945789157831565,PASSED,-0.29737155873048776,-0.0006536663106881118,0.0025063545323318363,2.825280146103817,0.003588350889731185,-0.013753957145719498
2.8955791158231645,PASSED,-0.29737221114695583,-0.0006511649270490681,0.0024980697101848444,2.825283727596013,0.0035746241895570695,-0.013708528859712878
2.8965793158631725,PASSED,-0.29737286106617417,-0.0006486718155531615,0.0024898060197210323,2.8252872953841828,0.0035609428576870803,-0.013663200543507434
2.8975795159031805,PASSED,-0.2973735084964037,-0.0006461869541669152,0.002481564963929958,2.825290849513612,0.0035473067460851638,-0.013618052307522485
2.8985797159431885,PASSED,-0.2973741534458843,-0.0006437103217523194,0.002473344048373052,2.8252943900294887,0.0035337157591993746,-0.013572943271300531
2.8995799159831965,PASSED,-0.2973747959228339,-0.0006412418967195326,0.0024651456890626665,2.8252979169768637,0.0035201697780221225,-0.013528006447886046
2.9005801160232045,PASSED,-0.29737543593544913,-0.0006387816574410659,0.002456968338069441,2.8253014304006823,0.003506668668960923,-0.013483177470075564
2.9015803160632125,PASSED,-0.29737607349190537,-0.0006363295830092674,0.002448811827617938,2.8253049303457725,0.003493212338807692,-0.01343843194200097
2.9025805161032205,PASSED,-0.29737670860035625,-0.000633885651385247,0.0024406781549553944,2.8253084168568363,0.0034798006506939704,-0.013393858894868335
2.9035807161432285,PASSED,-0.2973773412689342,-0.0006314498413563893,0.0024325646114593535,2.8253118899784706,0.003466433494601767,-0.013349354223759791
2.9045809161832365,PASSED,-0.29737797150575046,-0.0006290221321375996,0.0024244722903430686,2.825315349755146,0.003453110760943945,-0.013304986613863588
2.9055811162232446,PASSED,-0.2973785993188946,-0.0006266025017510491,0.0024164024506887977,2.8253187962312194,0.003439832317023725,-0.013260748791124637
2.9065813162632526,PASSED,-0.2973792247164351,-0.000624190929099909,0.002408352784774156,2.825322229450935,0.003426598061488275,-0.013216593365000568
2.9075815163032606,PASSED,-0.29737984770641934,-0.0006217873934887348,0.002400324162107615,2.8253256494584176,0.003413407879260782,-0.013172574802487434
2.9085817163432686,PASSED,-0.2973804682968732,-0.0006193918730817994,0.002392317903487131,2.8253290562976776,0.003400261641513344,-0.013128679710738606
2.9095819163832766,PASSED,-0.29738108649580164,-0.0006170043467141857,0.0023843320103647853,2.8253324500126005,0.0033871592294930724,-0.013084900226627137
2.9105821164232846,PASSED,-0.29738170231118827,-0.0006146247936787121,0.0023763670522127835,2.8253358306469716,0.0033741005530543862,-0.013041193913392153
2.9115823164632926,PASSED,-0.2973823157509956,-0.0006122531926270783,0.002368423717914511,2.82533919824445,0.0033610854784177726,-0.012997661785427838
2.9125825165033006,PASSED,-0.29738292682316514,-0.000609889522324613,0.0023605013588324634,2.825342552848582,0.0033481138811927583,-0.012954220851405393
2.9135827165433086,PASSED,-0.2973835355356173,-0.000607533762130593,0.0023525994174783318,2.8253458945028007,0.0033351856692029024,-0.012910872748823668
2.9145829165833166,PASSED,-0.2973841418962515,-0.0006051858908395018,0.002344719206833109,2.825349223250421,0.003322300714482778,-0.012867676034325216
2.9155831166233246,PASSED,-0.29738474591294606,-0.0006028458871438788,0.002336860021483018,2.825352539134645,0.003309458897984777,-0.012824576807117726
2.9165833166633326,PASSED,-0.2973853475935585,-0.0006005137306727172,0.002329020770947417,2.82535584219856,0.003296660117304051,-0.01278158326313169
2.9175835167033406,PASSED,-0.29738594694592524,-0.0005981894002381988,0.002321203543565798,2.8253591324851355,0.0032839042487683725,-0.012738725384043147
2.9185837167433486,PASSED,-0.29738654397786196,-0.0005958728749269887,0.002313406489639608,2.825362410037234,0.0032711911808757286,-0.01269596289837733
2.9195839167833566,PASSED,-0.29738713869716343,-0.0005935641339609608,0.00230563061695339,2.8253656748975975,0.0032585208039195078,-0.012653319661449227
2.9205841168233646,PASSED,-0.2973877311116035,-0.000591263156463887,0.002297875417154095,2.8253689271088556,0.0032458929952162655,-0.012610801397770688
2.9215843168633726,PASSED,-0.29738832122893527,-0.0005889699215068756,0.0022901413169161247,2.825372166713523,0.0032333076445422355,-0.012568383524869352
2.9225845169033806,PASSED,-0.2973889090568913,-0.000586684408994336,0.002282426642955426,2.825375393754004,0.0032207646443891415,-0.01252607790524318
2.9235847169433886,PASSED,-0.2973894946031829,-0.0005844065974306332,0.0022747348442012302,2.8253786082725867,0.0032082638744021985,-0.012483898041410453
2.9245849169833966,PASSED,-0.29739007787550126,-0.000582136466329799,0.0022670619385893177,2.8253818103114514,0.003195805227342868,-0.012441813071277341
2.9255851170234046,PASSED,-0.29739065888151656,-0.0005798739956110802,0.0022594099054718394,2.825384999912654,0.0031833885792680308,-0.012399871410543968
2.9265853170634126,PASSED,-0.29739123762887837,-0.0005776191638416097,0.002251779678802909,2.8253881771181497,0.003171013828596245,-0.012358003512613774
2.9275855171034206,PASSED,-0.29739181412521576,-0.0005753719507213719,0.0022441687478609797,2.8253913419697763,0.0031586808685088686,-0.01231626447055158
2.9285857171434286,PASSED,-0.2973923883781372,-0.0005731323361514683,0.0022365784512653583,2.825394494509254,0.0031463895608439497,-0.012274669794497135
2.9295859171834366,PASSED,-0.29739296039523055,-0.0005709002990549963,0.0022290095266097316,2.8253976347781955,0.003134139808795845,-0.0122331402171759
2.9305861172234446,PASSED,-0.29739353018406334,-0.0005686758189795205,0.002221460441386477,2.8254007628181066,0.0031219315214053847,-0.012191718839317278
2.9315863172634526,PASSED,-0.29739409775218245,-0.0005664588758415653,0.0022139316023343874,2.8254038786703695,0.003109764549413558,-0.012150474093500252
2.9325865173034606,PASSED,-0.2973946631071144,-0.0005642494488578249,0.002206423904677826,2.825406982376264,0.003097638793531463,-0.01210927707449158
2.9335867173434687,PASSED,-0.29739522625636533,-0.0005620475179692968,0.0021989355444282876,2.8254100739769537,0.003085554164675134,-0.012068196710887508
2.9345869173834767,PASSED,-0.297395787207421,-0.0005598530626041585,0.0021914685789450345,2.8254131535134897,0.0030735105190272355,-0.012027278272572921
2.9355871174234847,PASSED,-0.2973963459677467,-0.000557666062233338,0.0021840215654040504,2.8254162210268183,0.003061507760817787,-0.011986411500698707
2.9365873174634927,PASSED,-0.29739690254478773,-0.0005554864972266959,0.002176593967467494,2.825419276557765,0.0030495457839872235,-0.0119456870504733
2.9375875175035007,PASSED,-0.2973974569459688,-0.0005533143467175057,0.002169188203672,2.8254223201470534,0.0030376244668315613,-0.01190507055912168
2.9385877175435087,PASSED,-0.2973980091786946,-0.0005511495905770979,0.0021618014315650034,2.825425351835294,0.003025743708444116,-0.011864550272994061
2.9395879175835167,PASSED,-0.29739855925034936,-0.0005489922088464521,0.0021544352633663007,2.82542837166298,0.0030139033861219643,-0.011824170354923214
2.9405881176235247,PASSED,-0.2973991071682975,-0.0005468421812709857,0.0021470891168662992,2.8254313796705057,0.0030021034017594594,-0.011783860367559325
2.9415883176635327,PASSED,-0.297399652939883,-0.0005446994879100502,0.002139762856981628,2.8254343758981415,0.002990343636902302,-0.01174370118355556
2.9425885177035407,PASSED,-0.29740019657242994,-0.0005425641083624665,0.00213245734131829,2.825437360386066,0.0029786239925373623,-0.011703606485863235
2.9435887177435487,PASSED,-0.29740073807324213,-0.0005404360224032528,0.0021251717044773986,2.825440333174327,0.0029669443444324864,-0.011663675850884507
2.9445889177835567,PASSED,-0.2974012774496036,-0.000538315210824637,0.002117904828041365,2.82544329430288,0.0029553045887153874,-0.011623808961241908
2.9455891178235647,PASSED,-0.2974018147087781,-0.0005362016528655031,0.0021106600465287035,2.8254462438115593,0.002943704623713665,-0.01158406902870946
2.9465893178635727,PASSED,-0.2974023498580096,-0.0005340953287749834,0.00210343345318025,2.825449181740098,0.0029321443307583706,-0.0115444422396849
2.9475895179035807,PASSED,-0.29740288290452216,-0.0005319962190072777,0.0020962273107227912,2.825452108128117,0.0029206236038350937,-0.011504916712338652
2.9485897179435887,PASSED,-0.2974034138555198,-0.000529904303221643,0.0020890414355757923,2.8254550230151247,0.002909142332297701,-0.011465508087428458
2.9495899179835967,PASSED,-0.2974039427181868,-0.0005278195616206438,0.002081875044614747,2.8254579264405257,0.0028977004109828368,-0.011426196799821112
2.9505901180236047,PASSED,-0.2974044694996875,-0.0005257419746121608,0.0020747283177286113,2.8254608184436143,0.002886297731144942,-0.011387001863277676
2.9515903180636127,PASSED,-0.29740499420716643,-0.0005236715223017236,0.0020676016389092125,2.825463699063577,0.002874934181107417,-0.011347915487023064
2.9525905181036207,PASSED,-0.2974055168477486,-0.0005216081849462483,0.0020604944998528153,2.8254665683394915,0.0028636096563790124,-0.01130893088932563
2.9535907181436287,PASSED,-0.2974060374285389,-0.0005195519428209009,0.0020534072090104775,2.8254694263103293,0.0028523240496822646,-0.011270057235028911
2.9545909181836367,PASSED,-0.29740655595662285,-0.0005175027762450425,0.00204633948709058,2.8254722730149475,0.002841077242756915,-0.011231306718897162
2.9555911182236447,PASSED,-0.29740707243906617,-0.0005154606655764485,0.0020392914562630256,2.8254751084921086,0.0028298691482101027,-0.011192619765422246
2.9565913182636527,PASSED,-0.29740758688291496,-0.0005134255910782199,0.0020322631928722953,2.8254779327804496,0.0028186996375832146,-0.011154104534532257
2.9575915183036607,PASSED,-0.29740809929519574,-0.0005113975334878792,0.0020252538553195924,2.825480745918521,0.002807568617881627,-0.011115629812958121
2.9585917183436687,PASSED,-0.29740860968291544,-0.0005093764731366996,0.0020182646817528873,2.8254835479447453,0.0027964759760387477,-0.011077316529493397
2.9595919183836767,PASSED,-0.2974091180530615,-0.0005073623902764216,0.0020112949792949614,2.8254863388974534,0.002785421601045531,-0.011039080635699595
2.9605921184236847,PASSED,-0.2974096244126019,-0.0005053552655491096,0.0020043445593234304,2.8254891188148616,0.0027744053989017014,-0.011000949815915548
2.9615923184636928,PASSED,-0.29741012876848505,-0.0005033550799505305,0.0019974129580829615,2.825491887735087,0.002763427259599424,-0.010962932293184563
2.9625925185037008,PASSED,-0.29741063112764,-0.0005013618132395407,0.0019905025462609673,2.825494645696132,0.0027524870625483286,-0.010925040223036692
2.9635927185437088,PASSED,-0.2974111314969765,-0.0004993754466436823,0.001983609295590059,2.8254973927358966,0.002741584713373725,-0.010887221808980725
2.9645929185837168,PASSED,-0.29741162988338476,-0.0004973959609688923,0.0019767365942566124,2.8255001288921773,0.0027307201178212626,-0.010849511381450383
2.9655931186237248,PASSED,-0.29741212629373587,-0.0004954233363017232,0.0019698833824441566,2.8255028542026595,0.0027198931449760495,-0.010811947154388516
2.9665933186637328,PASSED,-0.29741262073488145,-0.0004934575537398109,0.001963048681557682,2.8255055687049264,0.0027091037005473116,-0.01077444261163737
2.9675935187037408,PASSED,-0.297413113213654,-0.0004914985941228385,0.0019562335739153934,2.8255082724364557,0.0026983516930551743,-0.010737050745804028
2.9685937187437488,PASSED,-0.2974136037368667,-0.0004895464380753635,0.0019494376965148803,2.825510965434622,0.002687636999992113,-0.010699787941232133
2.969593918783757,PASSED,-0.29741409231131366,-0.00048760106660733325,0.001942660649040625,2.8255136477366873,0.0026769595117202352,-0.010662621825641315
2.970594118823765,PASSED,-0.2974145789437697,-0.0004856624603048821,0.0019359034047247686,2.8255163193798163,0.0026663191431104817,-0.010625533132494978
2.971594318863773,PASSED,-0.29741506364099074,-0.00048373060026403095,0.0019291644649354232,2.825518980401068,0.00265571578435339,-0.01058857584015686
2.972594518903781,PASSED,-0.29741554640971335,-0.00048180546745893563,0.0019224450318686068,2.8255216308373936,0.0026451493146002598,-0.010551732361778855
2.973594718943789,PASSED,-0.29741602725665517,-0.0004798870426730273,0.0019157446219348116,2.8255242707256394,0.0026346196403132516,-0.010514968903827686
2.974594918983797,PASSED,-0.297416506188515,-0.0004779753072586538,0.0019090626093326037,2.8255269001025543,0.0026241266727257246,-0.010478300043326642
2.975595119023805,PASSED,-0.2974169832119725,-0.00047607024198095284,0.0019024003899464658,2.8255295190047804,0.0026136702908105044,-0.010441769829816814
2.976595319063813,PASSED,-0.2974174583336882,-0.0004741718275043275,0.0018957572010778899,2.8255321274688465,0.0026032503746015604,-0.010405347128362085
2.977595519103821,PASSED,-0.2974179315603042,-0.0004722800460374287,0.0018891309774461496,2.82553472553119,0.0025928668543836065,-0.010368968944348293
2.978595719143829,PASSED,-0.29741840289844323,-0.00047039487802087574,0.0018825260426242095,2.825537313228144,0.0025825196251121232,-0.010332736156239709
2.979595919183837,PASSED,-0.2974188723547095,-0.00046851630419154726,0.0018759390204646199,2.825539890595936,0.0025722085555927544,-0.010296625094788386
2.980596119223845,PASSED,-0.2974193399356883,-0.00046664430683587013,0.0018693695791521209,2.8255424576706836,0.0025619335523847236,-0.01026058861685889
2.981596319263853,PASSED,-0.29741980564794623,-0.0004647788664505139,0.0018628209228256107,2.8255450144884144,0.0025516945379022425,-0.010224631726229004
2.982596519303861,PASSED,-0.297420269498031,-0.00046291996426317945,0.0018562896970070156,2.8255475610850422,0.002541491380341082,-0.010188841451115137
2.983596719343869,PASSED,-0.2974207314924718,-0.0004610675821619127,0.001849777037439956,2.825550097496384,0.002531323977802155,-0.010153109930801773
2.984596919383877,PASSED,-0.29742119163777897,-0.00045922170115486485,0.00184328365345311,2.825552623758157,0.0025211922591995943,-0.010117457717066689
2.985597119423885,PASSED,-0.2974216499404445,-0.00045738230252100986,0.00183680862078953,2.825555139905969,0.0025110960905333525,-0.010081975965692103
2.986597319463893,PASSED,-0.2974221064069414,-0.00045554936766290416,0.0018303523496499018,2.8255576459753344,0.0025010353760279757,-0.010046540198499343
2.987597519503901,PASSED,-0.2974225610437245,-0.00045372287854446606,0.0018239136309634988,2.825560142001661,0.0024910100337406016,-0.010011210346623889
2.988597719543909,PASSED,-0.29742301385722975,-0.0004519028161388436,0.001817494922061838,2.8255626280202493,0.0024810199305806313,-0.009976031702201134
2.989597919583917,PASSED,-0.297423464853875,-0.00045008916208203007,0.0018110934799812168,2.825565104066311,0.002471064988155043,-0.00994088290784646
2.990598119623925,PASSED,-0.29742391404005936,-0.0004482818981742562,0.001804710859635632,2.8255675701749525,0.002461145116955566,-0.009905863393896482
2.991598319663933,PASSED,-0.2974243614221635,-0.0004464810056382571,0.0017983469869080797,2.8255700263811736,0.002451260176465559,-0.009870991887414386
2.992598519703941,PASSED,-0.29742480700654994,-0.00044468646641439204,0.0017920007151696392,2.8255724727198777,0.002441410089054678,-0.009836151093192552
2.993598719743949,PASSED,-0.29742525079956267,-0.0004428982620147014,0.001785673522704657,2.825574909225866,0.00243159476982999,-0.009801431312351661
2.994598919783957,PASSED,-0.29742569280752734,-0.0004411163739131768,0.0017793644874044587,2.825577335933846,0.0024218140972493613,-0.00976683342614701
2.995599119823965,PASSED,-0.2974261330367514,-0.00043934078445600995,0.001773072770341809,2.825579752878415,0.0024120679671811875,-0.009732327829524736
2.996599319863973,PASSED,-0.29742657149352414,-0.00043757147513570665,0.0017668003536110484,2.8255821600940765,0.0024023562975328426,-0.009697897527558284
2.997599519903981,PASSED,-0.2974270081841164,-0.0004358084272658125,0.001760546214082907,2.8255845576152323,0.0023926789817412626,-0.00966359463426129
2.998599719943989,PASSED,-0.2974274431147811,-0.00043405162337734065,0.0017543090047311622,2.825586945476186,0.0023830359138402595,-0.009629383412163905
2.999599919983997,PASSED,-0.29742787629175277,-0.00043230104524696536,0.0017480908808046717,2.8255893237111414,0.0023734270019099475,-0.009595264275744208
3.000600120024005,PASSED,-0.297428307721248,-0.0004305566743217376,0.0017418909548431105,2.8255916923542044,0.0023638521496969645,-0.009561244171141983
3.001600320064013,PASSED,-0.2974287374094653,-0.0004288184928856314,0.0017357084236149616,2.8255940514393765,0.0023543112451045833,-0.009527344873207727
3.002600520104021,PASSED,-0.29742916536258507,-0.00042708648301131136,0.0017295441747900517,2.825596401000566,0.0023448041989979664,-0.009493513595555744
3.003600720144029,PASSED,-0.2974295915867698,-0.0004253606265515314,0.0017233979831065493,2.8255987410715773,0.0023353309122890746,-0.00945980211778248
3.004600920184037,PASSED,-0.29743001608816394,-0.0004236409055471937,0.001717269685158514,2.8256010716861257,0.002325891290586013,-0.009426168093248753
3.005601120224045,PASSED,-0.2974304388728941,-0.0004219273021173043,0.0017111592597098355,2.82560339287782,0.0023164852285596023,-0.009392657981851562
3.006601320264053,PASSED,-0.2974308599470688,-0.00042021979833412797,0.0017050667988206937,2.8256057046801746,0.0023071126277617745,-0.009359229341812296
3.007601520304061,PASSED,-0.2974312793167789,-0.0004185183764363709,0.0016989919637147078,2.8256080071266014,0.002297773394319668,-0.009325902842302586
3.008601720344069,PASSED,-0.29743169698809724,-0.00041682301855244314,0.0016929351640697589,2.8256103002504216,0.0022884674329252492,-0.009292667095828887
3.009601920384077,PASSED,-0.29743211296707917,-0.000415133707155516,0.001686895552165425,2.8256125840848525,0.002279194639005123,-0.009259545136324737
3.010602120424085,PASSED,-0.2974325272597619,-0.0004134504241057191,0.0016808747148845161,2.825614858663019,0.002269954920714866,-0.009226500392878935
3.011602320464093,PASSED,-0.29743293987216524,-0.00041177315178955,0.0016748707170255734,2.8256171240179464,0.0022607481818177175,-0.009193564566662116
3.012602520504101,PASSED,-0.2974333508102913,-0.0004101018730355394,0.0016688841120006531,2.8256193801825646,0.002251574321780784,-0.009160723683781315
3.013602720544109,PASSED,-0.29743376008012423,-0.0004084365694915128,0.001662916498710628,2.8256216271897014,0.002242433240496309,-0.009127986351603966
3.014602920584117,PASSED,-0.2974341676876308,-0.00040677722362744315,0.001656965440975602,2.825623865072102,0.002233324861681197,-0.009095307124116781
3.015603120624125,PASSED,-0.29743457363876025,-0.0004051238186684138,0.0016510313043985184,2.8256260938623954,0.002224249060640345,-0.009062796985342667
3.016603320664133,PASSED,-0.2974349779394441,-0.0004034763365323454,0.0016451160238483682,2.8256283135931324,0.0022152057538685314,-0.009030313296127692
3.017603520704141,PASSED,-0.29743538059559643,-0.0004018347591729226,0.0016392182498056861,2.825630524296752,0.002206194853739535,-0.0089979580175759
3.018603720744149,PASSED,-0.297435781613114,-0.0004001990701680015,0.0016333361749980636,2.8256327260056167,0.0021972162594232807,-0.008965685182040746
3.019603920784157,PASSED,-0.2974361809978759,-0.0003985692517357087,0.0016274732704893416,2.8256349187519745,0.002188269865508559,-0.008933533069841881
3.020604120824165,PASSED,-0.29743657875574375,-0.00039694528576753534,0.001621627766629335,2.8256371025679896,0.002179355585928197,-0.008901443920708584
3.021604320864173,PASSED,-0.2974369748925622,-0.00039532715596334955,0.0016157978292234035,2.8256392774857235,0.0021704733268856995,-0.008869469123690344
3.022604520904181,PASSED,-0.29743736941415827,-0.00039371484491473445,0.0016099865282096122,2.8256414435371515,0.0021616229914780734,-0.008837579596916337
3.023604720944189,PASSED,-0.29743776232634156,-0.00039210833418840097,0.001604193525082701,2.8256436007541508,0.002152804489362791,-0.008805783794192702
3.024604920984197,PASSED,-0.2974381536349048,-0.0003905076076752109,0.001598415171928343,2.825645749168494,0.0021440177053801386,-0.008774117441624953
3.025605121024205,PASSED,-0.29743854334562303,-0.00038891264817751534,0.0015926557148736853,2.825647888811877,0.0021352625733767503,-0.008742475044563837
3.026605321064213,PASSED,-0.29743893146425454,-0.0003873234377246502,0.0015869136115260981,2.8256500197158854,0.0021265389891186926,-0.008710990400386653
3.027605521104221,PASSED,-0.29743931799654005,-0.00038573995956148405,0.001581187864259636,2.8256521419120237,0.0021178468478760116,-0.008679575137544
3.028605721144229,PASSED,-0.2974397029482036,-0.0003841621970831175,0.0015754788877712033,2.8256542554316932,0.002109186069133234,-0.008648247812932741
3.029605921184237,PASSED,-0.2974400863249516,-0.00038259013233443565,0.0015697886559556484,2.825656360306203,0.0021005565506679665,-0.008617032233490694
3.030606121224245,PASSED,-0.2974404681324739,-0.0003810237488214071,0.0015641134177437632,2.8256584565667744,0.002091958207713452,-0.008585883435196963
3.031606321264253,PASSED,-0.297440848376443,-0.00037946302969386046,0.0015584562674151661,2.8256605442445317,0.002083390945330294,-0.00855484834846524
3.032606521304261,PASSED,-0.29744122706251463,-0.0003779079573759137,0.0015528163516344612,2.8256626233705027,0.0020748546555574847,-0.00852391738903871
3.033606721344269,PASSED,-0.29744160419632754,-0.0003763585155239742,0.001547192185476276,2.8256646939756287,0.0020663492657537726,-0.00849303808016153
3.034606921384277,PASSED,-0.2974419797835033,-0.0003748146868339788,0.0015415863596748118,2.825666756090755,0.002057874681475115,-0.008462281744322352
3.035607121424285,PASSED,-0.297442353829647,-0.00037327645454908204,0.0015359962350447347,2.8256688097466323,0.0020494307899399816,-0.008431631395674646
3.036607321464293,PASSED,-0.29744272634034663,-0.00037174380226127066,0.0015304229896558317,2.825670854973925,0.0020410175213805334,-0.008401026668630542
3.037607521504301,PASSED,-0.29744309732117347,-0.00037021671263714833,0.001524867380433345,2.825672891803198,0.0020326347778154164,-0.008370554829441147
3.038607721544309,PASSED,-0.29744346677768196,-0.0003686951688517058,0.0015193280554487078,2.8256749202649343,0.0020242824627321734,-0.008340155252443712
3.039607921584317,PASSED,-0.29744383471540986,-0.0003671791547073547,0.0015138048702860022,2.8256769403895103,0.0020159604809696203,-0.008309866102625962
3.040608121624325,PASSED,-0.2974442011398782,-0.00036566865330079495,0.0015082990974090102,2.825678952207229,0.002007668757656971,-0.008279628119331969
3.041608321664333,PASSED,-0.2974445660565912,-0.0003641636475335412,0.0015028102138169976,2.8256809557482847,0.0019994071852362932,-0.008249535288241178
3.042608521704341,PASSED,-0.29744492947103685,-0.0003626641216619412,0.0014973363101219409,2.8256829510427934,0.001991175674312659,-0.00821949468056281
3.043608721744349,PASSED,-0.2974452913886861,-0.00036117005840972195,0.0014918812136174777,2.8256849381207725,0.0019829741455361,-0.008189551507223908
3.044608921784357,PASSED,-0.2974456518149936,-0.0003596814413117201,0.0014864410209246702,2.825686917012153,0.001974802498434543,-0.008159710831112051
3.045609121824365,PASSED,-0.2974460107553973,-0.0003581982542952355,0.001481017680191279,2.825688887746777,0.0019666606473704123,-0.008129944552810048
3.046609321864373,PASSED,-0.2974463682153188,-0.00035672048042494065,0.001475611330363802,2.8256908503543823,0.001958548486580289,-0.008100304948332228
3.047609521904381,PASSED,-0.2974467242001632,-0.0003552481033402526,0.0014702209209042634,2.8256928048646377,0.0019504659528596926,-0.008070686235439974
3.048609721944389,PASSED,-0.2974470787153191,-0.0003537811068902393,0.0014648468027526704,2.8256947513071062,0.0019424129442996152,-0.008041223443168913
3.049609921984397,PASSED,-0.2974474317661589,-0.00035231947449003946,0.0014594894651645592,2.825696689711267,0.0019343893527290644,-0.008011836988805648
3.050610122024405,PASSED,-0.29744778335803845,-0.00035086318968210783,0.001454148369776369,2.8256986201065097,0.0019263951189514995,-0.007982498303404292
3.051610322064413,PASSED,-0.2974481334962973,-0.0003494122364036001,0.0014488232176619003,2.8257005425221338,0.0019184301416463614,-0.0079532966396276
3.052610522104421,PASSED,-0.29744848218625886,-0.00034796659842604505,0.0014435144841504557,2.825702456987346,0.0019104943137580417,-0.007924182054114763
3.053610722144429,PASSED,-0.29744882943323014,-0.0003465262592563173,0.0014382222934458532,2.8257043635312717,0.0019025875771873885,-0.007895106248345525
3.054610922184437,PASSED,-0.2974491752425021,-0.0003450912028833565,0.0014329457593041184,2.8257062621829414,0.001894709830252803,-0.00786617405874549
3.055611122224445,PASSED,-0.29744951961934923,-0.0003436614130824322,0.0014276858286711286,2.8257081529712975,0.0018868609670804279,-0.007837322581461746
3.056611322264453,PASSED,-0.2974498625690302,-0.0003422368737787022,0.0014224416204358765,2.825710035925196,0.0018790409251904496,-0.007808521428989089
3.057611522304461,PASSED,-0.2974502040967875,-0.00034081756898174224,0.001417213581309404,2.8257119110734035,0.001871249610547154,-0.0077798434528329454
3.058611722344469,PASSED,-0.2974505442078474,-0.0003394034822992524,0.0014120020832768304,2.825713778444598,0.0018634869182752227,-0.007751258151330334
3.059611922384477,PASSED,-0.2974508829074201,-0.00033799459789539757,0.001406805950906797,2.8257156380673685,0.001855752775427191,-0.0077227326458323454
3.060612122424485,PASSED,-0.2974512202007001,-0.0003365909000326942,0.0014016258039010352,2.825717489970222,0.0018480471034853542,-0.007694298139173365
3.061612322464493,PASSED,-0.2974515560928657,-0.0003351923725782184,0.001396461888192343,2.82571933418157,0.00184036978945463,-0.007665991291758178
3.062612522504501,PASSED,-0.2974518905890792,-0.00033379899919265765,0.0013913143838063433,2.8257211707297434,0.0018327207615992996,-0.007637718897711624
3.063612722544509,PASSED,-0.29745222369448726,-0.0003324107645486837,0.001386181484085692,2.8257229996429856,0.0018250999464011445,-0.007609546065117488
3.064612922584517,PASSED,-0.29745255541422044,-0.00033102765297026354,0.001381064974643157,2.825724820949442,0.0018175072206542693,-0.007581512201380246
3.065613122624525,PASSED,-0.29745288575339357,-0.00032964964784334646,0.0013759652284329993,2.8257266346771863,0.0018099425230832674,-0.00755348781741616
3.066613322664533,PASSED,-0.2974532147171057,-0.00032827673390869837,0.0013708797387915308,2.8257284408541965,0.0018024057768547934,-0.007525585169179369
3.067613522704541,PASSED,-0.29745354231044,-0.00032690889566211457,0.0013658105851119863,2.8257302395083697,0.001794896870640751,-0.007497786910617769
3.068613722744549,PASSED,-0.2974538685384641,-0.0003255461167187981,0.0013607578487860796,2.8257320306675107,0.0017874157258826247,-0.007470049989798476
3.069613922784557,PASSED,-0.29745419340622986,-0.0003241883819080031,0.0013557194521344044,2.825733814359346,0.0017799622732997374,-0.007442387644946396
3.070614122824565,PASSED,-0.29745451691877345,-0.00032283567575238834,0.0013506972912683214,2.825735590611507,0.0017725364054864555,-0.007414854592172368
3.071614322864573,PASSED,-0.2974548390811153,-0.0003214879818667029,0.0013456916152967493,2.825737359451544,0.0017651380355272017,-0.007387380203974725
3.0726145229045807,PASSED,-0.2974551598982606,-0.0003201452854602154,0.001340699600614786,2.8257391209069267,0.0017577671088366605,-0.007359957681585548
3.0736147229445887,PASSED,-0.2974554793751987,-0.0003188075708718429,0.0013357245802110274,2.8257408750050317,0.0017504235113725785,-0.0073326906524131
3.0746149229845967,PASSED,-0.2974557975169035,-0.00031747482202869424,0.0013307650184404365,2.825742621773153,0.0017431071514424216,-0.0073054727819859035
3.0756151230246047,PASSED,-0.29745611432833347,-0.0003161470241646497,0.0013258197611139113,2.8257443612385025,0.0017358179781290434,-0.007278307000973145
3.0766153230646127,PASSED,-0.29745642981443154,-0.0003148241616071394,0.0013208910884412073,2.8257460934282057,0.0017285558872304067,-0.0072512801637457935
3.0776155231046207,PASSED,-0.2974567439801254,-0.0003135062187423108,0.0013159773824202138,2.8257478183693028,0.001721320780914929,-0.007224323749965668
3.0786157231446287,PASSED,-0.2974570568303271,-0.0003121931804168934,0.0013110789540823008,2.82574953608875,0.0017141125980332473,-0.007197422302825659
3.0796159231846367,PASSED,-0.2974573683699336,-0.0003108850314606802,0.0013061956243004605,2.8257512466134203,0.0017069312506281693,-0.007170630806579645
3.0806161232246447,PASSED,-0.2974576786038264,-0.00030958175639728933,0.0013013280227845187,2.825752949970101,0.0016997766380133633,-0.0071439338202905186
3.0816163232646527,PASSED,-0.29745798753687175,-0.0003082833396241611,0.0012964759400240359,2.8257546461854983,0.001692648693638713,-0.0071172847442235055
3.0826165233046607,PASSED,-0.29745829517392075,-0.0003069897664844001,0.0012916379395856079,2.8257563352862314,0.0016855473318558103,-0.007090746475355669
3.0836167233446687,PASSED,-0.29745860151980913,-0.000305701021745299,0.0012868159387781554,2.825758017298839,0.001678472459295872,-0.007064289949660154
3.0846169233846767,PASSED,-0.2974589065793576,-0.0003044170898353478,0.0012820092240665413,2.825759692249778,0.0016714240080555117,-0.007037892100826963
3.0856171234246847,PASSED,-0.29745921035737166,-0.0003031379559943246,0.0012772169189943182,2.8257613601654157,0.0016644018812324384,-0.007011616637904112
3.0866173234646928,PASSED,-0.2974595128586418,-0.0003018636050626619,0.001272440273441624,2.8257630210720444,0.0016574060000209727,-0.006985390927173441
3.0876175235047008,PASSED,-0.2974598140879433,-0.0003005940218144444,0.0012676785647348042,2.825764674995869,0.0016504362911986847,-0.006959254085697996
3.0886177235447088,PASSED,-0.2974601140500365,-0.0002993291913834396,0.0012629316751847231,2.8257663219630103,0.0016434926555132868,-0.00693322341853105
3.0896179235847168,PASSED,-0.29746041274966667,-0.0002980690989421189,0.0012581996187446308,2.8257679619995186,0.001636575032124258,-0.006907223369360287
3.0906181236247248,PASSED,-0.2974607101915642,-0.0002968137292705804,0.0012534830400679133,2.825769595131343,0.0016296833179993398,-0.006881374628623301
3.0916183236647328,PASSED,-0.2974610063804446,-0.0002955630675094522,0.0012487809085017087,2.8257712213843678,0.0016228174369765352,-0.006855551952258869
3.0926185237047408,PASSED,-0.2974613013210083,-0.0002943170989698295,0.0012440936270366133,2.825772840784387,0.0016159773266542425,-0.00682981590231514
3.0936187237447488,PASSED,-0.297461595017941,-0.00029307580863733776,0.0012394214694618684,2.8257744533571167,0.001609162880702913,-0.006804199317338646
3.094618923784757,PASSED,-0.29746188747591346,-0.00029183918154858233,0.0012347641682844883,2.825776059128187,0.0016023740198432342,-0.006778635221238707
3.095619123824765,PASSED,-0.2974621786995818,-0.0002906072033586945,0.0012301208709567634,2.8257776581231533,0.0015956106853122,-0.006753134070898107
3.096619323864773,PASSED,-0.29746246869358745,-0.00028937985921240666,0.0012254929965086012,2.825779250367484,0.001588872774530307,-0.006727761922555965
3.097619523904781,PASSED,-0.29746275746255685,-0.0002881571340368898,0.001220879961522367,2.8257808358865724,0.0015821602099795025,-0.006702432969636626
3.098619723944789,PASSED,-0.2974630450111018,-0.0002869390132228376,0.0012162813824054977,2.825782414705726,0.0015754729219352199,-0.006677191427380257
3.099619923984797,PASSED,-0.2974633313438197,-0.00028572548262451226,0.0012116967422718342,2.8257839868501793,0.0015688108271179927,-0.006652030410458534
3.100620124024805,PASSED,-0.297463616465293,-0.0002845165273856104,0.0012071275699886285,2.825785552345072,0.001562173824455406,-0.006626984164005482
3.101620324064813,PASSED,-0.2974639003800898,-0.0002833121326018977,0.0012025729261954268,2.825787111215485,0.0015555618673974004,-0.00660193898733878
3.102620524104821,PASSED,-0.2974641830927635,-0.00028211228411309335,0.0011980321972102173,2.8257886634863985,0.0015489748586176414,-0.006577055308039524
3.103620724144829,PASSED,-0.2974644646078532,-0.00028091696738178056,0.001193506420714479,2.82579020918273,0.0015424127106750394,-0.006552209698977094
3.104620924184837,PASSED,-0.2974647449298832,-0.00027972616773896584,0.0011889951242148524,2.8257917483293036,0.0015358753596927295,-0.006527445171198286
3.105621124224845,PASSED,-0.29746502406336356,-0.00027853987109713297,0.0011844976535782268,2.8257932809508777,0.0015293627279870192,-0.006502756062051463
3.106621324264853,PASSED,-0.29746530201278987,-0.00027735806268514246,0.0011800155842653674,2.825794807072118,0.0015228747155609655,-0.0064781833353885114
3.107621524304861,PASSED,-0.2974655787826434,-0.00027618072831241055,0.0011755468983762527,2.825796326717622,0.0015164112588996923,-0.006453638878529808
3.108621724344869,PASSED,-0.2974658543773909,-0.0002750078537390199,0.0011710930234002611,2.825797839911902,0.001509972289709507,-0.006429189397955681
3.109621924384877,PASSED,-0.2974661288014851,-0.0002738394244904931,0.0011666533986110681,2.825799346679399,0.0015035577123218324,-0.006404836047487127
3.110622124424885,PASSED,-0.2974664020593641,-0.00027267542642201657,0.0011622278483868005,2.8258008470444635,0.0014971674413298448,-0.006380560954988066
3.111622324464893,PASSED,-0.29746667415545197,-0.00027151584506738516,0.0011578170254611237,2.825802341031381,0.0014908014246805552,-0.006356320445490412
3.112622524504901,PASSED,-0.29746694509415855,-0.00027036066648021296,0.0011534196283129483,2.8258038286643505,0.0014844595718647316,-0.006332207729379193
3.113622724544909,PASSED,-0.2974672148798794,-0.000269209876799819,0.0011490363817813112,2.825805309967501,0.0014781417976136425,-0.006308151932228863
3.114622924584917,PASSED,-0.2974674835169961,-0.00026806346116852136,0.0011446684643085774,2.825806784964873,0.0014718480320453473,-0.006284174659006306
3.115623124624925,PASSED,-0.297467751009876,-0.0002669214058237975,0.0011403132650006267,2.825808253680441,0.0014655782032955114,-0.006260264810388752
3.116623324664933,PASSED,-0.2974680173628723,-0.0002657836970798575,0.0011359723965662747,2.8258097161380964,0.0014593322260579912,-0.006236452188941427
3.117623524704941,PASSED,-0.29746828258032443,-0.0002646503202713573,0.0011316464164561684,2.825811172361646,0.0014531100090388526,-0.006212726905936504
3.118623724744949,PASSED,-0.2974685466665574,-0.00026352126153664533,0.0011273336135492259,2.825812622374843,0.0014469115197187161,-0.0061889975962700185
3.119623924784957,PASSED,-0.2974688096258827,-0.00026239650759436175,0.0011230341614398482,2.8258140662013336,0.0014407366374226233,-0.006165472095974506
3.120624124824965,PASSED,-0.2974690714625975,-0.0002612760438816334,0.0011187500802539942,2.8258155038647126,0.001434585293016249,-0.006141925946640841
3.121624324864973,PASSED,-0.29746933218098526,-0.00026015985625131257,0.0011144793303654993,2.8258169353884854,0.0014284574428671474,-0.006118466284075391
3.122624524904981,PASSED,-0.29746959178531557,-0.00025904793152067314,0.0011102216641553197,2.8258183607960867,0.0014223529760575193,-0.006095133826663522
3.123624724944989,PASSED,-0.297469850279844,-0.0002579402556369892,0.0011059786967031423,2.8258197801108693,0.0014162718154450262,-0.006071845136379652
3.124624924984997,PASSED,-0.29747010766881254,-0.00025683681435890765,0.0011017496656671004,2.8258211933561217,0.0014102139228210314,-0.006048590949071499
3.125625125025005,PASSED,-0.29747036395644927,-0.0002557375946659682,0.001097533044454455,2.8258226005550413,0.0014041791837410783,-0.006025504500540991
3.126625325065013,PASSED,-0.2974706191469686,-0.0002546425826150207,0.0010933313886095188,2.8258240017307603,0.0013981675239049171,-0.006002430059908111
3.127625525105021,PASSED,-0.29747087324457105,-0.0002535517638014472,0.001089143763549567,2.8258253969063376,0.0013921789098265093,-0.005979403424074311
3.128625725145029,PASSED,-0.29747112625344385,-0.00025246512562748086,0.0010849677809108853,2.825826786104751,0.001386213227810353,-0.005956534410877917
3.129625925185037,PASSED,-0.2974713781777601,-0.0002513826540671266,0.001080807413316484,2.825828169348904,0.0013802703966598398,-0.005933695643603281
3.130626125225045,PASSED,-0.2974716290216797,-0.0002503043348250669,0.0010766604612218258,2.82582954666163,0.0013743503810376635,-0.0059108956078915515
3.131626325265053,PASSED,-0.2974718787893487,-0.000249230155559901,0.0010725251344620235,2.825830918065682,0.0013684530790213447,-0.005888239621936813
3.132626525305061,PASSED,-0.2974721274848998,-0.0002481601021257754,0.001068405633901282,2.8258322835837477,0.0013625784148869377,-0.005865613809387511
3.133626725345069,PASSED,-0.29747237511245206,-0.00024709416048183393,0.0010642989839681843,2.8258336432384286,0.0013567263251266777,-0.005843073727508125
3.134626925385077,PASSED,-0.29747262167611116,-0.0002460323183406675,0.001060204245965293,2.825834997052259,0.001350896730613023,-0.005820608371085481
3.135627125425085,PASSED,-0.29747286717996924,-0.000244974561601478,0.0010561250680056573,2.825836345047703,0.0013450895648541982,-0.0057982040173175835
3.136627325465093,PASSED,-0.29747311162810514,-0.00024392087656501462,0.001052058348768502,2.8258376872471453,0.0013393047455216723,-0.0057758962093314445
3.137627525505101,PASSED,-0.2974733550245842,-0.00024287125047986097,0.0010480045760770881,2.825839023672897,0.0013335421981773793,-0.005753648100933688
3.138627725545109,PASSED,-0.29747359737345863,-0.00024182567004242824,0.0010439643450031676,2.825840354347203,0.0013278018643870732,-0.005731457583220998
3.139627925585117,PASSED,-0.29747383867876703,-0.00024078412144573763,0.0010399380978155573,2.825841679292226,0.0013220836550676396,-0.005709377143575132
3.140628125625125,PASSED,-0.297474078944535,-0.0002397465916282289,0.001035924297304152,2.825842998530063,0.0013163875012562657,-0.005687338256573021
3.141628325665133,PASSED,-0.29747431817477465,-0.0002387130676384948,0.0010319237846873838,2.8258443120827312,0.0013107133350688418,-0.005665384807991155
3.142628525705141,PASSED,-0.2974745563734852,-0.00023768353609010748,0.001027936724187272,2.8258456199721858,0.0013050610857844429,-0.005643492268671066
3.143628725745149,PASSED,-0.2974747935446523,-0.0002366579835889731,0.0010239630190990983,2.8258469222203,0.001299430672979949,-0.005621693161709212
3.144628925785157,PASSED,-0.29747502969224876,-0.00023563639727015612,0.0010200018519622347,2.8258482188488805,0.0012938220290084396,-0.00559994451137618
3.145629125825165,PASSED,-0.2974752648202342,-0.00023461876413543345,0.0010160539898962915,2.8258495098796605,0.0012882350882323496,-0.005578271619232604
3.146629325865173,PASSED,-0.29747549893255504,-0.00023360507088715328,0.0010121194205360358,2.8258507953342975,0.001282669762615858,-0.005556694947997543
3.147629525905181,PASSED,-0.2974757320331448,-0.00023259530463220495,0.001008197477889815,2.825852075234385,0.001277125996008769,-0.005535147713150014
3.148629725945189,PASSED,-0.297475964125924,-0.00023158945241247712,0.0010042887142865393,2.8258533496014384,0.0012716037142304066,-0.005513704488503527
3.149629925985197,PASSED,-0.29747619521479995,-0.00023058750106767797,0.0010003930984742349,2.8258546184569067,0.0012661028385666997,-0.005492323113842452
3.150630126025205,PASSED,-0.29747642530366736,-0.0002295894376788587,0.0009965102490492926,2.8258558818221657,0.0012606233079795104,-0.005471002236087518
3.151630326065213,PASSED,-0.29747665439640775,-0.0002285952496196186,0.0009926399327006223,2.825857139718519,0.0012551650458634104,-0.005449768702774676
3.152630526105221,PASSED,-0.29747688249688986,-0.00022760492388618976,0.0009887829339143054,2.8258583921672042,0.0012497279834962531,-0.005428591476745419
3.153630726145229,PASSED,-0.29747710960896956,-0.00022661844734381026,0.000984938948022985,2.8258596391893835,0.0012443120506794498,-0.005407493710175518
3.154630926185237,PASSED,-0.2974773357364899,-0.00022563580770663908,0.0009811067632700117,2.8258608808061494,0.0012389171711073112,-0.005386470146780695
3.155631126225245,PASSED,-0.29747756088328114,-0.0002246569920457363,0.000977288259324619,2.8258621170385263,0.001233543284104781,-0.005365498239696414
3.156631326265253,PASSED,-0.29747778505316086,-0.00022368198722170035,0.0009734825338435034,2.8258633479074717,0.0012281903235276535,-0.005344602135414806
3.157631526305261,PASSED,-0.2974780082499338,-0.00022271078099245212,0.0009696886928513681,2.825864573433864,0.0012228581984303375,-0.005323807071916717
3.158631726345269,PASSED,-0.2974782304773922,-0.00022174336069895388,0.000965908027262828,2.8258657936385196,0.0012175468540969161,-0.005303035841091297
3.159631926385277,PASSED,-0.29747845173931525,-0.00022077971322954278,0.0009621404308432963,2.82586700854218,0.0012122562273561904,-0.005282354007148805
3.160632126425285,PASSED,-0.29747867203947015,-0.00021981982655531595,0.000958384169815826,2.8258682181655264,0.0012069862400863334,-0.00526174277832934
3.161632326465293,PASSED,-0.2974788913816109,-0.00021886368776040992,0.000954641878299469,2.8258694225291627,0.0012017368213770615,-0.00524120266323344
3.162632526505301,PASSED,-0.2974791097694792,-0.00021791128416493133,0.000950911406931323,2.825870621653625,0.0011965079058360605,-0.005220724126179438
3.163632726545309,PASSED,-0.2974793272068043,-0.00021696260372010636,0.0009471931367540239,2.825871815559388,0.0011912994331755207,-0.0052003050167803355
3.164632926585317,PASSED,-0.29747954369730284,-0.00021601763379466623,0.00094348778456417,2.825873004266848,0.0011861113205807019,-0.0051799843135112815
3.165633126625325,PASSED,-0.29747975924467895,-0.0002150763614590226,0.0009397953696966229,2.825874187796335,0.0011809434986162848,-0.005159713731687453
3.166633326665333,PASSED,-0.29747997385262437,-0.00021413877480757322,0.0009361141726178823,2.825875366168115,0.0011757959166994536,-0.005139494040260624
3.167633526705341,PASSED,-0.29748018752481864,-0.00021320486173454355,0.0009324456733041964,2.825876539402387,0.0011706685007762437,-0.005119363845176246
3.168633726745349,PASSED,-0.29748040026492867,-0.00021227460907425426,0.0009287906516126726,2.825877707519271,0.0011655611596818232,-0.005099325927249806
3.169633926785357,PASSED,-0.2974806120766091,-0.0002113480047957241,0.000925146696475153,2.8258788705388356,0.0011604738603611623,-0.005079281582934803
3.170634126825365,PASSED,-0.29748082296350237,-0.00021042503724179751,0.0009215147922275857,2.8258800284810697,0.001155406526045646,-0.00505936947057073
3.171634326865373,PASSED,-0.29748103292923855,-0.0002095056934599869,0.0009178964415325855,2.825881181365899,0.0011503590644517637,-0.005039523009423093
3.172634526905381,PASSED,-0.29748124197743553,-0.0002085899611278235,0.0009142895925839751,2.8258823292131847,0.001145331441064339,-0.005019690306092312
3.173634726945389,PASSED,-0.2974814501116989,-0.00020767782864280864,0.0009106944133021183,2.825883472042713,0.0011403235749734063,-0.004999983280826002
3.174634926985397,PASSED,-0.2974816573356222,-0.00020676928351328063,0.0009071122736786001,2.8258846098742145,0.0011353353951032968,-0.00498031092963171
3.175635127025405,PASSED,-0.2974818636527868,-0.00020586431356077166,0.0009035417383958761,2.8258857427273423,0.001130366843133258,-0.004960712663643513
3.176635327065413,PASSED,-0.2974820690667618,-0.00020496290698408332,0.0008999831355499893,2.825886870621691,0.0011254178497947713,-0.004941180455048737
3.177635527105421,PASSED,-0.29748227358110446,-0.00020406505148316234,0.0008964370778349555,2.825887993576783,0.0011204883457858563,-0.004921719711492497
3.178635727145429,PASSED,-0.29748247719935983,-0.00020317073489264622,0.0008929029323035795,2.8258891116120806,0.0011155782711244062,-0.004902311294755189
3.179635927185437,PASSED,-0.297482679925061,-0.00020227994531564126,0.0008893806734725726,2.8258902247469804,0.0011106875639876855,-0.0048829710313646624
3.180636127225445,PASSED,-0.29748288176172905,-0.00020139267116077312,0.0008858698091318299,2.8258913330007998,0.001105816132300727,-0.004863738790688141
3.181636327265453,PASSED,-0.29748308271287316,-0.00020050890004488678,0.0008823719870559626,2.8258924363928104,0.0011009639421085664,-0.004844491126475465
3.182636527305461,PASSED,-0.2974832827819905,-0.00019962861996716865,0.0008788854714928624,2.8258935349422067,0.0010961309286412083,-0.004825361694613369
3.183636727345469,PASSED,-0.29748348197256647,-0.00019875181961197345,0.0008754102776634328,2.825894628668116,0.0010913169876417056,-0.004806327202762409
3.184636927385477,PASSED,-0.2974836802880745,-0.00019787848664920048,0.0008719480861793092,2.825895717589607,0.001086522088833146,-0.004787279879090844
3.185637127425485,PASSED,-0.29748387773197615,-0.00019700860923705987,0.0008684969627814645,2.8258968017256816,0.0010817461767187828,-0.004768333604544553
3.186637327465493,PASSED,-0.2974840743077214,-0.00019614217607021245,0.0008650573028914159,2.8258978810952784,0.001076989153187531,-0.004749483482389898
3.187637527505501,PASSED,-0.2974842700187483,-0.0001952791751198122,0.000861630048739487,2.8258989557172667,0.001072250964511497,-0.0047306588051299866
3.188637727545509,PASSED,-0.29748446486848307,-0.00019441959426771198,0.0008582147210074081,2.8259000256104523,0.001067531560778648,-0.004711900351328798
3.189637927585517,PASSED,-0.29748465886034053,-0.0001935634226825949,0.0008548094945235061,2.8259010907935838,0.0010628308710641547,-0.004693215956603124
3.190638127625525,PASSED,-0.29748485199772357,-0.00019271064814282087,0.0008514179032743808,2.8259021512853373,0.0010581488209786985,-0.004674606171358168
3.191638327665533,PASSED,-0.29748504428402356,-0.00019186125870078636,0.0008480371345412502,2.8259032071043326,0.001053485360979249,-0.0046560292181770805
3.192638527705541,PASSED,-0.29748523572262014,-0.00019101524362129596,0.000844667042789827,2.825904258269118,0.0010488404205958683,-0.0046375478268497385
3.193638727745549,PASSED,-0.2974854263168815,-0.00019017259081016764,0.0008413099900206292,2.8259053047981815,0.0010442139284062208,-0.004619121764845779
3.194638927785557,PASSED,-0.2974856160701642,-0.00018933328861337666,0.0008379636679711872,2.82590634670995,0.0010396058390433384,-0.004600734428240085
3.195639127825565,PASSED,-0.29748580498581345,-0.00018849732616886935,0.0008346282955314042,2.8259073840227846,0.0010350160796454677,-0.0045824427109578325
3.196639327865573,PASSED,-0.2974859930671626,-0.00018766469103662052,0.0008313063567271211,2.8259084167549853,0.001030444582357574,-0.004564200339184412
3.197639527905581,PASSED,-0.29748618031753404,-0.00018683537265638342,0.0008279930625770671,2.8259094449247875,0.0010258912931289462,-0.004546015154923428
3.198639727945589,PASSED,-0.2974863667402383,-0.00018600935934602348,0.0008246934755485235,2.8259104685503638,0.0010213561461470011,-0.00452790153329263
3.199639927985597,PASSED,-0.29748655233857474,-0.00018518663924533017,0.0008214045174565286,2.825911487649827,0.0010168390783300918,-0.004509845339320261
3.200640128025605,PASSED,-0.29748673711583123,-0.0001843672017043374,0.0008181262233502768,2.8259125022412257,0.0010123400304978016,-0.0044918494942703955
3.201640328065613,PASSED,-0.29748692107528457,-0.0001835510353001471,0.0008148598580836748,2.8259135123425434,0.0010078589321434511,-0.00447393092773685
3.202640528105621,PASSED,-0.29748710422019997,-0.0001827381282778872,0.0008116051317106929,2.8259145179717047,0.001003395726016829,-0.004456056259212464
3.203640728145629,PASSED,-0.29748728655383155,-0.00018192846969090117,0.0008083608905029539,2.825915519146576,0.0009989503631968014,-0.004438233860571066
3.204640928185637,PASSED,-0.29748746807942206,-0.00018112204855408692,0.0008051279676884559,2.8259165158849533,0.000994522758754261,-0.0044205181638530275
3.205641128225645,PASSED,-0.29748764880020306,-0.0001803188531045044,0.0008019071041785705,2.825917508204582,0.0009901128676060174,-0.004402806471170895
3.206641328265653,PASSED,-0.297487828719395,-0.0001795188725073145,0.0007986962591974592,2.8259184961231325,0.00098572062429701,-0.004385201200898459
3.207641528305661,PASSED,-0.2974880078402072,-0.00017872209598171626,0.0007954967031987508,2.8259194796582277,0.0009813459645152333,-0.004367632169028617
3.208641728345669,PASSED,-0.2974881861658376,-0.0001779285115989686,0.0007923095024469074,2.825920458827422,0.0009769888354539985,-0.004350126989372313
3.209641928385677,PASSED,-0.29748836369947357,-0.00017713810887580152,0.0007891315369805177,2.8259214336482086,0.0009726491643438142,-0.00433270052405908
3.210642128425685,PASSED,-0.2974885404442909,-0.00017635087679239203,0.0007859657810288093,2.8259224041380233,0.0009683268991167162,-0.004315308362457267
3.211642328465693,PASSED,-0.29748871640345464,-0.00017556680388724626,0.0007828109878904348,2.8259233703142383,0.0009640219808691367,-0.004297991504327565
3.212642528505701,PASSED,-0.29748889158011876,-0.0001747858797074435,0.0007796663077443103,2.82592433219417,0.0009597343444659115,-0.004280733002490114
3.213642728545709,PASSED,-0.2974890659774262,-0.00017400809296658725,0.000776533696264182,2.8259252897950686,0.0009554639279852841,-0.004263538799385566
3.214642928585717,PASSED,-0.2974892395985091,-0.00017323343266997376,0.0007734113635130229,2.8259262431341305,0.0009512106798591149,-0.004246387677358225
3.215643128625725,PASSED,-0.2974894124464886,-0.00017246188845647617,0.0007702994468206434,2.8259271922284857,0.0009469745311189659,-0.004229322782009481
3.216643328665733,PASSED,-0.29748958452447494,-0.00017169344888478936,0.0007671996549309169,2.8259281370952114,0.0009427554282151824,-0.004212289651632896
3.217643528705741,PASSED,-0.2974897558355675,-0.00017092810292421273,0.0007641101643404262,2.825929077751319,0.0009385533111202878,-0.004195335390402283
3.218643728745749,PASSED,-0.29748992638285515,-0.00017016584082140147,0.0007610300617918155,2.825930014213763,0.0009343681135703781,-0.004178438989581276
3.2196439287857572,PASSED,-0.2974900961694154,-0.00016940665096436906,0.0007579630538594901,2.8259309464994438,0.0009301997909402339,-0.004161578390519458
3.2206441288257652,PASSED,-0.2974902651983155,-0.0001686505224309333,0.0007549055198199262,2.825931874625194,0.0009260482721440111,-0.004144812400025035
3.2216443288657732,PASSED,-0.2974904334726117,-0.00016789744530529133,0.0007518581961900131,2.8259327986077865,0.0009219134869329744,-0.004128100418377699
3.2226445289057812,PASSED,-0.29749060099534974,-0.00016714740849015083,0.0007488225611075144,2.8259337184639506,0.0009177954147141483,-0.00411138675245843
3.2236447289457892,PASSED,-0.2974907677695645,-0.00016640040096479775,0.0007457975015168453,2.825934634210341,0.000913693969404597,-0.004094817680946653
3.2246449289857972,PASSED,-0.29749093379828034,-0.00016565641268182155,0.0007427821372824064,2.825935545863562,0.0009096090807666238,-0.0040782692759907865
3.2256451290258052,PASSED,-0.29749109908451105,-0.00016491543290365052,0.0007397782054301141,2.8259364534401525,0.0009055407156116519,-0.004061762407625933
3.2266453290658133,PASSED,-0.2974912636312596,-0.00016417745057855103,0.0007367850715457445,2.8259373569566084,0.0009014888236780532,-0.004045311617580771
3.2276455291058213,PASSED,-0.29749142744151874,-0.00016344245594429398,0.0007338010093979262,2.8259382564293465,0.0008974533067052289,-0.0040289872096533055
3.2286457291458293,PASSED,-0.29749159051827045,-0.00016271043820288386,0.0007308288960848918,2.8259391518747465,0.0008934341384656153,-0.0040126222595872375
3.2296459291858373,PASSED,-0.2974917528644863,-0.0001619813863837059,0.0007278671012400114,2.8259400433091137,0.0008894312645412547,-0.00399637503420957
3.2306461292258453,PASSED,-0.29749191448312745,-0.00016125529074152638,0.0007249146694725257,2.825940930748705,0.0008854446002959703,-0.003980190386000975
3.2316463292658533,PASSED,-0.29749207537714456,-0.00016053214064153963,0.0007219737203295617,2.825941814209722,0.0008814741179877998,-0.0039640102562833925
3.2326465293058613,PASSED,-0.2974922355494779,-0.00015981192519259053,0.0007190432680288252,2.8259426937083,0.0008775197445637976,-0.003947948869148071
3.2336467293458693,PASSED,-0.2974923950030573,-0.00015909463474052604,0.0007161219080882702,2.825943569260529,0.0008735814241450583,-0.003931901451799982
3.2346469293858773,PASSED,-0.2974925537408024,-0.00015838025888443563,0.0007132118214251387,2.8259444408824317,0.0008696591072172922,-0.003915927245076968
3.2356471294258853,PASSED,-0.2974927117656224,-0.0001576687866946964,0.0007103124352819618,2.825945308589982,0.0008657527303356695,-0.0039000099726533622
3.2366473294658933,PASSED,-0.2974928690804163,-0.00015696020844466438,0.0007074221265320522,2.8259461723990924,0.000861862238329837,-0.003884146694618603
3.2376475295059013,PASSED,-0.2974930256880727,-0.0001562545140041351,0.0007045426498607335,2.8259470323256193,0.0008579875748562288,-0.003868341326268152
3.2386477295459093,PASSED,-0.29749318159147004,-0.0001555516926223261,0.0007016738697745308,2.825947888385364,0.0008541286854529441,-0.003852588121295517
3.2396479295859173,PASSED,-0.29749333679347667,-0.00015485173444057328,0.0006988143897383425,2.825948740594079,0.0008502855234227034,-0.0038368779695375785
3.2406481296259253,PASSED,-0.2974934912969506,-0.0001541546293328914,0.0006959655863108961,2.825949588967446,0.0008464580107640588,-0.003821269118049136
3.2416483296659333,PASSED,-0.29749364510473975,-0.0001534603670463984,0.0006931267532810602,2.825950433521102,0.0008426461024884854,-0.00380566771392302
3.2426485297059413,PASSED,-0.297493798219682,-0.00015276893769979643,0.0006902977421492114,2.825951274270628,0.0008388497618169095,-0.0037901226433446084
3.2436487297459493,PASSED,-0.29749395064460515,-0.0001520803308503611,0.000687479587626083,2.825952111231545,0.0008350689060310345,-0.0037746778808951647
3.2446489297859573,PASSED,-0.29749410238232665,-0.00015139453648144795,0.0006846708897712028,2.8259529444193214,0.000831303484467876,-0.003759250684667312
3.2456491298259653,PASSED,-0.29749425343565444,-0.00015071154525294768,0.0006818714543196239,2.82595377384937,0.0008275534604748048,-0.0037438728653404886
3.2466493298659733,PASSED,-0.297494403807386,-0.0001500313464435854,0.0006790837127240624,2.8259545995370496,0.0008238187638681787,-0.0037285791008166737
3.2476495299059813,PASSED,-0.297494553500309,-0.00014935392993922818,0.0006763050321126474,2.8259554214976657,0.0008200993401288664,-0.0037133201649761378
3.2486497299459893,PASSED,-0.2974947025172012,-0.00014867928672955148,0.0006735353280527481,2.8259562397464673,0.0008163951452826551,-0.003698111300368161
3.2496499299859973,PASSED,-0.2974948508608305,-0.00014800740643876897,0.000670776932602371,2.8259570542986445,0.000812706108449033,-0.003682987189124713
3.2506501300260053,PASSED,-0.2974949985339547,-0.00014733827853776407,0.0006680285466066154,2.8259578651693413,0.0008090321878588993,-0.003667876190806147
3.2516503300660133,PASSED,-0.29749514553932205,-0.00014667189429104868,0.0006652880467878981,2.82595867237364,0.0008053733279683672,-0.003652849023682787
3.2526505301060213,PASSED,-0.2974952918796706,-0.00014600824335350118,0.00066255953138722,2.825959475926582,0.0008017294803285094,-0.0036378467173076735
3.2536507301460293,PASSED,-0.2974954375577289,-0.00014534731570256223,0.0006598397306401033,2.825960275843136,0.0007981005744349829,-0.0036229453443390514
3.2546509301860373,PASSED,-0.2974955825762156,-0.00014468910215230816,0.0006571294299967248,2.8259610721382313,0.0007944865629196431,-0.0036080556293403366
3.2556511302260454,PASSED,-0.29749572693783966,-0.00014403359252302572,0.0006544297621396079,2.825961864826738,0.0007908874092460119,-0.0035932190364919214
3.2566513302660534,PASSED,-0.29749587064530025,-0.00014338077715356386,0.000651739107676705,2.825962653923477,0.0007873030433698485,-0.0035784637692777076
3.2576515303060614,PASSED,-0.297496013701287,-0.00014273064666111315,0.0006490580823000464,2.8259634394432083,0.0007837334045252128,-0.0035637555615409115
3.2586517303460694,PASSED,-0.2974961561084796,-0.00014208319115501,0.0006463871219719198,2.8259642214006497,0.0007801784658839575,-0.0035490606943983797
3.2596519303860774,PASSED,-0.29749629786954834,-0.00014143840075672077,0.0006437259158340914,2.8259649998104575,0.0007766381586795332,-0.0035344715444413518
3.2606521304260854,PASSED,-0.2974964389871539,-0.00014079626656039143,0.0006410730499928256,2.8259657746872375,0.0007731124179012352,-0.0035199202675358083
3.2616523304660934,PASSED,-0.29749657946394725,-0.00014015677855882278,0.0006384313026192092,2.8259665460455423,0.0007696012128002264,-0.0035053949899908187
3.2626525305061014,PASSED,-0.2974967193025699,-0.00013951992694937542,0.0006357984806661499,2.8259673138998758,0.0007661044900253664,-0.0034909412981060195
3.2636527305461094,PASSED,-0.2974968585056539,-0.0001388857030883552,0.0006331741145896087,2.825968078264685,0.0007626221791879954,-0.0034765571968810617
3.2646529305861174,PASSED,-0.2974969970758216,-0.0001382540966248162,0.0006305613628385763,2.825968839154369,0.0007591542439694005,-0.003462187233070743
3.2656531306261254,PASSED,-0.2974971350156861,-0.00013762509819884708,0.0006279564680561526,2.825969596583271,0.0007557006307759999,-0.003447897166953752
3.2666533306661334,PASSED,-0.29749727232785095,-0.00013699869930395314,0.0006253605127857927,2.8259703505656866,0.0007522612796673131,-0.0034336537365085742
3.2676535307061414,PASSED,-0.2974974090149103,-0.0001363748895534289,0.0006227759090165576,2.825971101115854,0.0007488361445229147,-0.0034194560829917823
3.2686537307461494,PASSED,-0.2974975450794489,-0.0001357536595784499,0.0006201993522873019,2.825971848247966,0.0007454251790887216,-0.003405305001660545
3.2696539307861574,PASSED,-0.29749768052404235,-0.00013513500088100554,0.0006176315942157469,2.8259725919761607,0.0007420283232479698,-0.003391223066812737
3.2706541308261654,PASSED,-0.29749781535125647,-0.0001345189033186834,0.0006150748743930518,2.825973332314526,0.0007386455283443876,-0.0033771761280952683
3.2716543308661734,PASSED,-0.2974979495636482,-0.00013390535773678513,0.0006125260535683884,2.825974069277098,0.0007352767470830447,-0.003363184683507757
3.2726545309061814,PASSED,-0.2974980831637651,-0.0001332943553354892,0.0006099866331142803,2.8259748028778646,0.0007319219283259727,-0.003349241472781649
3.2736547309461894,PASSED,-0.2974982161541453,-0.00013268588650164554,0.000607456967663273,2.8259755331307557,0.0007285810100866993,-0.0033353694169345987
3.2746549309861974,PASSED,-0.2974983485373179,-0.00013207994198159828,0.0006049362216366048,2.825976260049657,0.0007252539525990387,-0.0033215162014778774
3.2756551310262054,PASSED,-0.2974984803158029,-0.00013147651299298037,0.0006024241666054137,2.825976983648406,0.0007219407162169091,-0.0033077165025641874
3.2766553310662134,PASSED,-0.2974986114921107,-0.00013087558983315372,0.0005999224886408283,2.825977703940783,0.0007186412274020729,-0.0032940036896843008
3.2776555311062214,PASSED,-0.29749874206874316,-0.00013027716381958042,0.0005974283635282935,2.8259784209405217,0.0007153554423927193,-0.003280305889133224
3.2786557311462294,PASSED,-0.29749887204819253,-0.00012968122566281757,0.0005949446855858765,2.825979134661308,0.0007120833309953847,-0.0032666484028022282
3.2796559311862374,PASSED,-0.29749900143294217,-0.0001290877661657203,0.0005924693714381692,2.825979845116772,0.0007088248167088387,-0.003253091542375283
3.2806561312262454,PASSED,-0.29749913022546653,-0.00012849677684444676,0.0005900026211638088,2.8259805523204986,0.0007055798583754911,-0.0032395361939957824
3.2816563312662534,PASSED,-0.29749925842823066,-0.00012790824791443256,0.0005875464692478339,2.8259812562860245,0.0007023484247878984,-0.003226031849990671
3.2826565313062614,PASSED,-0.297499386043691,-0.0001273221707951824,0.0005850975525850356,2.8259819570268325,0.0006991304413229745,-0.003212617874879293
3.2836567313462695,PASSED,-0.29749951307429473,-0.00012673853668485448,0.0005826584821565101,2.825982654556355,0.0006959258582844068,-0.0031992264810267322
3.2846569313862775,PASSED,-0.2974996395224802,-0.0001261573362119798,0.0005802284666867784,2.825983348887983,0.0006927346561316231,-0.003185852600621642
3.2856571314262855,PASSED,-0.2974997653906769,-0.00012557856087219016,0.0005778065885248709,2.8259840400350527,0.0006895567630502328,-0.003172586735236108
3.2866573314662935,PASSED,-0.2974998906813053,-0.00012500220149963467,0.0005753945619092772,2.825984728010851,0.000686392119543433,-0.0031593480211756777
3.2876575315063015,PASSED,-0.29750001539677695,-0.00012442824916749,0.0005729908456349317,2.825985412828623,0.0006832407109985873,-0.0031461155606257577
3.2886577315463095,PASSED,-0.29750013953949483,-0.0001238566955429839,0.0005705954770868596,2.8259860945015536,0.0006801024620023175,-0.003133004620032397
3.2896579315863175,PASSED,-0.29750026311185274,-0.0001232875312521627,0.0005682101666440684,2.825986773042791,0.0006769773251120682,-0.0031198917370606227
3.2906581316263255,PASSED,-0.2975003861162359,-0.00012272074780114364,0.00056583230726904,2.8259874484654235,0.0006738652641134145,-0.0031068405063824516
3.2916583316663335,PASSED,-0.29750050855502086,-0.00012215633661508306,0.0005634637719216159,2.8259881207825055,0.0006707662315509017,-0.0030938272665996538
3.2926585317063415,PASSED,-0.2975006304305752,-0.00012159428840481705,0.0005611045024956082,2.825988790007031,0.0006676801670008738,-0.003080889405646679
3.2936587317463495,PASSED,-0.29750075174525786,-0.00012103459484037102,0.0005587529390796424,2.825989456151953,0.0006646070282720904,-0.003067971610874586
3.2946589317863575,PASSED,-0.29750087250141916,-0.00012047724746774334,0.0005564103283263893,2.825990119230172,0.0006615467738414518,-0.0030551096438146325
3.2956591318263655,PASSED,-0.2975009927014008,-0.00011992223737490002,0.0005540766025212816,2.825990779254546,0.0006584993488769797,-0.0030423018449105494
3.2966593318663735,PASSED,-0.2975011123475357,-0.00011936955570893456,0.0005517517082615786,2.8259914362378833,0.0006554647089979473,-0.0030295319017804613
3.2976595319063815,PASSED,-0.2975012314421482,-0.0001188191943409179,0.0005494344745200582,2.8259920901929463,0.0006524428094555184,-0.003016811302861183
3.2986597319463895,PASSED,-0.2975013499875541,-0.00011827114444990801,0.0005471268353364536,2.825992741132442,0.000649433588562486,-0.0030041606198131093
3.2996599319863975,PASSED,-0.29750146798606075,-0.00011772539738361953,0.0005448272202565,2.825993389069047,0.0006464370258052106,-0.0029914975155834913
3.300660132026405,PASSED,-0.29750158543996674,-0.00011718194493528102,0.0005425359337265064,2.8259940340153737,0.0006434530560953595,-0.0029789511726963968
3.301660332066413,PASSED,-0.29750170235156237,-0.00011664077843606617,0.0005402535428737678,2.8259946759839973,0.0006404816222411853,-0.002966422308492683
3.302660532106421,PASSED,-0.2975018187231293,-0.00011610188931579111,0.0005379795052092445,2.8259953149874475,0.0006375227113988258,-0.0029539031982708814
3.303660732146429,PASSED,-0.2975019345569409,-0.00011556526936810814,0.000535713575998803,2.8259959510382044,0.0006345762574895486,-0.002941487716614733
3.304660932186437,PASSED,-0.2975020498552619,-0.00011503090990696937,0.0005334567178987566,2.8259965841487027,0.0006316422001397662,-0.0029291037718943273
3.305661132226445,PASSED,-0.29750216462034884,-0.00011449880278471899,0.0005312073918181039,2.8259972143313252,0.0006287205108867483,-0.0029167462404334856
3.306661332266453,PASSED,-0.2975022788544497,-0.0001139689396444615,0.0005289669725503979,2.8259978415984213,0.0006258111558354585,-0.0029044275918608553
3.307661532306461,PASSED,-0.29750239255980426,-0.00011344131202049832,0.0005267347249050436,2.8259984659622814,0.0006229140591837426,-0.0028922093582858053
3.308661732346469,PASSED,-0.2975025057386439,-0.00011291591146018794,0.0005245111172472723,2.8259990874351613,0.0006200291921723478,-0.002879972113467335
3.309661932386477,PASSED,-0.2975026183931917,-0.00011239272981916892,0.0005222953235335179,2.8259997060292608,0.0006171565143559005,-0.0028678149517673552
3.310662132426485,PASSED,-0.29750273052566245,-0.00011187175915767383,0.0005200875534694548,2.826000321756745,0.0006142959694518306,-0.002855698205604958
3.311662332466493,PASSED,-0.29750284213826284,-0.00011135299094873309,0.0005178886459216057,2.826000934629726,0.0006114475167845624,-0.0028436223083769733
3.312662532506501,PASSED,-0.29750295323319104,-0.00011083641648188149,0.0005156983474716234,2.8260015446602713,0.0006086111093540827,-0.0028315975118816733
3.313662732546509,PASSED,-0.29750306381263736,-0.00011032202853869619,0.0005135143403277409,2.8260021518604064,0.0006057867035253423,-0.002819611373312628
3.314662932586517,PASSED,-0.29750317387878367,-0.00010980981854116325,0.0005113404356697282,2.8260027562421146,0.0006029742629157126,-0.0028076601005077983
3.315663132626525,PASSED,-0.29750328343380383,-0.00010929977770253452,0.0005091744406014066,2.8260033578173234,0.0006001737218829053,-0.0027957949876735973
3.316663332666533,PASSED,-0.2975033924798635,-0.00010879189898754541,0.0005070148979142386,2.8260039565979267,0.0005973850504968209,-0.002783922318358302
3.317663532706541,PASSED,-0.29750350101912043,-0.00010828617406150711,0.0005048649447876687,2.82600455259577,0.000594608215244703,-0.002772110541290934
3.318663732746549,PASSED,-0.29750360905372397,-0.00010778259396533847,0.0005027235304226219,2.826005145822657,0.0005918431511151151,-0.0027603665217859627
3.319663932786557,PASSED,-0.29750371658581565,-0.00010728115165319255,0.0005005881666281153,2.826005736290341,0.0005890898154982898,-0.0027486483468516314
3.320664132826565,PASSED,-0.297503823617529,-0.00010678183913155517,0.0004984620916435664,2.8260063240105384,0.000586348182783879,-0.0027369556261170203
3.321664332866573,PASSED,-0.29750393015098936,-0.00010628464754501646,0.0004963445831354835,2.826006908994914,0.0005836181894560375,-0.002725351795657695
3.322664532906581,PASSED,-0.2975040361883143,-0.00010578956960000249,0.0004942335195996291,2.8260074912551,0.0005808998024729072,-0.0027137437747788112
3.323664732946589,PASSED,-0.2975041417316133,-0.00010529659748360583,0.0004921311809280083,2.8260080708026716,0.000578192977489651,-0.002702212455574433
3.324664932986597,PASSED,-0.297504246782988,-0.00010480572260946232,0.0004900373362872022,2.826008647649171,0.0005754976641981082,-0.002690713848855114
3.325665133026605,PASSED,-0.2975043513445321,-0.00010431693772806628,0.0004879499114685848,2.826009221806091,0.0005728138258961966,-0.002679254603949196
3.326665333066613,PASSED,-0.29750445541833154,-0.00010383023487488781,0.0004858714809850702,2.826009793284884,0.0005701414210251601,-0.002667838382427932
3.327665533106621,PASSED,-0.29750455900646416,-0.00010334560593110685,0.0004838005856448801,2.826010362096961,0.0005674804020028455,-0.0026564727822390153
3.328665733146629,PASSED,-0.29750466211100013,-0.00010286304308012498,0.00048173769453986907,2.8260109282536847,0.000564830723536288,-0.002645148922769884
3.329665933186637,PASSED,-0.29750476473400184,-0.00010238253884149448,0.00047968193469093265,2.826011491766377,0.0005621923475159011,-0.002633860752131409
3.330666133226645,PASSED,-0.29750486687752387,-0.00010190408545036275,0.0004776343620922763,2.826012052646323,0.0005595652379994203,-0.0026226086927136454
3.331666333266653,PASSED,-0.297504968543613,-0.00010142767476212813,0.0004755949056628243,2.826012610904757,0.0005569493379226294,-0.0026114276661757933
3.332666533306661,PASSED,-0.29750506973430835,-0.00010095329930710789,0.00047356248792521755,2.8260131665528734,0.0005543446069073991,-0.002600266581266509
3.333666733346669,PASSED,-0.2975051704516414,-0.00010048095170823202,0.00047153767284296115,2.8260137196018245,0.0005517510151371642,-0.002589141896213909
3.334666933386677,PASSED,-0.29750527069763566,-0.00010001062359104458,0.0004695217467504377,2.8260142700627284,0.0005491685217152091,-0.0025780611057826756
3.335667133426685,PASSED,-0.2975053704743073,-9.954230772905843e-05,0.0004675119388099706,2.8260148179466444,0.0005465970570091377,-0.0025670671062639
3.336667333466693,PASSED,-0.29750546978366477,-9.907599688127947e-05,0.0004655101204249621,2.8260153632646037,0.0005440366029109754,-0.0025560454260945657
3.337667533506701,PASSED,-0.2975055686277088,-9.861168264267593e-05,0.00046351698405592916,2.8260159060275916,0.0005414871284525495,-0.002545093813313717
3.338667733546709,PASSED,-0.2975056670084327,-9.814935772780225e-05,0.0004615302020855193,2.8260164462465487,0.0005389485573262961,-0.0025342226682130735
3.339667933586717,PASSED,-0.29750576492782194,-9.768901501207465e-05,0.0004595510581556595,2.826016983932382,0.0005364208748046012,-0.0025233224240163036
3.340668133626725,PASSED,-0.2975058623878548,-9.723064663016172e-05,0.00045757993108442815,2.826017519095946,0.0005339040377973938,-0.0025125133960015506
3.341668333666733,PASSED,-0.29750595939050195,-9.677424499498126e-05,0.00045561610457783337,2.826018051748068,0.000531397995341075,-0.002501728496530302
3.342668533706741,PASSED,-0.29750605593772633,-9.631980273686352e-05,0.000453659693810997,2.8260185818995143,0.0005289027001330671,-0.002491006348993101
3.343668733746749,PASSED,-0.29750615203148373,-9.586731252276358e-05,0.00045171056095923986,2.8260191095610323,0.0005264181353943782,-0.002480270331819624
3.3446689337867572,PASSED,-0.2975062476737223,-9.541676671946425e-05,0.0004497692981927097,2.826019634743316,0.0005239442505370573,-0.002469627874321768
3.3456691338267652,PASSED,-0.29750634286638283,-9.496815787371054e-05,0.0004478352107943927,2.82602015745702,0.0005214809840949322,-0.0024590254873270425
3.3466693338667732,PASSED,-0.2975064376113987,-9.452147881335256e-05,0.00044590829340036337,2.8260206777127577,0.0005190283181889151,-0.0024484261851437203
3.3476695339067812,PASSED,-0.297506531910696,-9.40767222512742e-05,0.0004439887411970296,2.8260211955211045,0.0005165862152455051,-0.0024378874489208086
3.3486697339467892,PASSED,-0.29750662576619336,-9.36338806584497e-05,0.000442076827242814,2.8260217108925985,0.0005141546215512962,-0.0024273978577345192
3.3496699339867972,PASSED,-0.2975067191798021,-9.319294634627543e-05,0.00044017263546191607,2.8260222238377266,0.0005117334928727698,-0.0024169492257209765
3.3506701340268052,PASSED,-0.29750681215342634,-9.275391291730681e-05,0.00043827395797308203,2.8260227343669513,0.000509322813312352,-0.0024064997835489565
3.3516703340668133,PASSED,-0.29750690468896274,-9.231677255049776e-05,0.0004363846393663662,2.8260232424906793,0.000506922521731631,-0.002396152778835619
3.3526705341068213,PASSED,-0.2975069967883009,-9.188151780319333e-05,0.0004345014859298159,2.826023748219288,0.0005045325749854516,-0.0023858093910751697
3.3536707341468293,PASSED,-0.29750708845332313,-9.144814209354527e-05,0.0004326251921269062,2.826024251563109,0.0005021529535360148,-0.002375496155011406
3.3546709341868373,PASSED,-0.29750717968590434,-9.101663745256321e-05,0.000430757606885499,2.8260247525324433,0.0004997836124718678,-0.0023652376702374594
3.3556711342268453,PASSED,-0.2975072704879126,-9.058699720698972e-05,0.00042889533803216367,2.826025251137541,0.0004974244926081197,-0.0023550413260885476
3.3566713342668533,PASSED,-0.2975073608612085,-9.015921449961782e-05,0.00042704095359839903,2.8260257473886212,0.0004950755746551961,-0.002344835704146892
3.3576715343068613,PASSED,-0.2975074508076457,-8.973328139358682e-05,0.00042519454098606253,2.8260262412958554,0.0004927368170152941,-0.0023347055970720926
3.3586717343468693,PASSED,-0.2975075403290707,-8.93091912059672e-05,0.0004233539520419989,2.826026732869389,0.0004904081778960523,-0.002324594800688222
3.3596719343868773,PASSED,-0.2975076294273227,-8.888693706114625e-05,0.0004215209400069066,2.8260272221193157,0.0004880896144003023,-0.00231454262579125
3.3606721344268853,PASSED,-0.2975077181042341,-8.846651150428948e-05,0.0004196953014233514,2.8260277090556984,0.00048578109362417966,-0.002304506209676919
3.3616723344668933,PASSED,-0.2975078063616301,-8.804790759286617e-05,0.0004178763180899357,2.8260281936885567,0.0004834825765742818,-0.002294524276711858
3.3626725345069013,PASSED,-0.29750789420132906,-8.763111885560293e-05,0.0004160636833787525,2.826028676027873,0.00048119401843831424,-0.002284580708804671
3.3636727345469093,PASSED,-0.297507981625142,-8.721613732479497e-05,0.0004142600957607809,2.826029156083596,0.00047891539253230235,-0.0022746560374833995
3.3646729345869173,PASSED,-0.2975080686348733,-8.680295645535041e-05,0.000412461385233746,2.8260296338656246,0.0004766466452107774,-0.002264808177552598
3.3656731346269253,PASSED,-0.29750815523232016,-8.63915701004859e-05,0.0004106696679516983,2.8260301093838325,0.00047438775058470853,-0.002254952258413009
3.3666733346669333,PASSED,-0.2975082414192729,-8.598197002191082e-05,0.000408887018990671,2.826030582648043,0.00047213866618811594,-0.0022451724887123958
3.3676735347069413,PASSED,-0.2975083271975151,-8.55741498348831e-05,0.0004071089657190803,2.826031053668057,0.00046989935869905,-0.0022353974893017064
3.3686737347469493,PASSED,-0.2975084125688231,-8.516810326687883e-05,0.00040533830286105935,2.8260315224536243,0.0004676697864629534,-0.002225688733959866
3.3696739347869573,PASSED,-0.2975084975349666,-8.476382245440955e-05,0.0004035758188747614,2.8260319890144596,0.0004654499010919383,-0.002216016462385167
3.3706741348269653,PASSED,-0.2975085820977086,-8.436130110101889e-05,0.00040181837640127004,2.8260324533602423,0.0004632396823008044,-0.0022063536769663774
3.3716743348669733,PASSED,-0.29750866625880484,-8.396053266454111e-05,0.0004000684765287872,2.8260329155006123,0.0004610390896917541,-0.0021967518971062108
3.3726745349069813,PASSED,-0.29750875002000465,-8.35615097375862e-05,0.0003983258939056536,2.826033375445179,0.00045884808154335294,-0.0021871789825977264
3.3736747349469893,PASSED,-0.29750883338305045,-8.316422585270764e-05,0.0003965892121938401,2.8260338332035038,0.0004566666151435034,-0.0021776580113506707
3.3746749349869973,PASSED,-0.29750891634967774,-8.2768674305373e-05,0.00039485977076181994,2.8260342887851144,0.0004544946580911814,-0.002168156412969544
3.3756751350270053,PASSED,-0.29750899892161564,-8.237484824213374e-05,0.00039313692489088094,2.826034742199512,0.0004523321929639717,-0.002158670936703083
3.3766753350670133,PASSED,-0.29750908110058627,-8.198274121894718e-05,0.00039142042205033973,2.8260351934561445,0.0004501791492124635,-0.002149292294711568
3.3776755351070213,PASSED,-0.29750916288830503,-8.159234597762495e-05,0.0003897117875034714,2.8260356425644337,0.0004480355004705071,-0.002139886373452935
3.3786757351470293,PASSED,-0.29750924428648096,-8.120365647113123e-05,0.0003880079858205623,2.8260360895337606,0.0004459012341264246,-0.0021305196578355785
3.3796759351870374,PASSED,-0.2975093252968161,-8.081666619345845e-05,0.00038631180557427013,2.8260365343734737,0.00044377628760550403,-0.0021212310963105606
3.3806761352270454,PASSED,-0.29750940592100605,-8.043136755391202e-05,0.0003846231955278576,2.826036977092879,0.00044166062089591305,-0.0021119571184446367
3.3816763352670534,PASSED,-0.29750948616073974,-8.004775467606174e-05,0.00038293933273187824,2.826037417701252,0.0004395542252683827,-0.002102687966920784
3.3826765353070614,PASSED,-0.2975095660176997,-7.966582135623909e-05,0.00038126264454983077,2.8260378562078334,0.0004374570522486974,-0.002093496388194976
3.3836767353470694,PASSED,-0.29750964549356146,-7.928556009826624e-05,0.0003795936669215368,2.826038292621817,0.0004353690405789139,-0.002084355190842457
3.3846769353870774,PASSED,-0.29750972458999453,-7.890696484673688e-05,0.000377929641267913,2.8260387269523712,0.00043329018810518884,-0.0020751839956467512
3.3856771354270854,PASSED,-0.2975098033086615,-7.853002943526355e-05,0.00037627259161028217,2.826039159208628,0.00043122046067641174,-0.0020660897175306843
3.3866773354670934,PASSED,-0.2975098816512188,-7.815474688543255e-05,0.00037462252197813695,2.826039589399677,0.00042915978685478286,-0.00205706322436093
3.3876775355071014,PASSED,-0.297509959619316,-7.778111048320109e-05,0.0003729789890670428,2.82604001753458,0.00042710816143995525,-0.0020480002084720954
3.3886777355471094,PASSED,-0.2975100372145965,-7.740911467163584e-05,0.0003713403598973752,2.8260404436223574,0.00042506555199097536,-0.0020390156093184767
3.3896779355871174,PASSED,-0.2975101144386973,-7.703875259793936e-05,0.0003697098828958612,2.8260408676719964,0.000423031895478727,-0.0020300837808682882
3.3906781356271254,PASSED,-0.2975101912932487,-7.667001720941015e-05,0.00036808572561810996,2.826041289692448,0.0004210071749475889,-0.002021145031318019
3.3916783356671334,PASSED,-0.29751026777987494,-7.630290317325576e-05,0.00036646624317855376,2.826041709692633,0.0004189913707696665,-0.0020122436089919935
3.3926785357071414,PASSED,-0.2975103439001936,-7.593740384457576e-05,0.0003648547190143071,2.8260421276814323,0.0004169844192715415,-0.0020034234242137547
3.3936787357471494,PASSED,-0.2975104196558162,-7.557351219417018e-05,0.0003632496046664439,2.8260425436676897,0.00041498628805513243,-0.00199460307787266
3.3946789357871574,PASSED,-0.2975104950483476,-7.521122266708656e-05,0.00036164947536173307,2.826042957660224,0.00041299697388972017,-0.0019857882237720235
3.3956791358271654,PASSED,-0.29751057007938664,-7.485052892190905e-05,0.000360056591721352,2.8260433696678104,0.0004110164128442489,-0.0019770762599374174
3.3966793358671734,PASSED,-0.2975106447505258,-7.449142422808586e-05,0.0003584700952244314,2.8260437796991886,0.0004090445585412177,-0.001968372998427122
3.3976795359071814,PASSED,-0.2975107190633512,-7.413390241531984e-05,0.0003568896244604397,2.826044187763074,0.0004070814224148799,-0.0019596448782783125
3.3986797359471894,PASSED,-0.2975107930194427,-7.377795774323819e-05,0.00035531470382913985,2.8260445938681373,0.0004051269402026882,-0.0019510404348006803
3.3996799359871974,PASSED,-0.2975108666203742,-7.342358371821176e-05,0.0003537469058246076,2.8260449980230185,0.00040318105940295577,-0.001942441043020158
3.4006801360272054,PASSED,-0.2975109398677131,-7.307077384241245e-05,0.0003521851891157738,2.8260454002363287,0.0004012437934490691,-0.0019338158944643394
3.4016803360672134,PASSED,-0.29751101276302067,-7.271952232816312e-05,0.0003506290643383651,2.826045800516635,0.00039931507692426375,-0.0019253169450327641
3.4026805361072214,PASSED,-0.29751108530785214,-7.236982295163477e-05,0.00034907958465500125,2.826046198872483,0.00039739487214516265,-0.0019167966684799794
3.4036807361472294,PASSED,-0.29751115750375656,-7.202166945945792e-05,0.00034753609719143243,2.826046595312368,0.0003954831605365542,-0.0019083215686940926
3.4046809361872374,PASSED,-0.2975112293522768,-7.167505586391731e-05,0.00034599859444003797,2.826046989844771,0.00039357991190282796,-0.0018998666770809827
3.4056811362272454,PASSED,-0.2975113008549497,-7.132997591409028e-05,0.00034446752008502625,2.8260473824781225,0.0003916850734385247,-0.0018914863224513715
3.4066813362672534,PASSED,-0.29751137201330585,-7.098642367886517e-05,0.0003429420453185012,2.8260477732208362,0.00038979863090189356,-0.0018830800127509892
3.4076815363072614,PASSED,-0.2975114428288701,-7.064439332052991e-05,0.0003414225670130833,2.826048162081274,0.0003879205400789978,-0.0018747646963256568
3.4086817363472695,PASSED,-0.297511513303161,-7.030387840989652e-05,0.0003399098063802626,2.8260485490677776,0.00038605076255623797,-0.001866452740382564
3.4096819363872775,PASSED,-0.2975115834376912,-6.996487301137914e-05,0.0003384024599421281,2.8260489341886528,0.00038418928725778733,-0.0018581570038293425
3.4106821364272855,PASSED,-0.2975116532339672,-6.962737130966507e-05,0.00033690119622868637,2.8260493174521715,0.0003823360642957195,-0.0018499336008935587
3.4116823364672935,PASSED,-0.29751172269348986,-6.929136745815699e-05,0.00033540562169434086,2.8260496988665778,0.00038049106294052145,-0.0018417131914010352
3.4126825365073015,PASSED,-0.2975117918177536,-6.895685494761486e-05,0.00033391710310732084,2.82605007844007,0.0003786542476103929,-0.001833550089280244
3.4136827365473095,PASSED,-0.2975118606082473,-6.86238282234572e-05,0.0003324331381912318,2.8260504561808264,0.00037682559296425643,-0.001825391017373879
3.4146829365873175,PASSED,-0.2975119290664538,-6.829228182576784e-05,0.00033095523735475626,2.8260508320969895,0.0003750050692844939,-0.0018172787880215723
3.4156831366273255,PASSED,-0.29751199719384996,-6.796220899163263e-05,0.00032948456532218783,2.826051206196667,0.0003731926317268527,-0.0018092100707210376
3.4166833366673335,PASSED,-0.2975120649919068,-6.763360419460665e-05,0.00032801828482851886,2.826051578487936,0.00037138825429672257,-0.0018011556697361496
3.4176835367073415,PASSED,-0.29751213246208963,-6.730646205861432e-05,0.0003265580367682096,2.826051948978842,0.00036959191309558943,-0.0017931315553978329
3.4186837367473495,PASSED,-0.2975121996058577,-6.698077603204724e-05,0.00032510468643298776,2.8260523176774015,0.00036780357016117315,-0.0017851505204285246
3.4196839367873575,PASSED,-0.29751226642466444,-6.66565405023364e-05,0.0003236560918960548,2.826052684591588,0.00036602317722845504,-0.0017772212075777975
3.4206841368273655,PASSED,-0.2975123329199578,-6.633375034089371e-05,0.00032221287447378424,2.826053049729353,0.00036425072427438194,-0.0017692741184033155
3.4216843368673735,PASSED,-0.2975123990931796,-6.601239894135622e-05,0.0003207770829132779,2.8260534130986175,0.0003624861861013527,-0.001761380876113079
3.4226845369073815,PASSED,-0.2975124649457661,-6.569248064335213e-05,0.00031934577473130717,2.826053774707261,0.0003607294981626757,-0.001753559313719564
3.4236847369473895,PASSED,-0.2975125304791477,-6.537399027344835e-05,0.0003179201000187579,2.826054134563145,0.000358980657965038,-0.0017456941202498013
3.4246849369873975,PASSED,-0.2975125956947492,-6.505692169878278e-05,0.0003165008910967852,2.8260544926740874,0.00035723963148050344,-0.0017379147273910186
3.4256851370274055,PASSED,-0.2975126605939896,-6.47412691760008e-05,0.00031508694390547257,2.8260548490478774,0.00035550636116272425,-0.0017301740447046542
3.4266853370674135,PASSED,-0.29751272517828226,-6.442702739219413e-05,0.0003136783437408113,2.826055203692281,0.00035378085227340874,-0.0017223987857227431
3.4276855371074215,PASSED,-0.2975127894490348,-6.411419030997899e-05,0.00031227624119802363,2.8260555566150245,0.0003520630599012339,-0.0017147214298096594
3.4286857371474295,PASSED,-0.29751285340764944,-6.380275245311182e-05,0.00031087893397991386,2.826055907823807,0.0003503529346314085,-0.0017070611631691509
3.4296859371874375,PASSED,-0.2975129170555224,-6.349270824081746e-05,0.0003094877311706548,2.8260562573262984,0.0003486504757936858,-0.001699390620758434
3.4306861372274455,PASSED,-0.2975129803940446,-6.318405201449781e-05,0.00030810188975232387,2.8260566051301286,0.00034695563112436867,-0.0016918140350228937
3.4316863372674535,PASSED,-0.29751304342460133,-6.287677847839679e-05,0.0003067213003334759,2.8260569512429066,0.00034526836979019995,-0.0016842262002659018
3.4326865373074615,PASSED,-0.29751310614857224,-6.257088153378983e-05,0.00030534737412263167,2.826057295672212,0.00034358868850864087,-0.0016766513357544823
3.4336867373474695,PASSED,-0.29751316856733134,-6.226635590733788e-05,0.0003039777946715015,2.8260576384255836,0.00034191652191606017,-0.0016691767637981986
3.4346869373874775,PASSED,-0.29751323068224733,-6.196319648899542e-05,0.0003026138341231144,2.826057979510539,0.0003402518504340406,-0.0016616679608338566
3.4356871374274855,PASSED,-0.29751329249468333,-6.166139720533621e-05,0.0003012562500165974,2.826058318934563,0.0003385946658525849,-0.0016541956618703448
3.4366873374674936,PASSED,-0.2975133540059968,-6.136095257784018e-05,0.0002999035458156519,2.8260586567051065,0.00033694490610446576,-0.0016468024722849598
3.4376875375075016,PASSED,-0.2975134152175401,-6.10618576687154e-05,0.00029855581799753374,2.8260589928295987,0.00033530255705508977,-0.0016393801007700336
3.4386877375475096,PASSED,-0.29751347613065965,-6.0764106520169614e-05,0.00029721470224462575,2.826059327315431,0.0003336675972631041,-0.0016320129194627355
3.4396879375875176,PASSED,-0.2975135367466968,-6.046769374717037e-05,0.00029587815350232756,2.8260596601699666,0.00033203997461733807,-0.0016246957966349236
3.4406881376275256,PASSED,-0.2975135970669875,-6.017261470236e-05,0.000294546305682406,2.826059991400542,0.0003304196739799191,-0.0016173705312750005
3.4416883376675336,PASSED,-0.2975136570928619,-5.987886269545866e-05,0.0002932224743806374,2.8260603210144635,0.00032880667520886485,-0.0016100842642404213
3.4426885377075416,PASSED,-0.2975137168256453,-5.958643320715332e-05,0.00029190083092181887,2.8260606490190017,0.00032720092162194476,-0.0016028664687066138
3.4436887377475496,PASSED,-0.29751377626665737,-5.9295321367983556e-05,0.0002905858446683883,2.826060975421406,0.00032560240198203455,-0.0015956217540459713
3.4446889377875576,PASSED,-0.29751383541721244,-5.900552048038801e-05,0.00028927758288031455,2.8260613002288966,0.0003240111031343993,-0.0015884169100280293
3.4456891378275656,PASSED,-0.2975138942786195,-5.871702609202602e-05,0.00028797225868311367,2.826061623448654,0.00032242695397349515,-0.0015813039948215834
3.4466893378675736,PASSED,-0.2975139528521823,-5.84298332405997e-05,0.0002866732465884525,2.826061945087845,0.0003208499563755651,-0.0015741266666690124
3.4476895379075816,PASSED,-0.2975140111391994,-5.814393580642488e-05,0.0002853802258990653,2.8260622651535896,0.0003192800806225804,-0.001567041810528441
3.4486897379475896,PASSED,-0.2975140691409638,-5.7859328798995486e-05,0.00028409152844961186,2.826062583652999,0.00031771728737265705,-0.001559960876186652
3.4496899379875976,PASSED,-0.29751412685876355,-5.757600753728851e-05,0.00028280775054521766,2.8260629005931346,0.00031616154260317666,-0.0015529340316761317
3.4506901380276056,PASSED,-0.29751418429388127,-5.729396618263564e-05,0.0002815304240579682,2.8260632159810437,0.000314612832024093,-0.0015458949440221189
3.4516903380676136,PASSED,-0.2975142414475946,-5.7013199440624644e-05,0.0002802576206463487,2.826063529823743,0.00031307113287627346,-0.0015389019503511397
3.4526905381076216,PASSED,-0.2975142983211757,-5.6733702845381606e-05,0.00027898924497415673,2.826063842128216,0.00031153639099780727,-0.0015319684972095694
3.4536907381476296,PASSED,-0.29751435491589173,-5.6455470597943386e-05,0.00027772758241425833,2.8260641529014214,0.00031000859420978095,-0.0015250156485708897
3.4546909381876376,PASSED,-0.29751441123300476,-5.617849767060777e-05,0.00027646982394986,2.8260644621502875,0.00030848772177187407,-0.0015181102974642117
3.4556911382276456,PASSED,-0.2975144672737715,-5.590277914770039e-05,0.00027521765554572964,2.8260647698817136,0.00030697372539868366,-0.0015112537570078277
3.4566913382676536,PASSED,-0.2975145230394437,-5.562830966698336e-05,0.00027397069749790406,2.8260650761025765,0.0003054665917746293,-0.0015043868687520277
3.4576915383076616,PASSED,-0.297514578531268,-5.535508419678382e-05,0.00027272865200062365,2.8260653808197183,0.00030396629502901226,-0.001497569996860341
3.4586917383476696,PASSED,-0.29751463375048587,-5.508309794973436e-05,0.0002714913104153358,2.8260656840399547,0.00030247278914850574,-0.0014907964696039846
3.4596919383876776,PASSED,-0.29751468869833375,-5.4812345306779626e-05,0.0002702601979809943,2.8260659857700774,0.000300986064744297,-0.0014840096939452466
3.4606921384276856,PASSED,-0.2975147433760431,-5.454282168735404e-05,0.0002690325670553014,2.8260662860168497,0.0002995060983124949,-0.001477270923706671
3.4616923384676936,PASSED,-0.2975147977848403,-5.427452221430786e-05,0.0002678107437067819,2.8260665847869997,0.00029803283392884535,-0.0014705933569447826
3.4626925385077016,PASSED,-0.29751485192594657,-5.4007441043760615e-05,0.0002665947884408825,2.8260668820872406,0.00029656627052730526,-0.0014638767646036857
3.4636927385477096,PASSED,-0.2975149058005784,-5.374157402282138e-05,0.0002653818426048031,2.826067177924243,0.0002951063740807307,-0.0014572429012217874
3.4646929385877177,PASSED,-0.29751495940994716,-5.34769161721874e-05,0.0002641751893200986,2.826067472304663,0.00029365310767105307,-0.0014506154153148781
3.4656931386277257,PASSED,-0.2975150127552592,-5.32134617130421e-05,0.0002629739723621023,2.8260677652351256,0.0002922064613491343,-0.0014440002596546769
3.4666933386677337,PASSED,-0.2975150658377161,-5.295120652246552e-05,0.0002617760027195616,2.826068056722229,0.0002907663998425948,-0.0014374356711292784
3.4676935387077417,PASSED,-0.2975151186585144,-5.269014564170357e-05,0.00026058413279019915,2.826068346772534,0.0002893328750084965,-0.0014309176094110317
3.4686937387477497,PASSED,-0.2975151712188456,-5.243027352174342e-05,0.0002593974447401199,2.826068635392597,0.0002879059033192413,-0.0014243410758179118
3.4696939387877577,PASSED,-0.29751522351989657,-5.2171585947561724e-05,0.00025821432714274496,2.8260689225889255,0.0002864854318010569,-0.001417891813095469
3.4706941388277657,PASSED,-0.2975152755628491,-5.1914077922526644e-05,0.00025703715696330027,2.826069208368013,0.00028507141840047027,-0.0014114277922473778
3.4716943388677737,PASSED,-0.29751532734888037,-5.165774422230999e-05,0.00025586472905222757,2.8260694927363184,0.00028366386820985993,-0.0014049651228522596
3.4726945389077817,PASSED,-0.2975153788791624,-5.140258039362454e-05,0.0002546965617742613,2.826069775700281,0.0002822627447108916,-0.0013985624163790741
3.4736947389477897,PASSED,-0.2975154301548626,-5.11485814810321e-05,0.0002535338131378887,2.8260700572663073,0.0002808680029813623,-0.0013921946049628296
3.4746949389877977,PASSED,-0.29751548117714344,-5.089574280129307e-05,0.000252375257473129,2.826070337440786,0.00027947964355569345,-0.0013858026394729251
3.4756951390278057,PASSED,-0.29751553194716274,-5.064405948292582e-05,0.0002512220256299927,2.82607061623007,0.00027809763068099803,-0.00137948636484377
3.4766953390678137,PASSED,-0.2975155824660735,-5.039352658522746e-05,0.0002500734790772804,2.8260708936404915,0.0002767219213733264,-0.001373191269556885
3.4776955391078217,PASSED,-0.29751563273502396,-5.014413977486665e-05,0.00024892903121650264,2.826071169678354,0.0002753525113618778,-0.0013668891727097435
3.4786957391478297,PASSED,-0.2975156827551576,-4.9895894069695404e-05,0.00024779015447441043,2.826071444349936,0.0002739893722438258,-0.0013606390816134843
3.4796959391878377,PASSED,-0.2975157325276132,-4.9648784589457e-05,0.0002466556974144085,2.8260717176614967,0.000272632471834148,-0.0013544079617207093
3.4806961392278457,PASSED,-0.2975157820535247,-4.940280683281436e-05,0.0002455257961281303,2.826071989619253,0.00027128177387533687,-0.0013482246235380641
3.4816963392678537,PASSED,-0.29751583133402165,-4.915795631952109e-05,0.00024440032473670506,2.826072260229412,0.00026993727187206077,-0.0013420202564348263
3.4826965393078617,PASSED,-0.2975158803702287,-4.891422814021359e-05,0.00024328008235470293,2.8260725294981497,0.00026859894149747026,-0.0013358704533610007
3.4836967393478697,PASSED,-0.2975159291632659,-4.8671617513848536e-05,0.00024216432237195618,2.826072797431617,0.00026726674014271827,-0.001329755289012652
3.4846969393878777,PASSED,-0.2975159777142487,-4.843012012063537e-05,0.0002410527737739699,2.826073064035931,0.00026594063787140716,-0.0013236669261767074
3.4856971394278857,PASSED,-0.2975160260242879,-4.818973139922525e-05,0.00023994601983422188,2.826073329317199,0.000264620643927998,-0.0013175452882307616
3.4866973394678937,PASSED,-0.2975160740944896,-4.795044629619851e-05,0.0002388444918217503,2.826073593281492,0.0002633067091671395,-0.0013115277426103758
3.4876975395079017,PASSED,-0.2975161219259555,-4.771226043764404e-05,0.00023774676970961546,2.82607385593486,0.00026199879278591916,-0.0013055088069604032
3.4886977395479097,PASSED,-0.2975161695197826,-4.7475169682716976e-05,0.00023665341173869723,2.8260741172833246,0.0002606969009380767,-0.001299480541763817
3.4896979395879177,PASSED,-0.2975162168770634,-4.723916896684499e-05,0.0002355655852941702,2.826074377332886,0.0002594009996903959,-0.001293515051625367
3.4906981396279257,PASSED,-0.29751626399888575,-4.7004253560063766e-05,0.0002344819544392573,2.8260746360895186,0.00025811104827877095,-0.0012875756516247234
3.4916983396679337,PASSED,-0.29751631088633324,-4.6770419898386014e-05,0.00023340146650342099,2.82607489355917,0.0002568270370060015,-0.0012816350201993027
3.4926985397079418,PASSED,-0.29751635754048467,-4.653766273278254e-05,0.00023232763167017374,2.8260751497477616,0.0002555489379132463,-0.0012757418077925299
3.4936987397479498,PASSED,-0.2975164039624144,-4.630597741144557e-05,0.00023125711444817109,2.8260754046612,0.0002542767307373932,-0.0012698507545601085
3.4946989397879578,PASSED,-0.29751645015319256,-4.607536023358387e-05,0.00023019055347070835,2.8260756583053537,0.0002530103808079857,-0.0012640160459723587
3.4956991398279658,PASSED,-0.2975164961138844,-4.584580608767669e-05,0.00022912987419816913,2.8260759106860784,0.0002517498704126248,-0.0012581732949531726
3.4966993398679738,PASSED,-0.2975165418455512,-4.561731075542992e-05,0.0002280723042791604,2.8260761618091945,0.00025049517455225583,-0.0012523775706461283
3.4976995399079818,PASSED,-0.29751658734924946,-4.538986996505842e-05,0.0002270197810997213,2.8260764116805066,0.00024924626522430617,-0.0012465971661520733
3.4986997399479898,PASSED,-0.2975166326260315,-4.516347913939586e-05,0.00022597152203777943,2.8260766603057954,0.0002480031298230661,-0.0012408275579653576
3.4996999399879978,PASSED,-0.297516677676945,-4.493813389684243e-05,0.00022492772289720025,2.8260769076908074,0.00024676572459352556,-0.0012351236772573373
3.500700140028006,PASSED,-0.2975167225030335,-4.471382994231407e-05,0.00022388810894913747,2.8260771538412808,0.00024553404465468815,-0.0012293841132241623
3.501700340068014,PASSED,-0.29751676710533603,-4.449056289395585e-05,0.0002228530079642751,2.8260773987629126,0.0002443080583047169,-0.0012237211744693763
3.502700540108022,PASSED,-0.2975168114848874,-4.426832847209559e-05,0.00022182203112425255,2.826077642461388,0.00024308773247450044,-0.00121806226738114
3.50370074014803,PASSED,-0.297516855642718,-4.4047122301661366e-05,0.0002207955966408784,2.826077884942367,0.0002418730661394918,-0.0012124023800936287
3.504700940188038,PASSED,-0.29751689957985383,-4.3826939880073e-05,0.0002197736382200355,2.8260781262114825,0.00024066401876975552,-0.0012068106961647515
3.505701140228046,PASSED,-0.2975169432973168,-4.3607777303263e-05,0.0002187552025366346,2.8260783662743436,0.00023946055884926993,-0.0012012260700328284
3.506701340268054,PASSED,-0.29751698679612437,-4.3389630069842946e-05,0.00021774192067565724,2.8260786051365385,0.00023826268576089186,-0.0011956377672749444
3.507701540308062,PASSED,-0.29751703007728975,-4.3172493814858036e-05,0.00021673247785773426,2.8260788428036294,0.00023707036346740147,-0.001190111977634033
3.50870174034807,PASSED,-0.297517073141822,-4.2956364643159383e-05,0.00021572696759260423,2.8260790792811568,0.00023588356126686932,-0.001184595682464227
3.509701940388078,PASSED,-0.29751711599072594,-4.2741238057139325e-05,0.0002147263316383662,2.8260793145746406,0.00023470227640809147,-0.001179077642986909
3.510702140428086,PASSED,-0.29751715862500194,-4.252710960848971e-05,0.00021372985999044297,2.8260795486895756,0.00023352647486382514,-0.0011736174784526196
3.511702340468094,PASSED,-0.2975172010456464,-4.231397564955992e-05,0.00021273669155603072,2.826079781631427,0.00023235611466602358,-0.0011681886773675396
3.512702540508102,PASSED,-0.2975172432536515,-4.21018319749571e-05,0.0002117483299673451,2.826080013405644,0.00023119119984985314,-0.00116273224203905
3.51370274054811,PASSED,-0.29751728525000515,-4.1890673785102596e-05,0.0002107647631126078,2.826080244017654,0.00023003171057508505,-0.001157327296587416
3.514702940588118,PASSED,-0.29751732703569117,-4.1680497326425864e-05,0.00020978425571948386,2.8260804734728584,0.0002288776000273548,-0.0011519660484921076
3.515703140628126,PASSED,-0.29751736861168926,-4.147129872498538e-05,0.00020880816525449243,2.8260807017766356,0.00022772885443958943,-0.0011465986139475417
3.516703340668134,PASSED,-0.29751740997897497,-4.1263073425465606e-05,0.00020783672236328064,2.8260809289343403,0.00022658545982369156,-0.0011412586171980956
3.517703540708142,PASSED,-0.2975174511385197,-4.105581758495998e-05,0.0002068685859338541,2.8260811549513094,0.0002254473889971167,-0.001135945632826039
3.51870374074815,PASSED,-0.29751749209129075,-4.084952701217739e-05,0.00020590523068175922,2.8260813798328566,0.00022431461982234347,-0.0011306515360713528
3.519703940788158,PASSED,-0.2975175328382513,-4.064419742713373e-05,0.00020494582128492692,2.8260816035842673,0.00022318712382517062,-0.0011253923045738215
3.520704140828166,PASSED,-0.29751757338036056,-4.043982517272635e-05,0.0002039898764890151,2.826081826210807,0.00022206487941969937,-0.001120145806069531
3.521704340868174,PASSED,-0.2975176137185737,-4.023640619573832e-05,0.00020303837732069875,2.8260820477177253,0.00022094788174996396,-0.001114898912179293
3.522704540908182,PASSED,-0.29751765385384177,-4.00339358288399e-05,0.00020209169328356584,2.826082268110238,0.00021983608432223783,-0.0011097297714240217
3.52370474094819,PASSED,-0.2975176937871118,-3.9832410715758835e-05,0.0002011473929460559,2.826082487393548,0.00021872947134988368,-0.001104535106307595
3.524704940988198,PASSED,-0.29751773351932687,-3.963182691369644e-05,0.0002002080748066301,2.826082705572838,0.0002176280454032297,-0.001099353173551573
3.525705141028206,PASSED,-0.297517773051426,-3.9432179666982095e-05,0.00019927336131948074,2.8260829226532582,0.00021653175079242807,-0.001094255568968328
3.526705341068214,PASSED,-0.2975178123843442,-3.923346558739095e-05,0.00019834122510559117,2.826083138639947,0.0002154405747635751,-0.0010891230021094465
3.527705541108222,PASSED,-0.2975178515190127,-3.9035681117455935e-05,0.0001974132998212929,2.826083353538011,0.00021435450862943264,-0.001084028222164442
3.5287057411482294,PASSED,-0.2975178904563586,-3.883882144706683e-05,0.00019649058410098008,2.8260835673525517,0.00021327353014902558,-0.0010789453192354618
3.5297059411882374,PASSED,-0.2975179291973051,-3.864288290499193e-05,0.0001955705140575211,2.8260837800886276,0.00021219759380416902,-0.0010739303619372816
3.5307061412282454,PASSED,-0.2975179677427715,-3.844786216617452e-05,0.0001946542219906739,2.8260839917512945,0.00021112670203846145,-0.0010688660348877712
3.5317063412682534,PASSED,-0.2975180060936732,-3.8253754411954586e-05,0.00019374344237276872,2.8260842023455743,0.00021006083328775003,-0.0010638705612605408
3.5327065413082614,PASSED,-0.2975180442509217,-3.806055633845734e-05,0.00019283449424689056,2.826084411876471,0.00020899994158893065,-0.0010589057905252314
3.5337067413482695,PASSED,-0.2975180822154246,-3.78682641680157e-05,0.00019193062123814015,2.8260846203489707,0.00020794403317508467,-0.0010539101627265136
3.5347069413882775,PASSED,-0.29751811998808575,-3.7676873602297595e-05,0.0001910305287047499,2.8260848277680384,0.00020689308883814996,-0.001048967119740206
3.5357071414282855,PASSED,-0.2975181575698049,-3.748638090619809e-05,0.0001901341410293427,2.8260850341386137,0.00020584705761233753,-0.001044073963193909
3.5367073414682935,PASSED,-0.29751819496147824,-3.729678274355385e-05,0.0001892408437208502,2.826085239465613,0.0002048059336416131,-0.0010391573090781665
3.5377075415083015,PASSED,-0.29751823216399803,-3.7108074726497936e-05,0.00018835279927928927,2.8260854437539393,0.00020376971404502406,-0.0010342611215962603
3.5387077415483095,PASSED,-0.2975182691782527,-3.692025309650704e-05,0.00018746751713196274,2.82608564700847,0.0002027383560638601,-0.0010294225542091058
3.5397079415883175,PASSED,-0.2975183060051269,-3.6733314714382134e-05,0.00018658562545353154,2.8260858492340653,0.00020171184130775605,-0.0010245762240339497
3.5407081416283255,PASSED,-0.2975183426455015,-3.6547254837103894e-05,0.00018570937849471562,2.826086050435559,0.00020069015680031734,-0.0010197566963751662
3.5417083416683335,PASSED,-0.2975183791002537,-3.636207031724621e-05,0.00018483461409966325,2.8260862506177675,0.00019967327717897884,-0.001014961571314115
3.5427085417083415,PASSED,-0.2975184153702567,-3.617775741003787e-05,0.00018396510261412894,2.82608644978549,0.00019866118639287478,-0.001010176929297365
3.5437087417483495,PASSED,-0.29751845145638023,-3.599431207383543e-05,0.00018309882526131903,2.826086647943497,0.00019765385540437675,-0.0010054336946318293
3.5447089417883575,PASSED,-0.29751848735949027,-3.58117310152499e-05,0.00018223588080167402,2.826086845096545,0.00019665126730563685,-0.0010006910348119718
3.5457091418283655,PASSED,-0.2975185230804489,-3.5630010202063243e-05,0.0001813774347766377,2.8260870412493673,0.00019565340969411599,-0.0009959686626600935
3.5467093418683735,PASSED,-0.2975185586201147,-3.5449146025141346e-05,0.0001805220050187378,2.826087236406682,0.00019466025762012167,-0.0009912743482171902
3.5477095419083815,PASSED,-0.29751859397934255,-3.52691350350161e-05,0.0001796703135296007,2.826087430573179,0.00019367178068051613,-0.0009866120005310923
3.5487097419483895,PASSED,-0.29751862915898336,-3.508997295401879e-05,0.0001788232593090959,2.826087623753533,0.00019268796953912992,-0.0009819439019562678
3.5497099419883975,PASSED,-0.297518664159885,-3.4911657004756085e-05,0.00017797774256512086,2.8260878159523983,0.00019170880984429272,-0.0009773035567578428
3.5507101420284055,PASSED,-0.2975186989828911,-3.473418315726094e-05,0.00017713791744849996,2.826088007174405,0.00019073426176466164,-0.000972711094879886
3.5517103420684135,PASSED,-0.297518733628842,-3.4557547220755445e-05,0.00017630128254348908,2.8260881974241734,0.00018976432629671942,-0.000968085049983771
3.5527105421084215,PASSED,-0.2975187680985744,-3.438174652106305e-05,0.00017546697779167477,2.8260883867062936,0.00018879897861754546,-0.0009635227653007277
3.5537107421484295,PASSED,-0.2975188023929213,-3.420677717672007e-05,0.00017463758871050415,2.826088575025342,0.0001878381849411629,-0.0009589742837704301
3.5547109421884375,PASSED,-0.29751883651271194,-3.403263493397268e-05,0.00017381201210530785,2.8260887623858695,0.00018688193825555234,-0.0009544282868372895
3.5557111422284455,PASSED,-0.2975188704587725,-3.3859317272313716e-05,0.00017298809469474535,2.826088948792415,0.0001859302248318893,-0.000949903514880236
3.5567113422684535,PASSED,-0.29751890423192523,-3.368682032723922e-05,0.0001721695119943418,2.82608913424949,0.00018498300738631655,-0.0009454267327010866
3.5577115423084615,PASSED,-0.29751893783298883,-3.3515139801387684e-05,0.0001713545350896661,2.8260893187615936,0.00018404027855160055,-0.0009409302360592973
3.5587117423484695,PASSED,-0.2975189712627786,-3.334427312258713e-05,0.00017054144127447735,2.826089502333201,0.0001831020226983824,-0.0009364729313240044
3.5597119423884775,PASSED,-0.2975190045221064,-3.3174216781906714e-05,0.00016973294028438184,2.8260896849687676,0.00018216820318475577,-0.0009320505684950809
3.5607121424284855,PASSED,-0.29751903761178033,-3.300496631851888e-05,0.00016892881212346894,2.826089866672737,0.00018123882328384866,-0.0009275994558484993
3.5617123424684936,PASSED,-0.2975190705326052,-3.2836518828945195e-05,0.00016812660787382996,2.826090047449525,0.00018031385326587905,-0.0009232170593836899
3.5627125425085016,PASSED,-0.2975191032853821,-3.266887137929921e-05,0.00016732801082742618,2.8260902273035295,0.00017939325988835665,-0.0009188442562815076
3.5637127425485096,PASSED,-0.29751913587090917,-3.250202000676574e-05,0.0001665336136708167,2.826090406239134,0.0001784770493107903,-0.0009144547917562568
3.5647129425885176,PASSED,-0.2975191682899805,-3.2335960583582425e-05,0.00016574329619165206,2.8260905842606965,0.0001775651890253896,-0.0009101306144970132
3.5657131426285256,PASSED,-0.29751920054338704,-3.2170690816616705e-05,0.00016495408081510283,2.8260907613725674,0.0001766576634840854,-0.000905788825842333
3.5667133426685336,PASSED,-0.29751923263191643,-3.2006207190154856e-05,0.00016416999022635255,2.826090937579064,0.00017575444957908883,-0.0009014972910993593
3.5677135427085416,PASSED,-0.2975192645563526,-3.184250527517829e-05,0.00016338986481003517,2.8260911128844928,0.00017485552780665707,-0.0008972047599867233
3.5687137427485496,PASSED,-0.2975192963174763,-3.1679582570778374e-05,0.00016261126412649488,2.8260912872931403,0.0001739608904867083,-0.0008929256932568466
3.5697139427885576,PASSED,-0.29751932791606484,-3.15174357560669e-05,0.0001618371817681314,2.826091460809279,0.00017307051533821017,-0.0008886747853256246
3.5707141428285656,PASSED,-0.29751935935289214,-3.135606085237844e-05,0.00016106671830202736,2.826091633437154,0.00017218437034932418,-0.0008844584579262648
3.5717143428685736,PASSED,-0.29751939062872873,-3.1195454884042565e-05,0.00016029880169177407,2.8260918051809987,0.000171302451107063,-0.000880226431817772
3.5727145429085816,PASSED,-0.29751942174434187,-3.1035614685567844e-05,0.0001595344629966854,2.826091976045025,0.00017042474249161267,-0.0008760300712053628
3.5737147429485896,PASSED,-0.2975194527004954,-3.087653648132578e-05,0.00015877403173898314,2.8260921460334303,0.00016955121358752586,-0.000871861459341116
3.5747149429885976,PASSED,-0.29751948349795,-3.071821723439734e-05,0.00015801605705474233,2.8260923151503845,0.00016868184391552243,-0.000867708480444987
3.5757151430286056,PASSED,-0.2975195141374628,-3.05606537346285e-05,0.0001572617949115661,2.826092483400052,0.00016781663618301696,-0.0008635405672124678
3.5767153430686136,PASSED,-0.29751954461978775,-3.040384230506791e-05,0.00015651118599327175,2.8260926507865687,0.00016695555625744166,-0.0008594394978172034
3.5777155431086216,PASSED,-0.29751957494567566,-3.0247780086337462e-05,0.0001557629072219004,2.82609281731406,0.0001660985835711744,-0.0008553281452339251
3.5787157431486296,PASSED,-0.29751960511587383,-3.009246374769143e-05,0.00015501862626211835,2.826092982986624,0.00016524570748374767,-0.0008512413822218931
3.5797159431886376,PASSED,-0.2975196351311265,-2.993788966443827e-05,0.0001542777212471903,2.8260931478083564,0.0001643969190818662,-0.0008471530816545283
3.5807161432286456,PASSED,-0.2975196649921744,-2.978405487044987e-05,0.00015353950914921073,2.8260933117833194,0.00016355218123842834,-0.0008431276846267227
3.5817163432686536,PASSED,-0.2975196946997554,-2.9630956404554965e-05,0.00015280443705870646,2.8260934749155635,0.00016271147911946373,-0.000839085075189856
3.5827165433086616,PASSED,-0.2975197242546038,-2.947859049990628e-05,0.00015207354970867205,2.8260936372091225,0.00016187481283910224,-0.0008350537504759017
3.5837167433486696,PASSED,-0.29751975365745104,-2.9326954430518424e-05,0.00015134441584064906,2.8260937986680106,0.00016104214731852432,-0.000831073367312632
3.5847169433886776,PASSED,-0.2975197829090249,-2.917604478738448e-05,0.00015061979466281182,2.8260939592962284,0.0001602134704062882,-0.0008270792755184466
3.5857171434286856,PASSED,-0.29751981201005046,-2.9025858213496563e-05,0.00014989776003799106,2.8260941190977538,0.00015938876808419894,-0.0008231176864698049
3.5867173434686936,PASSED,-0.2975198409612493,-2.8876392007551558e-05,0.0001491785032163465,2.8260942780765514,0.00015856801856355094,-0.0008191707434334828
3.5877175435087016,PASSED,-0.29751986976334,-2.8727642793022922e-05,0.00014846302207016435,2.8260944362365636,0.00015775120126989672,-0.000815248327134699
3.5887177435487096,PASSED,-0.2975198984170379,-2.857960701923387e-05,0.0001477509416016413,2.8260945935817223,0.00015693831022009537,-0.0008113195315791139
3.5897179435887177,PASSED,-0.2975199269230553,-2.8432282150429693e-05,0.00014704082027253412,2.826094750115937,0.00015612932211052537,-0.0008074338282306022
3.5907181436287257,PASSED,-0.2975199552821013,-2.8285665073980915e-05,0.00014633458056627583,2.8260949058431013,0.00015532421209215819,-0.0008035608117915936
3.5917183436687337,PASSED,-0.29751998349488196,-2.813975216199137e-05,0.00014563179960505764,2.8260950607670927,0.00015452297588432459,-0.0007996864718616046
3.5927185437087417,PASSED,-0.2975200115621001,-2.799454055937734e-05,0.0001449314712866827,2.82609521489177,0.00015372559228808905,-0.000795848345818147
3.5937187437487497,PASSED,-0.29752003948445566,-2.7850027480095483e-05,0.00014423415127863987,2.826095368220975,0.00015293203454508876,-0.0007920306744550284
3.5947189437887577,PASSED,-0.29752006726264535,-2.7706209565584818e-05,0.00014354042333201175,2.8260955207585368,0.00015214230369695145,-0.0007881976305921524
3.5957191438287657,PASSED,-0.29752009489736286,-2.756308377112484e-05,0.0001428493752119569,2.826095672508261,0.00015135637133606336,-0.0007844221810853918
3.5967193438687737,PASSED,-0.2975201223892988,-2.7420647141024425e-05,0.00014216146669272512,2.826095823473943,0.00015057421681360922,-0.0007806427500332598
3.5977195439087817,PASSED,-0.2975201497391409,-2.7278896639856494e-05,0.000141476524151403,2.826095973659355,0.00014979583505778582,-0.0007768744263501648
3.5987197439487897,PASSED,-0.29752017694757366,-2.7137829141367612e-05,0.00014079481471387145,2.8260961230682624,0.00014902121135596829,-0.0007731232187957541
3.5997199439887977,PASSED,-0.2975202040152787,-2.6997441702473194e-05,0.00014011585501478283,2.8260962717044,0.00014825030620341085,-0.0007694264417318808
3.6007201440288057,PASSED,-0.29752023094293445,-2.6857731278690682e-05,0.00013944013629433203,2.826096419571499,0.00014748312494156028,-0.0007656844752630486
3.6017203440688137,PASSED,-0.2975202577312166,-2.671869503810338e-05,0.0001387669767826154,2.826096566673269,0.00014671965749716564,-0.0007619894238156698
3.6027205441088217,PASSED,-0.2975202843807977,-2.6580329896677067e-05,0.00013809725118877483,2.8260967130134023,0.00014595986073059783,-0.0007583349950692313
3.6037207441488297,PASSED,-0.2975203108923474,-2.6442632790059323e-05,0.0001374303435703874,2.826096858595575,0.0001452037309478013,-0.0007546596412813891
3.6047209441888377,PASSED,-0.29752033726653226,-2.6305600790371096e-05,0.00013676643710012383,2.826097003423447,0.00014445126449442604,-0.0007510043281045363
3.6057211442288457,PASSED,-0.2975203635040161,-2.6169231245073687e-05,0.0001361049507622656,2.826097147500665,0.00014370242978081933,-0.0007473883039414551
3.6067213442688537,PASSED,-0.2975203896054597,-2.6033521037479132e-05,0.00013544704548274503,2.8260972908308553,0.00014295720903171913,-0.0007437757125393874
3.6077215443088617,PASSED,-0.29752041557152087,-2.5898467062654718e-05,0.0001347919277188582,2.8260974334176296,0.00014221559904773666,-0.0007401661649445131
3.6087217443488697,PASSED,-0.29752044140285466,-2.576406676629745e-05,0.0001341392087828768,2.826097575264589,0.00014147758551420528,-0.0007365784459226816
3.6097219443888777,PASSED,-0.2975204671001131,-2.5630317024698563e-05,0.000133490096809558,2.8260977163753083,0.00014074312788461151,-0.0007330437520411572
3.6107221444288857,PASSED,-0.29752049266394526,-2.549721481178278e-05,0.00013284362365326803,2.8260978567533592,0.00014001223770387618,-0.000729454466531431
3.6117223444688937,PASSED,-0.29752051809499747,-2.5364757552961123e-05,0.00013219968226724292,2.826097996402286,0.00013928489443607457,-0.0007259358019817503
3.6127225445089017,PASSED,-0.2975205433939132,-2.523294246039631e-05,0.00013155869942985885,2.82609813532562,0.00013856105744191162,-0.0007224377889504237
3.6137227445489097,PASSED,-0.29752056856133297,-2.5101766342147258e-05,0.000130921064128517,2.82609827352688,0.0001378407388585165,-0.0007189057796915997
3.6147229445889177,PASSED,-0.29752059359789457,-2.4971226567756996e-05,0.00013028558123142958,2.826098411009569,0.00013712392477941828,-0.0007154196120359616
3.6157231446289257,PASSED,-0.2975206185042327,-2.4841320171569434e-05,0.00012965360615831923,2.826098547777173,0.0001364105761960319,-0.0007119678976200023
3.6167233446689337,PASSED,-0.2975206432809797,-2.4712044629539437e-05,0.00012902349927778093,2.826098683833163,0.00013570069215516835,-0.0007084948030258737
3.6177235447089418,PASSED,-0.29752066792876475,-2.458339695463156e-05,0.00012839712532793728,2.8260988191809933,0.00013499426309144264,-0.0007050519041922988
3.6187237447489498,PASSED,-0.2975206924482142,-2.445537409730316e-05,0.000127773345328711,2.8260989538241064,0.00013429126199578938,-0.0007016338899605227
3.6197239447889578,PASSED,-0.29752071683995185,-2.432797375030306e-05,0.00012715168144768657,2.8260990877659222,0.000133591671369357,-0.0006982284507469852
3.6207241448289658,PASSED,-0.2975207411045986,-2.4201193007992016e-05,0.00012653344955328185,2.826099221009856,0.0001328954940325643,-0.0006948099274898175
3.6217243448689738,PASSED,-0.29752076524277243,-2.40750286520571e-05,0.0001259182935226735,2.8260993535592993,0.00013220270283385982,-0.0006914453795142197
3.6227245449089818,PASSED,-0.29752078925508896,-2.394947853522113e-05,0.00012530466571149972,2.82609948541763,0.00013151326974109216,-0.0006880915682699808
3.6237247449489898,PASSED,-0.2975208131421606,-2.382453983324462e-05,0.00012469472615318894,2.826099616588211,0.00013082720131490585,-0.0006847196647972013
3.6247249449889978,PASSED,-0.2975208369045974,-2.3700209305980978e-05,0.00012408772800394353,2.826099747074395,0.00013014448327532718,-0.0006813836227663072
3.625725145029006,PASSED,-0.2975208605430065,-2.357648485352114e-05,0.00012348226876376087,2.826099876879515,0.0001294650800131382,-0.0006780830218040705
3.626725345069014,PASSED,-0.2975208840579924,-2.3453363521995015e-05,0.00012288070670103752,2.8261000060068917,0.00012878899147302894,-0.0006747588856460563
3.627725545109022,PASSED,-0.29752090745015686,-2.3330842488873443e-05,0.0001222812507352622,2.826100134459822,0.0001281161982020437,-0.0006714828612113773
3.62872574514903,PASSED,-0.29752093072009894,-2.3208919341311038e-05,0.00012168441211383103,2.8261002622416074,0.00012744669544720725,-0.0006681826839198449
3.629725945189038,PASSED,-0.29752095386841504,-2.308759111169711e-05,0.00012109077461399131,2.8261003893555143,0.00012678045528400776,-0.0006649451493859434
3.630726145229046,PASSED,-0.2975209768956989,-2.2966855316749365e-05,0.00012049914183691352,2.8261005158048063,0.00012611746117283386,-0.0006616934190325311
3.631726345269054,PASSED,-0.29752099980254165,-2.2846709464718288e-05,0.00011991032549385218,2.826100641592727,0.00012545771446857414,-0.0006584488944111985
3.632726545309062,PASSED,-0.2975210225895316,-2.2727150482024544e-05,0.0001193247541603402,2.826100766722507,0.00012480118943345808,-0.0006552424622526193
3.63372674534907,PASSED,-0.2975210452572547,-2.2608175953202574e-05,0.000118741045263056,2.826100891197366,0.00012414787149699774,-0.0006520349192655072
3.634726945389078,PASSED,-0.29752106780629395,-2.2489783478374132e-05,0.00011816009453870368,2.8261010150205057,0.00012349775343810206,-0.0006488401519824659
3.635727145429086,PASSED,-0.29752109023723006,-2.2371970225543444e-05,0.00011758202502534097,2.8261011381951113,0.00012285080963895205,-0.0006456795639283317
3.636727345469094,PASSED,-0.29752111255064095,-2.2254733612758727e-05,0.0001170063379576366,2.8261012607243585,0.0001222070337683946,-0.0006425067416435876
3.637727545509102,PASSED,-0.29752113474710185,-2.2138070722555396e-05,0.00011643392503378876,2.8261013826114105,0.00012156642301893216,-0.0006393467546750066
3.63872774554911,PASSED,-0.2975211568271856,-2.2021979734584773e-05,0.00011586236326184299,2.826101503859405,0.0001209289313647453,-0.000636254920528088
3.639727945589118,PASSED,-0.29752117879146245,-2.1906457602345163e-05,0.00011529531155812038,2.826101624471473,0.00012029456123059195,-0.0006331136099035539
3.640728145629126,PASSED,-0.29752120064049997,-2.179150150910746e-05,0.00011472994769075877,2.826101744450738,0.00011966332586195925,-0.0006299832077854466
3.641728345669134,PASSED,-0.2975212223748632,-2.167710954603524e-05,0.00011416663999319293,2.8261018638003006,0.00011903517419607608,-0.0006269306379483405
3.642728545709142,PASSED,-0.29752124399511476,-2.1563278802141208e-05,0.00011360681316125596,2.8261019825232467,0.0001184100885200541,-0.0006238557014043784
3.64372874574915,PASSED,-0.2975212655018146,-2.1450006582601485e-05,0.0001130491571253706,2.826102100622654,0.0001177880911581652,-0.0006207584688786048
3.644728945789158,PASSED,-0.2975212868955202,-2.1337290714276727e-05,0.0001124936757910135,2.826102218101583,0.00011716914692261656,-0.0006177347466619888
3.645729145829166,PASSED,-0.29752130817678657,-2.1225128634724482e-05,0.00011194101539306285,2.8261023349630827,0.00011655323092451553,-0.0006147034990603913
3.646729345869174,PASSED,-0.29752132934616615,-2.1113517732775453e-05,0.00011139082631967764,2.8261024512101827,0.00011594034673396166,-0.0006116713182162111
3.647729545909182,PASSED,-0.2975213504042088,-2.1002455343206327e-05,0.00011084343173542493,2.8261025668459068,0.00011533048430846201,-0.0006086564970219147
3.64872974594919,PASSED,-0.2975213713514621,-2.0891939473996922e-05,0.00011029749419205362,2.8261026818732606,0.00011472361383674847,-0.0006056797881746151
3.649729945989198,PASSED,-0.2975213921884711,-2.078196742328812e-05,0.000109755088386632,2.8261027962952356,0.00011411972388679772,-0.0006026967244681849
3.650730146029206,PASSED,-0.2975214129157783,-2.0672536251473305e-05,0.00010921522743359997,2.8261029101148116,0.00011351881595433316,-0.0005997154044621609
3.651730346069214,PASSED,-0.29752143353392385,-2.0563644357606998e-05,0.00010867633815477884,2.8261030233349542,0.0001129208656552392,-0.0005967735621818079
3.652730546109222,PASSED,-0.2975214540434453,-2.045528896522668e-05,0.00010814142853068345,2.8261031359586144,0.00011232585333476183,-0.0005938381593411018
3.65373074614923,PASSED,-0.2975214744448779,-2.0347467078773472e-05,0.00010760885840155619,2.826103247988735,0.00011173378332555595,-0.0005908912424490656
3.654730946189238,PASSED,-0.2975214947387546,-2.0240177311541317e-05,0.00010707703978588714,2.8261033594282376,0.00011114462897982006,-0.0005879964145937776
3.655731146229246,PASSED,-0.2975215149256056,-2.0133416599442415e-05,0.0001065498269742471,2.826103470280038,0.00011055837600041687,-0.0005850906892761181
3.656731346269254,PASSED,-0.29752153500595885,-2.0027182275769575e-05,0.00010602398813856396,2.8261035805470347,0.00010997502423032676,-0.0005821924906327837
3.657731546309262,PASSED,-0.29752155498034016,-1.9921472796397473e-05,0.0001054998068611312,2.8261036902321095,0.00010939454158458099,-0.0005793427491543969
3.65873174634927,PASSED,-0.29752157484927255,-1.9816285265375725e-05,0.00010497934712882521,2.826103799338141,0.00010881693051638576,-0.0005764566142224446
3.659731946389278,PASSED,-0.29752159461327693,-1.971161708938083e-05,0.00010446072857227356,2.8261039078679864,0.00010824217818521537,-0.0005736161424690006
3.660732146429286,PASSED,-0.29752161427287177,-1.9607466520585354e-05,0.0001039437956109461,2.8261040158244937,0.00010767025690945586,-0.0005707913646198554
3.661732346469294,PASSED,-0.29752163382857305,-1.9503830684033955e-05,0.00010343053051169662,2.826104123210496,0.00010710116747578783,-0.0005679548130334891
3.662732546509302,PASSED,-0.2975216532808947,-1.9400707651735276e-05,0.00010291803349000106,2.826104230028813,0.00010653489293459192,-0.0005651543599708521
3.66373274654931,PASSED,-0.297521672630348,-1.9298094772735176e-05,0.00010240944267349519,2.826104336282258,0.00010597142230101094,-0.0005623481493210744
3.664732946589318,PASSED,-0.2975216918774422,-1.919598952591016e-05,0.00010190244959269229,2.8261044419736234,0.00010541073928839422,-0.0005595729214804872
3.665733146629326,PASSED,-0.29752171102268393,-1.9094390382717875e-05,0.0001013969389253522,2.8261045471056896,0.00010485282641667348,-0.0005568061718808969
3.666733346669334,PASSED,-0.29752173006657784,-1.899329452482333e-05,0.00010089513720733775,2.8261046516812285,0.00010429768325996465,-0.0005540344799274494
3.667733546709342,PASSED,-0.2975217490096259,-1.8892699171468725e-05,0.00010039549745278135,2.826104755703,0.00010374529715173854,-0.0005512871937585576
3.66873374674935,PASSED,-0.29752176785232815,-1.879260300297938e-05,9.989661584705421e-05,2.8261048591737463,0.00010319563782237893,-0.0005485740864269681
3.669733946789358,PASSED,-0.29752178659518214,-1.8693003404345333e-05,9.940158715870907e-05,2.826104962096204,0.00010264871397055992,-0.000545823695413699
3.670734146829366,PASSED,-0.2975218052386832,-1.859389764212305e-05,9.890854559800556e-05,2.826105064473087,0.00010210450194670311,-0.0005431375761522093
3.671734346869374,PASSED,-0.2975218237833245,-1.8495284045405183e-05,9.841696413111078e-05,2.826105166307107,0.00010156298464550082,-0.000540437117902319
3.672734546909382,PASSED,-0.29752184222959666,-1.8397160198703228e-05,9.79284350825115e-05,2.826105267600958,0.00010102416415882656,-0.0005377427325222065
3.67373474694939,PASSED,-0.29752186057798835,-1.829952355344531e-05,9.744211870818574e-05,2.8261053683573216,0.00010048801800808064,-0.0005350817628950635
3.674734946989398,PASSED,-0.297521878828986,-1.820237238836476e-05,9.695719599545588e-05,2.82610546857887,9.995453310619844e-05,-0.0005324203278736255
3.675735147029406,PASSED,-0.29752189698307363,-1.8105704181536748e-05,9.647554738304913e-05,2.826105568268263,9.942370803374695e-05,-0.0005297615688367341
3.676735347069414,PASSED,-0.2975219150407332,-1.8009516645833123e-05,9.599552791734378e-05,2.8261056674281426,9.889551460132208e-05,-0.0005271480081502816
3.677735547109422,PASSED,-0.29752193300244445,-1.7913807888496213e-05,9.551757694995232e-05,2.826105766061147,9.836995254639607e-05,-0.0005245047527765085
3.67873574714943,PASSED,-0.29752195086868477,-1.781857533503215e-05,9.504253780680724e-05,2.826105864169896,9.78470110154925e-05,-0.0005218993829882651
3.679735947189438,PASSED,-0.2975219686399296,-1.7723817135207825e-05,9.45686411693383e-05,2.8261059617569986,9.732666366135704e-05,-0.0005193126682335871
3.680736147229446,PASSED,-0.29752198631665194,-1.7629531070450616e-05,9.409768048245667e-05,2.826106058825058,9.680891894732284e-05,-0.0005166994112346142
3.681736347269454,PASSED,-0.2975220038993228,-1.753571470120541e-05,9.36288284203708e-05,2.8261061553766558,9.629375315866016e-05,-0.0005141433736147455
3.682736547309462,PASSED,-0.29752202138841105,-1.74423660190228e-05,9.316191802410254e-05,2.826106251414364,9.57811399207354e-05,-0.0005115931474647702
3.68373674734947,PASSED,-0.29752203878438327,-1.7349483129345056e-05,9.269687078016748e-05,2.826106346940753,9.527110581250073e-05,-0.0005089947487479069
3.684736947389478,PASSED,-0.297522056087704,-1.725706356569116e-05,9.223469223638471e-05,2.8261064419583652,9.476360793223809e-05,-0.0005064999679391221
3.685737147429486,PASSED,-0.29752207329883557,-1.7165105168338972e-05,9.177420076272053e-05,2.826106536469744,9.42586290106913e-05,-0.0005039648906185695
3.686737347469494,PASSED,-0.2975220904182383,-1.7073606245812768e-05,9.131540370185514e-05,2.826106630477417,9.37561948761859e-05,-0.000501413630429965
3.687737547509502,PASSED,-0.29752210744637014,-1.6982564122861493e-05,9.085993578422275e-05,2.8261067239839,9.325626484517245e-05,-0.0004989409647357694
3.68873774754951,PASSED,-0.29752212438368736,-1.6891977084689482e-05,9.040510643053006e-05,2.8261068169916945,9.275881447387674e-05,-0.0004964566423356824
3.689737947589518,PASSED,-0.2975221412306437,-1.680184297192355e-05,8.995345032286351e-05,2.8261069095032934,9.226386774288323e-05,-0.0004939401234320747
3.690738147629526,PASSED,-0.297522157987691,-1.671215942640266e-05,8.950360898624239e-05,2.8261070015211787,9.17713998945194e-05,-0.000491486331651669
3.691738347669534,PASSED,-0.2975221746552791,-1.6622924790290493e-05,8.905532086278156e-05,2.826107093047822,9.128138416920668e-05,-0.0004890353210867544
3.692738547709542,PASSED,-0.2975221912338556,-1.6534136781650687e-05,8.860980049115702e-05,2.826107184085675,9.079381986497043e-05,-0.000486583626335914
3.69373874774955,PASSED,-0.29752220772386606,-1.644579326380972e-05,8.81659960741737e-05,2.8261072746371934,9.030871265625609e-05,-0.0004841229302999468
3.694738947789558,PASSED,-0.2975222241257542,-1.6357892363177668e-05,8.7724170337308e-05,2.8261073647048076,8.98260254294807e-05,-0.00048173009109234735
3.695739147829566,PASSED,-0.2975222404399613,-1.6270431772937315e-05,8.728487017572175e-05,2.826107454290943,8.934574872060137e-05,-0.0004793077874039713
3.696739347869574,PASSED,-0.297522256666927,-1.6183409754304086e-05,8.684678427156448e-05,2.8261075433980123,8.886789321515696e-05,-0.00047688731747136387
3.697739547909582,PASSED,-0.2975222728070886,-1.609682417826236e-05,8.641143722183358e-05,2.8261076320284184,8.839243215284507e-05,-0.00047451022553891993
3.69873974794959,PASSED,-0.2975222888608816,-1.6010672914934675e-05,8.59778140649158e-05,2.8261077201845524,8.791934848945646e-05,-0.0004721326219550891
3.699739947989598,PASSED,-0.2975223048287393,-1.592495409465939e-05,8.554615774886644e-05,2.8261078078687896,8.744863959065853e-05,-0.00046975975002648427
3.700740148029606,PASSED,-0.2975223207110932,-1.5839665707716445e-05,8.51165397389999e-05,2.826107895083506,8.698030593781607e-05,-0.0004673829213864626
3.701740348069614,PASSED,-0.2975223365083726,-1.5754805558832824e-05,8.468922164670395e-05,2.826107981831058,8.651432051611416e-05,-0.00046505375524553505
3.702740548109622,PASSED,-0.297522352221005,-1.567037180548458e-05,8.426344114926691e-05,2.8261080681137867,8.605065977448863e-05,-0.0004627320658788506
3.70374074814963,PASSED,-0.2975223678494156,-1.558636263279521e-05,8.383966038276965e-05,2.826108153934032,8.558934580286668e-05,-0.0004603685754506644
3.704740948189638,PASSED,-0.2975223833940281,-1.5502775900604117e-05,8.34181133966425e-05,2.8261082392941232,8.513036317077125e-05,-0.00045805866985859607
3.705741148229646,PASSED,-0.2975223988552639,-1.5419609618032073e-05,8.299839535564398e-05,2.826108324196368,8.467366243788498e-05,-0.0004557954415713822
3.706741348269654,PASSED,-0.29752241423354236,-1.5336861745524152e-05,8.258085727610752e-05,2.826108408643072,8.421926741295297e-05,-0.00045346141383909976
3.707741548309662,PASSED,-0.29752242952928126,-1.525453073895912e-05,8.216443942431621e-05,2.826108492636532,8.376718239929666e-05,-0.0004511674135344563
3.70874174834967,PASSED,-0.29752244474289613,-1.5172614240555298e-05,8.175120439015989e-05,2.8261085761790246,8.331734769004538e-05,-0.00044894623972917556
3.709741948389678,PASSED,-0.2975224598748007,-1.5091110323424619e-05,8.133905895769231e-05,2.8261086592728235,8.286977882274365e-05,-0.00044665061901676085
3.710742148429686,PASSED,-0.2975224749254067,-1.5010017581324192e-05,8.092853086225113e-05,2.826108741920193,8.242449325458733e-05,-0.000444375534249353
3.711742348469694,PASSED,-0.29752248989512403,-1.4929333642142011e-05,8.052087806213549e-05,2.826108824123378,8.198142927778449e-05,-0.00044218960517183935
3.712742548509702,PASSED,-0.2975225047843607,-1.4849056441401159e-05,8.01147491933302e-05,2.8261089058846234,8.154059730942764e-05,-0.0004399268771468818
3.71374274854971,PASSED,-0.29752251959352266,-1.4769184557547183e-05,7.970997362773725e-05,2.8261089872061596,8.110201498143765e-05,-0.00043768596188538346
3.714742948589718,PASSED,-0.2975225343230141,-1.468971597490726e-05,7.930765531471558e-05,2.826109068090202,8.066562673426239e-05,-0.00043552310403518763
3.715743148629726,PASSED,-0.2975225489732374,-1.4610648411195429e-05,7.890750264323943e-05,2.826109148538963,8.023143924197935e-05,-0.0004332970844482938
3.716743348669734,PASSED,-0.29752256354459283,-1.4531980566883428e-05,7.850807209117796e-05,2.8261092285546363,7.979945784901009e-05,-0.0004311042653165599
3.717743548709742,PASSED,-0.297522578037479,-1.4453710445081329e-05,7.811148827604725e-05,2.826109308139416,7.936965649124259e-05,-0.0004289327527347933
3.71874374874975,PASSED,-0.29752259245229246,-1.4375835645086518e-05,7.771700780731793e-05,2.8261093872954772,7.894202166598668e-05,-0.000426769540269974
3.719743948789758,PASSED,-0.2975226067894282,-1.4298355086954727e-05,7.732292501477126e-05,2.8261094660249872,7.851655308851225e-05,-0.0004246012689440459
3.720744148829766,PASSED,-0.29752262104927907,-1.4221266483269599e-05,7.69323894653664e-05,2.8261095443301087,7.809324665289e-05,-0.00042244321340770795
3.721744348869774,PASSED,-0.29752263523223627,-1.4144567989660185e-05,7.654256303877969e-05,2.826109622212983,7.767206981327179e-05,-0.00042033259042521115
3.722744548909782,PASSED,-0.2975226493386891,-1.4068258126581333e-05,7.615472977223083e-05,2.826109699675752,7.72530274314747e-05,-0.00041818224271168
3.72374474894979,PASSED,-0.297522663369025,-1.3992334612182842e-05,7.576937081599922e-05,2.8261097767205445,7.683612059396985e-05,-0.0004160565673669568
3.724744948989798,PASSED,-0.29752267732362964,-1.391679592368445e-05,7.538490028665203e-05,2.826109853349475,7.642131299915679e-05,-0.0004139749464437974
3.725745149029806,PASSED,-0.29752269120288694,-1.384164028677357e-05,7.500279466036656e-05,2.826109929564652,7.600860731067032e-05,-0.00041185951651492414
3.726745349069814,PASSED,-0.297522705007179,-1.3766865760735282e-05,7.462234695690372e-05,2.8261100053681747,7.55980075628391e-05,-0.00040975990204208696
3.727745549109822,PASSED,-0.29752271873688596,-1.3692470586458614e-05,7.424372582317665e-05,2.8261100807621307,7.518948271463991e-05,-0.00040770147897059046
3.72874574914983,PASSED,-0.2975227323923864,-1.3618452982926382e-05,7.386685533826831e-05,2.8261101557485984,7.478302715331491e-05,-0.0004056249495613008
3.729745949189838,PASSED,-0.297522745974057,-1.354481128743201e-05,7.349158893177371e-05,2.826110230329646,7.43786432865583e-05,-0.0004035564782201436
3.730746149229846,PASSED,-0.29752275948227275,-1.3471543767147446e-05,7.311814118642751e-05,2.826110304507333,7.397631248438555e-05,-0.00040151368480783174
3.731746349269854,PASSED,-0.2975227729174068,-1.3398648350342279e-05,7.27469338843271e-05,2.8261103782837074,7.357601935204394e-05,-0.0003994794306974654
3.732746549309862,PASSED,-0.29752278627983064,-1.3326123450173355e-05,7.237687769198673e-05,2.8261104516608104,7.31777676441039e-05,-0.0003974332261017287
3.73374674934987,PASSED,-0.2975227995699139,-1.3253967641447148e-05,7.200842941568599e-05,2.826110524640673,7.278154424676104e-05,-0.00039541684483695023
3.734746949389878,PASSED,-0.2975228127880245,-1.3182178612834558e-05,7.164276141052593e-05,2.8261105972253158,7.238732984106835e-05,-0.00039341277959651126
3.735747149429886,PASSED,-0.2975228259345288,-1.3110755018227377e-05,7.127748340495248e-05,2.8261106694167433,7.199511553324796e-05,-0.0003914153266363286
3.736747349469894,PASSED,-0.29752283900979104,-1.3039695167435825e-05,7.091476238261784e-05,2.8261107412169664,7.160491483390149e-05,-0.0003893909478199085
3.737747549509902,PASSED,-0.2975228520141742,-1.2968997188542725e-05,7.055345656675623e-05,2.82611081262797,7.121669316463309e-05,-0.00038744215023405994
3.73874774954991,PASSED,-0.2975228649480393,-1.2898659277849272e-05,7.019421344458618e-05,2.82611088365174,7.083044062060353e-05,-0.0003854594732265389
3.739747949589918,PASSED,-0.2975228778117457,-1.2828680030846753e-05,6.983593604113964e-05,2.8261109542902516,7.04461743278006e-05,-0.00038347083918719636
3.740748149629926,PASSED,-0.29752289060565107,-1.275905770044584e-05,6.94799266407636e-05,2.826111024545462,7.006385374395055e-05,-0.00038155374695863386
3.741748349669934,PASSED,-0.2975229033301114,-1.2689790319432433e-05,6.912568392850306e-05,2.826111094419334,6.968348510459476e-05,-0.0003795785676205692
3.742748549709942,PASSED,-0.2975229159854809,-1.2620876425330761e-05,6.877270088378525e-05,2.8261111639138075,6.930506574413629e-05,-0.00037764655568374954
3.74374874974995,PASSED,-0.2975229285721123,-1.2552314481520765e-05,6.842143909413972e-05,2.82611123303082,6.892856711047613e-05,-0.00037573335231107745
3.744748949789958,PASSED,-0.29752294109035654,-1.2484102479354326e-05,6.807237754797179e-05,2.8261113017723027,6.855399924117925e-05,-0.00037379088062074856
3.745749149829966,PASSED,-0.2975229535405629,-1.241623895913035e-05,6.77242820079778e-05,2.8261113701401688,6.818134395072007e-05,-0.00037189823035146957
3.746749349869974,PASSED,-0.2975229659230791,-1.2348722345583408e-05,6.737816790625292e-05,2.826111438136328,6.781058465716954e-05,-0.00037000000234991496
3.747749549909982,PASSED,-0.2975229782382511,-1.2281550977723412e-05,6.703350116249016e-05,2.8261115057626847,6.744173576882376e-05,-0.000368081479009675
3.74874974994999,PASSED,-0.2975229904864232,-1.2214722977356695e-05,6.669099983620199e-05,2.8261115730211253,6.707476547430444e-05,-0.0003662295048590887
3.749749949989998,PASSED,-0.29752300266793824,-1.2148237009805956e-05,6.634927936043082e-05,2.826111639913531,6.670966206782508e-05,-0.00036435267422619654
3.7507501500300062,PASSED,-0.29752301478313725,-1.2082091325125265e-05,6.600995489419801e-05,2.826111706441778,6.634644383909242e-05,-0.00036246193173696906
3.7517503500700142,PASSED,-0.29752302683235976,-1.2016284268687108e-05,6.567179080079612e-05,2.8261117726077303,6.598508411479361e-05,-0.0003606249193400464
3.7527505501100222,PASSED,-0.29752303881594366,-1.195081451089051e-05,6.533506912713537e-05,2.8261118384132424,6.562556287973235e-05,-0.0003587854455420532
3.7537507501500302,PASSED,-0.29752305073422525,-1.1885680147865477e-05,6.500055895696557e-05,2.8261119038601614,6.526789410182725e-05,-0.00035692433281377854
3.7547509501900382,PASSED,-0.2975230625875392,-1.1820879448330082e-05,6.466745992101448e-05,2.8261119689503245,6.49120601306169e-05,-0.00035510706347475346
3.755751150230046,PASSED,-0.29752307437621855,-1.175641124723494e-05,6.433536187789259e-05,2.826112033685563,6.45580437749754e-05,-0.00035328921708601167
3.756751350270054,PASSED,-0.29752308610059497,-1.1692273937977986e-05,6.400527417632923e-05,2.826112098067693,6.420584404422516e-05,-0.0003514734065263845
3.757751550310062,PASSED,-0.2975230977609982,-1.1628465381846676e-05,6.367741076796567e-05,2.82611216209853,6.385545856364709e-05,-0.00034966019661254255
3.75875175035007,PASSED,-0.2975231093577568,-1.1564984556978183e-05,6.334976760217774e-05,2.826112225779877,6.350686999654014e-05,-0.00034787414743656396
3.759751950390078,PASSED,-0.2975231208911974,-1.1501829995998253e-05,6.30244232317646e-05,2.826112289113525,6.316006140374847e-05,-0.0003460982230284048
3.760752150430086,PASSED,-0.2975231323616454,-1.1438999636082311e-05,6.270098437206057e-05,2.826112352101264,6.281504607333726e-05,-0.00034429340199974037
3.761752350470094,PASSED,-0.2975231437694244,-1.1376492224842453e-05,6.237836248505551e-05,2.826112414744869,6.247180414021244e-05,-0.000342540953874843
3.762752550510102,PASSED,-0.2975231551148566,-1.1314306457001791e-05,6.205737141106762e-05,2.8261124770461112,6.213031913453304e-05,-0.0003407810402157643
3.76375275055011,PASSED,-0.2975231663982627,-1.12524404289454e-05,6.173846581994002e-05,2.826112539006748,6.179059381849606e-05,-0.0003390214999177931
3.764752950590118,PASSED,-0.29752317761996167,-1.1190892452751243e-05,6.142098311030111e-05,2.8261126006285378,6.145262583404181e-05,-0.0003372656408118862
3.765753150630126,PASSED,-0.2975231887802711,-1.1129661562058456e-05,6.110416241444644e-05,2.826112661913219,6.111638628772292e-05,-0.00033555548332355427
3.766753350670134,PASSED,-0.29752319987950715,-1.1068746116223526e-05,6.0789634781920174e-05,2.8261127228625273,6.078187389683523e-05,-0.0003338169959304477
3.767753550710142,PASSED,-0.2975232109179843,-1.100814400820456e-05,6.047709017699497e-05,2.8261127834781923,6.044909999790087e-05,-0.00033207850093696213
3.76875375075015,PASSED,-0.2975232218960156,-1.09478545107237e-05,6.0164435683438995e-05,2.8261128437619307,6.011803188831769e-05,-0.0003303945153473317
3.769753950790158,PASSED,-0.29752323281391263,-1.0887876034493676e-05,5.985450326108018e-05,2.8261129037154538,5.97886635785134e-05,-0.0003286841727756182
3.770754150830166,PASSED,-0.2975232436719854,-1.0828206393119711e-05,5.9546400115888605e-05,2.8261129633404694,5.9461013866646376e-05,-0.0003269600712612909
3.771754350870174,PASSED,-0.29752325447054256,-1.0768844839001533e-05,5.923832345303495e-05,2.826113022638666,5.913504178073164e-05,-0.0003253134290170329
3.772754550910182,PASSED,-0.29752326520989114,-1.0709789715820763e-05,5.893298966592702e-05,2.8261130816117297,5.881074007968554e-05,-0.0003236272157321476
3.77375475095019,PASSED,-0.2975232758903368,-1.065103921217279e-05,5.862884630266889e-05,2.8261131402613424,5.848813586809548e-05,-0.0003219222088286622
3.774754950990198,PASSED,-0.2975232865121838,-1.0592592520430532e-05,5.8325255368651845e-05,2.8261131985891708,5.8167187841794135e-05,-0.00032029857128313197
3.775755151030206,PASSED,-0.2975232970757346,-1.0534447533054766e-05,5.8024808713839844e-05,2.826113256596879,5.784788814400409e-05,-0.00031863378212799277
3.776755351070214,PASSED,-0.29752330758129075,-1.0476603182852974e-05,5.772404452709629e-05,2.826113314286122,5.753025535677729e-05,-0.00031696545729267616
3.777755551110222,PASSED,-0.2975233180291519,-1.0419057998858706e-05,5.7425943639046405e-05,2.8261133716585496,5.721426655201044e-05,-0.00031533770308295953
3.77875575115023,PASSED,-0.2975233284196165,-1.0361810285575161e-05,5.7128893046543765e-05,2.8261134287157885,5.6899884674997706e-05,-0.00031374465963258767
3.779755951190238,PASSED,-0.2975233387529814,-1.0304858923928169e-05,5.683300738062656e-05,2.8261134854594836,5.6587157826061924e-05,-0.0003120483084712451
3.780756151230246,PASSED,-0.2975233490295422,-1.0248202328939626e-05,5.653898672715297e-05,2.826113541891247,5.6276047960331684e-05,-0.0003104842372362361
3.781756351270254,PASSED,-0.29752335924959294,-1.0191839083590708e-05,5.624608443009506e-05,2.826113598012699,5.596652726091712e-05,-0.00030887834086677356
3.782756551310262,PASSED,-0.29752336941342633,-1.0135767963318528e-05,5.595447750023776e-05,2.8261136538254457,5.5658630287736386e-05,-0.00030724272805672596
3.78375675135027,PASSED,-0.29752337952133373,-1.007998745880338e-05,5.566452252508956e-05,2.826113709331085,5.5352326673106285e-05,-0.0003056775390123559
3.784756951390278,PASSED,-0.29752338957360497,-1.0024495836412874e-05,5.537635563411726e-05,2.826113764531208,5.5047595673936314e-05,-0.0003040999726083875
3.785757151430286,PASSED,-0.2975233995705284,-9.969292001814666e-06,5.508882057427016e-05,2.826113819427406,5.474446716900235e-05,-0.0003024808598176759
3.786757351470294,PASSED,-0.29752340951239126,-9.914374934159725e-06,5.480256570871984e-05,2.8261138740212473,5.444290256758379e-05,-0.00030095376248582607
3.787757551510302,PASSED,-0.2975234193994792,-9.859742732594674e-06,5.451862546927329e-05,2.826113928314303,5.414288796213984e-05,-0.0002993885007493568
3.78875775155031,PASSED,-0.29752342923207653,-9.805393900960445e-06,5.4235635744197315e-05,2.8261139823081365,5.384445261309418e-05,-0.00029779991457653
3.789757951590318,PASSED,-0.29752343901046624,-9.75132766902117e-06,5.395329606932743e-05,2.826114036004301,5.354756477512937e-05,-0.0002962797868903338
3.790758151630326,PASSED,-0.2975234487349299,-9.697542364155219e-06,5.367331073036733e-05,2.8261140894043395,5.325219937852927e-05,-0.00029475580307327867
3.791758351670334,PASSED,-0.2975234584057478,-9.644036204028547e-06,5.3394726390872505e-05,2.826114142509796,5.2958390347249204e-05,-0.0002931778500845922
3.792758551710342,PASSED,-0.29752346802319873,-9.590808675118729e-06,5.311606392244847e-05,2.8261141953222007,5.266611150673735e-05,-0.0002916795007966968
3.79375875175035,PASSED,-0.29752347758756037,-9.537857993435985e-06,5.284042685627116e-05,2.826114247843072,5.237532515544342e-05,-0.0002901909182920768
3.794758951790358,PASSED,-0.29752348709910875,-9.485182408060817e-06,5.25656910544311e-05,2.8261143000739333,5.208607671754724e-05,-0.00028862011763225025
3.795759151830366,PASSED,-0.2975234965581188,-9.432781479099648e-06,5.229108756566018e-05,2.826114352016289,5.179833469926612e-05,-0.0002871566187137106
3.796759351870374,PASSED,-0.2975235059648641,-9.380653274311594e-06,5.201961626965107e-05,2.8261144036716463,5.151207399303363e-05,-0.0002856634312450052
3.797759551910382,PASSED,-0.29752351531961674,-9.328796426189286e-06,5.174833602407819e-05,2.8261144550414956,5.122731537299524e-05,-0.0002841554125673127
3.79875975195039,PASSED,-0.29752352462264775,-9.27721024232147e-06,5.147808243030964e-05,2.8261145061273276,5.094404567791312e-05,-0.00028267921675866216
3.799759951990398,PASSED,-0.29752353387422653,-9.22589258831621e-06,5.1210701721891504e-05,2.8261145569306176,5.066223662216649e-05,-0.0002812289484052683
3.800760152030406,PASSED,-0.29752354307462153,-9.174842536472775e-06,5.094295192446606e-05,2.826114607452844,5.038190867981488e-05,-0.0002797272716491782
3.801760352070414,PASSED,-0.2975235522240996,-9.124059029299023e-06,5.067721067327374e-05,2.8261146576954723,5.010305022592586e-05,-0.00027827924204891
3.802760552110422,PASSED,-0.2975235613229265,-9.073540639449568e-06,5.0412509300241904e-05,2.8261147076599573,4.9825626654098795e-05,-0.00027685312501249957
3.80376075215043,PASSED,-0.2975235703713665,-9.023285605130317e-06,5.015005099859195e-05,2.8261147573477565,4.954966654841053e-05,-0.0002753647594721127
3.804760952190438,PASSED,-0.2975235793696828,-8.973293159374392e-06,4.98873755941465e-05,2.8261148067603092,4.9275148830675206e-05,-0.0002739530232441324
3.805761152230446,PASSED,-0.29752358831813724,-8.923562203580518e-06,4.962667592702606e-05,2.826114855899056,4.9002052312548366e-05,-0.00027252551471531857
3.806761352270454,PASSED,-0.2975235972169903,-8.874090798396527e-06,4.936789135530033e-05,2.8261149047654284,4.873039572294329e-05,-0.0002710773061982622
3.807761552310462,PASSED,-0.29752360606650124,-8.824878096969312e-06,4.910924147515837e-05,2.8261149533608494,4.84601589345871e-05,-0.00026967644312812463
3.80876175235047,PASSED,-0.2975236148669282,-8.775923056962762e-06,4.885223902747672e-05,2.826115001686735,4.8191324538076067e-05,-0.00026827303209964133
3.809761952390478,PASSED,-0.2975236236185278,-8.727223897313615e-06,4.859710673025741e-05,2.826115049744495,4.7923904070840816e-05,-0.0002668520906589897
3.810762152430486,PASSED,-0.29752363232155576,-8.678779732137072e-06,4.834220414073479e-05,2.826115097535531,4.765788387095312e-05,-0.00026546560604017024
3.811762352470494,PASSED,-0.29752364097626616,-8.63058915785261e-06,4.80894877136139e-05,2.826115145061244,4.739325596892888e-05,-0.0002640694326802936
3.812762552510502,PASSED,-0.29752364958291216,-8.582651136442143e-06,4.7837043875035105e-05,2.8261151923230226,4.7130017260754205e-05,-0.00026268489183759754
3.81376275255051,PASSED,-0.2975236581417455,-8.534964164767292e-06,4.758692354139242e-05,2.826115239322247,4.686815186887131e-05,-0.0002613190585797643
3.814762952590518,PASSED,-0.29752366665301677,-8.487527127699504e-06,4.733711275205089e-05,2.826115286060292,4.660765630351364e-05,-0.0002599465698762743
3.815763152630526,PASSED,-0.29752367511697536,-8.440339088009044e-06,4.708865764939971e-05,2.8261153325385315,4.634853838775178e-05,-0.0002585654796855952
3.816763352670534,PASSED,-0.2975236835338694,-8.393398362759064e-06,4.684210365036699e-05,2.8261153787583244,4.609077404721125e-05,-0.00025723024777714386
3.817763552710542,PASSED,-0.2975236919039458,-8.346704005422947e-06,4.6595859793282507e-05,2.826115424721028,4.58343559379174e-05,-0.00025587668363832324
3.81876375275055,PASSED,-0.2975237002274502,-8.300254757697004e-06,4.635150634771714e-05,2.82611547042799,4.557929083786912e-05,-0.00025452404432159
3.819763952790558,PASSED,-0.29752370850462734,-8.25404955712253e-06,4.610766339231192e-05,2.8261155158805567,4.532556782229894e-05,-0.0002531889964025608
3.820764152830566,PASSED,-0.2975237167357203,-8.208086929159516e-06,4.5865937676816606e-05,2.8261155610800617,4.507317140369764e-05,-0.00025186803340045995
3.821764352870574,PASSED,-0.29752372492097134,-8.162365651941525e-06,4.56248369121089e-05,2.826115606027835,4.48221028327261e-05,-0.00025053559601892744
3.822764552910582,PASSED,-0.2975237330606214,-8.116885207371401e-06,4.5384183008801206e-05,2.826115650725198,4.4572353449899766e-05,-0.0002492252406979427
3.82376475295059,PASSED,-0.29752374115491037,-8.071643858507044e-06,4.514612610139529e-05,2.8261156951734714,4.432392269498925e-05,-0.0002479010977188914
3.824764952990598,PASSED,-0.29752374920407654,-8.026639954656613e-06,4.490908901645296e-05,2.826115739373962,4.407679523351306e-05,-0.0002466117039810421
3.825765153030606,PASSED,-0.29752375720835766,-7.981873494794542e-06,4.467137375914922e-05,2.8261157833279746,4.38309638983218e-05,-0.00024531108933140746
3.826765353070614,PASSED,-0.29752376516798973,-7.937342637668787e-06,4.443717937016144e-05,2.82611582703681,4.358643797510096e-05,-0.00024400247914712874
3.827765553110622,PASSED,-0.29752377308320804,-7.893045998968727e-06,4.4202944919993435e-05,2.8261158705017535,4.334319092095752e-05,-0.0002427434374743098
3.82876575315063,PASSED,-0.2975237809542465,-7.848983025614563e-06,4.3969658976941135e-05,2.8261159137240908,4.310121936817129e-05,-0.00024145696299416832
3.829765953190638,PASSED,-0.29752378878133784,-7.805152185427233e-06,4.373829432758982e-05,2.826115956705103,4.286053903991546e-05,-0.0002401625717636196
3.830766153230646,PASSED,-0.29752379656471384,-7.761552442741837e-06,4.350737492393495e-05,2.8261159994460603,4.2621120914988326e-05,-0.00023892182703613767
3.831766353270654,PASSED,-0.297523804304605,-7.718182803588982e-06,4.327781530546736e-05,2.8261160419482283,4.238295624186898e-05,-0.00023765990384147444
3.832766553310662,PASSED,-0.2975238120012406,-7.675041682314217e-06,4.304999192096373e-05,2.826116084212871,4.2146066634462995e-05,-0.00023637607644899265
3.83376675335067,PASSED,-0.29752381965484903,-7.632128449343903e-06,4.2822060336546446e-05,2.826116126241236,4.191041508320726e-05,-0.00023516853446023498
3.834766953390678,PASSED,-0.29752382726565735,-7.5894419376701594e-06,4.2596145898542796e-05,2.826116168034572,4.1675999176025165e-05,-0.0002339141556633312
3.835767153430686,PASSED,-0.29752383483389166,-7.546980602116735e-06,4.237146199001237e-05,2.8261162095941246,4.144284585351149e-05,-0.00023264610041390292
3.836767353470694,PASSED,-0.29752384235977686,-7.504743690540206e-06,4.214721130087394e-05,2.8261162509211215,4.1210906585123684e-05,-0.00023146804703707066
3.837767553510702,PASSED,-0.2975238498435367,-7.462730326905225e-06,4.192413185771919e-05,2.826116292016798,4.098018989003517e-05,-0.00023021579378948106
3.83876775355071,PASSED,-0.2975238572853939,-7.420938784271183e-06,4.170314981825634e-05,2.826116332882377,4.075071441451338e-05,-0.00022898193001000277
3.839767953590718,PASSED,-0.29752386468557007,-7.37936829690426e-06,4.1482045732698424e-05,2.8261163735190684,4.052242981332565e-05,-0.00022781971530621127
3.840768153630726,PASSED,-0.2975238720442857,-7.338017975509295e-06,4.126250516981078e-05,2.826116413928089,4.029535683178398e-05,-0.0002265751590319651
3.841768353670734,PASSED,-0.2975238793617603,-7.296886441927369e-06,4.104421919000328e-05,2.826116454110643,4.006950412966868e-05,-0.0002253710641708591
3.842768553710742,PASSED,-0.29752388663821205,-7.2559726024491706e-06,4.0826919670327386e-05,2.826116494067931,3.984483167207125e-05,-0.00022420671988179837
3.84376875375075,PASSED,-0.2975238938738584,-7.215275741354042e-06,4.0610155378328936e-05,2.8261165338011396,3.962134078029202e-05,-0.00022301367304419057
3.844768953790758,PASSED,-0.2975239010689155,-7.174794390713727e-06,4.039548081497165e-05,2.8261165733114626,3.9399056563503854e-05,-0.00022179791261748173
3.845769153830766,PASSED,-0.29752390822359837,-7.1345274681700835e-06,4.018121702942557e-05,2.8261166126000803,3.917794428867953e-05,-0.00022065518296221403
3.846769353870774,PASSED,-0.2975239153381211,-7.094474207541956e-06,3.9967956360594496e-05,2.8261166516681615,3.895798135801294e-05,-0.00021950142913617192
3.847769553910782,PASSED,-0.29752392241269676,-7.054633547633184e-06,3.9755795607556305e-05,2.8261166905168884,3.873922008717385e-05,-0.0002182678319743631
3.84876975395079,PASSED,-0.29752392944753725,-7.015004227452005e-06,3.954500323026091e-05,2.8261167291474103,3.8521601759445075e-05,-0.00021718532489837947
3.849769953990798,PASSED,-0.29752393644285346,-6.975585163939747e-06,3.9335103700254095e-05,2.8261167675608982,3.830512933583938e-05,-0.00021599715607723707
3.850770154030806,PASSED,-0.29752394339885524,-6.936375519252916e-06,3.9126005344548817e-05,2.8261168057584953,3.808982694096179e-05,-0.000214839220744484
3.851770354070814,PASSED,-0.2975239503157515,-6.8973743190495564e-06,3.891799677589954e-05,2.8261168437413544,3.787566117284381e-05,-0.00021371679970030988
3.852770554110822,PASSED,-0.2975239571937498,-6.858580000415491e-06,3.8711866539509136e-05,2.826116881510613,3.766262413857872e-05,-0.00021258385730828292
3.85377075415083,PASSED,-0.2975239640330571,-6.819992306654835e-06,3.8504911908088466e-05,2.8261169190674065,3.7450727863068044e-05,-0.00021143788764559334
3.854770954190838,PASSED,-0.29752397083387905,-6.7816098533071685e-06,3.830081430738482e-05,2.8261169564128648,3.72399598174879e-05,-0.00021032148420317446
3.855771154230846,PASSED,-0.2975239775964204,-6.743431153583298e-06,3.809729000152907e-05,2.826116993548112,3.7030305938721855e-05,-0.00020920880847462295
3.856771354270854,PASSED,-0.2975239843208847,-6.705455863718104e-06,3.789395644097088e-05,2.8261170304742693,3.6821776585500705e-05,-0.0002080763830521596
3.857771554310862,PASSED,-0.2975239910074748,-6.667682884799869e-06,3.7692327236410886e-05,2.826117067192447,3.661435465346024e-05,-0.00020698563136600643
3.85877175435087,PASSED,-0.2975239976563923,-6.63011097048194e-06,3.7491639038941654e-05,2.8261171037037522,3.640802974420846e-05,-0.00020588442784228535
3.859771954390878,PASSED,-0.2975240042678378,-6.592739094348582e-06,3.7292034196301005e-05,2.826117140009289,3.620281462267488e-05,-0.00020476891732778093
3.860772154430886,PASSED,-0.297524010842011,-6.55556652677863e-06,3.709292315238699e-05,2.8261171761101513,3.59986898876799e-05,-0.0002036952801064443
3.861772354470894,PASSED,-0.29752401737911066,-6.518592178557997e-06,3.689529826613038e-05,2.826117212007431,3.579564674640909e-05,-0.0002026083820470511
3.862772554510902,PASSED,-0.29752402387933435,-6.481814926217606e-06,3.669855505656548e-05,2.8261172477022147,3.559369583396433e-05,-0.0002015125993765702
3.86377275455091,PASSED,-0.29752403034287883,-6.44523384319093e-06,3.650276834008326e-05,2.826117283195581,3.539281938689916e-05,-0.00020045234552423045
3.864772954590918,PASSED,-0.2975240367699398,-6.408848157202851e-06,3.630763108674298e-05,2.826117318488607,3.5193011678725864e-05,-0.00019937794993933126
3.865773154630926,PASSED,-0.29752404316071207,-6.3726566604599456e-06,3.611407384701555e-05,2.8261173535823567,3.499427049713031e-05,-0.00019831666936637673
3.866773354670934,PASSED,-0.29752404951538935,-6.336658268993724e-06,3.592126987902515e-05,2.826117388477903,3.479660167102775e-05,-0.00019723693059335486
3.867773554710942,PASSED,-0.2975240558341644,-6.300852425771946e-06,3.572889211694736e-05,2.8261174231762953,3.4599974100269886e-05,-0.00019622133086753688
3.86877375475095,PASSED,-0.2975240621172292,-6.265238036478957e-06,3.553805407701511e-05,2.826117457678592,3.4404398578848215e-05,-0.00019514498179108952
3.869773954790958,PASSED,-0.29752406836477463,-6.229813868677122e-06,3.534824361838067e-05,2.8261174919858436,3.4209887936920765e-05,-0.00019408774868502257
3.870774154830966,PASSED,-0.2975240745769905,-6.194579083409121e-06,3.515914636774972e-05,2.826117526099088,3.4016396552229585e-05,-0.00019309380869528305
3.871774354870974,PASSED,-0.29752408075406583,-6.159533018699248e-06,3.4970676937953804e-05,2.8261175600193655,3.3823941060681846e-05,-0.00019202994678270971
3.872774554910982,PASSED,-0.29752408689618876,-6.124674598447789e-06,3.478358246046308e-05,2.826117593747709,3.363253385302281e-05,-0.00019099204824325243
3.87377475495099,PASSED,-0.2975240930035463,-6.090002452874746e-06,3.459785431476221e-05,2.826117627285142,3.344213091724134e-05,-0.0001900101941402833
3.874774954990998,PASSED,-0.2975240990763247,-6.055516194915844e-06,3.4411860388327695e-05,2.8261176606326948,3.3252757471296894e-05,-0.00018894894714721256
3.8757751550310062,PASSED,-0.29752410511470917,-6.021214886589696e-06,3.4227606951361765e-05,2.8261176937913794,3.306440708119568e-05,-0.00018795135207055327
3.8767753550710142,PASSED,-0.29752411111888394,-5.987097211764739e-06,3.404438674068683e-05,2.826117726762208,3.287704779389402e-05,-0.0001869645774557276
3.8777755551110222,PASSED,-0.2975241170890325,-5.953162506765388e-06,3.3861583838460704e-05,2.8261177595461873,3.269069967821085e-05,-0.0001859371411681393
3.8787757551510302,PASSED,-0.29752412302533726,-5.919409829158126e-06,3.3680073453127535e-05,2.8261177921443204,3.250536219092402e-05,-0.0001849377180326149
3.8797759551910382,PASSED,-0.2975241289279798,-5.885838172868168e-06,3.349937818117873e-05,2.826117824557602,3.232100332913229e-05,-0.00018397295763115335
3.8807761552310462,PASSED,-0.2975241347971407,-5.852446710675036e-06,3.331951820110115e-05,2.8261178567870275,3.213763897268009e-05,-0.0001829586223328892
3.8817763552710542,PASSED,-0.29752414063299976,-5.8192347951821166e-06,3.3140180354130615e-05,2.8261178888335845,3.195527270300277e-05,-0.0001819713679069309
3.8827765553110622,PASSED,-0.2975241464357358,-5.786200965073438e-06,3.296292994504346e-05,2.8261179206982487,3.177386363742213e-05,-0.00018103419736311606
3.8837767553510703,PASSED,-0.29752415220552675,-5.753344491758061e-06,3.278550222893445e-05,2.826117952382003,3.1593437640353895e-05,-0.00018002053020497628
3.8847769553910783,PASSED,-0.2975241579425497,-5.720665258445877e-06,3.260838736768154e-05,2.8261179838858173,3.1413994211580493e-05,-0.00017905869448568308
3.8857771554310863,PASSED,-0.29752416364698075,-5.688161075721594e-06,3.24347129620173e-05,2.8261180152106635,3.123550377985644e-05,-0.00017811158988295802
3.8867773554710943,PASSED,-0.2975241693189951,-5.655831721510964e-06,3.225911504303959e-05,2.8261180463574966,3.1057965565525875e-05,-0.00017715596396230212
3.8877775555111023,PASSED,-0.2975241749587673,-5.623676968949759e-06,3.208517757331462e-05,2.826118077327278,3.088139654253711e-05,-0.0001761777290064044
3.8887777555511103,PASSED,-0.29752418056647073,-5.591694738826623e-06,3.191359848968358e-05,2.826118108120959,3.070577521468643e-05,-0.00017525039374686343
3.8897779555911183,PASSED,-0.29752418614227816,-5.5598846844592755e-06,3.1741024952457526e-05,2.826118138739491,3.053109440744805e-05,-0.00017430108289939213
3.8907781556311263,PASSED,-0.29752419168636113,-5.5282462356121295e-06,3.1570064776938294e-05,2.8261181691838164,3.035736164859971e-05,-0.00017335387614763467
3.8917783556711343,PASSED,-0.2975241971988907,-5.496778131981067e-06,3.1400129533812215e-05,2.8261181994548674,3.018455405779125e-05,-0.0001724434005823457
3.8927785557111423,PASSED,-0.297524202680037,-5.465479598052254e-06,3.123080352547971e-05,2.8261182295535843,3.001268376037051e-05,-0.00017148822864633594
3.8937787557511503,PASSED,-0.29752420812996894,-5.434349780977826e-06,3.1062492773727e-05,2.8261182594808956,2.984174940081294e-05,-0.000170565113498388
3.8947789557911583,PASSED,-0.2975242135488551,-5.40338807603984e-06,3.08945130474921e-05,2.826118289237725,2.9671724586057154e-05,-0.00016966461559405553
3.8957791558311663,PASSED,-0.2975242189368628,-5.372593254619588e-06,3.072836033542577e-05,2.8261183188249914,2.9502617526647835e-05,-0.00016873535528616
3.8967793558711743,PASSED,-0.2975242242941588,-5.341964620749426e-06,3.056214955998643e-05,2.8261183482436087,2.9334429915786684e-05,-0.0001678224479111459
3.8977795559111823,PASSED,-0.2975242296209088,-5.311501445606014e-06,3.0397192199028364e-05,2.8261183774944896,2.916714693939444e-05,-0.00016692332871298194
3.8987797559511903,PASSED,-0.2975242349172778,-5.2812028360004016e-06,3.0232887876668974e-05,2.8261184065785403,2.900076823124491e-05,-0.00016601562777389902
3.8997799559911983,PASSED,-0.29752424018342993,-5.251067906081772e-06,3.006962461326794e-05,2.8261184354966575,2.88352851285332e-05,-0.0001651280860035749
3.9007801560312063,PASSED,-0.2975242454195284,-5.221095644203807e-06,2.9907353387763832e-05,2.8261184642497437,2.867070114511099e-05,-0.00016422124836797046
3.9017803560712143,PASSED,-0.29752425062573573,-5.191285739062198e-06,2.9744939644172697e-05,2.8261184928386878,2.8507007219580257e-05,-0.00016334237697257435
3.9027805561112223,PASSED,-0.29752425580221364,-5.161637146743109e-06,2.95843607690337e-05,2.826118521264378,2.8344192885666676e-05,-0.0001624623052075782
3.9037807561512303,PASSED,-0.2975242609491229,-5.132148538925596e-06,2.9424772516499058e-05,2.826118549527698,2.8182265173010634e-05,-0.00016157131762168246
3.9047809561912383,PASSED,-0.2975242660666234,-5.102819758760461e-06,2.926478526422661e-05,2.8261185776295235,2.8021209707986936e-05,-0.00016071156329170474
3.9057811562312463,PASSED,-0.29752427115487456,-5.073649979275788e-06,2.9106442298303352e-05,2.8261186055707346,2.786103018311532e-05,-0.00015982483259155758
3.9067813562712543,PASSED,-0.2975242762140346,-5.044637800500121e-06,2.8949336427243157e-05,2.8261186333521944,2.77017153508308e-05,-0.00015897483207982145
3.9077815563112623,PASSED,-0.29752428124426117,-5.015783038353261e-06,2.8791712626605366e-05,2.826118660974775,2.754326675661608e-05,-0.00015809776897132311
3.9087817563512703,PASSED,-0.29752428624571103,-4.987084876887823e-06,2.8635794024658496e-05,2.8261186884393332,2.7385676074739716e-05,-0.00015725262381306244
3.9097819563912783,PASSED,-0.29752429121854024,-4.9585419104080605e-06,2.8481081449832312e-05,2.826118715746726,2.7228935438850367e-05,-0.00015639931060687374
3.9107821564312863,PASSED,-0.297524296162904,-4.930153799699747e-06,2.8326130213967063e-05,2.826118742897806,2.7073049676234277e-05,-0.00015554339728890315
3.9117823564712944,PASSED,-0.29752430107895667,-4.901919993320669e-06,2.8172257155818582e-05,2.826118769893422,2.691801056690189e-05,-0.00015470291736138038
3.9127825565113024,PASSED,-0.29752430596685187,-4.873839211701106e-06,2.8019797928725532e-05,2.8261187967344124,2.676380108063379e-05,-0.00015388053220591035
3.9137827565513104,PASSED,-0.2975243108267426,-4.845910881937148e-06,2.786735098744749e-05,2.826118823421626,2.661044729096901e-05,-0.00015300262797069236
3.9147829565913184,PASSED,-0.2975243156587807,-4.818134220181139e-06,2.7716202268383097e-05,2.8261188499558907,2.6457920146616112e-05,-0.00015221015527436878
3.9157831566313264,PASSED,-0.29752432046311755,-4.7905086389080374e-06,2.7565167276247762e-05,2.82611887633804,2.630620771429344e-05,-0.00015138061702153833
3.9167833566713344,PASSED,-0.29752432523990385,-4.7630333440820155e-06,2.7415379859205394e-05,2.826118902568899,2.615533602226238e-05,-0.00015053240870407662
3.9177835567113424,PASSED,-0.2975243299892892,-4.735706839646001e-06,2.7267254153887763e-05,2.826118928649293,2.600528731321216e-05,-0.000149726242614309
3.9187837567513504,PASSED,-0.29752433471142264,-4.7085293513872865e-06,2.7117644328598127e-05,2.8261189545800365,2.5856036797989654e-05,-0.0001489333636279682
3.9197839567913584,PASSED,-0.29752433940645234,-4.681500018191136e-06,2.6970459107851997e-05,2.826118980361947,2.5707610055025214e-05,-0.0001480889958554254
3.9207841568313664,PASSED,-0.2975243440745259,-4.6546170884124886e-06,2.6824576892509782e-05,2.8261190059958317,2.5559996529440134e-05,-0.00014729654540484837
3.9217843568713744,PASSED,-0.2975243487157899,-4.627880890525285e-06,2.6677278550332145e-05,2.8261190314824978,2.541317390787424e-05,-0.00014650667233992668
3.9227845569113824,PASSED,-0.29752435333039057,-4.601290576740527e-06,2.6532337274375284e-05,2.8261190568227454,2.5267155577636488e-05,-0.0001456927688362973
3.9237847569513904,PASSED,-0.29752435791847287,-4.5748445036724594e-06,2.6388563597196997e-05,2.8261190820173736,2.512193821283954e-05,-0.0001449004287707176
3.9247849569913984,PASSED,-0.29752436248018144,-4.548542925693447e-06,2.6243587566890422e-05,2.826119107067176,2.497750654122153e-05,-0.00014411916684954138
3.9257851570314064,PASSED,-0.29752436701566015,-4.522385104638817e-06,2.6100643379788045e-05,2.8261191319729395,2.4833859160517403e-05,-0.00014333285660718078
3.9267853570714144,PASSED,-0.2975243715250518,-4.4963691814517555e-06,2.595944305857803e-05,2.826119156735452,2.4691003213264847e-05,-0.00014253800768280195
3.9277855571114224,PASSED,-0.2975243760084988,-4.470495539305473e-06,2.581644153808557e-05,2.826119181355494,2.4548923548238895e-05,-0.0001417741032547197
3.9287857571514304,PASSED,-0.2975243804661427,-4.444763522838764e-06,2.5675733085790227e-05,2.8261192058338462,2.4407620432583766e-05,-0.0001409891239220626
3.9297859571914384,PASSED,-0.2975243848981244,-4.419171285333204e-06,2.553657378540677e-05,2.8261192301712756,2.4267083739446766e-05,-0.00014023507261361933
3.9307861572314464,PASSED,-0.29752438930458386,-4.393718968508895e-06,2.5396145516909688e-05,2.8261192543685567,2.412731813211465e-05,-0.00013945263047777763
3.9317863572714544,PASSED,-0.2975243936856607,-4.3684062620435456e-06,2.5257080430977005e-05,2.8261192784264533,2.3988320156949906e-05,-0.00013869487162272189
3.9327865573114624,PASSED,-0.2975243980414935,-4.34323131221051e-06,2.5120196101075367e-05,2.8261193023457274,2.385007540049567e-05,-0.00013794467967525117
3.9337867573514704,PASSED,-0.29752440237222016,-4.318193723459037e-06,2.498251718507238e-05,2.8261193261271353,2.3712586021811792e-05,-0.00013718584468962893
3.9347869573914784,PASSED,-0.2975244066779781,-4.293293781259257e-06,2.4844892209585023e-05,2.8261193497714334,2.35758540874833e-05,-0.0001364293274210588
3.9357871574314864,PASSED,-0.2975244109589037,-4.268529874459145e-06,2.470991652713132e-05,2.826119373279368,2.3439864866541167e-05,-0.00013569581662284982
3.9367873574714944,PASSED,-0.297524415215133,-4.24390111754444e-06,2.4574650506420376e-05,2.826119396651687,2.3304618816135252e-05,-0.0001349462062612986
3.9377875575115024,PASSED,-0.29752441944680125,-4.219407569482663e-06,2.4439479765347653e-05,2.826119419889133,2.317012089746604e-05,-0.00013419906027448548
3.9387877575515104,PASSED,-0.29752442365404264,-4.195048043311942e-06,2.4306223774300994e-05,2.826119442992446,2.303635660397757e-05,-0.00013347444896445905
3.9397879575915185,PASSED,-0.2975244278369912,-4.170821827775061e-06,2.4172876711934344e-05,2.8261194659623574,2.2903316885797273e-05,-0.00013274989765752504
3.9407881576315265,PASSED,-0.2975244319957799,-4.146728362466146e-06,2.4040524373568998e-05,2.826119488799602,2.2771017904357138e-05,-0.00013199837062853956
3.9417883576715345,PASSED,-0.29752443613054114,-4.122767126812699e-06,2.3908376506699985e-05,2.8261195115049014,2.2639437828983678e-05,-0.0001313012118700686
3.9427885577115425,PASSED,-0.29752444024140673,-4.098937261518144e-06,2.3777524486456595e-05,2.8261195340789844,2.2508577396541053e-05,-0.000130566579490998
3.9437887577515505,PASSED,-0.2975244443285077,-4.075237981507475e-06,2.3647117026811333e-05,2.8261195565225683,2.2378442493218524e-05,-0.00012984711921021542
3.9447889577915585,PASSED,-0.29752444839197445,-4.051668806256706e-06,2.3517214066740285e-05,2.8261195788363676,2.2249012958692774e-05,-0.0001291511447361043
3.9457891578315665,PASSED,-0.29752445243193665,-4.028229106212227e-06,2.338802402963866e-05,2.8261196010210963,2.21202964578337e-05,-0.00012842673827438697
3.9467893578715745,PASSED,-0.2975244564485234,-4.004918097259336e-06,2.325966556839079e-05,2.8261196230774646,2.1992295095976865e-05,-0.00012771777757846354
3.9477895579115825,PASSED,-0.2975244604418629,-3.981734838757187e-06,2.3132320457987794e-05,2.8261196450061745,2.1864984888065735e-05,-0.00012703849479957612
3.9487897579515905,PASSED,-0.29752446441208313,-3.958679353926438e-06,2.3004261079257502e-05,2.8261196668079274,2.1738374426708728e-05,-0.0001263251057286272
3.9497899579915985,PASSED,-0.29752446835931096,-3.935750589336191e-06,2.287843359757358e-05,2.8261196884834248,2.1612475392376217e-05,-0.00012561498673510174
3.9507901580316065,PASSED,-0.29752447228367285,-3.912947445206937e-06,2.275295115037234e-05,2.8261197100333555,2.148725260768275e-05,-0.00012496131666571084
3.9517903580716145,PASSED,-0.29752447618529454,-3.890270052880481e-06,2.2627019777178795e-05,2.8261197314584123,2.136271555792657e-05,-0.00012425420514982475
3.9527905581116225,PASSED,-0.2975244800643011,-3.86771760667869e-06,2.250273048486503e-05,2.8261197527592863,2.123888669304486e-05,-0.0001235453047029701
3.9537907581516305,PASSED,-0.29752448392081704,-3.8452890249915624e-06,2.237914915530101e-05,2.8261197739366546,2.1115720036884548e-05,-0.0001229142237985389
3.9547909581916385,PASSED,-0.2975244877549661,-3.822983812999001e-06,2.2255920550734943e-05,2.826119794991199,2.099322566313035e-05,-0.00012221447372463547
3.9557911582316465,PASSED,-0.2975244915668715,-3.8008017090708846e-06,2.213289284636996e-05,2.8261198159235983,2.0871429967376526e-05,-0.00012151651043994955
3.9567913582716545,PASSED,-0.29752449535665576,-3.778741832361976e-06,2.201119928393384e-05,2.8261198367345197,2.0750285762440013e-05,-0.00012089600126755785
3.9577915583116625,PASSED,-0.2975244991244408,-3.756803356440296e-06,2.188999368017721e-05,2.8261198574246404,2.0629810908661083e-05,-0.00012019408878650875
3.9587917583516705,PASSED,-0.2975245028703478,-3.7349858538980837e-06,2.176917511690234e-05,2.8261198779946195,2.051001274943417e-05,-0.00011953420618718341
3.9597919583916785,PASSED,-0.29752450659449753,-3.7132888523659033e-06,2.16488858090321e-05,2.8261198984451243,2.0390864702098e-05,-0.00011889060810215845
3.9607921584316865,PASSED,-0.2975245102970099,-3.6917114323323873e-06,2.152977618317205e-05,2.8261199187768105,2.0272372026329903e-05,-0.00011822738754538348
3.9617923584716945,PASSED,-0.29752451397800433,-3.670253009308251e-06,2.1410854251446656e-05,2.8261199389903373,2.01545441771552e-05,-0.00011756149026091206
3.9627925585117025,PASSED,-0.29752451763759963,-3.6489132603129615e-06,2.1292345491184163e-05,2.8261199590863515,2.0037356340554108e-05,-0.0001169387341612158
3.9637927585517105,PASSED,-0.29752452127591394,-3.627691218121664e-06,2.1175173324706302e-05,2.826119979065505,1.992081475550208e-05,-0.00011627681897923604
3.9647929585917185,PASSED,-0.29752452489306475,-3.6065863801657174e-06,2.105794771010665e-05,2.8261199989284433,1.9804928955005796e-05,-0.00011562512150765147
3.9657931586317265,PASSED,-0.29752452848916905,-3.585598327208206e-06,2.0941456455780357e-05,2.826120018675813,1.9689681466904046e-05,-0.00011499573249781455
3.9667933586717345,PASSED,-0.2975245320643431,-3.5647261819637858e-06,2.082593777018124e-05,2.826120038308243,1.9575053249037122e-05,-0.00011438320811299523
3.9677935587117426,PASSED,-0.29752453561870273,-3.5439694795581297e-06,2.071054549597183e-05,2.8261200578263774,1.946107714523774e-05,-0.00011370470092363463
3.9687937587517506,PASSED,-0.29752453915236304,-3.5233276294334763e-06,2.0596053210441174e-05,2.826120077230842,1.9347730361572327e-05,-0.00011310817215993692
3.9697939587917586,PASSED,-0.2975245426654385,-3.502799928603005e-06,2.048213257715806e-05,2.8261200965222715,1.923499923149369e-05,-0.00011247976869111028
3.9707941588317666,PASSED,-0.297524546158043,-3.482385872306564e-06,2.0368672109296632e-05,2.8261201157012876,1.9122902069272955e-05,-0.00011184209124048032
3.9717943588717746,PASSED,-0.29752454963029007,-3.4620850139644067e-06,2.0255649164064323e-05,2.8261201347685163,1.9011429394206293e-05,-0.00011122639761745222
3.9727945589117826,PASSED,-0.2975245530822922,-3.4418963711769677e-06,2.0143971869688913e-05,2.826120153724572,1.8900560688485514e-05,-0.00011063024445632782
3.9737947589517906,PASSED,-0.29752455651416176,-3.4218197112152493e-06,2.0031785356404802e-05,2.8261201725700733,1.8790311399361898e-05,-0.00010999531890181033
3.9747949589917986,PASSED,-0.29752455992601023,-3.4018544419784804e-06,1.9920925157011522e-05,2.826120191305632,1.8680681249860368e-05,-0.00010938670323467673
3.9757951590318066,PASSED,-0.29752456331794863,-3.3819997114867364e-06,1.981060071489952e-05,2.826120209931859,1.857165065770296e-05,-0.0001087931847725595
3.9767953590718146,PASSED,-0.2975245666900873,-3.3622549569665095e-06,1.970085705711181e-05,2.82612022844936,1.8463225937764787e-05,-0.00010817907671525383
3.9777955591118226,PASSED,-0.29752457004253613,-3.342620121260671e-06,1.95908214716565e-05,2.826120246858736,1.8355404151970116e-05,-0.00010758359184762248
3.9787957591518306,PASSED,-0.29752457337540444,-3.3230942211981224e-06,1.9482619123143795e-05,2.8261202651605917,1.8248182921949186e-05,-0.00010697965546979812
3.9797959591918386,PASSED,-0.29752457668880083,-3.3036764081956843e-06,1.9374608921967297e-05,2.8261202833555195,1.8141552843125636e-05,-0.00010639702772605055
3.9807961592318466,PASSED,-0.2975245799828335,-3.284366824092701e-06,1.9266234223660434e-05,2.8261203014441163,1.8035518152520296e-05,-0.00010579313252486793
3.9817963592718546,PASSED,-0.29752458325761,-3.2651643547630104e-06,1.915995940037755e-05,2.8261203194269675,1.7930068221049645e-05,-0.000105221130767838
3.9827965593118626,PASSED,-0.29752458651323727,-3.2460684132549067e-06,1.9053262913254483e-05,2.8261203373046704,1.782521269277737e-05,-0.0001046117932752308
3.98379675935187,PASSED,-0.2975245897498218,-3.2270789114875884e-06,1.8946994336694008e-05,2.826120355077801,1.7720934759118972e-05,-0.0001040553605805127
3.984796959391878,PASSED,-0.2975245929674695,-3.208194993001593e-06,1.884186791886321e-05,2.8261203727469417,1.7617227155301714e-05,-0.00010347576597508678
3.985797159431886,PASSED,-0.29752459616628574,-3.1894160244254066e-06,1.8737035681067964e-05,2.8261203903126715,1.7514109503022798e-05,-0.00010287890981480299
3.986797359471894,PASSED,-0.29752459934637515,-3.1707415261603036e-06,1.8632806654459436e-05,2.8261204077755724,1.7411574789728353e-05,-0.00010230524894754292
3.987797559511902,PASSED,-0.29752460250784213,-3.1521711342940727e-06,1.8528782007411984e-05,2.826120425136207,1.7309585727565093e-05,-0.00010177827097373636
3.98879775955191,PASSED,-0.29752460565079025,-3.133704041973075e-06,1.8425965863387422e-05,2.826120442395149,1.7208173042616628e-05,-0.00010116896093161494
3.989797959591918,PASSED,-0.2975246087753228,-3.1153398552251307e-06,1.8323000670982784e-05,2.826120459552966,1.7107344102418645e-05,-0.00010060225970889988
3.990798159631926,PASSED,-0.29752461188154217,-3.0970780267897905e-06,1.82210469449119e-05,2.826120476610218,1.700705388232456e-05,-0.0001000821936842097
3.991798359671934,PASSED,-0.2975246149695506,-3.078918007860938e-06,1.8119333584813503e-05,2.8261204935674704,1.6907328826061445e-05,-9.948696464904928e-05
3.992798559711942,PASSED,-0.29752461803944946,-3.0608590376495207e-06,1.8018727962485962e-05,2.826120510425276,1.6808170003915814e-05,-9.894006047668232e-05
3.99379875975195,PASSED,-0.29752462109134,-3.0429011777413927e-06,1.7917281205222883e-05,2.8261205271841923,1.6709552544288134e-05,-9.840239239500749e-05
3.994798959791958,PASSED,-0.2975246241253223,-3.0250432544948797e-06,1.781835127404023e-05,2.8261205438447696,1.6611487105355472e-05,-9.784080329109704e-05
3.995799159831966,PASSED,-0.29752462714149674,-3.00728497886497e-06,1.7718225200489142e-05,2.8261205604075563,1.6513973989680933e-05,-9.729465726350185e-05
3.996799359871974,PASSED,-0.29752463013996244,-2.989626062747058e-06,1.7619376729527875e-05,2.8261205768731017,1.6417005230293655e-05,-9.675149413646652e-05
3.997799559911982,PASSED,-0.29752463312081834,-2.972065605707576e-06,1.752117724611806e-05,2.8261205932419453,1.6320572775856875e-05,-9.621976130365656e-05
3.99879975995199,PASSED,-0.29752463608416296,-2.954603418399552e-06,1.7422860682628124e-05,2.826120609514627,1.6224679615045165e-05,-9.567542715040902e-05
3.999799959991998,PASSED,-0.2975246390300939,-2.9372387468959277e-06,1.732587871762216e-05,2.826120625691688,1.612933079300225e-05,-9.51310853045816e-05
4.000800160032006,PASSED,-0.2975246419587087,-2.919970998051248e-06,1.7228995596050915e-05,2.826120641773657,1.603450266961848e-05,-9.462614876989825e-05
4.001800360072014,PASSED,-0.2975246448701041,-2.9028000660379827e-06,1.7132222958074808e-05,2.826120657761071,1.5940210874654056e-05,-9.406889242744124e-05
4.002800560112022,PASSED,-0.29752464776437654,-2.885725180772322e-06,1.7036660137384664e-05,2.826120673654457,1.5846454526327922e-05,-9.354798559192916e-05
4.00380076015203,PASSED,-0.29752465064162165,-2.868745591620377e-06,1.6941541828318702e-05,2.826120689454339,1.5753206808513226e-05,-9.304753929654322e-05
4.004800960192038,PASSED,-0.29752465350193485,-2.8518613422529587e-06,1.6846054393485424e-05,2.826120705161243,1.5660489417153085e-05,-9.249729273587943e-05
4.005801160232046,PASSED,-0.2975246563454109,-2.8350715324163233e-06,1.6752313465401824e-05,2.8261207207756907,1.5568300067600827e-05,-9.19840540965158e-05
4.006801360272054,PASSED,-0.29752465917214416,-2.8183757502155626e-06,1.6658094691000275e-05,2.826120736298196,1.5476610445061167e-05,-9.149333483509287e-05
4.007801560312062,PASSED,-0.2975246619822284,-2.8017736068509833e-06,1.6564842480298384e-05,2.826120751729279,1.5385443285720938e-05,-9.094970901032461e-05
4.00880176035207,PASSED,-0.2975246647757569,-2.7852644140848965e-06,1.647209295661247e-05,2.8261207670694453,1.5294789027177172e-05,-9.045729156605479e-05
4.009801960392078,PASSED,-0.2975246675528225,-2.7688478186555566e-06,1.637959707782426e-05,2.826120782319211,1.5204638057091478e-05,-8.994675576545226e-05
4.010802160432086,PASSED,-0.2975246703135176,-2.7525234752480418e-06,1.628750762730893e-05,2.826120797479081,1.5114997352303986e-05,-8.943667080218343e-05
4.011802360472094,PASSED,-0.2975246730579339,-2.7362904561736744e-06,1.6196693372406686e-05,2.82612081254956,1.5025859039178168e-05,-8.893940800824233e-05
4.012802560512102,PASSED,-0.2975246757861628,-2.720148664532869e-06,1.610519048640427e-05,2.8261208275311493,1.4937217951840249e-05,-8.844220689103659e-05
4.01380276055211,PASSED,-0.2975246784982952,-2.7040976530310674e-06,1.601489217873398e-05,2.8261208424243462,1.4849074254558141e-05,-8.794469087615386e-05
4.014802960592118,PASSED,-0.2975246811944216,-2.6881366288755526e-06,1.592511214003568e-05,2.8261208572296477,1.4761426272604058e-05,-8.745017600603842e-05
4.015803160632126,PASSED,-0.2975246838746317,-2.6722653048800907e-06,1.583546523241247e-05,2.8261208719475492,1.467427513076673e-05,-8.695178572485645e-05
4.016803360672134,PASSED,-0.2975246865390151,-2.656483201064405e-06,1.5746529537868552e-05,2.8261208865785403,1.4587609542066734e-05,-8.647479068342136e-05
4.017803560712142,PASSED,-0.29752468918766073,-2.640789834446683e-06,1.5657924670957536e-05,2.8261209011231117,1.4501431969851279e-05,-8.597942657014319e-05
4.01880376075215,PASSED,-0.297524691820657,-2.625184702731124e-06,1.556993641195964e-05,2.8261209155817455,1.4415738433949594e-05,-8.550294212271031e-05
4.019803960792158,PASSED,-0.297524694438092,-2.60966735817927e-06,1.5482283311783794e-05,2.8261209299549286,1.4330528297688121e-05,-8.501493235397993e-05
4.020804160832166,PASSED,-0.2975246970400533,-2.5942373267055392e-06,1.539519691502886e-05,2.8261209442431405,1.4245798034340796e-05,-8.454048400955706e-05
4.021804360872174,PASSED,-0.297524699626628,-2.578894260304777e-06,1.5308312724584224e-05,2.826120958446861,1.416154488215753e-05,-8.406159763240563e-05
4.022804560912182,PASSED,-0.2975247021979026,-2.563637514497007e-06,1.5222367863227755e-05,2.826120972566563,1.4077763548899832e-05,-8.359449034122802e-05
4.02380476095219,PASSED,-0.2975247047539635,-2.548466666407968e-06,1.5136501572912543e-05,2.82612098660272,1.3994453656217225e-05,-8.312016091019325e-05
4.024804960992198,PASSED,-0.2975247072948962,-2.5333813796362734e-06,1.5051143570882891e-05,2.8261210005558053,1.3911619496894356e-05,-8.264349159798564e-05
4.025805161032206,PASSED,-0.2975247098207861,-2.51838105010436e-06,1.4966453505933919e-05,2.8261210144262843,1.3829246308428886e-05,-8.219298637712812e-05
4.026805361072214,PASSED,-0.29752471233171796,-2.5034652848411072e-06,1.4881973101465366e-05,2.8261210282146254,1.3747339261070904e-05,-8.171642134521835e-05
4.027805561112222,PASSED,-0.2975247148277761,-2.488633794768391e-06,1.4797834720216596e-05,2.8261210419212897,1.366589584341438e-05,-8.126141519739303e-05
4.02880576115223,PASSED,-0.29752471730904445,-2.473885794438709e-06,1.4714777402658986e-05,2.826121055546739,1.3584908445488198e-05,-8.080471974537693e-05
4.029805961192238,PASSED,-0.29752471977560646,-2.45922107834518e-06,1.4631341887441935e-05,2.8261210690914313,1.3504381920787398e-05,-8.034106133775009e-05
4.030806161232246,PASSED,-0.29752472222754517,-2.4446393937982023e-06,1.4548579653335497e-05,2.8261210825558174,1.342430122238209e-05,-7.990712311701404e-05
4.031806361272254,PASSED,-0.2975247246649431,-2.430139751224555e-06,1.4467017853855048e-05,2.8261210959403633,1.3344690078162229e-05,-7.941382495509255e-05
4.032806561312262,PASSED,-0.2975247270878824,-2.4157219846469787e-06,1.4384932393390996e-05,2.826121109245508,1.3265515965393363e-05,-7.901430464471503e-05
4.03380676135227,PASSED,-0.2975247294964448,-2.401386102378572e-06,1.4303182185083561e-05,2.8261211224717058,1.3186784332406959e-05,-7.854318521419498e-05
4.034806961392278,PASSED,-0.2975247318907116,-2.387131040160503e-06,1.4222982240058912e-05,2.8261211356194007,1.3108512084792704e-05,-7.809162254762637e-05
4.035807161432286,PASSED,-0.29752473427076354,-2.3729563300233452e-06,1.4142528735223808e-05,2.8261211486890376,1.3030674769519472e-05,-7.766777709030138e-05
4.036807361472294,PASSED,-0.29752473663668105,-2.358862188657607e-06,1.4061883119414358e-05,2.826121161681058,1.2953274807646898e-05,-7.722141839408889e-05
4.037807561512302,PASSED,-0.29752473898854415,-2.3448477691077497e-06,1.3982777170152747e-05,2.826121174595898,1.2876315601880569e-05,-7.6784397347825e-05
4.03880776155231,PASSED,-0.2975247413264323,-2.330912290369255e-06,1.3903946450722928e-05,2.8261211874340013,1.2799799965819697e-05,-7.633646186956902e-05
4.039807961592318,PASSED,-0.2975247436504246,-2.317056034491308e-06,1.3824462162762387e-05,2.8261212001957983,1.2723710398385096e-05,-7.592497114462324e-05
4.040808161632326,PASSED,-0.2975247459605998,-2.303278374840699e-06,1.3746457975840077e-05,2.8261212128817195,1.264804348457432e-05,-7.549487558821338e-05
4.041808361672334,PASSED,-0.2975247482570362,-2.2895784077965788e-06,1.3668973089640044e-05,2.826121225492196,1.2572817478994346e-05,-7.504675890781269e-05
4.042808561712342,PASSED,-0.2975247505398116,-2.275956317807644e-06,1.359083458846399e-05,2.8261212380276572,1.2498020406952827e-05,-7.4630614130657e-05
4.04380876175235,PASSED,-0.2975247528090035,-2.262411683629859e-06,1.3513833903998467e-05,2.826121250488525,1.2423632171544656e-05,-7.422664959317884e-05
4.044808961792358,PASSED,-0.2975247550646888,-2.2489434347579094e-06,1.3437858850584105e-05,2.826121262875226,1.2349675968071622e-05,-7.377590605960331e-05
4.045809161832366,PASSED,-0.2975247573069442,-2.235551640171286e-06,1.3361085077316788e-05,2.826121275188178,1.2276144482238508e-05,-7.33685390154521e-05
4.046809361872374,PASSED,-0.2975247595358459,-2.2222361274411724e-06,1.3285131165311574e-05,2.826121287427802,1.2203020200259224e-05,-7.29614439551729e-05
4.047809561912382,PASSED,-0.2975247617514697,-2.208996046181502e-06,1.321004798924231e-05,2.82612129959451,1.2130310023105479e-05,-7.254266595279346e-05
4.04880976195239,PASSED,-0.29752476395389094,-2.195831051117354e-06,1.3134959780752145e-05,2.8261213116887185,1.2058020358982948e-05,-7.21209962356902e-05
4.049809961992398,PASSED,-0.2975247661431846,-2.1827409826646563e-06,1.3060140900661729e-05,2.826121323710843,1.1986144884172009e-05,-7.171179386110233e-05
4.050810162032406,PASSED,-0.29752476831942537,-2.169725341722701e-06,1.2985974302817807e-05,2.826121335661285,1.1914660864558047e-05,-7.133217011586779e-05
4.051810362072414,PASSED,-0.29752477048268733,-2.156783549530978e-06,1.2912337450992877e-05,2.826121347540461,1.1843598775694935e-05,-7.088203469461107e-05
4.052810562112422,PASSED,-0.29752477263304433,-2.1439154068140098e-06,1.283867956095174e-05,2.826121359348771,1.1772942624862777e-05,-7.050556159052342e-05
4.05381076215243,PASSED,-0.2975247747705697,-2.1311203267695973e-06,1.276601370005335e-05,2.826121371086615,1.1702667332802544e-05,-7.012177904004118e-05
4.054810962192438,PASSED,-0.2975247768953364,-2.118398089738918e-06,1.2693052584429763e-05,2.8261213827544,1.1632812071699299e-05,-6.967758247871323e-05
4.055811162232446,PASSED,-0.29752477900741714,-2.1057485559900016e-06,1.2620521191906869e-05,2.8261213943525205,1.1563354468529765e-05,-6.931095029674738e-05
4.056811362272454,PASSED,-0.297524781106884,-2.0931706439833668e-06,1.2549505883120042e-05,2.826121405881374,1.1494273821318544e-05,-6.892711182087186e-05
4.057811562312462,PASSED,-0.297524783193809,-2.0806644604151678e-06,1.2477302024918419e-05,2.826121417341358,1.1425605506673491e-05,-6.849578319450673e-05
4.05881176235247,PASSED,-0.2975247852682633,-2.068229644737988e-06,1.2406491445354622e-05,2.8261214287328613,1.135732719721393e-05,-6.813332696959736e-05
4.059811962392478,PASSED,-0.2975247873303182,-2.0558656457714834e-06,1.2335670647271008e-05,2.8261214400562724,1.1289419013625393e-05,-6.775808800116278e-05
4.060812162432486,PASSED,-0.29752478938004423,-2.0435720307693704e-06,1.2265577905340892e-05,2.826121451311986,1.1221919859258433e-05,-6.732653194415779e-05
4.061812362472494,PASSED,-0.29752479141751176,-2.031348594546333e-06,1.2195341768167453e-05,2.8261214625003817,1.1154800928667274e-05,-6.69805296891596e-05
4.0628125625125024,PASSED,-0.2975247934427906,-2.0191948374137645e-06,1.2126034042169307e-05,2.8261214736218476,1.1088051810124509e-05,-6.659484444516831e-05
4.0638127625525104,PASSED,-0.2975247954559504,-2.0071105153266074e-06,1.2056514117149018e-05,2.8261214846767624,1.1021696322951278e-05,-6.619591565860589e-05
4.0648129625925185,PASSED,-0.29752479745706023,-1.9950951043787336e-06,1.1988008835023771e-05,2.8261214956655047,1.0955714289330179e-05,-6.583944559609532e-05
4.0658131626325265,PASSED,-0.2975247994461889,-1.9831482540212208e-06,1.1919411372505984e-05,2.826121506588456,1.0890108616891102e-05,-6.544982366773198e-05
4.0668133626725345,PASSED,-0.297524801423405,-1.9712697670692426e-06,1.1851204004959219e-05,2.8261215174459937,1.0824888047482225e-05,-6.506773323630676e-05
4.0678135627125425,PASSED,-0.29752480338877624,-1.9594589945449913e-06,1.1783818203779359e-05,2.826121528238485,1.0760025397407388e-05,-6.472592796718865e-05
4.0688137627525505,PASSED,-0.2975248053423706,-1.947715749707334e-06,1.1716195926909116e-05,2.8261215389663077,1.0695538615278035e-05,-6.432735157079548e-05
4.0698139627925585,PASSED,-0.2975248072842551,-1.936039659172754e-06,1.1649353606361041e-05,2.8261215496298266,1.0631426125828949e-05,-6.396924803461369e-05
4.0708141628325665,PASSED,-0.29752480921449703,-1.924430471270036e-06,1.1582410766955911e-05,2.8261215602294127,1.0567671933859072e-05,-6.361082126005108e-05
4.0718143628725745,PASSED,-0.29752481113316276,-1.9128875130676693e-06,1.1516656492641156e-05,2.8261215707654297,1.0504285276943034e-05,-6.323721402002894e-05
4.0728145629125825,PASSED,-0.2975248130403186,-1.9014105513248987e-06,1.145049857619026e-05,2.826121581238243,1.0441266653629184e-05,-6.287289617639857e-05
4.0738147629525905,PASSED,-0.29752481493603034,-1.8899995430949952e-06,1.138468133237905e-05,2.8261215916482127,1.0378602097152205e-05,-6.252566334403334e-05
4.0748149629925985,PASSED,-0.2975248168203636,-1.878653642918056e-06,1.1320046073312995e-05,2.8261216019956996,1.0316296932714992e-05,-6.215816516599668e-05
4.0758151630326065,PASSED,-0.2975248186933834,-1.8673726884520106e-06,1.1254893394533587e-05,2.8261216122810593,1.0254350315704727e-05,-6.180558490644527e-05
4.0768153630726145,PASSED,-0.29752482055515467,-1.856156609430753e-06,1.1190202772406663e-05,2.8261216225046515,1.0192760308569257e-05,-6.144628862148857e-05
4.0778155631126225,PASSED,-0.2975248224057418,-1.8450046239018542e-06,1.1126507366560366e-05,2.826121632666829,1.0131523533349836e-05,-6.109709961804049e-05
4.0788157631526305,PASSED,-0.29752482424520893,-1.8339165331535466e-06,1.1062479669472341e-05,2.826121642767941,1.0070631075004272e-05,-6.075603083057976e-05
4.0798159631926385,PASSED,-0.29752482607361985,-1.8228922393399576e-06,1.099883657633339e-05,2.8261216528083395,1.0010092055560642e-05,-6.0394345185662746e-05
4.0808161632326465,PASSED,-0.29752482789103796,-1.8119310704000782e-06,1.093605718224325e-05,2.8261216627883723,9.949903776495929e-06,-6.0050901650748655e-05
4.0818163632726545,PASSED,-0.29752482969752625,-1.8010326634025513e-06,1.087330687438241e-05,2.8261216727083887,9.890058769035081e-06,-5.970774466757985e-05
4.0828165633126625,PASSED,-0.29752483149314757,-1.790197129654304e-06,1.0810351664156875e-05,2.826121682568727,9.8305504743092e-06,-5.937532809808156e-05
4.0838167633526705,PASSED,-0.2975248332779642,-1.779423445194503e-06,1.0749239656897487e-05,2.8261216923697394,9.77139818641669e-06,-5.900359442212776e-05
4.0848169633926785,PASSED,-0.29752483505203825,-1.7687118051711005e-06,1.0686573601072575e-05,2.8261217021117564,9.712573537830099e-06,-5.87053513628988e-05
4.0858171634326865,PASSED,-0.2975248368154314,-1.7580620318706764e-06,1.0625239766658551e-05,2.826121711795122,9.654084476527234e-06,-5.834486792951054e-05
4.0868173634726945,PASSED,-0.29752483856820505,-1.7474728977164535e-06,1.0565063745932255e-05,2.826121721420172,9.595945051556787e-06,-5.8002462997737776e-05
4.0878175635127025,PASSED,-0.2975248403104202,-1.736944849116464e-06,1.0503371836027273e-05,2.826121730987245,9.538134521772127e-06,-5.768257430927711e-05
4.0888177635527105,PASSED,-0.29752484204213764,-1.726477623359984e-06,1.044312837011507e-05,2.826121740496667,9.480643923040542e-06,-5.736261501312347e-05
4.0898179635927185,PASSED,-0.2975248437634177,-1.7160702271796888e-06,1.038357472041537e-05,2.8261217499487756,9.423498390248065e-06,-5.700081131204535e-05
4.0908181636327265,PASSED,-0.29752484547432045,-1.7057228845898679e-06,1.0323187836091024e-05,2.8261217593439008,9.36668723067369e-06,-5.668472508259547e-05
4.0918183636727345,PASSED,-0.29752484717490557,-1.6954351608397169e-06,1.0264081026190828e-05,2.8261217686823676,9.310184008489827e-06,-5.6382220251375924e-05
4.0928185637127426,PASSED,-0.2975248488652325,-1.685206593745463e-06,1.0204891139629177e-05,2.8261217779645014,9.254011836738097e-06,-5.603213941863428e-05
4.0938187637527506,PASSED,-0.2975248505453604,-1.6750370103674783e-06,1.0146044870221773e-05,2.8261217871906297,9.198177373804562e-06,-5.570267861013509e-05
4.094818963792759,PASSED,-0.2975248522153479,-1.6649260966975657e-06,1.008749286970645e-05,2.8261217963610763,9.142654838185568e-06,-5.540244029156575e-05
4.095819163832767,PASSED,-0.2975248538752534,-1.6548731643386142e-06,1.002989201844833e-05,2.8261218054761583,9.087444527877839e-06,-5.508222365183927e-05
4.096819363872775,PASSED,-0.29752485552513513,-1.644878401703611e-06,9.971343046039439e-06,2.826121814536196,9.032562397514177e-06,-5.474873483821026e-05
4.097819563912783,PASSED,-0.2975248571650509,-1.6349414350948496e-06,9.914048983909524e-06,2.8261218235415084,8.977999492203742e-06,-5.443901895858328e-05
4.098819763952791,PASSED,-0.2975248587950581,-1.6250613266816233e-06,9.857481366104126e-06,2.826121832492408,8.923738404646639e-06,-5.414246662278209e-05
4.099819963992799,PASSED,-0.297524860415214,-1.6152386315704444e-06,9.79950427456228e-06,2.826121841389209,8.86979623294434e-06,-5.3808641755310254e-05
4.100820164032807,PASSED,-0.2975248620255753,-1.6054726618119818e-06,9.743613414396195e-06,2.8261218502322283,8.816177015327394e-06,-5.34929348580351e-05
4.101820364072815,PASSED,-0.2975248636261987,-1.5957626089693806e-06,9.687679128071154e-06,2.826121859021776,8.762858467329923e-06,-5.320229009042827e-05
4.102820564112823,PASSED,-0.29752486521714033,-1.586108956737468e-06,9.630967634473568e-06,2.8261218677581548,8.709837510522728e-06,-5.290006795170635e-05
4.103820764152831,PASSED,-0.2975248667984562,-1.5765113819433992e-06,9.575312900465636e-06,2.8261218764416745,8.657134488137002e-06,-5.257165867507231e-05
4.104820964192839,PASSED,-0.297524868370202,-1.5669689647578148e-06,9.520486708997056e-06,2.8261218850726424,8.604740517528332e-06,-5.2275511897733014e-05
4.105821164232847,PASSED,-0.29752486993243277,-1.5574814539986445e-06,9.465526792619541e-06,2.8261218936513615,8.552638399528632e-06,-5.198652206767864e-05
4.106821364272855,PASSED,-0.2975248714852039,-1.5480493017678204e-06,9.409902522960457e-06,2.826121902178135,8.500842947015102e-06,-5.1668072810767615e-05
4.107821564312863,PASSED,-0.2975248730285699,-1.5386716545593438e-06,9.356143665487316e-06,2.826121910653258,8.449344402126308e-06,-5.1385526274146634e-05
4.108821764352871,PASSED,-0.2975248745625852,-1.5293478837023403e-06,9.302188984681133e-06,2.826121919077035,8.398146629593221e-06,-5.1072603372382224e-05
4.109821964392879,PASSED,-0.2975248760873039,-1.5200783179423617e-06,9.24781694351016e-06,2.8261219274497638,8.347250758310187e-06,-5.077804989013432e-05
4.110822164432887,PASSED,-0.29752487760277985,-1.5108626091926017e-06,9.19430328725964e-06,2.8261219357717366,8.296638250705306e-06,-5.050214608137681e-05
4.111822364472895,PASSED,-0.2975248791090666,-1.5017000084393337e-06,9.141465730606894e-06,2.826121944043249,8.24632315360575e-06,-5.0190397778344706e-05
4.112822564512903,PASSED,-0.29752488060621735,-1.4925905448314614e-06,9.088128859382429e-06,2.8261219522645917,8.196303942483873e-06,-4.990508668422649e-05
4.113822764552911,PASSED,-0.29752488209428507,-1.483534060716708e-06,9.03538761833435e-06,2.8261219604360566,8.14656811214863e-06,-4.962299276925561e-05
4.114822964592919,PASSED,-0.2975248835733224,-1.4745299339418897e-06,8.98328621247407e-06,2.826121968557932,8.097122661422419e-06,-4.932708936418026e-05
4.115823164632927,PASSED,-0.29752488504338176,-1.4655779815799004e-06,8.931063128332842e-06,2.8261219766305072,8.047968542006792e-06,-4.903880611658961e-05
4.116823364672935,PASSED,-0.29752488650451503,-1.4566779936094369e-06,8.879271198550451e-06,2.826121984654066,7.999093342531828e-06,-4.876612838054697e-05
4.117823564712943,PASSED,-0.29752488795677423,-1.447829864194929e-06,8.82736822514633e-06,2.8261219926288956,7.95050550749591e-06,-4.8468972806164105e-05
4.118823764752951,PASSED,-0.2975248894002108,-1.4390328529412786e-06,8.776773272653404e-06,2.826122000555275,7.902197581997284e-06,-4.820056062693789e-05
4.119823964792959,PASSED,-0.29752489083487593,-1.4302869046020283e-06,8.72539838364817e-06,2.826122008433489,7.854170463073734e-06,-4.791149112129087e-05
4.120824164832967,PASSED,-0.29752489226082046,-1.4215917889030235e-06,8.674927242575782e-06,2.8261220162638154,7.806425703719428e-06,-4.763360484298109e-05
4.121824364872975,PASSED,-0.29752489367809515,-1.4129472970626872e-06,8.624201572176547e-06,2.8261220240465326,7.758953262244209e-06,-4.736499923004358e-05
4.122824564912983,PASSED,-0.29752489508675045,-1.404353054315176e-06,8.574270197733965e-06,2.8261220317819182,7.71175924298718e-06,-4.7080032608353975e-05
4.123824764952991,PASSED,-0.2975248964868364,-1.3958086470052291e-06,8.524498718088907e-06,2.826122039470248,7.664843827092253e-06,-4.680567141931143e-05
4.124824964992999,PASSED,-0.2975248978784028,-1.3873140420965276e-06,8.474675702443217e-06,2.8261220471117916,7.618190833526925e-06,-4.655120832933918e-05
4.125825165033007,PASSED,-0.2975248992614992,-1.3788687460678602e-06,8.425709579483553e-06,2.826122054706824,7.571813869268222e-06,-4.626080154494654e-05
4.126825365073015,PASSED,-0.297524900636175,-1.370472668307283e-06,8.376323214639529e-06,2.826122062255619,7.525719749206499e-06,-4.5982999072907196e-05
4.127825565113023,PASSED,-0.297524902002479,-1.3621253921081304e-06,8.327911522161313e-06,2.8261220697584397,7.479874910871851e-06,-4.575273117580975e-05
4.128825765153031,PASSED,-0.2975249033604601,-1.3538267330020872e-06,8.279157495297865e-06,2.8261220772155577,7.434300147511083e-06,-4.5456118150741665e-05
4.129825965193039,PASSED,-0.2975249047101666,-1.3455765399950208e-06,8.230883348245898e-06,2.826122084627238,7.389005412094474e-06,-4.5187146927185824e-05
4.130826165233047,PASSED,-0.2975249060516469,-1.33737430742211e-06,8.183132056020513e-06,2.826122091993742,7.343955952232732e-06,-4.49576684847787e-05
4.131826365273055,PASSED,-0.29752490738494886,-1.3292197584577072e-06,8.135493569990816e-06,2.826122099315339,7.299175661506317e-06,-4.466203888750553e-05
4.132826565313063,PASSED,-0.2975249087101201,-1.3211129725768883e-06,8.08764742137098e-06,2.8261221065922886,7.254670717162681e-06,-4.440021464772361e-05
4.133826765353071,PASSED,-0.29752491002720804,-1.3130533175102325e-06,8.040993496845609e-06,2.826122113824845,7.210398381655883e-06,-4.4187082746182155e-05
4.134826965393079,PASSED,-0.2975249113362599,-1.3050406605220701e-06,7.993765982373263e-06,2.8261221210132765,7.166399517407386e-06,-4.387338525003892e-05
4.135827165433087,PASSED,-0.2975249126373225,-1.2970748996251325e-06,7.947090839980647e-06,2.8261221281578353,7.122668835571967e-06,-4.363554622567301e-05
4.136827365473095,PASSED,-0.29752491393044256,-1.2891556022838913e-06,7.90076834208147e-06,2.826122135258781,7.079174829950369e-06,-4.33996452188798e-05
4.137827565513103,PASSED,-0.29752491521566626,-1.281282406283316e-06,7.854814439571004e-06,2.8261221423163643,7.0359363926719535e-06,-4.313096531810666e-05
4.138827765553111,PASSED,-0.2975249164930398,-1.2734552326677116e-06,7.80874639962684e-06,2.8261221493308386,6.992959772091812e-06,-4.287372408816391e-05
4.139827965593119,PASSED,-0.2975249177626091,-1.2656739562659196e-06,7.762963069902228e-06,2.8261221563024574,6.95022912890422e-06,-4.263525592054379e-05
4.140828165633127,PASSED,-0.2975249190244197,-1.2579380363807328e-06,7.717891095376513e-06,2.8261221632314713,6.907746731494936e-06,-4.238049173511001e-05
4.141828365673135,PASSED,-0.29752492027851696,-1.2502473325436946e-06,7.672578998146095e-06,2.8261221701181265,6.8655135559266675e-06,-4.213496479037451e-05
4.142828565713143,PASSED,-0.297524921524946,-1.2426014530929695e-06,7.628079752444578e-06,2.8261221769626776,6.8235354301627734e-06,-4.187356641290627e-05
4.143828765753151,PASSED,-0.29752492276375153,-1.2350004576207143e-06,7.582939285462356e-06,2.826122183765361,6.781788073566343e-06,-4.166321671878223e-05
4.144828965793159,PASSED,-0.2975249239949783,-1.2274441079284503e-06,7.538623296798422e-06,2.82612219052643,6.740292480343316e-06,-4.1383844225856316e-05
4.145829165833167,PASSED,-0.2975249252186707,-1.2199317323420961e-06,7.494877112724661e-06,2.8261221972461263,6.699051698081244e-06,-4.114540761955055e-05
4.146829365873175,PASSED,-0.2975249264348727,-1.2124633030659013e-06,7.4507973851750724e-06,2.8261222039246885,6.658029635151347e-06,-4.093983313679611e-05
4.147829565913183,PASSED,-0.2975249276436282,-1.2050387525287543e-06,7.40705263846178e-06,2.8261222105623576,6.617252355744088e-06,-4.066891025423382e-05
4.148829765953191,PASSED,-0.29752492884498083,-1.1976576460326848e-06,7.3638090678083495e-06,2.826122217159379,6.5767382214347715e-06,-4.0410950346038614e-05
4.149829965993199,PASSED,-0.29752493003897396,-1.1903197644490149e-06,7.320596594244076e-06,2.8261222237159833,6.536433497221328e-06,-4.023390679171426e-05
4.150830166033207,PASSED,-0.2975249312256507,-1.1830248821316384e-06,7.27773946613158e-06,2.8261222302324134,6.496368439072612e-06,-3.995249238671801e-05
4.151830366073215,PASSED,-0.297524932405054,-1.1757728434654815e-06,7.234904799507156e-06,2.8261222367089043,6.456563337575478e-06,-3.970684090407808e-05
4.152830566113223,PASSED,-0.2975249335772265,-1.1685633089591592e-06,7.192620977532567e-06,2.8261222431456843,6.4169612441209785e-06,-3.9532261821447166e-05
4.153830766153231,PASSED,-0.29752493474221053,-1.161396086721413e-06,7.150289744554958e-06,2.8261222495429905,6.377594747911774e-06,-3.9255985801043704e-05
4.154830966193239,PASSED,-0.29752493590004847,-1.1542710834777394e-06,7.10814557641948e-06,2.826122255901056,6.338486315509032e-06,-3.901006347053968e-05
4.155831166233247,PASSED,-0.297524937050782,-1.1471875493677722e-06,7.067126465665702e-06,2.826122262220109,6.299583206706821e-06,-3.883180568999199e-05
4.156831366273255,PASSED,-0.29752493819445297,-1.1401457678694886e-06,7.024884853362477e-06,2.826122268500382,6.260909838348275e-06,-3.856774347091593e-05
4.157831566313263,PASSED,-0.29752493933110286,-1.1331456080566752e-06,6.983676452447388e-06,2.826122274742099,6.222477839466676e-06,-3.834150248872137e-05
4.158831766353271,PASSED,-0.29752494046077294,-1.1261861539496486e-06,6.9433058767462155e-06,2.826122280945486,6.184255459436218e-06,-3.814296505828234e-05
4.159831966393279,PASSED,-0.2975249415835042,-1.119267783901536e-06,6.901746162357008e-06,2.8261222871107714,6.146264178857279e-06,-3.789015759271173e-05
4.160832166433287,PASSED,-0.2975249426993374,-1.1123903524900048e-06,6.861221577647139e-06,2.8261222932381744,6.1084987962609636e-06,-3.768219926538427e-05
4.161832366473295,PASSED,-0.2975249438083132,-1.1055530975145607e-06,6.821277240642228e-06,2.826122299327924,6.070953476775944e-06,-3.7454066298108765e-05
4.162832566513303,PASSED,-0.29752494491047177,-1.098755838001831e-06,6.781247694121519e-06,2.8261223053802356,6.033626002695276e-06,-3.7243079269041454e-05
4.163832766553311,PASSED,-0.29752494600585333,-1.0919989692227668e-06,6.7406161690258565e-06,2.826122311395335,5.996525137699051e-06,-3.7006055481014366e-05
4.164832966593319,PASSED,-0.2975249470944978,-1.0852818498305737e-06,6.701454874304436e-06,2.8261223173734358,5.959636629841006e-06,-3.6810142776066104e-05
4.165833166633327,PASSED,-0.2975249481764448,-1.0786040489697502e-06,6.66203151850324e-06,2.8261223233147597,5.922963638481251e-06,-3.6581557082214344e-05
4.166833366673335,PASSED,-0.2975249492517338,-1.0719657684456043e-06,6.622446527907801e-06,2.8261223292195226,5.88651621857439e-06,-3.6357995123293173e-05
4.167833566713343,PASSED,-0.2975249503204039,-1.0653665154258742e-06,6.5837906809449225e-06,2.8261223350879416,5.850280075694284e-06,-3.615490805131346e-05
4.168833766753351,PASSED,-0.29752495138249424,-1.058806164215878e-06,6.544724896030003e-06,2.8261223409202256,5.8142467042142445e-06,-3.5952347099189496e-05
4.169833966793359,PASSED,-0.29752495243804356,-1.0522845162076002e-06,6.506263416442771e-06,2.8261223467165926,5.778437198793866e-06,-3.5714277634504624e-05
4.170834166833367,PASSED,-0.2975249534870904,-1.045801323759393e-06,6.467811802716629e-06,2.8261223524772516,5.7428403826745606e-06,-3.551850844250431e-05
4.171834366873375,PASSED,-0.29752495452967315,-1.0393563894401772e-06,6.429682663548785e-06,2.826122358202414,5.707442531938821e-06,-3.531741226456476e-05
4.172834566913383,PASSED,-0.29752495556583,-1.0329495055585257e-06,6.391684693720128e-06,2.8261223638922885,5.672260374144408e-06,-3.5091988147644954e-05
4.173834766953391,PASSED,-0.29752495659559874,-1.0265802575164016e-06,6.354290274393263e-06,2.8261223695470883,5.6372950881790375e-06,-3.488081784385251e-05
4.174834966993399,PASSED,-0.29752495761901715,-1.0202488251349217e-06,6.3161937862040315e-06,2.826122375167011,5.602516081082199e-06,-3.4711133265497176e-05
4.175835167033407,PASSED,-0.2975249586361227,-1.0139547619974138e-06,6.279309371710517e-06,2.826122380752269,5.567950611779855e-06,-3.446835999357346e-05
4.176835367073415,PASSED,-0.29752495964695275,-1.007697673946573e-06,6.2422738369275586e-06,2.8261223863030698,5.533608370014187e-06,-3.425816294706371e-05
4.177835567113423,PASSED,-0.29752496065154427,-1.0014777327737199e-06,6.205052730136778e-06,2.82612239181961,5.499440976488982e-06,-3.4106880577300634e-05
4.178835767153431,PASSED,-0.29752496164993425,-9.95294755477748e-07,6.168260339862046e-06,2.8261223973020946,5.465479004125758e-06,-3.3865366887171714e-05
4.179835967193439,PASSED,-0.2975249626421592,-9.891479050165286e-07,6.132577208790941e-06,2.8261224027507255,5.4317389313084385e-06,-3.3656543437418435e-05
4.180836167233447,PASSED,-0.29752496362825576,-9.830375165152407e-07,6.095596029619048e-06,2.826122408165705,5.398185118536208e-06,-3.348532566210511e-05
4.181836367273455,PASSED,-0.29752496460826006,-9.769635783814242e-07,6.059499536614839e-06,2.826122413547227,5.36481833640199e-06,-3.328775311562538e-05
4.182836567313463,PASSED,-0.2975249655822082,-9.709254166870784e-07,6.023936466166358e-06,2.8261224188954945,5.3316695640562e-06,-3.305611849923387e-05
4.183836767353471,PASSED,-0.297524966550136,-9.649228238563204e-07,5.988363740485802e-06,2.8261224242107033,5.298712944732574e-06,-3.2890286539886353e-05
4.184836967393479,PASSED,-0.2975249675120791,-9.589560532710617e-07,5.952375148440238e-06,2.826122429493048,5.265937325911773e-06,-3.26991736747442e-05
4.185837167433487,PASSED,-0.29752496846807297,-9.530245944671947e-07,5.917514574151678e-06,2.8261224347427234,5.233368325917294e-06,-3.2482217540967775e-05
4.186837367473495,PASSED,-0.2975249694181528,-9.471279934111343e-07,5.882658710666206e-06,2.8261224399599234,5.2009941332216825e-06,-3.2302176132039424e-05
4.187837567513503,PASSED,-0.29752497036235376,-9.412665579592501e-07,5.847286612696238e-06,2.826122445144839,5.168799382878355e-06,-3.212313315085529e-05
4.188837767553511,PASSED,-0.2975249713007106,-9.354400214398646e-07,5.812703123845043e-06,2.826122450297662,5.136804112702456e-06,-3.1910028192594334e-05
4.189837967593519,PASSED,-0.29752497223325797,-9.296477050592871e-07,5.778725218398993e-06,2.8261224554185853,5.105004836938998e-06,-3.172544081069883e-05
4.190838167633527,PASSED,-0.29752497316003035,-9.238899538890588e-07,5.7437684714477175e-06,2.826122460507797,5.07338264329821e-06,-3.155336219418113e-05
4.191838367673535,PASSED,-0.297524974081062,-9.181663539939435e-07,5.710154177560563e-06,2.826122465565481,5.041946551269551e-06,-3.135791191831033e-05
4.192838567713543,PASSED,-0.297524974996387,-9.124766109558347e-07,5.676135611807611e-06,2.8261224705918324,5.010713901865603e-06,-3.1149141061039954e-05
4.193838767753551,PASSED,-0.29752497590603916,-9.068208079560543e-07,5.642247925095503e-06,2.8261224755870296,4.979650616371944e-06,-3.100604844873735e-05
4.194838967793559,PASSED,-0.29752497681005236,-9.011987378290145e-07,5.6086182616693865e-06,2.826122480551261,4.948769600263969e-06,-3.0797661214134196e-05
4.195839167833567,PASSED,-0.29752497770845987,-8.956095659213539e-07,5.576207671654595e-06,2.8261224854847113,4.918090807752651e-06,-3.0599546709441176e-05
4.196839367873575,PASSED,-0.29752497860129506,-8.900538199749589e-07,5.542104796221842e-06,2.8261224903875597,4.887576277624587e-06,-3.0457852407146234e-05
4.197839567913583,PASSED,-0.2975249794885912,-8.845316300286041e-07,5.508913379776763e-06,2.8261224952599924,4.857246275203544e-06,-3.0244769096973344e-05
4.198839767953591,PASSED,-0.297524980370381,-8.790415579689902e-07,5.477511179505392e-06,2.8261225001021892,4.82711038567511e-06,-3.0063303149407365e-05
4.199839967993599,PASSED,-0.29752498124669735,-8.735842447323517e-07,5.443847941393966e-06,2.826122504914329,4.797137547519983e-06,-2.9912528158939195e-05
4.200840168033607,PASSED,-0.2975249821175728,-8.681599068030727e-07,5.411331254535777e-06,2.826122509696592,4.767346940960674e-06,-2.9709325492887613e-05
4.201840368073615,PASSED,-0.29752498298303964,-8.627673793674398e-07,5.379991556364358e-06,2.826122514449153,4.737739850721709e-06,-2.953893340301484e-05
4.202840568113623,PASSED,-0.29752498384313014,-8.574069869495219e-07,5.347326325620419e-06,2.826122519172189,4.70829861835733e-06,-2.9376098338621813e-05
4.203840768153631,PASSED,-0.2975249846978763,-8.520788329468389e-07,5.315372454058122e-06,2.826122523865881,4.679044258098926e-06,-2.917320153826041e-05
4.204840968193639,PASSED,-0.29752498554730994,-8.467820828135131e-07,5.284335252837595e-06,2.8261225285304,4.6499624481311526e-06,-2.902088225411515e-05
4.205841168233647,PASSED,-0.29752498639146274,-8.415168862519454e-07,5.252437434054654e-06,2.8261225331659197,4.621042178980637e-06,-2.8853193748115905e-05
4.206841368273655,PASSED,-0.29752498723036613,-8.362833099367274e-07,5.221002235993252e-06,2.826122537772614,4.592306344549142e-06,-2.8657594887081084e-05
4.207841568313663,PASSED,-0.2975249880640514,-8.310808897111927e-07,5.190032218562327e-06,2.826122542350649,4.563734595381638e-06,-2.851451868778674e-05
4.208841768353671,PASSED,-0.2975249888925497,-8.259093637584843e-07,5.15918844213892e-06,2.8261225469002067,4.535338787306367e-06,-2.831666766692608e-05
4.209841968393679,PASSED,-0.297524989715892,-8.207688939512391e-07,5.127990717316017e-06,2.8261225514214474,4.507112030203785e-06,-2.8166816726352687e-05
4.210842168433687,PASSED,-0.2975249905341089,-8.156588707629599e-07,5.0980448355879224e-06,2.8261225559145426,4.479044427627331e-06,-2.8001459809854337e-05
4.211842368473695,PASSED,-0.2975249913472311,-8.105792225340626e-07,5.067383824436741e-06,2.8261225603796647,4.451160419228252e-06,-2.7805707458563044e-05
4.212842568513703,PASSED,-0.29752499215528905,-8.055303965744806e-07,5.036454049678687e-06,2.8261225648169748,4.4234333254614554e-06,-2.7674684638951363e-05
4.213842768553711,PASSED,-0.297524992958313,-8.005114604574993e-07,5.007257495183055e-06,2.8261225692266425,4.395865720430589e-06,-2.749621862547654e-05
4.214842968593719,PASSED,-0.2975249937563329,-7.955223212236129e-07,4.9770603930221135e-06,2.8261225736088327,4.368477589728292e-06,-2.7316072086844117e-05
4.215843168633727,PASSED,-0.29752499454937875,-7.905632547224585e-07,4.947070573242413e-06,2.826122577963705,4.341240795006376e-06,-2.7183943145297477e-05
4.216843368673735,PASSED,-0.2975249953374802,-7.856336583959768e-07,4.917946828641222e-06,2.826122582291429,4.314168420315266e-06,-2.6997995721652773e-05
4.217843568713743,PASSED,-0.29752499612066696,-7.807336432889961e-07,4.888060625873945e-06,2.8261225865921618,4.287264367036948e-06,-2.684142498276195e-05
4.218843768753751,PASSED,-0.2975249968989683,-7.758629706175715e-07,4.859080701791527e-06,2.82612259086607,4.260519437158498e-06,-2.668059980891044e-05
4.219843968793759,PASSED,-0.2975249976724134,-7.710213502408591e-07,4.8299801599930505e-06,2.8261225951133095,4.233928952380141e-06,-2.6530408091321032e-05
4.220844168833767,PASSED,-0.2975249984410315,-7.662088078034952e-07,4.800917288944557e-06,2.8261225993340435,4.207504186535894e-06,-2.6354337679531525e-05
4.221844368873775,PASSED,-0.2975249992048513,-7.614250217354661e-07,4.7723652540854984e-06,2.826122603528428,4.1812354791736235e-06,-2.6211620484096154e-05
4.222844568913783,PASSED,-0.29752499996390164,-7.566697131538424e-07,4.743937466649155e-06,2.826122607696622,4.15512106924473e-06,-2.604960289208995e-05
4.223844768953791,PASSED,-0.297525000718211,-7.519430053022249e-07,4.715221441596143e-06,2.826122611838782,4.129165837137105e-06,-2.5892318251314495e-05
4.224844968993799,PASSED,-0.2975250014678078,-7.47244901648145e-07,4.686691795735624e-06,2.8261226159550623,4.103363459745163e-06,-2.5742416819026867e-05
4.225845169033807,PASSED,-0.29752500221272044,-7.425747544708722e-07,4.659117431630794e-06,2.826122620045624,4.0777245739958186e-06,-2.556986503622398e-05
4.226845369073815,PASSED,-0.29752500295297674,-7.37932087840677e-07,4.631699429238063e-06,2.8261226241106137,4.052229405565954e-06,-2.5445370692291036e-05
4.227845569113823,PASSED,-0.2975250036886048,-7.333179711521703e-07,4.60239486135255e-06,2.8261226281501846,4.026880626454753e-06,-2.5284384723808516e-05
4.228845769153831,PASSED,-0.2975250044196323,-7.287315895013059e-07,4.575706177205771e-06,2.8261226321644983,4.001708162848428e-06,-2.50978495280039e-05
4.229845969193839,PASSED,-0.2975250051460869,-7.241720521851651e-07,4.548758075430729e-06,2.8261226361536984,3.9766708138399825e-06,-2.499701532874007e-05
4.230846169233847,PASSED,-0.297525005867996,-7.196403478189391e-07,4.520335226756311e-06,2.826122640117937,3.951772678306022e-06,-2.4832215670773238e-05
4.231846369273855,PASSED,-0.2975250065853869,-7.15136004255466e-07,4.49368245461764e-06,2.826122644057366,3.927047821187347e-06,-2.4653284750608956e-05
4.232846569313863,PASSED,-0.29752500729828674,-7.106582843951321e-07,4.46707813081143e-06,2.8261226479721318,3.902460935933922e-06,-2.4542618921968255e-05
4.233846769353871,PASSED,-0.29752500800672244,-7.062075261125363e-07,4.439878383785476e-06,2.8261226518623848,3.878012805872153e-06,-2.4385137488302235e-05
4.234846969393879,PASSED,-0.2975250087107209,-7.017838447707501e-07,4.412883313786598e-06,2.82612265572827,3.853724277037269e-06,-2.422412306593734e-05
4.235847169433887,PASSED,-0.2975250094103088,-6.973865501337359e-07,4.386902185832662e-06,2.826122659569936,3.8295791096583065e-06,-2.4092530254312917e-05
4.236847369473895,PASSED,-0.2975250101055125,-6.930154856532055e-07,4.3605060103290964e-06,2.8261226633875274,3.805574034928961e-06,-2.3946771046034126e-05
4.237847569513903,PASSED,-0.2975250107963585,-6.886711208094163e-07,4.333604066095791e-06,2.82612266718119,3.78171983990143e-06,-2.3792477681862183e-05
4.238847769553911,PASSED,-0.297525011482873,-6.84352774980155e-07,4.308173671371586e-06,2.8261226709510647,3.758003773660825e-06,-2.366512527976708e-05
4.239847969593919,PASSED,-0.2975250121650821,-6.800599750470693e-07,4.282550774228522e-06,2.826122674697299,3.734433284724201e-06,-2.3507398041194383e-05
4.240848169633927,PASSED,-0.2975250128430116,-6.757934913994099e-07,4.2557722299467735e-06,2.8261226784200297,3.7110017472779786e-06,-2.3380963716241872e-05
4.241848369673935,PASSED,-0.2975250135166873,-6.71552830496165e-07,4.230586685443724e-06,2.826122682119405,3.68771679634567e-06,-2.322094240968698e-05
4.242848569713943,PASSED,-0.29752501418613486,-6.673371848727249e-07,4.205684915437655e-06,2.826122685795561,3.6645695547521813e-06,-2.3098107716023365e-05
4.243848769753951,PASSED,-0.29752501485137967,-6.631470888703683e-07,4.179703393635853e-06,2.826122689448639,3.6415572822318607e-06,-2.2955049056518738e-05
4.244848969793959,PASSED,-0.29752501551244714,-6.589826308474073e-07,4.154294442511065e-06,2.8261226930787764,3.618688228801852e-06,-2.2811723012335043e-05
4.245849169833967,PASSED,-0.29752501616936244,-6.548429834857961e-07,4.129882641011375e-06,2.826122696686113,3.5959574661238185e-06,-2.2676789121832706e-05
4.246849369873975,PASSED,-0.2975250168221505,-6.507280945771747e-07,4.104893087027912e-06,2.826122700270785,3.573360130413663e-06,-2.2544366769037802e-05
4.247849569913983,PASSED,-0.2975250174708363,-6.466383756334642e-07,4.079602848165622e-06,2.8261227038329313,3.5509026060617903e-06,-2.2399629407095968e-05
4.248849769953991,PASSED,-0.29752501811544463,-6.425732299943293e-07,4.055507499780988e-06,2.8261227073726873,3.528582364786481e-06,-2.2267315854118134e-05
4.249849969993999,PASSED,-0.29752501875599996,-6.385324300780237e-07,4.030994860655327e-06,2.826122710890188,3.5063924584863002e-06,-2.21382999308887e-05
4.250850170034007,PASSED,-0.2975250193925268,-6.34516145772921e-07,4.006477268067536e-06,2.826122714385565,3.4843342324130394e-06,-2.2004843501508585e-05
4.251850370074015,PASSED,-0.2975250200250495,-6.305242901122573e-07,3.982107922394515e-06,2.8261227178589534,3.4624138535581475e-06,-2.1864069090480725e-05
4.252850570114023,PASSED,-0.2975250206535923,-6.265564511382229e-07,3.958326341794396e-06,2.8261227213104885,3.4406286512255687e-06,-2.1732624493978127e-05
4.253850770154031,PASSED,-0.2975250212781792,-6.226123476974033e-07,3.934621506836507e-06,2.8261227247402987,3.418967177872753e-06,-2.161403925870698e-05
4.254850970194039,PASSED,-0.297525021898834,-6.186922894078679e-07,3.910349478001321e-06,2.826122728148517,3.397439705771135e-06,-2.1469760663558905e-05
4.255851170234047,PASSED,-0.29752502251558066,-6.147961334077338e-07,3.8866936815560515e-06,2.8261227315352753,3.3760505069476062e-06,-2.1335490930175108e-05
4.256851370274055,PASSED,-0.2975250231284426,-6.109231200863695e-07,3.863893081236434e-06,2.8261227349007023,3.3547806660635923e-06,-2.1226074186572978e-05
4.257851570314063,PASSED,-0.2975250237374435,-6.070736919715536e-07,3.839784803868766e-06,2.826122738244925,3.3336365960257404e-06,-2.108940060537127e-05
4.258851770354071,PASSED,-0.2975250243426066,-6.032477065185522e-07,3.816785885756443e-06,2.8261227415680743,3.3126330925580143e-06,-2.0946238709295612e-05
4.259851970394079,PASSED,-0.2975250249439551,-5.994445782661087e-07,3.7940231635681404e-06,2.8261227448702764,3.291749379937275e-06,-2.084202856170221e-05
4.260852170434087,PASSED,-0.29752502554151217,-5.956646726793832e-07,3.770493868830369e-06,2.826122748151657,3.270984612378553e-06,-2.071326022340149e-05
4.261852370474095,PASSED,-0.29752502613530074,-5.919078733452715e-07,3.7476696442993856e-06,2.8261227514123464,3.250363196842212e-06,-2.0560185744967624e-05
4.262852570514103,PASSED,-0.29752502672534364,-5.881734218860658e-07,3.7256393358098525e-06,2.8261227546524634,3.229854129500217e-06,-2.0474988406678865e-05
4.263852770554111,PASSED,-0.2975250273116636,-5.844617673495863e-07,3.702331336925947e-06,2.82612275787214,3.2094682747885964e-06,-2.0326432248248687e-05
4.264852970594119,PASSED,-0.29752502789428315,-5.807728225542402e-07,3.6800204342927436e-06,2.8261227610714923,3.189212730188202e-06,-2.0208286168491976e-05
4.265853170634127,PASSED,-0.2975250284732246,-5.771057422659532e-07,3.6584535242830998e-06,2.8261227642506515,3.1690803442879198e-06,-2.0081785721475916e-05
4.266853370674135,PASSED,-0.2975250290485104,-5.734611837879579e-07,3.635295113803311e-06,2.826122767409735,3.1490642228587593e-06,-1.9972345234283077e-05
4.267853570714143,PASSED,-0.29752502962016275,-5.698390044201282e-07,3.613435537180512e-06,2.826122770548865,3.1291695867817238e-06,-1.9842829972203893e-05
4.268853770754151,PASSED,-0.29752503018820353,-5.66238253833623e-07,3.592293952721605e-06,2.8261227736681613,3.1093994401047355e-06,-1.9721691146844925e-05
4.269853970794159,PASSED,-0.2975250307526548,-5.626596700664849e-07,3.5694436434155807e-06,2.8261227767677504,3.0897530744344414e-06,-1.959614868592699e-05
4.270854170834167,PASSED,-0.2975250313135383,-5.591029594834539e-07,3.548221876108005e-06,2.826122779847746,3.0702174879595976e-06,-1.9495211667455518e-05
4.271854370874175,PASSED,-0.2975250318708757,-5.555674372287212e-07,3.5270558404824915e-06,2.8261227829082674,3.0507982400419434e-06,-1.9368605417786648e-05
4.272854570914183,PASSED,-0.29752503242468853,-5.520536448804819e-07,3.5049500200771675e-06,2.8261227859494347,3.031508763072196e-06,-1.923672467105445e-05
4.273854770954191,PASSED,-0.29752503297499816,-5.485613304076539e-07,3.4838907746616975e-06,2.826122788971367,3.0123339767764746e-06,-1.9133494045499292e-05
4.274854970994199,PASSED,-0.29752503352182597,-5.450900306803901e-07,3.4629056956650127e-06,2.826122791974176,2.993263023086925e-06,-1.9029260118916593e-05
4.275855171034207,PASSED,-0.2975250340651931,-5.416398509425646e-07,3.4416957659328376e-06,2.8261227949579815,2.974319343836727e-06,-1.8886625337718732e-05
4.276855371074215,PASSED,-0.2975250346051206,-5.382108097315307e-07,3.4206048411012022e-06,2.8261227979229004,2.955496773279338e-06,-1.877986737050302e-05
4.277855571114223,PASSED,-0.2975250351416293,-5.348024570202269e-07,3.400184624772358e-06,2.826122800869046,2.936774475051834e-06,-1.8683918798838248e-05
4.278855771154231,PASSED,-0.2975250356747401,-5.314147236211404e-07,3.3794325819625383e-06,2.8261228037965314,2.9181695353235158e-06,-1.85522870146386e-05
4.279855971194239,PASSED,-0.29752503620447357,-5.280479100102003e-07,3.358400963591837e-06,2.8261228067054733,2.899689539156736e-06,-1.843180226820728e-05
4.280856171234247,PASSED,-0.2975250367308504,-5.247016358779337e-07,3.3381895780497176e-06,2.8261228095959794,2.8813066205708233e-06,-1.8350329464383112e-05
4.281856371274255,PASSED,-0.297525037253891,-5.21375465005202e-07,3.3181584025197097e-06,2.8261228124681703,2.863044537231405e-06,-1.8203252589440857e-05
4.282856571314263,PASSED,-0.29752503777361555,-5.180694651185655e-07,3.2978942093811088e-06,2.8261228153221447,2.8448886147455707e-06,-1.81243690834307e-05
4.283856771354271,PASSED,-0.2975250382900444,-5.147839561617535e-07,3.277252121765982e-06,2.826122818158026,2.8268455916758e-06,-1.7988792393998356e-05
4.284856971394279,PASSED,-0.29752503880319764,-5.115185113880379e-07,3.257573208348703e-06,2.826122820975918,2.8089181315475095e-06,-1.788657195115109e-05
4.285857171434287,PASSED,-0.2975250393130951,-5.082725883140958e-07,3.2381563176709835e-06,2.8261228237759326,2.7910908188744876e-06,-1.778780648760244e-05
4.286857371474295,PASSED,-0.2975250398197568,-5.050466936446548e-07,3.217720237287567e-06,2.8261228265581764,2.7733722488122107e-06,-1.767241244539356e-05
4.287857571514303,PASSED,-0.29752504032320237,-5.01840525274066e-07,3.1984671261227714e-06,2.826122829322762,2.755773504268174e-06,-1.7549632609798958e-05
4.288857771554311,PASSED,-0.2975250408234515,-4.986537599371194e-07,3.178964144162481e-06,2.8261228320697964,2.7382775814791542e-06,-1.7460116241833933e-05
4.289857971594319,PASSED,-0.2975250413205236,-4.954863956276381e-07,3.159631086360347e-06,2.82612283479938,2.7208708287881833e-06,-1.7371176990395427e-05
4.290858171634327,PASSED,-0.2975250418144382,-4.923387947109966e-07,3.1395808034954955e-06,2.826122837511625,2.7035893590392683e-06,-1.722166492126128e-05
4.291858371674335,PASSED,-0.2975250423052144,-4.892100247272857e-07,3.1215627705211863e-06,2.8261228402066423,2.686424604127166e-06,-1.7126814905996915e-05
4.292858571714343,PASSED,-0.29752504279287156,-4.861002525313408e-07,3.101911812894321e-06,2.8261228428845264,2.6693319300336945e-06,-1.706991355178818e-05
4.293858771754351,PASSED,-0.2975250432774286,-4.83009857919124e-07,3.0827164784316696e-06,2.826122845545388,2.652358545971598e-06,-1.6909031068968867e-05
4.294858971794359,PASSED,-0.2975250437589046,-4.799382434584751e-07,3.0642131154602536e-06,2.8261228481893292,2.6355049217484696e-06,-1.681668632590206e-05
4.295859171834367,PASSED,-0.29752504423731824,-4.768852700449567e-07,3.04548027889055e-06,2.826122850816456,2.618733865822967e-06,-1.674063565857029e-05
4.296859371874375,PASSED,-0.2975250447126883,-4.7385105037323037e-07,3.0267126002834707e-06,2.8261228534268685,2.602065463688073e-06,-1.662024645244267e-05
4.297859571914383,PASSED,-0.2975250451850334,-4.708353510652549e-07,3.0083571131034516e-06,2.8261228560206715,2.58551604569437e-06,-1.6502199021210278e-05
4.298859771954391,PASSED,-0.2975250456543721,-4.678381489803623e-07,2.989765399418724e-06,2.8261228585979623,2.5690515765782785e-06,-1.6439315846012074e-05
4.299859971994399,PASSED,-0.2975250461207228,-4.648593702681489e-07,2.9714542540764635e-06,2.8261228611588463,2.552689686179653e-06,-1.631027343370093e-05
4.300860172034407,PASSED,-0.29752504658410367,-4.618987340992661e-07,2.953424112086943e-06,2.826122863703422,2.5364413010534132e-06,-1.6207126254599165e-05
4.301860372074415,PASSED,-0.29752504704453303,-4.5895622665794586e-07,2.9352296608090917e-06,2.826122866231792,2.520281636927896e-06,-1.612802270612987e-05
4.302860572114423,PASSED,-0.29752504750202885,-4.560317638933377e-07,2.917284833807601e-06,2.826122868744052,2.504217215500242e-06,-1.6022020575336353e-05
4.303860772154431,PASSED,-0.29752504795660917,-4.531252368025473e-07,2.899355262112215e-06,2.8261228712402997,2.488257055588583e-06,-1.5918919469207443e-05
4.304860972194439,PASSED,-0.29752504840829186,-4.5023643980997323e-07,2.881758146215308e-06,2.8261228737206383,2.4723986913119227e-06,-1.5817994148296238e-05
4.305861172234447,PASSED,-0.29752504885709463,-4.4736549209834595e-07,2.863740755235294e-06,2.8261228761851616,2.4566306736284067e-06,-1.5734700040329546e-05
4.306861372274455,PASSED,-0.2975250493030352,-4.4451211323968956e-07,2.8464709276037895e-06,2.8261228786339676,2.440960001038344e-06,-1.5627987623218455e-05
4.307861572314463,PASSED,-0.297525049746131,-4.4167601460563937e-07,2.8291837716811424e-06,2.8261228810671533,2.425390865910444e-06,-1.5529900131020834e-05
4.308861772354471,PASSED,-0.29752505018639963,-4.3885760180976215e-07,2.8112321453412767e-06,2.8261228834848118,2.4099090636581183e-06,-1.544973699986203e-05
4.309861972394479,PASSED,-0.2975250506238584,-4.360565149501201e-07,2.794323335842574e-06,2.826122885887043,2.3945294109240184e-06,-1.5332929890258627e-05
4.310862172434487,PASSED,-0.29752505105852456,-4.3327226008768634e-07,2.7775425468278507e-06,2.826122888273937,2.3792416684189653e-06,-1.5257617581582804e-05
4.311862372474495,PASSED,-0.2975250514904152,-4.30505420347996e-07,2.7597045349320595e-06,2.8261228906455895,2.3640430329241536e-06,-1.515931410363041e-05
4.312862572514503,PASSED,-0.2975250519195474,-4.2775570317732295e-07,2.7430589278337432e-06,2.8261228930020965,2.348948016683832e-06,-1.5052150998116164e-05
4.313862772554511,PASSED,-0.2975250523459382,-4.2502243939925775e-07,2.726733678219578e-06,2.8261228953435453,2.333936004582965e-06,-1.4985252836034208e-05
4.314862972594519,PASSED,-0.2975250527696043,-4.2230616116776803e-07,2.709307933669817e-06,2.8261228976700354,2.3190199346760444e-06,-1.486994795417791e-05
4.315863172634527,PASSED,-0.2975250531905625,-4.1960696000941786e-07,2.6924633081370473e-06,2.8261228999816552,2.3042018165149093e-06,-1.4783564965773173e-05
4.316863372674535,PASSED,-0.29752505360882947,-4.169238312154839e-07,2.676905784465303e-06,2.8261229022784966,2.2894651931961865e-06,-1.4705328887355857e-05
4.317863572714543,PASSED,-0.2975250540244218,-4.1425725055742236e-07,2.65969724045907e-06,2.826122904560652,2.2748239721243224e-06,-1.4598482528202592e-05
4.318863772754551,PASSED,-0.29752505443735583,-4.116075212111777e-07,2.643084083435064e-06,2.826122906828208,2.2602722192271267e-06,-1.4520599809858328e-05
4.319863972794559,PASSED,-0.297525054847648,-4.0897369272898185e-07,2.6276580813697148e-06,2.8261229090812545,2.2458034908113804e-06,-1.4434147486338115e-05
4.320864172834567,PASSED,-0.29752505525531464,-4.0635602678982787e-07,2.6110045110101932e-06,2.8261229113198865,2.231437304385377e-06,-1.4320879052447238e-05
4.321864372874575,PASSED,-0.2975250556603717,-4.0375477537403096e-07,2.5947493523213065e-06,2.826122913544187,2.2171521459876875e-06,-1.4261344627850772e-05
4.322864572914583,PASSED,-0.2975250560628354,-4.01169474935182e-07,2.579001163200678e-06,2.826122915754249,2.202951035309089e-06,-1.4160954712430038e-05
4.323864772954591,PASSED,-0.29752505646272176,-3.9859995413830314e-07,2.563200552664349e-06,2.826122917950157,2.188845761816226e-06,-1.4068152679818373e-05
4.3248649729945985,PASSED,-0.29752505686004654,-3.9604635333032555e-07,2.5472009781864484e-06,2.8261229201319975,2.1748214060786096e-06,-1.399515777614817e-05
4.3258651730346065,PASSED,-0.29752505725482564,-3.9350857644225544e-07,2.5314941613258397e-06,2.826122922299856,2.1608782836987688e-06,-1.3908432115636208e-05
4.3268653730746145,PASSED,-0.29752505764707476,-3.909864507484347e-07,2.5158800488173025e-06,2.826122924453826,2.147039635053476e-06,-1.3792126331730416e-05
4.3278655731146225,PASSED,-0.29752505803680934,-3.884796671755214e-07,2.5007192556440107e-06,2.8261229265939867,2.1332730110436463e-06,-1.3749622461895135e-05
4.3288657731546305,PASSED,-0.29752505842404503,-3.8598835790139097e-07,2.4850359531213017e-06,2.8261229287204244,2.1195820368423053e-06,-1.3651875360971836e-05
4.3298659731946385,PASSED,-0.29752505880879726,-3.835129067310661e-07,2.469061315127178e-06,2.8261229308332245,2.1059958540809643e-06,-1.3542387694920662e-05
4.3308661732346465,PASSED,-0.2975250591910813,-3.8105229904109265e-07,2.4549719398709826e-06,2.8261229329324715,2.092487082668438e-06,-1.3486360557596833e-05
4.3318663732746545,PASSED,-0.2975250595709124,-3.78606660284195e-07,2.4394166349153524e-06,2.826122935018251,2.0790536037022823e-06,-1.3398224571861888e-05
4.3328665733146625,PASSED,-0.29752505994830575,-3.7617681939013085e-07,2.423457066830033e-06,2.8261229370906396,2.0657058502230147e-06,-1.33141060842051e-05
4.3338667733546705,PASSED,-0.2975250603232763,-3.737615467669284e-07,2.4098163274506777e-06,2.8261229391497262,2.0524480029516766e-06,-1.3220341396093855e-05
4.3348669733946785,PASSED,-0.2975250606958391,-3.713610541892931e-07,2.3942767444250564e-06,2.8261229411955924,2.0392699143173253e-06,-1.3149920126522974e-05
4.3358671734346865,PASSED,-0.2975250610660091,-3.689758346721548e-07,2.37918136561389e-06,2.8261229432283175,2.0261642885952154e-06,-1.3076096119167772e-05
4.3368673734746945,PASSED,-0.29752506143380103,-3.6660508385517074e-07,2.3651304512307754e-06,2.8261229452479832,2.013147373585611e-06,-1.297746093656172e-05
4.3378675735147025,PASSED,-0.29752506179922955,-3.6424892495276596e-07,2.350177869854007e-06,2.8261229472546705,2.0002122514952733e-06,-1.2906896192854914e-05
4.3388677735547105,PASSED,-0.29752506216230934,-3.6190763658160203e-07,2.3353620387038474e-06,2.8261229492484605,1.987352308150896e-06,-1.2828641445392096e-05
4.3398679735947185,PASSED,-0.2975250625230549,-3.5958070629293725e-07,2.321309121972107e-06,2.8261229512294332,1.9745756529612853e-06,-1.2741997685756257e-05
4.3408681736347265,PASSED,-0.2975250628814807,-3.5726799645540123e-07,2.306976981245304e-06,2.8261229531976664,1.961876877310106e-06,-1.266996096146059e-05
4.3418683736747345,PASSED,-0.2975250632376011,-3.549697871321548e-07,2.292364217913896e-06,2.82612295515324,1.9492537280108102e-06,-1.2591941524518713e-05
4.3428685737147426,PASSED,-0.29752506359143027,-3.526857813277094e-07,2.278433528799763e-06,2.826122957096233,1.9367147324155807e-06,-1.2503698309037489e-05
4.343868773754751,PASSED,-0.2975250639429826,-3.5041599316154216e-07,2.264024591078857e-06,2.8261229590267205,1.924246730993283e-06,-1.244420349780445e-05
4.344868973794759,PASSED,-0.29752506429227205,-3.481601521691816e-07,2.2503852598816475e-06,2.826122960944784,1.9118604216903015e-06,-1.2347713173099839e-05
4.345869173834767,PASSED,-0.2975250646393127,-3.459182918449961e-07,2.2361770337213674e-06,2.8261229628505,1.899556517033842e-06,-1.2274698978699251e-05
4.346869373874775,PASSED,-0.2975250649841185,-3.4369051213686245e-07,2.2221814910752495e-06,2.8261229647439405,1.8873133511319205e-06,-1.2222143850736389e-05
4.347869573914783,PASSED,-0.29752506532670336,-3.4147633583568594e-07,2.208839507910731e-06,2.8261229666251864,1.8751558294129263e-06,-1.211444029783233e-05
4.348869773954791,PASSED,-0.2975250656670809,-3.392759509353827e-07,2.194748495231612e-06,2.8261229684943103,1.8630795547231935e-06,-1.205083095099959e-05
4.349869973994799,PASSED,-0.2975250660052649,-3.3708927843966916e-07,2.1812884960347817e-06,2.82612297035139,1.8510676739535288e-06,-1.1985913982108267e-05
4.350870174034807,PASSED,-0.297525066341269,-3.3491614620597547e-07,2.1676947254663038e-06,2.8261229721965,1.8391341628418512e-06,-1.1898575864723515e-05
4.351870374074815,PASSED,-0.2975250666751067,-3.3275643891085674e-07,2.154382341553604e-06,2.8261229740297127,1.8272770664626349e-06,-1.1829443388878067e-05
4.352870574114823,PASSED,-0.29752506700679143,-3.3061024529806037e-07,2.140734460291577e-06,2.826122975851101,1.8154868811014082e-06,-1.1764013342792069e-05
4.353870774154831,PASSED,-0.2975250673363366,-3.2847740301751965e-07,2.127580827373504e-06,2.826122977660742,1.8037769527087595e-06,-1.1673871759220178e-05
4.354870974194839,PASSED,-0.2975250676637555,-3.263577225013337e-07,2.1144136420607706e-06,2.8261229794587055,1.7921377751157984e-06,-1.1616048148788513e-05
4.355871174234847,PASSED,-0.29752506798906136,-3.2425127394114246e-07,2.1011385056115983e-06,2.8261229812450677,1.7805690921796524e-06,-1.1537106127717733e-05
4.356871374274855,PASSED,-0.2975250683122672,-3.2215773657720495e-07,2.088469936154785e-06,2.826122983019895,1.7690723440566944e-06,-1.146984278645136e-05
4.357871574314863,PASSED,-0.2975250686333863,-3.200775920072256e-07,2.074594325862389e-06,2.826122984783266,1.757651472888107e-06,-1.1388223423344961e-05
4.358871774354871,PASSED,-0.2975250689524314,-3.1801026129826944e-07,2.0624882976852822e-06,2.826122986535249,1.7463009702865257e-06,-1.1325355387072332e-05
4.359871974394879,PASSED,-0.2975250692694156,-3.1595546642874033e-07,2.0496659174250055e-06,2.8261229882759134,1.7350142296872522e-06,-1.1260997407407626e-05
4.360872174434887,PASSED,-0.2975250695843516,-3.1391378189893255e-07,2.0363636047296247e-06,2.826122990005331,1.723803150214529e-06,-1.1177800849600104e-05
4.361872374474895,PASSED,-0.2975250698972522,-3.1188489077832435e-07,2.023909464527314e-06,2.8261229917235693,1.7126611950000518e-06,-1.111805812439542e-05
4.362872574514903,PASSED,-0.29752507020813,-3.098682784540954e-07,2.0117475640301322e-06,2.826122993430701,1.7015873147380184e-06,-1.1044428353791907e-05
4.363872774554911,PASSED,-0.29752507051699767,-3.078643336424049e-07,1.9987429767974325e-06,2.8261229951267954,1.6905867636741303e-06,-1.0971299537285602e-05
4.364872974594919,PASSED,-0.29752507082386775,-3.058732364957197e-07,1.985999926610372e-06,2.8261229968119177,1.6796471388695637e-06,-1.091850831608746e-05
4.365873174634927,PASSED,-0.2975250711287526,-3.038941696744322e-07,1.9744447510723065e-06,2.8261229984861416,1.6687827555528464e-06,-1.0828299983803688e-05
4.366873374674935,PASSED,-0.2975250714316647,-3.019273393467899e-07,1.9617540453555493e-06,2.826123000149532,1.6579862591715846e-06,-1.0775293979567128e-05
4.367873574714943,PASSED,-0.29752507173261616,-2.999731358373453e-07,1.949169818837231e-06,2.826123001802155,1.647247770924338e-06,-1.0713951092366214e-05
4.368873774754951,PASSED,-0.29752507203161954,-2.980310872532567e-07,1.9373010942562122e-06,2.826123003444079,1.6365840236243887e-06,-1.0630278105004586e-05
4.369873974794959,PASSED,-0.2975250723286867,-2.9610076521411795e-07,1.92566933572711e-06,2.8261230050753734,1.625991439871147e-06,-1.056745418539955e-05
4.370874174834967,PASSED,-0.2975250726238297,-2.9418267921928855e-07,1.9130304342309124e-06,2.826123006696101,1.6154535455372338e-06,-1.0518187766255476e-05
4.371874374874975,PASSED,-0.2975250729170608,-2.9227702302240214e-07,1.900740038656736e-06,2.826123008306329,1.6049856377622591e-06,-1.0434387780787392e-05
4.372874574914983,PASSED,-0.2975250732083918,-2.9038264689598007e-07,1.890133518265691e-06,2.8261230099061248,1.594592095342049e-06,-1.0366312179825404e-05
4.373874774954991,PASSED,-0.2975250734978345,-2.8850015734366685e-07,1.8773935750115693e-06,2.826123011495547,1.5842458141144032e-06,-1.0332927259526158e-05
4.374874974994999,PASSED,-0.2975250737854008,-2.8662985076240377e-07,1.8655819187641438e-06,2.826123013074668,1.5739748215296005e-06,-1.0229702801653505e-05
4.375875175035007,PASSED,-0.2975250740711024,-2.847710789179759e-07,1.8542317948703855e-06,2.826123014643548,1.5637757644423334e-06,-1.0178626611009502e-05
4.376875375075015,PASSED,-0.2975250743549509,-2.8292360960957855e-07,1.8429609840820304e-06,2.826123016202255,1.5536278844598791e-06,-1.012738223008398e-05
4.377875575115023,PASSED,-0.29752507463695793,-2.810878688610343e-07,1.8309272581857485e-06,2.826123017750848,1.543542745372804e-06,-1.005697699173578e-05
4.378875775155031,PASSED,-0.2975250749171349,-2.792637924820798e-07,1.819509126133661e-06,2.826123019289391,1.5335294141130778e-06,-9.984234105053068e-06
4.379875975195039,PASSED,-0.2975250751954934,-2.774510171801863e-07,1.8082860857334568e-06,2.8261230208179504,1.523578247234771e-06,-9.929122060476238e-06
4.380876175235047,PASSED,-0.2975250754720448,-2.75649473838955e-07,1.7970481782298673e-06,2.826123022336586,1.5136815834725519e-06,-9.875024896714244e-06
4.381876375275055,PASSED,-0.2975250757468003,-2.7385924139774316e-07,1.785688616533184e-06,2.8261230238453576,1.5038480482086337e-06,-9.805875508720582e-06
4.382876575315063,PASSED,-0.2975250760197713,-2.7208026134337814e-07,1.774507679586259e-06,2.82612302534433,1.4940825605448748e-06,-9.738562433784557e-06
4.383876775355071,PASSED,-0.2975250762909688,-2.703124284158284e-07,1.7633830928587e-06,2.826123026833566,1.484377253152363e-06,-9.683137364996563e-06
4.384876975395079,PASSED,-0.297525076560404,-2.6855566612418484e-07,1.7523484241668018e-06,2.826123028313123,1.4747256591415693e-06,-9.630565107991723e-06
4.385877175435087,PASSED,-0.2975250768280879,-2.668097932216374e-07,1.7415558881344864e-06,2.826123029783063,1.4651392313777683e-06,-9.557002867673606e-06
4.386877375475095,PASSED,-0.2975250770940315,-2.650751135583883e-07,1.7300955133254306e-06,2.8261230312434478,1.4556183341055398e-06,-9.496826875265226e-06
4.387877575515103,PASSED,-0.2975250773582457,-2.633511709456349e-07,1.7198406790387773e-06,2.8261230326943316,1.4461426208528972e-06,-9.461637504227642e-06
4.388877775555111,PASSED,-0.2975250776207414,-2.6163795075489464e-07,1.7088065318744714e-06,2.8261230341357835,1.436739938428463e-06,-9.363379037905199e-06
4.389877975595119,PASSED,-0.2975250778815292,-2.599355073059645e-07,1.6982013936340156e-06,2.8261230355678557,1.4273970864743627e-06,-9.32916723156354e-06
4.390878175635127,PASSED,-0.29752507814062007,-2.582439999367194e-07,1.6870446863191135e-06,2.826123036990609,1.4180992120786872e-06,-9.277012505083275e-06
4.391878375675135,PASSED,-0.29752507839802445,-2.565627193628558e-07,1.6774378322265451e-06,2.8261230384041,1.40886621160961e-06,-9.203659111739947e-06
4.392878575715143,PASSED,-0.29752507865375305,-2.5489213525652434e-07,1.6660149557346869e-06,2.8261230398083885,1.3996989440056613e-06,-9.143006598754485e-06
4.393878775755151,PASSED,-0.2975250789078163,-2.532322177554948e-07,1.6558525312261216e-06,2.8261230412035343,1.3905824701091887e-06,-9.098785428284314e-06
4.394878975795159,PASSED,-0.29752507916022475,-2.515824921827589e-07,1.6456409337424082e-06,2.826123042589593,1.3815228068052649e-06,-9.03358188768363e-06
4.395879175835167,PASSED,-0.2975250794109887,-2.499432647730137e-07,1.6349517270803334e-06,2.8261230439666174,1.3725164461093305e-06,-8.988213234768218e-06
4.396879375875175,PASSED,-0.2975250796601186,-2.4831436317850253e-07,1.6248681727984031e-06,2.8261230453346715,1.3635752834984814e-06,-8.909795528236595e-06
4.397879575915183,PASSED,-0.29752507990762456,-2.466955235499162e-07,1.614820599111635e-06,2.8261230466938083,1.3546896558123645e-06,-8.869515791370451e-06
4.398879775955191,PASSED,-0.2975250801535169,-2.4508704277327506e-07,1.6042542283274333e-06,2.8261230480440833,1.3458501257052576e-06,-8.819539650931694e-06
4.399879975995199,PASSED,-0.29752508039780573,-2.4348854576057437e-07,1.5946588689494397e-06,2.8261230493855565,1.337079503398262e-06,-8.738010744371467e-06
4.400880176035207,PASSED,-0.2975250806405011,-2.4190005286992586e-07,1.5843822384479116e-06,2.826123050718274,1.3283516231733398e-06,-8.721126545289243e-06
4.401880376075215,PASSED,-0.29752508088161306,-2.403218505480892e-07,1.5740823774291067e-06,2.8261230520423006,1.3196834696347145e-06,-8.632838200849296e-06
4.402880576115223,PASSED,-0.2975250811211516,-2.3875334917711037e-07,1.5647807000120026e-06,2.8261230533576853,1.3110767974521477e-06,-8.589228170378347e-06
4.403880776155231,PASSED,-0.29752508135912664,-2.3719461346432655e-07,1.5547057212983572e-06,2.826123054664483,1.3025117490861087e-06,-8.548928496479262e-06
4.404880976195239,PASSED,-0.297525081595548,-2.356460412337088e-07,1.5444832368306642e-06,2.82612305596275,1.2940064812970487e-06,-8.47616065078088e-06
4.405881176235247,PASSED,-0.2975250818304254,-2.341069435733231e-07,1.5355072760890838e-06,2.8261230572525418,1.2855648770584224e-06,-8.418566630523318e-06
4.406881376275255,PASSED,-0.2975250820637687,-2.3257749543288948e-07,1.5254087166633112e-06,2.826123058533904,1.2771553364871278e-06,-8.403523198475633e-06
4.407881576315263,PASSED,-0.2975250822955875,-2.310580239632774e-07,1.5155133049112413e-06,2.826123059806897,1.268810894895982e-06,-8.305053852925719e-06
4.408881776355271,PASSED,-0.2975250825258914,-2.2954789522135732e-07,1.5065390332592888e-06,2.826123061071573,1.2605319188658235e-06,-8.261590814980268e-06
4.409881976395279,PASSED,-0.2975250827546899,-2.280471207813699e-07,1.4969313778061465e-06,2.8261230623279783,1.252275895595134e-06,-8.252311574495801e-06
4.410882176435287,PASSED,-0.29752508298199254,-2.265560718560956e-07,1.4871272902531267e-06,2.8261230635761714,1.2440887091628329e-06,-8.143769670838305e-06
4.411882376475295,PASSED,-0.29752508320780874,-2.250744258800867e-07,1.477991766512775e-06,2.826123064816205,1.2359696235408214e-06,-8.102629589460247e-06
4.412882576515303,PASSED,-0.2975250834321479,-2.236020296963389e-07,1.4686657952378192e-06,2.8261230660481247,1.227869189336462e-06,-8.098970614291988e-06
4.413882776555311,PASSED,-0.29752508365501934,-2.2213905203981177e-07,1.4591855640533286e-06,2.8261230672719835,1.2198281969720666e-06,-8.00234019779786e-06
4.414882976595319,PASSED,-0.29752508387643234,-2.2068517260648007e-07,1.4503420128506107e-06,2.8261230684878362,1.211864214453751e-06,-7.938410731994136e-06
4.415883176635327,PASSED,-0.29752508409639605,-2.192403052481231e-07,1.4412175886945377e-06,2.8261230696957287,1.2039217516758218e-06,-7.945164141885947e-06
4.416883376675335,PASSED,-0.2975250843149197,-2.1780497288283225e-07,1.4314088830217096e-06,2.826123070895715,1.1960316370355461e-06,-7.85341497253561e-06
4.417883576715343,PASSED,-0.2975250845320123,-2.1637852232257584e-07,1.4231450117461692e-06,2.8261230720878405,1.1882086782237199e-06,-7.802654704686673e-06
4.418883776755351,PASSED,-0.297525084747683,-2.149610057304973e-07,1.413764312300162e-06,2.826123073272158,1.1804209406216624e-06,-7.777792866971244e-06
4.419883976795359,PASSED,-0.29752508496194074,-2.135525725002509e-07,1.4048791755438733e-06,2.826123074448719,1.1726866486184146e-06,-7.705291427431918e-06
4.420884176835367,PASSED,-0.29752508517479437,-2.1215293078475164e-07,1.3961500754695164e-06,2.826123075617568,1.1650038395602726e-06,-7.667820811948784e-06
4.421884376875375,PASSED,-0.2975250853862529,-2.1076225668498662e-07,1.38702344929536e-06,2.8261230767787553,1.1573619168064332e-06,-7.624657381766307e-06
4.422884576915383,PASSED,-0.29752508559632507,-2.0938035666059484e-07,1.378484407789446e-06,2.826123077932331,1.1497767178669284e-06,-7.5588933113306644e-06
4.423884776955391,PASSED,-0.29752508580501963,-2.0800705177701682e-07,1.3698518674370144e-06,2.8261230790783416,1.142237592192096e-06,-7.525947250500341e-06
4.424884976995399,PASSED,-0.29752508601234545,-2.0664266712011315e-07,1.3607398498814455e-06,2.8261230802168362,1.134741304469506e-06,-7.476514703983161e-06
4.425885177035407,PASSED,-0.29752508621831103,-2.0528681733170046e-07,1.3525897474335034e-06,2.8261230813478604,1.1272962599106143e-06,-7.424064462164088e-06
4.426885377075415,PASSED,-0.297525086422925,-2.0393942923125374e-07,1.343920335788854e-06,2.826123082471463,1.1198987418140345e-06,-7.379820519523474e-06
4.427885577115423,PASSED,-0.29752508662619603,-2.0260075837899266e-07,1.335171196575912e-06,2.8261230835876914,1.1125480848941492e-06,-7.331214520126196e-06
4.428885777155431,PASSED,-0.2975250868281326,-2.012706395187117e-07,1.3267506360843332e-06,2.8261230846965897,1.1052408269661754e-06,-7.291286866539037e-06
4.429885977195439,PASSED,-0.2975250870287431,-1.999486123135393e-07,1.3188782512310437e-06,2.826123085798208,1.0979839701054912e-06,-7.233903523447709e-06
4.430886177235447,PASSED,-0.2975250872280359,-1.9863514008794548e-07,1.309868208502373e-06,2.8261230868925917,1.0907752408715111e-06,-7.1919463743350265e-06
4.431886377275455,PASSED,-0.29752508742601946,-1.973302981192569e-07,1.3014911421460787e-06,2.826123087979782,1.0835998406354555e-06,-7.1643694772026786e-06
4.432886577315463,PASSED,-0.2975250876227021,-1.960333693510188e-07,1.2938871856327618e-06,2.8261230890598323,1.0764841310772965e-06,-7.08326961212961e-06
4.433886777355471,PASSED,-0.29752508781809195,-1.9474466897622403e-07,1.285242500902806e-06,2.826123090132782,1.0694116283740139e-06,-7.065324764051687e-06
4.434886977395479,PASSED,-0.29752508801219724,-1.934642817841976e-07,1.2771503194421354e-06,2.8261230911986783,1.0623718346305276e-06,-7.022773063109121e-06
4.435887177435487,PASSED,-0.2975250882050262,-1.9219195942256779e-07,1.2691037230883133e-06,2.826123092257566,1.0553895923584906e-06,-6.955221744655234e-06
4.436887377475495,PASSED,-0.2975250883965869,-1.9092770022830015e-07,1.2610295083871988e-06,2.826123093309488,1.0484492276846042e-06,-6.93045996004086e-06
4.437887577515503,PASSED,-0.29752508858688737,-1.8967149965630187e-07,1.2529812810723346e-06,2.8261230943544913,1.0415471359530384e-06,-6.8831795792488525e-06
4.438887777555511,PASSED,-0.2975250887759357,-1.8842342171513442e-07,1.244809047897555e-06,2.826123095392616,1.0346925700204528e-06,-6.835490168143264e-06
4.439887977595519,PASSED,-0.29752508896373975,-1.8718302029839113e-07,1.2374629959737486e-06,2.8261230964239084,1.0278834436630418e-06,-6.791550483589395e-06
4.440888177635527,PASSED,-0.29752508915030734,-1.8595036916037908e-07,1.2294432327042481e-06,2.826123097448414,1.021118969158626e-06,-6.7464238516337015e-06
4.441888377675535,PASSED,-0.29752508933564653,-1.8472617754463688e-07,1.2206905377675208e-06,2.826123098466173,1.0143913332112627e-06,-6.715110677849361e-06
4.442888577715543,PASSED,-0.29752508951976503,-1.835095264499208e-07,1.2139581326818155e-06,2.8261230994772273,1.007706469307431e-06,-6.664699387820113e-06
4.443888777755551,PASSED,-0.2975250897026706,-1.8230008223458664e-07,1.2064349371023656e-06,2.826123100481622,1.0010723935395601e-06,-6.613660021238129e-06
4.444888977795559,PASSED,-0.29752508988437104,-1.8109896950793685e-07,1.1975645863480285e-06,2.826123101479398,9.944741384716258e-07,-6.587985099065329e-06
4.445889177835567,PASSED,-0.2975250900648739,-1.7990532009645537e-07,1.1910392949038027e-06,2.8261231024706,9.879179394953564e-07,-6.535008227738885e-06
4.446889377875575,PASSED,-0.29752509024418683,-1.7871898896798214e-07,1.183192350852819e-06,2.8261231034552665,9.814074797588752e-07,-6.494094075642453e-06
4.447889577915583,PASSED,-0.29752509042231745,-1.775405999653103e-07,1.175186770551227e-06,2.8261231044334405,9.749334443072967e-07,-6.460663035535741e-06
4.448889777955591,PASSED,-0.2975250905992733,-1.763695825380511e-07,1.1682378650645267e-06,2.826123105405163,9.685011542278405e-07,-6.413374775403148e-06
4.449889977995599,PASSED,-0.29752509077506173,-1.752057921556468e-07,1.1608253939641518e-06,2.8261231063704755,9.621141561811341e-07,-6.36941356090835e-06
4.450890178035607,PASSED,-0.2975250909496904,-1.7404983257076444e-07,1.1527157121611713e-06,2.8261231073294155,9.557603176353958e-07,-6.343455202291447e-06
4.451890378075615,PASSED,-0.2975250911231665,-1.729011525758713e-07,1.1459895167144371e-06,2.826123108282032,9.494585047708543e-07,-6.274051306041493e-06
4.452890578115623,PASSED,-0.2975250912954975,-1.7175942909975654e-07,1.1388794490482768e-06,2.8261231092283587,9.431918368736987e-07,-6.261745624564966e-06
4.453890778155631,PASSED,-0.29752509146669065,-1.7062526785376487e-07,1.1310157772872899e-06,2.8261231101684356,9.369546885452975e-07,-6.220750130958441e-06
4.454890978195639,PASSED,-0.2975250916367532,-1.6949842391658526e-07,1.1240627104411663e-06,2.8261231111023064,9.307735124789132e-07,-6.154793356668222e-06
4.455891178235647,PASSED,-0.2975250918056924,-1.6837854129257635e-07,1.1170958997207642e-06,2.8261231120300057,9.246228930497344e-07,-6.147836810852341e-06
4.456891378275655,PASSED,-0.2975250919735154,-1.6726590593067926e-07,1.1096616700146636e-06,2.826123112951578,9.185095704933973e-07,-6.090313053327006e-06
4.457891578315663,PASSED,-0.2975250921402293,-1.661604282281189e-07,1.1026883909241363e-06,2.8261231138670584,9.124432670715691e-07,-6.050297000829012e-06
4.458891778355671,PASSED,-0.29752509230584123,-1.6506200096404965e-07,1.0955865128326496e-06,2.826123114776488,9.064089917132946e-07,-6.02359426323818e-06
4.459891978395679,PASSED,-0.29752509247035813,-1.6397041980473756e-07,1.088910923631712e-06,2.8261231156799034,9.004122423707261e-07,-5.978852728788744e-06
4.460892178435687,PASSED,-0.2975250926337871,-1.6288613881388735e-07,1.0811943689958732e-06,2.826123116577348,8.944664225658316e-07,-5.92379785563172e-06
4.461892378475695,PASSED,-0.2975250927961351,-1.6180853790637378e-07,1.075205266525372e-06,2.826123117468851,8.885402046570626e-07,-5.927831277527196e-06
4.462892578515703,PASSED,-0.2975250929574089,-1.6073759473806703e-07,1.068101769494321e-06,2.826123118354461,8.826617980165569e-07,-5.8454568824911794e-06
4.463892778555711,PASSED,-0.2975250931176155,-1.596739987669301e-07,1.0605921055653675e-06,2.826123119234206,8.768252680674044e-07,-5.83057866026005e-06
4.464892978595719,PASSED,-0.29752509327676174,-1.5861717451269472e-07,1.054312353348708e-06,2.82612312010813,8.710156945371576e-07,-5.795570110238052e-06
4.465893178635727,PASSED,-0.2975250934348543,-1.575666464020724e-07,1.04800528213804e-06,2.82612312097627,8.652522125000111e-07,-5.742089988418673e-06
4.466893378675735,PASSED,-0.2975250935918999,-1.5652316784080374e-07,1.0404607473557297e-06,2.8261231218386573,8.595196390645478e-07,-5.726229066826455e-06
4.467893578715743,PASSED,-0.2975250937479053,-1.5548639373293638e-07,1.0343163482084523e-06,2.826123122695336,8.538263907266478e-07,-5.6712611852823715e-06
4.468893778755751,PASSED,-0.29752509390287724,-1.5445612354351755e-07,1.027572750225715e-06,2.8261231235463358,8.481683663915574e-07,-5.649199768295614e-06
4.469893978795759,PASSED,-0.2975250940568222,-1.5343253408781812e-07,1.0209339260151785e-06,2.8261231243916973,8.425457230925425e-07,-5.6049389861611015e-06
4.470894178835767,PASSED,-0.2975250942097469,-1.5241541082384125e-07,1.0145828226179666e-06,2.8261231252314607,8.369708370271699e-07,-5.554850784846938e-06
4.471894378875775,PASSED,-0.2975250943616577,-1.5140480519615275e-07,1.0079541644022086e-06,2.8261231260656507,8.314106828536422e-07,-5.563689765981491e-06
4.472894578915783,PASSED,-0.2975250945125612,-1.5040084679137282e-07,1.0012945650317548e-06,2.826123126894313,8.25897344116024e-07,-5.479771385375928e-06
4.473894778955791,PASSED,-0.29752509466246385,-1.4940322580693663e-07,9.95171930705784e-07,2.8261231277174756,8.204253542791161e-07,-5.466802137929219e-06
4.474894978995799,PASSED,-0.29752509481137207,-1.4841192229729544e-07,9.88724562264784e-07,2.82612312853518,8.149770071206037e-07,-5.436043838901099e-06
4.475895179035807,PASSED,-0.2975250949592922,-1.4742705909528836e-07,9.822889618352814e-07,2.8261231293474567,8.095665976207538e-07,-5.393319940482464e-06
4.476895379075815,PASSED,-0.29752509510623054,-1.4644830654441726e-07,9.763949435616282e-07,2.826123130154345,8.042003974231958e-07,-5.348120368941758e-06
4.477895579115823,PASSED,-0.2975250952521935,-1.4547623474967487e-07,9.691896955296033e-07,2.8261231309558763,7.988600815271483e-07,-5.3351129141179045e-06
4.478895779155831,PASSED,-0.2975250953971873,-1.445101721844073e-07,9.63977811759567e-07,2.8261231317520843,7.93547964957491e-07,-5.296785673350377e-06
4.479895979195839,PASSED,-0.29752509554121814,-1.43550092639814e-07,9.57480699815847e-07,2.826123132543006,7.882837444529754e-07,-5.24251039195898e-06
4.480896179235847,PASSED,-0.29752509568429214,-1.4259657018475646e-07,9.508836252186573e-07,2.8261231333286716,7.830461361578037e-07,-5.234340230646801e-06
4.481896379275855,PASSED,-0.2975250958264156,-1.4164919290311956e-07,9.450397192490703e-07,2.8261231341091184,7.778384264932717e-07,-5.1899559537889215e-06
4.482896579315863,PASSED,-0.2975250959675945,-1.4070744726039378e-07,9.395495917102112e-07,2.826123134884378,7.72671767949233e-07,-5.151126937538675e-06
4.483896779355871,PASSED,-0.29752509610783495,-1.3977201212350416e-07,9.326921670092326e-07,2.826123135654482,7.675327382799836e-07,-5.130964823723211e-06
4.484896979395879,PASSED,-0.297525096247143,-1.38842819361769e-07,9.268598248858185e-07,2.826123136419471,7.624348188086396e-07,-5.075889236424565e-06
4.485897179435887,PASSED,-0.29752509638552455,-1.379191491461876e-07,9.215438093784266e-07,2.8261231371793665,7.57355692738978e-07,-5.081283958486388e-06
4.486897379475895,PASSED,-0.2975250965229857,-1.3700170060958436e-07,9.14718354753125e-07,2.826123137934213,7.523211759376869e-07,-5.003338696494136e-06
4.487897579515903,PASSED,-0.29752509665953225,-1.3609034529127259e-07,9.091132940174914e-07,2.826123138684035,7.473214189189488e-07,-4.997369233567386e-06
4.488897779555911,PASSED,-0.29752509679517014,-1.351843508939394e-07,9.039151328769556e-07,2.826123139428867,7.423384422601004e-07,-4.9733816090358585e-06
4.489897979595919,PASSED,-0.29752509692990514,-1.342844094509706e-07,8.972923163633677e-07,2.8261231401687423,7.373998100055621e-07,-4.9154660182067e-06
4.490898179635927,PASSED,-0.2975250970637432,-1.3339050814121397e-07,8.916406386854648e-07,2.8261231409036895,7.32491882584577e-07,-4.902901689503976e-06
4.491898379675935,PASSED,-0.29752509719669007,-1.3250211093782882e-07,8.862349131849019e-07,2.826123141633744,7.276095331820947e-07,-4.868647877801065e-06
4.492898579715943,PASSED,-0.2975250973287514,-1.3161934504329388e-07,8.804532154350155e-07,2.826123142358934,7.227634193746545e-07,-4.831091093866236e-06
4.493898779755951,PASSED,-0.29752509745993283,-1.307423844354878e-07,8.746322027201342e-07,2.8261231430792972,7.179548006310155e-07,-4.793637176820893e-06
4.494898979795959,PASSED,-0.29752509759024026,-1.2987124217493538e-07,8.688156324406624e-07,2.8261231437948573,7.131643209697715e-07,-4.788374650859585e-06
4.495899179835967,PASSED,-0.29752509771967905,-1.2900537172616289e-07,8.639069929937385e-07,2.826123144505649,7.084080813217277e-07,-4.73481631283315e-06
4.496899379875975,PASSED,-0.29752509784825504,-1.2814527216023748e-07,8.57561281213205e-07,2.826123145211701,7.036904546721963e-07,-4.706166873997105e-06
4.497899579915983,PASSED,-0.2975250979759737,-1.2729087619460677e-07,8.522857552423383e-07,2.8261231459130483,6.989987800631227e-07,-4.682013099124475e-06
4.498899779955991,PASSED,-0.2975250981028405,-1.264415848675108e-07,8.472950416650505e-07,2.8261231466097145,6.943298586653367e-07,-4.6601935968936595e-06
4.499899979995999,PASSED,-0.297525098228861,-1.2559808114423127e-07,8.409761776891994e-07,2.8261231473017348,6.896996836921186e-07,-4.610162557434498e-06
4.500900180036007,PASSED,-0.2975250983540406,-1.2476015374952284e-07,8.358948727212649e-07,2.826123147989136,6.850990813432694e-07,-4.594228876459231e-06
4.501900380076015,PASSED,-0.2975250984783848,-1.2392723083423754e-07,8.309416103280022e-07,2.8261231486719534,6.805279701483111e-07,-4.5556994072910536e-06
4.502900580116023,PASSED,-0.297525098601899,-1.2309981408931578e-07,8.25066834650913e-07,2.8261231493502086,6.759793513826141e-07,-4.543898337967631e-06
4.503900780156031,PASSED,-0.29752509872458854,-1.2227806682529348e-07,8.195342169365583e-07,2.8261231500239354,6.714647999129353e-07,-4.494986890819709e-06
4.504900980196039,PASSED,-0.29752509884645867,-1.2146122038987233e-07,8.150545810775493e-07,2.826123150693165,6.669884142289229e-07,-4.4639848794743e-06
4.505901180236047,PASSED,-0.2975250989675148,-1.2064978691240515e-07,8.090194083936049e-07,2.826123151357925,6.625296467759258e-07,-4.455289168679038e-06
4.506901380276055,PASSED,-0.2975250990877621,-1.19843857079284e-07,8.038701162727992e-07,2.826123152018241,6.580956499197413e-07,-4.419801981188038e-06
4.507901580316063,PASSED,-0.2975250992072058,-1.190426712657525e-07,7.993962783706758e-07,2.826123152674146,6.537042295181043e-07,-4.372499348602947e-06
4.508901780356071,PASSED,-0.2975250993258512,-1.1824682982306937e-07,7.934715522247686e-07,2.826123153325669,6.493385429681129e-07,-4.361144684250125e-06
4.509901980396079,PASSED,-0.29752509944370337,-1.1745647362648028e-07,7.882792928319472e-07,2.8261231539728318,6.449841532991413e-07,-4.349886325452676e-06
4.510902180436087,PASSED,-0.29752509956076745,-1.1667084090720376e-07,7.838683369062297e-07,2.826123154615671,6.406791058680442e-07,-4.275154834859871e-06
4.511902380476095,PASSED,-0.29752509967704854,-1.1589027968446236e-07,7.783564799648523e-07,2.826123155254206,6.363946039662586e-07,-4.290733279736112e-06
4.512902580516103,PASSED,-0.2975250997925517,-1.1511501992375792e-07,7.731952811974886e-07,2.826123155888471,6.321274827256818e-07,-4.251379881137305e-06
4.513902780556111,PASSED,-0.297525099907282,-1.1434458373684465e-07,7.685967907238021e-07,2.8261231565184954,6.279093844079486e-07,-4.195910608797268e-06
4.514902980596119,PASSED,-0.2975251000212444,-1.1357910821091408e-07,7.633946827350617e-07,2.8261231571442984,6.237010370246093e-07,-4.216638566367383e-06
4.515903180636127,PASSED,-0.2975251001344439,-1.1281891101870525e-07,7.580655318580434e-07,2.826123157765915,6.195204188556585e-07,-4.156604570672922e-06
4.516903380676135,PASSED,-0.29752510024688544,-1.1206333178369657e-07,7.539217037757595e-07,2.826123158383368,6.153802438082396e-07,-4.129222031916272e-06
4.517903580716143,PASSED,-0.29752510035857394,-1.113124728986465e-07,7.488170058996205e-07,2.8261231589966873,6.112562414314341e-07,-4.120522606731547e-06
4.518903780756151,PASSED,-0.29752510046951425,-1.1056704765231378e-07,7.431640732881278e-07,2.8261231596058956,6.071538681945016e-07,-4.090273657066344e-06
4.519903980796159,PASSED,-0.2975251005797112,-1.09826159400077e-07,7.393710382025576e-07,2.8261231602110235,6.030925694608395e-07,-4.04198211805911e-06
4.520904180836167,PASSED,-0.2975251006891697,-1.0908987551168984e-07,7.34225788510213e-07,2.8261231608120965,5.990525447236043e-07,-4.03871981668598e-06
4.521904380876175,PASSED,-0.29752510079789446,-1.083587007557233e-07,7.291407342707215e-07,2.826123161409141,5.950312296340188e-07,-4.00971193818529e-06
4.522904580916183,PASSED,-0.2975251009058903,-1.0763210842039305e-07,7.248934027032905e-07,2.8261231620021805,5.910407582665703e-07,-3.9776443202904515e-06
4.523904780956191,PASSED,-0.29752510101316193,-1.0691009470946764e-07,7.200939164068121e-07,2.8261231625912457,5.870830387707191e-07,-3.9444362795584995e-06
4.524904980996199,PASSED,-0.297525101119714,-1.0619296407381983e-07,7.151551151418166e-07,2.8261231631763586,5.831419441227006e-07,-3.938866893658502e-06
4.525905181036207,PASSED,-0.29752510122555115,-1.0548048059252211e-07,7.10702392068318e-07,2.8261231637575444,5.792228792795619e-07,-3.905863476125476e-06
4.526905381076215,PASSED,-0.29752510133067817,-1.0477260806226678e-07,7.059859557133275e-07,2.8261231643348306,5.753420526653755e-07,-3.864135372893718e-06
4.527905581116223,PASSED,-0.2975251014350995,-1.0406921124941397e-07,7.016707176124658e-07,2.826123164908241,5.714786542725732e-07,-3.862907072741465e-06
4.528905781156231,PASSED,-0.2975251015388199,-1.0337044557416546e-07,6.968289803392291e-07,2.8261231654778056,5.676415566874854e-07,-3.81989125998522e-06
4.529905981196239,PASSED,-0.2975251016418438,-1.026764692366698e-07,6.920745755999414e-07,2.826123166043542,5.638294533793325e-07,-3.8069113402647075e-06
4.530906181236247,PASSED,-0.2975251017441758,-1.019867712339746e-07,6.881136207587056e-07,2.8261231666054827,5.600449293014887e-07,-3.769599236229789e-06
4.531906381276255,PASSED,-0.2975251018458203,-1.0130142401503565e-07,6.835029510591195e-07,2.8261231671636455,5.562794772039076e-07,-3.7626873384819787e-06
4.532906581316263,PASSED,-0.29752510194678194,-1.0062083040703291e-07,6.786540459651503e-07,2.8261231677180567,5.525360027346953e-07,-3.730665889699391e-06
4.533906781356271,PASSED,-0.297525102047065,-9.994445879872726e-08,6.748499831993178e-07,2.8261231682687473,5.488355674181031e-07,-3.680281601187434e-06
4.534906981396279,PASSED,-0.29752510214667394,-9.927240341883446e-08,6.7019231102179e-07,2.826123168815732,5.451388657283782e-07,-3.7076484154165376e-06
4.535907181436287,PASSED,-0.2975251022456132,-9.860505801818406e-08,6.654474604027939e-07,2.82612316935904,5.414648171355758e-07,-3.651648711059631e-06
4.536907381476295,PASSED,-0.297525102343887,-9.794182115152647e-08,6.617631374941271e-07,2.826123169898695,5.378370081302444e-07,-3.6119158681792513e-06
4.537907581516303,PASSED,-0.29752510244149993,-9.728298800914161e-08,6.568798123120188e-07,2.8261231704347174,5.342126304886353e-07,-3.632685490562369e-06
4.538907781556311,PASSED,-0.297525102538456,-9.662833854971392e-08,6.531625575048015e-07,2.826123170967137,5.306151202250225e-07,-3.5740601123131125e-06
4.539907981596319,PASSED,-0.2975251026347597,-9.597799827929627e-08,6.484587456928751e-07,2.826123171495971,5.270504360077295e-07,-3.5584336206131105e-06
4.540908181636327,PASSED,-0.29752510273041516,-9.533205711415396e-08,6.442627781085929e-07,2.826123172021247,5.234988787550668e-07,-3.5469730073623888e-06
4.541908381676335,PASSED,-0.2975251028254267,-9.46902440685289e-08,6.401798906360448e-07,2.8261231725429856,5.19971311440921e-07,-3.5146301853348443e-06
4.542908581716343,PASSED,-0.2975251029197984,-9.40522744847797e-08,6.364960458246526e-07,2.826123173061212,5.164756515261716e-07,-3.483013067692324e-06
4.543908781756351,PASSED,-0.2975251030135345,-9.341894606179894e-08,6.312166744181511e-07,2.8261231735759464,5.12993654745706e-07,-3.481319255647769e-06
4.544908981796359,PASSED,-0.29752510310663915,-9.278975332845339e-08,6.278434392971407e-07,2.8261231740872166,5.095379873530081e-07,-3.4385661507312683e-06
4.545909181836367,PASSED,-0.2975251031991165,-9.216414621005594e-08,6.241162377976338e-07,2.8261231745950384,5.061041471943532e-07,-3.430689497270491e-06
4.546909381876375,PASSED,-0.29752510329097054,-9.154292350624003e-08,6.192936811614125e-07,2.826123175099442,5.026951554760036e-07,-3.3945265324025473e-06
4.547909581916383,PASSED,-0.2975251033822055,-9.092620502264959e-08,6.150016852097863e-07,2.82612317560044,4.99300015134003e-07,-3.3955495483990975e-06
4.548909781956391,PASSED,-0.29752510347282524,-9.031273276079957e-08,6.124526462768443e-07,2.8261231760980645,4.959377164967444e-07,-3.340131363165101e-06
4.549909981996399,PASSED,-0.29752510356283385,-8.970344462398481e-08,6.071784638400248e-07,2.8261231765923327,4.925987651184776e-07,-3.3381647216678913e-06
4.550910182036407,PASSED,-0.29752510365223545,-8.909878844375624e-08,6.029746578209152e-07,2.826123177083265,4.892645475774453e-07,-3.3315860872752353e-06
4.551910382076415,PASSED,-0.2975251037410338,-8.84973843323135e-08,6.003570805239489e-07,2.8261231775708864,4.859665125060882e-07,-3.2756677274117344e-06
4.552910582116423,PASSED,-0.29752510382923286,-8.789983871144336e-08,5.956713144342584e-07,2.8261231780552167,4.826929510566834e-07,-3.272157264066757e-06
4.553910782156431,PASSED,-0.2975251039168367,-8.730687059648713e-08,5.911659819708898e-07,2.8261231785362777,4.794266774826294e-07,-3.26235111404547e-06
4.554910982196439,PASSED,-0.29752510400384913,-8.671738246487986e-08,5.883695646981957e-07,2.826123179014091,4.761908126368371e-07,-3.218207333623561e-06
4.555911182236447,PASSED,-0.29752510409027405,-8.61315730078659e-08,5.841027185578092e-07,2.8261231794886768,4.7297934483075694e-07,-3.2069747877177855e-06
4.556911382276455,PASSED,-0.2975251041761152,-8.554991084092011e-08,5.800351325377848e-07,2.8261231799600615,4.6978565763758456e-07,-3.1848287968088553e-06
4.557911582316463,PASSED,-0.2975251042613765,-8.497199390603478e-08,5.765048031170321e-07,2.826123180428257,4.6660406423046965e-07,-3.1794364806522935e-06
4.558911782356471,PASSED,-0.2975251043460617,-8.4397707855759e-08,5.728068817149301e-07,2.826123180893292,4.6345473315958773e-07,-3.1292607977016468e-06
4.559911982396479,PASSED,-0.2975251044301746,-8.382728542151185e-08,5.688328026019477e-07,2.826123181355185,4.6033025275046236e-07,-3.1212934834078322e-06
4.560912182436487,PASSED,-0.29752510451371894,-8.326064002087919e-08,5.651871326531655e-07,2.826123181813953,4.5720638126053977e-07,-3.1255901609324957e-06
4.561912382476495,PASSED,-0.29752510459669834,-8.269753482560919e-08,5.617172370145434e-07,2.826123182269621,4.541171345960332e-07,-3.06501766688934e-06
4.562912582516503,PASSED,-0.29752510467911675,-8.213840842993103e-08,5.573991681205572e-07,2.8261231827222084,4.5105640149369054e-07,-3.0578767259782148e-06
4.563912782556511,PASSED,-0.2975251047609776,-8.158271855123502e-08,5.545503524129891e-07,2.826123183171733,4.479931857279866e-07,-3.0667751255210814e-06
4.564912982596519,PASSED,-0.2975251048422846,-8.10304731756112e-08,5.507087244310315e-07,2.826123183618215,4.4495927192406486e-07,-3.012006256188828e-06
4.565913182636527,PASSED,-0.29752510492304146,-8.048235144670515e-08,5.463970652227333e-07,2.826123184061678,4.419616884865193e-07,-2.9879682251166206e-06
4.566913382676535,PASSED,-0.29752510500325174,-7.993768210669216e-08,5.435175232064918e-07,2.8261231845021397,4.3896517372178926e-07,-3.0022124578056643e-06
4.567913582716543,PASSED,-0.297525105082919,-7.93961677752697e-08,5.401788702331141e-07,2.826123184939618,4.35984006405212e-07,-2.967137222425015e-06
4.568913782756551,PASSED,-0.2975251051620469,-7.885865563785198e-08,5.357343155407742e-07,2.826123185374135,4.330415888213875e-07,-2.9259378247574624e-06
4.569913982796559,PASSED,-0.29752510524063885,-7.832464877073348e-08,5.328552348369894e-07,2.8261231858057085,4.301082494435069e-07,-2.9382737466293147e-06
4.570914182836567,PASSED,-0.29752510531869836,-7.77937830826508e-08,5.295393235798344e-07,2.826123186234361,4.2719013861000954e-07,-2.9046688914094653e-06
4.571914382876575,PASSED,-0.29752510539622906,-7.726678353922707e-08,5.25306356652977e-07,2.8261231866601064,4.2429646501490624e-07,-2.886343397565857e-06
4.572914582916583,PASSED,-0.2975251054732343,-7.674316493701801e-08,5.224934325797953e-07,2.8261231870829673,4.214214161379566e-07,-2.8675191965387873e-06
4.573914782956591,PASSED,-0.2975251055497176,-7.622275158925324e-08,5.190266245547462e-07,2.826123187502961,4.1856287413793705e-07,-2.8525572023400375e-06
4.574914982996599,PASSED,-0.2975251056256824,-7.570613314409199e-08,5.150129922322399e-07,2.8261231879201087,4.157263936617721e-07,-2.8257626587149885e-06
4.575915183036607,PASSED,-0.29752510570113205,-7.519270975455607e-08,5.123636544050391e-07,2.8261231883344293,4.129110348602802e-07,-2.8084228966765817e-06
4.576915383076615,PASSED,-0.29752510577606994,-7.468242757801569e-08,5.088945246306075e-07,2.826123188745936,4.1010324978248695e-07,-2.8073598652042264e-06
4.577915583116623,PASSED,-0.29752510585049946,-7.417582493890574e-08,5.050747154295004e-07,2.8261231891546554,4.073252042524733e-07,-2.7585026398865503e-06
4.578915783156631,PASSED,-0.29752510592442394,-7.36725696755243e-08,5.020422953493965e-07,2.826123189560599,4.045636898816066e-07,-2.76352219152013e-06
4.579915983196639,PASSED,-0.2975251059978467,-7.317237601964287e-08,4.989612295694583e-07,2.826123189963786,4.018079168177693e-07,-2.750606978715327e-06
4.580916183236647,PASSED,-0.29752510607077115,-7.267570619439237e-08,4.95142222371175e-07,2.8261231903642368,3.99085009135946e-07,-2.7044414838952585e-06
4.581916383276655,PASSED,-0.2975251061432003,-7.21822024116083e-08,4.924114897259833e-07,2.826123190761972,3.963840042600555e-07,-2.698713803887259e-06
4.582916583316663,PASSED,-0.29752510621513767,-7.169180760044718e-08,4.890503587845573e-07,2.8261231911570035,3.9368108302078436e-07,-2.7057261961936884e-06
4.583916783356671,PASSED,-0.2975251062865864,-7.120488854388868e-08,4.854981884078066e-07,2.826123191549351,3.9100414377007666e-07,-2.657747953717107e-06
4.584916983396679,PASSED,-0.29752510635754964,-7.07211152714492e-08,4.826233284606148e-07,2.8261231919390344,3.883593074795651e-07,-2.6362285150412417e-06
4.585917183436687,PASSED,-0.2975251064280307,-7.024042486364054e-08,4.794017940406794e-07,2.826123192326069,3.8571367845089256e-07,-2.6518960377600773e-06
4.586917383476695,PASSED,-0.2975251064980327,-6.976298868466685e-08,4.7612576892902327e-07,2.826123192710472,3.8308518644623885e-07,-2.612889315916144e-06
4.587917583516703,PASSED,-0.2975251065675589,-6.928870781992333e-08,4.730509286198564e-07,2.8261231930922612,3.804883243438792e-07,-2.5861772933218946e-06
4.588917783556711,PASSED,-0.29752510663661225,-6.881749830465587e-08,4.699819063658531e-07,2.826123193471458,3.7790414976282515e-07,-2.582839439542254e-06
4.589917983596719,PASSED,-0.297525106705196,-6.8349282942119e-08,4.670376666508808e-07,2.826123193848075,3.7532801975317145e-07,-2.5716570563946466e-06
4.590918183636727,PASSED,-0.2975251067733132,-6.78843401255082e-08,4.6354624991741084e-07,2.826123194222127,3.7277136230894345e-07,-2.5466577027835756e-06
4.591918383676735,PASSED,-0.2975251068409669,-6.742250463671887e-08,4.6069498137061794e-07,2.826123194593637,3.702426322591949e-07,-2.5167782810584996e-06
4.592918583716743,PASSED,-0.2975251069081602,-6.696354765518553e-08,4.5779831497515913e-07,2.826123194962616,3.6771819015024825e-07,-2.5295513275388024e-06
4.5939187837567514,PASSED,-0.2975251069748962,-6.650776238367087e-08,4.544432425409966e-07,2.826123195329086,3.6521318352303965e-07,-2.4886434936552146e-06
4.5949189837967594,PASSED,-0.2975251070411778,-6.605490308725568e-08,4.5180333233132284e-07,2.8261231956930595,3.6273068980445205e-07,-2.478393868542535e-06
4.5959191838367675,PASSED,-0.297525107107008,-6.560500467637272e-08,4.486284632507063e-07,2.8261231960545574,3.602618312209454e-07,-2.462501726816034e-06
4.5969193838767755,PASSED,-0.2975251071723899,-6.515811434029037e-08,4.4573158463677823e-07,2.8261231964135893,3.5780136858129576e-07,-2.4591032482054214e-06
4.5979195839167835,PASSED,-0.29752510723732634,-6.471421241527486e-08,4.426821519346552e-07,2.8261231967701783,3.5536744589194796e-07,-2.4171356501094066e-06
4.5989197839567915,PASSED,-0.29752510730182036,-6.427326618522275e-08,4.3978894879708007e-07,2.8261231971243355,3.529479158768998e-07,-2.4211262583406213e-06
4.5999199839967995,PASSED,-0.29752510736587484,-6.383510581959277e-08,4.3707464351857945e-07,2.8261231974760794,3.505365832824543e-07,-2.404803485182101e-06
4.6009201840368075,PASSED,-0.2975251074294927,-6.339993744931413e-08,4.338975214520299e-07,2.8261231978254235,3.481467248245115e-07,-2.379895106449955e-06
4.6019203840768155,PASSED,-0.29752510749267674,-6.29676734056803e-08,4.3117505842168e-07,2.8261231981723904,3.4578188029443697e-07,-2.3548108124908845e-06
4.6029205841168235,PASSED,-0.29752510755542994,-6.253817731207302e-08,4.2837678373102554e-07,2.8261231985169877,3.434155122875075e-07,-2.3740728032218582e-06
4.6039207841568315,PASSED,-0.2975251076177551,-6.211151634072404e-08,4.255170964276196e-07,2.826123198859238,3.4107388519948847e-07,-2.319996611217053e-06
4.6049209841968395,PASSED,-0.29752510767965507,-6.168776877248207e-08,4.2256788278488947e-07,2.8261231991991487,3.3874910867741506e-07,-2.3279631293110004e-06
4.6059211842368475,PASSED,-0.2975251077411326,-6.12667877357249e-08,4.199231394053331e-07,2.826123199536742,3.364337811156103e-07,-2.306903850133935e-06
4.6069213842768555,PASSED,-0.2975251078021906,-6.084869741686532e-08,4.1686843849573657e-07,2.826123199872032,3.341407169964271e-07,-2.283837631882743e-06
4.6079215843168635,PASSED,-0.29752510786283176,-6.043313539997336e-08,4.1469106915613626e-07,2.826123200205032,3.318578993926175e-07,-2.282137585094244e-06
4.6089217843568715,PASSED,-0.29752510792305886,-6.002036603726608e-08,4.11488225074696e-07,2.826123200535759,3.2959077958898017e-07,-2.2571079493326907e-06
4.6099219843968795,PASSED,-0.2975251079828747,-5.961062771396747e-08,4.0857172211455036e-07,2.8261232008642283,3.2734457831112336e-07,-2.2389301635395546e-06
4.6109221844368875,PASSED,-0.2975251080422819,-5.9203322905772857e-08,4.0646019891466035e-07,2.8261232011904522,3.2510430983013287e-07,-2.2411606926244123e-06
4.6119223844768955,PASSED,-0.2975251081012832,-5.879866688206009e-08,4.034532402448325e-07,2.8261232015144486,3.2288204028627186e-07,-2.209675444685416e-06
4.6129225845169035,PASSED,-0.2975251081598813,-5.839698517091228e-08,4.0050069174979667e-07,2.826123201836229,3.206768043610844e-07,-2.202276245522141e-06
4.6139227845569115,PASSED,-0.2975251082180789,-5.7997688507528134e-08,3.984939778070516e-07,2.8261232021558125,3.184864071788771e-07,-2.1824778066640895e-06
4.6149229845969195,PASSED,-0.29752510827587864,-5.760110571196698e-08,3.95308674063892e-07,2.8261232024732084,3.163047464114182e-07,-2.181116074655394e-06
4.6159231846369275,PASSED,-0.2975251083332832,-5.720744609624842e-08,3.925602434883374e-07,2.8261232027884344,3.1414095972744557e-07,-2.1522337568508895e-06
4.6169233846769355,PASSED,-0.2975251083902951,-5.6815987032592177e-08,3.907249437681857e-07,2.826123203101505,3.1199696922919246e-07,-2.138494992521202e-06
4.6179235847169435,PASSED,-0.29752510844691704,-5.6427202793024834e-08,3.8749043676677666e-07,2.8261232034124366,3.0986400600178144e-07,-2.1292753840041913e-06
4.6189237847569515,PASSED,-0.2975251085031515,-5.60412657901562e-08,3.849013802698733e-07,2.8261232037212376,3.077366681537609e-07,-2.1260461573647664e-06
4.6199239847969595,PASSED,-0.2975251085590012,-5.5657691452213776e-08,3.826896430574593e-07,2.8261232040279287,3.056369597640474e-07,-2.0821498779460303e-06
4.6209241848369675,PASSED,-0.29752510861446857,-5.527652391479887e-08,3.8015280031987846e-07,2.826123204332516,3.035429023456298e-07,-2.1019957787318997e-06
4.6219243848769755,PASSED,-0.2975251086695562,-5.4898258339480875e-08,3.7700742531674166e-07,2.8261232046350226,3.0146164969662483e-07,-2.0674238958536558e-06
4.6229245849169835,PASSED,-0.29752510872426663,-5.452219523158165e-08,3.754335629542135e-07,2.826123204935455,2.99400857944714e-07,-2.0563703226156033e-06
4.6239247849569916,PASSED,-0.2975251087786024,-5.4148610059182006e-08,3.723529120299348e-07,2.82612320523383,2.973469064229353e-07,-2.0523389878874693e-06
4.6249249849969996,PASSED,-0.29752510883256583,-5.377776426605319e-08,3.6984104719473824e-07,2.8261232055301595,2.9530809010662077e-07,-2.0298012019326295e-06
4.625925185037008,PASSED,-0.29752510888615963,-5.340936158653415e-08,3.6744376773523674e-07,2.826123205824462,2.932917493951233e-07,-2.0073670512074003e-06
4.626925385077016,PASSED,-0.29752510893938605,-5.304295613964864e-08,3.657132329856936e-07,2.8261232061167445,2.912770491931632e-07,-2.019588969128484e-06
4.627925585117024,PASSED,-0.29752510899224766,-5.267938532780349e-08,3.6214253108479256e-07,2.8261232064070247,2.892759905543745e-07,-1.988705085228852e-06
4.628925785157032,PASSED,-0.2975251090447468,-5.231854531619945e-08,3.599716652835455e-07,2.8261232066953172,2.873030508634897e-07,-1.9624294279888006e-06
4.62992598519704,PASSED,-0.29752510909688595,-5.195941760526922e-08,3.5856507469467553e-07,2.826123206981628,2.8532448260279044e-07,-1.989327482506358e-06
4.630926185237048,PASSED,-0.29752510914866753,-5.160298836198953e-08,3.550053556697137e-07,2.8261232072659785,2.833650594806438e-07,-1.9394868819068614e-06
4.631926385277056,PASSED,-0.29752510920009384,-5.124925008994002e-08,3.5289354963602903e-07,2.8261232075483766,2.8142949972954835e-07,-1.9329416638878335e-06
4.632926585317064,PASSED,-0.29752510925116726,-5.089732276779659e-08,3.512831704816951e-07,2.8261232078288385,2.7949430853150415e-07,-1.936690887481806e-06
4.633926785357072,PASSED,-0.2975251093018902,-5.054788729072113e-08,3.482036814713052e-07,2.826123208107374,2.7757171749531146e-07,-1.913191135333252e-06
4.63492698539708,PASSED,-0.29752510935226495,-5.020116105022088e-08,3.457412798528768e-07,2.826123208383998,2.7567188482318085e-07,-1.8909270299955344e-06
4.635927185437088,PASSED,-0.2975251094022938,-4.9856238465822384e-08,3.44376787428896e-07,2.8261232086587227,2.737781860399922e-07,-1.8955466186508237e-06
4.636927385477096,PASSED,-0.2975251094519791,-4.951371885629695e-08,3.412814909231234e-07,2.8261232089315618,2.7189540750141805e-07,-1.8742664851895652e-06
4.637927585517104,PASSED,-0.29752510950132316,-4.917387897477281e-08,3.3887880859148845e-07,2.826123209202526,2.7002956611211847e-07,-1.8602246587062428e-06
4.638927785557112,PASSED,-0.29752510955032824,-4.88359030368631e-08,3.373740241218509e-07,2.8261232094716298,2.681752032564324e-07,-1.8504549870059008e-06
4.63992798559712,PASSED,-0.29752510959899653,-4.8500171097517754e-08,3.3463721616100714e-07,2.826123209738883,2.6632951824718817e-07,-1.8425050240698385e-06
4.640928185637128,PASSED,-0.29752510964733037,-4.816702636516251e-08,3.321497431513986e-07,2.8261232100043,2.6450003585151326e-07,-1.8208006434116755e-06
4.641928385677136,PASSED,-0.2975251096953319,-4.783573403179679e-08,3.3072072684193574e-07,2.826123210267893,2.626838397675889e-07,-1.8131263775994737e-06
4.642928585717144,PASSED,-0.29752510974300345,-4.7506713767333296e-08,3.27886622877862e-07,2.826123210529673,2.608753396873936e-07,-1.805415881925856e-06
4.643928785757152,PASSED,-0.2975251097903471,-4.718012784543799e-08,3.25718787906928e-07,2.8261232107896523,2.5907919361282733e-07,-1.789966202993187e-06
4.64492898579716,PASSED,-0.29752510983736513,-4.685553468930334e-08,3.2384273495313434e-07,2.826123211047844,2.5730074931386544e-07,-1.7707630296077234e-06
4.645929185837168,PASSED,-0.29752510988405967,-4.65330926131209e-08,3.2150830366864004e-07,2.8261232113042585,2.555285658851333e-07,-1.773130361481733e-06
4.646929385877176,PASSED,-0.29752510993043285,-4.621287624369855e-08,3.193550799248238e-07,2.8261232115589086,2.537672977998232e-07,-1.753359901195585e-06
4.647929585917184,PASSED,-0.29752510997648696,-4.589486364402677e-08,3.171176128364157e-07,2.826123211811808,2.520275695119347e-07,-1.730640545683776e-06
4.648929785957192,PASSED,-0.297525110022224,-4.5578850908697686e-08,3.1527615032419457e-07,2.8261232120629654,2.502891278824554e-07,-1.7436423520096219e-06
4.6499299859972,PASSED,-0.29752511006764615,-4.526495288899479e-08,3.12979265955375e-07,2.8261232123123925,2.485599612860555e-07,-1.719516092660076e-06
4.650930186037208,PASSED,-0.2975251101127554,-4.495315295225758e-08,3.110137172584345e-07,2.826123212560103,2.468562279715595e-07,-1.693211462386582e-06
4.651930386077216,PASSED,-0.297525110157554,-4.4643573350891e-08,3.0862352410534987e-07,2.826123212806106,2.4515363477982506e-07,-1.7088476779663182e-06
4.652930586117224,PASSED,-0.297525110202044,-4.433597485011965e-08,3.069151518820187e-07,2.826123213050414,2.434581347484751e-07,-1.6866016002724117e-06
4.653930786157232,PASSED,-0.29752511024622735,-4.4030344694892186e-08,3.0477349079108537e-07,2.826123213293041,2.4178888259177186e-07,-1.6576858609904733e-06
4.65493098619724,PASSED,-0.2975251102901062,-4.372688426475818e-08,3.025850563626219e-07,2.826123213533993,2.401196041987229e-07,-1.6770067477546642e-06
4.655931186237248,PASSED,-0.29752511033368256,-4.342537097099687e-08,3.0079878536043383e-07,2.826123213773286,2.3846048169577793e-07,-1.647199673071793e-06
4.656931386277256,PASSED,-0.29752511037695845,-4.312593030909159e-08,2.985352462685162e-07,2.8261232140109267,2.3681944233823504e-07,-1.6369324805236049e-06
4.657931586317264,PASSED,-0.2975251104199359,-4.2828533677201484e-08,2.966375556378325e-07,2.8261232142469312,2.3518746553708244e-07,-1.6286730149052604e-06
4.658931786357272,PASSED,-0.2975251104626169,-4.253311181437457e-08,2.9461140095296623e-07,2.8261232144813055,2.3356082214864406e-07,-1.6252903041271057e-06
4.65993198639728,PASSED,-0.29752511050500347,-4.223959420701804e-08,2.927884116255789e-07,2.8261232147140642,2.3195151567820938e-07,-1.5986505813063888e-06
4.660932186437288,PASSED,-0.2975251105470975,-4.194804122561725e-08,2.9072936125093666e-07,2.826123214945217,2.3035397866007843e-07,-1.5967946426806932e-06
4.661932386477296,PASSED,-0.297525110588901,-4.1658570937193925e-08,2.886309065382516e-07,2.826123215174775,2.2876070281238395e-07,-1.5909299843702944e-06
4.662932586517304,PASSED,-0.297525110630416,-4.1370968362404016e-08,2.86917020291019e-07,2.826123215402745,2.2717731540029988e-07,-1.5783590305599492e-06
4.663932786557312,PASSED,-0.2975251106716443,-4.108521937373067e-08,2.8497030092823876e-07,2.8261232156291434,2.2561463587259648e-07,-1.552226525799056e-06
4.66493298659732,PASSED,-0.2975251107125878,-4.080140900085295e-08,2.830370875107047e-07,2.826123215853979,2.240580557834801e-07,-1.559482464661228e-06
4.665933186637328,PASSED,-0.29752511075324856,-4.051965326518747e-08,2.809015011020001e-07,2.82612321607726,2.225019812423482e-07,-1.5538025921124008e-06
4.666933386677336,PASSED,-0.2975251107936284,-4.0239687157947456e-08,2.79342511332019e-07,2.826123216298999,2.2096916204318344e-07,-1.5188302705330091e-06
4.667933586717344,PASSED,-0.2975251108337292,-3.996145448406037e-08,2.774927822571284e-07,2.8261232165192074,2.1944783902350153e-07,-1.5229848524478737e-06
4.668933786757352,PASSED,-0.29752511087355277,-3.9685243496030695e-08,2.7535645854470806e-07,2.826123216737891,2.1792016758931503e-07,-1.5307958220122584e-06
4.66993398679736,PASSED,-0.2975251109131012,-3.941115164357257e-08,2.7324878173373855e-07,2.826123216955063,2.164147517953509e-07,-1.4884957752653613e-06
4.670934186837368,PASSED,-0.29752511095237605,-3.9138444394520304e-08,2.723462272646192e-07,2.826123217170736,2.1492961068975907e-07,-1.4829046591428283e-06
4.671934386877376,PASSED,-0.2975251109913793,-3.886746310837263e-08,2.7007132540304567e-07,2.826123217384914,2.1343201394636931e-07,-1.507391466221038e-06
4.672934586917384,PASSED,-0.2975251110301128,-3.8598986568371836e-08,2.6741334973263316e-07,2.826123217597613,2.1195584071466748e-07,-1.4553610753557077e-06
4.673934786957392,PASSED,-0.2975251110685783,-3.833192171765605e-08,2.6683251803788836e-07,2.826123217808839,2.1049739471375142e-07,-1.4605026179562834e-06
4.6749349869974,PASSED,-0.29752511110677765,-3.8066300988948594e-08,2.6481286915384054e-07,2.826123218018606,2.0903763118496805e-07,-1.4592708026681401e-06
4.675935187037408,PASSED,-0.2975251111447126,-3.780301846116693e-08,2.62262300200214e-07,2.8261232182269183,2.0758386645926074e-07,-1.450094007733423e-06
4.676935387077416,PASSED,-0.29752511118238495,-3.7541470099904223e-08,2.610724019710391e-07,2.8261232184337883,2.06150642206344e-07,-1.4219777497056307e-06
4.677935587117424,PASSED,-0.29752511121979647,-3.728131379398737e-08,2.5954557521405995e-07,2.826123218639228,2.0472827826517137e-07,-1.422621402150638e-06
4.678935787157432,PASSED,-0.2975251112569489,-3.7023188207627264e-08,2.5717892712413337e-07,2.8261232188432444,2.033045473403503e-07,-1.4244706066013493e-06
4.67993598719744,PASSED,-0.297525111293844,-3.676677595313722e-08,2.559011394006467e-07,2.8261232190458476,2.018965287811597e-07,-1.3970505275834422e-06
4.680936187237448,PASSED,-0.2975251113304835,-3.651181924286743e-08,2.543270908492289e-07,2.8261232192470462,2.0050006323788883e-07,-1.3960755537292035e-06
4.681936387277456,PASSED,-0.2975251113668691,-3.625900018665586e-08,2.518136997864687e-07,2.8261232194468517,1.9910927759410347e-07,-1.3872590371561507e-06
4.682936587317464,PASSED,-0.2975251114030025,-3.600761082262859e-08,2.511064735211344e-07,2.8261232196452735,1.9773127874790504e-07,-1.3718253855599447e-06
4.683936787357472,PASSED,-0.29752511143888544,-3.575788725724661e-08,2.488016266225473e-07,2.826123219842318,1.9635822965500362e-07,-1.3738648977957147e-06
4.68493698739748,PASSED,-0.2975251114745196,-3.551003876339636e-08,2.472130720020384e-07,2.8261232200379975,1.949969143232785e-07,-1.3529489543447233e-06
4.685937187437488,PASSED,-0.29752511150990657,-3.5263617808865614e-08,2.45892876216555e-07,2.8261232202323168,1.9364246642239236e-07,-1.3554471985804292e-06
4.686937387477496,PASSED,-0.2975251115450481,-3.5019064988899734e-08,2.4365944913209014e-07,2.8261232204252917,1.923025611878786e-07,-1.3295439251360044e-06
4.687937587517504,PASSED,-0.2975251115799459,-3.47762254622043e-08,2.422929117376619e-07,2.8261232206169282,1.9097092112956354e-07,-1.3330374804344021e-06
4.688937787557512,PASSED,-0.29752511161460143,-3.453466517061086e-08,2.4107187816396335e-07,2.8261232208072324,1.8963828850772918e-07,-1.332362716100967e-06
4.68993798759752,PASSED,-0.2975251116490165,-3.429500881218923e-08,2.3871267859341204e-07,2.8261232209962173,1.883256803861981e-07,-1.2994383918178256e-06
4.690938187637528,PASSED,-0.2975251116831927,-3.4057060397752886e-08,2.37438904998299e-07,2.8261232211838894,1.870203143311287e-07,-1.3093178305704132e-06
4.691938387677536,PASSED,-0.29752511171713164,-3.3820603705852697e-08,2.3580188316811678e-07,2.8261232213702585,1.8571581011577383e-07,-1.3012951385445194e-06
4.692938587717544,PASSED,-0.2975251117508349,-3.3585567377151754e-08,2.3452595905616723e-07,2.8261232215553354,1.8443193213966214e-07,-1.272266534489843e-06
4.693938787757552,PASSED,-0.297525111784304,-3.335222197884514e-08,2.3255835780691838e-07,2.8261232217391243,1.831494017527749e-07,-1.2893729551521694e-06
4.69493898779756,PASSED,-0.2975251118175406,-3.3120613006199416e-08,2.309760492049216e-07,2.8261232219216366,1.818710329513445e-07,-1.2710326989492044e-06
4.695939187837568,PASSED,-0.2975251118505463,-3.2890492686874095e-08,2.2954983273893022e-07,2.8261232221028822,1.80615091296105e-07,-1.2458809594330368e-06
4.696939387877576,PASSED,-0.2975251118833226,-3.266180697530329e-08,2.2810963079205167e-07,2.826123222282869,1.7936156877201347e-07,-1.2586169005304993e-06
4.697939587917584,PASSED,-0.297525111915871,-3.2434723622019525e-08,2.263991682782388e-07,2.8261232224616024,1.7810471991565678e-07,-1.2556701602408333e-06
4.698939787957592,PASSED,-0.2975251119481932,-3.220936477742321e-08,2.2466529547503785e-07,2.826123222639093,1.768694603663761e-07,-1.2216524753072277e-06
4.6999399879976,PASSED,-0.2975251119802906,-3.198527885948485e-08,2.2369966624724437e-07,2.8261232228153514,1.7564729304992297e-07,-1.2225105438837376e-06
4.700940188037608,PASSED,-0.29752511201216475,-3.1762679772868044e-08,2.218653668631873e-07,2.826123222990384,1.7441862283699113e-07,-1.2327766589639283e-06
4.701940388077616,PASSED,-0.29752511204381715,-3.1541813948977454e-08,2.2019946190885725e-07,2.8261232231641955,1.7320018415241674e-07,-1.2088800349813497e-06
4.702940588117624,PASSED,-0.29752511207524934,-3.13223646318479e-08,2.1894922061002917e-07,2.8261232233368,1.7200447996177952e-07,-1.186920294407779e-06
4.703940788157632,PASSED,-0.29752511210646276,-3.11042470122663e-08,2.175632188959726e-07,2.826123223508205,1.708089961402845e-07,-1.201192839553178e-06
4.70494098819764,PASSED,-0.2975251121374589,-3.0887707784663464e-08,2.1585656674074896e-07,2.826123223678414,1.6960799805307187e-07,-1.2008682523189308e-06
4.705941188237648,PASSED,-0.2975251121682393,-3.067278303631444e-08,2.1430353608787138e-07,2.826123223847442,1.684375472879931e-07,-1.1501724402520052e-06
4.706941388277656,PASSED,-0.29752511219880534,-3.045905862867753e-08,2.1333832200293545e-07,2.8261232240152885,1.6726384181533426e-07,-1.1893941609300415e-06
4.707941588317664,PASSED,-0.2975251122291585,-3.024689509322747e-08,2.113803444148056e-07,2.826123224181967,1.660886098668267e-07,-1.1657904735592836e-06
4.708941788357672,PASSED,-0.29752511225930023,-3.0036244127895626e-08,2.1016471260986935e-07,2.826123224347485,1.6494119916560918e-07,-1.1351575196563278e-06
4.70994198839768,PASSED,-0.29752511228923195,-2.9826887032845986e-08,2.0881868334282232e-07,2.826123224511851,1.637939555258047e-07,-1.1553010532366107e-06
4.710942188437688,PASSED,-0.29752511231895507,-2.961907319212549e-08,2.0714394563894472e-07,2.8261232246750687,1.626411064126166e-07,-1.1512144864890884e-06
4.711942388477696,PASSED,-0.297525112348471,-2.9412575157892848e-08,2.0606742662843981e-07,2.826123224837152,1.6151671821253201e-07,-1.1065040091482815e-06
4.712942588517704,PASSED,-0.29752511237778123,-2.9207497151587327e-08,2.0441839275691218e-07,2.8261232249981036,1.6039282443557475e-07,-1.135486955496564e-06
4.713942788557712,PASSED,-0.297525112406887,-2.900380530043208e-08,2.0320749008746622e-07,2.826123225157932,1.592611193119393e-07,-1.129183902394682e-06
4.71494298859772,PASSED,-0.2975251124357898,-2.880149741855977e-08,2.0170814306220934e-07,2.8261232253166466,1.5815959985830434e-07,-1.083076487795115e-06
4.715943188637728,PASSED,-0.29752511246449104,-2.8600636658655115e-08,2.0029583779961408e-07,2.8261232254742534,1.570600242108103e-07,-1.1105750872933397e-06
4.716943388677736,PASSED,-0.29752511249299196,-2.8401053916499533e-08,1.9910734505956144e-07,2.8261232256307625,1.5595587708209645e-07,-1.0998618229941861e-06
4.717943588717744,PASSED,-0.2975251125212941,-2.8202893213038064e-08,1.97529609062742e-07,2.826123225786179,1.5487175205631958e-07,-1.0736338276320145e-06
4.718943788757752,PASSED,-0.2975251125493986,-2.8005924760496936e-08,1.9659434819338788e-07,2.8261232259405102,1.5379318695396672e-07,-1.0818526188334534e-06
4.71994398879776,PASSED,-0.29752511257730696,-2.781037106199061e-08,1.9485993204828316e-07,2.8261232260937645,1.527152501501399e-07,-1.0753262604890894e-06
4.720944188837768,PASSED,-0.29752511260502046,-2.7616308771743745e-08,1.9353052904592028e-07,2.826123226245947,1.5164669262442123e-07,-1.0640450358717529e-06
4.721944388877776,PASSED,-0.29752511263254044,-2.7423429401214137e-08,1.9244526485206483e-07,2.8261232263970677,1.5059245591441422e-07,-1.0476978260971656e-06
4.722944588917784,PASSED,-0.2975251126598681,-2.72316014871797e-08,1.914163468226866e-07,2.8261232265471365,1.49545426791893e-07,-1.0465833201372504e-06
4.723944788957792,PASSED,-0.29752511268700493,-2.704160783759903e-08,1.8904518475265745e-07,2.8261232266961533,1.4849155270374056e-07,-1.058734600162569e-06
4.7249449889978,PASSED,-0.2975251127139521,-2.6852701492280054e-08,1.8881378569652012e-07,2.8261232268441283,1.474515696023789e-07,-1.0274821021610502e-06
4.725945189037808,PASSED,-0.297525112740711,-2.6664768301951506e-08,1.8734612674990055e-07,2.826123226991069,1.4642906014970982e-07,-1.0191943530077712e-06
4.726945389077816,PASSED,-0.2975251127672828,-2.6478438194172074e-08,1.856527617991183e-07,2.8261232271369843,1.4540360955958465e-07,-1.0296214148700886e-06
4.727945589117824,PASSED,-0.2975251127936687,-2.6293316536964156e-08,1.847675874804482e-07,2.82612322728188,1.4438391978679165e-07,-1.0130686780749778e-06
4.728945789157832,PASSED,-0.2975251128198702,-2.6109474504163762e-08,1.8322499634702528e-07,2.826123227425759,1.43373212218213e-07,-1.0091334955811045e-06
4.72994598919784,PASSED,-0.2975251128458885,-2.592691585773028e-08,1.821144131577857e-07,2.8261232275686337,1.4237317793987078e-07,-9.939681335162762e-07
4.730946189237848,PASSED,-0.29752511287172473,-2.574536638777503e-08,1.8117284115356115e-07,2.8261232277105104,1.413797693354856e-07,-9.930355849644389e-07
4.731946389277856,PASSED,-0.29752511289738015,-2.556517470989697e-08,1.7953756902772646e-07,2.826123227851393,1.4038553768023385e-07,-9.950290354433156e-07
4.732946589317864,PASSED,-0.2975251129228561,-2.5386426639748494e-08,1.7822173756231232e-07,2.826123227991289,1.3940209640905317e-07,-9.757160950056066e-07
4.733946789357872,PASSED,-0.2975251129481537,-2.5208652863281017e-08,1.7747513573758822e-07,2.8261232281302058,1.3842964778962338e-07,-9.702703023792365e-07
4.73494698939788,PASSED,-0.29752511297327416,-2.503198497532451e-08,1.761297227691187e-07,2.8261232282681514,1.3746084402893555e-07,-9.678260662269053e-07
4.735947189437888,PASSED,-0.29752511299821877,-2.485684855275999e-08,1.7447422242812776e-07,2.8261232284051285,1.364931282684949e-07,-9.676422232498315e-07
4.736947389477896,PASSED,-0.2975251130229887,-2.4682797484571265e-08,1.7376896536245446e-07,2.8261232285411486,1.3554118494252558e-07,-9.414773944490134e-07
4.737947589517904,PASSED,-0.29752511304758505,-2.4509726374232448e-08,1.726058736563922e-07,2.8261232286762157,1.3459488520537026e-07,-9.495146322928733e-07
4.738947789557912,PASSED,-0.29752511307200913,-2.4338088639433987e-08,1.7099230889317616e-07,2.8261232288103355,1.3364475875981171e-07,-9.505343210690084e-07
4.73994798959792,PASSED,-0.29752511309626206,-2.416758999878512e-08,1.7016952848599686e-07,2.8261232289435174,1.327132006704312e-07,-9.189072682548583e-07
4.740948189637928,PASSED,-0.297525113120345,-2.3998032850045094e-08,1.6914889557604428e-07,2.826123229075765,1.317847298501039e-07,-9.348465217088918e-07
4.741948389677936,PASSED,-0.29752511314425906,-2.3829790238939476e-08,1.676384214586664e-07,2.8261232292070844,1.3085292146490758e-07,-9.297829608546353e-07
4.742948589717944,PASSED,-0.29752511316800545,-2.3662759375103734e-08,1.6662582542045884e-07,2.8261232293374827,1.299380812612295e-07,-9.048783655603943e-07
4.743948789757952,PASSED,-0.29752511319158537,-2.3496857175611112e-08,1.6541978220739746e-07,2.8261232294669694,1.2903491130198925e-07,-9.020310216934979e-07
4.74494898979796,PASSED,-0.2975251132149998,-2.3331889456487143e-08,1.6466634373501967e-07,2.826123229595547,1.2812339058865457e-07,-9.178471744288169e-07
4.745949189837968,PASSED,-0.29752511323825004,-2.316820744649176e-08,1.6302578750229627e-07,2.8261232297232204,1.27219054539674e-07,-8.953286320150422e-07
4.746949389877976,PASSED,-0.2975251132613371,-2.300577057406313e-08,1.6204426237952033e-07,2.8261232298499985,1.263341108135859e-07,-8.780204554701835e-07
4.747949589917984,PASSED,-0.2975251132842621,-2.2844168454827357e-08,1.613073571399395e-07,2.826123229975886,1.254449701610906e-07,-8.965541171787e-07
4.748949789957992,PASSED,-0.2975251133070263,-2.2683780559723457e-08,1.597749204132101e-07,2.8261232301008943,1.245662306304156e-07,-8.668631396725598e-07
4.749949989998,PASSED,-0.29752511332963055,-2.2524554063804985e-08,1.5886087958864866e-07,2.8261232302250217,1.2369104405046233e-07,-8.807355401403867e-07
4.750950190038008,PASSED,-0.2975251133520761,-2.236635534351089e-08,1.5775728076439222e-07,2.826123230348275,1.2281477633912037e-07,-8.732891588096565e-07
4.751950390078016,PASSED,-0.29752511337436405,-2.2209295022693163e-08,1.5659568085328314e-07,2.8261232304706674,1.2196298581845476e-07,-8.374580952362563e-07
4.752950590118024,PASSED,-0.2975251133964953,-2.2053098053514394e-08,1.559311613957584e-07,2.8261232305921964,1.211027575381539e-07,-8.754084036772415e-07
4.753950790158032,PASSED,-0.29752511341847115,-2.1898323046173406e-08,1.5400423797114047e-07,2.826123230712873,1.2024506634481007e-07,-8.458797197882248e-07
4.75495099019804,PASSED,-0.2975251134402926,-2.1744465718520402e-08,1.5375938744091355e-07,2.8261232308327013,1.1940836358157677e-07,-8.30584792196697e-07
4.755951190238048,PASSED,-0.2975251134619607,-2.1591490111908073e-08,1.5245308605994184e-07,2.826123230951688,1.1856800294917543e-07,-8.468778592044098e-07
4.756951390278056,PASSED,-0.2975251134834764,-2.143963059743632e-08,1.5146380007963282e-07,2.8261232310698374,1.1772847242505609e-07,-8.3463230072931e-07
4.757951590318064,PASSED,-0.2975251135048408,-2.1288902014759746e-08,1.5023843774120128e-07,2.826123231187159,1.1690949093959787e-07,-8.085476086108059e-07
4.758951790358072,PASSED,-0.29752511352605493,-2.1139167419527993e-08,1.4939870022545378e-07,2.826123231303653,1.1608446380814238e-07,-8.360134800186067e-07
4.75995199039808,PASSED,-0.29752511354711986,-2.0990460181262095e-08,1.4824626362618966e-07,2.8261232314193263,1.1525868824047913e-07,-8.189502927596798e-07
4.760952190438088,PASSED,-0.2975251135680366,-2.084274558266774e-08,1.473601552397971e-07,2.8261232315341864,1.144565405493432e-07,-7.909459567201279e-07
4.761952390478096,PASSED,-0.2975251135888061,-2.0696027622860745e-08,1.4628982951846e-07,2.8261232316482388,1.1365302441997701e-07,-8.118962444635397e-07
4.762952590518104,PASSED,-0.2975251136094295,-2.0550510058363488e-08,1.4500272114979136e-07,2.826123231761488,1.1284429439603423e-07,-8.066192102622782e-07
4.763952790558112,PASSED,-0.29752511362990774,-2.0405834630871602e-08,1.444572317199477e-07,2.826123231873942,1.1205664317483026e-07,-7.750058951650962e-07
4.76495299059812,PASSED,-0.2975251136502417,-2.0261935091043008e-08,1.435277452343576e-07,2.8261232319856022,1.1126807112253893e-07,-7.976161570421583e-07
4.765953190638128,PASSED,-0.2975251136704326,-2.0119456314688545e-08,1.417794637678651e-07,2.826123232096476,1.1047763001344902e-07,-7.856577437883923e-07
4.766953390678136,PASSED,-0.29752511369048124,-1.997777589818082e-08,1.4161438500096287e-07,2.82612323220657,1.0970484863177486e-07,-7.64197140264664e-07
4.767953590718144,PASSED,-0.2975251137103886,-1.983675227722106e-08,1.4062977826562627e-07,2.826123232315888,1.089334920399072e-07,-7.761295596029902e-07
4.768953790758152,PASSED,-0.2975251137301557,-1.9697171730569466e-08,1.3888105890890435e-07,2.8261232324244356,1.0816110099795184e-07,-7.69898696856941e-07
4.76995399079816,PASSED,-0.2975251137497836,-1.9558479340180223e-08,1.3856661137613638e-07,2.8261232325322188,1.0740147003237709e-07,-7.527858113866294e-07
4.770954190838168,PASSED,-0.29752511376927304,-1.9420312750686796e-08,1.378999082382896e-07,2.8261232326392434,1.0664738325919358e-07,-7.549540810481007e-07
4.771954390878176,PASSED,-0.2975251137886251,-1.9283495280679697e-08,1.3609584451963597e-07,2.826123232745509,1.0588630482311098e-07,-7.651613394389279e-07
4.772954590918184,PASSED,-0.29752511380784075,-1.9147616470711744e-08,1.3573412026683137e-07,2.8261232328510304,1.0514740143264456e-07,-7.213980911514241e-07
4.773954790958192,PASSED,-0.2975251138269209,-1.901240031153897e-08,1.3487085177673464e-07,2.8261232329558066,1.0440986701914235e-07,-7.482919617360516e-07
4.7749549909982,PASSED,-0.2975251138458664,-1.887832396841965e-08,1.3354667068104352e-07,2.8261232330598416,1.0366016968896046e-07,-7.506342424791193e-07
4.775955191038208,PASSED,-0.2975251138646782,-1.8745177846922635e-08,1.3287908870766258e-07,2.826123233163144,1.0293527806944734e-07,-7.077298708691237e-07
4.776955391078216,PASSED,-0.2975251138833574,-1.8612893875660303e-08,1.3188722629877414e-07,2.826123233265717,1.022146614119611e-07,-7.292078485643117e-07
4.777955591118224,PASSED,-0.29752511390190467,-1.8481503827988755e-08,1.3105859525339498e-07,2.826123233367565,1.0148274618262277e-07,-7.337201498543466e-07
4.778955791158232,PASSED,-0.297525113920321,-1.8350951833369857e-08,1.3021426086256604e-07,2.826123233468696,1.0077068402842929e-07,-6.976234904195625e-07
4.779955991198239,PASSED,-0.2975251139386073,-1.8221499474323887e-08,1.2894442450156984e-07,2.826123233569113,1.0006618376013587e-07,-7.090847868759813e-07
4.780956191238247,PASSED,-0.29752511395676456,-1.809287938636495e-08,1.2840386359718075e-07,2.8261232336688202,9.93512307054317e-08,-7.188652332562984e-07
4.781956391278255,PASSED,-0.2975251139747935,-1.7964927796431155e-08,1.276500741582042e-07,2.8261232337678233,9.864932888589775e-08,-6.90592877052368e-07
4.782956591318263,PASSED,-0.2975251139926951,-1.7838039908986224e-08,1.2637976296941251e-07,2.8261232338661255,9.795617594488332e-08,-6.948596503224725e-07
4.783956791358271,PASSED,-0.2975251140104702,-1.771199548878703e-08,1.2582085835237964e-07,2.826123233963735,9.726242024133439e-08,-6.930197390332396e-07
4.784956991398279,PASSED,-0.2975251140281197,-1.7586810929122334e-08,1.247603605395757e-07,2.8261232340606544,9.657508710902496e-08,-6.835420611602204e-07
4.785957191438287,PASSED,-0.2975251140456444,-1.746245130961081e-08,1.2409245882615612e-07,2.8261232341568885,9.589241755451241e-08,-6.820878834140929e-07
4.786957391478295,PASSED,-0.29752511406304527,-1.7339007673563395e-08,1.2301108752825275e-07,2.8261232342524414,9.521259324280416e-08,-6.783152639043424e-07
4.787957591518303,PASSED,-0.2975251140803231,-1.721652043579697e-08,1.2213800459187655e-07,2.8261232343473206,9.454254881180554e-08,-6.645305423948121e-07
4.788957791558311,PASSED,-0.2975251140974787,-1.7094700480273917e-08,1.216079228105024e-07,2.8261232344415252,9.386968052574236e-08,-6.784267818420838e-07
4.789957991598319,PASSED,-0.29752511411451305,-1.6973717545860476e-08,1.2056627548206634e-07,2.8261232345350695,9.321154637211471e-08,-6.44605734818022e-07
4.790958191638327,PASSED,-0.29752511413142685,-1.6853711405702647e-08,1.1963271660834023e-07,2.826123234627948,9.255116537447187e-08,-6.70897839526045e-07
4.791958391678335,PASSED,-0.29752511414822086,-1.6734304930786014e-08,1.1925564712216143e-07,2.82612323472017,9.188893272113863e-08,-6.56455862538039e-07
4.792958591718343,PASSED,-0.2975251141648962,-1.6615991359142484e-08,1.176855213244405e-07,2.8261232348117376,9.124317328746228e-08,-6.386284811018845e-07
4.793958791758351,PASSED,-0.29752511418145333,-1.6498367672467925e-08,1.17582463574641e-07,2.8261232349026586,9.060048474532561e-08,-6.45395249493191e-07
4.794958991798359,PASSED,-0.2975251141978933,-1.6381432361375968e-08,1.1650387610349973e-07,2.8261232349929353,8.995364162127407e-08,-6.478083737570944e-07
4.795959191838367,PASSED,-0.2975251142142169,-1.6265534348071545e-08,1.1549410477170838e-07,2.8261232350825756,8.932107944661831e-08,-6.223980419215264e-07
4.796959391878375,PASSED,-0.2975251142304249,-1.6150288806739664e-08,1.1507983237199141e-07,2.826123235171578,8.868802521926479e-08,-6.401583509748364e-07
4.797959591918383,PASSED,-0.29752511424651806,-1.6035787116358935e-08,1.1411626238655684e-07,2.8261232352599515,8.805574601464189e-08,-6.270264403882922e-07
4.798959791958391,PASSED,-0.29752511426249717,-1.5922171629170104e-08,1.1328163705701098e-07,2.8261232353476986,8.743648671780718e-08,-6.140812011323149e-07
4.799959991998399,PASSED,-0.29752511427836303,-1.580941133305116e-08,1.1241273549356838e-07,2.8261232354348222,8.681398001323811e-08,-6.281237068602473e-07
4.800960192038407,PASSED,-0.2975251142941165,-1.569735322832634e-08,1.118216842123251e-07,2.8261232355213295,8.61968367019303e-08,-6.098230476061905e-07
4.801960392078415,PASSED,-0.29752511430975825,-1.5586038994084524e-08,1.1097593426147552e-07,2.826123235607224,8.559082288080908e-08,-6.034743367979145e-07
4.802960592118423,PASSED,-0.2975251143252891,-1.5475567803294125e-08,1.1013469514301572e-07,2.8261232356925103,8.498356469189755e-08,-6.097807569872885e-07
4.803960792158431,PASSED,-0.2975251143407099,-1.5365800268930323e-08,1.0952276051099246e-07,2.8261232357771897,8.437477022217847e-08,-6.081369448736009e-07
4.804960992198439,PASSED,-0.29752511435602125,-1.525670836340928e-08,1.0880466886107727e-07,2.826123235861268,8.37778355773914e-08,-5.894664447294017e-07
4.805961192238447,PASSED,-0.297525114371224,-1.5148551179176993e-08,1.077255278130937e-07,2.8261232359447512,8.318822795741763e-08,-5.897017368033561e-07
4.806961392278455,PASSED,-0.29752511438631885,-1.5041042543728242e-08,1.0736404053919307e-07,2.826123236027644,8.259771084670716e-08,-5.910606933152043e-07
4.807961592318463,PASSED,-0.29752511440130663,-1.4934346622550334e-08,1.0625050827038274e-07,2.826123236109947,8.200787604260612e-08,-5.890175446249428e-07
4.808961792358471,PASSED,-0.29752511441618795,-1.4828303011321528e-08,1.05905679867756e-07,2.8261232361916644,8.142439908085462e-08,-5.797832398358592e-07
4.809961992398479,PASSED,-0.2975251144309637,-1.4722970555510812e-08,1.0495030643935872e-07,2.8261232362728035,8.085143968827723e-08,-5.684101610717358e-07
4.810962192438487,PASSED,-0.2975251144456345,-1.46184992001749e-08,1.0415205460027838e-07,2.8261232363533644,8.027369749606905e-08,-5.839635462991641e-07
4.811962392478495,PASSED,-0.2975251144602011,-1.4514608839590048e-08,1.0371589790790224e-07,2.8261232364333555,7.970378634126669e-08,-5.605428938044816e-07
4.812962592518503,PASSED,-0.29752511447466423,-1.4411470587195944e-08,1.0275315538490199e-07,2.826123236512776,7.913834643622368e-08,-5.68704579202053e-07
4.813962792558511,PASSED,-0.29752511448902463,-1.4309150079742422e-08,1.0203207549927008e-07,2.8261232365916347,7.85767663178514e-08,-5.568304778190915e-07
4.814962992598519,PASSED,-0.297525114503283,-1.4207466646614985e-08,1.0145100487954812e-07,2.8261232366699325,7.801889654133862e-08,-5.585626423085743e-07
4.815963192638527,PASSED,-0.29752511451744007,-1.4106452268304602e-08,1.0072329393093942e-07,2.826123236747674,7.746322382981954e-08,-5.537460909927448e-07
4.816963392678535,PASSED,-0.29752511453149644,-1.4006199435576436e-08,9.99391919263184e-08,2.8261232368248623,7.691281802430255e-08,-5.481789485331563e-07
4.817963592718543,PASSED,-0.29752511454545294,-1.3906709948282046e-08,9.918968420643667e-08,2.826123236901501,7.636483673727354e-08,-5.478495126929203e-07
4.818963792758551,PASSED,-0.2975251145593102,-1.3807682010629547e-08,9.892010661654034e-08,2.8261232369775957,7.582239366268839e-08,-5.388387825133181e-07
4.819963992798559,PASSED,-0.29752511457306885,-1.3709411475347345e-08,9.783748772597526e-08,2.826123237053147,7.528049751085875e-08,-5.439343980405003e-07
4.820964192838567,PASSED,-0.2975251145867297,-1.3612067871849105e-08,9.701434734641795e-08,2.8261232371281664,7.475250233933557e-08,-5.17369020511611e-07
4.821964392878575,PASSED,-0.2975251146002933,-1.351507331420915e-08,9.698136450231258e-08,2.8261232372026477,7.4216408487356e-08,-5.485770729582329e-07
4.822964592918583,PASSED,-0.29752511461376036,-1.3418809794226395e-08,9.578495696971642e-08,2.8261232372765996,7.368277320185311e-08,-5.236740938659883e-07
4.823964792958591,PASSED,-0.29752511462713166,-1.3323564028904982e-08,9.488630422254533e-08,2.8261232373500245,7.316448768706282e-08,-5.14693128739817e-07
4.824964992998599,PASSED,-0.2975251146404077,-1.322859215316688e-08,9.502892341513979e-08,2.8261232374229297,7.264663666124252e-08,-5.199562905406106e-07
4.825965193038607,PASSED,-0.29752511465358933,-1.3134361989237388e-08,9.369765760572588e-08,2.8261232374953136,7.212214652005192e-08,-5.275127082905856e-07
4.826965393078615,PASSED,-0.29752511466667697,-1.3040888948758532e-08,9.332329572760868e-08,2.8261232375671823,7.160972711815384e-08,-5.023571976364267e-07
4.827965593118623,PASSED,-0.29752511467967147,-1.2947929465165954e-08,9.271694216922351e-08,2.8261232376385377,7.110240244287184e-08,-5.106363270457256e-07
4.828965793158631,PASSED,-0.29752511469257337,-1.285572361572389e-08,9.186512095729035e-08,2.8261232377093877,7.05966053478433e-08,-5.02570940350431e-07
4.829965993198639,PASSED,-0.29752511470538334,-1.276411564357004e-08,9.143653961822254e-08,2.826123237779731,7.009081614526783e-08,-5.079347107254912e-07
4.830966193238647,PASSED,-0.29752511471810206,-1.2673195349442964e-08,9.057613046631151e-08,2.8261232378495738,6.959257913138045e-08,-4.917718826619762e-07
4.831966393278655,PASSED,-0.2975251147307301,-1.2582866054594085e-08,9.016473777059117e-08,2.8261232379189183,6.90974294673564e-08,-4.974015182654199e-07
4.832966593318663,PASSED,-0.2975251147432682,-1.2493075670864871e-08,8.954081436829658e-08,2.82612323798777,6.860418078012035e-08,-4.904801332164721e-07
4.833966793358671,PASSED,-0.29752511475571686,-1.2404018976719315e-08,8.873394733039704e-08,2.8261232380561285,6.811322976645227e-08,-4.912649339691519e-07
4.834966993398679,PASSED,-0.2975251147680767,-1.2315586229587507e-08,8.823194699941467e-08,2.826123238124001,6.762955007250202e-08,-4.786228672709717e-07
4.835967193438687,PASSED,-0.29752511478034843,-1.222770739908335e-08,8.764341950732117e-08,2.8261232381913888,6.714746037113899e-08,-4.844009240910711e-07
4.836967393478695,PASSED,-0.29752511479253263,-1.2140512074248105e-08,8.689659505386227e-08,2.826123238258298,6.666867397116269e-08,-4.7504338389977323e-07
4.837967593518703,PASSED,-0.29752511480462984,-1.2053836822829625e-08,8.652768899489104e-08,2.8261232383247283,6.619171934759224e-08,-4.782287833508856e-07
4.838967793558711,PASSED,-0.2975251148166408,-1.1967819091060155e-08,8.567776028585657e-08,2.8261232383906827,6.571583373389553e-08,-4.7432350059394275e-07
4.839967993598719,PASSED,-0.297525114828566,-1.1882388870604673e-08,8.526519390189983e-08,2.8261232384561663,6.524880698126417e-08,-4.6216225398964727e-07
4.840968193638727,PASSED,-0.29752511484040606,-1.1797600202558479e-08,8.447098414239059e-08,2.826123238521185,6.478765315651009e-08,-4.6048153859704523e-07
4.841968393678735,PASSED,-0.29752511485216154,-1.1713286802552703e-08,8.420834391469768e-08,2.826123238585738,6.432085784400459e-08,-4.710044951111403e-07
4.842968593718743,PASSED,-0.29752511486383315,-1.1629718289772656e-08,8.314195869028113e-08,2.8261232386498305,6.385960211771465e-08,-4.547565470758227e-07
4.8439687937587514,PASSED,-0.2975251148754214,-1.1546735967197398e-08,8.287589849857711e-08,2.826123238713466,6.34093837042241e-08,-4.471929911003642e-07
4.8449689937987594,PASSED,-0.2975251148869268,-1.146399051636739e-08,8.265848571763094e-08,2.826123238776646,6.29534950615233e-08,-4.6168574376775243e-07
4.8459691938387675,PASSED,-0.29752511489835004,-1.1382191035596125e-08,8.122681080702087e-08,2.8261232388393744,6.249978228463337e-08,-4.4839746563807075e-07
4.8469693938787755,PASSED,-0.29752511490969163,-1.1301041734857702e-08,8.1097627359357e-08,2.826123238901657,6.20615983267005e-08,-4.313749527960496e-07
4.8479695939187835,PASSED,-0.2975251149209522,-1.1220011933338986e-08,8.098458429162354e-08,2.8261232389634903,6.161181822719133e-08,-4.620501973179072e-07
4.8489697939587915,PASSED,-0.2975251149321322,-1.1139744633297264e-08,7.978911054178755e-08,2.826123239024883,6.116754277699791e-08,-4.3242561877711287e-07
4.8499699939987995,PASSED,-0.2975251149432323,-1.1060338800459585e-08,7.9150314368274e-08,2.8261232390858395,6.074278013755573e-08,-4.19653986552233e-07
4.8509701940388075,PASSED,-0.297525114954253,-1.0981087052960994e-08,7.931936958547015e-08,2.8261232391463547,6.02965196680705e-08,-4.6399812477388953e-07
4.8519703940788155,PASSED,-0.2975251149651949,-1.0902450494457564e-08,7.818135111540091e-08,2.826123239206443,5.98680594008912e-08,-4.0476836211625594e-07
4.8529705941188235,PASSED,-0.29752511497605855,-1.0824668976893338e-08,7.75149618634441e-08,2.8261232392660975,5.944647235594134e-08,-4.327995001722458e-07
4.8539707941588315,PASSED,-0.2975251149868445,-1.074713060201589e-08,7.75539835534512e-08,2.8261232393253275,5.9013314301356225e-08,-4.3339709086035983e-07
4.8549709941988395,PASSED,-0.2975251149975531,-1.0669973136478083e-08,7.68931201940431e-08,2.82612323938413,5.8588227721160593e-08,-4.1954623975248293e-07
4.8559711942388475,PASSED,-0.2975251150081852,-1.0593915267361008e-08,7.55010350657632e-08,2.826123239442516,5.8180258255497164e-08,-4.0025161627073125e-07
4.8569713942788555,PASSED,-0.2975251150187411,-1.0518135724035646e-08,7.596521549842828e-08,2.8261232395004807,5.775764543407699e-08,-4.3752029151979724e-07
4.8579715943188635,PASSED,-0.29752511502922147,-1.0442406014259264e-08,7.557270596168398e-08,2.826123239558034,5.734091830852987e-08,-4.028650148986702e-07
4.8589717943588715,PASSED,-0.29752511503962675,-1.0367824865633285e-08,7.392011040217438e-08,2.8261232396151725,5.6936639440124874e-08,-4.0522143740920516e-07
4.8599719943988795,PASSED,-0.29752511504995754,-1.0293804851536014e-08,7.408661656066874e-08,2.8261232396719014,5.652371106268644e-08,-4.180663374579151e-07
4.8609721944388875,PASSED,-0.2975251150602143,-1.0219683950216697e-08,7.414375782508342e-08,2.826123239728223,5.6116127896236815e-08,-4.005943857774363e-07
4.8619723944788955,PASSED,-0.29752511507039764,-1.0146659530288274e-08,7.227819466398321e-08,2.8261232397841436,5.572286072382959e-08,-3.8838236349375857e-07
4.8629725945189035,PASSED,-0.29752511508050794,-1.0074048277772928e-08,7.283329108292258e-08,2.8261232398396636,5.53212115238193e-08,-4.1049375768797757e-07
4.8639727945589115,PASSED,-0.29752511509054574,-1.0001467091910693e-08,7.24131157151079e-08,2.8261232398947835,5.491672979512708e-08,-4.0047370936171615e-07
4.8649729945989195,PASSED,-0.29752511510051166,-9.930010044232441e-09,7.081966898701533e-08,2.826123239949509,5.452987913320187e-08,-3.777686303008741e-07
4.8659731946389275,PASSED,-0.2975251151104061,-9.858888506463771e-09,7.132278362310464e-08,2.8261232400038434,5.414269499493143e-08,-3.934611435834798e-07
4.8669733946789355,PASSED,-0.2975251151202295,-9.787845324230964e-09,7.085678130594201e-08,2.826123240057789,5.3748258877493717e-08,-3.950861000072112e-07
4.8679735947189435,PASSED,-0.29752511512998253,-9.71784989955631e-09,6.942118692046175e-08,2.8261232401113463,5.336331541473418e-08,-3.7818170459441607e-07
4.8689737947589515,PASSED,-0.29752511513966556,-9.648278862410305e-09,6.967093729636842e-08,2.826123240164519,5.298259320222186e-08,-3.824158844575961e-07
4.8699739947989595,PASSED,-0.2975251151492791,-9.578693769793473e-09,6.952786283047541e-08,2.8261232402173104,5.260047082004678e-08,-3.819267139867306e-07
4.8709741948389675,PASSED,-0.2975251151588236,-9.510050470411546e-09,6.805359041622776e-08,2.8261232402697223,5.222207421446026e-08,-3.760431999863757e-07
4.8719743948789755,PASSED,-0.29752511516829966,-9.44206822183544e-09,6.793468734935807e-08,2.826123240321759,5.184973462215839e-08,-3.698705205121915e-07
4.8729745949189835,PASSED,-0.2975251151777077,-9.37401426867457e-09,6.813346370187782e-08,2.8261232403734193,5.1473427496386024e-08,-3.8059819594581173e-07
4.8739747949589916,PASSED,-0.29752511518704816,-9.306723684812097e-09,6.672866396953888e-08,2.826123240424712,5.110713592051103e-08,-3.567538291611119e-07
4.8749749949989996,PASSED,-0.2975251151963216,-9.240065930471036e-09,6.661048125540845e-08,2.8261232404756345,5.0740483096553175e-08,-3.732521538223488e-07
4.875975195039008,PASSED,-0.2975251152055283,-9.173467298360835e-09,6.659073268006396e-08,2.826123240526193,5.037456575225042e-08,-3.610274712897004e-07
4.876975395079016,PASSED,-0.297525115214669,-9.107689913462402e-09,6.523515304401006e-08,2.826123240576384,5.000917566691224e-08,-3.6829849470383734e-07
4.877975595119024,PASSED,-0.29752511522374403,-9.042400419074508e-09,6.53257219504844e-08,2.8261232406262207,4.96579082239843e-08,-3.399134084106684e-07
4.878975795159032,PASSED,-0.29752511523275377,-8.977139971157506e-09,6.521693189468273e-08,2.826123240675695,4.929753814285658e-08,-3.740078629390961e-07
4.87997599519904,PASSED,-0.2975251152416988,-8.9126604828325e-09,6.398785927855492e-08,2.826123240724815,4.89382706886041e-08,-3.49440515128073e-07
4.880976195239048,PASSED,-0.2975251152505795,-8.848729826000416e-09,6.38925218677683e-08,2.826123240773583,4.85953947819343e-08,-3.384995010309476e-07
4.881976395279056,PASSED,-0.2975251152593964,-8.784974673828587e-09,6.366357237453833e-08,2.8261232408219987,4.8241666617593674e-08,-3.6388060654708336e-07
4.882976595319064,PASSED,-0.29752511526814984,-8.721755842685564e-09,6.29223369886778e-08,2.8261232408700665,4.7889599235487695e-08,-3.441918991452457e-07
4.883976795359072,PASSED,-0.29752511527684034,-8.659156894285885e-09,6.238335600701305e-08,2.8261232409177897,4.755376011068938e-08,-3.302706085670321e-07
4.88497699539908,PASSED,-0.29752511528546827,-8.5967455586908e-09,6.242998865380062e-08,2.8261232409651695,4.721079496273269e-08,-3.514281742164632e-07
4.885977195439088,PASSED,-0.2975251152940342,-8.53497010714696e-09,6.133909347053012e-08,2.8261232410122066,4.6862052431373395e-08,-3.4695210278784416e-07
4.886977395479096,PASSED,-0.29752511530253845,-8.473607163975604e-09,6.137884297190644e-08,2.8261232410589074,4.65334910102908e-08,-3.163009666124307e-07
4.887977595519104,PASSED,-0.2975251153109815,-8.412447554116748e-09,6.101345445015534e-08,2.8261232411052695,4.619717322033459e-08,-3.4966233885205853e-07
4.888977795559112,PASSED,-0.29752511531936376,-8.35188035717332e-09,6.026969193894101e-08,2.8261232411512993,4.585860020904951e-08,-3.3118012624042274e-07
4.88997799559912,PASSED,-0.2975251153276857,-8.291967106628015e-09,5.967562294954959e-08,2.8261232411969974,4.553551450726691e-08,-3.176894188107106e-07
4.890978195639128,PASSED,-0.29752511533594767,-8.232049676413668e-09,6.007863505754446e-08,2.826123241242368,4.520841418666232e-08,-3.333742551338341e-07
4.891978395679136,PASSED,-0.29752511534415016,-8.17276186777879e-09,5.8760591019765743e-08,2.8261232412874104,4.487635463104234e-08,-3.3118308927741585e-07
4.892978595719144,PASSED,-0.2975251153522936,-8.114096450272046e-09,5.860196849806492e-08,2.826123241332129,4.455658831185635e-08,-3.1215513912504573e-07
4.893978795759152,PASSED,-0.2975251153603783,-8.055348226772844e-09,5.8845726833291547e-08,2.8261232413765223,4.4233810442680644e-08,-3.298596892094851e-07
4.89497899579916,PASSED,-0.2975251153684048,-7.997351372311335e-09,5.74309395469881e-08,2.8261232414206,4.391625813167262e-08,-3.093473922070575e-07
4.895979195839168,PASSED,-0.29752511537637344,-7.939977617369924e-09,5.7335631871027613e-08,2.826123241464358,4.3601101220579936e-08,-3.1902992368310164e-07
4.896979395879176,PASSED,-0.2975251153842846,-7.882493889064167e-09,5.7582459262243144e-08,2.826123241507802,4.328641160735777e-08,-3.117960729148785e-07
4.897979595919184,PASSED,-0.2975251153921387,-7.82557060519483e-09,5.6483833607397904e-08,2.826123241550931,4.2972105572742715e-08,-3.159793424151766e-07
4.898979795959192,PASSED,-0.29752511539993626,-7.769364121629976e-09,5.6021583536492034e-08,2.82612324159375,4.2662383679596426e-08,-3.055502603003639e-07
4.8999799959992,PASSED,-0.29752511540767757,-7.713287691422918e-09,5.6112994654099415e-08,2.8261232416362594,4.235646597577221e-08,-3.0616266617344357e-07
4.900980196039208,PASSED,-0.29752511541536303,-7.657543960700975e-09,5.5497554767171235e-08,2.826123241678465,4.20539530977568e-08,-3.000796859100513e-07
4.901980396079216,PASSED,-0.29752511542299304,-7.602296853160957e-09,5.508014272191561e-08,2.826123241720361,4.1742079016158907e-08,-3.197370120564618e-07
4.902980596119224,PASSED,-0.297525115430568,-7.5475071362475e-09,5.459609970781673e-08,2.8261232417619584,4.144490192128732e-08,-2.8213715008166387e-07
4.903980796159232,PASSED,-0.29752511543808824,-7.492996799620624e-09,5.4453161239583103e-08,2.8261232418032547,4.115112342984685e-08,-3.0153938567966594e-07
4.90498099619924,PASSED,-0.29752511544555427,-7.438910857911762e-09,5.3841128688381254e-08,2.8261232418442535,4.0847045798932077e-08,-3.057697944048547e-07
4.905981196239248,PASSED,-0.29752511545296634,-7.3851772706118e-09,5.3661893041016886e-08,2.8261232418849542,4.0551023803627215e-08,-2.8952346257153344e-07
4.906981396279256,PASSED,-0.2975251154603249,-7.331748254785657e-09,5.327376434956013e-08,2.826123241925364,4.026695890167782e-08,-2.804258615346327e-07
4.907981596319264,PASSED,-0.29752511546763033,-7.278995065026684e-09,5.2406140031915e-08,2.8261232419654823,3.997374096296305e-08,-3.017459901681868e-07
4.908981796359272,PASSED,-0.297525115474883,-7.226361667427667e-09,5.278490264375094e-08,2.8261232420053086,3.967695768264456e-08,-2.934748070853694e-07
4.90998199639928,PASSED,-0.29752511548208327,-7.174011031501057e-09,5.20611247818488e-08,2.8261232420448477,3.939591882262945e-08,-2.7274822863493874e-07
4.910982196439288,PASSED,-0.2975251154892315,-7.12234184312504e-09,5.1407897438796236e-08,2.826123242084098,3.910941477556401e-08,-2.9567459268576765e-07
4.911982396479296,PASSED,-0.2975251154963281,-7.070853289648223e-09,5.15423241688309e-08,2.8261232421230704,3.882937701800208e-08,-2.6961320081270954e-07
4.912982596519304,PASSED,-0.2975251155033734,-7.019676124439334e-09,5.093372590225979e-08,2.826123242161756,3.8545784962883394e-08,-2.929112913226763e-07
4.913982796559312,PASSED,-0.29752511551036775,-6.968930546268771e-09,5.0620146349432464e-08,2.826123242200166,3.826926099008151e-08,-2.6559909378801914e-07
4.91498299659932,PASSED,-0.29752511551731153,-6.91855812518475e-09,5.020727090707983e-08,2.826123242238298,3.799615972905719e-08,-2.781027058485206e-07
4.915983196639328,PASSED,-0.29752511552420513,-6.868516802976423e-09,4.993068974249105e-08,2.826123242276151,3.771245785301286e-08,-2.874346561748778e-07
4.916983396679336,PASSED,-0.2975251155310488,-6.818873096347416e-09,4.945238455335134e-08,2.8261232423137326,3.74437704935137e-08,-2.5618916171534277e-07
4.917983596719344,PASSED,-0.2975251155378431,-6.7695934326941465e-09,4.916451638654849e-08,2.8261232423510405,3.717548139312312e-08,-2.7635572617407223e-07
4.918983796759352,PASSED,-0.29752511554458816,-6.720488803795069e-09,4.906470390742901e-08,2.8261232423880807,3.690314095918854e-08,-2.696635724415927e-07
4.91998399679936,PASSED,-0.2975251155512844,-6.671842030833377e-09,4.8368152331201386e-08,2.8261232424248535,3.664055821012283e-08,-2.5786220014846264e-07
4.920984196839368,PASSED,-0.2975251155579322,-6.623704365184564e-09,4.798400786055354e-08,2.826123242461358,3.63723331652047e-08,-2.7513360809790654e-07
4.921984396879376,PASSED,-0.2975251155645319,-6.5756197013269325e-09,4.8151767855683015e-08,2.826123242497596,3.610221810673545e-08,-2.66769358716805e-07
4.922984596919384,PASSED,-0.2975251155710838,-6.528026717150225e-09,4.722046172405668e-08,2.8261232425335763,3.585233046273009e-08,-2.3863316753105886e-07
4.923984796959392,PASSED,-0.29752511557758815,-6.4807821067862976e-09,4.726070945717376e-08,2.8261232425692953,3.559292449337151e-08,-2.732545039102646e-07
4.9249849969994,PASSED,-0.2975251155840455,-6.433849016813497e-09,4.6714676983219084e-08,2.8261232426047544,3.5324056442489175e-08,-2.659437488637198e-07
4.925985197039408,PASSED,-0.2975251155904561,-6.3872725093849e-09,4.648439439218341e-08,2.826123242639957,3.5074418878806034e-08,-2.38766773562749e-07
4.926985397079416,PASSED,-0.29752511559682016,-6.340876609564913e-09,4.6336903438523104e-08,2.8261232426749032,3.482170913062162e-08,-2.6200506459885445e-07
4.927985597119424,PASSED,-0.2975251156031382,-6.2950060853439094e-09,4.555960474265629e-08,2.826123242709599,3.4567227728745614e-08,-2.4946562672743606e-07
4.928985797159432,PASSED,-0.2975251156094104,-6.249406427683003e-09,4.5626359606405915e-08,2.8261232427440413,3.431761607816782e-08,-2.4970899981137164e-07
4.92998599719944,PASSED,-0.29752511561563716,-6.203992365305628e-09,4.527253089135536e-08,2.826123242778232,3.406526240621988e-08,-2.5411678670564906e-07
4.930986197239448,PASSED,-0.29752511562181877,-6.159149643134333e-09,4.4556183024588156e-08,2.8261232428121783,3.382315311143529e-08,-2.3410430017056225e-07
4.931986397279456,PASSED,-0.2975251156279556,-6.114525744219549e-09,4.466904284158022e-08,2.8261232428458785,3.357988583485708e-08,-2.493759275166441e-07
4.932986597319464,PASSED,-0.2975251156340478,-6.069865717518466e-09,4.465401594075149e-08,2.8261232428793326,3.332928700809997e-08,-2.5141409291741717e-07
4.933986797359472,PASSED,-0.2975251156400959,-6.0260002363068966e-09,4.333979139211523e-08,2.8261232429125474,3.309413926098393e-08,-2.2430351658179237e-07
4.93498699739948,PASSED,-0.2975251156461001,-5.9824548755426405e-09,4.368240701234976e-08,2.826123242945516,3.2849865629296054e-08,-2.575870417586008e-07
4.935987197439488,PASSED,-0.2975251156520608,-5.938920375748569e-09,4.3435894981886117e-08,2.8261232429782486,3.260968314359469e-08,-2.2857944832987556e-07
4.936987397479496,PASSED,-0.2975251156579782,-5.8957188182793466e-09,4.304533246077973e-08,2.8261232430107435,3.2380627966207215e-08,-2.293723300925367e-07
4.937987597519504,PASSED,-0.29752511566385265,-5.853081223944268e-09,4.2365768917944126e-08,2.8261232430429994,3.213579682564073e-08,-2.5513701421578293e-07
4.938987797559512,PASSED,-0.2975251156696845,-5.810557810472897e-09,4.262850984032253e-08,2.826123243075025,3.190631871512754e-08,-2.123721747114637e-07
4.93998799759952,PASSED,-0.2975251156754739,-5.768216376861931e-09,4.2150049458061484e-08,2.826123243106818,3.1683423206788184e-08,-2.2991106409128728e-07
4.940988197639528,PASSED,-0.29752511568122136,-5.726507039354996e-09,4.1415529539517924e-08,2.8261232431383787,3.144142521444773e-08,-2.50055944506567e-07
4.941988397679536,PASSED,-0.2975251156869271,-5.684916256886166e-09,4.1707617755038174e-08,2.8261232431697105,3.1214269882506846e-08,-2.11888256897086e-07
4.942988597719544,PASSED,-0.2975251156925913,-5.643452936316836e-09,4.130045577885806e-08,2.8261232432008145,3.099657776343112e-08,-2.21561360528152e-07
4.943988797759552,PASSED,-0.2975251156982144,-5.602593715004243e-09,4.056506500175003e-08,2.8261232432316907,3.0761245634604015e-08,-2.445126410264231e-07
4.94498899779956,PASSED,-0.2975251157037966,-5.561904832289826e-09,4.0771427856194425e-08,2.8261232432623467,3.054226130815889e-08,-2.019654500575991e-07
4.945989197839568,PASSED,-0.29752511570933826,-5.521419063719759e-09,4.0295329045983473e-08,2.8261232432927783,3.032602350151279e-08,-2.2575271103843137e-07
4.946989397879576,PASSED,-0.2975251157148396,-5.48123031254073e-09,4.011769926772527e-08,2.8261232433229875,3.009443961448198e-08,-2.3547133769239182e-07
4.947989597919584,PASSED,-0.29752511572030094,-5.441374125074203e-09,3.9681846265727287e-08,2.8261232433529755,2.987582550604079e-08,-2.0737595560705098e-07
4.948989797959592,PASSED,-0.2975251157257226,-5.401906806408743e-09,3.932430026528268e-08,2.8261232433827503,2.9672886267343752e-08,-1.9998142742370047e-07
4.9499899979996,PASSED,-0.29752511573110485,-5.362629044161118e-09,3.92467369025205e-08,2.826123243412306,2.9446962858437816e-08,-2.4321806322742553e-07
4.950990198039608,PASSED,-0.29752511573644796,-5.323471372657875e-09,3.9098294570390364e-08,2.826123243441647,2.9226262529523167e-08,-2.0568850603946455e-07
4.951990398079616,PASSED,-0.29752511574175217,-5.284830211753337e-09,3.83364051273041e-08,2.826123243470774,2.9026013270491987e-08,-1.9662309435898916e-07
4.952990598119624,PASSED,-0.29752511574701773,-5.246305389013528e-09,3.8650434481478605e-08,2.826123243499688,2.880848137090749e-08,-2.314711030681692e-07
4.953990798159632,PASSED,-0.29752511575224505,-5.208141918455023e-09,3.783882794318927e-08,2.8261232435283934,2.859609866394635e-08,-1.9965710955645263e-07
4.95499099819964,PASSED,-0.2975251157574343,-5.170280133826883e-09,3.787708908477326e-08,2.826123243556889,2.8395408558883993e-08,-2.0137876873295974e-07
4.955991198239648,PASSED,-0.2975251157625858,-5.132712817053032e-09,3.7360801899902824e-08,2.826123243585178,2.818585649503579e-08,-2.1500092725836705e-07
4.956991398279656,PASSED,-0.2975251157676998,-5.095303921295572e-09,3.744095832916582e-08,2.8261232436132615,2.797786657122706e-08,-2.0331592150896706e-07
4.957991598319664,PASSED,-0.2975251157727765,-5.058027307197889e-09,3.716705127669279e-08,2.8261232436411388,2.7775735406591447e-08,-2.0134132672004658e-07
4.958991798359672,PASSED,-0.29752511577781626,-5.021306257311229e-09,3.6423715626637695e-08,2.826123243668813,2.757361401997791e-08,-2.0264142654253136e-07
4.95999199839968,PASSED,-0.2975251157828193,-4.984794436713141e-09,3.6570557245722066e-08,2.8261232436962853,2.7370706485776694e-08,-2.0308493930700276e-07
4.960992198439688,PASSED,-0.2975251157877859,-4.948333368195395e-09,3.6388076032428814e-08,2.82612324372356,2.717646443407198e-08,-1.8834679330318367e-07
4.961992398479696,PASSED,-0.29752511579271634,-4.912410603222596e-09,3.561255759971314e-08,2.826123243750636,2.69784584903483e-08,-2.0444537733734762e-07
4.962992598519704,PASSED,-0.2975251157976109,-4.876703296770487e-09,3.577047235370673e-08,2.826123243777513,2.6774842628685524e-08,-2.03062851213054e-07
4.963992798559712,PASSED,-0.29752511580246965,-4.840849039547563e-09,3.5910113802402154e-08,2.82612324380419,2.657757563945123e-08,-1.9340308124845706e-07
4.96499299859972,PASSED,-0.2975251158072931,-4.80569624360856e-09,3.4647917363404124e-08,2.826123243830679,2.6396419813689967e-08,-1.7299098876979704e-07
4.965993198639728,PASSED,-0.29752511581208124,-4.770750069205922e-09,3.514501242879384e-08,2.826123243856973,2.619994654125603e-08,-2.121281282100297e-07
4.966993398679736,PASSED,-0.2975251158168346,-4.735888399253995e-09,3.46727749673495e-08,2.826123243883074,2.5998906043600885e-08,-1.9364874395188732e-07
4.967993598719744,PASSED,-0.2975251158215533,-4.701396509310573e-09,3.437129992746927e-08,2.826123243908986,2.582016571253312e-08,-1.6880138914501361e-07
4.968993798759752,PASSED,-0.2975251158262374,-4.666892548587009e-09,3.4592401254295466e-08,2.8261232439347106,2.5634906780890577e-08,-1.9623062664089938e-07
4.96999399879976,PASSED,-0.2975251158308875,-4.633008830465456e-09,3.341126269972398e-08,2.826123243960244,2.543346277147037e-08,-2.049195979397478e-07
4.970994198839768,PASSED,-0.29752511583550356,-4.599250777357255e-09,3.3989246713853315e-08,2.8261232439855934,2.525603250680407e-08,-1.5910404248400382e-07
4.971994398879776,PASSED,-0.297525115840086,-4.5655189469083254e-09,3.356021960564681e-08,2.826123244010754,2.507298620956779e-08,-1.9900780040445852e-07
4.972994598919784,PASSED,-0.297525115844635,-4.532280945086828e-09,3.302318996539755e-08,2.826123244035737,2.4887932535578773e-08,-1.7575092304539618e-07
4.973994798959792,PASSED,-0.2975251158491507,-4.499183879350728e-09,3.314631624990205e-08,2.8261232440605326,2.4706037378214328e-08,-1.8599131357714653e-07
4.9749949989998,PASSED,-0.2975251158536335,-4.466294428263232e-09,3.27182076458938e-08,2.8261232440851494,2.452553500985685e-08,-1.7684307154436326e-07
4.975995199039808,PASSED,-0.2975251158580835,-4.4336021818879e-09,3.267493886162249e-08,2.826123244109587,2.4349350944676458e-08,-1.7574472760441056e-07
4.976995399079816,PASSED,-0.297525115862501,-4.401258129101106e-09,3.212346207024167e-08,2.8261232441338455,2.41690141831502e-08,-1.833981174741607e-07
4.977995599119824,PASSED,-0.29752511586688635,-4.369314037496189e-09,3.182451129470044e-08,2.8261232441579254,2.3989178013255577e-08,-1.774615381749289e-07
4.978995799159832,PASSED,-0.2975251158712396,-4.337238491598148e-09,3.224290230026843e-08,2.826123244181832,2.3820789186606805e-08,-1.6234035229799814e-07
4.97999599919984,PASSED,-0.29752511587556096,-4.3054326056180545e-09,3.151454176664252e-08,2.826123244205562,2.364382067085083e-08,-1.867206247279551e-07
4.980996199239848,PASSED,-0.2975251158798508,-4.274165427640552e-09,3.1102268784743305e-08,2.826123244229117,2.3464158404291004e-08,-1.7495669444773817e-07
4.981996399279856,PASSED,-0.29752511588410935,-4.242929030447453e-09,3.132581613200237e-08,2.8261232442525035,2.330375302289632e-08,-1.5070450602598415e-07
4.982996599319864,PASSED,-0.29752511588833663,-4.211633406952231e-09,3.1275495070701797e-08,2.826123244275716,2.312958538519985e-08,-1.898097254767908e-07
4.983996799359872,PASSED,-0.2975251158925331,-4.181064960646517e-09,3.009708046238865e-08,2.8261232442987603,2.295455970586357e-08,-1.651696485759364e-07
4.98499699939988,PASSED,-0.2975251158966988,-4.1505299997554186e-09,3.082688117690619e-08,2.826123244321636,2.2795480795320607e-08,-1.5501841852097926e-07
4.985997199439888,PASSED,-0.297525115900834,-4.119940200198837e-09,3.043174514303134e-08,2.8261232443443443,2.2625627258676034e-08,-1.7974361539363628e-07
4.986997399479896,PASSED,-0.2975251159049391,-4.090008053477568e-09,2.959908110675959e-08,2.8261232443668862,2.2455236280994307e-08,-1.6415588587378753e-07
4.987997599519904,PASSED,-0.29752511590901404,-4.0600711235295404e-09,3.01621625088727e-08,2.8261232443892643,2.2298231604093336e-08,-1.522372042524295e-07
4.988997799559912,PASSED,-0.2975251159130592,-4.030162830036643e-09,2.9739047482247913e-08,2.8261232444114754,2.212930161914282e-08,-1.8005850541590598e-07
4.98999799959992,PASSED,-0.29752511591707476,-4.000836423442575e-09,2.9051312668613765e-08,2.826123244433528,2.1969240381026538e-08,-1.4672972658320252e-07
4.990998199639928,PASSED,-0.29752511592106096,-3.971571465347585e-09,2.9407388379241546e-08,2.826123244455416,2.1810568133842532e-08,-1.6663392758454044e-07
4.991998399679936,PASSED,-0.29752511592501785,-3.942304913450401e-09,2.9172660909146072e-08,2.826123244477144,2.164501277866019e-08,-1.648363069142095e-07
4.992998599719944,PASSED,-0.29752511592894587,-3.913622576118879e-09,2.8355454946439894e-08,2.8261232444987145,2.149252554795894e-08,-1.4425451322594304e-07
4.993998799759952,PASSED,-0.2975251159328451,-3.88492778426974e-09,2.8921016450938536e-08,2.8261232445201276,2.133737532816517e-08,-1.624140241723273e-07
4.99499899979996,PASSED,-0.29752511593671577,-3.856302844964833e-09,2.8427554540886185e-08,2.8261232445413804,2.1170773563000356e-08,-1.693935924931402e-07
4.995999199839968,PASSED,-0.2975251159405581,-3.8282231192876015e-09,2.7847839768128216e-08,2.826123244562481,2.102310891743572e-08,-1.3317868094563026e-07
4.996999399879976,PASSED,-0.2975251159443722,-3.800093632293945e-09,2.8317251810674182e-08,2.8261232445834263,2.0872921003441137e-08,-1.6152740269388356e-07
4.997999599919984,PASSED,-0.2975251159481584,-3.772239358101623e-09,2.7545622446755073e-08,2.826123244604218,2.0710321897203537e-08,-1.6331357526674102e-07
4.998999799959992,PASSED,-0.2975251159519169,-3.744645150907206e-09,2.762659702619172e-08,2.8261232446248563,2.0561671799408388e-08,-1.3887444614742059e-07
5.0,PASSED,-0.29752511595564773,-3.717076767499646e-09,2.752957432847201e-08,2.8261232446453435,2.0414819618587268e-08,-1.521706706035838e-07
