time,status,q_yH,dq_yH,ddq_yH,q_phiO,dq_phiO,ddq_phiO
0.0,PASSED,-0.2628343647840712,0.0,0.0,2.6409619018469512,0.0,0.0
0.0010002000400080016,PASSED,-0.2628328668194761,0.00223299070081948,3.721651168032467,2.6409540814172594,-0.011657783391413245,-19.429638985688744
0.002000400080016003,PASSED,-0.2628287891380537,0.005930589900015846,3.681564553305632,2.640932793105794,-0.030961770571797415,-19.220219310181115
0.0030006001200240046,PASSED,-0.2628210367248416,0.00958389264278713,3.634461535748387,2.6408923203842605,-0.05003417568061167,-18.973862307903016
0.004000800160032006,PASSED,-0.262809657319507,0.013185979406756912,3.5805035827840483,2.6408329129031385,-0.0688386580447035,-18.691562401551046
0.005001000200040008,PASSED,-0.2627947054947254,0.01673010075377042,3.519866523166482,2.640754856170073,-0.08733985098644184,-18.37427996852985
0.006001200240048009,PASSED,-0.262776242478637,0.020209692106348768,3.452741238852927,2.6406584706111493,-0.10550330057461954,-18.02289600127627
0.007001400280056011,PASSED,-0.2627543359655314,0.023618384221937683,3.379326033412905,2.640544110569111,-0.12329557813577365,-17.63853193440599
0.008001600320064013,PASSED,-0.2627290599152722,0.026950012894706457,3.2998304323393497,2.640412163241403,-0.1406843961893767,-17.222342133067773
0.009001800360072015,PASSED,-0.2627004943419949,0.030198631152756568,3.21447680852395,2.640263047560906,-0.15763858414768178,-16.775418508463286
0.010002000400080016,PASSED,-0.26266872509262273,0.03335851886586887,3.123494982837878,2.6400972130224916,-0.1741281567115249,-16.299008600763006
0.011002200440088018,PASSED,-0.2626338436157641,0.03642419099354412,3.0271235575668243,2.6399151384584236,-0.19012441210429568,-15.794419920775962
0.012002400480096018,PASSED,-0.2625959467215708,0.03939040735256797,2.925611559995207,2.639717330765885,-0.20559993086825698,-15.262917992751506
0.01300260052010402,PASSED,-0.2625551363331445,0.042252180841199624,2.819214774389292,2.639504323589857,-0.22052861705380858,-14.705864980751617
0.014002800560112022,PASSED,-0.2625115192300928,0.045004784172078094,2.7081957018712512,2.6392766759646906,-0.23488577488836113,-14.124686403753175
0.015003000600120024,PASSED,-0.2624652067848465,0.04764375734968056,2.592824828089939,2.639034970917744,-0.24864811921485824,-13.520782941659762
0.016003200640128026,PASSED,-0.26241631469235654,0.0501649141920449,2.4733781852139387,2.6387798140385246,-0.261793799349876,-12.895611597256398
0.017003400680136026,PASSED,-0.26236496269379395,0.05256434744995771,2.350136639712061,2.638511832016727,-0.27430245439909046,-12.250684017186456
0.01800360072014403,PASSED,-0.26231127429488665,0.054838434108280425,2.2233866707298358,2.6382316711527203,-0.28615522676218064,-11.587497927026021
0.01900380076015203,PASSED,-0.2622553764795256,0.056983840034760896,2.0934187636475565,2.6379399958438805,-0.2973347740519732,-10.907580198303702
0.020004000800160033,PASSED,-0.2621973994192768,0.058997523393047334,1.9605264213790383,2.6376374870503114,-0.307825304935998,-10.21249800783884
0.021004200840168033,PASSED,-0.2621374761794378,0.060876737867031086,1.825006509053557,2.637324840743384,-0.31761259000660724,-9.503809779122866
0.022004400880176037,PASSED,-0.26207574242227655,0.06261903536696144,1.6871581605148984,2.6370027663406144,-0.3266839643173671,-8.783083998517853
0.023004600920184037,PASSED,-0.26201233610808566,0.06422226767955143,1.5472817473067204,2.6366719851302847,-0.3350283462231452,-8.05191384395158
0.024004800960192037,PASSED,-0.26194739719468646,0.06568458770664028,1.4056788802769284,2.6363332286892027,-0.3426362420842892,-7.311883872605657
0.02500500100020004,PASSED,-0.2618810673360108,0.0670044502325145,1.2626516229390738,2.6359872372970363,-0.34949974058450617,-6.564574918624508
0.02600520104020804,PASSED,-0.2618134895803806,0.06818061179767212,1.1185015266366565,2.6356347583505046,-0.3556125169759246,-5.811577373281087
0.027005401080216044,PASSED,-0.26174480806910266,0.06921213004516331,0.9735293947275387,2.635276544780708,-0.3609698297042709,-5.054469631723063
0.028005601120224044,PASSED,-0.2616751677359845,0.07009836260847827,0.8280346757065485,2.634913353476864,-0.3655685070238917,-4.294815778219254
0.029005801160232048,PASSED,-0.26160471400836904,0.07083896523818445,0.6823145990392726,2.6345459437195595,-0.3694069387896447,-3.534175757442161
0.030006001200240048,PASSED,-0.2615335925102758,0.07143388936102872,0.5366638053809428,2.6341750756266307,-0.3724850642526011,-2.7740919332992333
0.03100620124024805,PASSED,-0.2614619487682244,0.07188337918536965,0.3913738369809008,2.6338015086147,-0.37480435128276346,-2.0160837614044813
0.03200640128025605,PASSED,-0.2613899279203033,0.0721879681536431,0.24673238913514664,2.6334259998792873,-0.3763677775278269,-1.261654567502734
0.033006601320264055,PASSED,-0.2613176744290347,0.0723484748340496,0.10302287458742099,2.6330493028963504,-0.37717980942545504,-0.5122834510450629
0.03400680136027205,PASSED,-0.2612453317985695,0.0723659983702978,-0.03947602264461956,2.6326721659480468,-0.37724637434558816,0.23058076714152448
0.035007001400280055,PASSED,-0.2611730422967345,0.07224191336780066,-0.18049098906548705,2.63229533067534,-0.3765748327010206,0.9655155628515764
0.03600720144028806,PASSED,-0.26110094668243466,0.071977864256871,-0.3197545255057484,2.631919530660099,-0.3751739486730823,1.6911296713294748
0.03700740148029606,PASSED,-0.26102918393889796,0.07157575923581187,-0.45700535142806364,2.6315454900390702,-0.37305385580784345,2.406068327845176
0.03800760152030406,PASSED,-0.2609578910132334,0.07103776372950264,-0.591988942896664,2.631173922152211,-0.37022602134087657,3.1090118930479975
0.03900780156031206,PASSED,-0.26088720256275205,0.07036629338036231,-0.7244579533027886,2.6308055282275715,-0.36670320956464153,3.7986783650264533
0.040008001600320066,PASSED,-0.2608172507084854,0.06956400665136983,-0.8541725794522862,2.6304409961049173,-0.36249944141863893,4.473827999986625
0.04100820164032806,PASSED,-0.26074816479631224,0.06863379702076061,-0.9809009980471899,2.6300809990001706,-0.3576299522932076,5.13326320906111
0.042008401680336066,PASSED,-0.2606800711660887,0.06757878477065433,-1.104419751479007,2.6297261943125583,-0.35211114909487856,5.775829857840965
0.04300860172034407,PASSED,-0.2606130929291528,0.066402308434323,-1.2245140595662463,2.6293772224763847,-0.3459605644658999,6.400421143070449
0.04400880176035207,PASSED,-0.2605473497545547,0.06510791590558929,-1.340978174845341,2.629034705859062,-0.3391968093024717,7.005977843666735
0.04500900180036007,PASSED,-0.26048295766434415,0.06369935521001757,-1.4536157093892748,2.628699247707058,-0.33183952456196025,7.5914893384079
0.04600920184036807,PASSED,-0.2604200288382225,0.062180564990816735,-1.5622398924085386,2.6283714311412174,-0.3239093310459723,8.155996301041311
0.04700940188037608,PASSED,-0.260358671427846,0.06055566472353709,-1.666673850527039,2.6280518182028914,-0.31542777762346563,8.698591503483465
0.048009601920384073,PASSED,-0.26029898938104423,0.05882894466716716,-1.766750860265198,2.6277409489520305,-0.30641728896066917,9.218420102338518
0.04900980196039208,PASSED,-0.26024108227619613,0.05700485558731737,-1.8623145595728567,2.627439340618482,-0.2969011117973651,9.714681870614381
0.05001000200040008,PASSED,-0.2601850451669827,0.05508799827877652,-1.953219141186174,2.6271474868074725,-0.2869032599604197,10.186631814499442
0.051010202040408084,PASSED,-0.2601309684377121,0.053083112895200124,-2.039329545169887,2.6268658567601753,-0.27644845906811305,10.633580277511525
0.05201040208041608,PASSED,-0.26007893766939155,0.050995068117081016,-2.1205216000852523,2.626594894670186,-0.26556209030934774,11.054894412934575
0.053010602120424084,PASSED,-0.2600290335166965,0.048828850186107414,-2.196682151565844,2.626335019056559,-0.2542701333230431,11.449998701884635
0.05401080216043209,PASSED,-0.25998133159596576,0.04658955181657639,-2.2677091815078048,2.6260866221939962,-0.2425991089175628,11.81837487454408
0.05501100220044009,PASSED,-0.25993590238432673,0.044282361014972356,-2.333511881668184,2.625850069600604,-0.23057602136449945,12.159562672076234
0.05601120224044809,PASSED,-0.2598928111300346,0.04191254983098486,-2.3940107188670394,2.625625699583587,-0.218228300166687,12.473160214969901
0.05701140228045609,PASSED,-0.2598521177740845,0.03948546305525258,-2.4491374803091097,2.6254138228431163,-0.2055837418070836,12.75882378935908
0.058011602320464095,PASSED,-0.2598138768831355,0.0370065068925117,-2.4988352843620625,2.6252147221344244,-0.19267045160239712,13.01626781490471
0.05901180236047209,PASSED,-0.2597781375937606,0.03448113763233786,-2.543058577381696,2.625028651988224,-0.17951678528540446,13.245265318384643
0.060012002400480095,PASSED,-0.25974494356801764,0.031914850333520574,-2.581773113107679,2.624855838489305,-0.16615129083917818,13.445647198120747
0.0610122024404881,PASSED,-0.2597143329603118,0.029313167549072983,-2.6149558986742,2.6246964791130742,-0.1526026508324923,13.617301879062625
0.0620124024804961,PASSED,-0.25968633839550176,0.02668162811300694,-2.642595127660603,2.624550742619823,-0.1388996247676493,13.760175522029902
0.0630126025205041,PASSED,-0.2596609869581769,0.024025776004977257,-2.6646900949423986,2.624418769006229,-0.12507099198496718,13.874270956450262
0.0640128025605121,PASSED,-0.25963830019301654,0.02135114931800208,-2.681251081663694,2.6243006695135995,-0.11114549537281318,13.959647049289833
0.0650130026005201,PASSED,-0.2596182941161186,0.01866326934804176,-2.6922992288247394,2.6241965266923115,-0.09715178537697736,14.01641862686648
0.06601320264052811,PASSED,-0.2596009792371659,0.015967629824609055,-2.6978663865046784,2.6241063945216547,-0.08311836490125236,14.044755041630657
0.06701340268053611,PASSED,-0.2595863605922812,0.013269686300330747,-2.6979949494607283,2.6240302985843584,-0.0690735352005844,14.04487947335952
0.0680136027205441,PASSED,-0.2595744377873988,0.010574845721231806,-2.69273766552442,2.6239682362948638,-0.05504534248154514,14.017068216159096
0.0690138027605521,PASSED,-0.25956520505196706,0.007888456194690974,-2.682157433885107,2.6239201771804193,-0.04106152555162104,13.961649405767433
0.07001400280056011,PASSED,-0.25955865130277417,0.00521579696977134,-2.666327085609318,2.6238860632138725,-0.02714946476367202,13.879001709403418
0.07101420284056811,PASSED,-0.25955476021767454,0.0025620686508898804,-2.6453291410628865,2.6238658091970875,-0.0133361319381872,13.76955356953909
0.07201440288057612,PASSED,-0.25955351031897556,-6.761633823667056e-05,-2.6192555545023275,2.623859303193698,0.0003519584225206471,13.63378155482035
0.07301460292058412,PASSED,-0.25955487506622865,-0.0026682430295551026,-2.588207449195835,2.6238664070099555,0.013888796460094187,13.472209026075664
0.07401480296059212,PASSED,-0.25955882295815247,-0.00523490290558949,-2.5522948272600896,2.6238869567222247,0.027248922945937705,13.285404792355427
0.07501500300060011,PASSED,-0.2595653176434012,-0.007762802596658887,-2.5116362669422694,2.623920763249765,0.04040747387235383,13.073981682456589
0.07601520304060812,PASSED,-0.2595743180398781,-0.01024727227494802,-2.466358619187041,2.6239676129711946,0.05334022333028325,12.838594641577993
0.07701540308061612,PASSED,-0.25958577846227854,-0.012683773725260677,-2.4165966710630684,2.624027268383096,0.0660236248040653,12.579939361918086
0.07801560312062412,PASSED,-0.2595996487575352,-0.015067908079698945,-2.3624928100217346,2.624099468799138,0.07843485095924987,12.29875068402891
0.07901580316063213,PASSED,-0.2596158744478262,-0.01739542320960794,-2.3041966765005037,2.62418393108794,0.09055183145839601,11.995800375890948
0.08001600320064013,PASSED,-0.2596343968807946,-0.019662220761452312,-2.2418648020736165,2.624280350447998,0.10235328909333423,11.6718958076364
0.08101620324064814,PASSED,-0.25965515338661777,-0.021864362821732233,-2.175660232417458,2.6243884012177836,0.11381877415155027,11.327877891935795
0.08201640328065612,PASSED,-0.25967807744155447,-0.023998078207549497,-2.105752154750471,2.6245077377191954,0.1249286967361814,10.964619046428025
0.08301660332066413,PASSED,-0.25970309883758824,-0.0260597683728877,-2.0323155057300313,2.6246379951324417,0.13566435725359502,10.583021498070687
0.08401680336067213,PASSED,-0.2597301438577786,-0.028046012919104107,-1.955530573207324,2.6247787904003883,0.1460079749417666,10.184015148238867
0.08501700340068014,PASSED,-0.2597591354569221,-0.02995357470384763,-1.8755825924343188,2.624929723160399,0.1559427143064172,9.76855550892511
0.08601720344068814,PASSED,-0.25978999344711934,-0.03177940454666929,-1.792661343079881,2.625090376701609,0.165452709540424,9.337621717394528
0.08701740348069614,PASSED,-0.25982263468783817,-0.03352064551796972,-1.7069607234474646,2.6252603189456103,0.17452308693802623,8.892214517740703
0.08801760352070415,PASSED,-0.2598569732800576,-0.03517463680999121,-1.6186783377375078,2.625439103448423,0.1831399851062865,8.433353935273296
0.08901780356071214,PASSED,-0.2598929207640729,-0.03673891718972087,-1.5280150743910939,2.6256262704216624,0.19129057307698458,7.962077327647926
0.09001800360072014,PASSED,-0.25993038632053805,-0.038211228022991234,-1.4351746725232206,2.6258213477707613,0.19896306634224462,7.479437223668095
0.09101820364072814,PASSED,-0.2599692769743198,-0.03958951587190663,-1.340363299843509,2.62602385214809,0.20614674064587832,6.986499023610781
0.09201840368073615,PASSED,-0.2600094978007357,-0.040871934665921705,-1.2437891234627816,2.6262332900188197,0.21283194362838062,6.484338955096633
0.09301860372074415,PASSED,-0.2600509521337456,-0.042056847440055015,-1.1456618745803329,2.6264491587373517,0.21901010433692206,5.974041877504619
0.09401880376075215,PASSED,-0.26009354177566874,-0.043142827643652494,-1.046192422942246,2.6266709476321295,0.22467374050280822,5.45669902480719
0.09501900380076016,PASSED,-0.26013716720799535,-0.04412866002409123,-0.9455923521030543,2.626898139096652,0.2298164636386035,4.933405876454005
0.09601920384076815,PASSED,-0.2601817278028676,-0.045013341079933884,-0.8440735250023906,2.6271302096845366,0.23443298202401022,4.40526005804189
0.09701940388077615,PASSED,-0.26022712203480153,-0.04579607908917315,-0.7418476653971802,2.627366631206407,0.23851910143792318,3.873358984493667
0.09801960392078415,PASSED,-0.2602732476922299,-0.04647629372081514,-0.6391259424718582,2.6276068718264978,0.2420717237677047,3.33879789330676
0.09901980396079216,PASSED,-0.26032000208844525,-0.0470536152259499,-0.5361185469100205,2.6278503971567946,0.24508884352321914,2.8026676636528833
0.10002000400080016,PASSED,-0.2603672822715291,-0.047527883215562616,-0.4330342847478523,2.6280966713465905,0.24756954215497284,2.266052610487623
0.10102020404080816,PASSED,-0.26041498523285966,-0.047899145037180804,-0.3300801795317478,2.6283451581653723,0.24951398033826255,1.7300285651577434
0.10202040408081617,PASSED,-0.26046300811379325,-0.04816765374833864,-0.22746106557521675,2.6285953220769005,0.25092338814380594,1.1956606324670702
0.10302060412082417,PASSED,-0.2605112484101241,-0.04833386569551263,-0.12537920157316343,2.6288466293024877,0.2518000531898819,0.6640013218153025
0.10402080416083216,PASSED,-0.2605596041739344,-0.0483984377130093,-0.024033894779005773,2.6290985488714265,0.2521473068167891,0.13608849696847833
0.10502100420084017,PASSED,-0.2606079742124537,-0.04836222394408183,0.07637887806512914,2.6293505536565935,0.25196950826109277,-0.3870565908062461
0.10602120424084817,PASSED,-0.2606562582835566,-0.04822627229259269,0.17566683377181347,2.6296021213932854,0.2512720269145803,-0.9044311836500466
0.10702140428085617,PASSED,-0.26070435728753716,-0.047991820521963,0.273641728534928,2.629852735679385,0.25006122272721215,-1.4150528565135883
0.10802160432086418,PASSED,-0.2607521734548095,-0.04766029200784093,0.37011970451349413,2.6301018869550337,0.24834442480187546,-1.917961304552103
0.10902180436087218,PASSED,-0.2607996105291927,-0.047233291151943566,0.4649216234866099,2.6303490734599846,0.24612990817017502,-2.412220183132661
0.11002200440088018,PASSED,-0.2608465739464535,-0.04671259847837984,0.5578733736151493,2.630593802166894,0.24342686885202217,-2.896918741499661
0.11102220444088817,PASSED,-0.26089297100778847,-0.046100165417899415,0.6488061850572705,2.6308355896889246,0.2402453973893678,-3.3711732767575118
0.11202240448089618,PASSED,-0.26093871104794353,-0.04539810879253528,0.7375569189020483,2.6310739631599516,0.23659645061123302,-3.8341291123862637
0.11302260452090418,PASSED,-0.26098370559767947,-0.044608705020710626,0.8239683404397234,2.6313084610858803,0.23249182193198376,-4.284961723824624
0.11402280456091218,PASSED,-0.26102786854030724,-0.04373438405012945,0.9078893906754735,2.631538634165573,0.22794411032839154,-4.722878190103937
0.11502300460092019,PASSED,-0.2610711162620306,-0.042777723034901446,0.9891754315963591,2.631764046079957,0.22296668776736517,-5.147118808307989
0.11602320464092819,PASSED,-0.2611133677958491,-0.04174143977628905,1.0676884766230825,2.63198427424797,0.21757366533101888,-5.556958188371838
0.1170234046809362,PASSED,-0.2611545449587884,-0.04062838593523467,1.1432974173419206,2.6321989105481016,0.21177985829012128,-5.95170627591479
0.11802360472094418,PASSED,-0.2611945724822411,-0.039441540035067786,1.2158782220502025,2.6324075620043033,0.20560074985219437,-6.330709879268323
0.11902380476095219,PASSED,-0.2612333781352171,-0.03818400027557376,1.285314117789901,2.632609851435192,0.19905245384992346,-6.693353417606
0.12002400480096019,PASSED,-0.26127089284031896,-0.03685897716677612,1.3514957694694596,2.6328054180655007,0.19215167658214383,-7.039059834562056
0.1210242048409682,PASSED,-0.26130705078227334,-0.03546978600200605,1.4143214283038044,2.632993918098866,0.18491567766722766,-7.367291635152268
0.1220244048809762,PASSED,-0.26134178950886694,-0.034019839190937276,1.4736970662454354,2.6331750252510493,0.17736223000654877,-7.677551677696652
0.1230246049209842,PASSED,-0.2613750500241517,-0.032512638462976015,1.5295365024384902,2.633348431242896,0.16950957921640322,-7.9693835317781225
0.1240248049609922,PASSED,-0.2614067768738017,-0.03095176696167251,1.5817615005468448,2.6335138462522925,0.161376402312378,-8.242372485523306
0.1250250050010002,PASSED,-0.26143691822252163,-0.02934088125024215,1.6303018520193713,2.6336709993245777,0.15298176580077918,-8.496145862315801
0.1260252050410082,PASSED,-0.2614654259234212,-0.027683703237222267,1.6750954536868932,2.6338196387409134,0.14434508349068678,-8.730373275276802
0.1270254050810162,PASSED,-0.2614922555792916,-0.02598401204693238,1.716088348025216,2.633959532344197,0.13548607383873706,-8.94476723639835
0.1280256051210242,PASSED,-0.26151736659573377,-0.024245635851663484,1.7532347600980127,2.6340904678222126,0.1264247169797674,-9.139083274017242
0.1290258051610322,PASSED,-0.2615407222261063,-0.02247244367674486,1.7864971181323641,2.6342122529478393,0.11718121176841466,-9.313119836243084
0.1300260052010402,PASSED,-0.2615622896082796,-0.020668337200495587,1.8158460483272116,2.634324715776149,0.107775932616285,-9.466718696054041
0.13102620524104822,PASSED,-0.26158203979319744,-0.018837242568114334,1.841260355083945,2.6344277047983837,0.09822938629270642,-9.599764741928272
0.13202640528105622,PASSED,-0.26159994776526607,-0.01698310222996119,1.8627269935326074,2.6345210890529174,0.088562169047191,-9.712185581240185
0.13302660532106422,PASSED,-0.2616159924546063,-0.015109866824642847,1.8802410131755019,2.6346047581932663,0.07879492372779702,-9.803951811496495
0.13402680536107223,PASSED,-0.26163015674122186,-0.013221487124521116,1.8938054914192164,2.634678622513501,0.06894829725153478,-9.875076252772718
0.13502700540108023,PASSED,-0.26164242745115157,-0.01132190605679697,1.903431451927433,2.634742612931317,0.05904289855000618,-9.92561366736585
0.1360272054410882,PASSED,-0.2616527953446908,-0.0094150508161147,1.9091377665188305,2.6347966809292322,0.049099256856153385,-9.955660378177425
0.1370274054810962,PASSED,-0.26166125509678295,-0.007504825088265991,1.9109510354019605,2.634840798454388,0.039137780560211034,-9.965353574452298
0.1380276055211042,PASSED,-0.261667805269695,-0.005595101394242276,1.90890546643822,2.634874957777592,0.029178716820732687,-9.954870516162378
0.13902780556111222,PASSED,-0.2616724482781087,-0.003689713571535701,1.9030427268854786,2.634899171312233,0.019242111763384074,-9.924428084806104
0.14002800560112022,PASSED,-0.26167519034677217,-0.0017924494116803758,1.8934117818352225,2.6349134713938627,0.009347771492219277,-9.87428172873726
0.14102820564112822,PASSED,-0.2616760414608697,9.295654141783944e-05,1.8800687339402102,2.6349179100212705,-0.00048477590652315624,-9.804724512079215
0.14202840568113623,PASSED,-0.2616750153092838,0.0019628300121461596,1.86307662858706,2.6349125585599324,-0.010236317574727259,-9.716086438954031
0.14302860572114423,PASSED,-0.2616721292209324,0.003813563820735268,1.8425052619238074,2.634897507408871,-0.019887991989830198,-9.608733065868876
0.14402880576115223,PASSED,-0.26166740409438227,0.005641624508938726,1.818430972389892,2.634872865631939,-0.02942132392653119,-9.48306451725574
0.14502900580116024,PASSED,-0.26166086432094465,0.007443558749647639,1.7909364195882627,2.6348387605546444,-0.03881825842061652,-9.33951447863838
0.14602920584116824,PASSED,-0.26165253770147756,0.009215999528387827,1.7601103515081398,2.634795337327738,-0.04806119339058408,-9.178548630853681
0.14702940588117624,PASSED,-0.26164245535712444,0.010955672089513573,1.7260473675374828,2.634742758458751,-0.05713301101242518,-9.00066361583272
0.14802960592118425,PASSED,-0.26163065163423205,0.01265939963450182,1.6888476632887581,2.6346812033128097,-0.06601710785144232,-8.806385654473418
0.14902980596119225,PASSED,-0.2616171640036996,0.014324108762996567,1.648616771965405,2.6346108675840916,-0.07469742350203352,-8.596268981336394
0.15003000600120023,PASSED,-0.2616020329550184,0.015946834651362304,1.6054652992992904,2.634531962739273,-0.08315846787546914,-8.37089463483509
0.15103020604120823,PASSED,-0.26158530188527157,0.01752472595690217,1.5595086430335794,2.63444471543447,-0.09138534702267279,-8.130868822116025
0.15203040608121624,PASSED,-0.2615670169833707,0.019055049440850354,1.5108667112245864,2.6343493669070908,-0.09936378744062212,-7.876821481838194
0.15303060612122424,PASSED,-0.2615472271098114,0.020535194307995722,1.4596636377592187,2.6342461723441986,-0.10708015880145279,-7.609404613492311
0.15403080616123224,PASSED,-0.2615259836722377,0.021962676251501535,1.4060274806702069,2.634135400228857,-0.11452149519210557,-7.329290908759757
0.15503100620124025,PASSED,-0.2615033404971112,0.023335141199974693,1.3500899270084588,2.6340173316661017,-0.12167551470878547,-7.037171921960001
0.15603120624124825,PASSED,-0.26147935369778386,0.024650368762630825,1.2919859864212437,2.6338922596901315,-0.1285306373894565,-6.7337565198116875
0.15703140628125625,PASSED,-0.2614540815392785,0.025906275369363106,1.2318536869396435,2.6337604885543193,-0.1350760016059637,-6.419769347637561
0.15803160632126426,PASSED,-0.2614275843000858,0.027100917100838336,1.169833761165622,2.6336223330057367,-0.14130147873349863,-6.095948980799839
0.15903180636127226,PASSED,-0.26139992413128704,0.028232492204644175,1.1060693322326436,2.6334781175458306,-0.14719768612200737,-5.763046326981354
0.16003200640128026,PASSED,-0.26137116491331536,0.02929934330225375,1.0407056078608619,2.633328175678893,-0.15275599851484312,-5.421823103405357
0.16103220644128827,PASSED,-0.2613413721106702,0.03029995927874953,0.9738895555857299,2.6331728491500583,-0.15796855766941928,-5.073049855356679
0.16203240648129627,PASSED,-0.26131061262489946,0.031232976855599386,0.9057695910259357,2.6330124871744744,-0.16282828029978605,-4.717504480373479
0.16303260652130427,PASSED,-0.2612789546461629,0.03209718185347871,0.8364952691149116,2.6328474456593005,-0.16732886448229403,-4.35597065059765
0.16403280656131225,PASSED,-0.2612464675036945,0.032891510136753066,0.7662169593806564,2.632678086420238,-0.17146479427101285,-3.9892358807995922
0.16503300660132025,PASSED,-0.2612132215154728,0.03361504824682589,0.695085543867604,2.6325047763942564,-0.1752313426040649,-3.6180899678869944
0.16603320664132826,PASSED,-0.26117928783741406,0.03426703372606,0.6232521028117918,2.632327886850125,-0.17862457276052177,-3.2433236155034733
0.16703340668133626,PASSED,-0.2611447383123954,0.034846855132521094,0.5508676088939553,2.632147792598421,-0.18164133806825486,-2.86572643588613
0.16803360672134426,PASSED,-0.2611096453194142,0.03535405175144025,0.47808262560261927,2.6319648712026122,-0.18427927994097817,-2.486085497281444
0.16903380676135227,PASSED,-0.26107408162318657,0.03578831300579782,0.40504700686088296,2.6317795021928045,-0.18653682449618736,-2.105183927161008
0.17003400680136027,PASSED,-0.26103812022448203,0.0361494775708271,0.3319096038082173,2.631592066283712,-0.18841317756576917,-1.723799164529001
0.17103420684136827,PASSED,-0.26100183421148876,0.03643753219905518,0.2588179778413122,2.6314029445984204,-0.18990831806273809,-1.3427013852622194
0.17203440688137628,PASSED,-0.2609652966124964,0.036652610257892224,0.18591811283420812,2.631212517899395,-0.19102299003701115,-0.9626523669469378
0.17303460692138428,PASSED,-0.2609285802501799,0.03679498998895841,0.11335414322083659,2.6310211658282685,-0.19175869319536157,-0.5844036859527457
0.17403480696139229,PASSED,-0.26089175759775884,0.03686509249567639,0.04126808238275561,2.6308292661557906,-0.19211767194606863,-0.20869546054329494
0.1750350070014003,PASSED,-0.2608549006373023,0.036863479464489785,-0.030200440232842223,2.630637194043363,-0.19210290318461065,0.16374490945881628
0.1760352070414083,PASSED,-0.2608180807204413,0.03679085062677682,-0.10091443603305149,2.6304453213175223,-0.1917180826635811,0.5322042620767445
0.1770354070814163,PASSED,-0.26078136843174143,0.036648040972473074,-0.17073979981754214,2.630254015758664,-0.19096761006688973,0.8959848197678083
0.17803560712142427,PASSED,-0.26074483345498367,0.036436017722051094,-0.23954555082493686,2.6300636404052975,-0.18985657288805394,1.2544054182144788
0.17903580716143228,PASSED,-0.2607085444425895,0.0361558770619325,-0.3072040663143629,2.629874552875034,-0.18839072908699886,1.6068027229487947
0.18003600720144028,PASSED,-0.26067256888841944,0.035808840659655845,-0.37359129291817544,2.6296871047034838,-0.18657648858655318,1.9525323521102578
0.18103620724144828,PASSED,-0.2606369730041642,0.035396251963485476,-0.4385869650051582,2.6295016407022156,-0.18442089366258796,2.29096997186858
0.1820364072814563,PASSED,-0.26060182159953865,0.03491957229477641,-0.502074804511672,2.629318498336776,-0.18193159836837217,2.6215121757805844
0.1830366073214643,PASSED,-0.26056717796647777,0.03438037674739451,-0.5639427092953782,2.6291380071258916,-0.1791168468439345,2.943577756875676
0.1840368073614723,PASSED,-0.2605331037675258,0.03378034990267315,-0.6240829350053603,2.628960488062708,-0.17598545077907135,3.2566082701881753
0.1850370074014803,PASSED,-0.2604996589285967,0.03312128136859671,-0.682392266790493,2.628786253059053,-0.17254676600355168,3.560069112407344
0.1860372074414883,PASSED,-0.26046690153627516,0.03240506115603822,-0.7387721764038163,2.6286156044135383,-0.16881066817172097,3.853450311446309
0.1870374074814963,PASSED,-0.26043488773981655,0.031633674903757146,-0.7931289695325955,2.628448834304298,-0.16478752776004257,4.136267145166423
0.1880376075215043,PASSED,-0.26040367165799294,0.030809198959747635,-0.8453739269941204,2.628286224307102,-0.1604881843546073,4.408060912281204
0.1890378075615123,PASSED,-0.26037330529091984,0.029933795333615204,-0.895423425557974,2.6281280449395563,-0.1559239201834219,4.668399677121533
0.19003800760152031,PASSED,-0.26034383843699,0.02900970653012944,-0.9431990554376185,2.627974555231913,-0.15110643324980247,4.916878437951362
0.19103820764152832,PASSED,-0.2603153186150255,0.028039250275364584,-0.9886277209830112,2.6278260023251776,-0.14604780977474432,5.1531201664626725
0.1920384076815363,PASSED,-0.2602877909917517,0.02702481414528095,-1.0316417361507164,2.627682621096923,-0.140760496161818,5.376775910568791
0.1930386077215443,PASSED,-0.26026129831468153,0.025968850112896277,-1.0721788965406462,2.6275446338152606,-0.13525727074460456,5.587525088309869
0.1940388077615523,PASSED,-0.2602358808504896,0.024873869021052063,-1.110182555379927,2.6274122498214094,-0.12955121494945107,5.7850762663825845
0.1950390078015603,PASSED,-0.2602115763289421,0.023742434993597215,-1.145601675504793,2.627285665241097,-0.12365568426808428,5.969166958022922
0.1960392078415683,PASSED,-0.260188419892439,0.02257715979844843,-1.1783908749114458,2.6271650627251266,-0.11758427907141175,6.139564022438939
0.1970394078815763,PASSED,-0.26016644405121053,0.021380697173213815,-1.2085104587833888,2.6270506112192775,-0.11135081510688824,6.296063925913232
0.19803960792158432,PASSED,-0.26014567864420146,0.02015573712221669,-1.2359264458062795,2.6269424657636873,-0.1049692939583205,6.438492630337427
0.19903980796159232,PASSED,-0.2601261508056626,0.01890500020120565,-1.2606105711475486,2.6268407673218115,-0.09845387347562189,6.566705717606056
0.20004000800160032,PASSED,-0.2601078849374595,0.017631231797645242,-1.2825402918356479,2.6267456426389764,-0.09181883814576915,6.680588404683862
0.20104020804160833,PASSED,-0.2600909026870958,0.016337196418036784,-1.3016987714569968,2.6266572041305056,-0.08507856953325628,6.780055417732221
0.20204040808161633,PASSED,-0.2600752229314374,0.015025671995988522,-1.3180748557757769,2.6265755497993264,-0.07824751688006287,6.865050810167528
0.20304060812162433,PASSED,-0.26006086176611465,0.013699444227871832,-1.3316630430106329,2.6265007631829334,-0.07134016781049858,6.935547909162133
0.20404080816163234,PASSED,-0.26004783250056485,0.012361300951500053,-1.3424634319458784,2.6264329133294813,-0.06437101929910015,6.9915489128893
0.20504100820164034,PASSED,-0.2600361456586719,0.011014026574138785,-1.350481674304862,2.6263720548028036,-0.05735454889860403,7.033084725567331
0.20604120824164834,PASSED,-0.26002580898494415,0.009660396562995019,-1.3557289023697014,2.6263182277159998,-0.05030518631094208,7.060214495725038
0.20704140828165632,PASSED,-0.2600168274561657,0.008303172008392638,-1.3582216560908338,2.626271457793304,-0.04323728530511612,7.073025345893237
0.20804160832166432,PASSED,-0.26000920329844307,0.006945094266322342,-1.3579817993899375,2.6262317564597586,-0.03616509610340805,7.071631772251299
0.20904180836167233,PASSED,-0.260002936009561,0.005588879694986883,-1.3550364192991413,2.6261991209583146,-0.029102738208785044,7.05617530953747
0.21004200840168033,PASSED,-0.2599980223865522,0.00423721449075904,-1.349417727513645,2.6261735344938066,-0.02206417376205322,7.026823871528059
0.21104220844168833,PASSED,-0.2599944565583743,0.0028927496341639427,-1.341162942649399,2.6261549664032637,-0.015063181517384172,6.983771160096371
0.21204240848169634,PASSED,-0.25999223002358024,0.0015580959553973112,-1.3303141695114533,2.6261433723520105,-0.008113331325315394,6.927236213383715
0.21304260852170434,PASSED,-0.25999133169286004,0.00023581932552481914,-1.3169182701131845,2.626138694554846,-0.001227959377994086,6.857462436613037
0.21404280856171234,PASSED,-0.25999174793632096,-0.0010715640150190824,-1.3010267208310464,2.6261408620217113,0.005579855891087059,6.7747171573932174
0.21504300860172035,PASSED,-0.25999346263536777,-0.0023615919850910527,-1.2826954695659198,2.626149790827056,0.012297317210147615,6.6792907601721145
0.21604320864172835,PASSED,-0.25999645723903614,-0.0036318610425270037,-1.2619847826826385,2.626165384402204,0.018911931037479426,6.571495872104942
0.21704340868173636,PASSED,-0.2600007108246247,-0.004880030403623221,-1.2389590800386032,2.6261875338499006,0.0254115293534728,6.451666611918991
0.21804360872174436,PASSED,-0.26000620016246395,-0.006103826098200146,-1.213686770935805,2.6262161182802015,0.03178429058615308,6.320157646521134
0.21904380876175236,PASSED,-0.2600128997846549,-0.007301044855122773,-1.1862400809138414,2.6262510051668992,0.0380187597176793,6.17734345486294
0.22004400880176037,PASSED,-0.2600207820576035,-0.008469557810030656,-1.1566948709039098,2.626292050723547,0.04410386744943262,6.023617249680256
0.22104420884176834,PASSED,-0.2600298172581693,-0.009607314028001503,-1.1251304493488037,2.626339100298161,0.05002894836061774,5.859390018855022
0.22204440888177635,PASSED,-0.26003997365324627,-0.010712343842814621,-1.0916293917893276,2.626391988785687,0.05578375823888677,5.68508978454502
0.22304460892178435,PASSED,-0.26005121758258176,-0.011782761999989734,-1.0562773340989693,2.626450541057251,0.0613584904081128,5.501160425680049
0.22404480896179235,PASSED,-0.26006351354464147,-0.012816770602710498,-1.01916278180196,2.6265145724051613,0.06674379089236268,5.308060523296403
0.22504500900180036,PASSED,-0.26007682428532014,-0.013812661859177667,-0.980376906243978,2.6265838890027045,0.07193077274181292,5.106262733552804
0.22604520904180836,PASSED,-0.26009111088929526,-0.014768820623119131,-0.9400133357397874,2.6266582883776355,0.07691102924754996,4.896252353859861
0.22704540908181636,PASSED,-0.26010633287381785,-0.01568372672650723,-0.8981679484869797,2.626737559898363,0.08167664602878676,4.678526399488093
0.22804560912182437,PASSED,-0.2601224482847307,-0.01655595710296063,-0.8549386617643406,2.6268214852717264,0.08622021213257187,4.4535925733164685
0.22904580916183237,PASSED,-0.260139413794503,-0.017384187697790574,-0.8104252168736786,2.626909839051287,0.09053483000997181,4.221968080122254
0.23004600920184037,PASSED,-0.2601571848020676,-0.018167195163177306,-0.7647289643954351,2.627002389155064,0.09461412439111393,3.984178581822016
0.23104620924184838,PASSED,-0.26017571553424523,-0.01890385833711923,-0.7179526469729168,2.6270988973915546,0.09845225001700983,3.740756988611832
0.23204640928185638,PASSED,-0.2601949591485394,-0.019593159506134817,-0.6702001837107013,2.6271991199930156,0.10204389835957703,3.4922425785374527
0.23304660932186438,PASSED,-0.2602148678370855,-0.02023418545099147,-0.6215764522872875,2.6273028081547882,0.10538430311008805,3.239179531826739
0.2340468093618724,PASSED,-0.2602353929315345,-0.020826128271329205,-0.5721870657046968,2.6274097085796493,0.10846924460682238,2.9821161400060467
0.23504700940188036,PASSED,-0.26025648500865683,-0.02136828599755306,-0.5221381665699563,2.6275195640259965,0.11129505317510938,2.721603520474326
0.23604720944188837,PASSED,-0.260278093996446,-0.021860062984076715,-0.47153619982612277,2.6276321138587773,0.11385861124797397,2.458194441124775
0.23704740948189637,PASSED,-0.2603001692805089,-0.022300970084087237,-0.42048770013345294,2.6277470946020642,0.11615735448592544,2.192442435835935
0.23804760952190437,PASSED,-0.2603226598105264,-0.02269062461648443,-0.3690990872396854,2.627864240492142,0.11818927176481049,1.9249005075844536
0.23904780956191238,PASSED,-0.26034551420657154,-0.0230287501162553,-0.3174764414583302,2.6279832840300226,0.11995290399159687,1.6561200395876778
0.24004800960192038,PASSED,-0.26036868086507586,-0.023315175875380168,-0.26572530423588875,2.628103956532302,0.12144734194600386,1.386649897619875
0.24104820964192838,PASSED,-0.26039210806423335,-0.023549836280200135,-0.2139504718760208,2.6282259886792554,0.12267222298670655,1.117035136091239
0.2420484096819364,PASSED,-0.26041574406863943,-0.02373276994204195,-0.16225578848567324,2.6283491110591473,0.12362772670005111,0.8478160981801149
0.2430486097219444,PASSED,-0.260439537232961,-0.023864118627834198,-0.11074395066330345,2.628473054707674,0.12431456954726806,0.579527346574844
0.2440488097619524,PASSED,-0.2604634361044404,-0.023944125996539226,-0.05951631406618096,2.628597551641522,0.12473399844996097,0.3126966067716138
0.2450490098019604,PASSED,-0.2604873895240399,-0.02397313614306359,-0.00867270149649123,2.6287223353850404,0.1248877834015496,0.04784384813331447
0.2460492098419684,PASSED,-0.2605113467260347,-0.02395159195167531,0.04168878664479379,2.628847141489005,0.1247782090719629,-0.21451978140005942
0.2470494098819764,PASSED,-0.26053525743587297,-0.02388003327172716,0.09147194215038977,2.628971708040564,0.12440806550586178,-0.4738927559018132
0.2480496099219844,PASSED,-0.26055907196611994,-0.023759094914139554,0.14058263454575365,2.6290957761633713,0.12378063786213085,-0.729784235617009
0.24904980996199239,PASSED,-0.2605827413103139,-0.02358950447396865,0.18892897725434094,2.6292190905070147,0.12289969521537887,-0.9817149208419557
0.2500500100020004,PASSED,-0.26060621723456445,-0.02337207999148037,0.23642148597757034,2.6293413997248813,0.12176947859787612,-1.2292177486099456
0.2510502100420084,PASSED,-0.2606294523667311,-0.023107727451755433,0.28297324222317655,2.6294624569395335,0.12039468807209917,-1.4718390438882913
0.2520504100820164,PASSED,-0.26065240028302555,-0.02279743813083081,0.32850004005892475,2.6295820201948628,0.11878046907153471,-1.7091389716818992
0.2530506101220244,PASSED,-0.26067501559188766,-0.022442285794684415,0.3729205335380373,2.6296998528941575,0.1169323979889173,-1.9406924899077662
0.2540508101620324,PASSED,-0.26069725401499344,-0.022043423762346796,0.41615636487067037,2.6298157242233726,0.11485646694700717,-2.1660900765783904
0.2550510102020404,PASSED,-0.2607190724652574,-0.021602081833325706,0.4581323051213704,2.6299294095588506,0.11255906790491506,-2.384938352434593
0.2560512102420484,PASSED,-0.2607404291217029,-0.021119563090605274,0.49877636778647666,2.6300406908588454,0.11004697616027606,-2.596860672775252
0.2570514102820564,PASSED,-0.2607612835010774,-0.020597240587855,0.5380199260594716,2.630149357038176,0.10732733313746054,-2.8014979228423442
0.2580516103220644,PASSED,-0.26078159652610033,-0.02003655392605034,0.5757978189681215,2.6302552043254153,0.10440762860055937,-2.998508946273722
0.2590518103620724,PASSED,-0.260801330590238,-0.019439005728600883,0.6120484497703431,2.630358036602043,0.10129568238800224,-3.1875710567460676
0.2600520104020804,PASSED,-0.260820449618907,-0.01880615802200817,0.6467138778076235,2.6304576657230596,0.0979996256026501,-3.3683806044228537
0.26105221044208843,PASSED,-0.2608389191270174,-0.018139628532772598,0.6797398968542054,2.6305539118185504,0.09452788130738554,-3.5406534224923565
0.26205241048209643,PASSED,-0.2608567062727748,-0.017441086906311454,0.7110761128657698,2.6306466035757805,0.0908891448552508,-3.7041251385629734
0.26305261052210444,PASSED,-0.2608737799076664,-0.0167122508556452,0.7406760091999143,2.6307355785014344,0.08709236386740508,-3.8585515540342072
0.26405281056211244,PASSED,-0.26089011062256884,-0.01595488225229566,0.7684969994492887,2.6308206831636,0.0831467177668394,-4.0037091315866515
0.26505301060212044,PASSED,-0.26090567078991966,-0.015170783163262595,0.7945004820889182,2.6309017734132603,0.07906159714613921,-4.139394946775901
0.26605321064212845,PASSED,-0.26092043460190617,-0.01436179184531593,0.8186518751851617,2.630978714584977,0.07484658288563038,-4.265427136330775
0.26705341068213645,PASSED,-0.2609343781046314,-0.013529778704239354,0.8409206516708531,2.6310513816765577,0.07051142496177217,-4.38164511554318
0.26805361072214445,PASSED,-0.2609474792282273,-0.012676642227783825,0.8612803596453119,2.631119659507572,0.06606602125237383,-4.487909438635109
0.26905381076215246,PASSED,-0.26095971781289323,-0.011804304901134387,0.8797086379855216,2.6311834428565275,0.061520396170201164,-4.584102177864384
0.27005401080216046,PASSED,-0.26097107563084476,-0.010914709112004076,0.8961872232268384,2.6312426365766717,0.056884679179133084,-4.670126866537217
0.2710542108421684,PASSED,-0.26098153640416955,-0.010009813055582385,0.9107019452182569,2.631297155690363,0.05216908341149314,-4.745908368375094
0.2720544108821764,PASSED,-0.26099108581859176,-0.009091586647078216,0.9232427173614434,2.6313469254620254,0.047383884263628585,-4.811393000857534
0.2730546109221844,PASSED,-0.26099971153315743,-0.008162007448631216,0.9338035191707038,2.631391881449724,0.04253939799917819,-4.866548440178965
0.2740548109621924,PASSED,-0.26100740318585997,-0.0072230566204538535,0.9423823675151352,2.6314319695354786,0.0376459605783121,-4.911363407990837
0.2750550110022004,PASSED,-0.26101415239523434,-0.006276714905379114,0.948981280114476,2.6314671459344288,0.03271390660058171,-4.945847690890095
0.2760552110422084,PASSED,-0.2610199527579536,-0.005324958649706174,0.9536062393785831,2.6314973771830483,0.02775354839722355,-4.970031878336872
0.27705541108221643,PASSED,-0.2610247998424741,-0.004369755874523743,0.956267132384996,2.631522640106648,0.02277515548768942,-4.983966930332304
0.27805561112222443,PASSED,-0.26102869117877786,-0.003413062399850134,0.9569777028660169,2.631542921766363,0.017788934185032645,-4.987724217539757
0.27905581116223244,PASSED,-0.2610316262442716,-0.002456818031568609,0.9557554785585308,2.6315582193860156,0.012805007596847622,-4.981394835281865
0.28005601120224044,PASSED,-0.26103360644590906,-0.0015029428191184148,0.9526217017113034,2.6315685402591473,0.007833396044617875,-4.965089363528335
0.28105621124224844,PASSED,-0.2610346350986076,-0.0005533333860510433,0.9476012539714167,2.631573901636594,0.002883997737617311,-4.938937602648717
0.28205641128225645,PASSED,-0.2610347174000402,0.0003901406527552289,0.9407225620295093,2.6315743305950425,-0.002033430033286852,-4.903087883074461
0.28305661132226445,PASSED,-0.2610338604018889,0.001325640184997526,0.9320175123841559,2.631569863887025,-0.006909289160992094,-4.857706624125762
0.28405681136227245,PASSED,-0.2610320729776516,0.002251360002180476,0.9215213537154786,2.631560547772815,-0.011734158622342084,-4.802978019499477
0.28505701140228046,PASSED,-0.2610293657871007,0.003165532096472882,0.9092725880103575,2.6315464378347584,-0.01649881180882201,-4.739103297800231
0.28605721144228846,PASSED,-0.26102575123750066,0.004066428847792831,0.8953128601930107,2.6315275987746,-0.02119423317008313,-4.666300070235045
0.28705741148229647,PASSED,-0.26102124344169036,0.004952366104123711,0.8796868537561265,2.6315041041943577,-0.025811634412922554,-4.584802024575677
0.28805761152230447,PASSED,-0.2610158581731497,0.005821706139929095,0.8624421571715549,2.631476036361392,-0.03034247003795454,-4.494858025336192
0.28905781156231247,PASSED,-0.2610096128181681,0.006672860490536789,0.8436291462317862,2.631443485958268,-0.034778452148652605,-4.396731500939316
0.2900580116023205,PASSED,-0.26100252632524135,0.00750429266254679,0.8233008558621449,2.6314065518181056,-0.039111564662341954,-4.290699855522704
0.2910582116423285,PASSED,-0.26099461915182554,0.008314520711409637,0.8015128441966477,2.631365340646061,-0.043334076871845026,-4.177053778823315
0.2920584116823365,PASSED,-0.260985913208582,0.009102119682286977,0.778323055331134,2.6313199667277067,-0.04743855613051425,-4.056096245233155
0.2930586117223445,PASSED,-0.26097643180125035,0.009865723912718602,0.753791680498618,2.6312705516249544,-0.051417879952698815,-3.928142206818839
0.2940588117623525,PASSED,-0.2609661995702904,0.01060402919374504,0.727981014711652,2.631217223860352,-0.05526524732155313,-3.793517476877952
0.2950590118023605,PASSED,-0.260955242428436,0.011315794784813118,0.7009553086390304,2.6311601185904387,-0.05897418917568404,-3.6525581056328913
0.2960592118423685,PASSED,-0.26094358749630936,0.01199984527983758,0.6727806192814167,2.6310993772689804,-0.06253857818349297,-3.5056096092596163
0.2970594118823765,PASSED,-0.26093126303624203,0.012655072325732389,0.6435246636370715,2.631035147300866,-0.06595263766997456,-3.353026071296243
0.2980596119223845,PASSED,-0.26091829838445635,0.013280436186549217,0.6132566589366646,2.630967581687433,-0.06921094979409863,-3.195169492675969
0.29905981196239245,PASSED,-0.2609047238817584,0.01387496715401444,0.5820471731509294,2.6308968386640728,-0.07230846286895798,-3.0324087963149355
0.30006001200240046,PASSED,-0.2608905708028977,0.014437766804399108,0.5499679685404917,2.630823081330912,-0.07524049784236797,-2.8651190914733635
0.30106021204240846,PASSED,-0.2608758712847492,0.014968009098158585,0.5170918439054649,2.630746477277359,-0.0780027540739608,-2.693680991672491
0.30206041208241646,PASSED,-0.2608606582534731,0.01546494132361898,0.4834924798303526,2.6306671982013965,-0.08059131416039052,-2.51847948293452
0.30306061212242447,PASSED,-0.26084496535081025,0.01592788488324717,0.4492442794934167,2.630585419524419,-0.08300264791768454,-2.3399032735336855
0.30406081216243247,PASSED,-0.2608288268596688,0.016356235923230756,0.41442221364369947,2.630501320002402,-0.08523361573170199,-2.1583441743399514
0.3050610122024405,PASSED,-0.26081227762915976,0.01674946580737149,0.3791016644720925,2.63041508133432,-0.08728147085763119,-1.9741957603220346
0.3060612122424485,PASSED,-0.2607953529992377,0.017107121433266276,0.34335826684325416,2.630326887768526,-0.08914386098796115,-1.7878530436685938
0.3070614122824565,PASSED,-0.2607780887251005,0.017428825395282004,0.3072677587973763,2.6302369257079925,-0.09081882909835305,-1.599711488207454
0.3080616123224645,PASSED,-0.2607605209015045,0.01771427599332426,0.27090582420551496,2.6301453833151816,-0.0923048133342074,-1.4101660676189456
0.3090618123624725,PASSED,-0.26074268588714616,0.01796324708891707,0.2343479431843377,2.630052450117357,-0.09360064616885065,-1.219610679326114
0.3100620124024805,PASSED,-0.260724620229262,0.018175587812720932,0.19766924421687687,2.6299583166131217,-0.09470555283865273,-1.0284373301193666
0.3110622124424885,PASSED,-0.26070636058859625,0.018351222121752882,0.16094435224199674,2.629863173880969,-0.09561914890026241,-0.8370352159365343
0.3120624124824965,PASSED,-0.26068794366488224,0.018490148212368544,0.12424724953143446,2.6297672131906222,-0.09634143704349472,-0.6457900947628307
0.3130626125225045,PASSED,-0.26066940612298245,0.018592437791364613,0.08765113197249513,2.6296706256178917,-0.09687280324675161,-0.45508360891960303
0.3140628125625125,PASSED,-0.26065078451982826,0.01865823520439112,0.05122826706252008,2.6295736016638016,-0.09721401213069956,-0.26529240063351794
0.3150630126025205,PASSED,-0.2606321152322982,0.01868775642865126,0.015049862391885643,2.629476330878721,-0.09736620155015953,-0.07678743201091347
0.3160632126425285,PASSED,-0.260613434386169,0.01868128793472147,-0.020814064810906068,2.6293790014921674,-0.09733087661456648,0.11006651399569088
0.3170634126825365,PASSED,-0.26059477778627216,0.01863918541462679,-0.05629482361720119,2.6292818000490072,-0.09710990297347528,0.2949117258215187
0.3180636127225445,PASSED,-0.2605761808479823,0.018561872385376092,-0.09132516633969863,2.6291849110526733,-0.09670549940660393,0.47739812757124417
0.3190638127625525,PASSED,-0.2605576785301624,0.01844983867401949,-0.12583940803453744,2.629088516616087,-0.0961202298406878,0.6571838581460557
0.3200640128025605,PASSED,-0.2605393052696844,0.01830363878096142,-0.15977354974041932,2.6289927961208472,-0.09535699479486066,0.8339358376145414
0.32106421284256853,PASSED,-0.2605210949176415,0.018123890130783065,-0.19306538380364852,2.6288979258853544,-0.09441902211216886,1.0073305794099763
0.32206441288257653,PASSED,-0.26050308067736105,0.017911271218958868,-0.22565459717122932,2.6288040788423674,-0.09330985724344061,1.177054394940418
0.32306461292258454,PASSED,-0.26048529504432605,0.017666519649800108,-0.2574828838171112,2.6287114242265868,-0.09203335301209592,1.3428041222808764
0.32406481296259254,PASSED,-0.2604677697481042,0.01739043007873591,-0.28849402922892675,2.628620127272771,-0.09059365875044023,1.504287687905555
0.32506501300260054,PASSED,-0.2604505356963817,0.017083852061906137,-0.3186340085636697,2.6285303489248744,-0.08899520906119474,1.6612243568054328
0.32606521304260855,PASSED,-0.2604336229211925,0.016747687814776802,-0.3478510728397795,2.6284422455566756,-0.08724271213179272,1.81334531113308
0.32706541308261655,PASSED,-0.2604170605274269,0.01638288989055446,-0.3760958251440528,2.628355968704332,-0.08534113755435285,1.9603940883110464
0.3280656131226245,PASSED,-0.2604008766437022,0.015990458781132155,-0.40332129894113755,2.6282716648112907,-0.08329570376065182,2.1021269306277097
0.3290658131626325,PASSED,-0.2603850983756673,0.015571440443515017,-0.4294830300678054,2.6281894749858896,-0.08111186518612891,2.2383130037863705
0.3300660132026405,PASSED,-0.2603697517618119,0.01512692376423857,-0.4545391120822078,2.628109534772061,-0.07879529898056606,2.3687350067471873
0.3310662132426485,PASSED,-0.26035486173184197,0.014658037961532864,-0.47845026312137023,2.6280319739333926,-0.07635189146319754,2.4931891911160826
0.3320664132826565,PASSED,-0.26034045206768114,0.014165949930679583,-0.5011798760078912,2.6279569162509118,-0.07378772430369898,2.6114858050868883
0.3330666133226645,PASSED,-0.260326545367147,0.013651861545020419,-0.5226940587600127,2.627884479334782,-0.0711090604548139,2.7234492114172077
0.3340668133626725,PASSED,-0.2603131630103503,0.013117006911490231,-0.5429616833769708,2.6278147744501954,-0.0683223298589058,2.828918185568692
0.3350670134026805,PASSED,-0.26030032512885615,0.012562649587409706,-0.5619544178828917,2.627747906357636,-0.06543411496746226,2.9277460286934183
0.33606721344268853,PASSED,-0.26028805057764076,0.011990079771140494,-0.5796467485267578,2.6276839731676986,-0.062451136120268626,3.0198007261937945
0.33706741348269653,PASSED,-0.2602763569098733,0.011400611463254648,-0.5960160141252397,2.627623066210589,-0.0593802367888701,3.1049650682016803
0.33806761352270454,PASSED,-0.2602652603545436,0.010795579608401691,-0.6110424153381024,2.627565269920417,-0.05622836873981686,3.1831367029542794
0.33906781356271254,PASSED,-0.26025477579695344,0.010176337226958949,-0.6247090255125054,2.6275106617343913,-0.05300257708599551,3.254228287732733
0.34006801360272054,PASSED,-0.26024491676208117,0.009544252536413677,-0.637001800567116,2.6274593120069225,-0.04970998536065749,3.318167350408224
0.34106821364272855,PASSED,-0.2602356954008246,0.008900706070702662,-0.6479095758069459,2.6274112839386716,-0.046357780592379695,3.374896380190843
0.34206841368273655,PASSED,-0.2602271224791216,0.008247087804508828,-0.6574240597850921,2.6273666335205554,-0.042953198319409074,3.4243728681571435
0.34306861372274455,PASSED,-0.2602192073699417,0.007584794286788832,-0.665539823009932,2.6273254094926353,-0.039503507739189765,3.4665690549274193
0.34406881376275256,PASSED,-0.26021195804813557,0.006915225789251355,-0.6722542805558397,2.6272876533178415,-0.03601599694303047,3.5014719569805552
0.34506901380276056,PASSED,-0.2602053810881259,0.006239783475008363,-0.6775676700344254,2.627253399170439,-0.032497958185517,3.5290832912020806
0.34606921384276856,PASSED,-0.2601994816644152,0.005559866593549057,-0.6814830224092266,2.6272226739391087,-0.028956673339712587,3.5494192155392956
0.34706941388277657,PASSED,-0.26019426355488345,0.004876869706803673,-0.6840061296361561,2.6271954972444727,-0.025399399571145113,3.5625101372529286
0.34806961392278457,PASSED,-0.2601897291468394,0.004192179952948133,-0.6851455033351305,2.6271718814709253,-0.021833355090330173,3.5684007098562875
0.3490698139627926,PASSED,-0.26018587944578947,0.0035071743481574808,-0.684912339094332,2.627151831812535,-0.01826570516972216,3.5671493944424957
0.3500700140028006,PASSED,-0.260182714086878,0.002823217138768674,-0.6833204562517897,2.627135346332793,-0.014703548474700087,3.5588282287417896
0.3510702140428086,PASSED,-0.26018023134895085,0.0021416572039047468,-0.6803862539386856,2.627122416037973,-0.011153903539795939,3.5435227390123862
0.3520704140828166,PASSED,-0.2601784281711897,0.0014638255102580825,-0.6761286534519835,2.6271130249637937,-0.0076236955966311375,3.521331412599746
0.3530706141228246,PASSED,-0.26017730017225715,0.0007910326317050922,-0.6705690286203281,2.627107150275121,-0.004119743735475644,3.4923654935259925
0.3540708141628326,PASSED,-0.2601768416718919,0.0001245663327382568,-0.663731145864507,2.6271047623783406,-0.0006487483660819826,3.456748619972108
0.3550710142028406,PASSED,-0.2601770457148862,-0.0005343107819690936,-0.6556410939359127,2.627105825046099,0.00278272097090534,3.4146164816641322
0.35607121424284854,PASSED,-0.2601779040973754,-0.001184363543329812,-0.6463272063105889,2.627110295554012,0.006168237380041845,3.3661163607847553
0.35707141428285655,PASSED,-0.26017940739536444,-0.0018243864154723632,-0.6358199826971925,2.6271181248289994,0.00950152804214411,3.311406862980604
0.35807161432286455,PASSED,-0.2601815449954131,-0.002453205615929781,-0.6241520122975681,2.627129257608768,0.012776485158486497,3.2506572852502416
0.35907181436287255,PASSED,-0.2601843051273985,-0.003069681151157467,-0.6113578838477641,2.627143632612108,0.01598717653923146,3.1840474444081095
0.36007201440288056,PASSED,-0.2601876748992686,-0.0036727087647237385,-0.5974741000452763,2.627161182719491,0.019127855718271823,3.1117670021285377
0.36107221444288856,PASSED,-0.26019164033369946,-0.004261221795684127,-0.5825389849037963,2.627181835163553,0.022192971553364884,3.0340150570694124
0.36207241448289657,PASSED,-0.26019618640656433,-0.0048341929446144944,-0.5665925916147476,2.627205511728979,0.025177177433738564,2.9509997625765267
0.36307261452290457,PASSED,-0.2602012970871206,-0.005390635944892528,-0.549676606053559,2.627232128961311,0.02807533995464105,2.862937693119792
0.3640728145629126,PASSED,-0.2602069553798181,-0.005929607134134415,-0.5318342447007713,2.6272615983841563,0.030882547030028663,2.770053330232824
0.3650730146029206,PASSED,-0.26021314336763024,-0.006450206927684059,-0.5131101594488918,2.6272938267243386,0.03359411562092897,2.6725787646786165
0.3660732146429286,PASSED,-0.2602198422568068,-0.006951581190153227,-0.49355033114935154,2.627328716144407,0.03620559883007222,2.5707528387863428
0.3670734146829366,PASSED,-0.26022703242294526,-0.007432922501857406,-0.47320196540739856,2.6273661644820288,0.038712792471691855,2.4648208435084986
0.3680736147229446,PASSED,-0.2602346934582771,-0.007893471320260657,-0.45211338706715365,2.627406065495688,0.041111741164785956,2.3550339261511763
0.3690738147629526,PASSED,-0.2602428042200625,-0.008332517037681803,-0.43033393765714145,2.6274483091161622,0.04339874380661304,2.241648452277693
0.3700740148029606,PASSED,-0.26025134287998664,-0.008749398927008906,-0.40791385710707606,2.6274927817032334,0.04557035852709633,2.1249255659536974
0.3710742148429686,PASSED,-0.2602602869744495,-0.009143506981276247,-0.3849041857075207,2.627539366307039,0.04762340706780376,2.005130523876588
0.3720744148829766,PASSED,-0.2602696134556404,-0.009514282645495798,-0.3613566498942381,2.627587942933558,0.04955497861969757,1.8825322372386066
0.3730746149229846,PASSED,-0.2602792987432884,-0.009861219435881164,-0.33732355071278375,2.6276383888135917,0.051362433035915374,1.7574025355372667
0.3740748149629926,PASSED,-0.26028931877697736,-0.010183863450262362,-0.3128576568268087,2.6276905786747595,0.05304340356760692,1.6300158624610703
0.3750750150030006,PASSED,-0.26029964906891806,-0.010481813771032269,-0.2880120967319756,2.6277443850158595,0.054595798959220884,1.5006484110492289
0.3760752150430086,PASSED,-0.260310264757066,-0.010754722754955651,-0.2628402420509876,2.627799678383089,0.05601780498186545,1.3695777637081192
0.3770754150830166,PASSED,-0.2603211406584767,-0.011002296216493686,-0.23739560786273306,2.6278563276475264,0.057307885464285724,1.2370822948950544
0.3780756151230246,PASSED,-0.26033225132278853,-0.011224293500905966,-0.2117317354453099,2.6279142002833025,0.05846478266246856,1.1034404670413518
0.3790758151630326,PASSED,-0.2603435710857262,-0.011420527451127017,-0.1859020934048803,2.6279731626459473,0.05948751716524284,0.9689305265962296
0.38007601520304063,PASSED,-0.2603550741225177,-0.01159086426796791,-0.15995996579823457,2.6280330802502987,0.060375387204026985,0.8338297135761036
0.38107621524304863,PASSED,-0.2603667345011175,-0.011735223263286267,-0.13395834833177211,2.6280938180474713,0.06112796739499026,0.6984138425547125
0.38207641528305664,PASSED,-0.26037852623513424,-0.011853576512322161,-0.10794984950530846,2.628155240700309,0.06174510698338649,0.5629567522905796
0.38307661532306464,PASSED,-0.2603904233363559,-0.011945948400892418,-0.08198658128022082,2.6282172128568098,0.06222692754837192,0.42772977344866503
0.3840768153630726,PASSED,-0.2604023998667758,-0.012012415074179548,-0.056120067958404116,2.6282795994209773,0.0625738201523366,0.2930011576420389
0.3850770154030806,PASSED,-0.2604144299900169,-0.01205310378745161,-0.030401143481167084,2.628342265820606,0.06278644202626982,0.15903568479399482
0.3860772154430886,PASSED,-0.26042648802205803,-0.01206819215869188,-0.004879856413003361,2.6284050782714603,0.06286571272086162,0.026094034456999947
0.3870774154830966,PASSED,-0.2604385484811684,-0.012057907329495677,0.020394619602339327,2.628467904037396,0.06281280978312236,-0.10556758587012302
0.3880776155231046,PASSED,-0.26045058613695643,-0.012022525035354469,0.045374077167122266,2.6285306116858886,0.06262916393926085,-0.2356980158557658
0.3890778155631126,PASSED,-0.26046257605844425,-0.011962368584628038,0.07001136643263516,2.6285930713385723,0.062316453877046644,-0.3640514264531694
0.3900780156031206,PASSED,-0.2604744936610804,-0.01187780775436926,0.0942604728095387,2.6286551549162405,0.06187660046946377,-0.4903880616693375
0.3910782156431286,PASSED,-0.26048631475260636,-0.011769257604095055,0.11807660191731613,2.6287167363779704,0.06131176066803634,-0.6144742945995043
0.3920784156831366,PASSED,-0.26049801557769775,-0.011637177208289941,0.14141625839697877,2.6287776919538675,0.06062432097102484,-0.7360832986194957
0.3930786157231446,PASSED,-0.2605095728612995,-0.011482068312759492,0.1642373202860979,2.628837900371063,0.059816890403186614,-0.8549954139840471
0.3940788157631526,PASSED,-0.2605209638505833,-0.011304473920954626,0.18649910615071139,2.6288972430725654,0.05889229320989957,-0.970998379489052
0.3950790158031606,PASSED,-0.2605321663554551,-0.01110497680816201,0.20816245055388644,2.6289556044285933,0.05785356117734084,-1.0838878012718494
0.39607921584316863,PASSED,-0.2605431587875453,-0.010884197970957193,0.22918976163877114,2.629012871940023,0.056703925529863274,-1.193467544948054
0.39707941588317663,PASSED,-0.26055392019761836,-0.010642795016185286,0.24954508352733198,2.6290689364336566,0.05544680860790594,-1.2995498399635175
0.39807961592318464,PASSED,-0.2605644303113419,-0.010381460490452412,0.2691941538699009,2.629123692248924,0.054085815159257006,-1.4019558544392152
0.39907981596319264,PASSED,-0.26057466956335856,-0.010100920154992015,0.28810445652072664,2.6291770374157997,0.052624723369824454,-1.500515746094778
0.40008001600320064,PASSED,-0.2605846191296093,-0.009801931212531579,0.3062452664202422,2.6292288738236214,0.051067475686058246,-1.5950689755471545
0.40108021604320865,PASSED,-0.2605942609578593,-0.009485280486271511,0.32358769948661664,2.6292791073805306,0.04941816926127412,-1.6854647242754541
0.40208041608321665,PASSED,-0.26060357779638377,-0.009151782557647927,0.34010474804822755,2.629327648163365,0.04768104630390883,-1.7715617794251752
0.40308061612322466,PASSED,-0.2606125532207712,-0.008802277864891411,0.35577132256204363,2.629374410557735,0.045860484209963144,-1.8532289702926883
0.40408081616323266,PASSED,-0.26062117165881116,-0.0084376307704345,0.37056427572015516,2.6294193133881283,0.043960985428337526,-1.9303453225142377
0.40508101620324066,PASSED,-0.26062941841343296,-0.008058727596612974,0.3844624392224409,2.6294622800378407,0.04198716722916625,-2.002800116942641
0.40608121624324867,PASSED,-0.26063727968366857,-0.007666474635981071,0.3974466415715452,2.6295032385586437,0.039943751408702245,-2.070492956144913
0.40708141628325667,PASSED,-0.26064474258361725,-0.007261796143697684,0.40949972609128166,2.6295421217699855,0.03783555372390493,-2.1333341705655777
0.4080816163232647,PASSED,-0.2606517951593916,-0.006845632308765117,0.4206065741600909,2.6295788673477034,0.035667473336096406,-2.191244532637156
0.4090818163632727,PASSED,-0.2606584264040316,-0.006418937215383695,0.43075410619564375,2.6296134179021164,0.03344448223429403,-2.2441554812458544
0.4100820164032807,PASSED,-0.26066462627037623,-0.005982676797222209,0.4399312928053784,2.629645721045448,0.03117161446067804,-2.292009301862752
0.4110822164432887,PASSED,-0.2606703856818851,-0.005537826783468618,0.44812916105239897,2.6296757294485715,0.02885395544111066,-2.3347588313704732
0.4120824164832967,PASSED,-0.26067569654141,-0.00508537064887026,0.4553407836289988,2.629703400887032,0.026496631295949584,-2.3723676876881417
0.41308261652330464,PASSED,-0.26068055173791704,-0.004626297567195966,0.4615612803711578,2.629728698276378,0.02410479810815046,-2.40481018787311
0.41408281656331264,PASSED,-0.2606849451511669,-0.004161600370562939,0.46678780747427295,2.629751589696811,0.021683631276891623,-2.432071260182655
0.41508301660332064,PASSED,-0.2606888716543619,-0.003692273524212188,0.4710195389350708,2.6297720484072316,0.019238314959297172,-2.4541463558689824
0.41608321664332865,PASSED,-0.26069232711477575,-0.0032193111169340743,0.4742576528401418,2.6297900528487257,0.01677403152945481,-2.471041479157943
0.41708341668333665,PASSED,-0.2606953083923838,-0.0027437048691836222,0.4765053110239922,2.62980558663762,0.014295951199286295,-2.4827728975089003
0.41808361672334465,PASSED,-0.26069781333651537,-0.0022664421686088214,0.4777676269420064,2.629818638548177,0.01180922174026333,-2.489367166699007
0.41908381676335266,PASSED,-0.26069984078055447,-0.0017885041327241437,0.47805164184645843,2.6298292024851158,0.009318958347256802,-2.4908608772115417
0.42008401680336066,PASSED,-0.26070139053471886,-0.001310863699627247,0.4773662939305224,2.6298372774460597,0.006830233672416705,-2.4873005399258017
0.42108421684336866,PASSED,-0.26070246337694963,-0.0008344837581729493,0.4757223731368143,2.6298428674741148,0.004348068018283052,-2.4787423969388866
0.42208441688337667,PASSED,-0.2607030610419494,-0.0003603153152415417,0.4731324894611365,2.629845981600793,0.0018774198209625455,-2.4652520642415867
0.42308461692338467,PASSED,-0.26070318620840743,0.00011070429844830179,0.4696110298423148,2.629846633779408,-0.0005768238063055636,-2.4469046692857908
0.4240848169633927,PASSED,-0.26070284248445663,0.0005776531728488073,0.46517410410596616,2.629844842809273,-0.0030098561687276365,-2.4237841578462613
0.4250850170034007,PASSED,-0.26070203439140777,0.0010396265176122917,0.45983950520182987,2.62984063225086,-0.0054169598279333415,-2.3959833267786674
0.4260852170434087,PASSED,-0.26070076734581094,0.0014957383109822798,0.45362665214876025,2.6298340303322325,-0.007793515283011031,-2.363603540610373
0.4270854170834167,PASSED,-0.2606990476398964,0.0019451228923114859,0.4465565341161697,2.6298250698470027,-0.0101350092735309,-2.326754290459531
0.4280856171234247,PASSED,-0.2606968824204501,0.002386936500142309,0.438651656973926,2.6298137880440833,-0.012437042818961179,-2.2855530487441116
0.4290858171634327,PASSED,-0.2606942796661814,0.0028203587509669052,0.42993598005837624,2.6298002265096163,-0.014695338908471828,-2.2401247833550055
0.4300860172034407,PASSED,-0.2606912481636438,0.0032445940551283385,0.42043485356347154,2.6297844310412604,-0.016905749986024985,-2.190601940351925
0.4310862172434487,PASSED,-0.2606877974817698,0.0036588729714484626,0.41017495815789207,2.6297664515153136,-0.019064264955130483,-2.1371236549412096
0.4320864172834567,PASSED,-0.26068393794508665,0.004062453493726554,0.39918423169155826,2.6297463417468925,-0.02116701589769039,-2.079835800972379
0.4330866173234647,PASSED,-0.26067968060567803,0.004454622270636768,0.387491807055985,2.6297241593435885,-0.023210284501900012,-2.018890473034451
0.4340868173634727,PASSED,-0.2606750372139608,0.004834695756863374,0.3751279390070205,2.6296999655529314,-0.025190508021191233,-1.9544455501290692
0.4350870174034807,PASSED,-0.26067002018834784,0.0052020212908468755,0.3621239306344881,2.629673825104039,-0.02710428489477373,-1.8866644225514508
0.4360872174434887,PASSED,-0.26066464258386746,0.005555978102253401,0.34851206525454975,2.629645806043815,-0.02894838005242612,-1.8157156477196812
0.4370874174834967,PASSED,-0.2606589180598141,0.0058959782446969195,0.33432552723616454,2.629615979568106,-0.03071972973647399,-1.7417723749333265
0.4380876175235047,PASSED,-0.26065286084650346,0.0062214674524018266,0.3195983280174004,2.6295844198481926,-0.03241544594718278,-1.6650121012257697
0.43908781756351273,PASSED,-0.2606464857112088,0.006531925921937205,0.30436523054736314,2.629551203853002,-0.03403282057196207,-1.5856163071483067
0.44008801760352073,PASSED,-0.2606398079233537,0.006826869017693848,0.28866167256283076,2.629516411167451,-0.03556932904122698,-1.5037699106759634
0.4410882176435287,PASSED,-0.26063284321903957,0.007105847897948289,0.2725236853821803,2.629480123807352,-0.03702263351476324,-1.4196608487764626
0.4420884176835367,PASSED,-0.26062560776498467,0.00736845006426931,0.2559878202802478,2.6294424260312144,-0.03839058583987922,-1.3334799760089882
0.4430886177235447,PASSED,-0.26061811812195373,0.007614299832138085,0.23909106626112608,2.629403404149456,-0.03967122993531202,-1.2454201750486749
0.4440888177635527,PASSED,-0.2606103912077553,0.007843058724265193,0.22187077603776406,2.629363146331342,-0.040862803786601405,-1.1556763021165308
0.4450890178035607,PASSED,-0.2606024442598867,0.008054425783036927,0.20436458059438067,2.629321742410095,-0.04196374117038502,-1.0644447715616687
0.4460892178435687,PASSED,-0.26059429479790397,0.00824813780618366,0.18661031818163493,2.62927928368663,-0.0429726727633557,-0.9719228072433556
0.4470894178835767,PASSED,-0.2605859605855954,0.008423969505574462,0.16864595353024764,2.629235862732231,-0.04388842697243418,-0.8783084769685725
0.4480896179235847,PASSED,-0.2605774595930367,0.008581733585429623,0.1505094974051029,2.6291915731906745,-0.04471003037516875,-0.7838000199118991
0.4490898179635927,PASSED,-0.2605688099586038,0.008721280745618178,0.13223893537752415,2.629146509580128,-0.04543670765430539,-0.6885954519531361
0.4500900180036007,PASSED,-0.26056002995102173,0.008842499609515818,0.11387214957771646,2.629100767095269,-0.046067881212180174,-0.5928922951558896
0.4510902180436087,PASSED,-0.2605511379315237,0.008945316574630132,0.09544684213871243,2.62905444141,-0.04660317039034065,-0.4968871001635305
0.4520904180836167,PASSED,-0.26054215231619554,0.00902969558932583,0.0770004630670227,2.629007628481153,-0.047042390270727506,-0.4007750672024016
0.4530906181236247,PASSED,-0.26053309153858006,0.009095637858161438,0.058570139347997034,2.6289604243535636,-0.0473855501111637,-0.3047496892587286
0.4540908181636327,PASSED,-0.26052397401261146,0.00914318147443683,0.04019260089365454,2.628912924966913,-0.04763285139448881,-0.20900234603601855
0.45509101820364073,PASSED,-0.2605148180959537,0.009172400981504156,0.021904111183107214,2.6288652259646708,-0.04778468555370191,-0.11372203466450281
0.45609121824364873,PASSED,-0.26050564205380966,0.00918340686705077,0.003740401788948234,2.628817422505536,-0.047841631285020066,-0.019094862420586518
0.45709141828365674,PASSED,-0.26049646402327,0.009176344990684634,-0.014263395136191544,2.6287696090777106,-0.04780445152807564,0.07469616985443611
0.45809161832366474,PASSED,-0.26048730197826836,0.009151395943586658,-0.03207281507249998,2.6287218793163425,-0.047674090153130226,0.16747151167272623
0.45909181836367274,PASSED,-0.26047817369520543,0.009108774348661466,-0.0496541148269846,2.6286743258245027,-0.04745166824542464,0.25905550506081926
0.46009201840368075,PASSED,-0.2604690967193059,0.009048728097058657,-0.06697434278669004,2.6286270399979834,-0.04713848010947834,0.34927655653663076
0.46109221844368875,PASSED,-0.2604600883317669,0.00897153752576488,-0.08400139029850306,2.6285801118542427,-0.04673598900798404,0.4379674647994045
0.46209241848369675,PASSED,-0.26045116551775654,0.008877514540083864,-0.10070404926935646,2.628533629865808,-0.04624582252532092,0.5249658279055989
0.46309261852370476,PASSED,-0.26044234493531815,0.008767001680199787,-0.11705206696055662,2.6284876807984174,-0.045669767672202086,0.6101142032609934
0.46409281856371276,PASSED,-0.2604336428852336,0.008640371135583741,-0.13301619638637283,2.6284423495541596,-0.045009765797422684,0.6932603224583374
0.46509301860372076,PASSED,-0.2604250752818955,0.008498023710392032,-0.14856824439526922,2.6283977190199126,-0.044267907130822334,0.7742575626950257
0.46609321864372877,PASSED,-0.26041665762523836,0.008340387742739397,-0.16368111649088046,2.6283538699212943,-0.043446425124465324,0.8529649687983376
0.46709341868373677,PASSED,-0.26040840497377254,0.008167917977361628,-0.17832886463569422,2.628310880682374,-0.0425476906353348,0.9292475026853084
0.4680936187237448,PASSED,-0.26040033191876516,0.007981094398138133,-0.19248672228202662,2.628268827291381,-0.041574205779644574,1.0029764243601582
0.4690938187637528,PASSED,-0.26039245255960825,0.007780421022329101,-0.2061311448270342,2.628227783172599,-0.04052859762444605,1.0740293090907775
0.4700940188037607,PASSED,-0.2603847804804107,0.007566424656556208,-0.21923984640346586,2.6281878190646437,-0.039413611771271145,1.1422902158976431
0.47109421884376873,PASSED,-0.26037732872785013,0.007339653620864755,-0.23179182855011182,2.6281490029053245,-0.038232105638799724,1.2076500768539424
0.47209441888377673,PASSED,-0.2603701097903154,0.007100676442983304,-0.2437674107690112,2.6281113997232093,-0.0369870416708736,1.2700065619742507
0.47309461892378474,PASSED,-0.260363135578369,0.006850080523525516,-0.2551482585836409,2.6280750715360908,-0.03568148041895574,1.3292643785469285
0.47409481896379274,PASSED,-0.2603564174065563,0.006588470776917311,-0.26591740529124896,2.6280400772564536,-0.03431857341872397,1.3853354146883288
0.47509501900380074,PASSED,-0.2603499659765831,0.006316468252075887,-0.27605927120820906,2.628006472604082,-0.032901556007263286,1.4381387426422456
0.47609521904380875,PASSED,-0.2603437913618827,0.006034708733378251,-0.2855596836905873,2.6279743100258894,-0.03143374008194655,1.487600713766396
0.47709541908381675,PASSED,-0.2603379029935901,0.005743841324537101,-0.2944058922748597,2.6279436386230866,-0.029918506688981345,1.5336551790977433
0.47809561912382476,PASSED,-0.26033230964793636,0.005444527022854064,-0.30258657462182115,2.6279145040857244,-0.028359298610366193,1.576243344960093
0.47909581916383276,PASSED,-0.26032701943507497,0.005137437281873112,-0.3100918518870389,2.6278869486347114,-0.02675961289341287,1.6153139649488069
0.48009601920384076,PASSED,-0.2603220397893486,0.004823252566030938,-0.3169132918122653,2.6278610109713103,-0.025122993323120624,1.6508233071878737
0.48109621924384877,PASSED,-0.26031737746100136,0.004502660904659968,-0.32304390774344044,2.627836726234146,-0.023453022927586244,1.682735121098715
0.48209641928385677,PASSED,-0.2603130385093393,0.004176356442326851,-0.3284781653929012,2.627814125963766,-0.021753316397199258,1.7110208032458267
0.4830966193238648,PASSED,-0.2603090282973378,0.0038450379914256702,-0.33321197457336826,2.627793238074714,-0.020027512572158138,1.735659172904653
0.4840968193638728,PASSED,-0.2603053514876937,0.003509407592090879,-0.3372426825090731,2.627774086835111,-0.018279266990636592,1.756636520599473
0.4850970194038808,PASSED,-0.2603020120403145,0.003170169076073766,-0.34056907168913964,2.62775669285372,-0.01651224437469024,1.773946679510936
0.4860972194438888,PASSED,-0.26029901321123744,0.002828026643071645,-0.3431913405441084,2.627741073074429,-0.014730111244368606,1.7875907641954312
0.4870974194838968,PASSED,-0.26029635755296465,0.002483683451492383,-0.34511109226936465,2.627727240778107,-0.012936528619220624,1.797577199116349
0.4880976195239048,PASSED,-0.2602940469162012,0.002137840222163514,-0.3463313207018713,2.627715205591735,-0.011135144740646575,1.8039216648791794
0.4890978195639128,PASSED,-0.26029208245297886,0.0017911938612581709,-0.3468563877076578,2.6277049735047595,-0.00932958789723763,1.8066469624287924
0.4900980196039208,PASSED,-0.2602904646211452,0.0014444361064874435,-0.34669199947944035,2.6276965468925253,-0.007523459421719464,1.805782817577748
0.4910982196439288,PASSED,-0.260289193190196,0.0010982521950563787,-0.34584518606548137,2.627689924546686,-0.005720326780135741,1.801365857587706
0.4920984196839368,PASSED,-0.26028826724842746,0.000753319555278624,-0.3443242755859369,2.6276851017124843,-0.003923716724169653,1.7934395215516752
0.4930986197239448,PASSED,-0.26028768521137846,0.00041030653165300096,-0.34213885565208046,2.627682070132732,-0.0021371086890782966,1.7820537107844778
0.4940988197639528,PASSED,-0.26028744483153643,6.987113672819391e-05,-0.3392997544399581,2.627680818098352,-0.0003639283393297125,1.7672647757246551
0.4950990198039608,PASSED,-0.26028754320927316,-0.00026734016485553046,-0.33581899967956863,2.6276813305053004,0.0013924587722290093,1.7491353354480998
0.4960992198439688,PASSED,-0.2602879768049779,-0.0006006936341343254,-0.33170978234494575,2.627683588917731,0.003128753348105273,1.7277340694950398
0.4970994198839768,PASSED,-0.2602887414523513,-0.0009295694013139724,-0.32698642373611453,2.6276875716371855,0.00484172827085732,1.7031354915900507
0.49809961992398477,PASSED,-0.26028983237282266,-0.001253362570191967,-0.32166433230591457,2.627693253777603,0.0065282342980374775,1.6754197175735628
0.4990998199639928,PASSED,-0.260291244191051,-0.001571484281869169,-0.3157599645913937,2.627700607345989,0.008185205661506165,1.6446724607321048
0.5001000200040008,PASSED,-0.26029297095146814,-0.0018833627353602913,-0.3092907794242748,2.6277096013284797,0.009809665349960014,1.6109845069350115
0.5011002200440088,PASSED,-0.26029500613582124,-0.0021884441653075445,-0.3022751969625717,2.6277202017816106,0.01139873014639752,1.5744516561058355
0.5021004200840168,PASSED,-0.2602973426816692,-0.0024861937734899434,-0.2947325489956175,2.62773237192854,0.012949615523840498,1.5351745250010747
0.5031006201240248,PASSED,-0.2602999730017882,-0.002776096614690804,-0.28668303600435563,2.627746072260002,0.01445964024815132,1.4932581905173181
0.5041008201640328,PASSED,-0.26030288900443715,-0.0030576584325909336,-0.2781476724973122,2.6277612606397334,0.01592623069374037,1.448811948970204
0.5051010202040408,PASSED,-0.26030608211443595,-0.0033304064479107213,-0.2691482438681048,2.627777892414111,0.017346924943225175,1.401949116494534
0.5061012202440488,PASSED,-0.2603095432950055,-0.0035938900951171643,-0.2597072494320013,2.6277959205257937,0.01871937669055159,1.3527868345476695
0.5071014202840568,PASSED,-0.26031326307031877,-0.0038476817074070495,-0.24984785419514108,2.627815295631007,0.02004135871348161,1.3014454818515897
0.5081016203240648,PASSED,-0.2603172315487115,-0.004091377151533684,-0.23959383741429713,2.6278359662203066,0.021310766200688926,1.2480488241111334
0.5091018203640728,PASSED,-0.26032143844649935,-0.0043245964065601016,-0.22896953343449847,2.6278578787424816,0.022525619837510075,1.1927235119611668
0.5101020204040808,PASSED,-0.26032587311234806,-0.0045469840897361755,-0.21799978300379175,2.6278809777313406,0.023684068465886984,1.1355987059874033
0.5111022204440888,PASSED,-0.2603305245521429,-0.004758209930308718,-0.2067098789517104,2.627905205935111,0.02478439157175192,1.0768060391166197
0.5121024204840968,PASSED,-0.26033538145430324,-0.004957969186533551,-0.1951255077402486,2.62793050444813,0.02582500147796492,1.0164791509439248
0.5131026205241048,PASSED,-0.26034043221548614,-0.005145983006082179,-0.18327269408754632,2.6279568128445985,0.02680444522291886,0.9547534742939477
0.5141028205641128,PASSED,-0.2603456649666257,-0.005321998735809369,-0.17117775348695283,2.6279840693140826,0.027721406186942923,0.8917659571774745
0.5151030206041208,PASSED,-0.26035106759925086,-0.005485790172635174,-0.15886722571837347,2.6280122107984467,0.028574705358870592,0.8276546484277957
0.5161032206441288,PASSED,-0.26035662779202845,-0.005637157759249189,-0.14636782721110977,2.6280411731300095,0.029363302436609836,0.7625586972802066
0.5171034206841368,PASSED,-0.2603623330374749,-0.00577592872723538,-0.13370639516957777,2.628070891170537,0.030086296526323657,0.6966176846695674
0.5181036207241448,PASSED,-0.2603681706687816,-0.005901957182290213,-0.12090982831166926,2.6281012989508876,0.0307429266065085,0.6299716771950223
0.5191038207641528,PASSED,-0.26037412788670045,-0.006015124137169547,-0.10800503925777687,2.6281323298109402,0.03133257173588509,0.5627607641643126
0.5201040208041608,PASSED,-0.2603801917864335,-0.006115337488890901,-0.09501889336373859,2.628163916539574,0.03185475090876356,0.49512477868790283
0.5211042208441689,PASSED,-0.26038634938447475,-0.00620253194346185,-0.08197816204242243,2.628195991514408,0.032309122698493106,0.42720313042397784
0.5221044208841769,PASSED,-0.2603925876453491,-0.0062766688879398675,-0.06890946610174768,2.6282284868410124,0.03269548459705715,0.35913441065742086
0.5231046209241849,PASSED,-0.26039889350819767,-0.006337736208814206,-0.05583922405606397,2.628261334491327,0.03301377206859932,0.2910561787986721
0.5241048209641929,PASSED,-0.2604052539131561,-0.006385748060319153,-0.04279360313753618,2.6282944664410337,0.0332640573886044,0.22310474747602327
0.5251050210042009,PASSED,-0.26041165582747694,-0.006420744583581129,-0.029798470011601318,2.628327814805579,0.03344654814847758,0.15541476813795066
0.5261052210442089,PASSED,-0.26041808627134433,-0.0064427915735228575,-0.016879336561813434,2.628361311974635,0.0335615855600886,0.08811917392639695
0.5271054210842169,PASSED,-0.2604245323433343,-0.006451980099872817,-0.004061319542055436,2.628394890744703,0.033609642504630895,0.021348791619552936
0.5281056211242249,PASSED,-0.2604309812454712,-0.006448426081198236,0.008630910819004595,2.6284284844496413,0.03359132129113892,-0.044767883566327014
0.5291058211642329,PASSED,-0.26043742030783557,-0.006432269811694328,0.02117317529384265,2.6284620270888612,0.03350735122663264,-0.11010485179958435
0.5301060212042409,PASSED,-0.2604438370126778,-0.006403675446186679,0.03354182565018615,2.6284954534529645,0.03335858595608824,-0.17453888304094847
0.5311062212442489,PASSED,-0.260450219017994,-0.006362830439711387,0.04571379369202942,2.628528699246585,0.03314600052285899,-0.23794980002144914
0.5321064212842569,PASSED,-0.26045655418052244,-0.0063099449474843024,0.05766662458378759,2.628561701208229,0.0328706882701385,-0.300220554519859
0.5331066213242649,PASSED,-0.26046283057811964,-0.006245251185533138,0.06937852019608419,2.628594397226898,0.032533857543563804,-0.3612375079445744
0.5341068213642729,PASSED,-0.26046903653147796,-0.006169002751544822,0.08082837651647051,2.6286267264552707,0.03213682810935597,-0.42089071838334857
0.5351070214042809,PASSED,-0.2604751606251464,-0.006081473910708384,0.09199581704974949,2.628658629419298,0.03168102749381357,-0.4790738803151052
0.5361072214442889,PASSED,-0.26048119172782097,-0.005982958847452319,0.10286122739360913,2.6286900481239606,0.031167987067072727,-0.5356847910246547
0.5371074214842969,PASSED,-0.2604871190118685,-0.005873770882818459,0.1134057894606933,2.628720926155083,0.030599337978644114,-0.5906252866979168
0.5381076215243049,PASSED,-0.2604929319720554,-0.005754241663140286,0.1236115064898273,2.628751208776982,0.029976806948520777,-0.6438015257402854
0.5391078215643129,PASSED,-0.26049862044344835,-0.005624720317553654,0.13346123831783535,2.62878084302582,0.029302211860434052,-0.6951241296510254
0.5401080216043209,PASSED,-0.26050417461846076,-0.00548557259082642,0.14293871900016564,2.628809777798508,0.028577457259944313,-0.7445082477155445
0.5411082216443288,PASSED,-0.2605095850630196,-0.00533717995007751,0.15202858858140653,2.6288379639370403,0.027804529726398974,-0.7918737240985332
0.5421084216843368,PASSED,-0.2605148427318263,-0.005179938667167271,0.16071641246279356,2.628865354308104,0.02698549307018425,-0.8371452776255145
0.5431086217243448,PASSED,-0.2605199389826929,-0.0050142588842837675,0.16898869649731074,2.628891903877868,0.026122483443293647,-0.8802525264006612
0.5441088217643528,PASSED,-0.2605248655899311,-0.004840563656948732,0.17683291456018435,2.6289175697818616,0.025217704427232812,-0.9211300091676163
0.5451090218043608,PASSED,-0.2605296147567782,-0.004659287980860153,0.1842375171075084,2.628942311389812,0.024273421912234177,-0.9597175188859794
0.5461092218443688,PASSED,-0.2605341791268432,-0.00447087780674543,0.1911919454528675,2.6289660903653846,0.02329195893251378,-0.9959599536100129
0.5471094218843768,PASSED,-0.2605385517945601,-0.00427578904079023,0.19768664629008914,2.628988870720759,0.022275690534447966,-1.0298073610363454
0.5481096219243848,PASSED,-0.2605427263146374,-0.004074486533125012,0.2037130819153061,2.62901061886597,0.021227038487815854,-1.0612151703626234
0.5491098219643928,PASSED,-0.2605466967104935,-0.0038674430621768183,0.20926373030345125,2.6290313036529454,0.020148465910130017,-1.0901441825679787
0.5501100220044008,PASSED,-0.2605504574816722,-0.003655138310737695,0.21433209886290427,2.629050896414245,0.019042472010287876,-1.1165603780249123
0.5511102220444088,PASSED,-0.2605540036102315,-0.003438057836235467,0.21891272492844419,2.6290693709964557,0.017911586747268615,-1.1404351863488278
0.5521104220844169,PASSED,-0.2605573305661053,-0.0032166920429855333,0.2230011721309274,2.629086703788196,0.016758365354716035,-1.1617455300217463
0.5531106221244249,PASSED,-0.2605604343114346,-0.0029915351526290574,0.2265940358401755,2.629102873742778,0.015585383043117448,-1.180473499316481
0.5541108221644329,PASSED,-0.26056331130387145,-0.0027630841757671507,0.2296889375430613,2.6291178623955007,0.014395229686494315,-1.1966065948275695
0.5551110222044409,PASSED,-0.26056595849885755,-0.0025318378903096896,0.23228451740039455,2.6291316538755884,0.013190504380855688,-1.21013777951267
0.5561112222444489,PASSED,-0.26056837335088445,-0.0022982958255290367,0.23438042970082437,2.629144234912825,0.01197381019702393,-1.2210651200444815
0.5571114222844569,PASSED,-0.2605705538137403,-0.002062957251956438,0.23597733615378136,2.629155594838898,0.010747748956141303,-1.2293919881080568
0.5581116223244649,PASSED,-0.2605724983397556,-0.0018263201862752396,0.2370768853661433,2.6291657255835217,0.009514915965928714,-1.2351269916156122
0.5591118223644729,PASSED,-0.2605742058780562,-0.0015888804044944182,0.23768171272394034,2.629174621665368,0.008277894876484412,-1.2382838213300966
0.5601120224044809,PASSED,-0.2605756758718385,-0.0013511304693943163,0.2377954166842096,2.629182280177917,0.0070392526697835725,-1.2388811302813347
0.5611122224444889,PASSED,-0.26057690825468127,-0.0011135587769137627,0.23742254301144933,2.6291887007702597,0.005801534627904524,-1.2369426496108589
0.5621124224844969,PASSED,-0.2605779034459108,-0.0008766486177151042,0.23656856999013148,2.6291938856229757,0.004567259426377402,-1.2324969028046309
0.5631126225245049,PASSED,-0.2605786623450378,-0.0006408772565580964,0.23523988860159203,2.6291978394191458,0.003338914367930559,-1.225577162208317
0.5641128225645129,PASSED,-0.2605791863252866,-0.0004067150373190605,0.23344377299733174,2.629200569310657,0.0021189507070312435,-1.2162213266933144
0.5651130226045209,PASSED,-0.26057947722623787,-0.00017462450728801583,0.2311883680535199,2.6292020848798545,0.0009097790503373256,-1.2044718766943205
0.5661132226445289,PASSED,-0.2605795373456091,5.494043521735352e-05,0.22848265880660235,2.6292023980967105,-0.00028623507148612515,-1.1903756185762042
0.5671134226845369,PASSED,-0.2605793694301962,0.0002815353647150522,0.22533644329176297,2.629201523271606,-0.001466775494911913,-1.1739836266588433
0.5681136227245449,PASSED,-0.2605789766660047,0.0005047261262378003,0.22176030701007163,2.6291994770038833,-0.0026295796153464382,-1.1553511162849803
0.5691138227645529,PASSED,-0.260578362667596,0.0007240896068980672,0.21776559642706372,2.629196278126318,-0.003772442372228211,-1.1345371839463005
0.5701140228045609,PASSED,-0.26057753146667956,0.0009392144748755673,0.2133643823444577,2.6291919476456242,-0.004893220146830082,-1.111604835038917
0.5711142228445689,PASSED,-0.2605764874999798,0.0011497018888045128,0.20856943498527072,2.629186508679217,-0.005989834436405212,-1.0866205925992711
0.5721144228845769,PASSED,-0.26057523559641027,0.0013551661757899404,0.2033941883188657,2.6291799863883254,-0.007060275389973455,-1.0596545275475575
0.5731146229245849,PASSED,-0.2605737809635864,0.0015552354755708386,0.19785270742225303,2.6291724079076686,-0.00810260520143405,-1.0307800007359538
0.5741148229645929,PASSED,-0.2605721291737113,0.0017495523506611793,0.19195965353573227,2.6291638022718704,-0.009114961246437457,-1.0000734078483744
0.5751150230046009,PASSED,-0.260570286148869,0.001937774361829937,0.185730249590775,2.6291542003387662,-0.010095559106985305,-0.9676141623474982
0.5761152230446089,PASSED,-0.2605682581457591,0.002119574608831142,0.17918024527482454,2.6291436347098154,-0.01104269540012296,-0.933484380331096
0.5771154230846169,PASSED,-0.26056605173991104,0.002294642232951729,0.17232587668442834,2.629132139647776,-0.011954750387702278,-0.8977687257447975
0.5781156231246249,PASSED,-0.2605636738094124,0.002462682883314748,0.16518383281541235,2.62911975099188,-0.012830190385536455,-0.8605541792270966
0.579115823164633,PASSED,-0.26056113151819055,0.002623419146599048,0.15777121693022492,2.6291065060706456,-0.01366757004413166,-0.8219299781739456
0.580116023204641,PASSED,-0.26055843229888415,0.0027765909368921786,0.15010550586840113,2.629092443612579,-0.014465534357120748,-0.7819872028658474
0.581116223244649,PASSED,-0.26055558383534383,0.0029219558472724353,0.1422045133881605,2.629077603654936,-0.015222820468948342,-0.740818717802092
0.582116423284657,PASSED,-0.26055259404479963,0.003059289464162009,0.13408635255718193,2.629062027450732,-0.015938259374504347,-0.6985190307252819
0.583116623324665,PASSED,-0.2605494710597357,0.003188385640578621,0.12576939232289908,2.6290457573742754,-0.016610777262856775,-0.6551837934371887
0.584116823364673,PASSED,-0.26054622320950993,0.0033090567309396143,0.11727222238638896,2.62902883682531,-0.017239396791495484,-0.6109100187730518
0.585117023404681,PASSED,-0.26054285900175855,0.0034211337869979614,0.10861361183965333,2.6290113101320935,-0.017823238113090667,-0.5657955234766063
0.586117223444689,PASSED,-0.2605393871036257,0.003524466713080271,0.09981246891074691,2.6289932224535417,-0.01836151961474888,-0.5199388204459489
0.587117423484697,PASSED,-0.2605358163228552,0.0036189243838334324,0.09088780531477088,2.628974619680669,-0.01885355858093843,-0.47343906335194547
0.588117623524705,PASSED,-0.2605321555887871,0.003704394720720369,0.08185869126838025,2.6289555483375247,-0.019298771604875094,-0.4263956643264772
0.589117823564713,PASSED,-0.26052841393329396,0.0037807847314357884,0.0727442236801124,2.6289360554818377,-0.019696674722610722,-0.37890808667506265
0.590118023604721,PASSED,-0.2605246004716993,0.0038480205099152382,0.06356348167900754,2.628916188605555,-0.020046883455026743,-0.3310758295766601
0.591118223644729,PASSED,-0.2605207243837141,0.003906047198250247,0.05433549277234293,2.6288959955354962,-0.020349112609960217,-0.282998038504683
0.592118423684737,PASSED,-0.26051679489443086,0.003954828910085176,0.04507919120998656,2.6288755243342985,-0.02060317584384102,-0.23477336413154853
0.593118623724745,PASSED,-0.2605128212554117,0.003994348618244022,0.03581338612475132,2.6288548232018716,-0.020808985085472725,-0.1864998266318043
0.594118823764753,PASSED,-0.2605088127259082,0.00402460800512099,0.026556720711779034,2.6288339403775245,-0.02096654977921593,-0.13827460515080153
0.595119023804761,PASSED,-0.26050477855424875,0.004045627275754032,0.017327637247217597,2.6288129240430056,-0.021075975843668434,-0.09019370398697209
0.596119223844769,PASSED,-0.26050072795942936,0.004057444937848089,0.008144345325281868,2.628791822226567,-0.021137464568365603,-0.04235207183730401
0.597119423884777,PASSED,-0.26049667011294264,0.004060117545807435,-0.000975216951277763,2.6287706827083075,-0.021151311281310085,0.005156859650735486
0.5981196239247849,PASSED,-0.2604926141208791,0.004053719411392691,-0.010013412723722909,2.628749552926918,-0.02111790379518936,0.052241237100723384
0.5991198239647929,PASSED,-0.2604885690063337,0.004038342282448739,-0.01895293975743631,2.6287284798880566,-0.0210377207221381,0.09881096368495254
0.6001200240048009,PASSED,-0.26048454369215035,0.004014094988488901,-0.027776863428106095,2.628707510074434,-0.020911329707468816,0.14477771532550573
0.6011202240448089,PASSED,-0.2604805469840348,0.003981103057339749,-0.036468642963183334,2.628686689357885,-0.020739385332677936,0.19005548110113094
0.6021204240848169,PASSED,-0.260476587554067,0.003939508300508794,-0.04501216607613685,2.6286660629134815,-0.02052262696154557,0.2345602978198555
0.6031206241248249,PASSED,-0.2604726739246413,0.0038894683702458965,-0.0533917730540707,2.628645675135905,-0.020261876497751748,0.2782105744431311
0.6041208241648329,PASSED,-0.26046881445286296,0.003831156290993697,-0.06159228338428551,2.628625569558188,-0.01995803587066478,0.32092732884952446
0.6051210242048409,PASSED,-0.2604650173154272,0.0037647599625696506,-0.06959902511722077,2.62860578877298,-0.01961208444545162,0.36263415612225064
0.6061212242448489,PASSED,-0.26046129049400685,0.003690481638641277,-0.07739785646914271,2.628586374356454,-0.019225076364878125,0.4032573635409872
0.6071214242848569,PASSED,-0.2604576417611722,0.0036085373835358903,-0.0849751875295489,2.628567366795022,-0.01879813763325526,0.4427263103441176
0.6081216243248649,PASSED,-0.2604540786668672,0.003519156504432299,-0.09231800681961985,2.6285488054149027,-0.018332463210264428,0.4809731647553086
0.6091218243648729,PASSED,-0.26045060852546176,0.003422580963888926,-0.09941389635920898,2.6285307283147468,-0.01782931393883047,0.5179333425530532
0.610122024404881,PASSED,-0.26044723840340234,0.0033190647724633013,-0.10625105480323495,2.6285131723013313,-0.017290013363590925,0.5535453970305424
0.611122224444889,PASSED,-0.26044397510747846,0.003208873363134626,-0.11281831234563561,2.6284961728285055,-0.016715944479692223,0.5877512084774705
0.612122424484897,PASSED,-0.26044082517372286,0.0030922829494070534,-0.11910514798219805,2.6284797639394073,-0.01610854639760587,0.6204959978256113
0.613122624524905,PASSED,-0.26043779485696145,0.0029695798674407906,-0.12510170462230563,2.6284639782120944,-0.015469310893012707,0.6517285091048651
0.614122824564913,PASSED,-0.2604348901210277,0.0028410599047334465,-0.1307988014307032,2.628448846708612,-0.014799778921611993,0.6814009462646126
0.615123024604921,PASSED,-0.2604321166296543,0.002707027616708045,-0.1361879457552,2.6284343989276002,-0.014101537075522029,0.7094691126402
0.616123224644929,PASSED,-0.260429479738053,0.0025677956323360038,-0.14126134344993543,2.6284206627604947,-0.013376213931133545,0.7358924988873409
0.617123424684937,PASSED,-0.2604269844851954,0.002423683948986372,-0.14601190994942945,2.628407664451353,-0.012625476403444656,0.7606342135565887
0.618123624724945,PASSED,-0.2604246355867989,0.0022750192228916653,-0.15043327019155794,2.6283954285603883,-0.011851026043442877,0.783661124298575
0.619123824764953,PASSED,-0.26042243742902954,0.0021221340494866916,-0.15451977554725077,2.628383977931197,-0.011054595294568833,0.8049438319243556
0.620124024804961,PASSED,-0.2604203940629239,0.0019653662399983798,-0.15826649878235266,2.6283733336617545,-0.01023794373127511,0.8244567175399689
0.621124224844969,PASSED,-0.26041850919953646,0.0018050580968261246,-0.1616692394321903,2.628363515079194,-0.009402854250385609,0.8421779897891879
0.622124424884977,PASSED,-0.26041678620581327,0.001641555683772608,-0.16472452880106753,2.628354539718344,-0.008551129320789877,0.8580895561334277
0.623124624924985,PASSED,-0.2604152281011945,0.0014752080981560532,-0.16742962349354623,2.628346423304068,-0.007684587194392632,0.8721771732397886
0.624124824964993,PASSED,-0.26041383755494457,0.0013063667432521053,-0.16978250917754886,2.628339179737402,-0.006805058058322451,0.8844304446237751
0.625125025005001,PASSED,-0.2604126168842092,0.0011353846018906208,-0.1717818961507748,2.628332821085461,-0.005914380316338889,0.8948426068900885
0.626125225045009,PASSED,-0.2604115680527948,0.0009626155165893012,-0.17342721140168268,2.62832735757511,-0.00501439684674098,0.9034107114031213
0.627125425085017,PASSED,-0.26041069267066647,0.0007884134741755744,-0.17471859642175622,2.628322797590375,-0.004106951219447992,0.9101355712195656
0.628125625125025,PASSED,-0.26040999199415915,0.000613131893477567,-0.17565690354884161,2.6283191476735634,-0.0031938840371105244,0.9150215897494025
0.629125825165033,PASSED,-0.26040946692689304,0.0004371229269380522,-0.17624367519996362,2.6283164125300567,-0.002277029301486209,0.9180768328742575
0.630126025205041,PASSED,-0.26040911802138567,0.0002607367692726075,-0.17648114597576547,2.6283145950367084,-0.0013582107986223804,0.9193129495235433
0.631126225245049,PASSED,-0.26040894548135113,8.432097218912484e-05,-0.17637223115529413,2.6283136962538407,-0.000439238535172578,0.9187451394006417
0.632126425285057,PASSED,-0.2604089491646733,-9.178022107017774e-05,-0.17592050132864157,2.62831371544073,0.00047809471135016853,0.9163919846041498
0.633126625325065,PASSED,-0.26040912858704285,-0.00026722653278355026,-0.17513018530319313,2.628314650074559,0.0013920168206349912,0.9122755257386044
0.634126825365073,PASSED,-0.2604094829262424,-0.0004416822943585317,-0.17400614575617368,2.6283164958727245,0.0023007796734739777,0.9064210709059076
0.635127025405081,PASSED,-0.26041001102706657,-0.000614817071634705,-0.17255386495617314,2.6283192468184726,0.003202662417901481,0.8988571934418996
0.636127225445089,PASSED,-0.26041071140685934,-0.0007863062736286566,-0.1707794266858038,2.6283228951897177,0.004095974613218444,0.88961552990034
0.637127425485097,PASSED,-0.2604115822616533,-0.0009558317479443359,-0.16868950606892963,2.6283274315910172,0.004979059342976683,0.878730862996837
0.638127625525105,PASSED,-0.26041262147289107,-0.0011230823523889725,-0.16629133669510807,2.6283328449885617,0.0058502961991984724,0.8662408517050905
0.639127825565113,PASSED,-0.2604138266147114,-0.001287754508336852,-0.16359270211639423,2.628339122748101,0.00670810412832702,0.8521859807441852
0.640128025605121,PASSED,-0.2604151949617783,-0.0014495527370359152,-0.1606019130875088,2.628346250675711,0.007550944256956372,0.8366095605527968
0.6411282256451291,PASSED,-0.2604167234976339,-0.001608190171194201,-0.15732778153880375,2.6283542130612654,0.008377322538674313,0.8195574291613704
0.6421284256851371,PASSED,-0.26041840892355206,-0.0017633890427015079,-0.15377959815297537,2.628362992724539,0.009185792296225175,0.8010779764771906
0.6431286257251451,PASSED,-0.26042024766787036,-0.0019148811524848145,-0.1499671175368606,2.6283725710637675,0.009974956648836925,0.7812219367014595
0.6441288257651531,PASSED,-0.26042223589577823,-0.0020624083147033558,-0.14590052533966208,2.6283829281066056,0.010743470840243787,0.7600423612104646
0.6451290258051611,PASSED,-0.2604243695195355,-0.0022057227728445286,-0.14159041334217992,2.6283940425633405,0.011490044452262963,0.7375944458916481
0.6461292258451691,PASSED,-0.2604266442090985,-0.0023445875963896937,-0.13704776368048852,2.6284058918821636,0.01221344334173963,0.7139351852000139
0.6471294258851771,PASSED,-0.2604290554031275,-0.0024787770506595887,-0.13228391466283243,2.6284184523065157,0.012912491696624796,0.6891238013419311
0.6481296259251851,PASSED,-0.26043159832034934,-0.0026080769362947682,-0.12731053295007727,2.6284316989342016,0.01358607376607218,0.6632209148510179
0.6491298259651931,PASSED,-0.26043426797125135,-0.0027322849090663623,-0.1221395993192715,2.628445605778285,0.014233135466094867,0.6362888901371331
0.6501300260052011,PASSED,-0.26043705917007676,-0.0028512107692870835,-0.1167833674883536,2.628460145829522,0.014852685959187695,0.6083915617299585
0.6511302260452091,PASSED,-0.26043996654709756,-0.002964676722255188,-0.11125434328793801,2.6284752911202607,0.015443799009328855,0.5795940424152944
0.6521304260852171,PASSED,-0.2604429845611358,-0.0030725176161367825,-0.10556526094403222,2.6284910127896213,0.016005614164872176,0.549962564295332
0.6531306261252251,PASSED,-0.2604461075123068,-0.0031745811495121857,-0.09972904832965067,2.628507281149844,0.016537337886218327,0.5195644927133661
0.6541308261652331,PASSED,-0.26044932955495614,-0.00327072804980913,-0.09375880160847311,2.6285240657536315,0.01703824447276188,0.48846798243033973
0.655131026205241,PASSED,-0.26045264471076296,-0.003360832227097125,-0.08766776107434347,2.6285413354623812,0.017507676856700304,0.45674198494381024
0.656131226245249,PASSED,-0.2604560468819817,-0.003444780899194182,-0.08146927944553184,2.6285590585151324,0.017945047266747564,0.4244560267828885
0.657131426285257,PASSED,-0.26045952986479465,-0.003522474686543039,-0.07517679261773982,2.6285772025980734,0.01834983769478367,0.39168002887157966
0.658131626325265,PASSED,-0.26046308736274687,-0.0035938276819724364,-0.06880379730383634,2.6285957349145104,0.01872160029937636,0.3584843217401006
0.659131826365273,PASSED,-0.2604667130002367,-0.003658767493060143,-0.062363820276953474,2.6286146222551157,0.01905995763207314,0.3249393400012363
0.660132026405281,PASSED,-0.2604704003360339,-0.003717235254767065,-0.055870389326901145,2.628633831068309,0.019364602648370657,0.29111546716170766
0.661132226445289,PASSED,-0.2604741428767979,-0.0037691856161074554,-0.04933700934938377,2.62865332753067,0.019635298705546533,0.25708311718532195
0.662132426485297,PASSED,-0.2604779340905693,-0.0038145867009164213,-0.042777135115353956,2.628673077617189,0.01987187934551671,0.222912321826748
0.663132626525305,PASSED,-0.26048176742020834,-0.0038534200406465844,-0.03620414280670281,2.628693047171257,0.020074247907161634,0.1886727215237074
0.664132826565313,PASSED,-0.26048563629675364,-0.0038856804814126995,-0.029631306072390017,2.628713201974246,0.02024237710783965,0.15443352011422287
0.665133026605321,PASSED,-0.2604895341526741,-0.0039113760647944956,-0.023071768254733463,2.6287335078145286,0.020376308389377703,0.12026312248727393
0.666133226645329,PASSED,-0.26049345443499117,-0.003930527884909254,-0.016538521354775872,2.6287539305558294,0.020476151164638974,0.08622921044393131
0.667133426685337,PASSED,-0.26049739061824345,-0.003943169919368676,-0.010044376529185847,2.6287744362047554,0.0205420819739664,0.052398541916426934
0.668133626725345,PASSED,-0.26050133621727173,-0.003949348835978502,-0.003601943330252196,2.6287949909773993,0.02057434347051132,0.018836799630584315
0.669133826765353,PASSED,-0.26050528479979834,-0.003949123776616709,0.002776394489822579,2.628815561364872,0.02057324327985068,-0.014391517521453597
0.670134026805361,PASSED,-0.2605092299987801,-0.00394256611869934,0.009078500202400298,2.628836114197667,0.020539152792635903,-0.04722313367699395
0.671134226845369,PASSED,-0.26051316552451015,-0.00392975921322321,0.015292508991949484,2.628856616708696,0.020472505762972184,-0.07959629365486816
0.6721344268853771,PASSED,-0.26051708517644756,-0.00391079810100659,0.021406847699732338,2.6288770365949317,0.02037379685213462,-0.11145065562603164
0.6731346269253851,PASSED,-0.2605209828547549,-0.003885789211332069,0.027410250991046718,2.62889734207754,0.020243580110293414,-0.14272746598465863
0.6741348269653931,PASSED,-0.26052485257152125,-0.0038548500367984826,0.03329179022861347,2.6289175019603426,0.02008246719169689,-0.17336988700443023
0.6751350270054011,PASSED,-0.2605286884616533,-0.003818108791216999,0.039040882483396225,2.628937485686583,0.01989112561581869,-0.20332270179404577
0.6761352270454091,PASSED,-0.26053248479341423,-0.003775704049217711,0.0446473150098828,2.628957263393846,0.019670276948389902,-0.2325326445186148
0.6771354270854171,PASSED,-0.26053623597859443,-0.003727784369190581,0.0501012567052945,2.6289768059670737,0.019420694765285535,-0.26094854216153307
0.6781356271254251,PASSED,-0.2605399365822955,-0.003674507897904217,0.05539328100707654,2.6289960850895535,0.01914320259927123,-0.2885212485828151
0.6791358271654331,PASSED,-0.2605435813323131,-0.003616041961247596,0.060514373756317255,2.6290150732918276,0.018838671858340147,-0.3152037358299267
0.6801360272054411,PASSED,-0.26054716512810244,-0.003552562640865005,0.0654559514667727,2.6290337439984266,0.018508019588577996,-0.3409512923836351
0.6811362272454491,PASSED,-0.260550683049314,-0.003484254336254677,0.07020987337269932,2.629052071572371,0.0181522061877739,-0.3657214730844028
0.6821364272854571,PASSED,-0.2605541303638851,-0.0034113093147708105,0.07476845355797804,2.6290700313573487,0.01777223307777866,-0.3894742012691297
0.6831366273254651,PASSED,-0.26055750253567617,-0.003333927250990316,0.07912447059550484,2.629087599717542,0.017369140317771904,-0.4121717991651765
0.6841368273654731,PASSED,-0.26056079523164105,-0.003252314754309094,0.08327118073836719,2.6291047540749974,0.0169440041023496,-0.4337791595937229
0.6851370274054811,PASSED,-0.2605640043285204,-0.0031666848885340475,0.08720232246616531,2.6291214729445453,0.016497934296841085,-0.45426356945170876
0.6861372274454891,PASSED,-0.2605671259190509,-0.003077256682628741,0.09091212819806714,2.6291377359661676,0.01603207188585327,-0.47359497201188194
0.6871374274854971,PASSED,-0.2605701563176812,-0.002984254634106054,0.0943953287390992,2.6291535239348174,0.015547586354195944,-0.4917459047542889
0.6881376275255051,PASSED,-0.2605730920657886,-0.002887908206179892,0.097647160717537,2.629168818827616,0.015045673090353132,-0.5086915032351611
0.6891378275655131,PASSED,-0.2605759299363906,-0.002788451320414187,0.10066336913115044,2.6291836038284506,0.014527550773827991,-0.5244095253851265
0.6901380276055211,PASSED,-0.2605786669383472,-0.0026861218456331044,0.1034402118810369,2.6291978633498823,0.013994458645162697,-0.5388805308520724
0.6911382276455291,PASSED,-0.26058130032004967,-0.0025811610814147137,0.10597446577662609,2.6292115830523968,0.013447653843066149,-0.5520876495928655
0.6921384276855371,PASSED,-0.26058382757259435,-0.0024738132434334423,0.10826341945103463,2.629224749860974,0.012888408765766654,-0.5640166957705797
0.6931386277255451,PASSED,-0.26058624643243916,-0.0023643249461102714,0.11030488257126142,2.6292373519789436,0.012318008296503466,-0.5746563182582611
0.6941388277655531,PASSED,-0.26058855488354293,-0.002252944683170518,0.11209718318541455,2.629249378899169,0.011737747141119212,-0.5839977134682515
0.6951390278055611,PASSED,-0.26059075115898883,-0.0021399223139384224,0.11363915992988326,2.629260821412526,0.01114892717554327,-0.5920348003144004
0.6961392278455691,PASSED,-0.2605928337420924,-0.0020255085497008856,0.11493016710930615,2.629271671613689,0.010552854692472842,-0.5987642715744478
0.6971394278855771,PASSED,-0.26059480136699814,-0.0019099544416452177,0.115970068686576,2.6292819229042736,0.009950837792255442,-0.6041853193126988
0.6981396279255851,PASSED,-0.260596653018768,-0.0017935108761143244,0.1167592300937712,2.62929156999331,0.009344183758547996,-0.6082998433039453
0.6991398279655932,PASSED,-0.2605983879329657,-0.0016764280733351736,0.11729851790273702,2.629300608895089,0.00873419637512072,-0.6111124101761616
0.7001400280056012,PASSED,-0.26060000559474455,-0.0015589550924791967,0.11758928949147007,2.6293090369244365,0.008122173421414592,-0.612629982726107
0.7011402280456092,PASSED,-0.2606015057374431,-0.0014413393446228277,0.11763338676630175,2.6293168526893993,0.00750940410859998,-0.6128621995402835
0.7021404280856172,PASSED,-0.26060288834069845,-0.0013238261130375762,0.11743312813121794,2.62932405608143,0.006897166537725767,-0.6118211517634992
0.7031406281256252,PASSED,-0.2606041536280831,-0.0012066580814909724,0.1169913004901945,2.62933064826309,0.006286725308693675,-0.6095212805444891
0.7041408281656332,PASSED,-0.26060530206427795,-0.00109007487580856,0.11631114247722454,2.629336631653307,0.0056793290699520315,-0.6059795442064132
0.7051410282056412,PASSED,-0.2606063343517883,-0.0009743126115620481,0.11539634542603668,2.6293420099102986,0.005076208200158193,-0.6012150868521207
0.7061412282456492,PASSED,-0.2606072514272166,-0.000859603455309713,0.11425103013653412,2.6293467879121333,0.004478572509089739,-0.5952494272126776
0.7071414282856572,PASSED,-0.26060805445710117,-0.0007461751993880732,0.11287973977837715,2.629350971735063,0.0038876089960545733,-0.5881062369168241
0.7081416283256652,PASSED,-0.26060874483333657,-0.0006342508472632013,0.11128742702253515,2.6293545686296507,0.00330447971803088,-0.579811305428273
0.7091418283656732,PASSED,-0.2606093241681855,-0.0005240482130236263,0.10947943905093477,2.629357586994789,0.0027303197014243025,-0.5703924907254468
0.7101420284056812,PASSED,-0.26060979428889863,-0.00041577953616097723,0.10746150207045858,2.6293600363496608,0.002166234910988622,-0.5598796569091697
0.7111422284456892,PASSED,-0.260610157231956,-0.0003096511107643813,0.10523970761402084,2.6293619273037327,0.0016133003313359364,-0.5483045281483634
0.7121424284856971,PASSED,-0.2606104152369453,-0.00020586292959621504,0.10282049687092988,2.6293632715248423,0.001072558101568546,-0.5357006975134081
0.7131426285257051,PASSED,-0.2606105707400925,-0.00010460834481976191,0.10021064338013533,2.629364081705499,0.0005450157696831097,-0.5221034214667886
0.7141428285657131,PASSED,-0.2606106263674622,-6.073746056997337e-06,0.09741723568451739,2.6293643715274353,3.164458727149962e-05,-0.5075496897081578
0.7151430286057211,PASSED,-0.26061058492784334,8.956174609611144e-05,0.09444766313216972,2.6293641556245335,-0.00046662208718510666,-0.49207799762223864
0.7161432286457291,PASSED,-0.26061044940533834,0.00018212656801006784,0.0913095944351475,2.629363449544195,-0.0009488902754804337,-0.4757283154107193
0.7171434286857371,PASSED,-0.2606102229516728,0.0002714569827650053,0.08801096163479738,2.6293622697072774,-0.001414306765834482,-0.4585419403162676
0.7181436287257451,PASSED,-0.26060990887824503,0.00035739733198026903,0.08455994093557472,2.629360633366639,-0.0018620604865623048,-0.44056157433552623
0.7191438287657531,PASSED,-0.2606095106479321,0.0004398002698896284,0.08096493589188247,2.6293585585644426,-0.0022913836841260567,-0.4218309463825695
0.7201440288057611,PASSED,-0.2606090318666731,0.0005185269765023697,0.07723455375998044,2.629356064088287,-0.0027015530124906693,-0.40239491635264174
0.7211442288457691,PASSED,-0.26060847627484707,0.0005934473528195056,0.07337759135523972,2.629353169426274,-0.0030918906007125096,-0.3822993694679728
0.7221444288857771,PASSED,-0.26060784773846607,0.0006644401975798862,0.06940301369714116,2.6293498947211047,-0.0034617649519446615,-0.3615910057416047
0.7231446289257851,PASSED,-0.2606071502402016,0.0007313933628354973,0.06531993296125779,2.629346260723308,-0.0038105917463067563,-0.34031732010908805
0.7241448289657931,PASSED,-0.2606063878702654,0.0007942038899251231,0.06113758984187129,2.629342288743725,-0.004137834546126511,-0.3185264529601998
0.7251450290058011,PASSED,-0.2606055648171634,0.0008527781265349773,0.05686533445517597,2.629338000605313,-0.004443005431222613,-0.29626717318670415
0.7261452290458091,PASSED,-0.26060468535834197,0.0009070318251460405,0.05251260804832134,2.629333418594404,-0.004725665485342718,-0.2735886414090393
0.7271454290858171,PASSED,-0.26060375385074835,0.0009568902187310015,0.048088917276054195,2.6293285654115075,-0.004985425193412959,-0.25054041917771036
0.7281456291258251,PASSED,-0.26060277472132265,0.0010022880776426161,0.04360382000198847,2.6293234641217595,-0.0052219447604590985,-0.2271723322917592
0.7291458291658331,PASSED,-0.2606017524574426,0.0010431697495869264,0.03906690657252452,2.629318138105135,-0.005434934282184558,-0.20353431468125796
0.7301460292058412,PASSED,-0.26060069159734006,0.0010794891774808515,0.03448777544152546,2.6293126110064966,-0.0056241538622842716,-0.17967642371201656
0.7311462292458492,PASSED,-0.2605995967205092,0.0011112098955190818,0.029876013102699973,2.629306906685622,-0.005789413592016949,-0.155648600413117
0.7321464292858572,PASSED,-0.2605984724381246,0.001138305012895742,0.025241186892633483,2.6293010491672657,-0.005930573442553727,-0.13150068395255324
0.7331466293258652,PASSED,-0.26059732338349056,0.0011607571727166406,0.020592808439742077,2.629295062591398,-0.006047543070572011,-0.10728225739543763
0.7341468293658732,PASSED,-0.260596154202537,0.0011785584928924204,0.015940327999804556,2.629288971163675,-0.006140281511831847,-0.08304256383610097
0.7351470294058812,PASSED,-0.26059496954438427,0.001191710491693502,0.01129311266859973,2.6292827991062833,-0.006208796768542287,-0.058830385293332156
0.7361472294458892,PASSED,-0.2605937740519923,0.0012002239929024697,0.006660426902546343,2.6292765706092163,-0.006253145323800912,-0.034694001902152646
0.7371474294858972,PASSED,-0.26059257235291355,0.00120411901226288,0.002051414332319481,2.6292703097820906,-0.006273431575316806,-0.010681084591721655
0.7381476295259052,PASSED,-0.26059136905016655,0.0012034246292171894,-0.002524914631030341,2.629264040606609,-0.006269807116042684,0.013161488518017557
0.7391478295659132,PASSED,-0.26059016871324714,0.0011981788413365,-0.007059703380462249,2.6292577868897014,-0.006242470028329802,0.036787487176124276
0.7401480296059212,PASSED,-0.26058897586929436,0.001188428399821976,-0.011544266937232043,2.6292515722175356,-0.006191663978415497,0.06015175840642445
0.7411482296459292,PASSED,-0.26058779499442736,0.0011742286307845128,-0.01597010377095032,2.629245419910363,-0.0061176772985998265,0.08320996075516822
0.7421484296859372,PASSED,-0.26058663050526804,0.001155643243209067,-0.020328910111775872,2.6292393529783604,-0.00602084202266304,0.10591881939119965
0.7431486297259452,PASSED,-0.26058548675066584,0.0011327441180317655,-0.02461260188765173,2.6292333940785197,-0.005901532735308258,0.12823626599717103
0.7441488297659532,PASSED,-0.26058436800363816,0.001105611084743363,-0.028813320888903444,2.6292275654726702,-0.005760165409385553,0.15012136587306166
0.7451490298059612,PASSED,-0.2605832784535415,0.0010743316854236087,-0.03292345160698835,2.6292218889866863,-0.005597196227965836,0.171534391784154
0.7461492298459692,PASSED,-0.26058222219848554,0.0010390009239879083,-0.03693563465484165,2.6292163859709823,-0.005413120228718218,0.19243707088992604
0.7471494298859772,PASSED,-0.2605812032380038,0.0009997210036890415,-0.0408427773948836,2.6292110772623376,-0.005208469918306769,0.21279247009246655
0.7481496299259852,PASSED,-0.26058022546599363,0.0009566010514270531,-0.04463806884005823,2.6292059831471057,-0.0049838139172209755,0.23256502174801047
0.7491498299659932,PASSED,-0.2605792926639349,0.0009097568335443146,-0.048314983911192017,2.629201123325918,-0.004739755402574118,0.25172084324608907
0.7501500300060012,PASSED,-0.2605784084944008,0.0008593104597217516,-0.05186730043014363,2.6291965168798694,-0.004476930561311937,0.27022750660624406
0.7511502300460092,PASSED,-0.26057757649486873,0.0008053900748904266,-0.055289107765446134,2.629192182238286,-0.0041960070674542755,0.28805415202527185
0.7521504300860172,PASSED,-0.26057680007184303,0.0007481295455156519,-0.05857481044766033,2.629188137148125,-0.003897682360741502,0.30517174317110785
0.7531506301260252,PASSED,-0.2605760824952955,0.0006876681371220244,-0.061719140357605604,2.6291843986450085,-0.0035826819874965688,0.32155279329415076
0.7541508301660332,PASSED,-0.26057542689343405,0.0006241501812152299,-0.06471716627292036,2.6291809830259854,-0.00325175791380989,0.3371715939483646
0.7551510302060412,PASSED,-0.26057483624780575,0.0005577247370259822,-0.06756429613346568,2.6291779058240414,-0.0029056866836168617,0.35200432102280377
0.7561512302460492,PASSED,-0.260574313388741,0.0004885452495704842,-0.07025628167018617,2.6291751817843543,-0.002545267700118328,0.3660287584823543
0.7571514302860572,PASSED,-0.26057386099114443,0.0004167691982220212,-0.07278923113398099,2.629172824842389,-0.0021713213919913894,0.3792246745566612
0.7581516303260653,PASSED,-0.2605734815706379,0.00034255774179396356,-0.07515960662410885,2.6291708481038047,-0.0017846873203255461,0.3915736697386315
0.7591518303660733,PASSED,-0.26057317748005976,0.00026607536202826246,-0.07736422852676259,2.6291692638262436,-0.0013862223352872612,0.403059195238054
0.7601520304060813,PASSED,-0.2605729509063239,0.00018748950087176338,-0.07940028290965673,2.629168083402951,-0.0009767987505823234,0.41366651101619406
0.7611522304460893,PASSED,-0.2605728038676408,0.00010697019724454793,-0.08126531743892128,2.629167317348328,-0.0005573023683817969,0.4233829629900814
0.7621524304860973,PASSED,-0.2605727382111044,2.4689721364261463e-05,-0.08295724817452992,2.62916697528536,-0.00012863058209544532,0.4321976684838651
0.7631526305261053,PASSED,-0.2605727556106432,-5.917779186705494e-05,-0.0844743566025074,2.6291670659349466,0.0003083094482259011,0.4401016048796675
0.7641528305661133,PASSED,-0.2605728575653396,-0.00014445670924968695,-0.08581529123604838,2.62916759710715,0.0007526027849042861,0.44708782454419677
0.7651530306061213,PASSED,-0.2605730453981136,-0.00023097026501907227,-0.08697906545827662,2.6291685756943575,0.0012033286366148624,0.45315120315482915
0.7661532306461293,PASSED,-0.2605733202547734,-0.0003185409261188997,-0.08796505819419459,2.6291700076663203,0.0016595621620773856,0.4582884070009861
0.7671534306861373,PASSED,-0.26057368310342877,-0.0004069907547280635,-0.08877300888580991,2.6291718980671193,0.002120376432185475,0.4624981788461589
0.7681536307261452,PASSED,-0.26057413473426555,-0.0004961417675277322,-0.08940301540890797,2.6291742510139775,0.002584844304998326,0.465781002123979
0.7691538307661532,PASSED,-0.2605746757596789,-0.0005858162932777835,-0.08985553264414711,2.6291770696979695,0.0030520402430868026,0.4681392287314759
0.7701540308061612,PASSED,-0.26057530661476125,-0.0006758373256247448,-0.0901313654821707,2.6291803563865517,0.003521042167378779,0.4695770546656434
0.7711542308461692,PASSED,-0.2605760275581389,-0.0007660288689568957,-0.09023166189880451,2.6291841124279314,0.003990933286715236,0.4701004957836666
0.7721544308861772,PASSED,-0.26057683867315556,-0.0008562162825335512,-0.09015791469522276,2.6291883382572268,0.004460803861097173,0.4697172934474495
0.7731546309261852,PASSED,-0.2605777398693937,-0.000946226616937573,-0.08991194754322117,2.62919303340439,0.004929752939196837,0.4684369345344741
0.7741548309661932,PASSED,-0.26057873088452904,-0.0010358889415295188,-0.08949590929109585,2.629198196503859,0.00539689009138247,0.46627063061973917
0.7751550310062012,PASSED,-0.26057981128651186,-0.0011250346694149755,-0.08891227361503062,2.629203825305935,0.005861337123455227,0.4632312997081034
0.7761552310462092,PASSED,-0.2605809804760659,-0.0012134978714517968,-0.08816382098468203,2.629209916689779,0.006322229646436037,0.4593333384959467
0.7771554310862172,PASSED,-0.26058223768949795,-0.001301115580670161,-0.08725363470748604,2.6292164666780464,0.0067787186891801465,0.4545928455762175
0.7781556311262252,PASSED,-0.2605835820018089,-0.0013877280918569866,-0.0861850955063852,2.629223470453097,0.007229972313390473,0.44902747663306575
0.7791558311662332,PASSED,-0.26058501233009834,-0.0014731792491143726,-0.0849618650913867,2.629230922374712,0.007675177027012518,0.44265620494803143
0.7801560312062412,PASSED,-0.26058652743725047,-0.0015573167224862032,-0.0835878788921263,2.629238815999295,0.00811353925055588,0.43549956927358224
0.7811562312462492,PASSED,-0.2605881259358947,-0.0016399922768437023,-0.08206733800108071,2.6292471441004954,0.008544286767376896,0.4275794818526428
0.7821564312862572,PASSED,-0.26058980629262674,-0.001721062029016703,-0.0804046949542809,2.6292558986911905,0.008966670006230129,0.4189190768536275
0.7831566313262652,PASSED,-0.26059156683248225,-0.0018003866927741525,-0.07860464295956121,2.629265071046778,0.009379963308790894,0.40954278636552427
0.7841568313662732,PASSED,-0.2605934057436499,-0.0018778318128137958,-0.07667210475969831,2.6292746517297236,0.009783466209917983,0.3994763109681338
0.7851570314062812,PASSED,-0.2605953210824123,-0.001953267987938781,-0.07461222203517655,2.6292846306152913,0.010176504560959728,0.3887463777574851
0.7861572314462892,PASSED,-0.26059731077830345,-0.0020265710803559333,-0.07243033933846894,2.629294996918393,0.010558431586941591,0.3773807914647819
0.7871574314862972,PASSED,-0.2605993726394695,-0.0020976224125482156,-0.07013199409482389,2.629305739221515,0.010928628983937134,0.3654084673493831
0.7881576315263052,PASSED,-0.26060150435822044,-0.0021663089527711814,-0.06772290430839376,2.629316845503627,0.011286507851947486,0.35285913511766204
0.7891578315663133,PASSED,-0.26060370351676004,-0.0022325234863800197,-0.06520895314246822,2.62932830317001,0.0116315095422338,0.3397633937320798
0.7901580316063213,PASSED,-0.26060596759308,-0.0022961647729641986,-0.06259617554531968,2.6293400990829845,0.011963106578827853,0.3261527985020367
0.7911582316463293,PASSED,-0.26060829396700624,-0.002357137692053717,-0.05989074811898421,2.6293522195933527,0.012280803312954773,0.3120593578768432
0.7921584316863373,PASSED,-0.26061067992638215,-0.002415353374006336,-0.05709897117504296,2.6293646505726374,0.012584136647873874,0.2975159862806088
0.7931586317263453,PASSED,-0.2606131226733768,-0.0024707293165689174,-0.05422725682093956,2.6293773774459233,0.012872676701097213,0.2825560978518263
0.7941588317663533,PASSED,-0.2606156193309027,-0.00252318948909865,-0.05128211633559452,2.62939038522528,0.01314602724376493,0.26721350587831183
0.7951590318063613,PASSED,-0.26061816694913076,-0.0025726644214686327,-0.04827014305957406,2.629403658543692,0.013403826213882393,0.25152261294356304
0.7961592318463693,PASSED,-0.26062076251208655,-0.002619091279241459,-0.0451980009149941,2.6294171816894205,0.013645746155844702,0.23551816130813719
0.7971594318863773,PASSED,-0.26062340294431596,-0.0026624139256805728,-0.04207241012186069,2.629430938640721,0.01387149447475099,0.21923509063838972
0.7981596319263853,PASSED,-0.26062608511760493,-0.0027025829692956015,-0.03890013261047367,2.6294449131008366,0.014080813682272807,0.2027086187774342
0.7991598319663933,PASSED,-0.2606288058577393,-0.002739555795716593,-0.035687955628003865,2.6294590885332156,0.014273481636498407,0.18597417785771103
0.8001600320064013,PASSED,-0.2606315619512918,-0.0027732965895233947,-0.03244268592599997,2.6294734481968645,0.014449311600782496,0.16906715523500632
0.8011602320464093,PASSED,-0.2606343501524209,-0.0028037763386921538,-0.02917112466393212,2.629487975181752,0.014608152235326393,0.15202295408315733
0.8021604320864173,PASSED,-0.26063716718966956,-0.002830972826233117,-0.025880062792317096,2.6295026524442378,0.01474988764627624,0.13487704886097748
0.8031606321264253,PASSED,-0.2606400097727483,-0.002854870610005521,-0.022576264425796376,2.629517462842407,0.014874437239164241,0.11766462223934981
0.8041608321664333,PASSED,-0.26064287459929114,-0.0028754609870698575,-0.019266452156696347,2.629532389171248,0.01498175546236406,0.10042062384013492
0.8051610322064413,PASSED,-0.26064575836156934,-0.0028927419460572797,-0.015957296874573174,2.629547414197653,0.015071831684821835,0.08317995486953679
0.8061612322464493,PASSED,-0.2606486577531513,-0.002906718106250899,-0.012655402406316305,2.629562520695091,0.015144689814982978,0.06597691368887793
0.8071614322864573,PASSED,-0.2606515694754953,-0.00291740064373867,-0.009367294208740766,2.62957769147797,0.015200387882484819,0.048845503377152585
0.8081616323264653,PASSED,-0.2606544902444619,-0.0029248072061875802,-0.006099407942356556,2.6295929094355572,0.015239017663563285,0.03181929954600956
0.8091618323664733,PASSED,-0.2606574167967352,-0.002928961813772435,-0.0028580740131872438,2.6296081575654484,0.015260704159109214,0.014931292879208448
0.8101620324064813,PASSED,-0.2606603458961393,-0.002929894749883146,0.0003504891576065175,2.6296234190064602,0.015265604951871908,-0.0017862073149820927
0.8111622324464893,PASSED,-0.26066327433983955,-0.0029276424396514947,0.003520190947681477,2.6296386770709543,0.01525390964613798,-0.018301371346559216
0.8121624324864973,PASSED,-0.2606661989644172,-0.0029222473172034052,0.0066450767816951225,2.6296539152764913,0.015225839196427893,-0.03458316861910519
0.8131626325265053,PASSED,-0.26066911665180537,-0.0029137576829930405,0.009719339162811454,2.6296691173767504,0.01518164506643434,-0.05060143757651919
0.8141628325665133,PASSED,-0.2606720243350776,-0.002902227549466382,0.012737329769222955,2.629684267391708,0.01512160851301935,-0.06632663064063667
0.8151630326065213,PASSED,-0.26067491900407674,-0.002887716477521644,0.01569356672841485,2.6296993496369647,0.015046039734711095,-0.08173021008666712
0.8161632326465293,PASSED,-0.26067779771087696,-0.002870289404372731,0.01858274409591181,2.6297143487522003,0.014955276887731465,-0.09678460490827141
0.8171634326865373,PASSED,-0.2606806575750668,-0.002850016460286575,0.02139974407965262,2.6297292497287263,0.01484968523890311,-0.11146301144174173
0.8181636327265454,PASSED,-0.2606834957888465,-0.0028269727779663568,0.024139641147261904,2.6297440379360366,0.014729656131067075,-0.12573983876556538
0.8191638327665534,PASSED,-0.26068630962193023,-0.0028012382940811927,0.026797712377099017,2.6297586991473567,0.014595605894916997,-0.1395905010730854
0.8201640328065614,PASSED,-0.2606890964262459,-0.002772897542223177,0.029369444845293694,2.6297732195641563,0.014447974880022361,-0.152991357442337
0.8211642328465694,PASSED,-0.26069185364042397,-0.002742039438890581,0.03185054232413098,2.629787585839529,0.014287226262882867,-0.16592012360426447
0.8221644328865774,PASSED,-0.26069457879407015,-0.0027087570631593714,0.03423693133592792,2.62980178510047,0.014113844881829204,-0.17835555268659303
0.8231646329265854,PASSED,-0.2606972695118132,-0.002673147429505333,0.036524768532779056,2.629815804968978,0.013928336140454866,-0.19027753383283172
0.8241648329665934,PASSED,-0.2606999235171243,-0.002635311255980334,0.03871044351981219,2.629829633581963,0.01373122473531103,-0.2016673193511703
0.8251650330066013,PASSED,-0.2607025386359005,-0.002595352725934004,0.04079058773067544,2.6298432596099306,0.013523053403898725,-0.21250733945305966
0.8261652330466093,PASSED,-0.2607051127998088,-0.0025533792457103546,0.04276207521896546,2.6298566722744154,0.013304381718118421,-0.2227812499984666
0.8271654330866173,PASSED,-0.26070764404938596,-0.0025095011988956447,0.04462202787853959,2.629869861364142,0.013075784766593393,-0.23247408587607013
0.8281656331266253,PASSED,-0.2607101305368895,-0.00246383169568214,0.046367820103480416,2.6298828172498894,0.01283785183453336,-0.24157216284934427
0.8291658331666333,PASSED,-0.2607125705288983,-0.0024164863200735985,0.04799707927858256,2.6298955308980534,0.01259118512872056,-0.2500630677884379
0.8301660332066413,PASSED,-0.260714962408658,-0.002367582874448152,0.04950768985668972,2.6299079938828807,0.012336398432402066,-0.25793578200519746
0.8311662332466493,PASSED,-0.2607173046781706,-0.002317241122107628,0.05089779399641299,2.62992019839736,0.01207411572541424,-0.265180656976244
0.8321664332866573,PASSED,-0.2607195959600258,-0.0022655825282969218,0.05216579368690189,2.6299321372627813,0.011804969887079055,-0.27178929257448114
0.8331666333266653,PASSED,-0.26072183499897267,-0.0022127299997490883,0.053310351788454204,2.6299438039369347,0.011529601333998257,-0.2777547267516751
0.8341668333666733,PASSED,-0.26072402066323164,-0.002158807625800711,0.05433038872165891,2.6299551925209443,0.01124865660302856,-0.2830714004483774
0.8351670334066813,PASSED,-0.2607261519455466,-0.00210394041754331,0.055225087947895116,2.6299662977647795,0.010962787088645677,-0.28773492367255227
0.8361672334466893,PASSED,-0.26072822796397704,-0.0020482540479116987,0.055993890754089205,2.6299771150713775,0.010672647649572663,-0.29174244933998855
0.8371674334866973,PASSED,-0.2607302479624317,-0.0019918745951401813,0.056636494116468886,2.629987640499427,0.010378895199307148,-0.2950924508825345
0.8381676335267053,PASSED,-0.26073221131094454,-0.0019349282844836127,0.05715285501663532,2.6299978707648384,0.010082187499733006,-0.29778453203521377
0.8391678335667133,PASSED,-0.26073411750569614,-0.0018775412351457422,0.057543178885360424,2.6300078032408307,0.009783181738241047,-0.29981991446312284
0.8401680336067213,PASSED,-0.2607359661687812,-0.0018198392081012155,0.057807925817304526,2.6300174359567596,0.009482533224595895,-0.30120091309983554
0.8411682336467293,PASSED,-0.2607377570477272,-0.001761947358012011,0.057947799603804896,2.630026767595587,0.009180894139740934,-0.30193119935837814
0.8421684336867373,PASSED,-0.2607394900147654,-0.001703989988193293,0.05796374996199333,2.6300357974901107,0.008878912232268565,-0.30201571288169676
0.8431686337267453,PASSED,-0.26074116506585976,-0.00164609030958684,0.05785696436942643,2.6300445256178926,0.008577229547526951,-0.3014606659815581
0.8441688337667533,PASSED,-0.2607427823194972,-0.0015883702049748858,0.05762886477363949,2.630052952594981,0.008276481239938353,-0.3002734019932937
0.8451690338067613,PASSED,-0.2607443420152442,-0.00153094999770091,0.057281102274199885,2.6300610796683728,0.00797729432648845,-0.298462587754306
0.8461692338467693,PASSED,-0.260745844512075,-0.001473948225940946,0.056815551417139974,2.630068908707308,0.007680286501042546,-0.29603798390696884
0.8471694338867773,PASSED,-0.26074729028647625,-0.0014174814214773213,0.05623430649461443,2.630076442193424,0.007386065073279358,-0.2930103903340006
0.8481696339267853,PASSED,-0.2607486799303357,-0.001361663896937932,0.0555396699025723,2.630083683209718,0.007095225737834473,-0.2893919655188086
0.8491698339667934,PASSED,-0.2607500141486191,-0.0013066075384931097,0.054734150806322567,2.6300906354284725,0.0068083515343528404,-0.285195695456849
0.8501700340068014,PASSED,-0.2607512937568438,-0.0012524216036868703,0.053820457472850435,2.6300973030980828,0.006526011873936786,-0.2804356370555235
0.8511702340468094,PASSED,-0.2607525196783554,-0.0011992125300344472,0.05280148443880491,2.6301036910288658,0.006248761420749149,-0.27512699727571144
0.8521704340868174,PASSED,-0.26075369294141454,-0.001147083748227871,0.05168031338509055,2.630109804577887,0.005977139167643477,-0.26928575699231333
0.8531706341268254,PASSED,-0.26075481467610195,-0.00109613550329369,0.0504601993002414,2.630115649632829,0.005711667551329739,-0.2629288558613528
0.8541708341668334,PASSED,-0.26075588611104966,-0.0010464646865198672,0.04914456175621028,2.630121232594958,0.005452851498760717,-0.25607418370746937
0.8551710342068414,PASSED,-0.26075690857000644,-0.000998164673140271,0.047736981128520053,2.6301265603612363,0.005201177619453044,-0.24874034304114137
0.8561712342468494,PASSED,-0.260757883468246,-0.000951325168291832,0.046241187328384926,2.6301316403055948,0.004957113416853388,-0.2409467756386662
0.8571714342868574,PASSED,-0.2607588123088271,-0.0009060320651034453,0.04466104709505452,2.630136480259445,0.0047211064986901205,-0.23271367984633312
0.8581716343268654,PASSED,-0.2607596966787134,-0.0008623673082967856,0.04300056328106305,2.630141088491465,0.004493583916538893,-0.22406185035449142
0.8591718343668734,PASSED,-0.2607605382447636,-0.0008204087676472456,0.04126385889519142,2.630145473686705,0.00427495150529885,-0.21501278516374403
0.8601720344068814,PASSED,-0.2607613387496003,-0.000780230123910518,0.03945516696441825,2.63014964492505,0.004065593227837821,-0.20558860565922038
0.8611722344468894,PASSED,-0.2607621000073671,-0.00074190076028579,0.0375788280649345,2.630153611659118,0.003865870673517137,-0.19581185342832588
0.8621724344868974,PASSED,-0.2607628238993835,-0.0007054856640795331,0.03563927496713875,2.6301573836916106,0.0036761225408668318,-0.1857056521316246
0.8631726345269054,PASSED,-0.26076351236970796,-0.0006710453425532681,0.03364101923234914,2.630160971152192,0.0034966641429023744,-0.17529356185301234
0.8641728345669134,PASSED,-0.26076416742061764,-0.0006386357420045812,0.031588654759578734,2.630164384473939,0.0033277870548141554,-0.16459943891168982
0.8651730346069214,PASSED,-0.2607647911080162,-0.0006083081812821555,0.02948683136432375,2.6301676343694034,0.0031697587394474845,-0.15364756633665816
0.8661732346469294,PASSED,-0.26076538553677825,-0.0005801092949307821,0.027340256342739726,2.6301707318063463,0.003022822208929197,-0.1424625066393743
0.8671734346869374,PASSED,-0.26076595285604104,-0.0005540809830075861,0.025153682310166726,2.630173687983218,0.0028871958503869886,-0.13106892647743118
0.8681736347269454,PASSED,-0.26076649525445345,-0.0005302603748623694,0.02293189203525006,2.6301765143043774,0.0027630731685088193,-0.11949185214532779
0.8691738347669534,PASSED,-0.26076701495539156,-0.0005086798009701499,0.020679695130199332,2.6301792223551823,0.002650622652474141,-0.10775629196091163
0.8701740348069614,PASSED,-0.26076751421215166,-0.0004893667742146546,0.01840191450569238,2.630181823876919,0.0025499876974898754,-0.09588739699983552
0.8711742348469694,PASSED,-0.26076799530312955,-0.00047234398163209843,0.0161033779671321,2.630184330741697,0.0024612865549098997,-0.08391030630006843
0.8721744348869774,PASSED,-0.2607684605269967,-0.0004576292860468444,0.013788907330668636,2.630186754927291,0.0023846123118377257,-0.07185020092024429
0.8731746349269854,PASSED,-0.2607689121978823,-0.00044523573761016234,0.011463309174024319,2.630189108492064,0.002320033009335763,-0.05973203688977537
0.8741748349669934,PASSED,-0.26076935264057177,-0.00043517159337579385,0.009131367607931339,2.6301914035499143,0.002267591694428988,-0.0475808335847748
0.8751750350070014,PASSED,-0.26076978418572994,-0.00042744034787551254,0.006797830761848051,2.6301936522454037,0.002227306580464493,-0.03542130088430919
0.8761752350470094,PASSED,-0.2607702091651589,-0.00042204077271505036,0.004467404759538304,2.630195866729043,0.0021991713059961496,-0.023277923524365834
0.8771754350870175,PASSED,-0.26077062990710026,-0.00041896696450132744,0.002144743849845993,2.6301980591328027,0.0021831551197296936,-0.01117502809451561
0.8781756351270255,PASSED,-0.2607710487315894,-0.0004182084018375491,-0.00016555812693348011,2.630200241545914,0.0021792032052938247,0.000863494669895473
0.8791758351670335,PASSED,-0.2607714679458717,-0.0004197500117194227,-0.00245897771850032,2.630202425990981,0.002187237056181921,0.012814088366896544
0.8801760352070415,PASSED,-0.2607718898398889,-0.00042357224409879846,-0.004731068819959321,2.630204624400459,0.002207154812787642,0.024653535431604413
0.8811762352470495,PASSED,-0.2607723166818438,-0.00042965115335917906,-0.006977469553994719,2.630206848593544,0.002238831709069739,0.036359136849091526
0.8821764352870574,PASSED,-0.2607727507138516,-0.0004379584907283523,-0.009193915912625557,2.6302091102535146,0.0022821205748706445,0.047908685102114476
0.8831766353270654,PASSED,-0.2607731941476858,-0.00044846180124172655,-0.011376240247206735,2.63021142090556,0.0023368523073353164,0.059280430706376994
0.8841768353670734,PASSED,-0.2607736491606263,-0.00046112452967452596,-0.013520387223194446,2.6302137918951463,0.002402836436027136,0.07045326068211548
0.8851770354070814,PASSED,-0.2607741178914165,-0.0004759061347631512,-0.015622416998912463,2.630216234366963,0.002479861746980857,0.08140667780145841
0.8861772354470894,PASSED,-0.26077460243633754,-0.0004927622080602256,-0.01767851082918234,2.630218759244446,0.0025676968434194393,0.09212070886333211
0.8871774354870974,PASSED,-0.2607751048454046,-0.0005116446000693446,-0.019684979462410032,2.630221377209975,0.0026660908405567734,0.10257618932000212
0.8881776355271054,PASSED,-0.2607756271186941,-0.00053250155423361,-0.021638270632168978,2.630224098685734,0.0027747740960570016,0.11275463295371241
0.8891778355671134,PASSED,-0.26077617120280555,-0.0005552778450491323,-0.023534970937757953,2.630226933815266,0.0028934588447154146,0.12263815912821323
0.8901780356071214,PASSED,-0.2607767389874655,-0.0005799149219847466,-0.025371814267518528,2.6302298924457865,0.0030218400047386453,0.1322098272865759
0.8911782356471294,PASSED,-0.2607773323022779,-0.0006063510592080001,-0.02714568586041026,2.6302329841112506,0.003159595987406664,0.14145341958898075
0.8921784356871374,PASSED,-0.26077795291362676,-0.0006345215104357272,-0.02885362813927166,2.630236218016216,0.0033063894346162357,0.15035346562329843
0.8931786357271454,PASSED,-0.26077860252173524,-0.0006643586674114658,-0.03049284286671659,2.6302396030205113,0.0034618680593777726,0.15889539752036236
0.8941788357671534,PASSED,-0.260779282757886,-0.0006957922236886682,-0.032060698550859544,2.6302431476247636,0.003625665559740874,0.16706556892492802
0.8951790358071614,PASSED,-0.26077999518180656,-0.0007287493410571927,-0.03355472991363458,2.630246859956766,0.0037974024202922464,0.17485105496900197
0.8961792358471694,PASSED,-0.26078074127922307,-0.0007631548195862906,-0.03497264427274013,2.6302507477587405,0.003976686806614765,0.1822399405581964
0.8971794358871774,PASSED,-0.2607815224595864,-0.000798931272532359,-0.03631232539495403,2.6302548183754855,0.004163115519242008,0.18922122733994234
0.8981796359271854,PASSED,-0.26078234005397294,-0.0008359993017122083,-0.03757183170311292,2.6302590787434355,0.004356274858654382,0.19578474746066235
0.8991798359671934,PASSED,-0.26078319531316235,-0.0008742776752298158,-0.03874940139393706,2.6302635353806463,0.004555741561513667,0.20192133979169982
0.9001800360072014,PASSED,-0.2607840894058955,-0.0009136835096804732,-0.03984345648847105,2.6302681943777273,0.004761083795291096,0.20762282976791543
0.9011802360472094,PASSED,-0.2607850234173128,-0.0009541324509699814,-0.04085259782353306,2.6302730613896896,0.004971862031980212,0.21288184130324903
0.9021804360872174,PASSED,-0.2607859983475759,-0.00099553885727234,-0.04177561195490871,2.6302781416287755,0.005187630035089418,0.21769211097984298
0.9031806361272254,PASSED,-0.26078701511067187,-0.0010378159838548041,-0.04261146966750155,2.6302834398582235,0.005407935846954007,0.222048279121087
0.9041808361672334,PASSED,-0.26078807453340314,-0.0010808761678759717,-0.04335932692361173,2.6302889603869994,0.005632322693656791,0.2259458917572496
0.9051810362072414,PASSED,-0.2607891773545599,-0.0011246310110038524,-0.044018520597393196,2.630294707065496,0.00586032998726947,0.22938156151629815
0.9061812362472494,PASSED,-0.2607903242242786,-0.0011689915650335218,-0.044588576317853575,2.630300683282172,0.006091494269152019,0.2323527621267159
0.9071814362872574,PASSED,-0.26079151570358267,-0.0012138685152746917,-0.04506919952338104,2.630306891961175,0.006325350166674826,0.23485798778686964
0.9081816363272655,PASSED,-0.2607927522641072,-0.0012591723625126772,-0.045460279047722096,2.6303133355609014,0.006561431358032957,0.23689666040563861
0.9091818363672735,PASSED,-0.260794034288005,-0.0013048136042392627,-0.045761883512494425,2.6303200160734903,0.006799271472640415,0.23846908407533812
0.9101820364072815,PASSED,-0.2607953620680324,-0.0013507029133831313,-0.0459742595647848,2.630326935025294,0.007038405086720037,0.23957663408247812
0.9111822364472895,PASSED,-0.2607967358078136,-0.001396751316557913,-0.04609783224811272,2.6303340934782278,0.007278368597929258,0.24022142929371493
0.9121824364872975,PASSED,-0.260798155622281,-0.0014428703682615918,-0.04613319800738919,2.630341492032087,0.007518701152355938,0.24040663784865562
0.9131826365273055,PASSED,-0.26079962153828823,-0.0014889723215523306,-0.04608112347963886,2.630349130827719,0.0077589455457338355,0.24013623039739257
0.9141828365673135,PASSED,-0.26080113349539474,-0.001534970299501944,-0.04594254759626293,2.63035700955112,0.007998649091048306,0.23941508859252492
0.9151830366073215,PASSED,-0.2608026913468161,-0.0015807784591810158,-0.04571856773427779,2.630365127438376,0.008237364483557202,0.23824892845314233
0.9161832366473295,PASSED,-0.2608042948605396,-0.0016263121529997706,-0.04541044454173941,2.6303734832814794,0.008474650662558134,0.23664434603279175
0.9171834366873375,PASSED,-0.26080594372059807,-0.001671488088039055,-0.04501959537098105,2.63038207543496,0.008710073609962203,0.23460868165158733
0.9181836367273455,PASSED,-0.2608076375285008,-0.0017162244789092217,-0.044547587869623435,2.6303909018233425,0.008943207158608399,0.23215012664260112
0.9191838367673535,PASSED,-0.260809375804815,-0.0017604411967399643,-0.04399613780482246,2.6303999599493744,0.009173633772438529,0.22927760528848265
0.9201840368073615,PASSED,-0.26081115799089444,-0.0018040599140529412,-0.04336710365174622,2.630409246903038,0.009400945297728534,0.22600080529102184
0.9211842368473695,PASSED,-0.2608129834507493,-0.001847004243592628,-0.04266248013164723,2.6304187593712873,0.009624743691183726,0.2223301188979724
0.9221844368873775,PASSED,-0.2608148514730542,-0.0018891998733401839,-0.041884396158161454,2.630428493648503,0.009844641707636608,0.21827661482282185
0.9231846369273855,PASSED,-0.26081676127328535,-0.001930574693933142,-0.041035103549489325,2.63043844564763,0.010060263582229556,0.213852047773034
0.9241848369673935,PASSED,-0.26081871199598566,-0.0019710589223222233,-0.04011697828214257,2.6304486109119756,0.010271245676839817,0.20906879250174545
0.9251850370074015,PASSED,-0.26082070271714886,-0.002010585220034113,-0.03913251066505463,2.6304589846276287,0.010477237074041107,0.2039398003343166
0.9261852370474095,PASSED,-0.260822732446718,-0.0020490888021782398,-0.038084296463508444,2.6304695616364713,0.010677900156981411,0.1984786046776294
0.9271854370874175,PASSED,-0.26082480013119175,-0.002086507543412629,-0.03697503774831027,2.6304803364497547,0.01087291117087636,0.19269928670649744
0.9281856371274255,PASSED,-0.26082690465633296,-0.0021227820776139722,-0.035807531836698187,2.630491303262219,0.011061960743365438,0.18661642967746406
0.9291858371674335,PASSED,-0.2608290448499719,-0.002157855888244299,-0.03458466315941213,2.63050245596668,0.011244754319892667,0.18024500776040514
0.9301860372074415,PASSED,-0.26083121948489885,-0.002191675394278099,-0.03330940128339198,2.6305137881691176,0.011421012665453997,0.17360057076194677
0.9311862372474495,PASSED,-0.2608334272818389,-0.0022241900305347223,-0.031984792905444225,2.6305252932041503,0.011590472240520528,0.1666989112695891
0.9321864372874575,PASSED,-0.26083566691250165,-0.002255352317659031,-0.0306139499368846,2.630536964150942,0.011752885579880737,0.15955629142061972
0.9331866373274655,PASSED,-0.2608379370026995,-0.002285117927534876,-0.02920004983515207,2.630548793849439,0.01190802165482789,0.1521892639648408
0.9341868373674735,PASSED,-0.26084023613552887,-0.00231344574414967,-0.027746327801221736,2.6305607749169426,0.012055666148541885,0.144614646880097
0.9351870374074815,PASSED,-0.2608425628546036,-0.0023402979105417152,-0.026256058785927253,2.6305728997649593,0.012195621732441245,0.13684954191220153
0.9361872374474896,PASSED,-0.2608449156673389,-0.002365639875464026,-0.024732569013233056,2.6305851606163007,0.012327708299691858,0.12891125080955257
0.9371874374874976,PASSED,-0.26084729304827386,-0.0023894404319086187,-0.02317921473216588,2.630597549522409,0.012451763178318373,0.12081729717115564
0.9381876375275056,PASSED,-0.26084969344242825,-0.0024116717437539605,-0.02159937658745917,2.630610058380829,0.012567641235264885,0.11258523013008373
0.9391878375675135,PASSED,-0.2608521152686864,-0.0024323093704385138,-0.01999646008261583,2.630622678952851,0.012675215044738501,0.10423286236930207
0.9401880376075215,PASSED,-0.2608545569231994,-0.002451332284005715,-0.018373882556925077,2.6306354028812344,0.0127743749744765,0.09577797465046368
0.9411882376475295,PASSED,-0.26085701678280127,-0.0024687228770137164,-0.01673506664205218,2.6306482217079994,0.012865029178079544,0.0872383562380989
0.9421884376875375,PASSED,-0.26085949320842905,-0.0024844669634178874,-0.01508343291225016,2.630661126892264,0.012947103672011486,0.07863191906117059
0.9431886377275455,PASSED,-0.26086198454854326,-0.0024985537766375374,-0.013422400091249993,2.630674109828047,0.013020542276143224,0.06997639417878322
0.9441888377675535,PASSED,-0.26086448914253857,-0.002510975956085693,-0.011755365686093379,2.6306871618620535,0.01308530654567382,0.06128951976513892
0.9451890378075615,PASSED,-0.2608670053241408,-0.0025217295278960866,-0.010085709226593556,2.630700274311375,0.013141375715558764,0.05258893663147751
0.9461892378475695,PASSED,-0.2608695314247814,-0.002530813882700468,-0.008416785189573164,2.6307134384810613,0.013188746519185541,0.04389204829031311
0.9471894378875775,PASSED,-0.2608720657769444,-0.0025382317426747214,-0.0067519098307073375,2.630726645681577,0.01322743306107275,0.03521620428513902
0.9481896379275855,PASSED,-0.2608746067174783,-0.0025439891229005647,-0.00509436048926733,2.6307398872460555,0.013257466628979421,0.026578476987693445
0.9491898379675935,PASSED,-0.2608771525908675,-0.0025480952887067744,-0.0034473693508378987,2.6307531545473393,0.01327889541666507,0.01799566148428604
0.9501900380076015,PASSED,-0.2608797017524565,-0.0025505627061084757,-0.0018141161022764238,2.6307664390147885,0.013291784298391502,0.00948436188786253
0.9511902380476095,PASSED,-0.2608822525716207,-0.0025514069836973545,-0.00019771857994785644,2.630779732150806,0.013296214555879739,0.0010608545551521115
0.9521904380876175,PASSED,-0.2608848034348789,-0.0025506468119238304,0.0013987653425054755,2.630793025547056,0.013292283510030553,-0.007258979452079823
0.9531906381276255,PASSED,-0.26088735274894126,-0.0025483038971412034,0.002972347742707823,2.6308063109003545,0.013280104199870614,-0.015459530631847365
0.9541908381676335,PASSED,-0.2608898989436865,-0.002544402886547768,0.004520119160587016,2.6308195800281755,0.013259804996502438,-0.02352565185906152
0.9551910382076415,PASSED,-0.2608924404750647,-0.002538971290892874,0.006039246651098281,2.6308328248837864,0.013231529193222236,-0.03144257089429701
0.9561912382476495,PASSED,-0.2608949758279187,-0.0025320394029393384,0.007526982155160459,2.6308460375709553,0.013195434589395134,-0.0391959591156397
0.9571914382876575,PASSED,-0.2608975035187216,-0.002523640208613351,0.008980669106538301,2.6308592103582145,0.01315169301422436,-0.04677198587419833
0.9581916383276655,PASSED,-0.26090002209822266,-0.0025138092940889516,0.010397744802973641,2.630872335692658,0.013100489856808135,-0.05415727177757583
0.9591918383676735,PASSED,-0.26090253015400044,-0.0025025847509199217,0.011775742079733963,2.630885406213242,0.013042023559942653,-0.06133898025741641
0.9601920384076815,PASSED,-0.2609050263129163,-0.0024900070748631984,0.01311229870804971,2.630898414763571,0.012976505090935814,-0.06830479483978734
0.9611922384476895,PASSED,-0.2609075092434655,-0.002476119059909724,0.014405159117091384,2.6309113544041782,0.012904157435132797,-0.07504289644517026
0.9621924384876975,PASSED,-0.2609099776580228,-0.002460965692483653,0.015652172965390444,2.6309242184241906,0.012825214949646587,-0.08154221151357081
0.9631926385277055,PASSED,-0.26091243031497746,-0.002444594039216461,0.01685130680172654,2.6309370003525023,0.012739922876777946,-0.08779198043868819
0.9641928385677135,PASSED,-0.26091486602075586,-0.0024270531313745447,0.018000641868708995,2.6309496939682813,0.01264853669876008,-0.09378230973732042
0.9651930386077215,PASSED,-0.260917283631728,-0.0024083938485871745,0.019098376733144035,2.630962293310932,0.012551321504586259,-0.0995037837981536
0.9661932386477295,PASSED,-0.2609196820559955,-0.002388668799598072,0.02014283049307476,2.630974792689418,0.01244855144493123,-0.10494757689294533
0.9671934386877376,PASSED,-0.2609220602550586,-0.0023679321982200043,0.0211324486347298,2.6309871866909336,0.012340509000466713,-0.11010568951223224
0.9681936387277456,PASSED,-0.2609244172453599,-0.0023462397407898847,0.02206579662704548,2.6309994701889745,0.012227484382173515,-0.11497057081384306
0.9691938387677536,PASSED,-0.2609267520997034,-0.002323648479889129,0.022941570416561873,2.6310116383507243,0.012109774908397384,-0.11953540908432289
0.9701940388077616,PASSED,-0.260929063948546,-0.0023002166951721897,0.02375859425052456,2.6310236866437986,0.011987684275540846,-0.12379411537134623
0.9711942388477696,PASSED,-0.26093135198116185,-0.002276003767341301,0.02451581688446429,2.6310356108423028,0.011861521892030982,-0.12774122893554019
0.9721944388877776,PASSED,-0.26093361544667704,-0.002251070046756963,0.025212323050920506,2.631047407032248,0.011731602279551029,-0.13137186817622787
0.9731946389277856,PASSED,-0.2609358536549745,-0.002225476723270315,0.025847323777133373,2.631059071616252,0.011598244312730972,-0.13468203258260636
0.9741948389677936,PASSED,-0.26093806597746805,-0.0021992856958640257,0.026420163159060473,2.6310706013175884,0.01146177053879984,-0.13766826816348565
0.9751950390078016,PASSED,-0.2609402518477461,-0.0021725594414351715,0.026930315275383344,2.63108199318355,0.011322506578622262,-0.14032775485363938
0.9761952390478096,PASSED,-0.26094241076208413,-0.0021453608840128597,0.027377385520264506,2.6310932445881035,0.011180780342645096,-0.1426585567261833
0.9771954390878176,PASSED,-0.26094454227982694,-0.002117753264778148,0.02776110837767667,2.63110435323391,0.011036921402264303,-0.14465919615053516
0.9781956391278256,PASSED,-0.2609466460236402,-0.0020898000114043433,0.028081350037889845,2.6311153171536215,0.010891260329077184,-0.1463289912115115
0.9791958391678336,PASSED,-0.26094872167963357,-0.0020615646095908,0.028338102997312896,2.631126134710533,0.010744127976634285,-0.1476679265971568
0.9801960392078416,PASSED,-0.2609507689973546,-0.0020331104761540726,0.028531487063002677,2.6311368045985595,0.010595854852114561,-0.14867658980143472
0.9811962392478496,PASSED,-0.2609527877896558,-0.002004500830511593,0.028661751362131224,2.6311473258415385,0.01044677044422382,-0.1493562866169458
0.9821964392878576,PASSED,-0.2609547779324369,-0.001975798571735444,0.02872926371882724,2.6311576977918874,0.010297202552459942,-0.14970896186183175
0.9831966393278656,PASSED,-0.2609567393642618,-0.0019470661552345209,0.02873451835565374,2.6311679201286258,0.010147476696855505,-0.14973711809951093
0.9841968393678736,PASSED,-0.2609586720858552,-0.0019183654714028551,0.028678127482340547,2.6311779928547328,0.009997915433771312,-0.1494440264073121
0.9851970394078816,PASSED,-0.26096057615947843,-0.0018897577272950715,0.028560821858079097,2.6311879162939205,0.009848837768006281,-0.1488334253368424
0.9861972394478896,PASSED,-0.2609624517081886,-0.0018613033309594408,0.02838344598733195,2.631197691086762,0.00970055855772592,-0.14790973357603768
0.9871974394878976,PASSED,-0.2609642989149829,-0.0018330617775951024,0.028146958282342618,2.6312073181862243,0.00955338786223734,-0.1466780034302755
0.9881976395279056,PASSED,-0.260966118021831,-0.0018050915392312569,0.02785242508484762,2.6312167988526616,0.00940763047025378,-0.14514365101908427
0.9891978395679136,PASSED,-0.26096790932859903,-0.001777449958367785,0.027501018049221337,2.6312261346481662,0.009263585244421444,-0.14331294237450187
0.9901980396079216,PASSED,-0.2609696731918674,-0.0017501931425393082,0.027094014347980765,2.631235327430448,0.009121544613205147,-0.14119242377749466
0.9911982396479296,PASSED,-0.26097141002364715,-0.0017233758651215147,0.02663278613100186,2.631244379346116,0.008981794077370734,-0.13878927720569073
0.9921984396879376,PASSED,-0.260973120289997,-0.0016970514681594127,0.02611880418283536,2.6312532928234993,0.00884461167421872,-0.1361111537828981
0.9931986397279456,PASSED,-0.2609748045095458,-0.0016712717686660356,0.025553629700405107,2.6312620705649272,0.0087102674728902,-0.13316623302559838
0.9941988397679536,PASSED,-0.2609764632519244,-0.0016460869710053971,0.024938909634127086,2.631270715538562,0.008579023145212184,-0.12996305744629413
0.9951990398079616,PASSED,-0.2609780971361095,-0.0016215455801417051,0.02427637835006851,2.6312792309697812,0.008451131545373029,-0.1265106281010638
0.9961992398479695,PASSED,-0.2609797068286858,-0.0015976943228553765,0.023567843243834947,2.6312876203321087,0.008326836215792062,-0.12281846390090215
0.9971994398879775,PASSED,-0.260981293042029,-0.0015745780700798355,0.022815192463345263,2.6312958873377466,0.008206371025115839,-0.11889634185976862
0.9981996399279855,PASSED,-0.26098285653241454,-0.001552239764630519,0.02202038077329713,2.6313040359277275,0.008089959841597693,-0.11475441129039542
0.9991998399679936,PASSED,-0.26098439809805746,-0.001530720355894783,0.021185427377361916,2.6313120702616954,0.007977816111201812,-0.11040327646620487
1.0002000400080016,PASSED,-0.2609859185770865,-0.0015100587348636566,0.020312416800302553,2.6313199947073422,0.00787014253564133,-0.10585377495666716
1.0012002400480096,PASSED,-0.2609874188454578,-0.0014902916768159645,0.01940348554595176,2.6313278138295426,0.00776713082615103,-0.10111699917938825
1.0022004400880176,PASSED,-0.2609888998148143,-0.0014714537900086954,0.01846082098148114,2.6313355323791954,0.0076689613944598565,-0.09620438669903104
1.0032006401280256,PASSED,-0.26099036243029283,-0.0014535774644177113,0.017486661997319266,2.6313431552817894,0.007575803058897247,-0.09112763480499514
1.0042008401680336,PASSED,-0.26099180766828617,-0.0014366928296894717,0.016483283215519662,2.6313506876257566,0.007487812902671401,-0.08589850383974765
1.0052010402080416,PASSED,-0.2609932365341642,-0.0014208277177737683,0.015452997715826063,2.631358134650572,0.007405136011525082,-0.08052914935069998
1.0062012402480496,PASSED,-0.260994650059959,-0.0014060076282715328,0.01439815069317506,2.63136550173471,0.0073279052988880974,-0.07503175482784095
1.0072014402880576,PASSED,-0.260996049302019,-0.0013922556993342151,0.013321114433413076,2.631372794383404,0.0072562414038122225,-0.06941865524123027
1.0082016403280656,PASSED,-0.26099743533863734,-0.001379592686166165,0.012224278991141712,2.631380018216291,0.007190252528641099,-0.06370235512438614
1.0092018403680736,PASSED,-0.2609988092676587,-0.0013680369409587178,0.011110056018317145,2.6313871789549435,0.007130034349521051,-0.05789539511715487
1.0102020404080816,PASSED,-0.2610001722040712,-0.0013576043997883022,0.009980864605148325,2.6313942824103074,0.007075669953093825,-0.05201039730060816
1.0112022404480896,PASSED,-0.26100152527758624,-0.0013483085750173925,0.008839131548083856,2.631401334470101,0.007027229800606534,-0.046059989278413815
1.0122024404880976,PASSED,-0.26100286963021324,-0.0013401605506551232,0.007687286238392616,2.6314083410861633,0.006984771684188716,-0.0400568678440862
1.0132026405281056,PASSED,-0.26100420641383265,-0.0013331689840289467,0.006527753551365772,2.6314153082618166,0.006948340758597564,-0.034013630755861154
1.0142028405681136,PASSED,-0.26100553678777333,-0.0013273401125336237,0.005362950124627958,2.6314222420392244,0.0069179695593574965,-0.02794291156287115
1.0152030406081216,PASSED,-0.2610068619163977,-0.0013226777640470808,0.004195280727819568,2.6314291484868253,0.0068936780725522276,-0.021857203633532666
1.0162032406481296,PASSED,-0.2610081829667013,-0.0013191833726510782,0.0030271318414580133,2.6314360336868012,0.0068754737963216475,-0.015768991295279856
1.0172034406881376,PASSED,-0.26100950110592974,-0.001316855999911421,0.0018608666717901947,2.631442903722672,0.006863351865837209,-0.009690556610543459
1.0182036407281456,PASSED,-0.26101081749921795,-0.0013156923579943592,0.000698825413909589,2.6314497646669857,0.006857295186313547,-0.0036340947990752552
1.0192038407681536,PASSED,-0.26101213330725775,-0.0013156868411200288,-0.0004566888187222464,2.631456622569158,0.006857274557119333,0.002388347875694007
1.0202040408081616,PASSED,-0.2610134496839958,-0.0013168315585176992,-0.0016034031169693097,2.6314634834434836,0.006863248884406886,0.008364980228791744
1.0212042408481696,PASSED,-0.26101476777436816,-0.0013191163712198853,-0.0027390857589974405,2.63147035325732,0.006875165360750267,0.01428414041977511
1.0222044408881776,PASSED,-0.26101608871207443,-0.001322528935930269,-0.003861550677974532,2.6314772379194866,0.006892959666115739,0.020134415329269125
1.0232046409281856,PASSED,-0.26101741361739655,-0.001327054751270552,-0.004968658448488788,2.6314841432689016,0.006916556254093707,0.025904703077101004
1.0242048409681936,PASSED,-0.2610187435950652,-0.0013326772057221563,-0.0060583184536810875,2.6314910750634604,0.006945868589669601,0.031584090575090575
1.0252050410082016,PASSED,-0.2610200797321783,-0.0013393776331979696,-0.007128500157234838,2.6314980389691818,0.00698079939289296,0.0371619449888702
1.0262052410482096,PASSED,-0.2610214230961751,-0.0013471353709485709,-0.00817722947951229,2.6315050405496536,0.0070212409999114355,0.042628048371546254
1.0272054410882177,PASSED,-0.26102277473286906,-0.001355927817741227,-0.009202591668085423,2.6315120852557743,0.007067075652329822,0.047972388449612866
1.0282056411282257,PASSED,-0.26102413566454385,-0.0013657305006955535,-0.010202743811820894,2.631519178415839,0.007118175819306317,0.05318535266108295
1.0292058411682337,PASSED,-0.2610255068881141,-0.0013765171416264545,-0.011175905676954674,2.631526325225942,0.0071744045621628125,0.05825766965343587
1.0302060412082417,PASSED,-0.2610268893733556,-0.0013882597261250802,-0.012120370379739872,2.631533530740761,0.007235615903723422,0.06318045616539182
1.0312062412482497,PASSED,-0.26102828406120665,-0.0014009285781211578,-0.013034506406969605,2.631540799864689,0.00730165518662531,0.06794516739288546
1.0322064412882577,PASSED,-0.26102969186214364,-0.0014144924346452127,-0.013916756602111533,2.6315481373433944,0.0073723595120025005,0.0725437640333932
1.0332066413282657,PASSED,-0.2610311136546342,-0.0014289185243767108,-0.01476564515108924,2.6315555477557266,0.007447558090437508,0.07696845470275082
1.0342068413682737,PASSED,-0.26103255028366845,-0.001444172647462742,-0.015579775042659328,2.631563035506083,0.007527072689796803,0.08121202913032545
1.0352070414082817,PASSED,-0.2610340025593721,-0.0014602192578107573,-0.01635783388491982,2.6315706048171696,0.007610718084488098,0.08526763839860825
1.0362072414482897,PASSED,-0.26103547125570337,-0.001477021548695746,-0.01709859555170098,2.631578259723214,0.0076983024538703915,0.0891288567047514
1.0372074414882977,PASSED,-0.26103695710923425,-0.0014945415371528852,-0.017800917060764757,2.631586004063605,0.007789627846083983,0.09278974921948503
1.0382076415283057,PASSED,-0.26103846081801885,-0.001512740152040812,-0.018463746772701455,2.6315938414770046,0.007884490657415647,0.09624485273978471
1.0392078415683137,PASSED,-0.2610399830405501,-0.0015315773236521538,-0.019086121503768746,2.6316017753958962,0.007982682055588601,0.09948909512840105
1.0402080416083217,PASSED,-0.26104152439480555,-0.001551012072866496,-0.019667167688057964,2.6316098090416276,0.008083988485112232,0.10251798578711745
1.0412082416483297,PASSED,-0.26104308545738397,-0.0015710026021094252,-0.0202061036128431,2.631617945419889,0.008188192110852607,0.10532738570921553
1.0422084416883377,PASSED,-0.26104466676273286,-0.0015915063876508905,-0.020702240160547003,2.6316261873167064,0.008295071317885466,0.10791375458195482
1.0432086417283457,PASSED,-0.26104626880246834,-0.0016124802716944696,-0.02115497996560059,2.6316345372948744,0.008404401181265448,0.110273935911999
1.0442088417683537,PASSED,-0.26104789202478745,-0.00163388055466067,-0.021563818299933465,2.6316429976909217,0.008515953971315885,0.1124053594760644
1.0452090418083617,PASSED,-0.26104953683397236,-0.0016556630875675597,-0.021928342644860526,2.6316515706124872,0.00862949957537197,0.1143057671094311
1.0462092418483697,PASSED,-0.261051203589989,-0.0016777833672065481,-0.022248237635073588,2.631660257936265,0.008744806066327711,0.1159736401866164
1.0472094418883777,PASSED,-0.2610528926081767,-0.001700196626012797,-0.02252327292036538,2.631669061306356,0.008861640135199444,0.11740768799514424
1.0482096419283857,PASSED,-0.2610546041590316,-0.0017228579250102476,-0.022753316382174364,2.6316779821331546,0.00897976755446713,0.11860724011604347
1.0492098419683937,PASSED,-0.2610563384680811,-0.0017457222470243204,-0.022938325768671868,2.631687021592688,0.009098953714332815,0.11957210636544435
1.0502100420084017,PASSED,-0.26105809571585026,-0.0017687445865158138,-0.023078348640040942,2.6316961806264336,0.009218964048368488,0.12030248581582241
1.0512102420484097,PASSED,-0.2610598760379184,-0.0017918800391870313,-0.02317352202533508,2.6317054599416236,0.00933956452029126,0.12079912932740614
1.0522104420884177,PASSED,-0.26106167952506565,-0.001815083892271248,-0.023224073790138095,2.631714860012,0.009460522096204078,0.12106320696976162
1.0532106421284257,PASSED,-0.26106350622350694,-0.001838311710731346,-0.023230314906738013,2.6317243810790325,0.00958160517840849,0.12109633236084243
1.0542108421684337,PASSED,-0.2610653561352141,-0.0018615194253071795,-0.023192647688563783,2.6317340231536,0.009702584079247688,0.12090061315810063
1.0552110422084418,PASSED,-0.2610672292183231,-0.001884663416882466,-0.02311155416643484,2.6317437860181014,0.009823231448335917,0.1204785397083127
1.0562112422484498,PASSED,-0.2610691253876248,-0.0019077005975049297,-0.02298759825981622,2.6317536692290266,0.009943322719286676,0.11983309177905674
1.0572114422884578,PASSED,-0.26107104451513846,-0.0019305884945044348,-0.02282142949263117,2.631763672119931,0.010062636515261868,0.11896759877261497
1.0582116423284658,PASSED,-0.26107298643076504,-0.0019532853286358463,-0.02261377055726564,2.631773793804837,0.010180955056951744,0.11788583696805352
1.0592118423684738,PASSED,-0.26107495092301825,-0.001975750089420065,-0.022365420935521158,2.631784033182062,0.01029806462087816,0.11659204856532532
1.0602120424084818,PASSED,-0.26107693773983265,-0.001997942612737465,-0.022077258238652253,2.631794388938404,0.010413755844287588,0.11509067330549544
1.0612122424484898,PASSED,-0.2610789465894436,-0.0020198236509955062,-0.02175022493763376,2.6318048595537427,0.010527824143947368,0.11338671722930344
1.0622124424884978,PASSED,-0.2610809771413395,-0.0020413549428900295,-0.021385336532450488,2.631815443305989,0.010640070106422737,0.1114854593060816
1.0632126425285058,PASSED,-0.26108302902728203,-0.0020624992826474738,-0.020983675240773755,2.6318261382764083,0.010750299790054528,0.1093924998489315
1.0642128425685138,PASSED,-0.26108510184239186,-0.002083220582139518,-0.020546382326224476,2.6318369423552785,0.01085832508057267,0.10711381763094845
1.0652130426085218,PASSED,-0.26108719514629775,-0.0021034839322492177,-0.020074661965349936,2.6318478532478715,0.010963964021923222,0.10465569049695347
1.0662132426485298,PASSED,-0.26108930846434514,-0.0021232556637374484,-0.01956977783681756,2.6318588684807507,0.011067041096491433,0.10202466394905242
1.0672134426885378,PASSED,-0.2610914412888622,-0.00214250340097468,-0.019033043504174993,2.6318699854083727,0.01116738753963286,0.09922762926967872
1.0682136427285458,PASSED,-0.26109359308047936,-0.0021611961132351966,-0.018465824764744294,2.631881201219962,0.01126484160616868,0.09627169137991409
1.0692138427685538,PASSED,-0.2610957632694998,-0.002179304166300191,-0.01786953859849477,2.631892512946646,0.011359248799391337,0.09316419445115223
1.0702140428085618,PASSED,-0.26109795125731744,-0.002196799367566084,-0.017245643044158637,2.631903917468857,0.011450462158210072,0.08991280173045976
1.0712142428485698,PASSED,-0.2611001564178789,-0.002213655006715552,-0.016595636553007855,2.631915411523936,0.011538342442640261,0.08652527289667707
1.0722144428885778,PASSED,-0.2611023780991868,-0.002229845897272713,-0.01592105989326307,2.6319269917139696,0.011622758330624929,0.08300963137666227
1.0732146429285858,PASSED,-0.26110461562483955,-0.002245348411401862,-0.015223483619740368,2.631938654513828,0.011703586663132329,0.07937413326122787
1.0742148429685938,PASSED,-0.26110686829560614,-0.00226014051124401,-0.014504510657086547,2.6319503962793527,0.011780712540894717,0.07562704076315814
1.0752150430086018,PASSED,-0.2611091353910308,-0.002274201779370922,-0.013765773106795515,2.631962213255729,0.011854029493040609,0.07177689306771523
1.0762152430486098,PASSED,-0.26111141617106487,-0.0022875134428625593,-0.0130089237481983,2.6319741015859903,0.01192343966109933,0.06783235138605778
1.0772154430886178,PASSED,-0.26111370987772187,-0.0023000583948054754,-0.0122356374060613,2.631986057319641,0.011988853847082129,0.06380207571395848
1.0782156431286258,PASSED,-0.26111601573675275,-0.0023118212133929755,-0.011447606041792098,2.6319980764213864,0.012050191615568124,0.059694897000686725
1.0792158431686338,PASSED,-0.26111833295933734,-0.0023227881757151127,-0.010646533175699815,2.6320101547799495,0.012107381418079774,0.05551973951895513
1.0802160432086418,PASSED,-0.26112066074378876,-0.0023329472690356468,-0.009834133417089518,2.6320222882169557,0.012160360613559918,0.05128549945426908
1.0812162432486496,PASSED,-0.2611229982772665,-0.0023422881979312154,-0.009012125881221739,2.6320344724958606,0.012209075491938084,0.04700113099409431
1.0822164432886576,PASSED,-0.26112534473749627,-0.0023508023892550027,-0.008182234952164715,2.6320467033309063,0.012253481325374597,0.04267563506479378
1.0832166433286656,PASSED,-0.26112769929449126,-0.0023584829917642504,-0.007346180880637135,2.6320589763961024,0.012293542381884856,0.038318004140568934
1.0842168433686736,PASSED,-0.26113006111227205,-0.0023653248725367987,-0.006505680700488391,2.632071287334186,0.012329231864234076,0.03393713448832173
1.0852170434086816,PASSED,-0.2611324293505828,-0.0023713246121753627,-0.005662445597280853,2.6320836317655663,0.01236053190322788,0.029541975330792537
1.0862172434486896,PASSED,-0.2611348031665983,-0.002376480494623449,-0.004818173681956423,2.632096005297226,0.012387433533472008,0.025141400186351883
1.0872174434886976,PASSED,-0.26113718171662037,-0.0023807924927627005,-0.003974547777448899,2.632108403531554,0.012409936564743464,0.020744118661525358
1.0882176435287056,PASSED,-0.2611395641577589,-0.0023842622532732546,-0.003133235665957525,2.6321208220751187,0.012428049539021465,0.016358878022318182
1.0892178435687137,PASSED,-0.26114194964959575,-0.002386893077624952,-0.0022958834755244083,2.632133256547335,0.012441789642102184,0.01199425311965423
1.0902180436087217,PASSED,-0.26114433735582665,-0.0023886898974999887,-0.001464110808044424,2.6321457025890242,0.01245118253465426,0.007658652173693876
1.0912182436487297,PASSED,-0.26114672644587994,-0.002389659251098176,-0.0006395154582825993,2.632158155870849,0.012456262251092766,0.0033604259483810154
1.0922184436887377,PASSED,-0.26114911609650704,-0.002389809253423436,0.000176339763421522,2.632170612101611,0.012457071071213062,-0.0008922504317606121
1.0932186437287457,PASSED,-0.26115150549334354,-0.002389149564015092,0.000981922504958376,2.632183067036383,0.012453659307094989,-0.005091439908949117
1.0942188437687537,PASSED,-0.2611538938324374,-0.002387691354956376,0.0017757334278877609,2.6321955164844737,0.012446085140046583,-0.009229318474710674
1.0952190438087617,PASSED,-0.2611562803217408,-0.0023854472714521,0.002556316888534263,2.632207956317213,0.012434414467972632,-0.013298241140107761
1.0962192438487697,PASSED,-0.26115866418256434,-0.002382431392596111,0.0033222535009587995,2.632220382475521,0.012418720640291,-0.017290885375979583
1.0972194438887777,PASSED,-0.2611610446509898,-0.0023786591906865455,0.004072167515302562,2.632232790977288,0.012399084267870597,-0.02120003045001678
1.0982196439287857,PASSED,-0.2611634209792401,-0.002374147485345974,0.004804730557417525,2.6322451779244975,0.012375592993885045,-0.025018769675908794
1.0992198439687937,PASSED,-0.2611657924370032,-0.0023689143965659886,0.0055186609283637165,2.632257539510152,0.012348341248964114,-0.028740395084278916
1.1002200440088017,PASSED,-0.26116815831270845,-0.00236297929704284,0.006212725253005508,2.6322698720249007,0.01231742996783968,-0.03235853848453984
1.1012202440488097,PASSED,-0.26117051791475265,-0.0023563627602794595,0.006885744436963367,2.632282171863455,0.012282966369578012,-0.035866971446420176
1.1022204440888177,PASSED,-0.2611728705726747,-0.002349086507511666,0.007536591655012825,2.632294435530701,0.012245063664819813,-0.03925986029938245
1.1032206441288257,PASSED,-0.2611752156382756,-0.0023411733532481987,0.008164196002436869,2.63230665964754,0.01220384072942205,-0.042531652130014676
1.1042208441688337,PASSED,-0.26117755248668423,-0.0023326471498219,0.008767541708873198,2.6323188409564446,0.012159421874194954,-0.0456769906251514
1.1052210442088417,PASSED,-0.26117988051736474,-0.002323532728474824,0.009345674439211426,2.6323309763267204,0.012111936530392617,-0.0486909125871266
1.1062212442488497,PASSED,-0.26118219915506635,-0.0023138558396744017,0.00989769837456275,2.6323430627594484,0.012061518890088477,-0.0515687921154814
1.1072214442888577,PASSED,-0.26118450785071234,-0.0023036430936973474,0.01042277771204787,2.6323550973921206,0.012008307630801452,-0.05430623740138485
1.1082216443288657,PASSED,-0.2611868060822291,-0.0022929218990163586,0.01092013932694901,2.6323670775029724,0.011952445626900997,-0.05689918156649949
1.1092218443688737,PASSED,-0.26118909335531193,-0.0022817203983877834,0.011389074829659531,2.632379000514971,0.01189407955747587,-0.0593439946642137
1.1102220444088817,PASSED,-0.2611913692041283,-0.002270067406073356,0.011828937304272372,2.632390863999479,0.011833359584961711,-0.06163729108078926
1.1112222444488897,PASSED,-0.26119363319195676,-0.0022579923436763824,0.0122391457921081,2.632402665679594,0.011770439076752143,-0.06377598629541938
1.1122224444888977,PASSED,-0.26119588491176254,-0.0022455251754975175,0.012619183103368951,2.6324144034331454,0.011705474222296229,-0.06575743322957993
1.1132226445289057,PASSED,-0.26119812398670583,-0.002232696341755972,0.01296860083366317,2.63242607529535,0.011638623669183772,-0.06757929970104243
1.1142228445689137,PASSED,-0.2612003500705869,-0.002219536694557857,0.013287011441083874,2.6324376794611317,0.01157004823926086,-0.0692395167374893
1.1152230446089217,PASSED,-0.2612025628482241,-0.0022060774321856188,0.013574096326340926,2.6324492142870914,0.011499910554422378,-0.0707364635724802
1.1162232446489297,PASSED,-0.26120476203576626,-0.002192350031271252,0.013829603973050525,2.6324606782931412,0.011428374678100742,-0.07206881815440735
1.1172234446889378,PASSED,-0.26120694738093964,-0.0021783861824167493,0.014053345442137767,2.632472070163798,0.011355605816328853,-0.07323555751687706
1.1182236447289458,PASSED,-0.26120911866322866,-0.002164217725377831,0.014245198103438609,2.6324833887491126,0.011281769926536232,-0.07423611130978233
1.1192238447689538,PASSED,-0.2612112756939917,-0.0021498765821290973,0.014405106678931114,2.632494633065292,0.011207033405513876,-0.07507012749740608
1.1202240448089618,PASSED,-0.2612134183165114,-0.0021353946916996924,0.014533079596387997,2.632505802294952,0.011131562757769504,-0.07573766124234918
1.1212242448489698,PASSED,-0.2612155464059808,-0.0021208039487726053,0.014629185147552811,2.6325168957870515,0.01105552423561615,-0.07623909609402141
1.1222244448889778,PASSED,-0.26121765986942563,-0.002106136137950316,0.014693561272114084,2.6325279130564887,0.01097908352358026,-0.07657512266380581
1.1232246449289858,PASSED,-0.26121975864556346,-0.0020914228707114187,0.014726404550085927,2.6325388537833607,0.010902405409203345,-0.07674677551898798
1.1242248449689938,PASSED,-0.2612218427046004,-0.0020766955248262293,0.014727973441925538,2.6325497178119286,0.010825653486323798,-0.07675535445325328
1.1252250450090018,PASSED,-0.26122391204796747,-0.0020619851845161655,0.014698584888822542,2.6325605051492134,0.010748989772215908,-0.07660262054431576
1.1262252450490098,PASSED,-0.26122596670799586,-0.002047322579137344,0.01463861903882153,2.6325712159633254,0.010672574456089287,-0.07629044651482589
1.1272254450890178,PASSED,-0.2612280067475344,-0.002032738025510346,0.01454851001911538,2.6325818505814675,0.010596565613321559,-0.07582110693632996
1.1282256451290258,PASSED,-0.26123003225950864,-0.002018261372017718,0.014428749141635975,2.632592409487634,0.010521118826478852,-0.07519724011362497
1.1292258451690338,PASSED,-0.26123204336642486,-0.0020039219427683656,0.014279882654496418,2.6326028933200303,0.010446386963078721,-0.07442161225780082
1.1302260452090418,PASSED,-0.26123404021981866,-0.001989748483577433,0.014102510215223686,2.6326133028682013,0.010372519906313278,-0.07349735310387448
1.1312262452490498,PASSED,-0.2612360229996516,-0.001975769110379693,0.013897281852750394,2.6326236390698816,0.010299664219111417,-0.07242790993385179
1.1322264452890578,PASSED,-0.26123799191365593,-0.0019620112593163523,0.013664897203733846,2.632633903007585,0.010227962926529804,-0.07121688101345393
1.1332266453290658,PASSED,-0.26123994719663035,-0.0019485016372904412,0.013406105240696103,2.6326440959049306,0.01015755527809105,-0.06986816005561901
1.1342268453690738,PASSED,-0.2612418891096888,-0.0019352661762314538,0.013121698271181462,2.6326542191227364,0.010088576470973089,-0.06838590515952413
1.1352270454090818,PASSED,-0.261243817939463,-0.0019223299890358816,0.01281251314516619,2.6326642741548527,0.010021157419132854,-0.06677448296070758
1.1362272454490898,PASSED,-0.26124573399726175,-0.0019097173262027833,0.012479429291719414,2.6326742626237842,0.009955424557407003,-0.0650384475692789
1.1372274454890978,PASSED,-0.2612476376181896,-0.0018974515361317044,0.012123363923985386,2.6326841862761037,0.009891499628907521,-0.06318258245295218
1.1382276455291058,PASSED,-0.2612495291602255,-0.0018855550269372158,0.011745272708157508,2.632694046977637,0.009829499450223806,-0.06121190950422484
1.1392278455691138,PASSED,-0.2612514090032651,-0.0018740492310328962,0.011346144701760826,2.6327038467084845,0.009769535766270796,-0.05913153358553378
1.1402280456091218,PASSED,-0.26125327754812827,-0.001862954571340808,0.010927003018972795,2.6327135875578334,0.009711715064720513,-0.0569468135267817
1.1412282456491298,PASSED,-0.2612551352155343,-0.0018522904296936805,0.010488900732564017,2.632723271718631,0.009656138397075405,-0.05466323705732529
1.1422284456891378,PASSED,-0.26125698244504675,-0.0018420751187197056,0.010032917801582253,2.632732901482076,0.009602901246393158,-0.05228642643219788
1.1432286457291458,PASSED,-0.26125881969399195,-0.001832325856199037,0.00956015900005974,2.632742479231981,0.00955209338700425,-0.04982214802671623
1.1442288457691538,PASSED,-0.261260647436351,-0.0018230587392261152,0.009071755621496452,2.632752007439,0.009503798751546092,-0.04727629374578722
1.1452290458091618,PASSED,-0.26126246616163024,-0.0018142887244188889,0.00856885426437957,2.632761488654742,0.009458095333516315,-0.04465483421910213
1.1462292458491699,PASSED,-0.26126427637371064,-0.0018060296089483926,0.008052622941240681,2.6327709255057656,0.00941505506846956,-0.041963885598523765
1.1472294458891779,PASSED,-0.26126607858968043,-0.0017982940130955739,0.007524244460537444,2.632780320687508,0.009374743778431708,-0.03920955966407224
1.1482296459291859,PASSED,-0.26126787333865215,-0.0017910933673657735,0.006984913242642457,2.6327896769580965,0.009337221061234573,-0.03639815555250936
1.1492298459691939,PASSED,-0.2612696611605668,-0.0017844379010785224,0.006435834983656935,2.63279899713214,0.009302540263108268,-0.03353589317549952
1.1502300460092019,PASSED,-0.26127144260498897,-0.0017783366329132404,0.005878223619698524,2.6328082840744265,0.009270748424709768,-0.03062913521383566
1.1512302460492099,PASSED,-0.2612732182298929,-0.0017727973651191359,0.005313297243708417,2.6328175406936096,0.009241886235745496,-0.027684224797896978
1.1522304460892179,PASSED,-0.26127498860044485,-0.0017678266797052512,0.004742277527335078,2.632826769935852,0.009215988026531485,-0.024707532158087093
1.1532306461292259,PASSED,-0.26127675428778196,-0.0017634299368582418,0.004166386393459435,2.6328359747784673,0.009193081769032996,-0.02170540772542147
1.1542308461692339,PASSED,-0.26127851586779155,-0.001759611275990664,0.003586843850323199,2.632845158223546,0.00917318905238694,-0.01868425592647608
1.1552310462092419,PASSED,-0.2612802739198925,-0.0017563736200820164,0.0030048639475305666,2.632854323291611,0.009156325129774542,-0.015650367069679743
1.1562312462492499,PASSED,-0.26128202902582154,-0.0017537186805451114,0.0024216565964880806,2.6328634730152958,0.009142498970288907,-0.01261002109626972
1.157231446289258,PASSED,-0.2612837817684267,-0.0017516469661738954,0.0018384195543678999,2.632872610433035,0.009131713216876149,-0.009569574957086529
1.158231646329266,PASSED,-0.26128553273047,-0.0017501577941329977,0.001256340365250838,2.6328817385828382,0.009123964323316622,-0.006535105961154686
1.159231846369274,PASSED,-0.2612872824934424,-0.0017492493023778945,0.000676592681671415,2.632890860496111,0.009119242637692959,-0.0035127387320005136
1.160232046409282,PASSED,-0.2612890316363925,-0.0017489184648530934,0.00010033408688752329,2.6328999791915475,0.009117532384906478,-0.0005085954894686653
1.16123224644929,PASSED,-0.26129078073477163,-0.001749161109152535,-0.0004712965569942395,2.632909097669097,0.009118811807193667,0.0024714341382960246
1.162232446489298,PASSED,-0.2612925303592975,-0.0017499719362692055,-0.0010371808231212786,2.632918218904061,0.009123053337939379,0.0054215951506557955
1.163232646529306,PASSED,-0.2612942810748382,-0.0017513445418065865,-0.0015962220135543634,2.6329273458412596,0.009130223597745705,0.008336036243439978
1.164232846569314,PASSED,-0.261296033439319,-0.0017532714391317334,-0.0021473475328749715,2.6329364813893394,0.009140283555300326,0.011209238428737753
1.165233046609322,PASSED,-0.2612977880026534,-0.0017557440858046462,-0.0026895127662714927,2.6329456284151935,0.009153188713162704,0.014035770818140812
1.16623324664933,PASSED,-0.26129954530570104,-0.0017587529109992167,-0.0032217001467703494,2.6329547897385384,0.009168889198785639,0.01681029549279597
1.167233446689338,PASSED,-0.2613013058792536,-0.0017622873437640667,-0.0037429211769026993,2.6329639681266164,0.009187329901269515,0.019527640477930572
1.168233646729346,PASSED,-0.2613030702430511,-0.0017663358447771883,-0.004252220903934171,2.6329731662890747,0.009208450689812265,0.022182887252629728
1.169233846769354,PASSED,-0.26130483890482936,-0.0017708859385442818,-0.004748675675866426,2.6329823868729947,0.009232186550845503,0.024771176886978056
1.170234046809362,PASSED,-0.2613066123594015,-0.0017759242476740134,-0.0052313980989748465,2.6329916324581086,0.009258467752445309,0.02728788474169347
1.17123424684937,PASSED,-0.26130839108777365,-0.0017814365283867967,-0.005699535788655671,2.633000905552183,0.009287220054019841,0.02972857946309185
1.172234446889378,PASSED,-0.26131017555629776,-0.0017874077080917178,-0.006152275649097834,2.6330102085865987,0.009318364889955869,0.032089006917986315
1.173234646929386,PASSED,-0.26131196621586095,-0.0017938219225446677,-0.0065888403221845545,2.633019543912138,0.009351819580582715,0.034365146432751535
1.174234846969394,PASSED,-0.2613137635011147,-0.0018006625556670135,-0.007008494989119867,2.6330289137949494,0.009387497508778918,0.03655311603850377
1.175235047009402,PASSED,-0.2613155678297439,-0.0018079122820244219,-0.007410547269600589,2.6330383204127514,0.009425308367104795,0.03864935318412533
1.17623524704941,PASSED,-0.2613173796017767,-0.0018155531057252071,-0.007794341321575274,2.633047765851217,0.009465158349583646,0.04065040200866759
1.177235447089418,PASSED,-0.2613191991989368,-0.001823566404137902,-0.008159269806774382,2.633057252100613,0.009506950384740904,0.042553123922985915
1.178235647129426,PASSED,-0.26132102698403864,-0.0018319329724915973,-0.008504767384976205,2.6330667810526385,0.009550584371907346,0.044354562662079655
1.179235847169434,PASSED,-0.26132286330042664,-0.0018406330668261773,-0.008830312300982352,2.6330763544974936,0.00959595737149406,0.046051957536467805
1.180236047209442,PASSED,-0.26132470847145856,-0.001849646448253502,-0.00913542751155283,2.6330859741212014,0.00964296389936716,0.04764290809752287
1.18123624724945,PASSED,-0.26132656280003425,-0.0018589524303430582,-0.009419685141558413,2.6330956415031372,0.009691496123264403,0.049125101097058144
1.182236447289458,PASSED,-0.26132842656817,-0.0018685299235043139,-0.009682698507720681,2.6331053581138164,0.009741444088853541,0.050496541917191176
1.183236647329466,PASSED,-0.26133030003661895,-0.0018783574809043135,-0.009924129994852161,2.633115125312907,0.009792696005770084,0.05175550024944492
1.184236847369474,PASSED,-0.26133218344453774,-0.0018884133469192041,-0.010143690028249467,2.6331249443474998,0.009845138468814685,0.0529004382413709
1.185237047409482,PASSED,-0.2613340770091996,-0.001898675501450593,-0.010341130866815231,2.6331348163506054,0.009898656672172674,0.05393004676906727
1.18623724744949,PASSED,-0.26133598092575466,-0.0019091217079432803,-0.010516256909935514,2.6331447423399044,0.009953134698975871,0.05484334682594986
1.187237447489498,PASSED,-0.2613378953670366,-0.0019197295607472915,-0.010668916733395057,2.633154723216744,0.010008455760679618,0.055639538288945814
1.188237647529506,PASSED,-0.26133982048341575,-0.0019304765297296809,-0.01079900381505206,2.63316475976536,0.010064502384013343,0.056318013363579174
1.189237847569514,PASSED,-0.2613417564026991,-0.0019413400080942448,-0.010906461397572032,2.633174852652369,0.010121156723257804,0.05687855649838243
1.190238047609522,PASSED,-0.26134370323007633,-0.0019522973591398175,-0.01099127747757311,2.6331850024264774,0.010178300780871095,0.05732105835656221
1.19123824764953,PASSED,-0.261345661048112,-0.0019633259600715883,-0.011053483234569991,2.633195209518438,0.010235816597217695,0.057645655006624594
1.192238447689538,PASSED,-0.26134762991678306,-0.0019744032484264365,-0.011093158435033099,2.6332054742412443,0.010293586547788808,0.05785281428077011
1.193238647729546,PASSED,-0.2613496098735607,-0.0019855067670795493,-0.01111042546516662,2.6332157967905663,0.010351493574738892,0.057943168729626966
1.194238847769554,PASSED,-0.26135160093353804,-0.0019966142074661916,-0.011105450334292553,2.633226177245409,0.010409421364836522,0.057917537676298064
1.1952390478095618,PASSED,-0.2613536030895999,-0.0020077034528248137,-0.011078442041508861,2.633236615568989,0.010467254598275902,0.057777030614767355
1.1962392478495698,PASSED,-0.26135561631263643,-0.0020187526219477537,-0.011029653843894243,2.633247111609855,0.010524879210446873,0.05752299987510501
1.1972394478895778,PASSED,-0.2613576405517988,-0.0020297401094970108,-0.010959376686166004,2.6332576651032267,0.010582182575165992,0.057156941281794556
1.1982396479295858,PASSED,-0.2613596757347954,-0.00204064462723113,-0.010867945099421544,2.6332682756725196,0.010639053673937497,0.056680537097978906
1.1992398479695938,PASSED,-0.2613617217682287,-0.002051445243403239,-0.010755730220566384,2.6332789428311223,0.010695383394085824,0.056095842181892945
1.2002400480096018,PASSED,-0.26136377853797116,-0.0020621214217552844,-0.010623143773031774,2.6332896659843286,0.010751064663614631,0.055404887760084974
1.2012402480496098,PASSED,-0.26136584590957906,-0.002072653058811389,-0.010470632578153245,2.633300444431523,0.010805992662192298,0.054610072456054495
1.2022404480896178,PASSED,-0.2613679237287428,-0.0020830205192074514,-0.010298678941334832,2.6333112773685063,0.010860065023314469,0.05371388689957835
1.2032406481296258,PASSED,-0.26137001182177305,-0.0020932046713963296,-0.010107801020573523,2.633322163890038,0.01091318198843725,0.05271901727158301
1.2042408481696338,PASSED,-0.2613721099961211,-0.0021031869213575696,-0.009898549255018199,2.6333331029925438,0.010965246608414374,0.051628355114152036
1.2052410482096418,PASSED,-0.2613742180409315,-0.0021129492437626427,-0.009671504505109927,2.6333440935770027,0.011016164911171912,0.05044493451979685
1.2062412482496498,PASSED,-0.2613763357276268,-0.002122474213019113,-0.009427279090709935,2.633355134451987,0.011065846028632805,0.049171906088287
1.2072414482896578,PASSED,-0.26137846281052146,-0.002131745033114525,-0.009166514098546744,2.63336622433687,0.011114202382917174,0.04781265308175593
1.2082416483296659,PASSED,-0.26138059902746474,-0.002140745564283522,-0.008889875882630639,2.633377361865163,0.011161149819188665,0.046370625064647925
1.2092418483696739,PASSED,-0.2613827441005102,-0.0021494603493633357,-0.008598057877935512,2.633388545588023,0.011206607741542834,0.04484945388051537
1.2102420484096819,PASSED,-0.26138489773660983,-0.002157874637746303,-0.008291775386321807,2.633399773977861,0.011250499237986414,0.04325285815228792
1.2112422484496899,PASSED,-0.2613870596283331,-0.002165974409815272,-0.007971769857400498,2.633411045432083,0.011292751184290578,0.04158467173874988
1.2122424484896979,PASSED,-0.2613892294546062,-0.0021737463958070033,-0.00763879674795092,2.633422358276966,0.01133329440841697,0.03984892571815369
1.2132426485297059,PASSED,-0.26139140688147305,-0.002181178095891801,-0.0072936356426959986,2.6334337107715915,0.01137206371354004,0.038049558059682964
1.2142428485697139,PASSED,-0.2613935915628737,-0.002188257798965803,-0.006937081361539174,2.6334451011119357,0.011408998019559788,0.036190804659792
1.2152430486097219,PASSED,-0.26139578314143996,-0.002194974597106944,-0.00656994266087446,2.6334565274349973,0.011444040460050167,0.03427686437743774
1.2162432486497299,PASSED,-0.2613979812493061,-0.0022013183996936188,-0.006193042537208278,2.633467987823032,0.01147713840562549,0.032311999707245624
1.2172434486897379,PASSED,-0.2614001855089321,-0.002207279946763987,-0.0058072167591412234,2.6334794803078374,0.011508243548361583,0.03030057142199087
1.2182436487297459,PASSED,-0.26140239553393957,-0.0022128508191446104,-0.00541330946161115,2.6334910028751204,0.011537311993913371,0.028247028304986304
1.219243848769754,PASSED,-0.2614046109299557,-0.0022180234462241557,-0.005012172158167666,2.6335025534688845,0.01156430424832992,0.02615573849092287
1.220244048809762,PASSED,-0.2614068312954666,-0.002222791114392623,-0.004604665508666563,2.6335141299958873,0.01158918528158825,0.024031229769932456
1.22124424884977,PASSED,-0.26140905622267546,-0.002227147971340671,-0.0041916512409696256,2.6335257303301174,0.011611924585954288,0.021878020763442207
1.222244448889778,PASSED,-0.2614112852983662,-0.0022310890295323725,-0.003773996158856024,2.6335373523172816,0.011632496124721767,0.019700550770169262
1.223244648929786,PASSED,-0.2614135181047685,-0.002234610168131045,-0.0033525668918835297,2.6335489937793324,0.011650878391362647,0.017503410554689992
1.224244848969794,PASSED,-0.2614157542204242,-0.002237708132504263,-0.0029282293607749412,2.6335606525189736,0.011667054414534021,0.015291098249164196
1.225245049009802,PASSED,-0.26141799322105275,-0.0022403805329407286,-0.002501847820258894,2.633572326324174,0.01168101170440268,0.013068084281654579
1.22624524904981,PASSED,-0.26142023468041364,-0.0022426258402835925,-0.002074280357934094,2.633584012972668,0.011692742269632777,0.01083888586238989
1.227245449089818,PASSED,-0.2614224781711646,-0.002244443381006025,-0.001646380965430601,2.6335957102364302,0.011702242595922506,0.008607953241286308
1.228245649129826,PASSED,-0.2614247232657137,-0.0022458333310856073,-0.001218996155683522,2.633607415886111,0.011709513567652563,0.006379650722570315
1.229245849169834,PASSED,-0.26142696953706346,-0.0022467967057551636,-0.0007929603454721678,2.633619127695442,0.011714560456118727,0.004158380295225264
1.230246049209842,PASSED,-0.2614292165596463,-0.00224733535091705,-0.00036910170616214557,2.633630843445596,0.011717392886160102,0.0019484632054745043
1.23124624924985,PASSED,-0.2614314639101478,-0.0022474519305316154,5.176844649860569e-05,2.633642560929471,0.011718024714086355,-0.00024592892656192497
1.232246449289858,PASSED,-0.2614337111683189,-0.0022471499132905707,0.0004688497707423195,2.6336542779559324,0.011716474007799488,-0.0024205578604032103
1.233246649329866,PASSED,-0.2614359579177731,-0.0022464335590562726,0.0008813572100022721,2.633665992353966,0.011712762972057023,-0.004571354330503567
1.234246849369874,PASSED,-0.2614382037467682,-0.0022453079007031156,0.001288525781926201,2.633677701976753,0.01170691781818761,-0.0066943535620198336
1.235247049409882,PASSED,-0.26144044824897195,-0.0022437787278783367,0.001689604186680654,2.633689404705666,0.011698968713729207,-0.008785605055993767
1.23624724944989,PASSED,-0.26144269102420853,-0.002241852568405623,0.002083862996736025,2.6337010984541607,0.01168894969336574,-0.010841297235113234
1.237247449489898,PASSED,-0.26144493167918625,-0.002239536666827925,0.002470593965005848,2.6337127811715697,0.01167689850417568,-0.012857783826692549
1.238247649529906,PASSED,-0.26144716982820343,-0.0022368389633150637,0.0028491098780983777,2.633724450846782,0.01166285652189311,-0.01483144791982388
1.239247849569914,PASSED,-0.2614494050938335,-0.0022337680721393662,0.0032187453740968332,2.633736105511812,0.011646868650489875,-0.016758820392178114
1.240248049609922,PASSED,-0.26145163710758557,-0.002230333256097309,0.0035788631540310508,2.6337477432452583,0.011628983180729012,-0.018636569339986458
1.24124824964993,PASSED,-0.2614538655105415,-0.002226544402517789,0.00392884719651173,2.6337593621756086,0.01160925163575714,-0.020461528726463275
1.242248449689938,PASSED,-0.26145608995396746,-0.002222411998097717,0.004268109235779171,2.6337709604844455,0.011587728689697346,-0.02223055761534822
1.243248649729946,PASSED,-0.261458310099899,-0.002217947100967901,0.004596089059173056,2.6337825364094773,0.011564471977685797,-0.023940814942353283
1.244248849769954,PASSED,-0.26146052562169886,-0.0022131613126871352,0.004912254428494588,2.6337940882474693,0.011539541977381332,-0.02558945721253847
1.245249049809962,PASSED,-0.2614627362045868,-0.002208066751463618,0.005216099086865806,2.633805614356991,0.01151300187079035,-0.02717387284327967
1.24624924984997,PASSED,-0.2614649415461406,-0.0022026760216402536,0.005507150314363916,2.6338171131610335,0.011484917351922443,-0.028691616217657402
1.247249449889978,PASSED,-0.2614671413567668,-0.0021970021826833532,0.005784964718591859,2.63382858314947,0.01145535650703839,-0.030140330661651466
1.248249649929986,PASSED,-0.26146933536014216,-0.0021910587211072786,0.00604912614772969,2.6338400228813557,0.011424389658182278,-0.03151786098575203
1.249249849969994,PASSED,-0.2614715232936235,-0.002184859517783288,0.00629925477483075,2.633851430987059,0.011392089151854556,-0.032822269889033945
1.250250050010002,PASSED,-0.26147370490862626,-0.002178418815535607,0.006535000562914232,2.633862806170243,0.011358529242741668,-0.03405166859545723
1.25125025005001,PASSED,-0.2614758799709714,-0.0021717511886844643,0.006756044376628952,2.633874147209669,0.011323785922421063,-0.03520442147070297
1.252250450090018,PASSED,-0.2614780482611999,-0.0021648715100775805,0.0069621014270540675,2.6338854529608526,0.0112879367396247,-0.036279023680137794
1.253250650130026,PASSED,-0.26148020957485474,-0.0021577949174303767,0.007152920127303769,2.6338967223575103,0.011251060592681182,-0.037274229119105606
1.254250850170034,PASSED,-0.26148236372273015,-0.002150536781881262,0.0073282791636548935,2.633907954412887,0.011213237641430895,-0.03818876600440798
1.255251050210042,PASSED,-0.2614845105310876,-0.0021431126744578094,0.007487992929984828,2.633919148220854,0.011174549062034262,-0.03902178832478367
1.25625125025005,PASSED,-0.26148664984183917,-0.0021355383315641305,0.007631909536142193,2.633930302956894,0.011135076897275206,-0.03977241571523693
1.257251450290058,PASSED,-0.2614887815126971,-0.0021278296236537843,0.007759906826482504,2.633941417878863,0.011094903904416269,-0.040440044288068897
1.258251650330066,PASSED,-0.2614909054172909,-0.002120002522064815,0.007871898097292915,2.6339524923276074,0.01105411334388675,-0.041024238023817626
1.259251850370074,PASSED,-0.2614930214452509,-0.002112073064101466,0.007967831207387172,2.6339635257274057,0.011012788842784806,-0.041524676487358435
1.260252050410082,PASSED,-0.26149512950225917,-0.0021040573219825794,0.008047682726553462,2.633974517586224,0.010971014199566526,-0.041941287705561214
1.26125225045009,PASSED,-0.26149722951006765,-0.0020959713701948607,0.008111464495162354,2.633985467495824,0.010928873225661306,-0.042274098038326595
1.262252450490098,PASSED,-0.26149932140648413,-0.002087831252590698,0.008159219676829223,2.6339963751316757,0.010886449575677217,-0.042523351281263
1.263252650530106,PASSED,-0.26150140514532555,-0.002079652950158452,0.008191024269190638,2.6340072402527324,0.010843826581891357,-0.042689422122257556
1.264252850570114,PASSED,-0.2615034806963408,-0.0020714523514971345,0.008206981589402387,2.6340180627010144,0.01080108708900791,-0.04277287339090829
1.265253050610122,PASSED,-0.26150554804510057,-0.0020632452194998393,0.008207232269223158,2.634028842401039,0.01075831327927063,-0.04277443396819405
1.26625325065013,PASSED,-0.26150760719285887,-0.002055047162195211,0.008191940661564295,2.6340395793591083,0.010715586557566943,-0.042694913527350414
1.267253450690138,PASSED,-0.26150965815638205,-0.002046873603614928,0.008161303859429385,2.6340502736624054,0.010672987340630454,-0.042535419209249324
1.268253650730146,PASSED,-0.26151170096775034,-0.0020387397531346106,0.008115548227575212,2.6340609254779674,0.010630594924309419,-0.04229708106222647
1.269253850770154,PASSED,-0.26151373567412933,-0.0020306605775298604,0.00805492718953394,2.6340715350514916,0.010588487369758938,-0.041981203542651065
1.270254050810162,PASSED,-0.26151576233751406,-0.002022650774543942,0.00797972018350836,2.634082102706007,0.010546741317931598,-0.04158928401713081
1.27125425085017,PASSED,-0.2615177810344457,-0.0020147247445955114,0.007890236458378387,2.634092628840394,0.010505431850957602,-0.041122922278572796
1.272254450890178,PASSED,-0.26151979185570173,-0.0020068965648563594,0.007786808593001106,2.634103113927766,0.010464632380240788,-0.0405838363423082
1.273254650930186,PASSED,-0.2615217949059609,-0.00199917996537263,0.007669793410881337,2.634113558513729,0.010424414508344752,-0.039973895598522914
1.274254850970194,PASSED,-0.26152379030344314,-0.0019915883040511734,0.0075395732618399195,2.634123963214502,0.010384847886264295,-0.0392951064017481
1.275255051010202,PASSED,-0.2615257781795262,-0.001984134542968796,0.007396552962735857,2.634134328714924,0.01034600011760477,-0.03854954349804068
1.27625525105021,PASSED,-0.2615277586783395,-0.001976831227476144,0.007241157179263163,2.634144655766321,0.010307936613202576,-0.037739478338297515
1.277255451090218,PASSED,-0.26152973195633616,-0.001969690464471474,0.007073833554940795,2.634154945184295,0.010270720514374979,-0.03686717915379968
1.278255651130226,PASSED,-0.261531698181845,-0.0019627239022866087,0.006895047938147928,2.634165197846375,0.010234412572712636,-0.035935116668038815
1.279255851170234,PASSED,-0.2615336575346026,-0.001955942711638138,0.006705285788685615,2.63417541468958,0.010199071032329894,-0.03494582285920996
1.280256051210242,PASSED,-0.26153561020526717,-0.0019493575686185126,0.006505047840252399,2.6341855967078955,0.010164751586766083,-0.03390186070021269
1.2812562512502501,PASSED,-0.2615375563949153,-0.0019429786377093145,0.006294852955161965,2.634195744949629,0.010131507232190879,-0.03280601715853359
1.2822564512902581,PASSED,-0.2615394963145231,-0.001936815556080826,0.006075234077372497,2.6342058605147196,0.010099388221548138,-0.031661006298878594
1.2832566513302661,PASSED,-0.2615414301844317,-0.0019308774194903282,0.0058467382659148715,2.634215944551956,0.010068442023998644,-0.030469658383237348
1.2842568513702741,PASSED,-0.2615433582337999,-0.0019251727699610857,0.0056099237047940505,2.634225998256102,0.010038713162562057,-0.029234996805485188
1.2852570514102821,PASSED,-0.26154528070004424,-0.0019197095834733455,0.005365361676370907,2.634236022864998,0.01001024323183685,-0.02795988667168714
1.2862572514502901,PASSED,-0.26154719782826774,-0.0019144952590885455,0.0051136328570864035,2.634246019656577,0.00998307085915848,-0.026647363349489757
1.2872574514902981,PASSED,-0.2615491098706794,-0.0019095366110106736,0.004855324891728549,2.6342559899458275,0.009957231554762344,-0.0253005984272337
1.2882576515303061,PASSED,-0.2615510170860044,-0.0019048398597199371,0.004591035556741664,2.6342659350817317,0.009932757761726651,-0.023922589441332437
1.2892578515703141,PASSED,-0.2615529197388875,-0.0019004106246829286,0.0043213680238530705,2.6342758564441464,0.009909678821101223,-0.022516508081490375
1.2902580516103221,PASSED,-0.26155481809929004,-0.001896253920279767,0.004046928656033756,2.6342857554406605,0.0098880208676439,-0.021085583707877845
1.2912582516503301,PASSED,-0.2615567124418824,-0.0018923741514777063,0.0037683288994117894,2.634295633503434,0.009867806883797646,-0.019632917271837556
1.2922584516903382,PASSED,-0.26155860304543305,-0.0018887751099273037,0.003486183317729861,2.634305492086,0.00984905666095791,-0.01816175988500073
1.2932586517303462,PASSED,-0.2615604901921947,-0.00188545997270321,0.0032011064950029046,2.6343153326600737,0.009831786766684045,-0.016675317199771916
1.2942588517703542,PASSED,-0.2615623741672904,-0.001882431302892011,0.002913712021996661,2.6343251567123502,0.009816010582857478,-0.01517676157776695
1.2952590518103622,PASSED,-0.2615642552580991,-0.001879691049518644,0.0026246142742807938,2.634334965741293,0.009801738279687906,-0.013669330897442206
1.2962592518503702,PASSED,-0.261566133753643,-0.0018772405493109358,0.002334424163326636,2.6343447612539515,0.00978897684079004,-0.012156177564816092
1.2972594518903782,PASSED,-0.26156800994397766,-0.0018750805312912637,0.002043747257236051,2.6343545447627665,0.009777730074321664,-0.010640492404085
1.2982596519303862,PASSED,-0.26156988411958576,-0.0018732111201254155,0.0017531871049228142,2.634364317782424,0.009767998644193586,-0.00912538861073953
1.2992598519703942,PASSED,-0.2615717565707761,-0.0018716318418423427,0.0014633390685058585,2.6343740818267087,0.009759780089811413,-0.007613998229796762
1.3002600520104022,PASSED,-0.26157362758708885,-0.001870341631436378,0.0011747912976037532,2.634383838405409,0.009753068863338711,-0.006109378634637531
1.3012602520504102,PASSED,-0.26157549745670794,-0.001869338840105596,0.0008881246862337024,2.634393589021249,0.00974785637823938,-0.004614556075792033
1.3022604520904182,PASSED,-0.26157736646588214,-0.0018686212443133822,0.0006039098628672289,2.634403335166881,0.00974413106262032,-0.0031324886479045357
1.3032606521304262,PASSED,-0.26157923489835566,-0.0018681860562083747,0.0003227069331010656,2.6344130783218955,0.009741878369310864,-0.0016661630838236384
1.3042608521704342,PASSED,-0.26158110303480886,-0.0018680299338273282,4.5066013010107306e-05,2.6344228199499233,0.009741080886556518,-0.0002183625346929911
1.3052610522104422,PASSED,-0.2615829711523116,-0.001868148994832942,-0.0002284790180297029,2.6344325614957755,0.00974171839554895,0.0012080900105165989
1.3062612522504502,PASSED,-0.2615848395237881,-0.001868538828655344,-0.0004974036919835951,2.6344423043826573,0.009743767888031158,0.002610427463336362
1.3072614522904582,PASSED,-0.261586708417496,-0.001869194509170674,-0.0007611983975608336,2.634452050009446,0.009747203686867673,0.003986046418637295
1.3082616523304662,PASSED,-0.2615885780965196,-0.0018701106122663473,-0.0010193728944152228,2.6344617997480513,0.00975199752800343,0.005332370947165619
1.309261852370474,PASSED,-0.26159044881827864,-0.0018712812304394822,-0.0012714483589479444,2.6344715549408546,0.009758118603576416,0.006646878656867107
1.310262052410482,PASSED,-0.26159232083405304,-0.0018726999878263828,-0.0015169634055359244,2.634481316898235,0.009765533687490429,0.00792722075210977
1.31126225245049,PASSED,-0.2615941943885248,-0.001874360060196222,-0.001755478346041574,2.6344910868961597,0.009774207184904498,0.009171015188705505
1.312262452490498,PASSED,-0.2615960697193374,-0.0018762541917873789,-0.0019865670879003856,2.6345008661739167,0.009784101277255486,0.01037614379250928
1.313262652530506,PASSED,-0.26159794705667405,-0.001878374713612128,-0.0022098249826487705,2.634510655931889,0.009795175990227176,0.011540425757811553
1.314262852570514,PASSED,-0.2615998266228543,-0.0018807135634250382,-0.002424866366417611,2.634520457329469,0.0098073892760662,0.012661859226500722
1.315263052610522,PASSED,-0.2616017086319515,-0.0018832623063385315,-0.0026313272782106435,2.6345302714830487,0.009820697158673194,0.01373856486065567
1.31626325265053,PASSED,-0.26160359328942917,-0.0018860121544551525,-0.002828862008894707,2.6345400994641324,0.009835053824131749,0.014768732523820683
1.317263452690538,PASSED,-0.2616054807917996,-0.0018889539879204107,-0.003017147769500451,2.634549942297557,0.00985041172629847,0.015750681928652584
1.318263652730546,PASSED,-0.2616073713263029,-0.0018920783776616306,-0.0031958843890328415,2.6345598009598072,0.009866721686952764,0.016682813138056137
1.319263852770554,PASSED,-0.2616092650706079,-0.0018953756063354841,-0.0033647915304008034,2.6345696763774686,0.009883933048150715,0.017563726571215875
1.320264052810562,PASSED,-0.2616111621925354,-0.0018988356902577227,-0.0035236121834637635,2.6345795694257754,0.009901993761488637,0.018392037849059347
1.32126425285057,PASSED,-0.2616130628498038,-0.001902448403654696,-0.0036721142059798384,2.6345894809272865,0.009920850490933266,0.01916652384167642
1.322264452890578,PASSED,-0.2616149671897979,-0.0019062033004809383,-0.003810085239750896,2.634599411650682,0.009940448780258949,0.01988613298168584
1.323264652930586,PASSED,-0.2616168753493598,-0.0019100897367748358,-0.003937336996662166,2.634609362309665,0.009960733129458003,0.0205498266773022
1.324264852970594,PASSED,-0.261618787454604,-0.0019140968957733326,-0.004053706999719517,2.6346193335620067,0.009981647128276492,0.021156780245946003
1.325265053010602,PASSED,-0.26162070362075523,-0.001918213810714596,-0.004159053568959324,2.6346293260086875,0.010003133591243081,0.02170625144702093
1.32626525305061,PASSED,-0.2616226239520102,-0.0019224293871048538,-0.004253258271123717,2.6346393401931896,0.010025134677360385,0.022197642564155587
1.327265453090618,PASSED,-0.26162454854142225,-0.0019267324280133695,-0.00433622933344383,2.634649376600889,0.010047591998158144,0.022630439620165626
1.328265653130626,PASSED,-0.26162647747081036,-0.0019311116566925331,-0.0044078949096436094,2.634659435658572,0.010070446733518352,0.02300426585357046
1.329265853170634,PASSED,-0.26162841081069066,-0.001935555739668335,-0.00446820835324107,2.6346695177340953,0.010093639804400438,0.023318940901094282
1.330266053210642,PASSED,-0.26163034862023227,-0.0019400533111425353,-0.004517146888172829,2.634679623136139,0.010117111940678731,0.023574266529757883
1.33126625325065,PASSED,-0.2616322909472358,-0.001944592995528038,-0.0045547093837227815,2.6346897521140984,0.010140803800437725,0.02377025524515304
1.332266453290658,PASSED,-0.26163423782813455,-0.0019491634294908514,-0.004580917015540498,2.634699904858104,0.010164656158476351,0.023907093234276415
1.333266653330666,PASSED,-0.26163618928802,-0.0019537532867813564,-0.004595817473814658,2.634710081499126,0.010188609935895147,0.02398490020847402
1.334266853370674,PASSED,-0.2616381453406879,-0.0019583512991167063,-0.004599475576373457,2.634720282109239,0.010212606354904381,0.024004098209741538
1.335267053410682,PASSED,-0.26164010598870835,-0.0019629462780367006,-0.004591981149074532,2.634730506701976,0.010236587099817316,0.02396517604839664
1.33626725345069,PASSED,-0.26164207122351646,-0.0019675271380034756,-0.004573445845241721,2.6347407552328037,0.010260494347529814,0.023868628821900228
1.337267453490698,PASSED,-0.2616440410255254,-0.0019720829163715867,-0.00454400005002462,2.6347510275997057,0.010284270911957792,0.023715188165361993
1.338267653530706,PASSED,-0.26164601536426024,-0.001976602794863567,-0.0045037974532844485,2.634761323643887,0.010307860399172006,0.02350568658011354
1.339267853570714,PASSED,-0.2616479941985117,-0.0019810761196201237,-0.004453009625404972,2.6347716431505748,0.010331207246725696,0.023240954869409233
1.340268053610722,PASSED,-0.2616499774765116,-0.0019854924219492817,-0.0043918307983264945,2.634781985849925,0.010354256837092748,0.022922014032148327
1.34126825365073,PASSED,-0.2616519651361259,-0.0019898414356649295,-0.004320468993862111,2.634792351418041,0.01037695565379614,0.02255001848422159
1.342268453690738,PASSED,-0.26165395710506806,-0.001994113117618215,-0.004239157259568006,2.634802739478076,0.010399251320596688,0.022126099011433177
1.343268653730746,PASSED,-0.2616559533011303,-0.0019982976651625574,-0.0041481410675253145,2.6348131496014444,0.010421092696157631,0.02165155992728506
1.3442688537707541,PASSED,-0.26165795363243255,-0.0020023855328223914,-0.004047685388039365,2.634823581309109,0.010442430003422319,0.021127805489624413
1.3452690538107621,PASSED,-0.26165995799768843,-0.0020063674497893124,-0.003938071352841784,2.634834034072982,0.01046321490153964,0.02055629320245148
1.3462692538507701,PASSED,-0.2616619662864873,-0.002010234435497763,-0.003819595278856136,2.6348445073173887,0.010483400549517656,0.01993855116172536
1.3472694538907781,PASSED,-0.2616639783795929,-0.002013977815736934,-0.0036925702127142738,2.634855000420623,0.010502941697688008,0.01927621284277166
1.3482696539307861,PASSED,-0.2616659941492552,-0.002017589235295843,-0.0035573191230384533,2.6348655127165714,0.010521794771411705,0.018570980977646485
1.3492698539707941,PASSED,-0.26166801345953816,-0.0020210606734156764,-0.0034141841176965984,2.6348760434964356,0.010539917954499102,0.017824651160563896
1.3502700540108021,PASSED,-0.2616700361666593,-0.0020243844560084274,-0.003263514909453931,2.634886592010483,0.010557271203215061,0.01703898041955347
1.3512702540508101,PASSED,-0.2616720621193426,-0.00202755326754283,-0.003105675951035244,2.6348971574698967,0.010573816351191097,0.016215926347022434
1.3522704540908181,PASSED,-0.26167409115918255,-0.002030560162520005,-0.002941040994601843,2.6349077390486815,0.010589517202365312,0.01535746772567539
1.3532706541308261,PASSED,-0.2616761231210196,-0.002033398576019626,-0.002769995169634155,2.6349183358856023,0.010604339491822507,0.014465503944875268
1.3542708541708341,PASSED,-0.26167815783332493,-0.002036062332703042,-0.0025929310259371445,2.6349289470862085,0.010618251002178095,0.013542181296065442
1.3552710542108422,PASSED,-0.2616801951185945,-0.0020385456559255098,-0.0024102513534878054,2.634939571724881,0.010631221625190968,0.01258958415741238
1.3562712542508502,PASSED,-0.26168223479375186,-0.002040843175343026,-0.0022223647935352107,2.6349502088469317,0.010643223333724573,0.011609791451063578
1.3572714542908582,PASSED,-0.2616842766705569,-0.0020429499335666793,-0.00202968717706508,2.634960857470737,0.010654230257294877,0.010605011649800286
1.3582716543308662,PASSED,-0.26168632055602276,-0.0020448613927930123,-0.0018326405925118913,2.634971516589912,0.010664218740323344,0.009577463947577006
1.3592718543708742,PASSED,-0.2616883662528369,-0.0020465734387566706,-0.0016316495444228796,2.6349821851755033,0.010673167312768225,0.008529311443084107
1.3602720544108822,PASSED,-0.2616904135597876,-0.0020480823858789366,-0.0014271455074938814,2.634992862178212,0.010681056733770353,0.007462827374824171
1.3612722544508902,PASSED,-0.26169246227219334,-0.002049384980477228,-0.0012195606588231427,2.635003546530646,0.010687870050613783,0.0063803098224988405
1.3622724544908982,PASSED,-0.2616945121823361,-0.0020504784024178305,-0.0010093294617888222,2.6350142371495586,0.010693592532010032,0.005283929112080192
1.3632726545309062,PASSED,-0.26169656307989575,-0.002051360267358301,-0.0007968885929247847,2.6350249329381326,0.010698211731979582,0.0041760472078625505
1.3642728545709142,PASSED,-0.2616986147523856,-0.002052028626524049,-0.0005826728809626275,2.6350356327882345,0.010701717487796374,0.0030588948894086105
1.3652730546109222,PASSED,-0.2617006669855886,-0.0020524819677695694,-0.000367120155226622,2.6350463355827087,0.01070410190652561,0.0019347679557897568
1.3662732546509302,PASSED,-0.261702719563992,-0.0020527192130112993,-0.00015066196606514096,2.6350570401976294,0.01070535935333259,0.0008058993744385391
1.3672734546909382,PASSED,-0.2617047722712213,-0.0020527397164321333,6.626894265301567e-05,2.635067745504564,0.01070548644264884,-0.00032545072254093645
1.3682736547309462,PASSED,-0.2617068248904709,-0.002052543262638,0.00028324369512000347,2.635078450372828,0.010704482054880718,-0.0014570124651777684
1.3692738547709542,PASSED,-0.2617088772049323,-0.0020521300620535295,0.0004998385107040604,2.63508915367171,0.010702347278503051,-0.002586618985991893
1.3702740548109622,PASSED,-0.26171092899821724,-0.0020515007459044523,0.0007156345746591535,2.6350998542726893,0.01069908539468142,-0.003712060378722433
1.3712742548509702,PASSED,-0.2617129800547769,-0.0020506563625528967,0.0009302158694859148,2.6351105510516026,0.010694701854872786,-0.004831192761905874
1.3722744548909782,PASSED,-0.2617150301603147,-0.0020495983701155586,0.0011431768159066876,2.635121242890819,0.010689204263809973,-0.005941856596751903
1.3732746549309862,PASSED,-0.26171707910219283,-0.0020483286288786023,0.0013541175176560397,2.635131928681345,0.010682602318666462,-0.007042004174683124
1.3742748549709942,PASSED,-0.2617191266698316,-0.0020468493962565067,0.00156264269172172,2.635142607324916,0.010674907773558541,-0.008129572396748129
1.3752750550110022,PASSED,-0.2617211726551004,-0.002045163315954388,0.0017683720423830318,2.635153277736027,0.010666134410848347,-0.009202556252491301
1.3762752550510102,PASSED,-0.261723216852701,-0.002043273409395456,0.0019709295699651395,2.63516393884394,0.010656297986515378,-0.010259003053286279
1.3772754550910182,PASSED,-0.2617252590605399,-0.002041183067501386,0.0021699501101403507,2.6351745895946226,0.01064541617263732,-0.011297021094572627
1.3782756551310262,PASSED,-0.26172729908009235,-0.002038896039159053,0.002365080497127441,2.6351852289526465,0.010633508510296544,-0.012314756504912509
1.3792758551710342,PASSED,-0.2617293367167543,-0.0020364164191502966,0.002555979683175594,2.6351958559030195,0.01062059634946713,-0.013310430379082208
1.3802760552110422,PASSED,-0.2617313717801841,-0.0020337486389849905,0.0027423138200597117,2.635206469452982,0.010606702805820881,-0.014282285824361026
1.3812762552510502,PASSED,-0.2617334040846316,-0.002030897453735505,0.0029237662024353675,2.6352170686337026,0.010591852655652696,-0.015228726397400288
1.3822764552910582,PASSED,-0.2617354334492555,-0.00202786792846277,0.0031000313196021118,2.635227652501949,0.010576072306725864,-0.016148097279785993
1.3832766553310663,PASSED,-0.2617374596984274,-0.002024665426179201,0.003270816259547216,2.6352382201416686,0.010559389742199908,-0.017038876023401928
1.3842768553710743,PASSED,-0.26173948266202257,-0.002021295594392261,0.003435842138535321,2.6352487706655063,0.010541834394052882,-0.01789966289610717
1.3852770554110823,PASSED,-0.26174150217569675,-0.00201776434974688,0.003594846316611555,2.6352593032162455,0.010523437106762663,-0.018729036886293387
1.3862772554510903,PASSED,-0.2617435180811491,-0.0020140778647889544,0.0037475773854681216,2.6352698169681865,0.010504230086530422,-0.019525675796205982
1.3872774554910983,PASSED,-0.26174553022637,-0.002010242552964993,0.003893801449623002,2.6352803111284335,0.010484246768394342,-0.020288413029330432
1.3882776555311063,PASSED,-0.26174753846587406,-0.0020062650523733436,0.0040333000196665,2.6352907849381073,0.010463521752241207,-0.021016084902339523
1.3892778555711143,PASSED,-0.26174954266091793,-0.0020021522117860116,0.004165867632441813,2.635301237673494,0.010442090776176504,-0.021707570172943245
1.3902780556111223,PASSED,-0.2617515426797023,-0.0019979110741353443,0.004291317662817062,2.6353116686470823,0.010419990556031308,-0.022361986793363892
1.3912782556511303,PASSED,-0.26175353839755794,-0.0019935488601070424,0.0044094782719584676,2.6353220772085515,0.010397258739882169,-0.02297836905298841
1.3922784556911383,PASSED,-0.261755529697116,-0.001989072952783252,0.004520193358344256,2.6353324627456414,0.010373933838490683,-0.023555922950481173
1.3932786557311463,PASSED,-0.26175751646846207,-0.0019844908810460376,0.004623323989794371,2.635342824684973,0.010350055114864124,-0.0240939240772777
1.3942788557711543,PASSED,-0.2617594986092727,-0.0019798103022041274,0.004718748743320427,2.6353531624927538,0.01032566250006028,-0.024591741954885504
1.3952790558111623,PASSED,-0.2617614760249373,-0.0019750389870918862,0.004806359358188278,2.635363475675411,0.010300796513896463,-0.02504881563644115
1.3962792558511703,PASSED,-0.26176344862866174,-0.001970184802148445,0.0048860686669429144,2.635373763780134,0.010275498184142261,-0.025464672499374175
1.3972794558911783,PASSED,-0.26176541634155603,-0.0019652556922209337,0.004957804101223763,2.635384026395342,0.010249808954912667,-0.025838933716406786
1.3982796559311863,PASSED,-0.2617673790927053,-0.001960259665661406,0.005021508198396881,2.6353942631510323,0.010223770570473658,-0.02617135158741288
1.3992798559711943,PASSED,-0.2617693368192239,-0.0019552047765616877,0.005077143033932678,2.635404473719089,0.010197425050617352,-0.026461632035567267
1.4002800560112023,PASSED,-0.26177128946629297,-0.0019500991079200627,0.005124685713419581,2.635414657813462,0.010170814556090018,-0.026709736188512676
1.4012802560512103,PASSED,-0.2617732369871817,-0.0019449507556330542,0.005164130002734332,2.635424815190282,0.010143981289851133,-0.026915619605802785
1.4022804560912183,PASSED,-0.2617751793432515,-0.0019397678120410045,0.005195485984926278,2.6354349456478805,0.010116967461816985,-0.027079300319709315
1.4032806561312263,PASSED,-0.2617771165039452,-0.0019345583504225261,0.005218778707513207,2.635445049026748,0.010089815199963357,-0.02720090287623926
1.4042808561712343,PASSED,-0.2617790484467585,-0.0019293304073117058,0.005234052713025191,2.635455125209361,0.010062566393351112,-0.027280742436247816
1.4052810562112423,PASSED,-0.2617809751571969,-0.0019240919681404048,0.00524136347681815,2.635465174119987,0.010035262699743419,-0.027318994388657415
1.4062812562512503,PASSED,-0.26178289662871645,-0.001918850952248067,0.005240784169350912,2.635475195724344,0.01000794542573277,-0.02731612709197984
1.4072814562912583,PASSED,-0.26178481286264926,-0.0019136151957146812,0.005232404776076137,2.6354851900292373,0.009980655432218566,-0.0272725711290177
1.4082816563312663,PASSED,-0.2617867238681138,-0.0019083924374512379,0.005216327255021642,2.635495157082081,0.009953433091691626,-0.027188853458888006
1.4092818563712743,PASSED,-0.2617886296619105,-0.0019031903057153121,0.005192668056528575,2.6355050969703617,0.009926318199749122,-0.027065584264913893
1.4102820564112823,PASSED,-0.26179053026840343,-0.001898016302726287,0.0051615596106897536,2.6355150098210034,0.009899349858743137,-0.026903512166696873
1.4112822564512904,PASSED,-0.26179242571938716,-0.0018928777902181937,0.005123147773029161,2.6355248957997053,0.009872566493714385,-0.026703266936790898
1.4122824564912984,PASSED,-0.26179431605394077,-0.0018877819774373297,0.005077589452754081,2.6355347551101387,0.009846005696053279,-0.02646581814398246
1.4132826565313064,PASSED,-0.2617962013182683,-0.0018827359081891606,0.005025055778445922,2.635544587993158,0.009819704199304164,-0.02619194915253613
1.4142828565713144,PASSED,-0.26179808156552664,-0.0018777464469533333,0.004965731540748334,2.63555439472587,0.009793697821814546,-0.02588266304767299
1.4152830566113224,PASSED,-0.2617999568556409,-0.0018728202678643005,0.004899810787889007,2.635564175620693,0.00976802136897758,-0.025538979363161508
1.4162832566513304,PASSED,-0.26180182725510853,-0.0018679638436952914,0.004827499756422625,2.6355739310243207,0.00974270859768327,-0.025161965915072727
1.4172834566913384,PASSED,-0.26180369283679156,-0.0018631834333546885,0.0047490173967232,2.635583661316652,0.009717792172263364,-0.024752731756464218
1.4182836567313464,PASSED,-0.2618055536796985,-0.001858485072716511,0.004664589465813765,2.6355933669096383,0.009693303558703318,-0.02431253476243433
1.4192838567713544,PASSED,-0.2618074098687562,-0.0018538745649288495,0.004574453335559946,2.635603048246115,0.009669273040037219,-0.02384250793521052
1.4202840568113624,PASSED,-0.26180926149457173,-0.001849357468902723,0.004478857819837993,2.63561270579853,0.009645729606514995,-0.02334405058023203
1.4212842568513704,PASSED,-0.261811108653185,-0.0018449390930736726,0.004378054501858914,2.635622340067688,0.009622700950059829,-0.022818393705121544
1.4222844568913784,PASSED,-0.2618129514458139,-0.001840624486666189,0.004272307677899801,2.6356319515813933,0.009600213416856672,-0.022266959535179983
1.4232846569313862,PASSED,-0.2618147899785902,-0.0018364184300888656,0.0041618891769391935,2.635641540893089,0.009578291936124618,-0.02169116152996871
1.4242848569713942,PASSED,-0.26181662436228936,-0.0018323254307881503,0.0040470727165662825,2.635651108580437,0.009556960017893162,-0.02109242269911508
1.4252850570114022,PASSED,-0.261818454712053,-0.0018283497159353335,0.003928142943650321,2.635660655243886,0.009536239732910602,-0.020472193171525103
1.4262852570514102,PASSED,-0.26182028114710565,-0.0018244952248022877,0.003805389925976157,2.6356701815051737,0.00951615161701117,-0.019832064384704366
1.4272854570914182,PASSED,-0.2618221037904657,-0.0018207656067180825,0.0036791035230246054,2.635679688005839,0.009496714703687952,-0.019173479282224362
1.4282856571314262,PASSED,-0.2618239227686524,-0.0018171642150587239,0.003549583750247644,2.635689175405677,0.009477946502928625,-0.018498015077393182
1.4292858571714342,PASSED,-0.2618257382113873,-0.0018136941022751085,0.0034171321391937882,2.635698644381195,0.009459862932329621,-0.01780727428007575
1.4302860572114422,PASSED,-0.2618275502512941,-0.0018103580194057634,0.0032820500227789726,2.6357080956240426,0.009442478344809194,-0.017102796347326307
1.4312862572514502,PASSED,-0.2618293590235936,-0.0018071584117954345,0.003144646002028811,2.635717529839419,0.00942580550544629,-0.01638620137329066
1.4322864572914582,PASSED,-0.2618311646657982,-0.0018040974166234943,0.0030052279518810367,2.635726947744475,0.00940985555353583,-0.0156591189352373
1.4332866573314662,PASSED,-0.26183296731740346,-0.0018011768633915252,0.0028641034186944647,2.63573635006672,0.009394638051329311,-0.014923091054041993
1.4342868573714742,PASSED,-0.26183476711957965,-0.0017983982722247739,0.0027215829987890954,2.6357457375424005,0.009380160934790568,-0.014179800195210679
1.4352870574114822,PASSED,-0.26183656421486246,-0.0017957628537541394,0.0025779754518645195,2.6357551109148836,0.0093664304983515,-0.013430860601641616
1.4362872574514902,PASSED,-0.26183835874684397,-0.001793271510049876,0.002433589205862967,2.635764470933059,0.009353451475583084,-0.012677797546266032
1.4372874574914982,PASSED,-0.2618401508598651,-0.0017909248360757249,0.002288730486343098,2.635773818349725,0.009341226978278024,-0.011922297144256286
1.4382876575315062,PASSED,-0.2618419406987089,-0.0017887231211286341,0.0021437045875891602,2.635783153919989,0.009329758496812359,-0.011165937679936021
1.4392878575715142,PASSED,-0.26184372840829634,-0.0017866663511529924,0.0019988135676767427,2.635792478399683,0.009319045974102864,-0.010410246062534658
1.4402880576115222,PASSED,-0.2618455141333848,-0.0017847542120569004,0.0018543561150357116,2.635801792543795,0.009309087794022265,-0.009656802759308364
1.4412882576515302,PASSED,-0.2618472980182697,-0.0017829860933095598,0.0017106271688771568,2.6358110971049022,0.009299880752967116,-0.008907199919042978
1.4422884576915382,PASSED,-0.26184908020649017,-0.0017813610920370132,0.001567917341659644,2.6358203928316457,0.009291420147184232,-0.008162876358780657
1.4432886577315462,PASSED,-0.26185086084053916,-0.0017798780179172809,0.0014265119717804843,2.6358296804672183,0.009283699799859492,-0.007425327968713083
1.4442888577715542,PASSED,-0.261852640061578,-0.0017785353970084428,0.0012866935335430504,2.6358389607478627,0.009276711999273799,-0.006696115663679592
1.4452890578115622,PASSED,-0.2618544180091574,-0.0017773314797854785,0.0011487330159114081,2.635848234401434,0.009270447629555582,-0.005976539087909273
1.4462892578515703,PASSED,-0.2618561948209434,-0.0017762642465761502,0.0010129000049395578,2.635857502145959,0.009264896181560093,-0.005268053933875293
1.4472894578915783,PASSED,-0.26185797063245075,-0.0017753314122622914,0.0008794571864715447,2.6358667646882497,0.009260045722144535,-0.004572063070014619
1.4482896579315863,PASSED,-0.2618597455767822,-0.0017745304362442134,0.0007486552391488207,2.635876022722534,0.009255882992215443,-0.0038898411684762917
1.4492898579715943,PASSED,-0.2618615197843764,-0.001773858529641961,0.0006207408443211721,2.63588527692916,0.009252393480858729,-0.003222624815542137
1.4502900580116023,PASSED,-0.26186329338276254,-0.001773312661304503,0.0004959533328825341,2.6358945279732953,0.009249561365890726,-0.002571775069643843
1.4512902580516103,PASSED,-0.261865066496324,-0.0017728895677708353,0.00037452033419113075,2.6359037765037114,0.009247369622233704,-0.0019383893819396806
1.4522904580916183,PASSED,-0.2618668392460702,-0.0017725857632959927,0.0002566605686101462,2.635913023151578,0.009245800086551487,-0.0013236332157347314
1.4532906581316263,PASSED,-0.2618686117494178,-0.0017723975469421517,0.00014258687732825512,2.635922268529334,0.009244833451467043,-0.0007286363302483882
1.4542908581716343,PASSED,-0.2618703841199811,-0.0017723210119848917,3.250034388118979e-05,2.635931513229587,0.009244449340191207,-0.00015442790622780637
1.4552910582116423,PASSED,-0.26187215646737216,-0.0017723520583636562,-7.341086052786486e-05,2.635940757824074,0.009244626381665537,0.00039802106136787837
1.4562912582516503,PASSED,-0.26187392889701094,-0.0017724864009246546,-0.000174963694645314,2.6359500028626672,0.00924534221733742,0.0009277120788974914
1.4572914582916583,PASSED,-0.26187570150994594,-0.0017727195790766908,-0.00027198779029709937,2.635959248872443,0.00924657358492337,0.0014338045906491272
1.4582916583316663,PASSED,-0.261877474402685,-0.0017730469698364764,-0.0003643260727783092,2.635968496356797,0.009248296383983959,0.001915462040548095
1.4592918583716743,PASSED,-0.2618792476670373,-0.001773463796909132,-0.00045182773924027796,2.6359777457946145,0.009250485687588813,0.0023718646477263244
1.4602920584116823,PASSED,-0.2618810213899661,-0.0017739651421510845,-0.0005343569104269571,2.635986997639519,0.009253115864591118,0.002802385238692517
1.4612922584516903,PASSED,-0.2618827956534528,-0.0017745459577417665,-0.0006117880441856596,2.6359962523191394,0.009256160580153314,0.0032062691111985537
1.4622924584916983,PASSED,-0.26188457053437225,-0.0017752010765490684,-0.0006840059827123422,2.636005510234476,0.00925959286943993,0.00358296940356227
1.4632926585317063,PASSED,-0.26188634610438005,-0.0017759252239848828,-0.0007509084045490607,2.6360147717593088,0.009263385248022726,0.0039319847022846015
1.4642928585717143,PASSED,-0.26188812242981035,-0.0017767130299665534,-0.0008124043664187128,2.6360240372396606,0.009267509697344037,0.004252759067325083
1.4652930586117223,PASSED,-0.2618898995715868,-0.0017775590407701593,-0.0008684150950638987,2.6360333069933346,0.009271937756680738,0.004544926182953212
1.4662932586517303,PASSED,-0.26189167758514426,-0.001778457730232463,-0.0009188723737970199,2.636042581309509,0.009276640628114678,0.004808168267933774
1.4672934586917383,PASSED,-0.2618934565203624,-0.0017794035119742646,-0.000963721320470884,2.636051860448386,0.009281589165688364,0.005042117110853839
1.4682936587317463,PASSED,-0.26189523642151175,-0.0017803907514095984,-0.0010029181785758108,2.636061144640909,0.009286753964485167,0.005246586587436686
1.4692938587717543,PASSED,-0.261897017327211,-0.0017814137770757038,-0.0010364306577919215,2.6360704340885452,0.009292105463031495,0.005421439852254275
1.4702940588117623,PASSED,-0.2618987992703962,-0.001782466892672263,-0.0010642388890708056,2.6360797289631193,0.009297613945857945,0.005566511475914447
1.4712942588517703,PASSED,-0.26190058227830215,-0.0017835443894027915,-0.001086335291500091,2.6360890294067207,0.009303249625281071,0.005681791387932794
1.4722944588917783,PASSED,-0.2619023663724545,-0.0017846405562608688,-0.0011027212357956986,2.6360983355316603,0.00930898272362322,0.005767302978292802
1.4732946589317863,PASSED,-0.26190415156867486,-0.0017857496925987098,-0.0011134130725377234,2.6361076474204923,0.009314783502786186,0.005823096619415503
1.4742948589717944,PASSED,-0.2619059378770957,-0.001786866119354935,-0.0011184358786836914,2.6361169651260994,0.009320622335177659,0.00584932290617783
1.4752950590118024,PASSED,-0.2619077253021879,-0.0017879841898966215,-0.0011178269836882584,2.636126288671834,0.009326469776218723,0.0058461864643235845
1.4762952590518104,PASSED,-0.2619095138427989,-0.0017890983015597024,-0.001111634782676226,2.6361356180517106,0.009332296594601315,0.005813906328101456
1.4772954590918184,PASSED,-0.26191130349220165,-0.0017902029059514751,-0.0010999174645038952,2.636144953230672,0.009338073850838114,0.005752822842596381
1.4782956591318264,PASSED,-0.2619130942381546,-0.0017912925202450264,-0.0010827455129160475,2.63615429414489,0.009343772943349938,0.00566327229130877
1.4792958591718344,PASSED,-0.26191488606297225,-0.0017923617373247725,-0.0010601981242996923,2.6361636407021467,0.009349365672907499,0.005545701068394913
1.4802960592118424,PASSED,-0.2619166789436056,-0.0017934052352766286,-0.0010323645035606591,2.6361729927822375,0.009354824270049253,0.0054005278573272305
1.4812962592518504,PASSED,-0.2619184728517333,-0.0017944177889359122,-0.000999346429765524,2.6361823502374624,0.009360121480700178,0.005228332513326515
1.4822964592918584,PASSED,-0.2619202677538617,-0.0017953942775651129,-0.0009612500954905628,2.6361917128931336,0.00936523059469278,0.005029634978785481
1.4832966593318664,PASSED,-0.26192206361143494,-0.001796329695061539,-0.0009181957637167864,2.6362010805481604,0.009370125493244941,0.004805074267745364
1.4842968593718744,PASSED,-0.26192386038095417,-0.001797219159799959,-0.0008703107215548841,2.6362104529756727,0.009374780726895888,0.004555339906414841
1.4852970594118824,PASSED,-0.2619256580141052,-0.0017980579214898255,-0.0008177290020745301,2.6362198299236694,0.00937917149501691,0.004281053597426656
1.4862972594518904,PASSED,-0.2619274564578951,-0.0017988413705901445,-0.0007605958324820001,2.636229211115748,0.0093832737520094,0.003983059255864956
1.4872974594918984,PASSED,-0.2619292556547962,-0.0017995650461409519,-0.0006990620296906457,2.636238596251848,0.009387064241406196,0.0036621094907494404
1.4882976595319064,PASSED,-0.26193105554289886,-0.0018002246430585214,-0.0006332868428219514,2.636247985009052,0.009390520499648914,0.003319024077363588
1.4892978595719144,PASSED,-0.26193285605607036,-0.001800816019380659,-0.0005634359750146705,2.6362573770424116,0.009393620911535611,0.0029546704262519994
1.4902980596119224,PASSED,-0.26193465712412217,-0.0018013352036201434,-0.0004896830824640967,2.6362667719858113,0.009396344754304379,0.002569957663778058
1.4912982596519304,PASSED,-0.26193645867298215,-0.0018017783995236997,-0.0004122044509513076,2.6362761694528896,0.009398672244882045,0.0021658458535913656
1.4922984596919384,PASSED,-0.26193826062487463,-0.001802141993853673,-0.000331187582654768,2.636285569037949,0.009400584512816739,0.0017432159887612062
1.4932986597319464,PASSED,-0.26194006289850463,-0.0018024225614167917,-0.00024682088342823706,2.6362949703169436,0.009402063689875194,0.0013031511049187109
1.4942988597719544,PASSED,-0.2619418654092488,-0.0018026168689176173,-0.00015929857909043881,2.6363043728484494,0.009403092913737494,0.0008466057005516093
1.4952990598119624,PASSED,-0.2619436680693499,-0.0018027218810078534,-6.882109766639079e-05,2.6363137761747075,0.00940365635134902,0.00037465888550625994
1.4962992598519704,PASSED,-0.26194547078811675,-0.0018027347647295018,2.440786236345376e-05,2.6363231798226363,0.009403739205498678,-0.00011168234090602795
1.4972994598919784,PASSED,-0.26194727347212793,-0.0018026528915692864,0.0001201833587833971,2.636332583304921,0.009403327777819997,-0.000611257903865614
1.4982996599319864,PASSED,-0.26194907602543843,-0.0018024738421338754,0.0002182934864957881,2.636341986121075,0.009402409446731323,-0.0011230465452101276
1.4992998599719944,PASSED,-0.26195087834979014,-0.001802195409081879,0.00031852609566333177,2.636351387758539,0.009400972671532021,-0.0016459276353623501
1.5003000600120024,PASSED,-0.2619526803448247,-0.001801815598845396,0.00042066633036283554,2.6363607876938016,0.009399007074122298,-0.0021787105926291996
1.5013002600520104,PASSED,-0.26195448190829834,-0.0018013326337448596,0.0005244976139853434,2.6363701853935018,0.009396503367243429,-0.0027203710696941845
1.5023004600920185,PASSED,-0.2619562829362985,-0.001800744953931673,0.0006298012793210455,2.6363795803155843,0.00939345340744489,-0.003269685617768291
1.5033006601320265,PASSED,-0.2619580833234625,-0.0018000512182239144,0.0007363586600501406,2.636388971910414,0.009389850204011431,-0.003825548643916418
1.5043008601720345,PASSED,-0.2619598829631955,-0.0017992503041998813,0.0008439509333553401,2.6363983596219294,0.009385687888500431,-0.004386826755720991
1.5053010602120425,PASSED,-0.2619616817478904,-0.0017983413090697524,0.0009523579279783293,2.6364077428887867,0.009380961755609103,-0.004952336981734085
1.5063012602520505,PASSED,-0.2619634795691468,-0.001797323549262737,0.0010613610597069443,2.6364171211454974,0.009375668237102723,-0.0055209728561440895
1.5073014602920585,PASSED,-0.26196527631798944,-0.0017961965592240997,0.0011707426912573595,2.636426493823569,0.009369804885846201,-0.006091603523440217
1.5083016603320665,PASSED,-0.26196707188508633,-0.001794960090871137,0.0012802854607659722,2.6364358603526483,0.009363370418485817,-0.006663043251679211
1.5093018603720745,PASSED,-0.261968866160965,-0.0017936141117221738,0.001389774941094813,2.636445220161642,0.009356364662481619,-0.007234231172544621
1.5103020604120825,PASSED,-0.2619706590362267,-0.0017921588025019578,0.001498998739630324,2.6364545726798427,0.009348788548730416,-0.00780403547030967
1.5113022604520905,PASSED,-0.26197245040175937,-0.001790594555851394,0.0016077452578529645,2.636463917338026,0.009340644119434605,-0.008371358512811842
1.5123024604920985,PASSED,-0.2619742401489469,-0.00178892197224614,0.0017158091701876149,2.6364732535695627,0.009331934519354415,-0.008935094458440429
1.5133026605321065,PASSED,-0.26197602816987625,-0.0017871418576018865,0.0018229849602975229,2.6364825808114762,0.009322663933629237,-0.009494246569669771
1.5143028605721145,PASSED,-0.26197781435754064,-0.001785255219413938,0.0019290736730490465,2.6364918985055183,0.00931283760964384,-0.010047708929213955
1.5153030606121225,PASSED,-0.26197959860603937,-0.0017832632628760206,0.0020338784478297366,2.63650120609921,0.009302461855390515,-0.010594451136066272
1.5163032606521305,PASSED,-0.2619813808107729,-0.0017811673867172073,0.0021372079661358366,2.6365105030468516,0.009291543943000588,-0.01113355322583585
1.5173034606921385,PASSED,-0.26198316086863443,-0.0017789691782374897,0.002238875488772116,2.63651978881053,0.009280092146960048,-0.011663957917010767
1.5183036607321465,PASSED,-0.26198493867819556,-0.0017766704080525186,0.0023386999824371174,2.636529062861083,0.009268115719698615,-0.012184740157715554
1.5193038607721545,PASSED,-0.2619867141398878,-0.0017742730260962192,0.0024365032722073504,2.6365383246790466,0.009255624814469787,-0.01269501527623675
1.5203040608121625,PASSED,-0.2619884871561777,-0.0017717791545436626,0.002532117072789617,2.63654757375557,0.009242630494717205,-0.013193856070147522
1.5213042608521705,PASSED,-0.2619902576317369,-0.0017691910820227218,0.0026253761530418336,2.636556809593302,0.009229144710694193,-0.013680402658256161
1.5223044608921785,PASSED,-0.26199202547360606,-0.001766511259067144,0.0027161208239349843,2.6365660317072472,0.009215180237626144,-0.014153853341241904
1.5233046609321865,PASSED,-0.26199379059135197,-0.001763742289486435,0.002804202085224967,2.636575239625581,0.009200750641298765,-0.01461342498480448
1.5243048609721945,PASSED,-0.26199555289721876,-0.0017608869245982661,0.0028894734234649997,2.6365844328904533,0.009185870299367845,-0.015058286561660916
1.5253050610122025,PASSED,-0.26199731230627166,-0.001757948057358283,0.002971796450995498,2.6365936110587143,0.00917055428039584,-0.015487840578902838
1.5263052610522105,PASSED,-0.26199906873653417,-0.0017549287131657485,0.003051042686893788,2.6366027737026525,0.009154818357038458,-0.015901311876364666
1.5273054610922185,PASSED,-0.262000822109118,-0.0017518320436811022,0.00312708734981475,2.6366119204106604,0.009138678992720565,-0.0162980659455813
1.5283056611322265,PASSED,-0.26200257234834545,-0.0017486613201613517,0.003199814299707684,2.636621050787873,0.009122153228946153,-0.016677562326967443
1.5293058611722345,PASSED,-0.26200431938186364,-0.0017454199234852427,0.003269118260376508,2.636630164456779,0.009105258710776281,-0.01703915539847508
1.5303060612122426,PASSED,-0.2620060631407522,-0.0017421113382043909,0.003334896627835533,2.636639261057758,0.009088013611213414,-0.017382395672464926
1.5313062612522506,PASSED,-0.262007803559622,-0.001738739144496553,0.003397058427839732,2.6366483402496166,0.009070436600198746,-0.017706754576136772
1.5323064612922586,PASSED,-0.26200954057670617,-0.0017353070087343721,0.0034555206517415333,2.636657401710051,0.009052546806437722,-0.018011819884280442
1.5333066613322666,PASSED,-0.26201127413394343,-0.0017318186763934345,0.00351020680040177,2.6366664451360915,0.009034363772941444,-0.018297175904277704
1.5343068613722746,PASSED,-0.26201300417705226,-0.0017282779639356965,0.0035610495626287077,2.6366754702444783,0.009015907395152132,-0.018562512379335167
1.5353070614122826,PASSED,-0.26201473065559766,-0.0017246887497848128,0.003607990543053752,2.636684476772023,0.008997197909882983,-0.018807467195692467
1.5363072614522904,PASSED,-0.2620164535230495,-0.001721054966360079,0.0036509786791871965,2.636693464475899,0.00897825583335381,-0.01903181608482747
1.5373074614922984,PASSED,-0.2620181727368315,-0.0017173805913594659,0.0036899725482305423,2.636702433133911,0.008959101910244738,-0.019235327791902526
1.5383076615323064,PASSED,-0.2620198882583635,-0.001713669640297384,0.0037249367379828787,2.6367113825447044,0.008939757086745784,-0.019417820636990376
1.5393078615723144,PASSED,-0.2620216000530935,-0.0017099261565892993,0.003755848354818948,2.6367203125279395,0.00892024245968797,-0.01957916467169669
1.5403080616123224,PASSED,-0.2620233080905229,-0.0017061542043232936,0.0037826882067968793,2.6367292229244237,0.00890057923021535,-0.019719272673234613
1.5413082616523304,PASSED,-0.26202501234422226,-0.0017023578602012215,0.003805448065588821,2.6367381135961843,0.008880788654071235,-0.019838111791368906
1.5423084616923384,PASSED,-0.26202671279183953,-0.0016985412039158701,0.0038241284318598287,2.6367469844265274,0.008860892025108171,-0.019935640410859455
1.5433086617323464,PASSED,-0.26202840941509953,-0.0016947083107050542,0.003838736396787138,2.6367558353200207,0.008840910602821756,-0.020011943536784153
1.5443088617723544,PASSED,-0.2620301021997954,-0.001690863243884739,0.003849287102667269,2.636764666202456,0.008820865573038683,-0.020067087280600627
1.5453090618123624,PASSED,-0.2620317911357723,-0.0016870100461642695,0.003855804799004173,2.6367734770207645,0.008800778032141257,-0.020101176641979118
1.5463092618523704,PASSED,-0.2620334762169027,-0.0016831527307443258,0.003858322500570084,2.636782267742887,0.008780668923864454,-0.020114396033352137
1.5473094618923784,PASSED,-0.2620351574410543,-0.0016792952759808058,0.003856876272153118,2.6367910383576065,0.008760558990103534,-0.020106958912633612
1.5483096619323864,PASSED,-0.26203683481004986,-0.001675441616111543,0.0038515156006692225,2.6367997888743377,0.008740468757727994,-0.02007908135081035
1.5493098619723944,PASSED,-0.2620385083296197,-0.0016715956332752726,0.003842294326671671,2.636808519322884,0.008720418490154641,-0.020031058388379475
1.5503100620124024,PASSED,-0.262040178009347,-0.0016677611518270518,0.003829272862587094,2.636817229753141,0.008700428121930108,-0.01996324144863536
1.5513102620524104,PASSED,-0.26204184386260554,-0.00166394193084984,0.00381251972029479,2.636825920234793,0.00868051727840176,-0.01987591158148838
1.5523104620924184,PASSED,-0.2620435059064909,-0.0016601416561036009,0.0037921114302021898,2.6368345908569277,0.008660705186445699,-0.019769545539113198
1.5533106621324264,PASSED,-0.2620451641617445,-0.001656363934540257,0.0037681283187715135,2.636843241727661,0.008641010651293673,-0.019644528227299608
1.5543108621724344,PASSED,-0.2620468186526713,-0.0016526122878304191,0.003740658970548516,2.6368518729736974,0.008621452060273736,-0.019501299548363122
1.5553110622124424,PASSED,-0.2620484694070514,-0.0016488901457053743,0.003709797561376177,2.636860484739872,0.008602047303513712,-0.01934039490112618
1.5563112622524504,PASSED,-0.2620501164560448,-0.0016452008397994313,0.0036756448023208964,2.636869077188655,0.008582813756447757,-0.01916231517584136
1.5573114622924584,PASSED,-0.2620517598340911,-0.001641547598368221,0.003638305850469927,2.6368776504996267,0.008563768270272767,-0.018967600174424865
1.5583116623324664,PASSED,-0.26205339957880336,-0.0016379335411424972,0.0035978914758930877,2.6368862048689214,0.008544927117027316,-0.018756855292800755
1.5593118623724744,PASSED,-0.26205503573085653,-0.001634361673695067,0.0035545180951215565,2.636894740508653,0.008526305977054532,-0.0185306630927708
1.5603120624124824,PASSED,-0.2620566683338711,-0.0016308348821189257,0.003508307230154293,2.6369032576463,0.008507919911787256,-0.018289666716946863
1.5613122624524904,PASSED,-0.2620582974342914,-0.001627355929045737,0.0034593836352116696,2.6369117565240727,0.008489783329172593,-0.018034526546473223
1.5623124624924984,PASSED,-0.2620599230812605,-0.001623927450098426,0.003407875822043616,2.6369202373982716,0.008471909994662156,-0.017765873153078746
1.5633126625325064,PASSED,-0.2620615453264899,-0.001620551947663046,0.0033539201776043985,2.6369287005385837,0.008454312947117891,-0.017484497138390794
1.5643128625725145,PASSED,-0.2620631642241257,-0.0016172317886844652,0.003297651512564967,2.636937146227411,0.008437004542426617,-0.017191009726528216
1.5653130626125225,PASSED,-0.26206477983061166,-0.0016139692025844983,0.003239209158234457,2.6369455747591393,0.008419996425268583,-0.016886188779037397
1.5663132626525305,PASSED,-0.2620663922045486,-0.0016107662750369466,0.0031787398070965097,2.6369539864394085,0.00840329946069204,-0.016570815108214395
1.5673134626925385,PASSED,-0.26206800140655034,-0.0016076249464278228,0.003116387810475496,2.636962381584365,0.008386923780722842,-0.01624558987651947
1.5683136627325465,PASSED,-0.26206960749909847,-0.0016045470116432294,0.0030522994340052554,2.6369707605198998,0.008370878760329555,-0.015911307404464666
1.5693138627725545,PASSED,-0.26207121054639315,-0.0016015341150402707,0.002986628048927993,2.6369791235808737,0.008355172969761309,-0.015568779344100876
1.5703140628125625,PASSED,-0.26207281061420323,-0.0015985877489543014,0.0029195247773299727,2.63698747111033,0.00833981419154316,-0.015218777467510438
1.5713142628525705,PASSED,-0.2620744077697141,-0.0015957092541324417,0.0028511415182129207,2.636995803458704,0.008324809433291714,-0.014862078774069587
1.5723144628925785,PASSED,-0.262076002081374,-0.0015928998168247537,0.002781634500671409,2.6370041209830264,0.008310164886972149,-0.014499524683229598
1.5733146629325865,PASSED,-0.2620775936187403,-0.0015901604681283457,0.0027111581602322207,2.637012424046116,0.008295885931223169,-0.01413190979281089
1.5743148629725945,PASSED,-0.26207918245232364,-0.001587492084187975,0.0026398677937964038,2.63702071301576,0.00828197712900224,-0.013760063839674331
1.5753150630126025,PASSED,-0.26208076865343327,-0.0015848953856436782,0.0025679190446303126,2.63702898826392,0.00826844225253175,-0.013384751557700667
1.5763152630526105,PASSED,-0.2620823522940209,-0.0015823709370925182,0.0024954682221796447,2.6370372501659105,0.008255284254622465,-0.013006828810338806
1.5773154630926185,PASSED,-0.2620839334465256,-0.0015799191484486747,0.002422668924952967,2.6370454990995937,0.008242505266976105,-0.012627093537040543
1.5783156631326265,PASSED,-0.26208551218371945,-0.0015775402756292945,0.002349675415664942,2.6370537354445647,0.008230106621296081,-0.012246347108678885
1.5793158631726345,PASSED,-0.26208708857855323,-0.001575234420128378,0.0022766422244173954,2.6370619595813607,0.00821808886831953,-0.011865356888468839
1.5803160632126425,PASSED,-0.2620886627040042,-0.0015730015323384282,0.002203718166971258,2.6370701718906524,0.008206451737544617,-0.011484980032541187
1.5813162632526505,PASSED,-0.26209023463292463,-0.0015708414123851014,0.0021310544775641565,2.6370783727524683,0.00819519418841866,-0.011105928521569605
1.5823164632926585,PASSED,-0.2620918044378924,-0.0015687537108525673,0.0020587995691807143,2.6370865625453983,0.00818431440481926,-0.010729020317954226
1.5833166633326665,PASSED,-0.26209337219106377,-0.0015667379328011687,0.0019870970395439148,2.6370947416458432,0.008173809807414658,-0.010354982129032565
1.5843168633726745,PASSED,-0.2620949379640281,-0.001564793439663431,0.0019160905365334957,2.6371029104272465,0.008163677066855108,-0.009984579513228167
1.5853170634126825,PASSED,-0.26209650182766564,-0.0015629194506917713,0.001845921261743991,2.6371110692593516,0.00815391210646732,-0.009618547637492807
1.5863172634526905,PASSED,-0.2620980638520074,-0.0015611150475047845,0.0017767244704823624,2.6371192185074737,0.008144510139116792,-0.009257580492554053
1.5873174634926985,PASSED,-0.26209962410609916,-0.0015593791774310573,0.0017086338092235334,2.6371273585317927,0.008135465681771504,-0.008902375247110515
1.5883176635327065,PASSED,-0.26210118265786786,-0.001557710655201275,0.0016417811768215322,2.637135489686656,0.008126772552737221,-0.00855363155906405
1.5893178635727145,PASSED,-0.2621027395739921,-0.0015561081679321522,0.0015762913306573184,2.63714361231989,0.008118423885834008,-0.00821202379931208
1.5903180636127225,PASSED,-0.2621042949197764,-0.0015545702795645966,0.0015122863921546315,2.6371517267721676,0.008110412215194896,-0.007878101865645824
1.5913182636527305,PASSED,-0.26210584875902904,-0.0015530954336565568,0.0014498855852968394,2.6371598333763457,0.008102729413465652,-0.007552601638310251
1.5923184636927386,PASSED,-0.26210740115394504,-0.0015516819583043617,0.001389201863460532,2.637167932456876,0.008095366750784191,-0.007236036710228795
1.5933186637327466,PASSED,-0.26210895216499247,-0.0015503280708323982,0.0013303445442986157,2.6371760243291957,0.008088314943803009,-0.00692898716182033
1.5943188637727546,PASSED,-0.2621105018508041,-0.001549031882406011,0.0012734176811129737,2.6371841092991763,0.008081564138369182,-0.006632017615164966
1.5953190638127626,PASSED,-0.26211205026807366,-0.0015477914028686486,0.0012185207748620596,2.637192187662563,0.008075103933237689,-0.006345663475711309
1.5963192638527706,PASSED,-0.262113597471457,-0.0015466045454880192,0.0011657484511407243,2.63720025970448,0.008068923460652494,-0.006070345324851509
1.5973194638927786,PASSED,-0.26211514351347803,-0.0015454691320591681,0.0011151900806577653,2.6372083256989303,0.008063011369462357,-0.005806588433660864
1.5983196639327866,PASSED,-0.26211668844444064,-0.0015443828993136816,0.0010669278553726003,2.637216385908329,0.008057355822155377,-0.005554853222524018
1.5993198639727946,PASSED,-0.26211823231234516,-0.0015433435030748133,0.0010210418278655336,2.6372244405830862,0.008051944614286915,-0.005315444299088347
1.6003200640128026,PASSED,-0.2621197751628108,-0.0015423485236530825,0.0009776044843076035,2.637232489961175,0.0080467651157958,-0.0050888679524666485
1.6013202640528106,PASSED,-0.26212131703900377,-0.0015413954730154607,0.0009366814064979872,2.6372405342677903,0.00804180434592625,-0.004875371147604599
1.6023204640928186,PASSED,-0.2621228579815702,-0.0015404817989801498,0.0008983357878527889,2.6372485737149636,0.008037048994098201,-0.004675338948344606
1.6033206641328266,PASSED,-0.262124398028576,-0.0015396048913298985,0.0008626222251837719,2.637256608501279,0.00803248544252607,-0.004489026654656954
1.6043208641728346,PASSED,-0.26212593721545163,-0.0015387620882877043,0.000829590253534344,2.63726463881156,0.008028099798011785,-0.00431672308737068
1.6053210642128426,PASSED,-0.2621274755749432,-0.0015379506820117628,0.0007992836242130351,2.637272664816638,0.008023877944984565,-0.004158606320451877
1.6063212642528506,PASSED,-0.2621290131370692,-0.001537167923818004,0.00077174124012279,2.637280686673105,0.008019805537008536,-0.004014942413079379
1.6073214642928586,PASSED,-0.2621305499290834,-0.0015364110311948465,0.0007469935451807337,2.6372887045231415,0.008015868066061142,-0.0038858233036048375
1.6083216643328666,PASSED,-0.26213208597544346,-0.00153567719389993,0.0007250664614070977,2.6372967184943263,0.008012050858802652,-0.0037714632284121946
1.6093218643728746,PASSED,-0.2621336212977859,-0.0015349635785466384,0.0007059812812146356,2.6373047286995264,0.008008339131609764,-0.0036719031692036457
1.6103220644128826,PASSED,-0.2621351559149062,-0.0015342673350829496,0.0006897515853380612,2.637312735236791,0.008004718037943533,-0.0035872206642489873
1.6113222644528906,PASSED,-0.26213668984274596,-0.0015335856040890562,0.0006763839329303216,2.6373207381892767,0.008001172642674768,-0.003517511671775173
1.6123224644928986,PASSED,-0.2621382230943851,-0.001532915521260873,0.0006658820916853243,2.6373287376252095,0.007997687994416244,-0.0034627393163565085
1.6133226645329066,PASSED,-0.2621397556800401,-0.0015322542226964607,0.0006582428795632402,2.6373367335978766,0.007994249169096202,-0.0034228826558310287
1.6143228645729146,PASSED,-0.26214128760706823,-0.0015315988521133206,0.0006534557188580527,2.6373447261456513,0.007990841262878978,-0.003397921924821164
1.6153230646129226,PASSED,-0.2621428188799774,-0.0015309465665145317,0.0006515055187425101,2.6373527152920384,0.007987449430093826,-0.0033877733587069077
1.6163232646529306,PASSED,-0.2621443495004419,-0.001530294540342735,0.000652373273832949,2.6373607010457536,0.007984058930837453,-0.00339231652148654
1.6173234646929386,PASSED,-0.26214587946732304,-0.0015296399719690542,0.0006560317735794708,2.637368683400849,0.00798065517099195,-0.003411388728180577
1.6183236647329466,PASSED,-0.2621474087766961,-0.0015289800897135457,0.0006624492434610015,2.637376662336833,0.007977223669294887,-0.003444910342981554
1.6193238647729546,PASSED,-0.2621489374218822,-0.0015283121562493286,0.0006715896113879998,2.6373846378188404,0.007973750127931814,-0.0034926287097986433
1.6203240648129626,PASSED,-0.2621504653934854,-0.00152763347356098,0.0006834114063221084,2.6373926097978413,0.007970220512031287,-0.0035542740276775183
1.6213242648529707,PASSED,-0.26215199267943523,-0.001526941389293807,0.0006978661744066911,2.6374005782108396,0.007966620955882566,-0.0036297442294159483
1.6223244648929787,PASSED,-0.2621535192650339,-0.0015262333007075404,0.0007149035275067703,2.637408542981139,0.007962937868045517,-0.003718650242138441
1.6233246649329867,PASSED,-0.2621550451330084,-0.0015255066589304606,0.000734467276795258,2.6374165040186055,0.007959157985887437,-0.0038207034353713995
1.6243248649729947,PASSED,-0.26215657026356776,-0.001524758975290736,0.0007564945483441934,2.637424461219966,0.007955268302902017,-0.003935669352118741
1.6253250650130027,PASSED,-0.262158094634464,-0.00152398782461817,0.0007809214220471907,2.6374324144691244,0.007951256146567135,-0.004063147656724691
1.6263252650530107,PASSED,-0.26215961822105815,-0.0015231908489047024,0.0008076785744146453,2.6374403636375177,0.007947109253567201,-0.00420272322874175
1.6273254650930187,PASSED,-0.2621611409963904,-0.0015223657630652199,0.0008366906828610274,2.637448308584464,0.007942815679882198,-0.004354140655847378
1.6283256651330267,PASSED,-0.2621626629312536,-0.0015215103576694726,0.0008678818710051761,2.637456249157565,0.007938363886803286,-0.004516894694290201
1.6293258651730347,PASSED,-0.262164183994272,-0.0015206225031483278,0.0009011696212380916,2.6374641851930956,0.007933742780092677,-0.00469058138815473
1.6303260652130427,PASSED,-0.2621657041519816,-0.0015197001528525086,0.0009364707455401755,2.637472116516446,0.007928941680773655,-0.004874777939601274
1.6313262652530507,PASSED,-0.2621672233689159,-0.0015187413469926996,0.0009736959359878996,2.63748004294255,0.007923950349666984,-0.0050690332180490134
1.6323264652930587,PASSED,-0.2621687416076939,-0.0015177442158649172,0.0010127545889789384,2.6374879642763527,0.007918759035420457,-0.005272834932176137
1.6333266653330667,PASSED,-0.26217025882911055,-0.0015167069813760274,0.0010535544221638123,2.6374958803132844,0.007913358468769317,-0.005485721130447584
1.6343268653730747,PASSED,-0.26217177499223193,-0.0015156279618997656,0.001095996178993709,2.6375037908397494,0.007907739862653921,-0.005707196105360517
1.6353270654130827,PASSED,-0.26217329005449064,-0.0015145055730560184,0.0011399839535831545,2.637511695633632,0.007901894954748552,-0.005936715772039421
1.6363272654530907,PASSED,-0.2621748039717855,-0.0015133383301159716,0.0011854155976894403,2.63751959446481,0.00789581599940452,-0.006173781725360166
1.6373274654930987,PASSED,-0.2621763166985823,-0.0015121248517080308,0.001232186948108614,2.637527487095686,0.00788949578466695,-0.006417836745712079
1.6383276655331067,PASSED,-0.26217782818801694,-0.0015108638593090934,0.0012801960328231877,2.637535373281717,0.007882927633917732,-0.006668360084890495
1.6393278655731147,PASSED,-0.2621793383919999,-0.0015095541800229833,0.001329334788301431,2.6375432527719758,0.007876105443052138,-0.006924744719396324
1.6403280656131227,PASSED,-0.26218084726132274,-0.001508194748679604,0.0013794957134310756,2.637551125309685,0.007869023638233974,-0.007186511550676073
1.6413282656531307,PASSED,-0.2621823547457654,-0.0015067846072606974,0.001430571889223766,2.6375589906327916,0.007861677213059096,-0.007453034257677855
1.6423284656931387,PASSED,-0.26218386079420464,-0.0015053229068259222,0.001482452798476373,2.6375668484745267,0.007854061752103642,-0.0077237454206355105
1.6433286657331467,PASSED,-0.26218536535472314,-0.0015038089083479044,0.0015350289310454017,2.637574698563984,0.007846173402583898,-0.0079980855858161
1.6443288657731547,PASSED,-0.26218686837471966,-0.0015022419827804372,0.0015881899917485943,2.63758254062668,0.00783800886217411,-0.008275510292433877
1.6453290658131627,PASSED,-0.2621883698010189,-0.0015006216111433108,0.0016418260673783129,2.637590374385138,0.00782956542731021,-0.008555384578211882
1.6463292658531707,PASSED,-0.26218986957998164,-0.001498947384594192,0.0016958268702792405,2.6375981995594517,0.007820840968393828,-0.008837175141829866
1.6473294658931787,PASSED,-0.26219136765761536,-0.0014972190050417263,0.00175008134059016,2.637606015867884,0.00781183393195324,-0.00912027730642519
1.6483296659331867,PASSED,-0.26219286397968355,-0.0014954362834150648,0.0018044818173757232,2.6376138230274133,0.0078025433229103915,-0.009404163533797302
1.6493298659731948,PASSED,-0.2621943584918152,-0.0014935991395119382,0.00185891862696046,2.637621620754315,0.007792968715280613,-0.00968823702709732
1.6503300660132025,PASSED,-0.26219585113961336,-0.001491707601660583,0.001913284000951544,2.63762940876473,0.007783110269687686,-0.00997191797014746
1.6513302660532105,PASSED,-0.2621973418687626,-0.001489761805168637,0.0019674714859423117,2.6376371867752244,0.007772968687322097,-0.010254691962550369
1.6523304660932185,PASSED,-0.26219883062513505,-0.0014877619903784429,0.0020213769930285943,2.6376449545033362,0.007762545206415336,-0.010536006869568303
1.6533306661332265,PASSED,-0.2622003173548961,-0.001485708502719375,0.002074894769760804,2.637652711668141,0.007751841648448977,-0.010815258697553287
1.6543308661732345,PASSED,-0.26220180200460697,-0.001483601790117246,0.0021279244903748083,2.6376604579907665,0.007740860337030696,-0.011092013232099537
1.6553310662132426,PASSED,-0.26220328452132685,-0.0014814424003158774,0.0021803666753645473,2.6376681931949446,0.0077296041218615115,-0.011365683127240137
1.6563312662532506,PASSED,-0.2622047648527124,-0.001479230980522064,0.002232121872779534,2.637675917007524,0.007718076400517888,-0.011635746821212201
1.6573314662932586,PASSED,-0.26220624294711514,-0.0014769682745468793,0.00228309537678812,2.637683629158977,0.007706281040060516,-0.011901769548144
1.6583316663332666,PASSED,-0.26220771875367693,-0.0014746551193936862,0.0023331950041297,2.637691329383887,0.007694222383198617,-0.012163248404402662
1.6593318663732746,PASSED,-0.2622091922224222,-0.0014722924437665112,0.0023823293758717425,2.6376990174214607,0.007681905317698224,-0.012419610231052649
1.6603320664132826,PASSED,-0.2622106633043487,-0.0014698812657274365,0.0024304104812099842,2.637706693015966,0.00766933513748936,-0.012670560194071877
1.6613322664532906,PASSED,-0.26221213195151405,-0.0014674226885925468,0.002477354904009222,2.637714355917205,0.007656517568632119,-0.012915574632688434
1.6623324664932986,PASSED,-0.26221359811712047,-0.0014649178981221652,0.00252308084796299,2.6377220058809536,0.007643458839793982,-0.013154164975102254
1.6633326665333066,PASSED,-0.2622150617555959,-0.001462368160553592,0.0025675087156468777,2.637729642669378,0.007630165544871817,-0.013386048220205709
1.6643328665733146,PASSED,-0.2622165228226721,-0.00145977481824369,0.0026105647060717324,2.637737266051444,0.007616644657046747,-0.013610780894979368
1.6653330666133226,PASSED,-0.26221798127545887,-0.0014571392858950332,0.002652177443713798,2.637744875803313,0.007602903594197813,-0.013827917484906402
1.6663332666533306,PASSED,-0.2622194370725158,-0.0014544630485082992,0.002692277348747697,2.6377524717087057,0.00758895009748482,-0.01403721619838334
1.6673334666933386,PASSED,-0.2622208901739195,-0.0014517476563338464,0.0027308020582562167,2.637760053559256,0.007574792226601752,-0.014238307339525804
1.6683336667333466,PASSED,-0.26222234054132754,-0.0014489947217204801,0.0027676896501064667,2.637767621154846,0.007560438416632482,-0.014430811722432553
1.6693338667733546,PASSED,-0.2622237881380387,-0.001446205915551463,0.0028028838482908043,2.6377751743039295,0.007545897402747333,-0.014614481993625816
1.6703340668133626,PASSED,-0.26222523292904937,-0.0014433829626525178,0.002836332266048694,2.6377827128237996,0.007531178138040654,-0.014789119848715044
1.6713342668533706,PASSED,-0.2622266748811054,-0.0014405276383648846,0.002867985635356243,2.6377902365408947,0.007516289912989524,-0.014954295186072764
1.6723344668933786,PASSED,-0.2622281139627512,-0.0014376417649096666,0.0028977986684593166,2.6377977452910226,0.007501242245286881,-0.01510991604702254
1.6733346669333866,PASSED,-0.26222955014437344,-0.0014347272060123036,0.0029257323832986995,2.63780523891961,0.007486044826236771,-0.01525575438550182
1.6743348669733946,PASSED,-0.2622309833982416,-0.001431785863643842,0.0029517490252364224,2.637812717281907,0.0074707076028357475,-0.015391536078036904
1.6753350670134026,PASSED,-0.26223241369854366,-0.0014288196742877955,0.002975816243253295,2.6378201802431707,0.007455240681381871,-0.015517178371103026
1.6763352670534106,PASSED,-0.26223384102141845,-0.0014258306037702357,0.002997906700430698,2.6378276276788393,0.007439654300061977,-0.0156325166190874
1.6773354670934186,PASSED,-0.2622352653449829,-0.0014228206435175977,0.0030179959541095152,2.637835059474668,0.007423958856549442,-0.015737394774833977
1.6783356671334266,PASSED,-0.26223668664935584,-0.0014197918064139624,0.0030360645366527225,2.637842475526861,0.007408164866876048,-0.015831719605768676
1.6793358671734346,PASSED,-0.26223810491667676,-0.0014167461221278263,0.0030520974524586107,2.6378498757421642,0.007392282906091747,-0.015915454903321677
1.6803360672134426,PASSED,-0.26223952013112134,-0.0014136856338250424,0.003066082203000902,2.6378572600379444,0.007376323627286408,-0.015988494740017165
1.6813362672534506,PASSED,-0.2622409322789119,-0.0014106123931040364,0.0030780130663428753,2.6378646283422555,0.0073602977627401514,-0.016050777750416058
1.6823364672934586,PASSED,-0.262242341348324,-0.0014075284554015577,0.0030878874599028798,2.637871980593854,0.007344216015032332,-0.01610239434608846
1.6833366673334667,PASSED,-0.26224374732968925,-0.001404435877550122,0.0030957047791238495,2.637879316742229,0.007328089109117621,-0.016143246960459445
1.6843368673734747,PASSED,-0.26224515021539313,-0.0014013367125152083,0.0031014718721069914,2.6378866367475893,0.007311927786281906,-0.016173373419217707
1.6853370674134827,PASSED,-0.26224654999986946,-0.0013982330042335315,0.0031051992213898703,2.637893940580826,0.007295742692203892,-0.016192907850544655
1.6863372674534907,PASSED,-0.2622479466795906,-0.0013951267862818252,0.0031068971052505092,2.63790122822347,0.007279544426792009,-0.01620183711944228
1.6873374674934987,PASSED,-0.2622493402530537,-0.0013920200760131768,0.0031065857109137743,2.6379084996676188,0.007263343544348221,-0.01620024599334978
1.6883376675335067,PASSED,-0.2622507307207629,-0.0013889148706641991,0.0031042851076866803,2.637915754915839,0.007247150452836586,-0.0161883218571585
1.6893378675735147,PASSED,-0.26225211808520765,-0.0013858131445497852,0.0031000201188988775,2.637922993981059,0.007230975440202883,-0.016166139818065074
1.6903380676135227,PASSED,-0.26225350235083794,-0.0013827168447745645,0.003093819546101804,2.6379302168864323,0.007214828684164241,-0.016133833519027346
1.6913382676535307,PASSED,-0.26225488352403487,-0.0013796278877604088,0.003085715326191705,2.6379374236651953,0.007198720185369945,-0.016091608977810708
1.6923384676935387,PASSED,-0.26225626161307836,-0.001376548155125445,0.0030757441741453596,2.6379446143604897,0.0071826597516748214,-0.01603965017333177
1.6933386677335467,PASSED,-0.26225763662811097,-0.0013734794911133116,0.003063943904125668,2.6379517890251747,0.007166657007968479,-0.015978139395015137
1.6943388677735547,PASSED,-0.26225900858109885,-0.0013704236993459895,0.0030503570094531007,2.6379589477216308,0.007150721379819934,-0.01590728731756515
1.6953390678135627,PASSED,-0.26226037748578873,-0.0013673825384304117,0.003035030186327733,2.63796609052152,0.0071348620229921495,-0.015827403167930795
1.6963392678535707,PASSED,-0.26226174335766256,-0.001364357720187615,0.0030180102804427773,2.6379732175055706,0.007119087880600595,-0.015738635207305094
1.6973394678935787,PASSED,-0.2622631062138885,-0.0013613509062598563,0.0029993496926360766,2.6379803287633043,0.007103407636834534,-0.015641316138564638
1.6983396679335867,PASSED,-0.2622644660732692,-0.001358363704487223,0.0029791031592983318,2.6379874243927675,0.007087829651099495,-0.015535765466021858
1.6993398679735947,PASSED,-0.26226582295618767,-0.0013553976679549391,0.002957325447607183,2.6379945045002655,0.007072362054046994,-0.015422151443487403
1.7003400680136027,PASSED,-0.2622671768845498,-0.0013524542907466448,0.0029340783820856514,2.638001569200038,0.007057012638827341,-0.015300924403763391
1.7013402680536107,PASSED,-0.26226852788172555,-0.00134953500622878,0.002909421941717438,2.6380086186139695,0.007041788864533295,-0.015172340887568105
1.7023404680936187,PASSED,-0.26226987597248635,-0.0013466411850528031,0.0028834206654830786,2.638015652871261,0.007026697910856414,-0.01503669553642213
1.7033406681336267,PASSED,-0.2622712211829415,-0.0013437741327236572,0.002856140104921205,2.6380226721080913,0.007011746583423116,-0.01489441536454736
1.7043408681736347,PASSED,-0.2622725635404719,-0.0013409350873108193,0.002827648951448804,2.638029676467278,0.00699694132735279,-0.014745816540844755
1.7053410682136427,PASSED,-0.2622739030736623,-0.0013381252186450002,0.002798015142065852,2.6380366660979178,0.006982288262008059,-0.014591231213989643
1.7063412682536507,PASSED,-0.2622752398122313,-0.0013353456252595724,0.002767312214336281,2.638043641155027,0.006967793125004576,-0.014431074196478265
1.7073414682936587,PASSED,-0.2622765737869603,-0.0013325973339812964,0.0027356106542360454,2.6380506017991703,0.006953461263765623,-0.014265719267268754
1.7083416683336667,PASSED,-0.26227790502962084,-0.0013298812988216764,0.002702984829875969,2.6380575481960764,0.006939297659797196,-0.014095527102533308
1.7093418683736747,PASSED,-0.26227923357290045,-0.0013271983982841116,0.0026695110093574526,2.6380644805162543,0.006925306900631713,-0.013920913874114918
1.7103420684136827,PASSED,-0.2622805594503279,-0.0013245494358018902,0.002635263464130731,2.6380713989346054,0.006911493177743638,-0.013742262230714205
1.7113422684536908,PASSED,-0.26228188269619684,-0.0013219351386068781,0.002600319682266188,2.6380783036300244,0.0068978602903983196,-0.013559970755053972
1.7123424684936988,PASSED,-0.2622832033454894,-0.0013193561562292713,0.002564757507834031,2.638085194784997,0.0068844116245316885,-0.013374462607683095
1.7133426685337068,PASSED,-0.26228452143379866,-0.0013168130610364684,0.0025286536494489795,2.6380920725851995,0.006871150170668635,-0.013186114699966665
1.7143428685737148,PASSED,-0.26228583699725094,-0.0013143063473557085,0.0024920870349668255,2.638098937219088,0.006858078503777678,-0.012995368351617116
1.7153430686137228,PASSED,-0.26228715007242764,-0.0013118364310023374,0.0024551358989741007,2.6381057888775,0.0068451988016515666,-0.012802591309105622
1.7163432686537308,PASSED,-0.26228846069628703,-0.0013094036499598455,0.0024178778048369264,2.6381126277532365,0.006832512827165406,-0.012608229937530222
1.7173434686937388,PASSED,-0.262289768906086,-0.0013070082635378596,0.00238039216675158,2.6381194540406585,0.006820021929080507,-0.012412676849811536
1.7183436687337468,PASSED,-0.26229107473930224,-0.0013046504532909279,0.002342755633718597,2.638126267935282,0.0068077270655154875,-0.012216321375158327
1.7193438687737548,PASSED,-0.26229237823355633,-0.0013023303242113606,0.0023050447101331728,2.6381330696333687,0.0067956287784313755,-0.012019597556747332
1.7203440688137628,PASSED,-0.2622936794265348,-0.0013000479029635114,0.0022673389396598623,2.638139859331525,0.006783727207761012,-0.011822886079440624
1.7213442688537708,PASSED,-0.2622949783559134,-0.0012978031406338344,0.0022297112563554266,2.638146637226297,0.006772022096452205,-0.011626594795051105
1.7223444688937788,PASSED,-0.2622962750592815,-0.0012955959134757847,0.0021922377591789464,2.6381534035137904,0.006760512810091674,-0.011431080737517823
1.7233446689337868,PASSED,-0.26229756957406725,-0.0012934260228293665,0.0021549925712444165,2.63816015838927,0.006749198315345779,-0.01123677075147961
1.7243448689737948,PASSED,-0.26229886193746405,-0.0012912931970765727,0.002118047873826766,2.6381669020467666,0.006738077171308283,-0.011044059561506702
1.7253450690138028,PASSED,-0.2623001521863575,-0.001289197092476485,0.002081475750928172,2.638173634678713,0.006727147603524096,-0.0108532399326403
1.7263452690538108,PASSED,-0.26230144035725494,-0.0012871372955033694,0.0020453444545738466,2.638180356475573,0.006716407471373888,-0.010664726961920966
1.7273454690938188,PASSED,-0.2623027264862154,-0.0012851133231735186,0.0020097242467023804,2.6381870676254624,0.0067058542199244274,-0.010478934441152542
1.7283456691338268,PASSED,-0.2623040106087813,-0.0012831246247548822,0.0019746811999254493,2.6381937683138106,0.006695484992968994,-0.01029608863162145
1.7293458691738348,PASSED,-0.2623052927599128,-0.0012811705856968524,0.0019402776300995773,2.6382004587230083,0.006685296604187645,-0.01011658888116876
1.7303460692138428,PASSED,-0.2623065729739227,-0.001279250526217577,0.0019065807120594584,2.6382071390320605,0.006675285469186479,-0.00994083241449687
1.7313462692538508,PASSED,-0.2623078512844141,-0.0012773637052982463,0.001873647724178174,2.638213809416284,0.006665447748597682,-0.009768979371663964
1.7323464692938588,PASSED,-0.2623091277242197,-0.0012755093234562201,0.0018415379205918346,2.6382204700469654,0.0066557792750182474,-0.009601469717946941
1.7333466693338668,PASSED,-0.2623104023253442,-0.0012736865233446716,0.0018103082388526235,2.6382271210910737,0.00664627554714429,-0.009438566644630771
1.7343468693738748,PASSED,-0.26231167511890724,-0.0012718943921805276,0.0017800131143385978,2.6382337627109655,0.00663693182977928,-0.009280484511930346
1.7353470694138828,PASSED,-0.26231294613509026,-0.0012701319652318325,0.0017507028382662097,2.6382403950640954,0.006627743085706568,-0.00912758377989901
1.7363472694538908,PASSED,-0.26231421540308536,-0.0012683982282709837,0.0017224263759036435,2.638247018302762,0.006618704007449943,-0.008980074574441936
1.7373474694938988,PASSED,-0.26231548295104606,-0.0012666921183127039,0.0016952323465309188,2.638253632573844,0.006609809068058068,-0.00883818260349594
1.7383476695339068,PASSED,-0.26231674880604144,-0.0012650125280534478,0.0016691622010727208,2.6382602380185562,0.006601052477869401,-0.008702195245447852
1.7393478695739149,PASSED,-0.2623180129940126,-0.0012633583087306168,0.0016442574040032945,2.6382668347722373,0.006592428246351098,-0.008572255700205101
1.7403480696139229,PASSED,-0.2623192755397318,-0.0012617282711338354,0.001620557725300232,2.6382734229641214,0.006583930175559713,-0.00844861418550538
1.7413482696539309,PASSED,-0.2623205364667642,-0.0012601211893828964,0.0015980977680314953,2.6382800027171465,0.006575551856624736,-0.008331455434625094
1.7423484696939389,PASSED,-0.2623217957974331,-0.0012585358047418078,0.0015769092231269352,2.6382865741477706,0.0065672867290426555,-0.008220909013718828
1.7433486697339469,PASSED,-0.26232305355278734,-0.0012569708271082235,0.001557023240555852,2.638293137365801,0.006559128064654906,-0.008117167970437966
1.7443488697739549,PASSED,-0.2623243097525719,-0.0012554249380019068,0.001538466350157222,2.638299692474241,0.006551068972865559,-0.008020374335285374
1.7453490698139629,PASSED,-0.26232556441520116,-0.0012538967937337497,0.0015212628801571206,2.638306239569157,0.006543102456997333,-0.00793061022352117
1.7463492698539709,PASSED,-0.26232681755773585,-0.0012523850301024955,0.0015054307986521011,2.638312778739543,0.006535221388189475,-0.007848041197414507
1.7473494698939789,PASSED,-0.26232806919586193,-0.0012508882621555875,0.0014909927124120185,2.638319310067225,0.006527418536096685,-0.0077727260230397634
1.7483496699339869,PASSED,-0.26232931934387343,-0.0012494050890479863,0.0014779600377272449,2.638325833626771,0.006519686615246885,-0.007704717400974563
1.7493498699739949,PASSED,-0.2623305680146573,-0.0012479340977951652,0.0014663453962171188,2.638332349485393,0.006512018218585058,-0.007644182835728488
1.750350070014003,PASSED,-0.26233181521968274,-0.00124647386472084,0.0014561581930637316,2.6383388577029177,0.006504405932800863,-0.0075910210831724384
1.751350270054011,PASSED,-0.2623330609689915,-0.001245022958423795,0.001447405033032727,2.6383453583317205,0.006496842310895223,-0.007545355787284761
1.752350470094019,PASSED,-0.2623343052711931,-0.0012435799444469996,0.001440086605970409,2.638351851416698,0.00648931982921154,-0.00750723228128062
1.753350670134027,PASSED,-0.26233554813346155,-0.0012421433867488316,0.0014342050929666815,2.6383583369952643,0.006481831011075493,-0.0074765420392245
1.754350870174035,PASSED,-0.26233678956153617,-0.0012407118505114185,0.0014297570003772486,2.638364815097338,0.0064743683818860726,-0.007453353956217369
1.755351070214043,PASSED,-0.2623380295597242,-0.001239283906217008,0.0014267358237660894,2.638371285745375,0.006466924467755744,-0.00743762091306949
1.756351270254051,PASSED,-0.2623392681309072,-0.0012378581314327368,0.0014251340912744593,2.638377748954379,0.006459491835480208,-0.007429306517179026
1.757351470294059,PASSED,-0.2623405052765499,-0.001236433114072748,0.0014249395391314071,2.6383842047319788,0.006452063150754268,-0.0074282701984468855
1.758351670334067,PASSED,-0.2623417409967117,-0.0012350074552477518,0.00142613834890628,2.6383906530784476,0.0064446310837584925,-0.007434598193993106
1.759351870374075,PASSED,-0.26234297529006106,-0.0012335797715159011,0.0014287139871468272,2.638397093986818,0.006437188415240549,-0.007448048733910506
1.760352070414083,PASSED,-0.2623442081538928,-0.001232148698176729,0.0014326462405221659,2.63840352744295,0.006429728055171633,-0.0074685676255884835
1.761352270454091,PASSED,-0.26234543958414763,-0.001230712891300799,0.0014379139662024736,2.6384099534256276,0.006422242950069722,-0.007496130086125124
1.762352470494099,PASSED,-0.2623466695754343,-0.0012292710304895444,0.0014444920412892326,2.638416371906696,0.006414726224081022,-0.007530456590417374
1.763352670534107,PASSED,-0.2623478981210545,-0.0012278218215787356,0.0014523534904885115,2.6384227828511793,0.0064071711526654885,-0.007571481298943523
1.7643528705741147,PASSED,-0.26234912521302994,-0.001226363998121137,0.0014614701023386934,2.638429186217416,0.006399571086419993,-0.007619122876529823
1.7653530706141227,PASSED,-0.2623503508421318,-0.00122489632500287,0.0014718084622193314,2.638435581957218,0.0063919195812913625,-0.007673093296697991
1.7663532706541307,PASSED,-0.2623515749979127,-0.001223417599919581,0.0014833361640017523,2.638441970016042,0.006384210397669905,-0.007733243837964057
1.7673534706941387,PASSED,-0.26235279766874,-0.0012219266545245582,0.0014960182157036034,2.6384483503331646,0.0063764374222445306,-0.007799463150314538
1.7683536707341467,PASSED,-0.26235401884183235,-0.001220422358461416,0.0015098146281012864,2.638454722841857,0.0063685947320663615,-0.007871508196738625
1.7693538707741547,PASSED,-0.26235523850329745,-0.0012189036205258845,0.0015246868071515196,2.638461087469597,0.006360676657879286,-0.007949118180633659
1.7703540708141627,PASSED,-0.2623564566381718,-0.0012173693891883147,0.001540594357848578,2.638467444138275,0.006352677720007257,-0.008032150999623603
1.7713542708541707,PASSED,-0.26235767323046244,-0.0012158186560897524,0.0015574922590383523,2.6384737927644064,0.006344592631299129,-0.008120380513799073
1.7723544708941787,PASSED,-0.26235888826319015,-0.0012142504573734816,0.0015753363544257827,2.6384801332593604,0.006336416369362607,-0.008213516218337526
1.7733546709341867,PASSED,-0.2623601017184344,-0.0012126638739329786,0.00159408149788806,2.638486465529593,0.0063281441517781855,-0.008311351828477727
1.7743548709741948,PASSED,-0.2623613135773797,-0.0012110580341591973,0.0016136786243766475,2.6384927894768904,0.00631977141578279,-0.00841365877334151
1.7753550710142028,PASSED,-0.2623625238203636,-0.001209432115664879,0.0016340784076128059,2.638499104998617,0.0063112938662718355,-0.008520143336029977
1.7763552710542108,PASSED,-0.26236373242692523,-0.0012077853442879105,0.001655233356538756,2.638505411987973,0.006302707479800505,-0.008630548561530187
1.7773554710942188,PASSED,-0.2623649393758558,-0.0012061169972527217,0.0016770894876218638,2.6385117103342512,0.006294008468412351,-0.008744653272569049
1.7783556711342268,PASSED,-0.26236614464524965,-0.001204426404125923,0.0016995955529164645,2.638517999923111,0.006285193332905046,-0.008862123663795013
1.7793558711742348,PASSED,-0.26236734821255653,-0.001202712945960598,0.001722699906931143,2.638524280636848,0.006276258860413615,-0.008982705043187546
1.7803560712142428,PASSED,-0.26236855005463416,-0.0012009760572323856,0.0017463479423998744,2.6385305523546645,0.006267202080534117,-0.00910616310370452
1.7813562712542508,PASSED,-0.2623697501478024,-0.0011992152272186705,0.0017704847279251745,2.63853681495296,0.006258020334324412,-0.009232134947038688
1.7823564712942588,PASSED,-0.26237094846789694,-0.001197429999140398,0.001795056978503797,2.6385430683056,0.006248711240645521,-0.009360399500125806
1.7833566713342668,PASSED,-0.2623721449903244,-0.0011956199709629311,0.0018200089767758491,2.638549312284217,0.006239272693348884,-0.00949064582764494
1.7843568713742748,PASSED,-0.2623733396901171,-0.0011937847961224666,0.0018452854162571315,2.638555546758486,0.006229702890301217,-0.009622574527681895
1.7853570714142828,PASSED,-0.26237453254198834,-0.001191924183202311,0.0018708312560880565,2.6385617715964194,0.006220000311202748,-0.009755915478991647
1.7863572714542908,PASSED,-0.26237572352038785,-0.0011900378964351777,0.001896590441163495,2.6385679866646505,0.006210163716953421,-0.009890380096216699
1.7873574714942988,PASSED,-0.2623769125995573,-0.001188125755507767,0.001922507918242212,2.63857419182873,0.006200192173355815,-0.010025652598532818
1.7883576715343068,PASSED,-0.2623780997535854,-0.001186187634871621,0.001948529114748569,2.6385803869534072,0.00619008502520429,-0.010161478520186944
1.7893578715743148,PASSED,-0.26237928495646307,-0.0011842234645507647,0.0019745977915949374,2.638586571902921,0.006179841899525538,-0.010297557117794847
1.7903580716143228,PASSED,-0.2623804681821384,-0.0011822332289331276,0.002000660834998737,2.6385927465412826,0.006169462713477081,-0.010433605335566453
1.7913582716543308,PASSED,-0.2623816494045706,-0.0011802169661660998,0.002026664055046965,2.6385989107325725,0.006158947685731809,-0.010569309351743158
1.7923584716943388,PASSED,-0.26238282859778433,-0.0011781747686851615,0.002052553098199165,2.6386050643411973,0.006148297274691396,-0.01070447883285947
1.7933586717343468,PASSED,-0.26238400573592247,-0.0011761067809677819,0.0020782774634999406,2.6386112072321892,0.006137512233580664,-0.010838749295980133
1.7943588717743548,PASSED,-0.2623851807932987,-0.0011740132001958887,0.0021037829774887473,2.6386173392714687,0.006126593614693774,-0.010971865280830662
1.7953590718143628,PASSED,-0.2623863537444492,-0.0011718942746022872,0.002129020671009838,2.638623460326121,0.006115542698757556,-0.011103616373141006
1.7963592718543708,PASSED,-0.2623875245641834,-0.0011697503022904242,0.0021539400724316232,2.6386295702646434,0.006104361017279061,-0.011233724882062736
1.7973594718943788,PASSED,-0.26238869322763336,-0.0011675816308187748,0.002178492404461403,2.6386356689572352,0.0060930504288856345,-0.011361830734335882
1.7983596719343868,PASSED,-0.2623898597103026,-0.0011653886558560221,0.0022026300016136854,2.6386417562760207,0.006081612977765823,-0.01148786471012718
1.7993598719743948,PASSED,-0.26239102398811326,-0.0011631718193208362,0.0022263075575675267,2.6386478320953075,0.006070050938395517,-0.011611489143759325
1.8003600720144028,PASSED,-0.26239218603745235,-0.001160931608944902,0.002249478921512114,2.638653896291839,0.006058366909065898,-0.011732389453523999
1.8013602720544108,PASSED,-0.2623933458352164,-0.0011586685566426238,0.002272101222788905,2.63865994874501,0.006046563647452052,-0.011850509720728403
1.8023604720944189,PASSED,-0.2623945033588547,-0.00115638323639861,0.002294132924830157,2.638665989337098,0.006034644111679752,-0.011965553140014478
1.8033606721344269,PASSED,-0.26239565858641106,-0.001154076263376939,0.002315533086231817,2.638672017953486,0.006022611557150481,-0.012077222122109186
1.8043608721744349,PASSED,-0.2623968114965641,-0.0011517482922250334,0.002336263195687795,2.6386780344828704,0.006010469399185564,-0.012185448526788925
1.8053610722144429,PASSED,-0.26239796206866545,-0.001149400015190299,0.0023562862607654773,2.638684038817456,0.005998221208690386,-0.012290018474104186
1.8063612722544509,PASSED,-0.2623991102827772,-0.0011470321607261824,0.002375566599683757,2.638690030853155,0.005985870817072948,-0.012390640379659791
1.8073614722944589,PASSED,-0.26240025611970613,-0.0011446454906959016,0.002394072317345424,2.638696010489768,0.005973422212799712,-0.012487246868954778
1.8083616723344669,PASSED,-0.26240139956103764,-0.0011422408002522183,0.0024117691945753296,2.6387019776311607,0.005960879516676699,-0.012579662292385422
1.8093618723744749,PASSED,-0.26240254058916695,-0.0011398189147663873,0.0024286296800014205,2.638707932185412,0.005948247033240508,-0.01266769753206188
1.8103620724144829,PASSED,-0.26240367918732826,-0.001137380687267265,0.0024446260452029656,2.638713874064996,0.005935529247917137,-0.01275117718424377
1.8113622724544909,PASSED,-0.26240481533962245,-0.0011349269978636032,0.0024597316426345547,2.6387198031869006,0.005922730733656518,-0.01283007231153591
1.8123624724944989,PASSED,-0.26240594903104286,-0.0011324587519536875,0.0024739220881030985,2.6387257194727636,0.005909856187448512,-0.01290419547231808
1.813362672534507,PASSED,-0.26240708024749815,-0.0011299768760751794,0.002487178405445189,2.63873162284902,0.0058969105005016184,-0.012973347929945202
1.814362872574515,PASSED,-0.2624082089758343,-0.0011274823177517196,0.0024994782688030417,2.6387375132469715,0.005883898581948348,-0.013037632302154533
1.815363072614523,PASSED,-0.2624093352038538,-0.001124976043371191,0.0025108051216790974,2.638743390602932,0.005870825462674896,-0.013096777254317819
1.816363272654531,PASSED,-0.2624104589203327,-0.0011224590342133881,0.002521145181885345,2.6387492548582805,0.005857696300068363,-0.01315075284134204
1.817363472694539,PASSED,-0.2624115801150361,-0.001119932286676253,0.0025304824406350798,2.638755105959565,0.005844516271358546,-0.013199545955466721
1.818363672734547,PASSED,-0.2624126987787311,-0.0011173968096446977,0.0025388067588353537,2.638760943858562,0.00583129063680765,-0.013243026947847202
1.819363872774555,PASSED,-0.2624138149031974,-0.001114853620342495,0.00254611099778084,2.638766768512332,0.005818024723043736,-0.01328117164129339
1.820364072814563,PASSED,-0.26241492848123654,-0.0011123037443889381,0.0025523859240742693,2.638772579883269,0.005804723874549558,-0.01331396639609958
1.821364272854571,PASSED,-0.26241603950667863,-0.0011097482140098828,0.00255762668237583,2.6387783779391256,0.005791393459517203,-0.01334138078986102
1.822364472894579,PASSED,-0.2624171479743862,-0.0011071880634299822,0.0025618331782499308,2.638784162653061,0.005778038910694517,-0.01336332751123439
1.823364672934587,PASSED,-0.2624182538802575,-0.0011046243288621645,0.0025650021608631945,2.6387899340036207,0.005764665614359807,-0.013379942217026437
1.824364872974595,PASSED,-0.2624193572212265,-0.0011020580465535025,0.0025671357405277493,2.6387956919747615,0.005751278960562942,-0.013391128183423402
1.825365073014603,PASSED,-0.262420457995261,-0.0010994902486145132,0.002568239404630284,2.6388014365558434,0.005737884382391186,-0.01339687816397824
1.826365273054611,PASSED,-0.26242155620135926,-0.0010969219635288108,0.002568315539750593,2.6388071677415925,0.00572448721524644,-0.013397359798591647
1.827365473094619,PASSED,-0.26242265183954405,-0.0010943542129766626,0.0025673738937468135,2.6388128855320896,0.005711092779666607,-0.013392486100659337
1.828365673134627,PASSED,-0.262423744910855,-0.0010917880091456053,0.0025654237892643694,2.638818589932714,0.005697706387649556,-0.013382329294647393
1.829365873174635,PASSED,-0.26242483541733874,-0.0010892243539496623,0.0025624761337287,2.6388242809541107,0.005684333261870467,-0.013366990102050676
1.830366073214643,PASSED,-0.26242592336203746,-0.0010866642373738573,0.0025585435371894005,2.6388299586121153,0.005670978551875784,-0.013346523256439405
1.831366273254651,PASSED,-0.26242700874897545,-0.0010841086340456366,0.0025536431889082974,2.638835622927685,0.005657647351467068,-0.013320985176899176
1.832366473294659,PASSED,-0.2624280915831436,-0.0010815585024749922,0.0025477904918021336,2.638841273926828,0.0056443446782768435,-0.013290465199109203
1.833366673334667,PASSED,-0.26242917187048254,-0.0010790147840640221,0.0025410036904154835,2.638846911640507,0.00563107543039733,-0.01325510299978353
1.834366873374675,PASSED,-0.26243024961786365,-0.00107647839990202,0.002533304476393233,2.638852536104538,0.005617844404838072,-0.013214973932240253
1.835367073414683,PASSED,-0.2624313248330688,-0.0010739502494889008,0.0025247143709363658,2.6388581473594974,0.005604656325509871,-0.013170149592175951
1.836367273454691,PASSED,-0.26243239752476816,-0.0010714312101577097,0.0025152559713613517,2.638863745450589,0.005591515752409118,-0.013120855439806182
1.837367473494699,PASSED,-0.2624334677024963,-0.001068922134590707,0.0025049552974304354,2.638869330427536,0.005578427129631741,-0.013067134335756897
1.838367673534707,PASSED,-0.2624345353766277,-0.0010664238492272356,0.0024938387408323867,2.6388749023444347,0.005565394782074092,-0.013009156372244247
1.839367873574715,PASSED,-0.26243560055834936,-0.00106393715354708,0.002481933639704197,2.6388804612596326,0.005552422884909465,-0.012947057692881823
1.840368073614723,PASSED,-0.2624366632596337,-0.00106146281890159,0.002469268649347348,2.638886007235575,0.005539515459304575,-0.012881004212893914
1.841368273654731,PASSED,-0.26243772349320865,-0.001059001585510262,0.0024558765526483603,2.6388915403386397,0.005526676355073208,-0.012811170910348404
1.842368473694739,PASSED,-0.2624387812725278,-0.0010565541639361066,0.0024417849218268894,2.6388970606390076,0.005513909306116464,-0.01273763432100808
1.843368673734747,PASSED,-0.26243983661173853,-0.0010541212325388034,0.0024270290476207787,2.638902568210466,0.005501217838345045,-0.012660690071692276
1.844368873774755,PASSED,-0.26244088952564926,-0.001051703434862415,0.0024116434289005273,2.638908063130262,0.005488605302561515,-0.012580432924755284
1.845369073814763,PASSED,-0.2624419400296962,-0.001049301382183044,0.0023956588463511772,2.638913545478917,0.005476074909908183,-0.012497032472383152
1.846369273854771,PASSED,-0.2624429881399084,-0.0010469156505044106,0.002379113566821354,2.638919015340049,0.005463629660767906,-0.012410726918872723
1.847369473894779,PASSED,-0.26244403387287274,-0.0010445467788462628,0.0023620437190322832,2.638924472800178,0.005451272348019857,-0.012321703300831316
1.848369673934787,PASSED,-0.2624450772456974,-0.0010421952707895265,0.002344484281872429,2.638929917948558,0.005439005626558593,-0.012230066901552492
1.849369873974795,PASSED,-0.2624461182759753,-0.001039861592864786,0.0023264736866526275,2.6389353508769653,0.005426831927865874,-0.012136119886829375
1.850370074014803,PASSED,-0.2624471569817467,-0.0010375461730187173,0.002308050619012803,2.638940771679511,0.005414753464314206,-0.012040025994895651
1.851370274054811,PASSED,-0.2624481933814609,-0.0010352494016771005,0.002289251823352715,2.6389461804524466,0.005402772297501338,-0.01194192735818222
1.852370474094819,PASSED,-0.26244922749393834,-0.0010329716305955538,0.002270117253675864,2.638951577293954,0.005390890256353018,-0.01184211700841196
1.853370674134827,PASSED,-0.26245025933833155,-0.0010307131723876846,0.002250685510664788,2.638956962303954,0.00537910896198208,-0.011740745945956189
1.854370874174835,PASSED,-0.2624512889340862,-0.0010284743006142795,0.0022309959485655438,2.6389623355839005,0.0053674298670007515,-0.011637994338244684
1.855371074214843,PASSED,-0.26245231630090193,-0.001026255249705838,0.002211087548358631,2.6389676972365597,0.005355854167454382,-0.01153416968511886
1.856371274254851,PASSED,-0.262453341458693,-0.0010240562145260887,0.0021910002673431435,2.6389730473658335,0.005344382892075056,-0.011429345842131441
1.857371474294859,PASSED,-0.26245436442754916,-0.0010218773510395304,0.00217077229936835,2.638978386076534,0.0053330168721053995,-0.011323802721339538
1.858371674334867,PASSED,-0.2624553852276959,-0.0010197187753470207,0.0021504446212704457,2.6389837134741803,0.0053217566845970505,-0.011217777366355812
1.859371874374875,PASSED,-0.2624564038794557,-0.0010175805643358334,0.002130055271131865,2.6389890296648035,0.005310602748906314,-0.011111374573658626
1.860372074414883,PASSED,-0.2624574204032088,-0.0010154627571463534,0.002109641801711884,2.6389943347547287,0.005299555270077661,-0.01100488166531547
1.861372274454891,PASSED,-0.2624584348193547,-0.0010133653532800717,0.0020892452426617813,2.6389996288503914,0.005288614239234148,-0.010898463628977834
1.862372474494899,PASSED,-0.2624594471482738,-0.0010112883143310856,0.0020689014198686157,2.6390049120581187,0.005277779456950963,-0.010792328052655207
1.863372674534907,PASSED,-0.2624604574102892,-0.0010092315646790186,0.002048648473532721,2.639010184483944,0.005267050530764396,-0.010686658275843136
1.864372874574915,PASSED,-0.26246146562562983,-0.0010071949910463623,0.0020285237387388617,2.6390154462334117,0.005256426877733172,-0.010581649534809605
1.865373074614923,PASSED,-0.262462471814393,-0.0010051784435002912,0.002008563417625632,2.6390206974113735,0.005245907700699262,-0.01047752869997716
1.866373274654931,PASSED,-0.2624634759965087,-0.0010031817369995834,0.0019888018894289004,2.6390259381218186,0.0052354920484013355,-0.01037440136322466
1.867373474694939,PASSED,-0.26246447819170393,-0.001001204650631242,0.0019692760209502457,2.639031168467663,0.0052251787602447435,-0.010272546018836278
1.868373674734947,PASSED,-0.262465478419468,-0.0009992469295581501,0.0019500177745197746,2.6390363885505934,0.0052149665015134095,-0.010172067206331976
1.869373874774955,PASSED,-0.2624664766990183,-0.0009973082851997927,0.0019310620809162011,2.6390415984708766,0.005204853786372962,-0.010073147096525018
1.870374074814963,PASSED,-0.26246747304926804,-0.0009953883966882647,0.0019124394652689238,2.639046798327188,0.005194838922897668,-0.009976007727805037
1.871374274854971,PASSED,-0.2624684674887936,-0.0009934869116497967,0.0018941820872675557,2.6390519882164507,0.005184920073556779,-0.009880743749612704
1.872374474894979,PASSED,-0.2624694600358036,-0.0009916034467799687,0.0018763200582014345,2.639057168233661,0.005175095243036743,-0.009787555033652216
1.873374674934987,PASSED,-0.2624704507081092,-0.000989737589573421,0.0018588819721116674,2.639062338471752,0.0051653622850817826,-0.009696559902499007
1.874374874974995,PASSED,-0.2624714395230947,-0.0009878888992553687,0.0018418958820127541,2.6390674990214227,0.005155718890952186,-0.009607950280994381
1.8753750750150031,PASSED,-0.2624724264976905,-0.0009860569081805827,0.0018253878699681478,2.639072649971003,0.005146162614069479,-0.009521827950514893
1.8763752750550111,PASSED,-0.2624734116483459,-0.0009842411220243495,0.001809385013743238,2.6390777914063173,0.005136690894450882,-0.00943831406398792
1.8773754750950191,PASSED,-0.2624743949910043,-0.000982441022234478,0.0017939096406233094,2.6390829234105433,0.0051273010103015495,-0.009357597539560237
1.878375675135027,PASSED,-0.26247537654107905,-0.000980656067649237,0.0017789845483196724,2.639088046064099,0.005117990136126828,-0.009279725264829989
1.879375875175035,PASSED,-0.2624763563134307,-0.000978885693620317,0.0017646336826533404,2.6390931594445157,0.005108755344699534,-0.009204835535603223
1.880376075215043,PASSED,-0.26247733432234566,-0.0009771293155614795,0.0017508743096275772,2.639098263626326,0.005099593565211852,-0.009133075455735478
1.881376275255051,PASSED,-0.2624783105815163,-0.0009753863302691123,0.001737725947526885,2.6391033586809653,0.005090501650454642,-0.009064474291524988
1.882376475295059,PASSED,-0.2624792851040226,-0.0009736561159247645,0.0017252066088950541,2.639108444676673,0.005081476372720885,-0.008999146695245274
1.883376675335067,PASSED,-0.26248025790231455,-0.0009719380338823468,0.001713332331432795,2.6391135216784005,0.005072514385734911,-0.008937213846459475
1.884376875375075,PASSED,-0.2624812289881968,-0.0009702314314095862,0.001702115900312181,2.6391185897477336,0.005063612284081352,-0.008878693524958844
1.885377075415083,PASSED,-0.26248219837281456,-0.0009685356423445352,0.0016915711748771236,2.6391236489428085,0.005054766590012348,-0.008823694431701645
1.886377275455091,PASSED,-0.26248316606664046,-0.0009668499878575815,0.0016817100283380811,2.6391286993182645,0.0050459737720581115,-0.008772233635927646
1.887377475495099,PASSED,-0.2624841320794636,-0.00096517377886227,0.0016725416399605091,2.6391337409251645,0.005037230226062311,-0.008724420902381408
1.888377675535107,PASSED,-0.2624850964203797,-0.0009635063176791453,0.00166407421190073,2.6391387738109553,0.005028532301946198,-0.008680259591935267
1.889377875575115,PASSED,-0.2624860590977833,-0.0009618468988196952,0.0016563152911494889,2.6391437980194214,0.005019876331564668,-0.008639777574594115
1.890378075615123,PASSED,-0.26248702011936015,-0.0009601948107102835,0.001649269988253363,2.6391488135906553,0.005011258602670214,-0.008603029774359729
1.891378275655131,PASSED,-0.26248797949208263,-0.0009585493371428506,0.001642942620219295,2.6391538205610217,0.005002675366462706,-0.008570040496274592
1.892378475695139,PASSED,-0.26248893722220606,-0.0009569097599548896,0.0016373335664554543,2.6391588189631436,0.004994122880596104,-0.00854078278015433
1.893378675735147,PASSED,-0.262489893315266,-0.0009552753582800328,0.0016324470804577281,2.639163808825889,0.004985597386217138,-0.008515302111507281
1.894378875775155,PASSED,-0.2624908477760781,-0.0009536454115976491,0.0016282797503342984,2.639168790174367,0.004977095118104016,-0.008493578780864845
1.895379075815163,PASSED,-0.2624918006087382,-0.0009520192014908917,0.0016248303443728023,2.6391737630299317,0.004968612325008937,-0.008475602637887651
1.896379275855171,PASSED,-0.26249275181662496,-0.0009503960115124488,0.0016220964011563737,2.639178727410194,0.004960145276934942,-0.008461345031400707
1.897379475895179,PASSED,-0.26249370140240336,-0.0009487751301063971,0.0016200714093152987,2.6391836833290396,0.004951690253878184,-0.008450808406995846
1.898379675935187,PASSED,-0.26249464936802963,-0.0009471558516090608,0.0016187498893503738,2.639188630796656,0.004943243570140853,-0.008443933957555624
1.899379875975195,PASSED,-0.2624955957147578,-0.0009455374766819894,0.00161812495221878,2.639193569819565,0.0049348015831156295,-0.0084406890703352
1.900380076015203,PASSED,-0.2624965404431473,-0.0009439193149036099,0.0016181863291533265,2.639198500400663,0.004926360684898943,-0.008441037647586528
1.901380276055211,PASSED,-0.2624974835530723,-0.0009423006862833372,0.0016189234810189386,2.6392034225392753,0.0049179173315321055,-0.00844489717967201
1.902380476095219,PASSED,-0.262498425043732,-0.0009406809208195707,0.0016203267855981933,2.639208336231194,0.00490946801563169,-0.008452261714244637
1.903380676135227,PASSED,-0.2624993649136623,-0.0009390593610644688,0.001622381734770992,2.639213241468761,0.004901009316837784,-0.008462990180347926
1.904380876175235,PASSED,-0.2625003031607489,-0.0009374353640807493,0.0016250738163518866,2.6392181382409174,0.0048925378817737085,-0.008477064986559969
1.905381076215243,PASSED,-0.26250123978224105,-0.0009358083002317316,0.0016283905374615724,2.6392230265332826,0.004884050405870467,-0.008494416514363837
1.906381276255251,PASSED,-0.2625021747747674,-0.0009341775564303313,0.0016323126440261136,2.6392279063282444,0.004875543712691463,-0.008514877622096883
1.907381476295259,PASSED,-0.2625031081343517,-0.0009325425369172194,0.001636824092502425,2.6392327776050224,0.004867014678945725,-0.008538471161497977
1.908381676335267,PASSED,-0.26250403985643084,-0.000930902663362954,0.001641906528774077,2.63923764033978,0.004858460278217302,-0.008565020439707569
1.909381876375275,PASSED,-0.2625049699358732,-0.0009292573763528172,0.0016475406643784627,2.6392424945057154,0.00484987761901504,-0.008594418377299424
1.910382076415283,PASSED,-0.2625058983669978,-0.0009276061367053823,0.001653705636139038,2.639247340073154,0.004841263865030534,-0.008626644389308175
1.911382276455291,PASSED,-0.262506825143595,-0.0009259484261311654,0.0016603805329354672,2.639252177009667,0.004832616306389113,-0.008661501476163213
1.912382476495299,PASSED,-0.2625077502589478,-0.0009242837477784908,0.0016675435658339251,2.639257005280175,0.004823932373952109,-0.008698886410897843
1.913382676535307,PASSED,-0.2625086737058537,-0.0009226116276650237,0.0016751711452224643,2.639261824847063,0.004815209572861542,-0.00873874421034608
1.914382876575315,PASSED,-0.26250959547664765,-0.0009209316146290541,0.0016832409631346403,2.639266635670308,0.004806445553653183,-0.008780869207034308
1.915383076615323,PASSED,-0.2625105155632258,-0.0009192432815093444,0.0016917278907596566,2.639271437707586,0.004797638089018222,-0.00882519492024452
1.916383276655331,PASSED,-0.26251143395706966,-0.0009175462263715646,0.0017006066357931609,2.63927623091442,0.004788785081281893,-0.008871549613719398
1.917383476695339,PASSED,-0.26251235064927086,-0.0009158400715471959,0.0017098536167522791,2.6392810152442907,0.004779884558327998,-0.00891983851401283
1.918383676735347,PASSED,-0.2625132656305566,-0.0009141244652930265,0.0017194413457807417,2.6392857906487843,0.004770934689086609,-0.00896988972630746
1.919383876775355,PASSED,-0.2625141788913158,-0.0009123990828908145,0.0017293431064996409,2.6392905570777088,0.00476193376340936,-0.009021616311208288
1.920384076815363,PASSED,-0.26251509042162513,-0.0009106636250271318,0.001739534368471372,2.6392953144792553,0.004752880233116514,-0.0090748062806043
1.921384276855371,PASSED,-0.262516000211276,-0.000908917819510787,0.0017499862815937278,2.6393000628001206,0.004743772684728232,-0.009129376460067581
1.922384476895379,PASSED,-0.2625169082498015,-0.0009071614220374021,0.0017606716012457506,2.639304801985651,0.004734609818102027,-0.00918519340363045
1.923384676935387,PASSED,-0.2625178145265039,-0.0009053942154910183,0.0017715631764758013,2.6393095319799915,0.004725390517338862,-0.009242039002855317
1.924384876975395,PASSED,-0.26251871903048185,-0.0009036160098477421,0.0017826339544765408,2.639314252726223,0.004716113795745586,-0.009299843320224576
1.925385077015403,PASSED,-0.26251962175065846,-0.0009018266435520777,0.0017938545231228377,2.6393189641665082,0.004706778788398152,-0.009358450032238442
1.926385277055411,PASSED,-0.26252052267580894,-0.0009000259828775012,0.0018051981088788541,2.6393236662422446,0.004697384819450538,-0.00941764822453149
1.927385477095419,PASSED,-0.26252142179458854,-0.0008982139213543233,0.0018166371327105497,2.6393283588941907,0.0046879313219074775,-0.009477397088745168
1.928385677135427,PASSED,-0.26252231909556,-0.0008963903804125872,0.001828143481086233,2.6393330420626366,0.00467841788413247,-0.00953746489918212
1.929385877175435,PASSED,-0.2625232145672219,-0.0008945553100012245,0.0018396883648804296,2.6393377156875246,0.004668844249675269,-0.00959774749587927
1.930386077215443,PASSED,-0.26252410819803573,-0.0008927086870393228,0.0018512460265826096,2.6393423797086166,0.004659210301934599,-0.009658081237197405
1.931386277255451,PASSED,-0.26252499997645373,-0.0008908505152536037,0.001862788958476767,2.639347034065611,0.004649516046453494,-0.009718371643709627
1.932386477295459,PASSED,-0.2625258898909456,-0.0008889808260643343,0.0018742893431309764,2.6393516786983096,0.0046397616564080495,-0.00977840231326828
1.933386677335467,PASSED,-0.26252677793002593,-0.0008870996780558435,0.0018857204520638569,2.6393563135467417,0.004629947443665796,-0.009838086361576603
1.934386877375475,PASSED,-0.26252766408228073,-0.000885207155574308,0.0018970571678498093,2.6393609385513104,0.004620073831950368,-0.009897295284663042
1.935387077415483,PASSED,-0.262528548336393,-0.0008833033684568546,0.0019082737505224164,2.639365553652927,0.004610141404822945,-0.00995584835592911
1.936387277455491,PASSED,-0.26252943068116924,-0.0008813884531447001,0.0019193430199093448,2.6393701587931453,0.004600150880004773,-0.010013642459668296
1.937387477495499,PASSED,-0.26253031110556424,-0.0008794625709265994,0.00193024168356155,2.639374753914292,0.004590103082551652,-0.01007056744875603
1.9383876775355071,PASSED,-0.2625311895987058,-0.0008775259066191354,0.0019409460567324053,2.6393793389596003,0.004579998989014007,-0.010126444263570922
1.9393878775755151,PASSED,-0.2625320661499193,-0.0008755786697394788,0.0019514307616061407,2.63938391387333,0.004569839694481574,-0.010181194711675353
1.9403880776155231,PASSED,-0.2625329407487505,-0.0008736210927397978,0.0019616744917309707,2.639388478600897,0.0045596264050245154,-0.010234685953980405
1.9413882776555311,PASSED,-0.2625338133849892,-0.0008716534304873135,0.001971654092986785,2.639393033088982,0.00454936044841902,-0.010286803706504593
1.9423884776955391,PASSED,-0.2625346840486908,-0.0008696759599894234,0.001981348101158664,2.6393975772856573,0.004539043277840429,-0.010337415159982766
1.9433886777355471,PASSED,-0.26253555273019796,-0.0008676889789463077,0.0019907363377537823,2.639402111140497,0.0045286764498986675,-0.01038643646294719
1.9443888777755551,PASSED,-0.26253641942016115,-0.0008656928051362021,0.0019997987916733455,2.639406634604676,0.00451826161234049,-0.010433771621663503
1.9453890778155631,PASSED,-0.26253728410955857,-0.0008636877764764504,0.002008515238470585,2.639411147631085,0.004507800535282868,-0.01047928068159438
1.9463892778555711,PASSED,-0.2625381467897152,-0.0008616742493056749,0.0020168684589786452,2.6394156501744184,0.0044972950760398655,-0.010522911617273477
1.9473894778955791,PASSED,-0.2625390074523207,-0.0008596525964705601,0.00202484241920556,2.6394201421912777,0.004486747179305741,-0.010564553478691127
1.9483896779355871,PASSED,-0.2625398660894468,-0.0008576232086219221,0.002032418134926393,2.6394246236402563,0.00447615888900729,-0.010604114844958257
1.9493898779755952,PASSED,-0.2625407226935636,-0.0008555864931648795,0.0020395803384534706,2.6394290944820344,0.004465532334541281,-0.010641514213375404
1.9503900780156032,PASSED,-0.26254157725755467,-0.0008535428702182092,0.002046318018814886,2.6394335546794356,0.004454869688327778,-0.010676734213588468
1.9513902780556112,PASSED,-0.2625424297747319,-0.000851492774851805,0.0020526135981303625,2.639438004197532,0.0044441732394811815,-0.010709591935269287
1.9523904780956192,PASSED,-0.2625432802388484,-0.0008494366557449887,0.002058456112607128,2.6394424430036953,0.004433445341944129,-0.010740101271575334
1.9533906781356272,PASSED,-0.26254412864411114,-0.0008473749723713803,0.002063834880942612,2.6394468710676593,0.004422688355207248,-0.01076824371375001
1.9543908781756352,PASSED,-0.26254497498519214,-0.0008453081950305308,0.002068738980787358,2.6394512883615975,0.004411904764954503,-0.010793821278743334
1.9553910782156432,PASSED,-0.2625458192572391,-0.000843236804750298,0.002073157813196605,2.639455694860151,0.004401097078895105,-0.010816929246500498
1.9563912782556512,PASSED,-0.26254666145588423,-0.0008411612905786503,0.002077085077281708,2.639460090540502,0.004390267831737718,-0.010837459097978262
1.9573914782956592,PASSED,-0.26254750157725276,-0.0008390821491016951,0.002080512410071038,2.6394644753823995,0.004379419632857969,-0.010855358734263252
1.9583916783356672,PASSED,-0.26254833961797003,-0.0008369998842063127,0.002083433218923386,2.6394688493682024,0.004368555105418031,-0.010870639910387229
1.9593918783756752,PASSED,-0.26254917557516755,-0.0008349150049218694,0.0020858433281233007,2.6394732124829208,0.00435767691218267,-0.010883228785342342
1.9603920784156832,PASSED,-0.262550009446488,-0.0008328280244300765,0.002087738600906076,2.6394775647142206,0.004346787723477384,-0.010893161985248905
1.9613922784556912,PASSED,-0.26255084123008926,-0.0008307394601777239,0.002089114686650316,2.6394819060524624,0.004335890237409488,-0.010900368789660582
1.9623924784956992,PASSED,-0.26255167092464715,-0.0008286498312965752,0.0020899716774809146,2.6394862364907095,0.004324987176197294,-0.010904856160549476
1.9633926785357072,PASSED,-0.2625524985293576,-0.0008265596582324188,0.002090307321939922,2.6394905560247377,0.00431408124651348,-0.010906645365991634
1.9643928785757152,PASSED,-0.26255332404393666,-0.0008244694620509164,0.0020901220878775596,2.6394948646530443,0.00430317517159818,-0.010905694614837749
1.9653930786157232,PASSED,-0.2625541474686214,-0.0008223797628735518,0.0020894172370226173,2.639499162376839,0.0042922716692900915,-0.010902040770256678
1.9663932786557312,PASSED,-0.26255496880416745,-0.0008202910787188598,0.002088195433138219,2.6395034492000398,0.0042813734328188855,-0.01089570027183896
1.9673934786957392,PASSED,-0.2625557880518473,-0.0008182039250780096,0.0020864591126580883,2.639507725129264,0.004270483160305161,-0.010886654008314824
1.9683936787357472,PASSED,-0.2625566052134469,-0.0008161188137405898,0.0020842128205942403,2.639511990173805,0.004259603523897296,-0.010874958007566049
1.9693938787757552,PASSED,-0.2625574202912613,-0.0008140362510831725,0.0020814625486327344,2.639516244345621,0.004248737168958874,-0.010860619558993128
1.9703940788157632,PASSED,-0.262558233288089,-0.0008119567383410286,0.0020782128711513193,2.639520487659291,0.004237886702088877,-0.010843698410664248
1.9713942788557712,PASSED,-0.26255904420722637,-0.0008098807696384322,0.002074472590226256,2.639524720131999,0.004227054713661548,-0.010824181771772749
1.9723944788957792,PASSED,-0.2625598530524599,-0.0008078088315321495,0.002070248450320373,2.6395289417834773,0.004216243731553444,-0.010802182332325633
1.9733946789357872,PASSED,-0.2625606598280582,-0.0008057414019622536,0.002065550316279353,2.639533152635982,0.00420545625397062,-0.010777674416489405
1.9743948789757952,PASSED,-0.26256146453876344,-0.000803678949961269,0.0020603864574548587,2.6395373527142443,0.004194694746798847,-0.01075072900862895
1.9753950790158032,PASSED,-0.262562267189781,-0.0008016219336358523,0.0020547695707245424,2.6395415420454067,0.004183961578887935,-0.010721460512433579
1.9763952790558112,PASSED,-0.26256306778676897,-0.0007995708000374565,0.002048709616843378,2.6395457206589734,0.004173259077601674,-0.010689861802146447
1.9773954790958193,PASSED,-0.26256386633582696,-0.0007975259852367009,0.0020422182566972058,2.6395498885867577,0.004162589545003985,-0.01065597979471596
1.9783956791358273,PASSED,-0.26256466284348356,-0.0007954879118046157,0.0020353102156771396,2.6395540458628157,0.00415195518413328,-0.010619948254696494
1.9793958791758353,PASSED,-0.2625654573166834,-0.0007934569888647141,0.0020279980893846243,2.639558192523364,0.004141358100371886,-0.01058184076586083
1.9803960792158433,PASSED,-0.2625662497627738,-0.0007914336127541128,0.0020202947914123577,2.6395623286067296,0.004130800387345519,-0.010541627866702985
1.9813962792558513,PASSED,-0.26256704018949,-0.0007894181639762528,0.002012218102158423,2.639566454153262,0.0041202840397752604,-0.010499494039294639
1.9823964792958593,PASSED,-0.26256782860494055,-0.0007874110077346977,0.0020037816678196755,2.639570569205261,0.004109810940125494,-0.010455503390080528
1.9833966793358673,PASSED,-0.2625686150175916,-0.0007854124944154065,0.0019950010869388465,2.6395746738068926,0.0040993829295317905,-0.010409682062787256
1.9843968793758753,PASSED,-0.26256939943625085,-0.0007834229572111908,0.0019858946157334926,2.6395787680040996,0.004089001747342255,-0.010362182274035287
1.9853970794158833,PASSED,-0.26257018187005077,-0.0007814427122674085,0.0019764784958147996,2.639582851844531,0.004078669043189204,-0.010313052072394756
1.9863972794558913,PASSED,-0.2625709623284317,-0.0007794720591860551,0.001966769471712547,2.639586925377432,0.004068386377434824,-0.010262408209036861
1.9873974794958993,PASSED,-0.262571740821124,-0.0007775112790804737,0.001956787194827283,2.639590988653571,0.004058155222748639,-0.010210319004284074
1.9883976795359073,PASSED,-0.2625725173581306,-0.0007755606351288007,0.0019465484562368,2.639595041725132,0.00404797695007589,-0.01015690845172497
1.9893978795759153,PASSED,-0.26257329194970785,-0.0007736203719308871,0.0019360730256981254,2.639599084645628,0.004037852836520352,-0.010102250291414306
1.9903980796159233,PASSED,-0.26257406460634763,-0.0007716907153016727,0.0019253790315584265,2.6396031174697967,0.004027784062747287,-0.010046456094164838
1.9913982796559313,PASSED,-0.2625748353387582,-0.0007697718724784937,0.0019144853509261252,2.639607140253505,0.004017771703919487,-0.009989627316891077
1.992398479695939,PASSED,-0.2625756041578445,-0.0007678640303386827,0.0019034133324008274,2.6396111530536537,0.004007816747528465,-0.009931842440441239
1.993398679735947,PASSED,-0.2625763710746896,-0.000765967357090528,0.0018921798586571947,2.6396151559280643,0.003997920062441823,-0.009873246850775624
1.994398879775955,PASSED,-0.2625771361005346,-0.0007640820013376989,0.0018808063489438936,2.6396191489353886,0.003988082420715976,-0.009813904975895219
1.995399079815963,PASSED,-0.2625778992467591,-0.0007622080914048517,0.001869312322116094,2.6396231321350045,0.0039783045127315085,-0.009753909990183064
1.996399279855971,PASSED,-0.2625786605248615,-0.0007603457362092197,0.0018577171113093988,2.639627105586901,0.003968586883498788,-0.009693442061078006
1.997399479895979,PASSED,-0.26257941994643913,-0.0007584950252247976,0.0018460402331638946,2.639631069351593,0.003958930007408656,-0.009632498776167318
1.998399679935987,PASSED,-0.2625801775231685,-0.0007566560273110035,0.0018343030342142417,2.6396350234900012,0.00394933425423539,-0.009571256104665834
1.999399879975995,PASSED,-0.2625809332667857,-0.0007548287921725006,0.0018225232080285073,2.639638968063364,0.003939799872054753,-0.009509799564618253
2.000400080016003,PASSED,-0.26258168718906655,-0.0007530133501117009,0.0018107212959802923,2.6396429031331228,0.0039303270211509,-0.009448218463341599
2.001400280056011,PASSED,-0.262582439301807,-0.0007512097110463483,0.0017989175782674534,2.6396468287608297,0.003920915764177901,-0.009386615979437664
2.002400480096019,PASSED,-0.2625831896168041,-0.0007494178665756569,0.0017871290656408343,2.6396507450080344,0.003911566040669507,-0.009325128527698366
2.003400680136027,PASSED,-0.2625839381458365,-0.0007476377889769868,0.0017753766206895234,2.6396546519361954,0.0039022777083703077,-0.009263801480200387
2.004400880176035,PASSED,-0.26258468490064557,-0.0007458694310322684,0.0017636788274044397,2.639658549606581,0.0038930505447454045,-0.009202738388038834
2.005401080216043,PASSED,-0.2625854298929166,-0.0007441127276229048,0.0017520531306696664,2.6396624380801628,0.0038838841890611758,-0.009142100548355129
2.006401280256051,PASSED,-0.26258617313426064,-0.0007423675957905763,0.001740517633434115,2.6396663174175212,0.003874778192786835,-0.009081926758331374
2.007401480296059,PASSED,-0.2625869146361963,-0.0007406339334151974,0.0017290922033420307,2.639670187678761,0.0038657320577558836,-0.00902227387936477
2.008401680336067,PASSED,-0.2625876544101322,-0.000738911621737026,0.001717791328057717,2.639674048923412,0.003856745158250077,-0.008963316590100752
2.009401880376075,PASSED,-0.2625883924673494,-0.000737200525252191,0.0017066332560197542,2.6396779012103324,0.0038478167538504244,-0.00890512960602112
2.010402080416083,PASSED,-0.2625891288189849,-0.0007355004910911241,0.0016956347644315525,2.6396817445976377,0.003838946083116218,-0.008847698152996696
2.011402280456091,PASSED,-0.2625898634760148,-0.0007338113500981906,0.0016848118119346994,2.639685579142599,0.0038301322633228557,-0.008791234220273215
2.012402480496099,PASSED,-0.2625905964492392,-0.0007321329187429382,0.0016741777174643145,2.6396894049015667,0.003821374303682179,-0.008735776587612045
2.013402680536107,PASSED,-0.2625913277492658,-0.0007304649970356244,0.0016637510338801786,2.639693221929888,0.003812671182018575,-0.008681351714265621
2.014402880576115,PASSED,-0.26259205738649577,-0.0007288073704327968,0.0016535436487926198,2.639697030281838,0.003804021796223604,-0.008628075182107247
2.015403080616123,PASSED,-0.26259278537110936,-0.0007271598117467568,0.0016435687108716577,2.6397008300105345,0.0037954249329992364,-0.008576055252540857
2.016403280656131,PASSED,-0.2625935117130518,-0.0007255220790115271,0.0016338420848019495,2.63970462116787,0.003786879332743248,-0.008525296924954096
2.017403480696139,PASSED,-0.26259423642202084,-0.0007238939180184655,0.001624373598567894,2.6397084038044425,0.0037783836828551875,-0.008475885196797548
2.018403680736147,PASSED,-0.262594959507454,-0.0007222750628120094,0.0016151762783816375,2.6397121779694923,0.00376993658235153,-0.008427910708231312
2.019403880776155,PASSED,-0.26259568097851665,-0.0007206652350936375,0.0016062620116986158,2.639715943710846,0.003761536587760724,-0.0083813838458564
2.020404080816163,PASSED,-0.26259640084409125,-0.0007190641465395814,0.0015976395822945018,2.639719701074847,0.0037531821931357946,-0.008336401810977579
2.021404280856171,PASSED,-0.2625971191127665,-0.0007174714984729052,0.0015893203895973192,2.639723450106306,0.003744871828525342,-0.008293006476769007
2.022404480896179,PASSED,-0.26259783579282814,-0.0007158869829624816,0.001581312257641217,2.639727190848454,0.0037366038998558043,-0.008251210131383642
2.023404680936187,PASSED,-0.26259855089224915,-0.0007143102831574378,0.001573624836645587,2.6397309233428903,0.003728376751086142,-0.008211107861847767
2.024404880976195,PASSED,-0.26259926441868237,-0.0007127410745075145,0.0015662645254417113,2.639734647629544,0.0037201886844019107,-0.008172705899153344
2.025405081016203,PASSED,-0.26259997637945215,-0.0007111790248994756,0.0015592396631037865,2.639738363746627,0.00371203796912381,-0.008136054864065776
2.026405281056211,PASSED,-0.26260068678154797,-0.0007096237963118408,0.0015525545373220523,2.6397420717306077,0.0037039228420976443,-0.008101175134232278
2.027405481096219,PASSED,-0.2626013956316182,-0.0007080750448178725,0.0015462161317326075,2.6397457716161656,0.0036958414977863794,-0.008068123762619945
2.028405681136227,PASSED,-0.262602102935965,-0.0007065324212406905,0.0015402285408148047,2.6397494634361833,0.0036877921295401348,-0.00803686456866146
2.029405881176235,PASSED,-0.26260280870053904,-0.0007049955722331039,0.001534595985434437,2.6397531472217044,0.0036797728902178127,-0.008007489158096532
2.030406081216243,PASSED,-0.2626035129309368,-0.0007034641416800829,0.0015293202647454636,2.6397568230019237,0.0036717819078743576,-0.007979977800360086
2.0314062812562512,PASSED,-0.26260421563239644,-0.0007019377701290007,0.0015244057419735114,2.639760490804168,0.0036638173211385365,-0.00795432602612797
2.0324064812962592,PASSED,-0.2626049168097962,-0.0007004160960358424,0.001519852993948144,2.6397641506538805,0.0036558772379197864,-0.007930588013831976
2.0334066813362672,PASSED,-0.2626056164676524,-0.0006988987574589293,0.001515662298889523,2.639767802574622,0.003647959764332515,-0.007908730636231556
2.0344068813762752,PASSED,-0.262606314610119,-0.0006973853912573138,0.001511835470099664,2.639771446588055,0.0036400630104808664,-0.007888769328593358
2.0354070814162832,PASSED,-0.26260701124098734,-0.0006958756349785709,0.0015083701511715974,2.6397750827139586,0.003632185089520701,-0.007870688714546187
2.0364072814562912,PASSED,-0.26260770636368685,-0.0006943691275390026,0.0015052656318328777,2.639778710970213,0.003624324103946434,-0.007854516814081388
2.0374074814962992,PASSED,-0.26260839998128627,-0.0006928655086402401,0.0015025210767154267,2.639782331372823,0.003616478179865397,-0.007840195592340846
2.0384076815363072,PASSED,-0.26260909209649624,-0.0006913644214038634,0.0015001313428176066,2.6397859439359213,0.0036086454619735087,-0.007827732758253004
2.0394078815763153,PASSED,-0.2626097827116717,-0.0006898655119795077,0.0014980948120478104,2.6397895486717826,0.003600824088048446,-0.007817134702935678
2.0404080816163233,PASSED,-0.2626104718288153,-0.0006883684294744564,0.001496407633720315,2.6397931455908457,0.003593012233790654,-0.00780833396102949
2.0414082816563313,PASSED,-0.26261115944958235,-0.0006868728288224056,0.0014950626642710068,2.6397967347017377,0.0035852081106995232,-0.007801315844531246
2.0424084816963393,PASSED,-0.2626118455752847,-0.0006853783697145,0.0014940567369954815,2.639800316011288,0.0035774099215428417,-0.007796104698115009
2.0434086817363473,PASSED,-0.26261253020689707,-0.0006838847169264025,0.0014933834888320415,2.63980388952457,0.0035696159232432,-0.007792594033992606
2.0444088817763553,PASSED,-0.2626132133450625,-0.0006823915425766932,0.0014930349236275072,2.6398074552449278,0.003561824420021018,-0.007790776014308447
2.0454090818163633,PASSED,-0.2626138949900998,-0.0006808985258126151,0.0014930046577118937,2.6398110131740053,0.0035540337125404115,-0.007790661791471705
2.0464092818563713,PASSED,-0.2626145751420102,-0.0006794053525326074,0.0014932856948715397,2.6398145633118006,0.0035462421769557064,-0.0077921181135273115
2.0474094818963793,PASSED,-0.2626152538004859,-0.0006779117180753773,0.0014938669654693403,2.639818105656685,0.0035384482203391957,-0.00779518228516628
2.0484096819363873,PASSED,-0.2626159309649181,-0.0006764173257349724,0.0014947425903619395,2.6398216402054713,0.003530650290263629,-0.007799761935833582
2.0494098819763953,PASSED,-0.26261660663440606,-0.0006749218878215673,0.0014959014621005412,2.639825166953441,0.003522846891669062,-0.007805823033722374
2.0504100820164033,PASSED,-0.26261728080776686,-0.0006734251273072955,0.0014973332157194386,2.6398286858944036,0.0035150365702977648,-0.007813320263013875
2.0514102820564113,PASSED,-0.2626179534835451,-0.0006719267767396625,0.0014990288022421422,2.6398321970207523,0.0035072179413533793,-0.00782216806529987
2.0524104820964193,PASSED,-0.26261862466002345,-0.0006704265792637253,0.001500976591733737,2.639835700323504,0.003499389652597531,-0.007832369216213943
2.0534106821364273,PASSED,-0.2626192943352334,-0.0006689242894110035,0.0015031653600472762,2.639839195792368,0.0034915504199961984,-0.007843808191411368
2.0544108821764353,PASSED,-0.26261996250696684,-0.0006674196731660656,0.0015055835015316509,2.6398426834158064,0.0034836990429858617,-0.007856422889619876
2.0554110822164433,PASSED,-0.2626206291727872,-0.0006659125080459745,0.0015082195324639678,2.6398461631810903,0.00347583434995801,-0.007870206453338685
2.0564112822564513,PASSED,-0.26262129433004194,-0.0006644025839648092,0.0015110604469660528,2.6398496350743508,0.0034679552201165443,-0.007885078766883874
2.0574114822964593,PASSED,-0.2626219579758748,-0.0006628897035141936,0.0015140937863818529,2.6398530990806712,0.0034600606601379188,-0.007900880786454106
2.0584116823364673,PASSED,-0.26262262010723797,-0.0006613736816031105,0.0015173073275506423,2.6398565551841275,0.0034521496969109277,-0.007917684854016083
2.0594118823764753,PASSED,-0.26262328072090535,-0.0006598543460938278,0.001520687630437411,2.6398600033678625,0.0034442214000146667,-0.00793537159109119
2.0604120824164833,PASSED,-0.26262393981348575,-0.0006583315389508433,0.0015242201513492046,2.6398634436141646,0.0034362749793705205,-0.00795378667951673
2.0614122824564913,PASSED,-0.262624597381436,-0.0006568051146855499,0.0015278936745896222,2.639866875904522,0.003428309672105472,-0.007972987655403423
2.0624124824964993,PASSED,-0.26262525342107457,-0.0006552749412652198,0.0015316932508237435,2.6398703002197044,0.0034203247653817456,-0.007992852769274765
2.0634126825365073,PASSED,-0.2626259079285949,-0.0006537409012929214,0.001535604453281622,2.6398737165398285,0.003412319667031175,-0.008013262071433581
2.0644128825765153,PASSED,-0.2626265609000799,-0.0006522028907564189,0.0015396145919830738,2.6398771248444324,0.003404293835664494,-0.008034210896845724
2.0654130826165233,PASSED,-0.26262721233151504,-0.0006506608190473958,0.0015437097870496714,2.6398805251125497,0.00339624678578062,-0.008055609208559165
2.0664132826565313,PASSED,-0.2626278622188027,-0.0006491146101362521,0.001547874993873207,2.6398839173227717,0.003388178119796028,-0.008077370501948058
2.0674134826965394,PASSED,-0.26262851055777614,-0.0006475642022655146,0.0015520964553136852,2.639887301453342,0.0033800875356195885,-0.008099393292767178
2.0684136827365474,PASSED,-0.26262915734421344,-0.0006460095466579447,0.0015563617090739116,2.6398906774822026,0.0033719747586864407,-0.008121699360068261
2.0694138827765554,PASSED,-0.26262980257385127,-0.0006444506092099172,0.0015606546073299457,2.639894045387089,0.0033638396099124022,-0.00814411505001851
2.0704140828165634,PASSED,-0.2626304462423991,-0.000642887369645461,0.0015649628692069252,2.6398974051455872,0.0033556819974796663,-0.008166610687880967
2.0714142828565714,PASSED,-0.2626310883455528,-0.0006413198211112075,0.001569272310951199,2.6399007567352215,0.003347501883783914,-0.008189115700999915
2.0724144828965794,PASSED,-0.2626317288790085,-0.0006397479709850308,0.0015735686696603144,2.639904100133509,0.003339299294613937,-0.008211571482627897
2.0734146829365874,PASSED,-0.26263236783847604,-0.0006381718396873109,0.0015778397164264491,2.639907435318043,0.003331074344292268,-0.0082338695476966
2.0744148829765954,PASSED,-0.26263300521969274,-0.0006365914611203585,0.0015820711339695564,2.6399107622665543,0.0033228272100023727,-0.008255977451361937
2.0754150830166034,PASSED,-0.26263364101843617,-0.0006350068824460938,0.0015862503677949087,2.6399140809569923,0.0033145581400710624,-0.008277798251275252
2.0764152830566114,PASSED,-0.2626342752305375,-0.0006334181636345948,0.0015903644406351628,2.639917391367585,0.00330626745033299,-0.008299284062603334
2.0774154830966194,PASSED,-0.2626349078518945,-0.0006318253776491459,0.001594400348658006,2.6399206934768995,0.0032979555044542756,-0.008320387089454994
2.0784156831366274,PASSED,-0.2626355388784836,-0.0006302286096330559,0.0015983464610445225,2.6399239872639195,0.003289622758974214,-0.008340984407132497
2.0794158831766354,PASSED,-0.2626361683063727,-0.0006286279565842761,0.00160219077393662,2.6399272727081105,0.003281269736005644,-0.008361048676195712
2.0804160832166434,PASSED,-0.26263679613173274,-0.0006270235280108812,0.0016059204397004243,2.639930549789465,0.0032728969749523137,-0.008380569304752724
2.0814162832566514,PASSED,-0.2626374223508495,-0.0006254154445764904,0.0016095254308510973,2.6399338184885854,0.0032645051212978962,-0.008399376554193991
2.0824164832966594,PASSED,-0.2626380469601352,-0.0006238038378343148,0.0016129942830587917,2.639937078786727,0.003256094876080229,-0.008417490993316366
2.0834166833366674,PASSED,-0.2626386699561389,-0.0006221888504797979,0.001616316068822475,2.6399403306658655,0.0032476669616896344,-0.008434863322113573
2.0844168833766754,PASSED,-0.26263929133555775,-0.0006205706359149528,0.0016194802288599626,2.6399435741087403,0.0032392221774369483,-0.0084513982064008
2.0854170834166834,PASSED,-0.2626399110952466,-0.0006189493564626043,0.0016224789346743413,2.639946809098928,0.003230761401833426,-0.008467027201603422
2.0864172834566914,PASSED,-0.262640529232228,-0.0006173251847451472,0.0016253002393122767,2.639950035620863,0.003222285499796375,-0.008481818594015755
2.0874174834966994,PASSED,-0.2626411457437017,-0.0006156983029181536,0.0016279362187812648,2.6399532536599195,0.003213795431494414,-0.008495568107257354
2.0884176835367074,PASSED,-0.26264176062705313,-0.0006140689008362419,0.0016303793239986254,2.6399564632024344,0.0032052922119058273,-0.008508320576139823
2.0894178835767154,PASSED,-0.2626423738798624,-0.0006124371770435691,0.0016326201051221761,2.639959664235761,0.0031967768478231673,-0.008520059753673422
2.0904180836167234,PASSED,-0.2626429854999116,-0.0006108033379403624,0.0016346517685964308,2.6399628567483093,0.003188250423752084,-0.008530666949357436
2.0914182836567314,PASSED,-0.262643595485193,-0.0006091675970452214,0.0016364669795039832,2.6399660407295826,0.0031797140667857585,-0.00854015031097096
2.0924184836967394,PASSED,-0.2626442038339155,-0.000607530174505767,0.0016380595794213135,2.63996921617022,0.003171168916947353,-0.008548482856695442
2.0934186837367474,PASSED,-0.26264481054451133,-0.0006058912966462,0.0016394233796640926,2.63997238306202,0.003162616148128068,-0.00855562612767734
2.0944188837767554,PASSED,-0.262645415615642,-0.0006042511961213767,0.001640551954929304,2.6399755413979835,0.003154056986735324,-0.008561518236122452
2.0954190838167635,PASSED,-0.2626460190462038,-0.000602610110003196,0.0016414422270150477,2.6399786911723337,0.0031454926696096747,-0.008566183052000107
2.0964192838567715,PASSED,-0.2626466208353327,-0.0006009682801330499,0.0016420882989000721,2.639981832380545,0.0031369244491465855,-0.008569578737148533
2.0974194838967795,PASSED,-0.2626472209824088,-0.0005993259534610861,0.0016424855873397306,2.6399849650193716,0.0031283536287350956,-0.008571648194384189
2.0984196839367875,PASSED,-0.26264781948706,-0.0005976833792716291,0.0016426332575350995,2.6399880890868532,0.0031197814988273213,-0.00857245105003501
2.0994198839767955,PASSED,-0.26264841634916597,-0.0005960408105511599,0.0016425256957586438,2.6399912045823455,0.0031112093746376544,-0.008571906282754315
2.1004200840168035,PASSED,-0.26264901156886,-0.0005943985029988101,0.0016421621234105391,2.6399943115065345,0.0031026386125929967,-0.008569999219259657
2.1014202840568115,PASSED,-0.2626496051465322,-0.0005927567139642469,0.0016415403086649893,2.6399974098614405,0.0030940705403657356,-0.008566787565928179
2.1024204840968195,PASSED,-0.26265019708283055,-0.0005911157021574603,0.0016406594722009633,2.6400004996504283,0.0030855064973568332,-0.008562213304217888
2.1034206841368275,PASSED,-0.26265078737866265,-0.0005894757278822754,0.0016395174771742518,2.6400035808782243,0.0030769478695226887,-0.00855623752076248
2.1044208841768355,PASSED,-0.26265137603519567,-0.0005878370510008799,0.001638116484209842,2.6400066535509077,0.003068396004025866,-0.008548950814195362
2.1054210842168435,PASSED,-0.2626519630538575,-0.0005861999319401426,0.0016364541117554145,2.640009717675915,0.0030598522396394247,-0.008540306767938656
2.1064212842568515,PASSED,-0.2626525484363356,-0.0005845646304032765,0.0016345331536066182,2.640012773262042,0.003051317955698991,-0.008530268722096737
2.1074214842968595,PASSED,-0.26265313218457614,-0.0005829314039983059,0.0016323552392133436,2.6400158203194315,0.0030427944974740343,-0.008518917893529977
2.1084216843368675,PASSED,-0.26265371430078294,-0.000581300510287446,0.00162991935862442,2.640018858859574,0.003034283188835332,-0.008506235802150451
2.1094218843768755,PASSED,-0.2626542947874154,-0.0005796722036652322,0.0016272314646066073,2.6400218888952938,0.0030257853740321985,-0.00849220080378903
2.1104220844168835,PASSED,-0.2626548736471862,-0.0005780467354799987,0.001624292665651535,2.640024910440737,0.0030173023705421342,-0.008476871947581607
2.1114222844568915,PASSED,-0.262655450883058,-0.0005764243547734388,0.001621106067165407,2.6400279235113513,0.0030088354557091207,-0.00846027675663492
2.1124224844968995,PASSED,-0.2626560264982406,-0.0005748053071752311,0.001617675285569174,2.640030928123881,0.003000385930306305,-0.008442357833603134
2.1134226845369075,PASSED,-0.2626566004961869,-0.0005731898331937803,0.0016140064453718092,2.640033924296334,0.0029919550529057316,-0.008423223778553353
2.1144228845769155,PASSED,-0.2626571728805885,-0.0005715781695127142,0.001610101838195759,2.640036912047967,0.0029835440413440036,-0.008402870083844103
2.1154230846169235,PASSED,-0.2626577436553713,-0.0005699705484967397,0.0016059671344935444,2.640039891399259,0.002975154119202691,-0.008381290179625342
2.1164232846569315,PASSED,-0.26265831282468993,-0.0005683671955220394,0.0016016102015048862,2.6400428623718852,0.0029667864720447227,-0.008358551810197571
2.1174234846969395,PASSED,-0.2626588803929227,-0.0005667683315614779,0.001597033133265945,2.6400458249886767,0.0029584422234812027,-0.008334713065734871
2.1184236847369475,PASSED,-0.26265944636466515,-0.0005651741717430383,0.001592244275222006,2.6400487792736222,0.002950122533509791,-0.008309674575196291
2.1194238847769555,PASSED,-0.2626600107447243,-0.0005635849229686907,0.001587251773764594,2.640051725251791,0.0029418284704536887,-0.008283655376706311
2.1204240848169635,PASSED,-0.2626605735381114,-0.0005620007867523897,0.0015820591779920408,2.6400546629493307,0.0029335610586100004,-0.00825658282167644
2.1214242848569715,PASSED,-0.26266113475003533,-0.0005604219575754638,0.0015766758428820782,2.640057592393418,0.0029253213508841054,-0.008228457662040355
2.1224244848969795,PASSED,-0.2626616943858951,-0.0005588486210823338,0.001571110259961905,2.6400605136122186,0.0029171103020160915,-0.008199443005329463
2.1234246849369875,PASSED,-0.26266225245127206,-0.0005572809557463547,0.0015653687199905571,2.6400634266348577,0.0029089288341170904,-0.00816948449478241
2.1244248849769956,PASSED,-0.262662808951922,-0.0005557191326877989,0.001559459284266151,2.6400663314913673,0.002900777860033205,-0.008138633809954759
2.1254250850170036,PASSED,-0.2626633638937673,-0.0005541633139598841,0.001553391690346941,2.640069228212643,0.002892658206646948,-0.008106999770457713
2.1264252850570116,PASSED,-0.26266391728288785,-0.000552613652556793,0.001547174544920544,2.640072116830414,0.002884570681902389,-0.00807454139395975
2.1274254850970196,PASSED,-0.26266446912551267,-0.0005510702934884876,0.0015408154172286662,2.6400749973771798,0.0028765160472720205,-0.008041363454641367
2.1284256851370276,PASSED,-0.2626650194280111,-0.0005495333727591205,0.0015343242707925803,2.6400778698861744,0.0028684950003031464,-0.00800750264502949
2.1294258851770356,PASSED,-0.2626655681968834,-0.0005480030162354344,0.0015277113589486197,2.640080734391318,0.0028605082103682236,-0.007972981461517866
2.1304260852170436,PASSED,-0.2626661154387515,-0.0005464793409844332,0.0015209845123694797,2.640083590927163,0.0028525562848727743,-0.007937888184736676
2.1314262852570516,PASSED,-0.26266666116034987,-0.0005449624552882691,0.0015141531520271555,2.640086439528848,0.0028446397791392786,-0.007902250766001827
2.1324264852970596,PASSED,-0.26266720536851534,-0.0005434524562805925,0.0015072295781095265,2.6400892802320532,0.0028367592196356303,-0.007866098662079029
2.1334266853370676,PASSED,-0.2626677480701781,-0.0005419494324453286,0.0015002200067002146,2.640092113072936,0.0028289150534883886,-0.007829544470683526
2.1344268853770756,PASSED,-0.2626682892723515,-0.0005404534622265905,0.0014931370267632035,2.6400949380880965,0.002821107689031797,-0.007792577780530644
2.1354270854170836,PASSED,-0.26266882898212196,-0.0005389646136067308,0.0014859896819240795,2.6400977553145117,0.0028133374939778733,-0.007755273236186064
2.1364272854570916,PASSED,-0.2626693672066398,-0.0005374829455011345,0.0014787870547113215,2.640100564789497,0.002805604771040928,-0.007717689404118381
2.1374274854970996,PASSED,-0.2626699039531086,-0.000536008506454497,0.0014715403745883828,2.640103366550636,0.0027979097583709285,-0.0076798948472534614
2.1384276855371076,PASSED,-0.2626704392287756,-0.0005345413348444326,0.0014642591003815894,2.6401061606357525,0.0027902526794084956,-0.007641868372552888
2.1394278855771156,PASSED,-0.26267097304092174,-0.0005330814595207729,0.001456952805845012,2.640108947082839,0.002782633679996083,-0.007603753438985567
2.1404280856171236,PASSED,-0.26267150539685147,-0.0005316288992031877,0.001449631992078701,2.640111725930013,0.002775052839751078,-0.007565564782350604
2.1414282856571316,PASSED,-0.26267203630388336,-0.0005301836627832125,0.0014423060385728775,2.640114497215463,0.0027675102202962933,-0.007527322569740977
2.1424284856971396,PASSED,-0.26267256576934006,-0.000528745749657096,0.001434984517812121,2.6401172609774046,0.0027600058285239862,-0.007489104574018079
2.1434286857371476,PASSED,-0.26267309380053844,-0.0005273151491187247,0.0014276778854107784,2.6401200172540196,0.002752539590056697,-0.00745099439613631
2.1444288857771556,PASSED,-0.26267362040478015,-0.0005258918413186024,0.001420394409930238,2.64012276608341,0.0027451113990264813,-0.007412988786268494
2.1454290858171636,PASSED,-0.2626741455893422,-0.0005244757967120373,0.0014131447376547774,2.640125507503549,0.0027377211194021442,-0.007375140183048982
2.1464292858571716,PASSED,-0.2626746693614677,-0.0005230669766439119,0.0014059369551060145,2.640128241552235,0.002730368543069328,-0.00733753376599424
2.1474294858971796,PASSED,-0.2626751917283564,-0.0005216653336759721,0.001398780309829046,2.6401309682670377,0.002723053408463024,-0.007300201833177719
2.1484296859371876,PASSED,-0.2626757126971559,-0.0005202708107816106,0.0013916846173831906,2.6401336876852595,0.002715775438729899,-0.007263148333089683
2.1494298859771956,PASSED,-0.26267623227495274,-0.000518883342407823,0.0013846575447238791,2.640136399843879,0.00270853428560749,-0.007226489648620788
2.1504300860172036,PASSED,-0.262676750468764,-0.0005175028552284948,0.001377706935731083,2.6401391047795175,0.002701329555723792,-0.007190223373749649
2.1514302860572116,PASSED,-0.26267726728552876,-0.0005161292670211295,0.0013708423884546566,2.640141802528379,0.0026941608243642376,-0.007154403350091297
2.1524304860972197,PASSED,-0.26267778273209996,-0.0005147624872884338,0.0013640712955231402,2.64014449312623,0.0026870276310339614,-0.0071190533170661496
2.1534306861372277,PASSED,-0.2626782968152366,-0.0005134024184120355,0.0013574005969815566,2.640147176608342,0.002679929458975911,-0.007084251218706386
2.1544308861772357,PASSED,-0.26267880954159606,-0.0005120489553211491,0.0013508380868231295,2.6401498530094525,0.0026728657456031447,-0.007050021475472768
2.1554310862172437,PASSED,-0.26267932091772694,-0.0005107019848877827,0.0013443919977285286,2.640152522363739,0.002665835925861012,-0.007016351919905965
2.1564312862572517,PASSED,-0.26267983095006175,-0.0005093613881221671,0.0013380666108736932,2.6401551847047644,0.0026588393632215684,-0.00698336978580233
2.1574314862972597,PASSED,-0.26268033964491044,-0.0005080270390589564,0.0013318706981019694,2.640157840065458,0.002651875394480133,-0.006951034711856319
2.1584316863372677,PASSED,-0.2626808470084536,-0.0005066988048358864,0.0013258099063819223,2.6401604884780747,0.002644943350676168,-0.006919383198704049
2.1594318863772757,PASSED,-0.26268135304673673,-0.0005053765475719484,0.0013198888356421546,2.640163129974156,0.002638042485553742,-0.006888519738240764
2.1604320864172837,PASSED,-0.26268185776566444,-0.0005040601239149307,0.0013141135379347213,2.6401657645845162,0.002631172055153472,-0.006858370841622959
2.1614322864572917,PASSED,-0.2626823611709947,-0.0005027493839425227,0.0013084909287235655,2.6401683923392087,0.00262433130788247,-0.006828998223920527
2.1624324864972992,PASSED,-0.26268286326833395,-0.0005014441736800959,0.0013030231515621903,2.6401710132674805,0.0026175193976858604,-0.006800518178402412
2.1634326865373072,PASSED,-0.2626833640631325,-0.0005001443353169582,0.0012977151708546413,2.6401736273977736,0.0026107355073076008,-0.0067728051781643425
2.1644328865773153,PASSED,-0.2626838635606799,-0.00049884970538317,0.0012925731090772492,2.6401762347576927,0.0026039788230938056,-0.006745936904215289
2.1654330866173233,PASSED,-0.2626843617661011,-0.0004975601171166134,0.0012875983715431103,2.6401788353739795,0.002597248437276804,-0.006720018425525579
2.1664332866573313,PASSED,-0.26268485868435276,-0.0004962754013544944,0.0012827940225029954,2.6401814292724977,0.002590543460128065,-0.006694949630881599
2.1674334866973393,PASSED,-0.26268535432021994,-0.0004949953842188822,0.0012781658776848761,2.6401840164782127,0.002583863013548547,-0.006670777878609669
2.1684336867373473,PASSED,-0.2626858486783133,-0.0004937198897308633,0.0012737135615750572,2.6401865970151888,0.0025772061756384025,-0.0066475445978334
2.1694338867773553,PASSED,-0.2626863417630666,-0.0004924487405780297,0.0012694395470059412,2.640189170906557,0.002570571994856707,-0.006625271570937667
2.1704340868173633,PASSED,-0.26268683357873424,-0.0004911817559900477,0.0012653479486326618,2.640191738174516,0.002563959543190824,-0.006603905062512527
2.1714342868573713,PASSED,-0.26268732412939017,-0.0004899187542514927,0.0012614375985032361,2.640194298840324,0.002557367887774144,-0.006583488986125139
2.1724344868973793,PASSED,-0.2626878134189259,-0.0004886595530710162,0.0012577102351253276,2.6401968529242823,0.002550796048352372,-0.006564073045536786
2.1734346869373873,PASSED,-0.2626883014510497,-0.00048740396842096004,0.0012541675933433122,2.6401994004457445,0.0025442430810789646,-0.006545563425321018
2.1744348869773953,PASSED,-0.2626887882292863,-0.00048615181619897786,0.0012508086410747362,2.6402019414230984,0.0025377080337890203,-0.006528036533025925
2.1754350870174033,PASSED,-0.26268927375697615,-0.0004849029125635899,0.0012476336315967156,2.6402044758737664,0.0025311899143489274,-0.006511508044804181
2.1764352870574113,PASSED,-0.26268975803727573,-0.0004836570735308233,0.001244642633546452,2.6402070038142242,0.0025246877936290556,-0.0064958625032500855
2.1774354870974193,PASSED,-0.2626902410731584,-0.0004824141159979259,0.0012418341324646784,2.640209525259982,0.002518200720035755,-0.0064812143200013005
2.1784356871374273,PASSED,-0.2626907228674147,-0.0004811738580487702,0.001239207160283084,2.6402120402255935,0.0025117277023429655,-0.006467553274648701
2.1794358871774353,PASSED,-0.26269120342265395,-0.00047993611893329565,0.0012367604189355095,2.6402145487246753,0.002505267835380217,-0.006454742754814745
2.1804360872174433,PASSED,-0.26269168274130583,-0.0004787007197667183,0.0012344916650051856,2.6402170507698997,0.0024988201890660264,-0.006442915353774538
2.1814362872574513,PASSED,-0.26269216082562197,-0.0004774674835464352,0.0012323992571351943,2.6402195463730127,0.0024923838055170683,-0.006432029012413403
2.1824364872974593,PASSED,-0.2626926376776787,-0.00047623623628023496,0.0012304792722435361,2.640222035544839,0.002485957791686415,-0.006422003709479863
2.1834366873374673,PASSED,-0.262693113299379,-0.00047500680595348644,0.0012287310297519531,2.6402245182953115,0.002479541277613653,-0.006412854314950313
2.1844368873774753,PASSED,-0.2626935876924562,-0.00047377902420834276,0.0012271488887381735,2.640226994633464,0.0024731333460818825,-0.006404649676316489
2.1854370874174833,PASSED,-0.26269406085847646,-0.0004725527256903324,0.0012257316041917846,2.6402294645674638,0.002466733135705202,-0.006397250843590058
2.1864372874574913,PASSED,-0.2626945327988429,-0.00047132774925963525,0.0012244729817007679,2.640231928104629,0.002460339843435185,-0.006390653220968342
2.1874374874974993,PASSED,-0.26269500351479885,-0.00047010393687360266,0.001223371988920526,2.6402343852514383,0.0024539526071385522,-0.0063849583470755615
2.1884376875375073,PASSED,-0.2626954730074324,-0.00046888113529151056,0.001222421310873061,2.6402368360135666,0.002447570630514726,-0.006379988808326433
2.1894378875775153,PASSED,-0.26269594127768064,-0.00046765919637864044,0.0012216173142014467,2.640239280395896,0.002441193165797263,-0.006375781990220873
2.1904380876175233,PASSED,-0.2626964083263342,-0.0004664379752830331,0.0012209569498778966,2.64024171840254,0.002434819425479527,-0.006372379202745605
2.1914382876575313,PASSED,-0.2626968741540421,-0.0004652173329649277,0.0012204325635904194,2.6402441500368856,0.0024284487000399597,-0.00636962293078154
2.1924384876975394,PASSED,-0.2626973387613172,-0.0004639971364424755,0.0012200391616934356,2.640246575301599,0.0024220803068784468,-0.006367573315334214
2.1934386877375474,PASSED,-0.2626978021485411,-0.00046277725680628803,0.0012197732858501675,2.640248994198664,0.002415713545336755,-0.00636622035926362
2.1944388877775554,PASSED,-0.26269826431596993,-0.00046155757109417876,0.0012196273296154036,2.6402514067294076,0.0024093477848258385,-0.006365453945351114
2.1954390878175634,PASSED,-0.2626987252637403,-0.0004603379629122678,0.0012195954167746944,2.6402538128945356,0.0024029824354020886,-0.006365279742682205
2.1964392878575714,PASSED,-0.2626991849918745,-0.0004591183213193391,0.0012196723770314033,2.6402562126941547,0.0023966168919783083,-0.0063657192111789725
2.1974394878975794,PASSED,-0.2626996435002874,-0.0004578985412870611,0.00121985180244229,2.640258606127818,0.0023902506220407948,-0.006366637088403111
2.1984396879375874,PASSED,-0.2627001007887926,-0.0004566785251896803,0.001220125627339903,2.6402609931945347,0.002383883110428843,-0.006368094627650738
2.1994398879775954,PASSED,-0.26270055685710814,-0.00045545818066255377,0.0012204904603176395,2.640263373892831,0.0023775138727896473,-0.006369999646892555
2.2004400880176034,PASSED,-0.26270101170486376,-0.0004542374221532493,0.001220937208629092,2.640265748220766,0.0023711424749436154,-0.006372329978791669
2.2014402880576114,PASSED,-0.2627014653316073,-0.0004530161718869323,0.0012214589714423117,2.640268116175972,0.002364768498964268,-0.006375073313051274
2.2024404880976194,PASSED,-0.2627019177368115,-0.0004517943577118296,0.0012220509775429606,2.640270477755684,0.002358391562107756,-0.006378179218819245
2.2034406881376274,PASSED,-0.26270236891988036,-0.00045057191420511984,0.0012227051928209542,2.6402728329567844,0.0023520113371688933,-0.0063815887522244005
2.2044408881776354,PASSED,-0.2627028188801569,-0.0004493487839540839,0.0012234136231791552,2.6402751817758405,0.002345627532469468,-0.006385281997558688
2.2054410882176434,PASSED,-0.2627032676169291,-0.0004481249156824768,0.0012241713705590789,2.6402775242091177,0.0023392398439471226,-0.006389292872202942
2.2064412882576514,PASSED,-0.2627037151294378,-0.00044690026537991446,0.00122496959056457,2.640279860252656,0.0023328480775728208,-0.006393415375701493
2.2074414882976594,PASSED,-0.262704161416883,-0.000445674795774376,0.0012258029488543096,2.6402821899022633,0.0023264520348414116,-0.006397794301881261
2.2084416883376674,PASSED,-0.2627046064784314,-0.0004444484771506734,0.0012266624069347041,2.6402845131535866,0.0023200515357719763,-0.006402302247804389
2.2094418883776754,PASSED,-0.26270505031322305,-0.0004432212866950764,0.0012275424880385348,2.640286830002124,0.0023136464803440128,-0.00640689088140303
2.2104420884176834,PASSED,-0.2627054929203786,-0.00044199320769897576,0.0012284366681420509,2.6402891404432816,0.002307236791156025,-0.006411554725711323
2.2114422884576914,PASSED,-0.262705934299006,-0.0004407642314749323,0.001229335927977694,2.640291444472392,0.0023008223992637806,-0.006416283336599498
2.2124424884976994,PASSED,-0.2627063744482077,-0.00043953435614643856,0.0012302349288378007,2.6402937420847645,0.0022944033058275685,-0.006420966835953588
2.2134426885377074,PASSED,-0.26270681336708734,-0.0004383035859566179,0.0012311270304758662,2.6402960332757104,0.0022879795414016088,-0.006425629485963392
2.2144428885777154,PASSED,-0.26270725105475673,-0.0004370719325679367,0.001232004294151386,2.640298318040586,0.00228155115237751,-0.006430228716189155
2.2154430886177234,PASSED,-0.2627076875103422,-0.00043583941405821045,0.0012328613201094574,2.6403005963748214,0.0022751182363783635,-0.006434707521117581
2.2164432886577314,PASSED,-0.2627081227329916,-0.0004346060548987526,0.0012336910523567104,2.640302868273962,0.0022686809317158533,-0.006439036090104579
2.2174434886977394,PASSED,-0.2627085567218806,-0.00043337188623263816,0.0012344870752862712,2.640305133733695,0.002262239390043018,-0.006443212061322895
2.2184436887377474,PASSED,-0.2627089894762191,-0.00043213694579625215,0.0012352426771191703,2.6403073927498895,0.0022557938086209864,-0.0064471609958373826
2.2194438887777554,PASSED,-0.26270942099525757,-0.0004309012767972439,0.0012359532136009947,2.640309645318626,0.0022493444239733503,-0.006450867082169013
2.2204440888177635,PASSED,-0.26270985127829294,-0.0004296649288590183,0.0012366110879753023,2.640311891436223,0.0022428914798249735,-0.00645432885918237
2.2214442888577715,PASSED,-0.2627102803246747,-0.00042842795768228,0.0012372112359136506,2.640314131099281,0.002236435276232701,-0.006457453414332459
2.2224444888977795,PASSED,-0.2627107081338107,-0.00042719042444100267,0.0012377479115198166,2.6403163643046965,0.0022299761324061722,-0.006460270767992671
2.2234446889377875,PASSED,-0.26271113470517266,-0.0004259523955162576,0.001238216266895281,2.6403185910497107,0.0022235143967905663,-0.006462712180682123
2.2244448889777955,PASSED,-0.26271156003830165,-0.00042471394315046854,0.0012386097650515838,2.6403208113319145,0.0022170504374968447,-0.0064647907024150035
2.2254450890178035,PASSED,-0.2627119841328133,-0.0004234751447366793,0.0012389241796143089,2.640323025149296,0.002210584661883639,-0.006466432220399462
2.2264452890578115,PASSED,-0.26271240698840287,-0.0004222360817521605,0.001239155521121815,2.6403252325002535,0.0022041175011956373,-0.006467646333069588
2.2274454890978195,PASSED,-0.26271282860484985,-0.00042099684133296036,0.001239297017918991,2.640327433383633,0.0021976494091924953,-0.006468389116523157
2.2284456891378275,PASSED,-0.26271324898202275,-0.0004197575146170119,0.0012393465146347947,2.6403296277987414,0.0021911808616599383,-0.006468653143245764
2.2294458891778355,PASSED,-0.2627136681198835,-0.0004185181969247009,0.0012392984774285054,2.6403318157453644,0.0021847123401654454,-0.006468433728656813
2.2304460892178435,PASSED,-0.2627140860184914,-0.0004172789882036657,0.0012391488834395904,2.6403339972238102,0.002178244387112765,-0.006467632602029183
2.2314462892578515,PASSED,-0.262714502678007,-0.0004160399911887134,0.0012388957692940669,2.6403361722349077,0.002171777540229384,-0.006466323070949249
2.2324464892978595,PASSED,-0.26271491809869607,-0.00041480131269232436,0.001238533647785632,2.640338340780037,0.002165312336181111,-0.006464458033155405
2.2334466893378675,PASSED,-0.2627153322809326,-0.00041356306315834437,0.0012380601247762276,2.640340502861143,0.002158849367824571,-0.006461975238796107
2.2344468893778755,PASSED,-0.2627157452252021,-0.000412325355445398,0.001237472771726489,2.6403426584807512,0.002152389223298267,-0.00645892405130937
2.2354470894178835,PASSED,-0.2627161569321046,-0.0004110883051773257,0.00123676859896957,2.640344807641988,0.002145932498644715,-0.006455258388379431
2.2364472894578915,PASSED,-0.26271656740235694,-0.0004098520307339556,0.0012359450063038349,2.640346950348587,0.002139479817911564,-0.00645096229633153
2.2374474894978995,PASSED,-0.2627169766367956,-0.00040861665281785044,0.0012349998559727344,2.640349086604906,0.0021330318108923633,-0.006446036834446384
2.2384476895379075,PASSED,-0.2627173846363783,-0.0004073822937676917,0.001233931846282752,2.640351216415938,0.0021265891126687766,-0.006440472483013763
2.2394478895779155,PASSED,-0.2627177914021862,-0.00040614907754622965,0.0012327391382481975,2.640353339787321,0.002120152377297266,-0.00643424396384154
2.2404480896179235,PASSED,-0.26271819693542525,-0.00040491713006904795,0.0012314197031373486,2.6403554567253416,0.0021137222548867876,-0.006427374708236401
2.2414482896579315,PASSED,-0.2627186012374275,-0.000403686578004401,0.0012299736389866478,2.640357567236945,0.0021072994051657165,-0.006419833062960642
2.2424484896979395,PASSED,-0.2627190043096523,-0.0004024575487460809,0.001228399671209076,2.640359671329743,0.0021008845054122163,-0.006411610880526173
2.2434486897379475,PASSED,-0.26271940615368655,-0.00040123017079101743,0.001226696810966446,2.6403617690120114,0.0020944782138256042,-0.006402745390669551
2.2444488897779555,PASSED,-0.26271980677124607,-0.00040000457280933444,0.0012248654288274147,2.6403638602926995,0.0020880812030093085,-0.006393187766713094
2.2454490898179635,PASSED,-0.2627202061641746,-0.00039878088263486244,0.0012229066715683144,2.640365945181427,0.0020816941538833664,-0.00638295669876158
2.2464492898579715,PASSED,-0.2627206043344449,-0.0003975592295706345,0.0012208173260010483,2.6403680236884814,0.0020753177244314494,-0.006372077954020679
2.2474494898979795,PASSED,-0.2627210012841577,-0.0003963397418089519,0.0012186013854703194,2.6403700958248235,0.0020689525883192074,-0.0063605082177226775
2.2484496899379876,PASSED,-0.2627213970155416,-0.00039512254581451015,0.0012162590670893004,2.6403721616020803,0.0020625994186857254,-0.00634827724398825
2.2494498899779956,PASSED,-0.2627217915309517,-0.0003939077682939558,0.0012137898228643522,2.640374221032538,0.0020562588589616653,-0.0063354147107744984
2.2504500900180036,PASSED,-0.26272218483286913,-0.00039269553475166003,0.0012111960219166151,2.6403762741291423,0.0020499315725145744,-0.006321867604634865
2.2514502900580116,PASSED,-0.2627225769238992,-0.00039148596847849836,0.0012084797739917831,2.640378320905484,0.0020436182058648535,-0.006307699346445118
2.2524504900980196,PASSED,-0.26272296780677024,-0.0003902791917816136,0.0012056413121467617,2.6403803613757995,0.002037319389603091,-0.006292894205307629
2.2534506901380276,PASSED,-0.26272335748433157,-0.000389075324636148,0.0012026843676782117,2.640382395554956,0.0020310357591728535,-0.006277454580190225
2.2544508901780356,PASSED,-0.26272374595955145,-0.0003878744848864829,0.0011996100043231725,2.6403844234584435,0.002024767927858714,-0.006261415803438979
2.2554510902180436,PASSED,-0.262724133235515,-0.00038667678852817724,0.0011964205942940167,2.640386445102356,0.0020185164884301016,-0.006244788512061863
2.2564512902580516,PASSED,-0.26272451931542173,-0.0003854823482813462,0.001193120015189069,2.640388460503391,0.0020122820459135844,-0.006227545186154904
2.2574514902980596,PASSED,-0.26272490420258254,-0.0003842912743436276,0.0011897098860715358,2.640390469678825,0.002006065175054813,-0.006209754640515834
2.2584516903380676,PASSED,-0.26272528790041727,-0.00038310367418638243,0.001186193671360871,2.6403924726465022,0.0019998664216139815,-0.006191419307709105
2.2594518903780756,PASSED,-0.2627256704124512,-0.0003819196518348478,0.0011825748049838138,2.640394469424819,0.001993686338380569,-0.006172525850548008
2.2604520904180836,PASSED,-0.26272605174231234,-0.0003807393081636442,0.0011788562486834957,2.6403964600327092,0.0019875254622439254,-0.006153109660706907
2.2614522904580916,PASSED,-0.26272643189372735,-0.0003795627400822249,0.001175042636576466,2.6403984444896187,0.0019813842806163666,-0.006133229605459752
2.2624524904980996,PASSED,-0.26272681087051847,-0.00037839004128508634,0.0011711362375133518,2.6404004228154916,0.0019752632852923775,-0.0061128391363423715
2.2634526905381076,PASSED,-0.26272718867659933,-0.0003772213015882286,0.0011671420030873933,2.6404023950307542,0.0019691629633817645,-0.006091977093460415
2.2644528905781156,PASSED,-0.2627275653159713,-0.0003760566064103688,0.0011630639610414393,2.640404361156286,0.0019630837422658235,-0.00607071713092888
2.2654530906181236,PASSED,-0.26272794079271955,-0.00037489603755313546,0.0011589054546945854,2.64040632121341,0.0019570260550101455,-0.006049000672177771
2.2664532906581316,PASSED,-0.2627283151110084,-0.0003737396723143052,0.0011546717615873916,2.6404082752238507,0.0019509903009283305,-0.006026923021572989
2.2674534906981396,PASSED,-0.2627286882750773,-0.00037258758309058505,0.0011503675318086496,2.6404102232097397,0.0019449768678154108,-0.006004439840483966
2.2684536907381476,PASSED,-0.2627290602892365,-0.0003714398390666263,0.0011459950187255022,2.6404121651935677,0.0019389861126462194,-0.005981632054996527
2.2694538907781556,PASSED,-0.26272943115786224,-0.00037029650380310264,0.0011415620933890958,2.6404141011981723,0.0019330183561391847,-0.005958506141726663
2.2704540908181636,PASSED,-0.26272980088539233,-0.00036915763585989485,0.0011370718430868407,2.6404160312467164,0.0019270739235186668,-0.0059350502730454524
2.2714542908581716,PASSED,-0.26273016947632133,-0.00036802329055651747,0.0011325276102376529,2.640417955362653,0.001921153091304241,-0.005911353508679279
2.2724544908981796,PASSED,-0.2627305369351959,-0.0003668935174284146,0.001127936806679666,2.64041987356971,0.0019152561121314284,-0.005887396282234743
2.2734546909381876,PASSED,-0.26273090326660975,-0.00036576836049143785,0.0011233036905080405,2.6404217858918653,0.0019093832378100186,-0.005863193014193296
2.2744548909781956,PASSED,-0.26273126847519906,-0.00036464786025058486,0.0011186312744162642,2.6404236923533135,0.001903534663665389,-0.0058388282315866265
2.2754550910182036,PASSED,-0.26273163256563703,-0.0003635320512861891,0.0011139274243820605,2.6404255929784415,0.0018977105616245584,-0.005814284580326569
2.2764552910582116,PASSED,-0.26273199554262955,-0.0003624209634144749,0.0011091948366022879,2.64042748779181,0.001891911107872076,-0.005789566533919558
2.2774554910982197,PASSED,-0.26273235741090967,-0.00036131462193809505,0.0011044392362315602,2.6404293768181195,0.0018861364260335132,-0.0057647587083248615
2.2784556911382277,PASSED,-0.2627327181752331,-0.00036021304638811564,0.0010996664258113252,2.6404312600821926,0.0018803866135969245,-0.005739848255431122
2.2794558911782357,PASSED,-0.26273307784037264,-0.00035911625155978904,0.0010948804300034748,2.640433137608936,0.0018746617518091233,-0.0057148708093813965
2.2804560912182437,PASSED,-0.2627334364111137,-0.00035802424770503197,0.0010900861379261322,2.6404350094233258,0.0018689618976366299,-0.005689843081234737
2.2814562912582517,PASSED,-0.2627337938922489,-0.0003569370394322947,0.0010852896959446065,2.6404368755503778,0.001863287074729464,-0.0056648094577867215
2.2824564912982597,PASSED,-0.26273415028857366,-0.0003558546270428894,0.0010804941850457556,2.6404387360151103,0.0018576372652114378,-0.005639809558186315
2.2834566913382677,PASSED,-0.26273450560488076,-0.00035477700556293517,0.001075706343226601,2.640440590842547,0.00185201247579342,-0.005614775991238848
2.2844568913782757,PASSED,-0.26273485984595574,-0.0003537041651793165,0.0010709297438801157,2.640442440057657,0.001846412640328214,-0.005589875114517401
2.2854570914182837,PASSED,-0.26273521301657216,-0.0003526360917552143,0.0010661692109168997,2.640444283685357,0.001840837667757264,-0.005565037541905165
2.2864572914582917,PASSED,-0.2627355651214868,-0.00035157276605459696,0.0010614300270843661,2.6404461217504727,0.0018352874873434125,-0.005540275661815896
2.2874574914982997,PASSED,-0.26273591616543507,-0.0003505141641002451,0.0010567165725301581,2.640447954277716,0.0018297619603746364,-0.005515694506749568
2.2884576915383077,PASSED,-0.26273626615312595,-0.0003494602575470664,0.001052033206944441,2.6404497812916676,0.0018242609318647044,-0.005491251178720552
2.2894578915783157,PASSED,-0.26273661508923857,-0.0003484110143417607,0.0010473832042131861,2.6404516028167433,0.0018187842442476633,-0.005466978575921596
2.2904580916183237,PASSED,-0.26273696297841675,-0.00034736639703964215,0.0010427733673887725,2.6404534188771835,0.0018133317037033628,-0.005442915189886317
2.2914582916583317,PASSED,-0.26273730982526544,-0.000346326364066552,0.0010382060435577916,2.6404552294970207,0.0018079030854452767,-0.005419086970218843
2.2924584916983397,PASSED,-0.2627376556343461,-0.00034529087044917985,0.0010336853332483956,2.6404570347000598,0.0018024981553353958,-0.005395492202989207
2.2934586917383477,PASSED,-0.2627380004101731,-0.0003442598672043594,0.0010292151858684482,2.640458834509861,0.0017971166637889304,-0.0053721577754497485
2.2944588917783557,PASSED,-0.26273834415720954,-0.00034323330074232506,0.001024800646144978,2.6404606289497212,0.001791758332268547,-0.005349114017005846
2.2954590918183637,PASSED,-0.2627386868798634,-0.0003422111139714655,0.0010204441873360476,2.6404624180426457,0.0017864228570040471,-0.00532638276282906
2.2964592918583717,PASSED,-0.2627390285824844,-0.0003411932473090669,0.0010161483124403088,2.6404642018113305,0.0017811099184643097,-0.0053039757243430186
2.2974594918983797,PASSED,-0.2627393692693599,-0.00034017963672398807,0.0010119187668378628,2.640465980278158,0.0017758192051714045,-0.005281871671947047
2.2984596919383877,PASSED,-0.2627397089447122,-0.00033917021475524486,0.0010077574366800905,2.6404677534651575,0.0017705503471721904,-0.005260182217392299
2.2994598919783957,PASSED,-0.2627400476126948,-0.0003381649118640294,0.001003666527572411,2.6404695213940133,0.0017653029845827225,-0.005238816170851657
2.3004600920184037,PASSED,-0.26274038527738997,-0.000337163655197498,0.0009996500925039983,2.640471284086028,0.0017600767472735657,-0.0052178514013604
2.3014602920584117,PASSED,-0.26274072194280546,-0.0003361663682644859,0.0009957114933507873,2.640473041562115,0.0017548712171168233,-0.005197315993663554
2.3024604920984197,PASSED,-0.26274105761287203,-0.00033517297350745196,0.0009918502661560088,2.6404747938427953,0.0017496860068448622,-0.005177139790825942
2.3034606921384277,PASSED,-0.26274139229144117,-0.0003341833902529683,0.0009880719133687692,2.6404765409481654,0.0017445206932769804,-0.005157429419252818
2.3044608921784357,PASSED,-0.26274172598228246,-0.0003331975349302791,0.0009843775955694282,2.6404782828978957,0.001739374818976475,-0.005138170888006891
2.3054610922184438,PASSED,-0.2627420586890817,-0.00033221532342521854,0.0009807674447212574,2.64048001971123,0.0017342479792433051,-0.005119285629945336
2.3064612922584518,PASSED,-0.2627423904154388,-0.00033123666887499505,0.0009772459538915847,2.6404817514069507,0.0017291397007492433,-0.0051009404034727665
2.3074614922984598,PASSED,-0.2627427211648663,-0.00033026148250354297,0.0009738133164924411,2.640483478003389,0.0017240495050512047,-0.005083032561082141
2.3084616923384678,PASSED,-0.26274305094078754,-0.0003292896746589287,0.0009704708633621229,2.6404851995184115,0.001718976957364089,-0.005065557771138534
2.3094618923784758,PASSED,-0.2627433797465355,-0.0003283211547076163,0.0009672193432792125,2.640486915969415,0.001713921574573344,-0.0050485994704827855
2.3104620924184838,PASSED,-0.2627437075853515,-0.0003273558299064675,0.0009640617730619284,2.6404886273733124,0.0017088828469924895,-0.005032146321102431
2.3114622924584918,PASSED,-0.2627440344603843,-0.000326393607347509,0.0009609964162228112,2.6404903337465377,0.0017038603176182305,-0.005016118076363274
2.3124624924984998,PASSED,-0.2627443603746892,-0.0003254343934072299,0.0009580256229832474,2.640492035105036,0.0016988535007684367,-0.005000616032081265
2.313462692538508,PASSED,-0.2627446853312276,-0.000324478093641968,0.0009551491934477476,2.640493731464261,0.0016938618769001567,-0.004985629092412665
2.314462892578516,PASSED,-0.26274500933286643,-0.0003235246137727666,0.0009523669863704292,2.6404954228391726,0.001688884967227907,-0.004971096725474461
2.315463092618524,PASSED,-0.2627453323823781,-0.0003225738588008027,0.0009496802956928389,2.6404971092442437,0.0016839222961656203,-0.004957053953495035
2.316463292658532,PASSED,-0.2627456544824403,-0.0003216257340794533,0.0009470876717871801,2.6404987906934476,0.0016789733436370223,-0.0049435515786666944
2.31746349269854,PASSED,-0.26274597563563634,-0.0003206801456150951,0.0009445889927388729,2.6405004672002605,0.0016740376109529824,-0.004930520087622242
2.318463692738548,PASSED,-0.26274629584445525,-0.00031973699925887475,0.0009421845985413715,2.640502138777671,0.0016691146329317226,-0.004917949977018442
2.319463892778556,PASSED,-0.2627466151112924,-0.00031879620130003593,0.0009398735323704816,2.6405038054381884,0.0016642039268610213,-0.004905876799823391
2.320464092818564,PASSED,-0.26274693343845046,-0.0003178576596660132,0.0009376537017908642,2.640505467193817,0.0016593049672915634,-0.004894348082547388
2.321464292858572,PASSED,-0.2627472508281397,-0.0003169212825928416,0.000935525987425434,2.640507124056098,0.0016544173088871299,-0.004883198619024524
2.32246449289858,PASSED,-0.2627475672824797,-0.0003159869795627621,0.0009334877251821457,2.640508776036091,0.0016495404949849817,-0.004872557424230386
2.323464692938588,PASSED,-0.2627478828035001,-0.00031505466148243805,0.0009315383170853099,2.6405104231443857,0.001644674017412604,-0.0048624243378094295
2.324464892978596,PASSED,-0.26274819739314204,-0.0003141242405873554,0.0009296759470808139,2.6405120653911096,0.001639817435166573,-0.004852687518178712
2.325465093018604,PASSED,-0.2627485110532598,-0.00031319563071070323,0.0009278991630331334,2.6405137027859404,0.0016349703222120152,-0.004843396578810312
2.326465293058612,PASSED,-0.2627488237856226,-0.00031226874770665385,0.0009262055647268961,2.6405153353381112,0.0016301322127698745,-0.004834584684361147
2.32746549309862,PASSED,-0.26274913559191615,-0.0003113435090197831,0.0009245941016333649,2.640516963056412,0.0016253026661089429,-0.004826187978644977
2.328465693138628,PASSED,-0.2627494464737448,-0.00031041983426097626,0.0009230618635891323,2.6405185859492195,0.0016204813015118663,-0.0048181490093644665
2.329465893178636,PASSED,-0.2627497564326338,-0.00030949764534100936,0.0009216069575520788,2.6405202040244893,0.0016156676883911964,-0.004810589194873927
2.330466093218644,PASSED,-0.2627500654700311,-0.00030857686635118385,0.0009202270113411094,2.6405218172897764,0.0016108614117129939,-0.004803401667088096
2.331466293258652,PASSED,-0.2627503735873104,-0.00030765742414439547,0.0009189190037532469,2.6405234257522463,0.0016060621224715883,-0.004796547624284011
2.33246649329866,PASSED,-0.2627506807857731,-0.0003067392475794692,0.0009176816057083019,2.64052502941869,0.0016012694430595149,-0.004790100603933123
2.333466693338668,PASSED,-0.2627509870666512,-0.000305822268528461,0.0009165106812080705,2.6405266282955364,0.0015964829998985452,-0.004784004865660697
2.334466893378676,PASSED,-0.26275129243110995,-0.0003049064221339199,0.0009154035367630721,2.6405282223888586,0.001591702460680715,-0.004778228785943515
2.335467093418684,PASSED,-0.26275159688025057,-0.0003039916450856932,0.0009143593892025491,2.640529811704409,0.0015869275170985707,-0.004772753446278417
2.336467293458692,PASSED,-0.2627519004151136,-0.00030307787844766445,0.0009133714705794961,2.6405313962476065,0.0015821578304530289,-0.004767642111717573
2.3374674934987,PASSED,-0.2627522030366814,-0.000302165066095725,0.0009124396061794653,2.6405329760235836,0.0015773931215775795,-0.004762753384604166
2.338467693538708,PASSED,-0.2627525047458815,-0.0003012531539299395,0.0009115605388560856,2.6405345510371734,0.0015726331191461358,-0.004758168462669781
2.339467893578716,PASSED,-0.2627528055435899,-0.00030034209228840586,0.0009107290433186996,2.6405361212929455,0.00156787753987789,-0.004753853138629813
2.340468093618724,PASSED,-0.2627531054306339,-0.00029943183463699744,0.0009099433901348898,2.6405376867952155,0.0015631261564938265,-0.004749736881019061
2.341468293658732,PASSED,-0.26275340440779604,-0.0002985223371848901,0.0009092001600888988,2.640539247548064,0.0015583787457032047,-0.004745860063690155
2.34246849369874,PASSED,-0.26275370247581675,-0.00029761355979243003,0.0009084955473742072,2.6405408035553513,0.001553635079680861,-0.004742203328112981
2.343468693738748,PASSED,-0.2627539996353983,-0.0002967054660921831,0.0009078258021620474,2.640542354820744,0.0015488949853518597,-0.0047386883295935465
2.344468893778756,PASSED,-0.26275429588720806,-0.00029579802275255136,0.000907188364611508,2.6405439013477157,0.0015441582805236077,-0.0047353824940238945
2.345469093818764,PASSED,-0.26275459123188183,-0.0002948911999346784,0.0009065791200473572,2.6405454431395823,0.001539424802845337,-0.004732207801101697
2.346469293858772,PASSED,-0.2627548856700277,-0.0002939849717442417,0.0009059942373628598,2.6405469801995203,0.0015346944424617912,-0.004729128771842292
2.34746949389878,PASSED,-0.26275517920222885,-0.0002930793152060313,0.0009054314054421877,2.640548512530564,0.0015299670514122771,-0.004726232567962057
2.348469693938788,PASSED,-0.26275547182904807,-0.0002921742113692563,0.0009048854576635716,2.64055004013565,0.0015252425351113858,-0.004723372122843931
2.349469893978796,PASSED,-0.2627557635510306,-0.0002912696447031857,0.0009043541383418623,2.640551563017621,0.0015205208357139495,-0.004720584247164245
2.350470094018804,PASSED,-0.2627560543687077,-0.0002903656028483098,0.0009038336658986583,2.6405530811792453,0.001515801862219462,-0.004717899659369598
2.351470294058812,PASSED,-0.2627563442826004,-0.00028946207733584773,0.0009033200768377203,2.6405545946232367,0.0015110855711744009,-0.004715218635522498
2.35247049409882,PASSED,-0.26275663329322296,-0.0002885590631941992,0.0009028101848557736,2.6405561033522824,0.001506371968113307,-0.004712526011474793
2.353470694138828,PASSED,-0.26275692140108603,-0.0002876565584770593,0.0009023010719959676,2.6405576073690376,0.00150166100697914,-0.0047099178826287965
2.354470894178836,PASSED,-0.2627572086067004,-0.0002867545651181,0.0009017882169349156,2.64055910667617,0.0014969527059746019,-0.004707223085810851
2.355471094218844,PASSED,-0.2627574949105804,-0.0002858530885791262,0.000901268753666327,2.6405606012763583,0.0014922471132105446,-0.004704505882888062
2.356471294258852,PASSED,-0.2627577803132471,-0.00028495213660107,0.0009007407943160921,2.6405620911723187,0.0014875442481383986,-0.0047017711983178305
2.35747149429886,PASSED,-0.2627580648152315,-0.0002840517211166951,0.0009001986110807648,2.6405635763668216,0.0014828441766194791,-0.004698938399320497
2.358471694338868,PASSED,-0.2627583484170781,-0.0002831518576047621,0.0008996401125012558,2.6405650568627026,0.001478146986901824,-0.004696023929878414
2.359471894378876,PASSED,-0.2627586311193479,-0.0002822525635601315,0.0008990633327167648,2.6405665326628855,0.0014734527631993233,-0.00469302355091575
2.360472094418884,PASSED,-0.26275891292262127,-0.0002813538601693905,0.0008984634294237505,2.6405680037704014,0.0014687616246386076,-0.00468988190058242
2.361472294458892,PASSED,-0.26275919382750146,-0.00028045577201654795,0.0008978379684551341,2.6405694701883924,0.0014640736917399852,-0.004686633563982339
2.3624724944989,PASSED,-0.2627594738346172,-0.00027955832565201356,0.0008971852952539233,2.6405709319201374,0.001459389101067113,-0.004683228745465394
2.363472694538908,PASSED,-0.26275975294462556,-0.0002786615508671794,0.0008965011112209219,2.640572388969063,0.0014547080165904108,-0.004679654964193335
2.364472894578916,PASSED,-0.2627600311582151,-0.0002777654808220812,0.0008957826676831643,2.6405738413387594,0.0014500306087189617,-0.004675909809619551
2.365473094618924,PASSED,-0.26276030847610804,-0.0002768701504648867,0.0008950288168686172,2.6405752890329954,0.0014453570569147953,-0.004671979800530866
2.366473294658932,PASSED,-0.2627605848990631,-0.0002759755971743306,0.000894236273014505,2.640576732055727,0.0014406875582736634,-0.004667844534866212
2.36747349469894,PASSED,-0.2627608604278779,-0.00027508186140941753,0.0008934020928453679,2.6405781704111124,0.00143602232225168,-0.004663497013394987
2.368473694738948,PASSED,-0.2627611350633914,-0.00027418898578575936,0.0008925246442000879,2.6405796041035274,0.0014313615700980824,-0.004658922247066203
2.369473894778956,PASSED,-0.2627614088064863,-0.0002732970148228389,0.0008916018420673929,2.64058103313758,0.00142670554510605,-0.004654093488676491
2.370474094818964,PASSED,-0.26276168165809066,-0.00027240599503401854,0.0008906317533223573,2.6405824575181076,0.001422054476098523,-0.004649052686760652
2.371474294858972,PASSED,-0.2627619536191804,-0.0002715159753547823,0.0008896116298454923,2.6405838772502053,0.0014174086257444268,-0.004643715465653344
2.37247449489898,PASSED,-0.2627622246907811,-0.0002706270063068141,0.0008885406600500394,2.640585292339221,0.0014127682609738495,-0.004638130973859894
2.373474694938988,PASSED,-0.2627624948739695,-0.0002697391400920503,0.0008874165845729757,2.640586702790772,0.0014081336412082404,-0.004632278960108811
2.374474894978996,PASSED,-0.26276276416987576,-0.00026885243072331604,0.0008862378915084193,2.6405881086107543,0.0014035050594957312,-0.004626116880775828
2.375475095019004,PASSED,-0.2627630325796841,-0.00026796693306776895,0.0008850041649062105,2.640589509805348,0.0013988828074980378,-0.004619675408971803
2.376475295059012,PASSED,-0.262763300104635,-0.0002670827039946407,0.0008837123452762076,2.640590906381026,0.0013942671692853568,-0.0046129467484871895
2.37747549509902,PASSED,-0.262763566746026,-0.0002661998013341585,0.0008823628706195718,2.640592298344553,0.0013896584433424185,-0.00460591207257262
2.378475695139028,PASSED,-0.262763832505213,-0.0002653182838685308,0.0008809538622998243,2.64059368570301,0.0013850569581535816,-0.004598533933013134
2.379475895179036,PASSED,-0.2627640973836111,-0.00026443821124445474,0.0008794851319268736,2.640595068463778,0.0013804630106428603,-0.004590889895860039
2.380476095219044,PASSED,-0.26276436138269554,-0.00026355964404595547,0.0008779552428808822,2.6405964466345564,0.0013758769103353434,-0.0045829072486214175
2.381476295259052,PASSED,-0.26276462450400256,-0.0002626826436941881,0.0008763637576917264,2.6405978202233573,0.001371298988048101,-0.004574598979656619
2.38247649529906,PASSED,-0.2627648867491296,-0.00026180727163532894,0.0008747109263042,2.6405991892385234,0.0013667295729130943,-0.004565959238573675
2.383476695339068,PASSED,-0.26276514811973634,-0.00026093359012064905,0.0008729952402637614,2.640600553688708,0.0013621689665658996,-0.0045570377529419994
2.384476895379076,PASSED,-0.2627654086175442,-0.00026006166127672204,0.0008712179130358811,2.6406019135829006,0.0013576175120531943,-0.004547732352547568
2.385477095419084,PASSED,-0.26276566824433745,-0.0002591915478293941,0.0008693771368559468,2.6406032689304086,0.001353075537392824,-0.004538136198918903
2.386477295459092,PASSED,-0.2627659270019624,-0.00025832331204906825,0.0008674748759724628,2.6406046197408704,0.0013485433527122776,-0.004528217001631689
2.3874774954991,PASSED,-0.26276618489232795,-0.0002574570161435045,0.0008655099252912186,2.6406059660242436,0.0013440212908306037,-0.004517958468368806
2.388477695539108,PASSED,-0.262766441917405,-0.00025659272241011164,0.0008634829387939689,2.640607307790814,0.0013395096813639408,-0.004507376798858921
2.389477895579116,PASSED,-0.2627666980792261,-0.0002557304918928484,0.0008613955695760152,2.6406086450511927,0.0013350088424438269,-0.0044964803342835355
2.3904780956191236,PASSED,-0.2627669533798854,-0.0002548703860784144,0.0008592459776727682,2.6406099778163075,0.0013305190883541606,-0.004485269926588039
2.3914782956591316,PASSED,-0.26276720782153756,-0.00025401246537103914,0.0008570371938435293,2.640611306097402,0.0013260407363656435,-0.004473740029802894
2.3924784956991396,PASSED,-0.2627674614063971,-0.00025315678881850144,0.0008547694583337373,2.6406126299060317,0.0013215740972405989,-0.004461905188539004
2.3934786957391476,PASSED,-0.2627677141367379,-0.0002523034156445675,0.0008524423176675494,2.640613949254071,0.0013171194882240678,-0.004449744901858765
2.3944788957791556,PASSED,-0.262767966014892,-0.0002514524037346909,0.0008500583046826261,2.640615264153683,0.0013126771914684396,-0.0044373313248076895
2.3954790958191636,PASSED,-0.2627682170432482,-0.000250603808818572,0.0008476193237430377,2.640616574617338,0.0013082475059122186,-0.004424588377163351
2.3964792958591716,PASSED,-0.2627684672242518,-0.00024975768680876657,0.0008451238005138211,2.6406178806577976,0.0013038307417040384,-0.0044115480955247395
2.3974794958991796,PASSED,-0.26276871656040224,-0.00024891409176591337,0.000842575871079437,2.640619182288109,0.0012994271604972242,-0.004398269947673913
2.3984796959391876,PASSED,-0.26276896505425235,-0.0002480730756295756,0.0008399763131767105,2.6406204795215955,0.0012950370304327342,-0.0043847034757004055
2.3994798959791956,PASSED,-0.2627692127084068,-0.000247234689901931,0.0008373253372898588,2.640621772371847,0.001290660634142414,-0.004370858166733381
2.4004800960192036,PASSED,-0.2627694595255204,-0.00024639898393862545,0.0008346263806493949,2.640623060852726,0.0012862982352924391,-0.004356759305469465
2.4014802960592116,PASSED,-0.26276970550829637,-0.0002455660051049119,0.0008318804690897136,2.6406243449783373,0.0012819500553316358,-0.004342460397692626
2.4024804960992197,PASSED,-0.26276995065948466,-0.00024473579927758394,0.0008290893994867917,2.640625624763031,0.0012776163427994079,-0.004327880621918427
2.4034806961392277,PASSED,-0.2627701949818801,-0.00024390841052233676,0.0008262549924207927,2.640626900221402,0.0012732973590046071,-0.004313052576722323
2.4044808961792357,PASSED,-0.26277043847832043,-0.00024308388074033527,0.0008233796417219659,2.6406281713682573,0.0012689932844019418,-0.004298089286627478
2.4054810962192437,PASSED,-0.26277068115168445,-0.00024226224971777492,0.0008204652764526226,2.6406294382186206,0.0012647043238151715,-0.004282874786865821
2.4064812962592517,PASSED,-0.2627709230048895,-0.00024144355536410462,0.0008175137384820406,2.6406307007877197,0.001260430709804967,-0.004267440159096554
2.4074814962992597,PASSED,-0.2627711640408901,-0.00024062783350605596,0.0008145272710930521,2.640631959090974,0.0012561726083741714,-0.004251875611928663
2.4084816963392677,PASSED,-0.262771404262675,-0.00023981511745778966,0.0008115085663818342,2.640633213143988,0.0012519301881847092,-0.004236116574484336
2.4094818963792757,PASSED,-0.26277164367326517,-0.0002390054380514222,0.0008084599663578581,2.640634462962526,0.0012477036232981867,-0.00422019709454803
2.4104820964192837,PASSED,-0.26277188227571185,-0.0002381988244357727,0.0008053827151772738,2.640635708562515,0.0012434930620390458,-0.004204137368869421
2.4114822964592917,PASSED,-0.2627721200730937,-0.00023739530315824796,0.0008022803190897123,2.6406369499600246,0.0012392986383522207,-0.0041879478987959
2.4124824964992997,PASSED,-0.2627723570685147,-0.00023659489814765804,0.0007991548049233646,2.6406381871712514,0.0012351204732556605,-0.004171643228402941
2.4134826965393077,PASSED,-0.2627725932651017,-0.00023579763095092477,0.0007960087912732445,2.64063942021252,0.0012309586930612287,-0.004155204838450832
2.4144828965793157,PASSED,-0.26277282866600205,-0.0002350035209553629,0.0007928441317543182,2.6406406491002583,0.001226813397882865,-0.004138688738305619
2.4154830966193237,PASSED,-0.26277306327438077,-0.00023421258461713338,0.0007896644758796608,2.6406418738509845,0.0012226846558238938,-0.004122110939414763
2.4164832966593317,PASSED,-0.2627732970934185,-0.00023342483626169876,0.0007864709418045888,2.6406430944813017,0.0012185725573468607,-0.0041054235021120095
2.4174834966993397,PASSED,-0.26277353012630894,-0.00023264028777819686,0.0007832668446334406,2.6406443110078786,0.0012144771673851275,-0.004088700934814011
2.4184836967393477,PASSED,-0.262773762376256,-0.00023185894799509864,0.0007800550754080798,2.6406455234474384,0.0012103985181808046,-0.00407194805066223
2.4194838967793557,PASSED,-0.26277399384647165,-0.00023108082373725578,0.0007768370461327078,2.6406467318167453,0.0012063366513538473,-0.004055146011154071
2.4204840968193637,PASSED,-0.26277422454017335,-0.00023030591937196624,0.0007736159113940896,2.6406479361325963,0.0012022916013240967,-0.004038319375481777
2.4214842968593717,PASSED,-0.26277445446058134,-0.0002295342362620201,0.0007703945756475026,2.640649136411794,0.0011982633537155115,-0.0040215330973211215
2.4224844968993797,PASSED,-0.26277468361091644,-0.00022876577375427064,0.0007671744624840954,2.640650332671156,0.0011942519196393416,-0.004004701395402259
2.4234846969393877,PASSED,-0.26277491199439734,-0.00022800052877779793,0.0007639586524651118,2.640651524927478,0.0011902572850570714,-0.003987923373515685
2.4244848969793957,PASSED,-0.26277513961423826,-0.0002272384952683321,0.0007607500807996537,2.6406527131975395,0.0011862794058333458,-0.00397118312386551
2.4254850970194037,PASSED,-0.2627753664736466,-0.00022647966535077312,0.0007575498087318739,2.64065389749808,0.001182318249694975,-0.003954471481374644
2.4264852970594117,PASSED,-0.2627755925758204,-0.00022572402863137972,0.0007543613265010643,2.640655077845796,0.001178373768182189,-0.003937821533726781
2.4274854970994197,PASSED,-0.262775817923946,-0.00022497157187789917,0.0007511870381335396,2.640656254257315,0.0011744458772812937,-0.003921270479007677
2.4284856971394277,PASSED,-0.26277604252119596,-0.00022422228042106733,0.00074802773596405,2.640657426749198,0.0011705345057581725,-0.0039047722191966616
2.4294858971794357,PASSED,-0.2627762663707263,-0.00022347613671154198,0.000744887691899548,2.6406585953379187,0.0011666395736956241,-0.0038883719581162017
2.4304860972194438,PASSED,-0.262776489475675,-0.00022273312110163132,0.0007417675552513877,2.6406597600398527,0.0011627609598056675,-0.0038721085111833487
2.4314862972594518,PASSED,-0.26277671183915907,-0.00022199321198599403,0.0007386701558945677,2.6406609208712752,0.0011588985651722406,-0.0038559187149228243
2.4324864972994598,PASSED,-0.26277693346427283,-0.00022125638555819566,0.0007355972757342195,2.640662077848333,0.0011550522645191758,-0.003839888611826242
2.4334866973394678,PASSED,-0.262777154354086,-0.0002205226162472936,0.0007325506676806165,2.6406632309870535,0.0011512219163841472,-0.0038239878171637477
2.4344868973794758,PASSED,-0.2627773745116413,-0.0002197918759354176,0.0007295334080062494,2.6406643803033143,0.0011474073769238461,-0.00380824055572607
2.4354870974194838,PASSED,-0.2627775939399528,-0.00021906413480810312,0.0007265462735199305,2.6406655258128486,0.0011436084941061741,-0.00379264432563588
2.4364872974594918,PASSED,-0.26277781264200417,-0.00021833936193491358,0.0007235906063026041,2.6406666675312302,0.001139825106469439,-0.003777216510801431
2.4374874974994998,PASSED,-0.26277803062074645,-0.00021761752385567458,0.0007206697278632363,2.640667805473865,0.0011360570385198765,-0.0037619689087366377
2.438487697539508,PASSED,-0.262778247879097,-0.0002168985856657608,0.0007177838312808604,2.6406689396559777,0.0011323041008400572,-0.0037469168605409886
2.439487897579516,PASSED,-0.2627784644199371,-0.00021618251067065267,0.0007149357709929554,2.640670070092608,0.0011285661097519008,-0.0037320405732332415
2.440488097619524,PASSED,-0.26277868024611106,-0.00021546926115229557,0.0007121253499331727,2.6406711967986016,0.001124842870459951,-0.0037173717710942853
2.441488297659532,PASSED,-0.2627788953604246,-0.00021475879794362077,0.0007093551145026088,2.640672319788606,0.0011211341744556344,-0.003702912159798069
2.44248849769954,PASSED,-0.26277910976564317,-0.00021405107987513164,0.0007066267044801709,2.640673439077051,0.0011174397986272548,-0.003688684940767009
2.443488697739548,PASSED,-0.262779323464491,-0.00021334606509251666,0.0007039401680381517,2.640674554678164,0.0011137595462264538,-0.003674630707490335
2.444488897779556,PASSED,-0.26277953645964985,-0.00021264371075285248,0.0007012971207481913,2.6406756666059334,0.0011100931714949514,-0.003660870747510491
2.445489097819564,PASSED,-0.26277974875375776,-0.00021194397240202877,0.000698699170874039,2.640676774874137,0.001106440450935771,-0.0036472871002938933
2.446489297859572,PASSED,-0.262779960349408,-0.0002112468047622137,0.0006961466191091087,2.6406778794963026,0.0011028011521228087,-0.003633973288074553
2.44748949789958,PASSED,-0.2627801712491485,-0.00021055216234151314,0.0006936396217615259,2.640678980485735,0.0010991750303293382,-0.0036208874637343566
2.448489697939588,PASSED,-0.26278038145548066,-0.00020985999794969205,0.0006911809051940972,2.6406800778554897,0.0010955618466028346,-0.003608047901683179
2.449489897979596,PASSED,-0.2627805909708587,-0.0002091702638680238,0.0006887695326510605,2.6406811716183745,0.0010919613448440262,-0.003595470996891956
2.450490098019604,PASSED,-0.26278079979768926,-0.00020848291259201697,0.0006864057715773473,2.6406822617869543,0.0010883732830455968,-0.0035831223327875863
2.451490298059612,PASSED,-0.2627810079383304,-0.00020779789537402426,0.0006840915156029378,2.640683348373534,0.0010847974021307616,-0.0035710533028667658
2.45249049809962,PASSED,-0.26278121539509175,-0.00020711516283364003,0.0006818265569050689,2.6406844313901696,0.00108123344455211,-0.003559227095841662
2.453490698139628,PASSED,-0.2627814221702335,-0.00020643466623460985,0.0006796099604469245,2.640685510848656,0.0010776811570897757,-0.003547661039996404
2.454490898179636,PASSED,-0.2627816282659666,-0.0002057563560033681,0.0006774437451049643,2.6406865867605402,0.0010741402897723672,-0.0035363381690165156
2.455491098219644,PASSED,-0.2627818336844527,-0.00020508018223533512,0.0006753271166516411,2.640687659137097,0.0010706105648579988,-0.003525316077936481
2.456491298259652,PASSED,-0.2627820384278035,-0.0002044060955902841,0.0006732596639839171,2.6406887279893523,0.0010670917307101146,-0.0035145128611825355
2.45749149829966,PASSED,-0.2627822424980815,-0.00020373404672312617,0.0006712416692739509,2.6406897933280717,0.0010635835459221552,-0.0035039660724777576
2.458491698339668,PASSED,-0.26278244589729954,-0.00020306398580761882,0.0006692737463296039,2.6406908551637613,0.0010600857306425184,-0.0034937147510760843
2.459491898379676,PASSED,-0.26278264862742134,-0.0002023958641722763,0.0006673535613511643,2.6406919135066707,0.00105659803227683,-0.003483687442096774
2.460492098419684,PASSED,-0.2627828506903618,-0.00020172963315131414,0.0006654826607028041,2.6406929683667895,0.0010531202034637457,-0.0034739230604092313
2.461492298459692,PASSED,-0.26278305208798713,-0.00020106524394686211,0.000663660233618137,2.6406940197538633,0.0010496519922088556,-0.003464403384543823
2.4624924984997,PASSED,-0.26278325282211573,-0.00020040264911280186,0.0006618845676883248,2.6406950676773793,0.0010461931425226074,-0.00345514722071804
2.463492698539708,PASSED,-0.2627834528945183,-0.00019974180175977817,0.0006601558765806146,2.6406961121465846,0.0010427434164326447,-0.003446112002792646
2.464492898579716,PASSED,-0.2627836523069189,-0.00019908265467372067,0.0006584745590420875,2.6406971531704757,0.0010393025680567438,-0.0034373392913067567
2.465493098619724,PASSED,-0.2627838510609956,-0.00019842516284542037,0.0006568366744724007,2.6406981907578086,0.0010358703488804284,-0.0034288057663211056
2.466493298659732,PASSED,-0.262784049158381,-0.00019776928146520516,0.0006552445173771054,2.6406992249171055,0.0010324465378358412,-0.003420481230098154
2.46749349869974,PASSED,-0.2627842466006634,-0.000197114965997575,0.0006536961011322468,2.640700255656659,0.001029030909692212,-0.0034123927526499578
2.468493698739748,PASSED,-0.26278444338938783,-0.00019646217391610754,0.0006521894016909131,2.640701282984526,0.001025623218238609,-0.003404557254237888
2.469493898779756,PASSED,-0.2627846395260567,-0.0001958108635235453,0.000650724386476483,2.6407023069085556,0.0010222232671936967,-0.003396880238695393
2.470494098819764,PASSED,-0.2627848350121314,-0.0001951609938409985,0.0006492998799270047,2.640703327436371,0.0010188308415611206,-0.0033894558951632174
2.471494298859772,PASSED,-0.262785029849033,-0.00019451252536531347,0.0006479142061904009,2.6407043445753886,0.0010154457145779541,-0.0033822410418354377
2.47249449889978,PASSED,-0.26278522403814386,-0.0001938654199849615,0.0006465661631263309,2.6407053583328257,0.001012067711241708,-0.003375178199186552
2.473494698939788,PASSED,-0.26278541758080864,-0.00019321964067453814,0.0006452547419547483,2.640706368715695,0.001008696627707403,-0.0033683537577169917
2.474494898979796,PASSED,-0.2627856104783358,-0.00019257515201877957,0.0006439779316277716,2.640707375730832,0.0010053322788940483,-0.003361678850447032
2.475495099019804,PASSED,-0.26278580273199914,-0.00019193191980226704,0.0006427350731023968,2.640708379384881,0.0010019744897377353,-0.00335519602689013
2.476495299059812,PASSED,-0.2627859943430387,-0.00019128991105695295,0.0006415245267885358,2.640709379684315,0.0009986230832528668,-0.00334888012352055
2.47749549909982,PASSED,-0.26278618531266285,-0.000190649095129155,0.0006403435284708829,2.64071037663544,0.0009952779024489363,-0.0033427145908702734
2.478495699139828,PASSED,-0.2627863756420497,-0.0001900094425317684,0.0006391919766637232,2.6407113702444054,0.0009919387961207075,-0.003336700819801142
2.479495899179836,PASSED,-0.2627865653323485,-0.00018937092475868484,0.0006380683040301449,2.640712360517205,0.0009886056049832367,-0.0033308513492507678
2.480496099219844,PASSED,-0.26278675438468124,-0.00018873351549667766,0.0006369699006585337,2.6407133474596995,0.0009852782048753715,-0.0033250992802748643
2.481496299259852,PASSED,-0.26278694280014453,-0.00018809719065347738,0.0006358948048947941,2.640714331077609,0.0009819564655081528,-0.0033194994251812054
2.48249649929986,PASSED,-0.2627871305798111,-0.0001874619268916146,0.0006348430665080709,2.6407153113765323,0.000978640257471234,-0.003314013778077048
2.483496699339868,PASSED,-0.2627873177247316,-0.00018682770262654568,0.0006338117307761483,2.640716288361955,0.0009753294817105806,-0.0033086170823711804
2.484496899379876,PASSED,-0.2627875042359362,-0.00018619449888859993,0.0006327984093921187,2.640717262039249,0.0009720240262434112,-0.003303347723701631
2.485497099419884,PASSED,-0.2627876901144365,-0.00018556229769028132,0.0006318030576029292,2.6407182324136973,0.0009687238030955922,-0.0032981400972305745
2.486497299459892,PASSED,-0.26278787536122705,-0.0001849310825708601,0.0006308231606333922,2.6407191994904875,0.0009654287298864972,-0.0032930286170046053
2.4874974994999,PASSED,-0.2627880599772873,-0.00018430083973377897,0.0006298559547129642,2.6407201632747332,0.000962138727537651,-0.0032879848367406896
2.488497699539908,PASSED,-0.2627882439635834,-0.00018367155665206252,0.0006289011663853805,2.640721123771475,0.0009588537346675817,-0.003282998225621638
2.489497899579916,PASSED,-0.2627884273210699,-0.00018304322250534263,0.0006279561336095658,2.640722080985695,0.0009555736940783905,-0.0032780688315709045
2.490498099619924,PASSED,-0.26278861005069126,-0.0001824158282761334,0.0006270196262756933,2.640723034922321,0.000952298557093523,-0.0032731824203986013
2.491498299659932,PASSED,-0.26278879215338413,-0.00018178936684807215,0.000626089295918255,2.6407239855862468,0.0009490282967933611,-0.003268312220003826
2.49249849969994,PASSED,-0.2627889736300789,-0.00018116383300959164,0.0006251635335220107,2.6407249329823186,0.0009457628636943243,-0.0032635136850588204
2.493498699739948,PASSED,-0.26278915448170126,-0.0001805392227619645,0.0006242413903639049,2.6407258771153717,0.0009425022512569161,-0.0032586782723078135
2.494498899779956,PASSED,-0.2627893347091741,-0.00017991553408238634,0.0006233202057209287,2.640726817990223,0.0009392464632904306,-0.0032538610959372606
2.495499099819964,PASSED,-0.26278951431341924,-0.00017929276718457664,0.0006223980258688747,2.6407277556116817,0.0009359954731063125,-0.0032490762429052433
2.496499299859972,PASSED,-0.2627896932953592,-0.0001786709233409935,0.0006214743887259899,2.6407286899845634,0.0009327492981254232,-0.003244240806211901
2.49749949989998,PASSED,-0.2627898716559185,-0.0001780500052280568,0.0006205472624104694,2.640729621113694,0.0009295079690514733,-0.00323938791910855
2.498499699939988,PASSED,-0.26279004939602596,-0.0001774300182606429,0.000619613437416152,2.6407305490039197,0.0009262714879596709,-0.0032345432069315395
2.499499899979996,PASSED,-0.26279022651661554,-0.00017681096838043095,0.0006186741754091196,2.640731473660114,0.0009230398932101893,-0.0032296291111818735
2.500500100020004,PASSED,-0.2627904030186286,-0.00017619286336749486,0.0006177255712874059,2.6407323950871886,0.0009198132395424937,-0.003224670038704454
2.501500300060012,PASSED,-0.2627905789030151,-0.00017557571317627674,0.0006167666045052693,2.640733313290101,0.0009165915630869906,-0.0032196807333689154
2.50250050010002,PASSED,-0.26279075417073505,-0.00017495952801488518,0.0006157975326490403,2.6407342282738644,0.0009133749244717682,-0.0032146105364579923
2.503500700140028,PASSED,-0.2627909288227602,-0.0001743443205674358,0.0006148140573162932,2.6407351400435473,0.0009101633896303991,-0.003209484377976624
2.504500900180036,PASSED,-0.2627911028600751,-0.00017373010488167605,0.0006138167713887008,2.640736048604291,0.000906957029754875,-0.003204276873888997
2.505501100220044,PASSED,-0.2627912762836792,-0.00017311689573535675,0.0006128040629396977,2.640736953961309,0.0009037559235074481,-0.003198992496452165
2.506501300260052,PASSED,-0.2627914490945873,-0.00017250470924364103,0.0006117747775664422,2.640737856119898,0.0009005601529998686,-0.003193622514997823
2.50750150030006,PASSED,-0.26279162129383116,-0.0001718935635336436,0.0006107263316180607,2.6407387550854438,0.000897369814895114,-0.0031881484979257887
2.508501700340068,PASSED,-0.26279179288246113,-0.0001712834776067173,0.000609658990465138,2.6407396508634267,0.0008941850088239246,-0.0031825777866986344
2.509501900380076,PASSED,-0.26279196386154674,-0.00017067447068990526,0.0006085722010433254,2.640740543459428,0.0008910058321078325,-0.0031769093356877626
2.510502100420084,PASSED,-0.2627921342321779,-0.00017006656421146,0.0006074626633799211,2.6407414328791377,0.0008878323988378882,-0.0031711158927819625
2.511502300460092,PASSED,-0.26279230399546627,-0.00016945978058397683,0.0006063309368853487,2.640742319128357,0.0008846648289386475,-0.003165205903546656
2.5125025005001,PASSED,-0.26279247315254606,-0.0001688541422916437,0.0006051765292982855,2.6407432022130055,0.0008815032341433058,-0.0031591873898715885
2.513502700540108,PASSED,-0.2627926417045746,-0.0001682496730865694,0.0006039976555916855,2.6407440821391264,0.0008783477448898059,-0.0031530238292521344
2.514502900580116,PASSED,-0.2627928096527341,-0.0001676463987730331,0.0006027920854993822,2.640744958912885,0.0008751984859994664,-0.0031467489310645197
2.515503100620124,PASSED,-0.2627929769982314,-0.00016704434387744365,0.0006015634356494686,2.640745832540583,0.000872055593073122,-0.003140322256530977
2.516503300660132,PASSED,-0.26279314374229945,-0.00016644353454484345,0.0006003065972340078,2.640746703028655,0.0008689192053795831,-0.0031337646515442177
2.51750350070014,PASSED,-0.26279330988619765,-0.0001658439985920979,0.0005990221897532928,2.640747570383674,0.0008657894597513811,-0.0031270662793072023
2.518503700740148,PASSED,-0.26279347543121256,-0.0001652457626278367,0.0005977118139330937,2.6407484346123553,0.0008626665003438086,-0.003120221493082771
2.519503900780156,PASSED,-0.2627936403786583,-0.00016464885435051225,0.0005963725862520378,2.6407492957215575,0.0008595504713031158,-0.0031132340724329194
2.520504100820164,PASSED,-0.2627938047298774,-0.0001640533031926272,0.0005950035389737383,2.640750153718288,0.0008564415251074311,-0.0031060876111859794
2.521504300860172,PASSED,-0.2627939684862404,-0.0001634591368132408,0.0005936082729948315,2.6407510086097012,0.0008533398073986967,-0.0030988044404331753
2.52250450090018,PASSED,-0.2627941316491473,-0.00016286638442333985,0.0005921818011716655,2.640751860403102,0.0008502454683231367,-0.0030913621656444034
2.523504700940188,PASSED,-0.26279429422002665,-0.00016227507588367196,0.0005907263653319903,2.640752709105949,0.0008471586676015901,-0.003083759758814614
2.524504900980196,PASSED,-0.26279445620033676,-0.0001616852400427604,0.0005892421579646227,2.6407535547258543,0.0008440795545509731,-0.0030760152451518455
2.525505101020204,PASSED,-0.26279461759156514,-0.00016109690640106312,0.0005877279641857127,2.64075439727058,0.0008410082777550325,-0.00306811782979979
2.526505301060212,PASSED,-0.26279477839522886,-0.00016051010460215663,0.0005861843553870055,2.6407552367480447,0.0008379449993724202,-0.003060052084487278
2.52750550110022,PASSED,-0.2627949386128745,-0.00015992486413775144,0.0005846112037506335,2.640756073166324,0.0008348898761098779,-0.003051837381245425
2.528505701140228,PASSED,-0.26279509824607805,-0.00015934121439916012,0.000583008761818462,2.6407569065336376,0.0008318430416932328,-0.0030434991069114696
2.529505901180236,PASSED,-0.26279525729644476,-0.00015875918457517287,0.000581377198766465,2.6407577368583723,0.000828804674899718,-0.0030349452512504595
2.530506101220244,PASSED,-0.26279541576560894,-0.00015817880348825686,0.0005797170123490553,2.6407585641490536,0.0008257749159201505,-0.0030263014651121865
2.531506301260252,PASSED,-0.26279557365523387,-0.00015760010001554132,0.0005780277796265088,2.6407593884143634,0.0008227538981455015,-0.003017495314340305
2.53250650130026,PASSED,-0.2627957309670111,-0.00015702310238781787,0.0005763108597880726,2.6407602096631324,0.0008197417967933321,-0.0030085053773888292
2.533506701340268,PASSED,-0.2627958877026604,-0.00015644783851206123,0.0005745658864023665,2.640761027904341,0.0008167387539377758,-0.0029994011743345013
2.534506901380276,PASSED,-0.2627960438639292,-0.00015587433586671572,0.000572793817974232,2.6407618431470987,0.0008137448752483925,-0.002990197032749453
2.535507101420284,PASSED,-0.262796199452592,-0.00015530262111912766,0.0005709953673306091,2.6407626554006822,0.0008107603533946927,-0.0029807384009999764
2.536507301460292,PASSED,-0.26279635447045,-0.00015473272076792785,0.0005691703404459456,2.6407634646744853,0.0008077853076553805,-0.002971250631520327
2.5375075015003,PASSED,-0.2627965089193303,-0.00015416466056326973,0.0005673201141329099,2.6407642709780497,0.0008048198442783362,-0.0029616052073937553
2.538507701540308,PASSED,-0.26279666280108527,-0.00015359846508324342,0.0005654457239552353,2.6407650743210365,0.0008018641201533599,-0.0029518034033644554
2.539507901580316,PASSED,-0.2627968161175919,-0.0001530341589506491,0.0005635464050203258,2.64076587471325,0.0007989182720325937,-0.002941877932367208
2.540508101620324,PASSED,-0.26279696887075105,-0.00015247176540128014,0.0005616249789347301,2.6407666721646126,0.0007959824014983863,-0.0029318656021010236
2.541508301660332,PASSED,-0.26279712106248637,-0.00015191130681202115,0.0005596809961418222,2.6407674666851615,0.0007930566187101858,-0.0029217275789334006
2.54250850170034,PASSED,-0.26279727269474384,-0.00015135280521530995,0.0005577153304240727,2.6407682582850587,0.0007901410661631045,-0.0029114358591798384
2.543508701740348,PASSED,-0.26279742376949067,-0.00015079628130168336,0.0005557296357615978,2.640769046974568,0.0007872358325067065,-0.0029010988545433666
2.544508901780356,PASSED,-0.2627975742887142,-0.00015024175472073823,0.0005537245444008052,2.640769832764067,0.0007843410187542843,-0.002890623684341425
2.545509101820364,PASSED,-0.2627977242544211,-0.0001496892443300905,0.0005517009548123773,2.640770615664029,0.0007814567373350506,-0.0028800532424952713
2.546509301860372,PASSED,-0.26279787366863644,-0.00014913876796597328,0.0005496599703204464,2.6407713956850265,0.0007785830738544287,-0.002869403639373017
2.54750950190038,PASSED,-0.26279802253340234,-0.00014859034224761684,0.0005476028837138116,2.640772172837714,0.0007757201031790984,-0.0028586820326350635
2.548509701940388,PASSED,-0.2627981708507772,-0.00014804398276780704,0.0005455305438738306,2.640772947132845,0.0007728679340471101,-0.0028478271982239588
2.549509901980396,PASSED,-0.2627983186228345,-0.0001474997039362186,0.0005434443567315011,2.6407737185812348,0.000770026619853798,-0.0028369721900376424
2.550510102020404,PASSED,-0.2627984658516613,-0.00014695751933968513,0.0005413447564014966,2.6407744871937804,0.0007671962247820024,-0.0028260103263009076
2.551510302060412,PASSED,-0.2627986125393577,-0.00014641744095317445,0.0005392341399168272,2.640775252981446,0.0007643768424140747,-0.002814963729012269
2.55251050210042,PASSED,-0.2627987586880353,-0.0001458794794538277,0.0005371130723000343,2.6407760159552516,0.0007615685048768498,-0.002803920076033336
2.553510702140428,PASSED,-0.2627989042998159,-0.00014534364487198777,0.0005349822548665477,2.6407767761262746,0.0007587712606906879,-0.0027927935929141956
2.554510902180436,PASSED,-0.2627990493768305,-0.00014480994591137267,0.0005328434311141483,2.640777533505639,0.0007559851759587149,-0.0027816121580122523
2.555511102220444,PASSED,-0.2627991939212181,-0.00014427838940060816,0.0005306985638647625,2.6407782881045065,0.0007532102676604912,-0.0027704390583645896
2.556511302260452,PASSED,-0.2627993379351241,-0.0001437489815755331,0.0005285473325485732,2.640779039934082,0.000750446577912916,-0.00275919020704903
2.55751150230046,PASSED,-0.26279948142069953,-0.0001432217275689223,0.0005263917893189254,2.6407797890055913,0.0007476941358207869,-0.0027479433488491
2.558511702340468,PASSED,-0.2627996243800995,-0.00014269663018468971,0.0005242344475083746,2.6407805353302836,0.0007449529421813064,-0.0027366938332349638
2.559511902380476,PASSED,-0.26279976681548206,-0.00014217369196293695,0.0005220740712490471,2.6407812789194245,0.0007422230243489685,-0.002725400498406631
2.560512102420484,PASSED,-0.2627999087290069,-0.00014165291458033215,0.0005199129235086041,2.640782019784284,0.0007395043846615563,-0.0027141324800825134
2.561512302460492,PASSED,-0.2628000501228339,-0.00014113429695109287,0.0005177540997264162,2.640782757936146,0.0007367970246998177,-0.0027028449495093464
2.5625125025005002,PASSED,-0.2628001909991223,-0.00014061783737318492,0.0005155965633623043,2.640783493386272,0.0007341009231630161,-0.0026916059283297196
2.5635127025405082,PASSED,-0.26280033136002906,-0.00014010353426767278,0.0005134408002786893,2.6407842261459282,0.0007314160784003337,-0.0026803373189174732
2.5645129025805162,PASSED,-0.26280047120770805,-0.0001395913830947962,0.0005112914212751567,2.640784956226354,0.0007287424729418332,-0.002669117551555769
2.5655131026205242,PASSED,-0.26280061054430837,-0.00013908137800394124,0.0005091475372414933,2.6407856836387666,0.0007260800613124858,-0.002657941014541771
2.5665133026605322,PASSED,-0.2628007493719734,-0.00013857351363380925,0.0005070089253923352,2.6407864083943586,0.0007234288295252881,-0.0026467589689683686
2.5675135027005402,PASSED,-0.2628008876928395,-0.00013806778213301487,0.000504879884395728,2.6407871305042825,0.0007207887387931394,-0.0026356452409355773
2.5685137027405482,PASSED,-0.262801025509035,-0.0001375641742845165,0.0005027598245667609,2.640787849979643,0.0007181597185442415,-0.0026246035875394686
2.5695139027805562,PASSED,-0.26280116282267896,-0.00013706268090490277,0.0005006490829783757,2.6407885668315054,0.0007155417422979675,-0.0026135580187635525
2.5705141028205643,PASSED,-0.26280129963587995,-0.00013656329085067265,0.000498550701731238,2.640789281070877,0.0007129347558337127,-0.0026026054279156144
2.5715143028605723,PASSED,-0.26280143595073513,-0.00013606599176559434,0.0004964646739763211,2.640789992708703,0.0007103386695279434,-0.0025917402243384262
2.5725145029005803,PASSED,-0.262801571769329,-0.00013557077103819136,0.0004943914296874126,2.6407907017558676,0.0007077534363940858,-0.0025808950735372784
2.5735147029405883,PASSED,-0.2628017070937326,-0.00013507761418900293,0.0004923337955224552,2.6407914082231754,0.0007051789798669138,-0.00257016416292833
2.5745149029805963,PASSED,-0.262801841926002,-0.0001345865058630489,0.0004902913462417341,2.6407921121213676,0.0007026152172574565,-0.0025594949071433173
2.5755151030206043,PASSED,-0.262801976268178,-0.00013409743064603542,0.0004882644641946231,2.6407928134610916,0.000700062063995374,-0.0025489254987084526
2.5765153030606123,PASSED,-0.2628021101222846,-0.00013361037094454344,0.0004862565263568981,2.6407935122529156,0.0006975194341231258,-0.002538432787941423
2.5775155031006203,PASSED,-0.2628022434903286,-0.00013312530894942209,0.00048426564096430236,2.6407942085073133,0.0006949872322225822,-0.0025280479756116542
2.5785157031406283,PASSED,-0.2628023763742982,-0.00013264222616529229,0.00048229421290673995,2.640794902234666,0.0006924653621101656,-0.0025177515369532596
2.5795159031806363,PASSED,-0.2628025087761626,-0.00013216110268380902,0.0004803429938676367,2.6407955934452483,0.0006899537167216062,-0.0025075746229634376
2.5805161032206443,PASSED,-0.262802640697871,-0.00013168191818392505,0.000478412170561498,2.640796282149239,0.0006874521962614725,-0.0024974843515803485
2.5815163032606523,PASSED,-0.2628027721413516,-0.0001312046516331256,0.00047650280429140546,2.640796968356704,0.0006849606915702749,-0.0024875182509426033
2.5825165033006603,PASSED,-0.2628029031085117,-0.00013072928148830882,0.0004746150385003674,2.6407976520775955,0.0006824790747727186,-0.0024776824952988338
2.5835167033406683,PASSED,-0.26280303360123597,-0.00013025578497227454,0.0004727508343901971,2.6407983333217557,0.0006800072460144993,-0.002467926266832729
2.5845169033806763,PASSED,-0.2628031636213868,-0.000129784139021018,0.0004709093625007317,2.640799012098903,0.0006775450801311488,-0.0024583256276957217
2.5855171034206843,PASSED,-0.2628032931708029,-0.00012931432043719065,0.0004690913980450869,2.6407996884186407,0.0006750924494713254,-0.0024488340145752455
2.5865173034606923,PASSED,-0.26280342225129943,-0.00012884630503774008,0.0004672980670542175,2.6408003622904386,0.0006726492288392915,-0.002439478377006391
2.5875175035007003,PASSED,-0.2628035508646672,-0.00012838006803873834,0.00046552962030005113,2.640801033723646,0.0006702152923559242,-0.0024302418876078003
2.5885177035407083,PASSED,-0.2628036790126722,-0.0001279155844909856,0.00046378616605453324,2.6408017027274853,0.0006677905192351124,-0.0024211272762811667
2.5895179035807163,PASSED,-0.26280380669705533,-0.00012745282948105588,0.00046206757251321276,2.6408023693110367,0.000665374752626534,-0.002412192830110012
2.5905181036207243,PASSED,-0.262803933919532,-0.00012699177703263506,0.00046037569902589447,2.640803033483263,0.0006629678812337171,-0.0024033237679548305
2.5915183036607323,PASSED,-0.2628040606817919,-0.00012653240115060302,0.0004587093373694349,2.6408036952529805,0.0006605697727989593,-0.002394631545959791
2.5925185037007403,PASSED,-0.26280418698549857,-0.00012607467594195006,0.00045706912284196034,2.6408043546288718,0.0006581802611201599,-0.0023860984340259494
2.5935187037407483,PASSED,-0.2628043128322895,-0.00012561857509590344,0.0004554553281830787,2.6408050116194857,0.0006557992345479384,-0.0023776453310186824
2.5945189037807563,PASSED,-0.26280443822377575,-0.0001251640720289796,0.00045386822608431925,2.640805666233233,0.0006534265611886999,-0.002369358711384864
2.5955191038207643,PASSED,-0.262804563161542,-0.00012471114036774066,0.0004523072846753835,2.6408063184783845,0.0006510620765299519,-0.0023612352903235817
2.5965193038607723,PASSED,-0.2628046876471462,-0.00012425975354156995,0.0004507731871675876,2.6408069683630746,0.0006487056574097565,-0.0023532083401099314
2.5975195039007803,PASSED,-0.26280481168212005,-0.00012380988500890406,0.00044926542966475485,2.640807615895296,0.0006463571712994737,-0.0023453379570647043
2.5985197039407884,PASSED,-0.2628049352679686,-0.00012336150839984726,0.00044778406198482846,2.640808261082907,0.0006440164673868589,-0.0023376145496482197
2.5995199039807964,PASSED,-0.26280505840617063,-0.00012291459740292816,0.0004463289535419628,2.6408089039336273,0.000641683413974188,-0.0023300126546859984
2.6005201040208044,PASSED,-0.2628051810981785,-0.00012246912561568598,0.0004449003430423644,2.640809544455037,0.000639357876505672,-0.0023225540110695018
2.6015203040608124,PASSED,-0.26280530334541874,-0.00012202506720784748,0.0004434971177026101,2.640810182654581,0.0006370397118983647,-0.00231523833813248
2.6025205041008204,PASSED,-0.26280542514929184,-0.0001215823965776419,0.00044211963854086925,2.640810818539572,0.0006347287938248946,-0.0023080378970286204
2.6035207041408284,PASSED,-0.26280554651117277,-0.00012114108812160257,0.0004407676677049826,2.6408114521171893,0.0006324249933504274,-0.0023009755260928245
2.6045209041808364,PASSED,-0.2628056674324112,-0.00012070111672168087,0.00043944055473285653,2.640812083394475,0.0006301281615690367,-0.002294069284922753
2.6055211042208444,PASSED,-0.26280578791433185,-0.00012026245762869517,0.0004381381184875816,2.6408127123783434,0.0006278381790621357,-0.0022872579882196997
2.6065213042608524,PASSED,-0.262805907958235,-0.00011982508651216039,0.0004368597818995896,2.6408133390755855,0.0006255549339524185,-0.002280569857382194
2.6075215043008604,PASSED,-0.2628060275653967,-0.00011938897964997387,0.0004356049157111477,2.6408139634928594,0.0006232782765763393,-0.0022740490552105082
2.6085217043408684,PASSED,-0.26280614673706953,-0.00011895411353498056,0.0004343735811814383,2.640814585636703,0.0006210080911362965,-0.002267609696597581
2.6095219043808764,PASSED,-0.26280626547448277,-0.0001185204650982564,0.0004331650070859624,2.640815205513538,0.0006187442811571417,-0.0022612768341929417
2.6105221044208844,PASSED,-0.2628063837788432,-0.00011808801238517016,0.00043197785041975984,2.640815823129657,0.0006164866955128749,-0.002255124850982721
2.6115223044608924,PASSED,-0.26280650165133546,-0.00011765673345777475,0.0004308129787125071,2.6408164384912474,0.0006142352342975671,-0.002249018791524539
2.6125225045009004,PASSED,-0.2628066190931229,-0.00011722660702985883,0.0004296687273848925,2.6408170516043805,0.0006119898057694443,-0.002243035019188479
2.6135227045409084,PASSED,-0.26280673610534827,-0.0001167976130957472,0.00042854407192944997,2.640817662475024,0.0006097502811541445,-0.0022371843460406516
2.6145229045809164,PASSED,-0.26280685268913373,-0.00011636973148544135,0.0004274399692234499,2.6408182711090338,0.000607516556869494,-0.002231417577057095
2.6155231046209244,PASSED,-0.26280696884558236,-0.00011594294320279787,0.0004263538249234857,2.640818877512169,0.00060528854812644,-0.002225736187051961
2.6165233046609324,PASSED,-0.2628070845757785,-0.0001155172302475639,0.0004252857087742949,2.6408194816900856,0.0006030661455646247,-0.0022201801449909203
2.61752350470094,PASSED,-0.2628071998807885,-0.00011509257446282634,0.0004242358353797696,2.6408200836483524,0.000600849261937727,-0.0022146859481687675
2.618523704740948,PASSED,-0.26280731476166147,-0.00011466895938398496,0.0004232012411491362,2.640820683392447,0.0005986378185412014,-0.0022092816954303067
2.619523904780956,PASSED,-0.2628074292194301,-0.00011424636914803223,0.0004221828991551219,2.6408212809277583,0.0005964317182189277,-0.0022039794068358007
2.620524104820964,PASSED,-0.26280754325511174,-0.00011382478835737642,0.00042117938498960014,2.640821876259597,0.0005942308849070818,-0.002198735915186152
2.621524304860972,PASSED,-0.26280765686970853,-0.00011340420239701508,0.00042019034394248807,2.6408224693931945,0.0005920352507629954,-0.0021935662966865803
2.62252450490098,PASSED,-0.262807770064209,-0.00011298459834097917,0.000419213197431514,2.6408230603337124,0.0005898447411343111,-0.0021884718500161473
2.623524704940988,PASSED,-0.2628078828395886,-0.00011256596331319427,0.00041824958135381344,2.6408236490862396,0.0005876592833762187,-0.002183448363476554
2.624524904980996,PASSED,-0.26280799519681025,-0.00011214828476740676,0.00041729785540998353,2.6408242356558036,0.0005854788231991971,-0.0021784680527182883
2.625525105021004,PASSED,-0.26280810713682584,-0.00011173155303378049,0.0004163543191037933,2.640824820047371,0.0005833033045671675,-0.002173552351570674
2.626525305061012,PASSED,-0.2628082186605766,-0.00011131575749975704,0.00041542301063656064,2.640825402265861,0.0005811326758000352,-0.0021686797108398334
2.62752550510102,PASSED,-0.2628083297689942,-0.00011090088846590363,0.0004144997159979771,2.64082598231613,0.0005789668781726766,-0.0021638762383711214
2.628525705141028,PASSED,-0.2628084404630017,-0.00011048693869369738,0.00041358314301176663,2.6408265602029997,0.0005768058788578251,-0.002159081365838366
2.629525905181036,PASSED,-0.26280855074351445,-0.00011007390053307388,0.0004126748390313308,2.6408271359312443,0.0005746496388371752,-0.002154345790524165
2.630526105221044,PASSED,-0.2628086606114405,-0.00010966176672430214,0.00041177312193203884,2.6408277095056096,0.0005724981241187878,-0.0021496273369628043
2.631526305261052,PASSED,-0.2628087700676824,-0.00010925053279870975,0.0004108744613659721,2.640828280930803,0.0005703513041380652,-0.002144948409895717
2.63252650530106,PASSED,-0.2628088791131371,-0.0001088401936723576,0.00040998223634292427,2.640828850211507,0.0005682091491576147,-0.002140292694153768
2.633526705341068,PASSED,-0.2628089877486977,-0.00010843074510661526,0.00040909278534196367,2.640829417352384,0.0005660716506420989,-0.002135635729757168
2.634526905381076,PASSED,-0.2628090959752537,-0.000108022184871379,0.0004082052018324309,2.6408299823580785,0.000563938790897345,-0.0021310090880851443
2.635527105421084,PASSED,-0.26280920379369227,-0.00010761451075556083,0.00040732005847534075,2.640830545233218,0.0005618105444495432,-0.0021264046876128886
2.636527305461092,PASSED,-0.2628093112048988,-0.0001072077212135408,0.0004064358643831432,2.640831105982424,0.0005596869184587545,-0.002121773526239308
2.6375275055011,PASSED,-0.2628094182097581,-0.0001068018161331379,0.00040555122441606503,2.6408316646103187,0.000557567921673997,-0.0021171456237693846
2.638527705541108,PASSED,-0.2628095248091549,-0.00010639679600210466,0.00040466606877802546,2.640832221121518,0.0005554535346209434,-0.0021125480059097784
2.639527905581116,PASSED,-0.2628096310039748,-0.00010599266202489856,0.0004037792494914793,2.640832775520646,0.0005533437698259736,-0.0021079093210097885
2.640528105621124,PASSED,-0.26280973679510516,-0.00010558941636698922,0.00040288993018793023,2.6408333278123313,0.0005512386488656121,-0.0021032620532627235
2.641528305661132,PASSED,-0.26280984218343584,-0.0001051870619496915,0.00040199740870425026,2.640833878001223,0.0005491381797084427,-0.002098607226440488
2.64252850570114,PASSED,-0.2628099471698599,-0.00010478560245245444,0.00040110088959228584,2.64083442609198,0.0005470423753724791,-0.0020939357423123265
2.643528705741148,PASSED,-0.26281005175527444,-0.00010438504188595762,0.00040020035109982876,2.640834972089285,0.0005449512685215291,-0.002089220923374968
2.644528905781156,PASSED,-0.2628101559405812,-0.00010398538567034995,0.0003992934586128905,2.64083551599785,0.0005428648897015456,-0.0020844840843893516
2.645529105821164,PASSED,-0.2628102597266875,-0.00010358663975658088,0.00039838088387319755,2.640836057822402,0.0005407832449485261,-0.00207975186543975
2.646529305861172,PASSED,-0.26281036311450656,-0.00010318881004118084,0.0003974622697512917,2.6408365975677164,0.0005387063933556791,-0.0020749180777850456
2.64752950590118,PASSED,-0.26281046610495856,-0.00010279190388779247,0.00039653540914642084,2.64083713523859,0.0005366343660003095,-0.0020701002070924387
2.648529705941188,PASSED,-0.26281056869897107,-0.00010239592948979821,0.00039560039055949037,2.6408376708398706,0.0005345671942921519,-0.0020652193755345554
2.649529905981196,PASSED,-0.26281067089747956,-0.00010200089424181985,0.00039465848625760155,2.640838204376438,0.0005325049306969165,-0.0020602930750361365
2.650530106021204,PASSED,-0.262810772701428,-0.00010160680735440713,0.0003937058215161198,2.6408387358532206,0.0005304476161787491,-0.002055328813588187
2.651530306061212,PASSED,-0.26281087411176973,-0.00010121367887190716,0.0003927435898225343,2.6408392652751926,0.0005283952990862539,-0.002050309278433273
2.65253050610122,PASSED,-0.2628109751294676,-0.00010082151779607592,0.00039177273317039004,2.6408397926473826,0.0005263480388562339,-0.0020452275310777986
2.653530706141228,PASSED,-0.26281107575549445,-0.00010043033447974486,0.00039079037177151154,2.6408403179748667,0.0005243058808517214,-0.002040111653469015
2.654530906181236,PASSED,-0.2628111759908339,-0.00010004014068905334,0.0003897960699715325,2.6408408412627837,0.0005222688873117608,-0.0020349147976215947
2.655531106221244,PASSED,-0.26281127583648056,-9.965094679592498e-05,0.00038879244189959656,2.6408413625163187,0.0005202371111912139,-0.0020296836691637765
2.656531306261252,PASSED,-0.2628113752934401,-9.92627640721745e-05,0.00038777624498440293,2.640841881740727,0.0005182106166189415,-0.002024368507678151
2.65753150630126,PASSED,-0.26281147436273034,-9.887560537059043e-05,0.00038674700598383897,2.640842398941321,0.0005161894702946062,-0.002018998202106739
2.658531706341268,PASSED,-0.2628115730453809,-9.84894825226214e-05,0.0003857067426258115,2.6408429141234735,0.0005141737235214744,-0.002013579153815109
2.659531906381276,PASSED,-0.2628116713424339,-9.81044076312596e-05,0.0003846536571857803,2.640843427292625,0.0005121634504675273,-0.0020080689873685697
2.660532106421284,PASSED,-0.2628117692549439,-9.772039375024939e-05,0.0003835873635598609,2.64084393845428,0.0005101587191253483,-0.002002506245385942
2.661532306461292,PASSED,-0.26281186678397844,-9.733745397996718e-05,0.00038250804143044956,2.6408444476140107,0.000508159588696834,-0.0019968798839330687
2.6625325065013,PASSED,-0.262811963930618,-9.695560131251232e-05,0.00038141575147112813,2.6408449547774597,0.0005061661380619625,-0.001991164468830547
2.663532706541308,PASSED,-0.26281206069595625,-9.657484860445319e-05,0.00038031067911781057,2.6408454599503326,0.0005041784272722653,-0.0019854083369416345
2.664532906581316,PASSED,-0.2628121570811002,-9.619520965987609e-05,0.0003791911215499753,2.6408459631384114,0.0005021965295273532,-0.0019795573502257875
2.665533106621324,PASSED,-0.26281225308717,-9.581669780672946e-05,0.0003780590075444061,2.640846464347541,0.000500220517985863,-0.001973647668999832
2.666533306661332,PASSED,-0.26281234871529946,-9.543932619574841e-05,0.0003769133466054714,2.640846963583642,0.0004982504580836509,-0.001967668057686816
2.66753350670134,PASSED,-0.2628124439666358,-9.506310860790206e-05,0.0003757537486736094,2.6408474608527026,0.0004962864213760026,-0.0019616158076226596
2.668533706741348,PASSED,-0.2628125388423395,-9.46880583966107e-05,0.0003745811863698403,2.640847956160781,0.0004943284800239673,-0.001955491714977001
2.669533906781356,PASSED,-0.2628126333435846,-9.431418876838897e-05,0.0003733952561229917,2.6408484495140025,0.000492376696081524,-0.0019493120940875684
2.670534106821364,PASSED,-0.26281272747155837,-9.394151296892938e-05,0.00037219616168398986,2.6408489409185676,0.0004904311479713809,-0.0019430387875135362
2.671534306861372,PASSED,-0.26281282122746125,-9.357004427893488e-05,0.0003709837088681685,2.6408494303807433,0.0004884919059937256,-0.001936710771082887
2.67253450690138,PASSED,-0.2628129146125066,-9.31997953740958e-05,0.00036975903548634704,2.6408499179068636,0.00048655902651070874,-0.0019303252909729585
2.673534706941388,PASSED,-0.2628130076279208,-9.283077916139295e-05,0.0003685209975138577,2.6408504035033302,0.00048463258136976454,-0.001923858374258315
2.674534906981396,PASSED,-0.26281310027494287,-9.246300859339307e-05,0.0003672702816572286,2.64085088717661,0.00048271263996847513,-0.0019173300859768577
2.675535107021404,PASSED,-0.2628131925548241,-9.209649529322272e-05,0.00036600864584576817,2.640851368933236,0.0004807992614195936,-0.0019107441908179303
2.676535307061412,PASSED,-0.2628132844688281,-9.173125145994346e-05,0.0003647339582349252,2.6408518487798003,0.00047889250550030093,-0.001904097071609138
2.67753550710142,PASSED,-0.2628133760182303,-9.136728917802985e-05,0.00036344783103274905,2.640852326722968,0.000476992448652229,-0.0018973633657137997
2.678535707141428,PASSED,-0.2628134672043176,-9.100461948705986e-05,0.00036215093092815476,2.6408528027694533,0.00047509913750625723,-0.0018906096661437507
2.679535907181436,PASSED,-0.2628135580283881,-9.064325331596156e-05,0.0003608429978783824,2.6408532769260313,0.00047321262019255176,-0.001883789078746638
2.680536107221444,PASSED,-0.2628136484917507,-9.028320162459598e-05,0.00035952415369038074,2.640853749199537,0.0004713329755560588,-0.0018768816749904927
2.681536307261452,PASSED,-0.2628137385957249,-8.992447448561809e-05,0.0003581957958362277,2.640854219596859,0.0004694602482810691,-0.001869957674989167
2.68253650730146,PASSED,-0.26281382834164,-8.95670814412811e-05,0.00035685787667082765,2.6408546881249335,0.00046759447152042177,-0.0018629894844193692
2.683536707341468,PASSED,-0.262813917730835,-8.921103232769956e-05,0.0003555099381886768,2.6408551547907537,0.00046573572059300166,-0.001855925222753926
2.684536907381476,PASSED,-0.26281400676465794,-8.885633565274051e-05,0.00035415449947262463,2.640855619601356,0.00046388403520068456,-0.001848858838692429
2.685537107421484,PASSED,-0.26281409544446555,-8.850299976450132e-05,0.0003527901474169109,2.6408560825638214,0.00046203943891394943,-0.0018417545854302296
2.686537307461492,PASSED,-0.2628141837716226,-8.81510330163725e-05,0.0003514178152700747,2.6408565436852753,0.0004602019960477704,-0.0018345683866782456
2.6875375075015002,PASSED,-0.26281427174750155,-8.780044234891488e-05,0.00035003923558265133,2.640857002972883,0.0004583717435554595,-0.0018273752293992663
2.6885377075415082,PASSED,-0.26281435937348196,-8.745123445062788e-05,0.00034865367342323296,2.6408574604338426,0.0004565486969574392,-0.0018201608437676087
2.6895379075815162,PASSED,-0.2628144466509499,-8.710341601155044e-05,0.0003472616161802556,2.6408579160753947,0.000454732911952254,-0.0018128677794636936
2.6905381076215242,PASSED,-0.26281453358129725,-8.675699240298164e-05,0.00034586493682780867,2.640858369904802,0.0004529244116943405,-0.0018055885768800137
2.6915383076615322,PASSED,-0.26281462016592155,-8.641196878920051e-05,0.00034446273175001456,2.640858821929361,0.0004511232086838956,-0.0017982792994881394
2.6925385077015402,PASSED,-0.26281470640622506,-8.606834987764506e-05,0.00034305636475908736,2.6408592721563955,0.00044932935006818624,-0.0017909114931901845
2.6935387077415482,PASSED,-0.26281479230361404,-8.572613917477537e-05,0.0003416469282767684,2.64085972059324,0.0004475428360743188,-0.0017835823276522395
2.6945389077815562,PASSED,-0.2628148778594987,-8.538534030578528e-05,0.0003402334961322982,2.6408601672472622,0.0004457636920757187,-0.0017761851125653093
2.6955391078215643,PASSED,-0.26281496307529195,-8.504595603995633e-05,0.0003388181122933879,2.6408606121258336,0.0004439919366519733,-0.001768802297865454
2.6965393078615723,PASSED,-0.26281504795240923,-8.470798802778501e-05,0.0003374012787566167,2.6408610552363436,0.0004422275685767474,-0.0017614119267995688
2.6975395079015803,PASSED,-0.26281513249226784,-8.437143830952229e-05,0.0003359820112668052,2.6408614965861945,0.00044047061118049547,-0.001753987709220069
2.6985397079415883,PASSED,-0.262815216696286,-8.4036307255596e-05,0.00033456374903261096,2.6408619361827848,0.00043872105553801715,-0.001746600931317128
2.6995399079815963,PASSED,-0.2628153005658826,-8.370259498590163e-05,0.0003331446168022105,2.6408623740335258,0.0004369789055191837,-0.001739182743844282
2.7005401080216043,PASSED,-0.2628153841024763,-8.337030158257065e-05,0.00033172592768349366,2.6408628101458222,0.00043524416810688653,-0.0017317738579324194
2.7015403080616123,PASSED,-0.262815467307485,-8.303942544744807e-05,0.00033030960674864263,2.6408632445270754,0.00043351682484282284,-0.0017243895348178259
2.7025405081016203,PASSED,-0.2628155501823254,-8.270996514729997e-05,0.0003288940957477479,2.6408636771846825,0.0004317968735243282,-0.0017169925076125595
2.7035407081416283,PASSED,-0.262815632728412,-8.238191856437197e-05,0.0003274815743814876,2.6408641081260256,0.00043008430279636856,-0.0017096228748576707
2.7045409081816363,PASSED,-0.2628157149471568,-8.205528220991655e-05,0.00032607287450469203,2.6408645373584747,0.0004283790897622472,-0.0017022731402970765
2.7055411082216443,PASSED,-0.2628157968399685,-8.173005296859688e-05,0.00032466681919632784,2.640864964889387,0.00042668122743636156,-0.0016949217829447297
2.7065413082616523,PASSED,-0.2628158784082521,-8.140622701060804e-05,0.0003232653838505228,2.640865390726097,0.0004249906940937831,-0.0016876077156676788
2.7075415083016603,PASSED,-0.262815959653408,-8.108379874920528e-05,0.0003218701797709231,2.640865814875911,0.00042330744414894857,-0.00168034476427902
2.7085417083416683,PASSED,-0.2628160405768316,-8.076276339431183e-05,0.0003204788049751446,2.6408662373461196,0.00042163147753396295,-0.0016730478487900088
2.7095419083816763,PASSED,-0.26281612117991293,-8.04431153212388e-05,0.00031909425180494687,2.640866658143973,0.00041996275148542176,-0.001665844848375232
2.7105421084216843,PASSED,-0.2628162014640355,-8.012484740704821e-05,0.00031771702244767644,2.640867077276698,0.0004183012231020577,-0.0016586507400233406
2.7115423084616923,PASSED,-0.26281628143057634,-7.98079530787725e-05,0.0003163458654943997,2.640867494751481,0.0004166468740506015,-0.0016514812590781908
2.7125425085017003,PASSED,-0.26281636108090517,-7.949242516544718e-05,0.0003149826118792762,2.6408679105754724,0.00041499965309292484,-0.0016443807567423302
2.7135427085417083,PASSED,-0.26281644041638375,-7.917825464904746e-05,0.0003136291194133521,2.6408683247557834,0.00041335951751006434,-0.0016373054669393309
2.7145429085817163,PASSED,-0.26281651943836576,-7.886543331608891e-05,0.0003122828086553373,2.6408687372994795,0.0004117264322685106,-0.0016302717579633184
2.7155431086217243,PASSED,-0.26281659814819597,-7.855395297213047e-05,0.00031094536749385596,2.6408691482135804,0.0004101003415170058,-0.0016233034138657646
2.7165433086617323,PASSED,-0.2628166765472098,-7.824380303318676e-05,0.0003096196532436153,2.640869557505057,0.00040848119181456524,-0.0016163805614904814
2.7175435087017403,PASSED,-0.26281675463673304,-7.79349734708482e-05,0.00030830283506851406,2.640869965180831,0.000406868944354471,-0.001609492059163363
2.7185437087417483,PASSED,-0.2628168324180812,-7.762745485544803e-05,0.0003069958022879592,2.640870371247768,0.0004052635349399789,-0.0016026876513778757
2.7195439087817563,PASSED,-0.2628169098925591,-7.732123575919319e-05,0.00030570129223276313,2.6408707757126835,0.00040366490868993084,-0.001595918649161567
2.7205441088217643,PASSED,-0.26281698706146084,-7.701630462356156e-05,0.00030441769789753867,2.6408711785823296,0.0004020730106556042,-0.0015892176244367746
2.7215443088617723,PASSED,-0.2628170639260687,-7.671265023416793e-05,0.0003031455170576837,2.6408715798634033,0.0004004877763711273,-0.0015825787245035364
2.7225445089017803,PASSED,-0.26281714048765337,-7.641026081478635e-05,0.00030188535426418705,2.640871979562534,0.00039890913877272804,-0.001576010180996402
2.7235447089417884,PASSED,-0.2628172167474735,-7.610912374692133e-05,0.00030063821026558125,2.6408723776862977,0.0003973370495119922,-0.001569475313895365
2.7245449089817964,PASSED,-0.26281729270677523,-7.580922658866308e-05,0.00029940312358669134,2.6408727742411933,0.00039577142591909394,-0.001563055778900259
2.7255451090218044,PASSED,-0.26281736836679187,-7.551055637169183e-05,0.0002981816125609435,2.640873169233665,0.0003942122069358609,-0.0015566611194549561
2.7265453090618124,PASSED,-0.26281744372874394,-7.521309990522858e-05,0.00029697303573145487,2.640873562670081,0.0003926593327189619,-0.0015503496151949708
2.7275455091018204,PASSED,-0.26281751879383836,-7.491684393982369e-05,0.0002957779185205171,2.6408739545567426,0.00039111271482180515,-0.0015441300851312474
2.7285457091418284,PASSED,-0.26281759356326895,-7.462177492495275e-05,0.0002945964124378784,2.6408743448998817,0.00038957229611782923,-0.001537944449872286
2.7295459091818364,PASSED,-0.26281766803821544,-7.43278788035358e-05,0.00029342926073635194,2.640874733705658,0.0003880380069929366,-0.0015318522415729398
2.7305461092218444,PASSED,-0.2628177422198441,-7.403514197320665e-05,0.0002922752100576734,2.6408751209801586,0.000386509761610672,-0.0015258408093924499
2.7315463092618524,PASSED,-0.2628178161093068,-7.374354997570449e-05,0.00029113652246514715,2.640875506729398,0.00038498749526047824,-0.001519883377394618
2.7325465093018604,PASSED,-0.26281788970774145,-7.345308856028315e-05,0.0002900113440587962,2.6408758909593146,0.00038347113491872753,-0.001514011651321395
2.7335467093418684,PASSED,-0.2628179630162716,-7.316374398499825e-05,0.0002889000627689626,2.6408762736757754,0.00038196059870222184,-0.0015082192599618841
2.7345469093818764,PASSED,-0.26281803603600645,-7.287550115960016e-05,0.0002878046671508451,2.6408766548845692,0.0003804558151107373,-0.0015024931458329197
2.7355471094218844,PASSED,-0.26281810876804085,-7.258834578179052e-05,0.00028672251824882607,2.640877034591413,0.00037895671359690944,-0.0014968404258245372
2.7365473094618924,PASSED,-0.2628181812134551,-7.230226390453521e-05,0.00028565478325962007,2.640877412801945,0.00037746321084414875,-0.0014912776373847718
2.7375475095019004,PASSED,-0.2628182533733152,-7.201724047035803e-05,0.0002846025347888752,2.640877789521733,0.0003759752361690926,-0.0014857727001704542
2.7385477095419084,PASSED,-0.2628183252486724,-7.173326098650695e-05,0.0002835641165592303,2.640878164756261,0.00037449271039623753,-0.0014803611546448162
2.7395479095819164,PASSED,-0.26281839684056385,-7.145031176800986e-05,0.0002825392864556783,2.6408785385109455,0.0003730155613675778,-0.0014750076113363303
2.7405481096219244,PASSED,-0.2628184681500121,-7.116837787307472e-05,0.00028153030058812606,2.6408789107911224,0.0003715437124020224,-0.001469743201701347
2.7415483096619324,PASSED,-0.26281853917802567,-7.088744510639391e-05,0.0002805344107425903,2.6408792816020594,0.0003700770942564634,-0.0014645347747974196
2.7425485097019404,PASSED,-0.26281860992559863,-7.060749964072331e-05,0.00027955283562260455,2.640879650948947,0.0003686156314801219,-0.0014594147773708333
2.7435487097419484,PASSED,-0.2628186803937112,-7.032852722912834e-05,0.0002785854622432315,2.6408800188368966,0.0003671592355330974,-0.0014543833934602998
2.7445489097819564,PASSED,-0.2628187505833297,-7.005051421229432e-05,0.000277631386561226,2.640880385270958,0.0003657078595242141,-0.0014493710858319642
2.7455491098219644,PASSED,-0.26281882049540656,-6.9773446754423e-05,0.00027669150541138676,2.6408807502560996,0.0003642614212166216,-0.001444483122099485
2.7465493098619724,PASSED,-0.26281889013088083,-6.949731171544399e-05,0.00027576406135744523,2.640881113797225,0.0003628198390361946,-0.0014396482193120238
2.7475495099019804,PASSED,-0.26281895949067813,-6.92220956217379e-05,0.0002748507819385201,2.6408814758991683,0.00036138306521484135,-0.00143485755604741
2.7485497099419884,PASSED,-0.26281902857571116,-6.89477855952604e-05,0.000273949522836809,2.640881836566689,0.00035995101628249023,-0.00143017651655358
2.7495499099819964,PASSED,-0.2628190973868793,-6.867436874310524e-05,0.0002730617383673944,2.640882195804488,0.0003585236296849493,-0.0014255266515326034
2.7505501100220044,PASSED,-0.2628191659250699,-6.840183282995468e-05,0.0002721853630059901,2.640882553617195,0.0003571008466434839,-0.0014209539680872004
2.7515503100620124,PASSED,-0.26281923419115766,-6.813016572897252e-05,0.00027132159296627427,2.6408829100093754,0.000355682591616992,-0.0014164557320950097
2.7525505101020205,PASSED,-0.26281930218600547,-6.785935518940094e-05,0.00027046983730845766,2.640883264985536,0.0003542688142020165,-0.001411991870229197
2.7535507101420285,PASSED,-0.26281936991046423,-6.758938994176295e-05,0.0002696288545243452,2.640883618550115,0.0003528594472026139,-0.0014076170855182194
2.7545509101820365,PASSED,-0.26281943736537383,-6.732025908164072e-05,0.0002687988638541669,2.6408839707075,0.0003514544330939651,-0.0014032787907357904
2.7555511102220445,PASSED,-0.2628195045515628,-6.705195106775575e-05,0.00026798078057216254,2.6408843214620146,0.00035005372066556067,-0.0013990015201835666
2.7565513102620525,PASSED,-0.2628195714698493,-6.678445602159122e-05,0.0002671712232261209,2.6408846708179325,0.0003486572500913906,-0.0013947832768276818
2.7575515103020605,PASSED,-0.2628196381210411,-6.651776390535428e-05,0.0002663727115774898,2.640885018779467,0.00034726496474701693,-0.001390620056071014
2.7585517103420685,PASSED,-0.26281970450593584,-6.625186397484845e-05,0.0002655847431247222,2.6408853653507824,0.00034587681997859057,-0.0013864945766633259
2.7595519103820765,PASSED,-0.262819770625322,-6.598674809479975e-05,0.00026480330466469574,2.6408857105359984,0.0003444927756022817,-0.0013824109094059086
2.7605521104220845,PASSED,-0.2628198364799787,-6.572240731496258e-05,0.00026403242995216603,2.6408860543391794,0.00034311276603144673,-0.00137840867845427
2.7615523104620925,PASSED,-0.26281990207067646,-6.545883216606474e-05,0.00026327029486160927,2.6408863967643463,0.0003417367499726183,-0.001374420979077965
2.7625525105021005,PASSED,-0.2628199673981775,-6.51960150011773e-05,0.00026251507823800093,2.64088673781548,0.000340364705756439,-0.0013704597075801731
2.7635527105421085,PASSED,-0.2628200324632361,-6.493394880890405e-05,0.00026176693496340295,2.6408870774965183,0.00033899657504678985,-0.001366578044361685
2.7645529105821165,PASSED,-0.26282009726659916,-6.467262563050216e-05,0.0002610273406942057,2.640887415811361,0.0003376323173371759,-0.0013627108197822209
2.7655531106221245,PASSED,-0.26282016180900675,-6.441203890081038e-05,0.0002602929890235082,2.6408877527638714,0.00033627191505812207,-0.0013588632519015715
2.7665533106621325,PASSED,-0.2628202260911922,-6.415218271246718e-05,0.00025956498788966997,2.640888088357875,0.0003349153174003261,-0.001355087261725558
2.7675535107021405,PASSED,-0.2628202901138828,-6.38930505591025e-05,0.00025884359701469455,2.640888422597171,0.000333562499390765,-0.00135130517478481
2.7685537107421485,PASSED,-0.2628203538778002,-6.363463722134915e-05,0.00025812649824576606,2.640888755485526,0.0003322134432019196,-0.0013475568648857851
2.7695539107821565,PASSED,-0.2628204173836609,-6.337693816626944e-05,0.00025741409296900275,2.6408890870266806,0.00033086810697145096,-0.0013438558075239398
2.7705541108221645,PASSED,-0.26282048063217667,-6.311994846486107e-05,0.0002567067737012943,2.64088941722435,0.0003295264725713019,-0.0013401534618991487
2.7715543108621725,PASSED,-0.26282054362405494,-6.286366377940558e-05,0.0002560032932916132,2.640889746082227,0.0003281885260127473,-0.0013364752896581433
2.7725545109021805,PASSED,-0.2628206063599993,-6.260808124447925e-05,0.0002553020293494702,2.640890073603984,0.0003268542401603298,-0.0013328262275904058
2.7735547109421885,PASSED,-0.26282066884071,-6.235319722768124e-05,0.0002546053417637131,2.640890399793278,0.0003255236013151725,-0.0013291805902018632
2.7745549109821965,PASSED,-0.26282073106688425,-6.209900895462631e-05,0.0002539102272490945,2.6408907246537474,0.00032419659441526686,-0.00132555777304149
2.7755551110222045,PASSED,-0.26282079303921696,-6.184551442438216e-05,0.0002532173989075221,2.6408910481890215,0.00032287321130466745,-0.0013219333356380527
2.7765553110622125,PASSED,-0.2628208547584008,-6.159271160759506e-05,0.00025252642870680886,2.6408913704027146,0.0003215534369717268,-0.001318334997809133
2.7775555111022205,PASSED,-0.2628209162251268,-6.134059909883194e-05,0.00025183656213399784,2.640891691298433,0.0003202372624349135,-0.0013147342294827058
2.7785557111422285,PASSED,-0.26282097744008504,-6.108917610780928e-05,0.00025114727694840715,2.6408920108797833,0.0003189246971657973,-0.001311119295538576
2.7795559111822365,PASSED,-0.26282103840396454,-6.083844179605158e-05,0.00025045900163056376,2.6408923291503594,0.00031761572233708716,-0.001307545184157902
2.7805561112222446,PASSED,-0.262821099117454,-6.0588395921924616e-05,0.00024977045579122943,2.6408926461137563,0.0003163103343224734,-0.001303949901584333
2.7815563112622526,PASSED,-0.2628211595812423,-6.033903929350368e-05,0.00024908074350741036,2.64089296177357,0.0003150085523566438,-0.0013003366753264365
2.7825565113022606,PASSED,-0.26282121979601863,-6.009037206432494e-05,0.0002483915529596129,2.6408932761334016,0.00031371037328186915,-0.001296740674406844
2.7835567113422686,PASSED,-0.26282127976247305,-5.984239513448797e-05,0.00024770051442188297,2.6408935891968492,0.0003124157860576779,-0.0012931515907142154
2.7845569113822766,PASSED,-0.2628213394812967,-5.959511016157539e-05,0.00024700794523969976,2.6408939009675247,0.00031112481893873055,-0.001289510804436131
2.7855571114222846,PASSED,-0.2628213989531825,-5.9348518982067724e-05,0.0002463133356863112,2.6408942114490395,0.00030983747171291367,-0.0012859048400706366
2.7865573114622926,PASSED,-0.2628214581788251,-5.910262342851805e-05,0.0002456170321252448,2.640894520645027,0.0003085537555775008,-0.0012822569989743272
2.7875575115023006,PASSED,-0.2628215171589213,-5.885742587699719e-05,0.00024491789778460955,2.6408948285591203,0.000307273684682758,-0.0012786134919216799
2.7885577115423086,PASSED,-0.2628215758941708,-5.861292923613157e-05,0.00024421580291962477,2.6408951351949725,0.00030599726857466746,-0.0012749511855364918
2.7895579115823166,PASSED,-0.2628216343852759,-5.8369136448608776e-05,0.00024351077725823697,2.6408954405562524,0.00030472453359143653,-0.0012712575150272472
2.7905581116223246,PASSED,-0.2628216926329422,-5.812605080180031e-05,0.00024280222650860815,2.64089574464664,0.0003034554862688705,-0.0012675738609252355
2.7915583116623326,PASSED,-0.2628217506378786,-5.7883676000877937e-05,0.00024208985053155216,2.6408960474698384,0.00030219014676165803,-0.0012638499380705885
2.7925585117023406,PASSED,-0.262821808400798,-5.764201593792876e-05,0.00024137353789425764,2.640896349029568,0.0003009285446483411,-0.0012601035634810947
2.7935587117423486,PASSED,-0.2628218659224171,-5.7401074573095544e-05,0.00024065324945918366,2.6408966493295707,0.00029967069108569294,-0.0012563535620928308
2.7945589117823566,PASSED,-0.2628219232034568,-5.71608563575693e-05,0.00023992819290428316,2.640896948373608,0.0002984166086708923,-0.0012525683166058374
2.7955591118223646,PASSED,-0.2628219802446427,-5.692136582802266e-05,0.00023919875397488086,2.6408972461654714,0.0002971663338526128,-0.0012487458193953015
2.7965593118623726,PASSED,-0.26282203704670487,-5.6682607881828835e-05,0.00023846407433979905,2.640897542708969,0.0002959198791955198,-0.0012449272155581209
2.7975595119023806,PASSED,-0.26282209361037806,-5.644458698459478e-05,0.00023772544583022993,2.6408978380079393,0.00029467726902157197,-0.0012410654795409033
2.7985597119423886,PASSED,-0.2628221499364023,-5.620730873087221e-05,0.0002369801256507855,2.640898132066244,0.0002934385421068876,-0.001237167871446599
2.7995599119823966,PASSED,-0.26282220602552286,-5.597077862416116e-05,0.00023623009408456455,2.6408984248877743,0.0002922037179914432,-0.00123326161144293
2.8005601120224046,PASSED,-0.26282226187848995,-5.573500097612626e-05,0.00023547601733512854,2.6408987164764453,0.00029097281662736,-0.001229327865843444
2.8015603120624126,PASSED,-0.26282231749605967,-5.549998221654907e-05,0.00023471392107190196,2.640899006836205,0.0002897458847408141,-0.0012253345670142142
2.8025605121024206,PASSED,-0.2628223728789934,-5.526572808520576e-05,0.0002339476048575762,2.6408992959710247,0.0002885229382948533,-0.0012213543652585222
2.8035607121424286,PASSED,-0.2628224280280581,-5.503224316133933e-05,0.00023317646987232711,2.640899583884915,0.0002873040128959316,-0.0012173060880304944
2.8045609121824366,PASSED,-0.2628224829440266,-5.4799534154424504e-05,0.000232397364943149,2.640899870581905,0.0002860891362900924,-0.0012132569510449882
2.8055611122224446,PASSED,-0.26282253762767754,-5.456760712464675e-05,0.00023161347300083105,2.6409001560660625,0.0002848783382479112,-0.0012091587696053594
2.8065613122624526,PASSED,-0.2628225920797951,-5.433646643741017e-05,0.00023082549672707482,2.64090044034148,0.00028367165191935117,-0.0012050380345297398
2.8075615123024606,PASSED,-0.2628226463011695,-5.410611907842065e-05,0.00023002860049781574,2.6409007234122823,0.0002824691032378889,-0.0012008891127506672
2.8085617123424687,PASSED,-0.2628227002925967,-5.3876571046694954e-05,0.00022922765254427635,2.640901005282627,0.0002812707275676703,-0.001196700041863978
2.8095619123824767,PASSED,-0.2628227540548785,-5.364782723694387e-05,0.00022842124788894936,2.6409012859566965,0.00028007654976945444,-0.0011924963024504296
2.8105621124224847,PASSED,-0.2628228075888225,-5.341989401108051e-05,0.00022760787784631038,2.6409015654387096,0.00027888660482756493,-0.0011882440348489043
2.8115623124624927,PASSED,-0.2628228608952418,-5.319277694239478e-05,0.0002267898625786703,2.6409018437329097,0.0002777009214106817,-0.0011839763382394033
2.8125625125025007,PASSED,-0.26282291397495555,-5.29664815831346e-05,0.0002259656903811875,2.6409021208435712,0.00027651952173259194,-0.0011796819046566698
2.8135627125425087,PASSED,-0.2628229668287883,-5.274101375806967e-05,0.0002251359148540873,2.640902396775001,0.00027534244634994353,-0.0011753377013095834
2.8145629125825167,PASSED,-0.26282301945757,-5.251637854276833e-05,0.00022430141559951722,2.640902671531533,0.00027416972447905563,-0.0011709779839401495
2.8155631126225247,PASSED,-0.26282307186213616,-5.229258153763544e-05,0.00022346073148846198,2.6409029451175257,0.000273001365602431,-0.0011666128050809293
2.8165633126625327,PASSED,-0.26282312404332747,-5.206962778872792e-05,0.00022261576052022233,2.6409032175373723,0.00027183741740118125,-0.001162171798695658
2.8175635127025407,PASSED,-0.26282317600198984,-5.18475224967114e-05,0.00022176497968072822,2.640903488795483,0.0002706778972776213,-0.0011577523401361432
2.8185637127425487,PASSED,-0.26282322773897404,-5.1626270597373505e-05,0.00022090984577599496,2.6409037588963034,0.0002695228271502267,-0.00115328198556694
2.8195639127825567,PASSED,-0.2628232792551358,-5.140587670934886e-05,0.00022004991619040397,2.640904027844299,0.00026837224234162047,-0.0011487866906323627
2.8205641128225647,PASSED,-0.26282333055133533,-5.118634516177456e-05,0.00021918596849690203,2.6409042956439626,0.00026722616164964855,-0.0011442766928648719
2.8215643128625727,PASSED,-0.2628233816284374,-5.096768073488047e-05,0.0002183167324922187,2.6409045622998066,0.00026608459891567333,-0.0011397534280486882
2.8225645129025807,PASSED,-0.262823432487311,-5.074988756380749e-05,0.00021744413012682082,2.6409048278163687,0.00026494758822314226,-0.0011351822021860032
2.8235647129425887,PASSED,-0.26282348312882925,-5.053296933916076e-05,0.0002165676209933369,2.6409050921982073,0.000263815150776568,-0.001130607609499726
2.8245649129825967,PASSED,-0.26282353355386895,-5.0316929560531383e-05,0.00021568788372006758,2.640905355449897,0.0002626872903389217,-0.0011260289897441107
2.8255651130226047,PASSED,-0.26282358376331055,-5.010177230382163e-05,0.00021480350536955218,2.6409056175760344,0.0002615640363653781,-0.0011214039627432575
2.8265653130626127,PASSED,-0.26282363375803774,-4.9887500479955925e-05,0.0002139173695298037,2.6409058785812394,0.00026044542146122214,-0.0011167555317644596
2.8275655131026207,PASSED,-0.26282368353893754,-4.9674116815833285e-05,0.00021302786051785315,2.6409061384701347,0.00025933142591688045,-0.0011121555527265341
2.8285657131426287,PASSED,-0.26282373310689955,-4.9461624364987174e-05,0.00021213551106494998,2.640906397247367,0.00025822207921648267,-0.0011074741321785867
2.8295659131826367,PASSED,-0.2628237824628161,-4.925002549880376e-05,0.00021124110292904862,2.640906654917596,0.0002571174165388716,-0.0011027883745660344
2.8305661132226447,PASSED,-0.2628238316075816,-4.9039321925394493e-05,0.0002103452203960863,2.64090691148549,0.0002560174184863036,-0.0010981378379026588
2.8315663132626527,PASSED,-0.26282388054209266,-4.882951595981365e-05,0.00020944646237068494,2.6409071669557274,0.00025492209536012885,-0.0010934466516894603
2.8325665133026607,PASSED,-0.2628239292672475,-4.8620609285385605e-05,0.00020854681579961836,2.640907421333004,0.00025383148787336583,-0.001088714710145374
2.8335667133426687,PASSED,-0.26282397778394584,-4.8412602709726545e-05,0.00020764641556536066,2.640907674622011,0.0002527455709515375,-0.0010840517296170126
2.8345669133826767,PASSED,-0.26282402609308836,-4.8205497463507796e-05,0.00020674446665434288,2.6409079268274507,0.00025166434306624346,-0.0010793453224120675
2.8355671134226847,PASSED,-0.26282407419557674,-4.7999294260230385e-05,0.00020584236102611585,2.640908177954033,0.00025058784800959134,-0.0010745948794788315
2.8365673134626928,PASSED,-0.26282412209231304,-4.779399331967963e-05,0.00020493999356718812,2.6409084280064654,0.0002495160591607992,-0.0010699181616676324
2.8375675135027008,PASSED,-0.2628241697841996,-4.758959480284954e-05,0.00020403753233869712,2.640908676989459,0.000248448963693577,-0.0010652136709252786
2.8385677135427088,PASSED,-0.2628242172721386,-4.7386098294838066e-05,0.0002031358251266626,2.6409089249077224,0.00024738659220047837,-0.0010604767078808343
2.8395679135827168,PASSED,-0.2628242645570318,-4.7183503397822815e-05,0.00020223427827430516,2.6409091717659647,0.00024632893096521136,-0.0010557842535244553
2.8405681136227248,PASSED,-0.26282431163978026,-4.698180912370999e-05,0.00020133427133850538,2.6409094175688903,0.00024527595921997774,-0.0010510967397064398
2.8415683136627328,PASSED,-0.26282435852128405,-4.678101417962058e-05,0.00020043539259003007,2.640909662321197,0.0002442276893626706,-0.0010463852690409592
2.8425685137027408,PASSED,-0.2628244052024417,-4.658111714773236e-05,0.00019953812475368094,2.6409099060275727,0.00024318410470083532,-0.001041717590364793
2.8435687137427488,PASSED,-0.26282445168415036,-4.6382116544926634e-05,0.00019864225484042547,2.6409101486927087,0.00024214520464420098,-0.0010370217008140285
2.844568913782757,PASSED,-0.2628244979673049,-4.618400960826645e-05,0.000197750057873357,2.6409103903212685,0.0002411109649863244,-0.0010323849625849266
2.8455691138227643,PASSED,-0.2628245440527981,-4.598679409465666e-05,0.00019685915076742694,2.6409106309179182,0.00024008137886222594,-0.0010277202317741704
2.8465693138627723,PASSED,-0.26282458994152,-4.5790467735008494e-05,0.00019597116556866167,2.6409108704873026,0.00023905643981622944,-0.0010230849221447337
2.8475695139027803,PASSED,-0.262824635634358,-4.559502697942828e-05,0.0001950871489212469,2.6409111090340516,0.00023803611518694978,-0.0010184844340362712
2.8485697139427884,PASSED,-0.26282468113219604,-4.540046855670206e-05,0.00019420593859619155,2.6409113465627856,0.00023702040498352445,-0.0010138607163513971
2.8495699139827964,PASSED,-0.26282472643591487,-4.520678913922285e-05,0.00019332840340124184,2.6409115830780965,0.00023600928160214164,-0.0010092984914037448
2.8505701140228044,PASSED,-0.2628247715463912,-4.501398458366435e-05,0.00019245532366333483,2.640911818584567,0.00023500272317599698,-0.0010047317159719564
2.8515703140628124,PASSED,-0.2628248164644979,-4.482205054359925e-05,0.0001915865176662741,2.6409120530867494,0.0002340007118765864,-0.0010001976883696635
2.8525705141028204,PASSED,-0.2628248611911034,-4.463098303958411e-05,0.00019072149491438612,2.6409122865891805,0.0002330032248651124,-0.0009956798935435586
2.8535707141428284,PASSED,-0.2628249057270715,-4.444077715616204e-05,0.00018986214242719816,2.640912519096367,0.0002320102301312559,-0.000991204627398475
2.8545709141828364,PASSED,-0.26282495007326157,-4.425142769937943e-05,0.00018900766635287928,2.6409127506127947,0.00023102170839142753,-0.0009867331481149457
2.8555711142228444,PASSED,-0.2628249942305273,-4.406292974900449e-05,0.00018815813972298593,2.640912981142926,0.0002300376431697332,-0.0009822866040805462
2.8565713142628524,PASSED,-0.26282503819971753,-4.387527779195295e-05,0.00018731450193723792,2.640913210691187,0.00022905798145535217,-0.0009779117879147041
2.8575715143028604,PASSED,-0.2628250819816753,-4.368846595944244e-05,0.0001864767195593635,2.640913439261978,0.00022808270205878082,-0.0009735244690091339
2.8585717143428684,PASSED,-0.2628251255772379,-4.350248863160855e-05,0.00018564440001689995,2.6409136668596744,0.00022711179585927294,-0.0009691606865070923
2.8595719143828764,PASSED,-0.2628251689872367,-4.3317339699876625e-05,0.00018481861954193664,2.6409138934886136,0.00022614520479738798,-0.0009648779788035295
2.8605721144228844,PASSED,-0.2628252122124966,-4.313301228683852e-05,0.00018399994203555927,2.640914119153102,0.00022518289449281536,-0.0009605985217520569
2.8615723144628924,PASSED,-0.2628252552538364,-4.2949500473462665e-05,0.00018318639426938375,2.640914343857416,0.00022422485791062766,-0.000956328622478118
2.8625725145029004,PASSED,-0.2628252981120681,-4.276679775869424e-05,0.00018238026176778738,2.6409145676057912,0.00022327103632381623,-0.0009521502297002781
2.8635727145429084,PASSED,-0.26282534078799713,-4.2584896454682104e-05,0.00018158199884170427,2.6409147904024373,0.00022232139758116508,-0.0009479644179517326
2.8645729145829164,PASSED,-0.26282538328242167,-4.240379012343023e-05,0.00018078921952531662,2.640915012251519,0.00022137591713054718,-0.0009438244723953528
2.8655731146229244,PASSED,-0.2628254255961332,-4.2223471997397735e-05,0.00018000406370395882,2.6409152331571653,0.00022043453891322897,-0.0009397473806001268
2.8665733146629324,PASSED,-0.2628254677299157,-4.20439337950897e-05,0.00017922762804409626,2.640915453123473,0.00021949724004021142,-0.0009356665346291278
2.8675735147029404,PASSED,-0.2628255096845458,-4.1865168454349414e-05,0.0001784571492044092,2.6409156721544926,0.0002185639775639734,-0.0009316597706439269
2.8685737147429484,PASSED,-0.26282555146079284,-4.168716913533583e-05,0.00017769409888635572,2.640915890254246,0.00021763471089727957,-0.0009276712640604003
2.8695739147829564,PASSED,-0.2628255930594184,-4.1509927319123635e-05,0.00017694029442942626,2.6409161074267047,0.0002167094006728776,-0.0009237361979630143
2.8705741148229644,PASSED,-0.26282563448117635,-4.133343543553856e-05,0.00017619294302216598,2.6409163236758055,0.00021578800274304477,-0.000919839084412724
2.8715743148629724,PASSED,-0.26282567572681304,-4.1157686290766335e-05,0.00017545327927227382,2.640916539005446,0.00021487048465600628,-0.0009159707554556901
2.8725745149029804,PASSED,-0.26282571679706684,-4.098267154405392e-05,0.00017472239167250745,2.6409167534194764,0.00021395679671784573,-0.0009121660599637849
2.8735747149429884,PASSED,-0.2628257576926682,-4.0808382950348115e-05,0.0001739993950613396,2.6409169669217167,0.00021304690573667546,-0.0009083742619745602
2.8745749149829964,PASSED,-0.2628257984143397,-4.063481323757518e-05,0.0001732832579139952,2.640917179515932,0.0002121407617012846,-0.0009046572176683482
2.8755751150230044,PASSED,-0.2628258389627959,-4.046195424603447e-05,0.00017257614729185034,2.6409173912058588,0.00021123833128132777,-0.0009009458881491567
2.8765753150630125,PASSED,-0.26282587933874346,-4.028979760887346e-05,0.00017187696374045341,2.640917601995182,0.00021033956863716262,-0.0008973071481758092
2.8775755151030205,PASSED,-0.262825919542881,-4.011833562176874e-05,0.00017118533601423523,2.6409178118875527,0.00020944443140923788,-0.0008936906144240428
2.8785757151430285,PASSED,-0.2628259595758991,-3.9947560472537524e-05,0.00017050169137586112,2.640918020886574,0.00020855287950820436,-0.0008901260921065066
2.8795759151830365,PASSED,-0.26282599943848045,-3.977746383734442e-05,0.00016982659773793994,2.6409182289958073,0.00020766486620526407,-0.0008866047768294723
2.8805761152230445,PASSED,-0.26282603913129965,-3.960803779873943e-05,0.00016915899918301783,2.640918436218778,0.0002067803593127818,-0.0008831083029174929
2.8815763152630525,PASSED,-0.2628260786550236,-3.943927486617401e-05,0.00016849888815368514,2.6409186425589692,0.00020589931655192018,-0.0008796657328243785
2.8825765153030605,PASSED,-0.26282611801031114,-3.927116673099535e-05,0.0001678476331953064,2.6409188480198122,0.00020502167662570322,-0.0008762893884786558
2.8835767153430685,PASSED,-0.2628261571978135,-3.9103705816709435e-05,0.00016720310167965563,2.6409190526047164,0.00020414743334867659,-0.0008728792027252496
2.8845769153830765,PASSED,-0.2628261962181738,-3.893688444560599e-05,0.00016656688405264494,2.6409192563170336,0.00020327652713733217,-0.0008695908837572119
2.8855771154230845,PASSED,-0.262826235072028,-3.877069497802363e-05,0.0001659378566021568,2.640919459160085,0.00020240890306947635,-0.0008663128572548682
2.8865773154630925,PASSED,-0.2628262737600041,-3.860512984938128e-05,0.0001653166433358096,2.64091966113715,0.00020154455597253112,-0.0008630365900721122
2.8875775155031005,PASSED,-0.26282631228272285,-3.8440181743153274e-05,0.00016470241482281265,2.6409198622514687,0.00020068342845535705,-0.0008598548019086828
2.8885777155431085,PASSED,-0.2628263506407976,-3.827584333171733e-05,0.0001640957425113714,2.6409200625062446,0.00019982547399481193,-0.0008566875663027399
2.8895779155831165,PASSED,-0.2628263888348345,-3.811210745210676e-05,0.0001634959710100332,2.6409202619046392,0.0001989706708599125,-0.0008535468472972127
2.8905781156231245,PASSED,-0.2628264268654325,-3.7948967098282875e-05,0.00016290327569978892,2.640920460449779,0.00019811897631653494,-0.0008504596740977656
2.8915783156631325,PASSED,-0.26282646473318383,-3.778641544397404e-05,0.000162317240048199,2.640920658144761,0.00019727035814274673,-0.0008473905069151702
2.8925785157031405,PASSED,-0.26282650243867367,-3.7624445545725196e-05,0.0001617383370492805,2.6409208549926317,0.00019642476870340367,-0.000844388727628316
2.8935787157431485,PASSED,-0.26282653998248057,-3.746305084720257e-05,0.0001611656061715232,2.640921050996422,0.00019558219220351263,-0.0008413683480661972
2.8945789157831565,PASSED,-0.26282657736517684,-3.7302225458821185e-05,0.0001605985765212944,2.6409212461591096,0.00019474258282085286,-0.0008384367390554865
2.8955791158231645,PASSED,-0.26282661458732814,-3.71419624995087e-05,0.0001600392145066169,2.640921440483653,0.0001939059030464126,-0.0008355084646967614
2.8965793158631725,PASSED,-0.26282665164949437,-3.6982256198026816e-05,0.0001594843594653942,2.640921633972973,0.0001930721404396286,-0.0008325987015088422
2.8975795159031805,PASSED,-0.26282668855222907,-3.682310084769671e-05,0.00015893601090658486,2.640921826629964,0.0001922412561363365,-0.0008297413711475841
2.8985797159431885,PASSED,-0.2628267252960804,-3.666449056888473e-05,0.00015839312408225378,2.640922018457482,0.00019141320276099547,-0.0008269280448033234
2.8995799159831965,PASSED,-0.26282676188159076,-3.6506419866637266e-05,0.00015785575435760423,2.640922209458358,0.0001905879696846507,-0.0008241030973723627
2.9005801160232045,PASSED,-0.26282679830929717,-3.634888364662296e-05,0.0001573231971187603,2.6409223996354014,0.00018976554344075732,-0.0008213083415741043
2.9015803160632125,PASSED,-0.26282683457973155,-3.619187698674631e-05,0.00015679563504857467,2.6409225889913865,0.00018894586889944883,-0.0008185853411313942
2.9025805161032205,PASSED,-0.2628268706934209,-3.6035394643502586e-05,0.00015627348204049233,2.640922777529062,0.00018812892210079364,-0.0008158544370043552
2.9035807161432285,PASSED,-0.26282690665088765,-3.5879432397991286e-05,0.00015575475449183232,2.6409229652511566,0.0001873147066023056,-0.000813122872810488
2.9045809161832365,PASSED,-0.2628269424526493,-3.5723985546860596e-05,0.00015524158222326081,2.6409231521603744,0.00018650318358892154,-0.0008104564404330634
2.9055811162232446,PASSED,-0.2628269780992194,-3.556905006297322e-05,0.0001547314183301146,2.6409233382593937,0.00018569431361706,-0.0008078123261471947
2.9065813162632526,PASSED,-0.26282701359110744,-3.541462237113473e-05,0.00015422520751074084,2.640923523550875,0.00018488810194156594,-0.0008051445750586197
2.9075815163032606,PASSED,-0.262827048928819,-3.526069800649045e-05,0.00015372380273331282,2.640923708037458,0.0001840845272945753,-0.0008025280282786794
2.9085817163432686,PASSED,-0.26282708411285594,-3.5107273553325534e-05,0.00015322488678598447,2.640923891721763,0.00018328355184378403,-0.0007999403991330007
2.9095819163832766,PASSED,-0.262827119143717,-3.4954346764726516e-05,0.0001527280564743695,2.640924074606392,0.00018248517253139268,-0.0007973385878968905
2.9105821164232846,PASSED,-0.26282715402189755,-3.4801913627412644e-05,0.00015223652454019954,2.640924256693933,0.00018168938077484784,-0.0007947605356434848
2.9115823164632926,PASSED,-0.2628271887478902,-3.4649971174300904e-05,0.00015174640549276813,2.640924437986956,0.00018089614499541308,-0.0007922192752955789
2.9125825165033006,PASSED,-0.2628272233221847,-3.449851782558759e-05,0.00015125797752700738,2.6409246184880186,0.00018010545682992768,-0.0007896674256119591
2.9135827165433086,PASSED,-0.26282725774526855,-3.4347550505315136e-05,0.00015077354876943144,2.640924798199666,0.00017931731628203313,-0.0007871226294162997
2.9145829165833166,PASSED,-0.26282729201762683,-3.419706685542382e-05,0.00015029038397258422,2.6409249771244303,0.00017853169793677405,-0.0007846154891542658
2.9155831166233246,PASSED,-0.26282732613974275,-3.4047066123718996e-05,0.00014980763019297873,2.640925155264835,0.00017774859542114843,-0.0007820938666065113
2.9165833166633326,PASSED,-0.2628273601120976,-3.389754559875642e-05,0.0001493291214756419,2.640925332623391,0.00017696800312971077,-0.0007795912413250981
2.9175835167033406,PASSED,-0.26282739393517124,-3.37485035560627e-05,0.00014885065683909273,2.640925509202605,0.0001761899134398075,-0.0007770886556220109
2.9185837167433486,PASSED,-0.2628274276094421,-3.3599940094257534e-05,0.0001483719984492133,2.6409256850049725,0.0001754143131886116,-0.0007746079815784843
2.9195839167833566,PASSED,-0.2628274611353876,-3.345185337608845e-05,0.00014789653131566484,2.640925860032988,0.0001746412059325061,-0.0007721067724568161
2.9205841168233646,PASSED,-0.26282749451348403,-3.330424200814665e-05,0.0001474212590258953,2.640926034289138,0.00017387058537170064,-0.0007696297530379338
2.9215843168633726,PASSED,-0.26282752774420715,-3.315710649376549e-05,0.00014694501795133592,2.640926207775905,0.0001731024410454686,-0.0007671540416948051
2.9225845169033806,PASSED,-0.26282756082803216,-3.301044616351205e-05,0.00014647053845483787,2.6409263804957694,0.00017233677945757724,-0.0007646666186890912
2.9235847169433886,PASSED,-0.2628275937654339,-3.286426009012389e-05,0.00014599643001038027,2.640926552451213,0.00017157359971363938,-0.0007621884941037283
2.9245849169833966,PASSED,-0.2628276265568873,-3.2718549179977767e-05,0.000145520563569952,2.640926723644711,0.00017081289101421093,-0.0007597221696449166
2.9255851170234046,PASSED,-0.26282765920286705,-3.257331315897452e-05,0.00014504632595876567,2.6409268940787456,0.00017005466657124725,-0.0007572259585094846
2.9265853170634126,PASSED,-0.26282769170384834,-3.2428552045895015e-05,0.00014457097115999984,2.640927063755795,0.00016929892425169934,-0.0007547532269068667
2.9275855171034206,PASSED,-0.26282772406030663,-3.228426688159678e-05,0.00014409462639038045,2.6409272326783424,0.00016854566097892034,-0.0007522699700270936
2.9285857171434286,PASSED,-0.26282775627271815,-3.214045842635664e-05,0.00014361767447331419,2.640927400848872,0.00016779488641088672,-0.0007497776333712683
2.9295859171834366,PASSED,-0.26282778834155973,-3.199712695465538e-05,0.00014314066985322632,2.640927568269876,0.00016704660980536185,-0.0007472759202939542
2.9305861172234446,PASSED,-0.26282782026730916,-3.1854273726453284e-05,0.00014266160043466738,2.6409277349438485,0.00016630082563090737,-0.0007447896772281536
2.9315863172634526,PASSED,-0.2628278520504454,-3.1711900228314875e-05,0.00014218142994090329,2.640927900873287,0.00016555753842557242,-0.0007422855574061014
2.9325865173034606,PASSED,-0.2628278836914484,-3.157000720257981e-05,0.0001417007562644941,2.6409280660606984,0.0001648167665638834,-0.0007397627312109988
2.9335867173434687,PASSED,-0.2628279151907996,-3.142859624725176e-05,0.0001412177547037576,2.640928230508598,0.0001640785159202663,-0.0007372425852211372
2.9345869173834767,PASSED,-0.26282794654898206,-3.128766926194942e-05,0.00014073313903472133,2.6409283942195065,0.00016334278381556052,-0.0007347251176955474
2.9355871174234847,PASSED,-0.26282797776648015,-3.1147227352808304e-05,0.00014024775587871682,2.6409285571959504,0.00016260958345955107,-0.0007321838482187171
2.9365873174634927,PASSED,-0.26282800884378,-3.100727235171458e-05,0.00013975983123705202,2.640928719440472,0.0001618789343710941,-0.0007296259152824797
2.9375875175035007,PASSED,-0.2628280397813696,-3.086780647673168e-05,0.00013926990414680484,2.640928880955615,0.0001611508313446604,-0.0007270877672011792
2.9385877175435087,PASSED,-0.2628280705797389,-3.0728831345368734e-05,0.00013877861617369908,2.640929041743938,0.0001604252871290172,-0.000724515181271223
2.9395879175835167,PASSED,-0.26282810123937966,-3.059034890261445e-05,0.0001382849938080172,2.6409292018080097,0.00015970232513400564,-0.000721926537505081
2.9405881176235247,PASSED,-0.26282813176078584,-3.0452361611709234e-05,0.00013778882230335417,2.640929361150408,0.00015898194348599426,-0.0007193517216822542
2.9415883176635327,PASSED,-0.26282816214445337,-3.0314871421319152e-05,0.00013729110244790443,2.6409295197737217,0.0001582641513345464,-0.0007167524379582724
2.9425885177035407,PASSED,-0.2628281923908805,-3.0177880313909495e-05,0.00013679111071749356,2.6409296776805524,0.0001575489728546157,-0.0007141291745789977
2.9435887177435487,PASSED,-0.26282822250056764,-3.0041390857848676e-05,0.00013628835295636718,2.6409298348735124,0.00015683641157055323,-0.0007115160237180908
2.9445889177835567,PASSED,-0.2628282524740176,-2.9905405469006443e-05,0.00013578341276614597,2.6409299913552258,0.00015612647556236233,-0.0007088826645060882
2.9455891178235647,PASSED,-0.26282828231173533,-2.9769926088372068e-05,0.00013527669254652182,2.640930147128329,0.0001554191864912994,-0.0007062266754341582
2.9465893178635727,PASSED,-0.26282831201422807,-2.9634955002801084e-05,0.00013476734758728875,2.640930302195471,0.00015471455256901504,-0.0007035720868511675
2.9475895179035807,PASSED,-0.2628283415820057,-2.950049519150757e-05,0.00013425478709766755,2.6409304565593135,0.00015401258492802467,-0.0007008980104165443
2.9485897179435887,PASSED,-0.2628283710155802,-2.9366548551873782e-05,0.0001337412079911983,2.640930610222529,0.00015331329571937434,-0.0006982166741395261
2.9495899179835967,PASSED,-0.26282840031546606,-2.923311733847943e-05,0.00013322455032979146,2.6409307631878023,0.0001526166978002749,-0.0006955187490727124
2.9505901180236047,PASSED,-0.26282842948217994,-2.9100204087583455e-05,0.00013270571794009607,2.640930915457834,0.00015192280807536102,-0.0006928037088079649
2.9515903180636127,PASSED,-0.26282845851624104,-2.8967811256170533e-05,0.00013218424039480135,2.6409310670353316,0.00015123163104300682,-0.0006900925813850161
2.9525905181036207,PASSED,-0.2628284874181709,-2.8835941122902236e-05,0.0001316607285172929,2.6409312179230158,0.00015054317678753868,-0.0006873620381902059
2.9535907181436287,PASSED,-0.262828516188493,-2.870459544088225e-05,0.00013113565102177785,2.6409313681236255,0.00014985747546276113,-0.0006845941825024638
2.9545909181836367,PASSED,-0.2628285448277333,-2.8573776850674066e-05,0.00013060721633246085,2.640931517639903,0.00014917451990641048,-0.0006818631389161084
2.9555911182236447,PASSED,-0.2628285733364201,-2.844348800485288e-05,0.00013007659881366694,2.640931666474605,0.00014849431658195224,-0.0006790967814863045
2.9565913182636527,PASSED,-0.2628286017150836,-2.8313730024157046e-05,0.00012954556861727854,2.6409318146305023,0.0001478169030560838,-0.0006762913554565508
2.9575915183036607,PASSED,-0.262828629964256,-2.8184505113159937e-05,0.0001290111392503307,2.640931962110372,0.00014714226904705287,-0.000673529111413825
2.9585917183436687,PASSED,-0.2628286580844717,-2.8055816221740853e-05,0.00012847405953158385,2.640932108917003,0.00014647041952947545,-0.0006707297883531549
2.9595919183836767,PASSED,-0.26282868607626697,-2.7927664238515803e-05,0.00012793726568736258,2.6409322550531975,0.00014580138894216966,-0.0006678977866075622
2.9605921184236847,PASSED,-0.26282871394017987,-2.7800051008028047e-05,0.0001273972070213495,2.640932400521762,0.00014513516698416468,-0.0006651047389365832
2.9615923184636928,PASSED,-0.26282874167675035,-2.767297893315377e-05,0.0001268553201095636,2.640932545325517,0.00014447176213888775,-0.0006622715828371576
2.9625925185037008,PASSED,-0.26282876928651977,-2.754644879390818e-05,0.0001263133520029318,2.640932689467286,0.0001438111941327091,-0.0006594322884063131
2.9635927185437088,PASSED,-0.26282879677003124,-2.7420462380150954e-05,0.0001257684549267597,2.6409328329499093,0.0001431534692821113,-0.0006565865587254325
2.9645929185837168,PASSED,-0.2628288241278292,-2.7295021527068375e-05,0.00012522245185312195,2.640932975776224,0.00014249858043132257,-0.0006537570454975965
2.9655931186237248,PASSED,-0.26282885136045964,-2.7170127212141394e-05,0.00012467555697622093,2.640933117949082,0.00014184654696712767,-0.0006508844099931138
2.9665933186637328,PASSED,-0.26282887846846936,-2.7045780008457688e-05,0.00012412830148869183,2.6409332594713426,0.00014119738550822286,-0.0006480128248459598
2.9675935187037408,PASSED,-0.2628289054524066,-2.6921981754031605e-05,0.00012357822305101486,2.6409334003458618,0.0001405510726901927,-0.0006451794801529521
2.9685937187437488,PASSED,-0.26282893231282056,-2.6798733378473408e-05,0.00012302847722965265,2.6409335405755074,0.0001399076264031392,-0.0006422908249872231
2.969593918783757,PASSED,-0.26282895905026105,-2.667603490246121e-05,0.0001224784752005594,2.640933680163153,0.00013926707126437655,-0.0006393980146129094
2.970594118823765,PASSED,-0.26282898566527874,-2.655388745907315e-05,0.00012192675551306346,2.6409338191116722,0.000138629383030634,-0.000636548379829013
2.971594318863773,PASSED,-0.2628290121584248,-2.6432291648478222e-05,0.00012137518064950135,2.640933957423941,0.00013799456398282735,-0.0006336661597917219
2.972594518903781,PASSED,-0.26282903853025097,-2.631124764651961e-05,0.00012082321616468525,2.6409340951028413,0.00013736264166847246,-0.0006307597507303102
2.973594718943789,PASSED,-0.262829064781309,-2.619075541778264e-05,0.0001202715704518217,2.640934232151254,0.0001367335977252982,-0.0006279000714702072
2.974594918983797,PASSED,-0.262829090912151,-2.6070815327215677e-05,0.00011971910397705799,2.6409343685720588,0.00013610742324211123,-0.0006250240909981463
2.975595119023805,PASSED,-0.262829116923329,-2.59514273912746e-05,0.00011916715725042386,2.640934504368139,0.00013548414216843724,-0.0006221190621245587
2.976595319063813,PASSED,-0.2628291428153947,-2.5832591084230785e-05,0.00011861574023940953,2.6409346395423765,0.00013486374511723979,-0.0006192490439127171
2.977595519103821,PASSED,-0.26282916858889976,-2.5714306034660177e-05,0.00011806458912474312,2.6409347740976483,0.0001342462121510452,-0.0006163889143825309
2.978595719143829,PASSED,-0.2628291942443952,-2.5596571941063076e-05,0.00011751376324534014,2.6409349080368343,0.00013363156387865554,-0.0006134878443943666
2.979595919183837,PASSED,-0.2628292197824314,-2.54793878546688e-05,0.00011696430182689619,2.6409350413628068,0.00013301979426202305,-0.0006106241314578977
2.980596119223845,PASSED,-0.262829245203558,-2.5362752842188165e-05,0.00011641548624979168,2.6409351740784337,0.00013241087652010093,-0.0006077801488982668
2.981596319263853,PASSED,-0.2628292705083237,-2.524666627677859e-05,0.00011586728484943173,2.640935306186579,0.00013180482394202714,-0.0006049008641907962
2.982596519303861,PASSED,-0.2628292956972761,-2.5131126623925728e-05,0.00011532123152181516,2.6409354376901035,0.00013120163876474962,-0.0006020413860019824
2.983596719343869,PASSED,-0.2628293207709615,-2.5016132496493515e-05,0.00011477605803914193,2.64093556859186,0.0001306012942447025,-0.0005992132760772269
2.984596919383877,PASSED,-0.26282934572992495,-2.490168284664584e-05,0.00011423204438669481,2.6409356988946904,0.00013000378493793397,-0.0005963733272293724
2.985597119423885,PASSED,-0.2628293705747098,-2.4787775820544145e-05,0.00011369034724502588,2.640935828601437,0.00012940912322947245,-0.0005935206292829816
2.986597319463893,PASSED,-0.26282939530585764,-2.467440923340544e-05,0.00011315074706782401,2.6409359577149236,0.00012881727750338627,-0.0005907291239550156
2.987597519503901,PASSED,-0.2628294199239085,-2.4561581976525898e-05,0.00011261159675402451,2.640936086237965,0.0001282282314639449,-0.0005879239830989251
2.988597719543909,PASSED,-0.2628294444294001,-2.4449291399887346e-05,0.00011207656322823136,2.640936214173379,0.00012764201273033257,-0.0005850819006212673
2.989597919583917,PASSED,-0.2628294688228681,-2.433753515258502e-05,0.00011154270335172209,2.6409363415239504,0.0001270585703442339,-0.0005823493764169655
2.990598119623925,PASSED,-0.262829493104846,-2.4226311576607422e-05,0.00011101082439485204,2.640936468292473,0.00012647790096506238,-0.0005795493810079181
2.991598319663933,PASSED,-0.2628295172758646,-2.41156174583633e-05,0.00011048298081030861,2.6409365944817162,0.00012590001639735905,-0.000576774692166927
2.992598519703941,PASSED,-0.2628295413364524,-2.400545025948436e-05,0.00010995667759136395,2.640936720094437,0.00012532486929204325,-0.0005740620474150325
2.993598719743949,PASSED,-0.2628295652871351,-2.389580774667846e-05,0.00010943306961559658,2.640936845133381,0.0001247524561925342,-0.0005713138009050602
2.994598919783957,PASSED,-0.2628295891284355,-2.3786686638447857e-05,0.00010891313397394028,2.6409369696012783,0.00012418277933778452,-0.00056858555731275
2.995599119823965,PASSED,-0.2628296128608736,-2.3678083518348337e-05,0.00010839644418323823,2.6409370935008423,0.00012361579945541535,-0.0005659094324067669
2.996599319863973,PASSED,-0.26282963648496604,-2.356999600450582e-05,0.00010788156028203793,2.64093721683477,0.00012305150495359757,-0.0005632178814251045
2.997599519903981,PASSED,-0.2628296600012267,-2.3462420653442665e-05,0.00010737121158390708,2.640937339605743,0.00012248989333071722,-0.0005605407838504758
2.998599719943989,PASSED,-0.2628296834101657,-2.3355353404540257e-05,0.00010686460711474404,2.6409374618164287,0.00012193093657262613,-0.0005579007409181708
2.999599919983997,PASSED,-0.26282970671228995,-2.3248791579744974e-05,0.00010635996991564062,2.6409375834694697,0.00012137460815629711,-0.0005552801999362448
3.000600120024005,PASSED,-0.262829729908103,-2.314273188603225e-05,0.0001058595095774504,2.6409377045674973,0.00012082090753182912,-0.0005526475741558317
3.001600320064013,PASSED,-0.26282975299810435,-2.3037169308311653e-05,0.00010536462314936074,2.6409378251131184,0.0001202698063797342,-0.000550070204054307
3.002600520104021,PASSED,-0.26282977598279017,-2.2932101080075587e-05,0.00010487063162720019,2.64093794510892,0.00011972127202819785,-0.0005475104498577077
3.003600720144029,PASSED,-0.2628297988626526,-2.282752359766043e-05,0.00010438204960712915,2.6409380645574774,0.00011917531211884486,-0.0005449262156831801
3.004600920184037,PASSED,-0.26282982163818,-2.272343192746343e-05,0.0001038980839235822,2.6409381834613344,0.00011863188828780636,-0.000542422241275393
3.005601120224045,PASSED,-0.26282984430985673,-2.2619822836310073e-05,0.00010341642930653683,2.640938301823027,0.00011809097939896388,-0.0005398999872205236
3.006601320264053,PASSED,-0.2628298668781631,-2.2516692219796975e-05,0.00010294007465080815,2.640938419645053,0.00011755256582701163,-0.0005374226284400478
3.007601520304061,PASSED,-0.2628298893435754,-2.2414035512354023e-05,0.00010246779597104814,2.640938536929905,0.00011701662971111023,-0.0005349451075423122
3.008601720344069,PASSED,-0.2628299117065655,-2.2311848731961106e-05,0.00010199943667416376,2.640938653680046,0.00011648315066765304,-0.0005325016674004412
3.009601920384077,PASSED,-0.2628299339676014,-2.2210127838203564e-05,0.0001015351984797928,2.640938769897919,0.00011595210007198679,-0.0005300832145101146
3.010602120424085,PASSED,-0.2628299561271465,-2.2108868201807365e-05,0.00010107592834047238,2.640938885585943,0.00011542345628819486,-0.0005276841633131491
3.011602320464093,PASSED,-0.2628299781856602,-2.200806573847357e-05,0.00010062015332933958,2.6409390007465157,0.00011489720119197632,-0.0005253023848221365
3.012602520504101,PASSED,-0.2628300001435972,-2.1907715954663325e-05,0.00010016953746418033,2.6409391153820114,0.00011437330811411239,-0.0005229535398918122
3.013602720544109,PASSED,-0.2628300220014082,-2.1807814444999513e-05,9.972282446356817e-05,2.6409392294947835,0.00011385175724637104,-0.0005206157529743557
3.014602920584117,PASSED,-0.2628300437595393,-2.170835706049544e-05,9.928042453107266e-05,2.640939343087161,0.0001133325236926005,-0.0005183120876346982
3.015603120624125,PASSED,-0.262830065418432,-2.160933887547809e-05,9.884335867487286e-05,2.6409394561614463,0.00011281557995389828,-0.0005160315060805442
3.016603320664133,PASSED,-0.2628300869785238,-2.1510755758937846e-05,9.840962178382717e-05,2.640939568719925,0.00011230091184987521,-0.0005137591693180958
3.017603520704141,PASSED,-0.2628301084402473,-2.141260342141051e-05,9.798081468966967e-05,2.640939680764859,0.00011178849746803471,-0.0005115178568554342
3.018603720744149,PASSED,-0.262830129804031,-2.1314877026906674e-05,9.755678104661363e-05,2.6409397922984814,0.0001112782972311429,-0.0005093218235827392
3.019603920784157,PASSED,-0.2628301510702988,-2.121757238166797e-05,9.713655470009757e-05,2.6409399033230048,0.00011077029797797823,-0.0005071175395526394
3.020604120824165,PASSED,-0.26283017223947025,-2.1120685344863835e-05,9.672069154016562e-05,2.6409400138406207,0.00011026448753289954,-0.0005049390487627103
3.021604320864173,PASSED,-0.2628301933119604,-2.1024210888434646e-05,9.631029968853772e-05,2.6409401238534977,0.0001097608296182737,-0.0005028038252012566
3.022604520904181,PASSED,-0.2628302142881801,-2.092814505636398e-05,9.590285365874775e-05,2.640940233363776,0.00010925929345164038,-0.0005006910609213684
3.023604720944189,PASSED,-0.26283023516853565,-2.0832483547110047e-05,9.550061298405915e-05,2.640940342373582,0.00010875988167463186,-0.0004985589210666406
3.024604920984197,PASSED,-0.2628302559534291,-2.0737221800138377e-05,9.510250296340892e-05,2.6409404508850134,0.00010826255945254156,-0.0004964977561060524
3.025605121024205,PASSED,-0.26283027664325836,-2.0642355911784426e-05,9.470814528098364e-05,2.6409405589001445,0.00010776728483010781,-0.0004944591999855554
3.026605321064213,PASSED,-0.2628302972384169,-2.054788133759878e-05,9.431886012208684e-05,2.6409406664210304,0.00010727406411964093,-0.0004923950507877529
3.027605521104221,PASSED,-0.262830317739294,-2.045379385887609e-05,9.393322445642549e-05,2.6409407734497075,0.00010678287688567899,-0.0004903820227447288
3.028605721144229,PASSED,-0.26283033814627516,-2.036009005794653e-05,9.355085191165187e-05,2.640940879988183,0.00010629367229726814,-0.0004884196321882665
3.029605921184237,PASSED,-0.26283035845974134,-2.026676514761222e-05,9.317428261608676e-05,2.640940986038449,0.000105806451417546,-0.00048642171141140413
3.030606121224245,PASSED,-0.26283037868006986,-2.0173815240525218e-05,9.280032340094072e-05,2.640941091602476,0.0001053212013329134,-0.00048446900011342095
3.031606321264253,PASSED,-0.2628303988076339,-2.008123710861019e-05,9.243000425775167e-05,2.6409411966822076,0.00010483787137234436,-0.0004825706008728041
3.032606521304261,PASSED,-0.262830418842803,-1.9989026081913747e-05,9.206504165556813e-05,2.6409413012795784,0.00010435647067990286,-0.00048062075348728956
3.033606721344269,PASSED,-0.26283043878594264,-1.9897178728663948e-05,9.17022276459547e-05,2.6409414053964917,0.00010387697259893874,-0.00047874963261533625
3.034606921384277,PASSED,-0.26283045863741483,-1.980569195306665e-05,9.134314089819145e-05,2.6409415090348407,0.00010339934304120437,-0.0004768828411470422
3.035607121424285,PASSED,-0.26283047839757784,-1.9714561361365075e-05,9.098889223716913e-05,2.6409416121964955,0.0001029235829390612,-0.0004750116094739096
3.036607321464293,PASSED,-0.26283049806678654,-1.9623783792463236e-05,9.063668667828465e-05,2.6409417148833088,0.00010244966857128839,-0.0004731828733054067
3.037607521504301,PASSED,-0.26283051764539234,-1.953335629777606e-05,9.028803335977515e-05,2.6409418170971124,0.00010197756875127684,-0.00047137778448228586
3.038607721544309,PASSED,-0.26283053713374316,-1.9443274777530712e-05,8.994384483572833e-05,2.6409419188397263,0.00010150728553011672,-0.0004695535122786809
3.039607921584317,PASSED,-0.26283055653218396,-1.9353536612854567e-05,8.960104456975546e-05,2.6409420201129485,0.00010103879577721939,-0.00046778057997643504
3.040608121624325,PASSED,-0.2628305758410563,-1.926413874182135e-05,8.926242200886031e-05,2.640942120918565,0.0001005720741744376,-0.00046601561798534683
3.041608321664333,PASSED,-0.26283059506069895,-1.9175077794304614e-05,8.892663118865646e-05,2.6409422212583427,0.00010010711946914578,-0.00046424743016278895
3.042608521704341,PASSED,-0.2628306141914476,-1.9086351223305525e-05,8.859319753937492e-05,2.640942321134033,9.964390740270745e-05,-0.0004625218239553442
3.043608721744349,PASSED,-0.26283063323363526,-1.8997956273877153e-05,8.826278402104121e-05,2.6409424205473764,9.918242461105094e-05,-0.00046079010345729914
3.044608921784357,PASSED,-0.2628306521875921,-1.890989018754229e-05,8.793495454407882e-05,2.6409425195000966,9.872266435253477e-05,-0.00045907369522207777
3.045609121824365,PASSED,-0.2628306710536458,-1.8822150480577706e-05,8.760954191158296e-05,2.640942617993903,9.826460270596392e-05,-0.0004573869474700442
3.046609321864373,PASSED,-0.26283068983212154,-1.8734734685525972e-05,8.728663047849526e-05,2.6409427160304917,9.780822878120799e-05,-0.0004556985762798541
3.047609521904381,PASSED,-0.26283070852334217,-1.8647640798926098e-05,8.696539068079653e-05,2.640942813611555,9.735354956167503e-05,-0.0004539996483683818
3.048609721944389,PASSED,-0.2628307271276283,-1.8560866194443766e-05,8.664741368335713e-05,2.6409429107387585,9.690052413245301e-05,-0.00045237594979111314
3.049609921984397,PASSED,-0.26283074564529835,-1.8474408959844304e-05,8.633044854352645e-05,2.640943007413767,9.644915022729219e-05,-0.00045070587540729844
3.050610122024405,PASSED,-0.2628307640766688,-1.8388267362241512e-05,8.601569697563333e-05,2.640943103638236,9.599944540674298e-05,-0.0004490374506438151
3.051610322064413,PASSED,-0.2628307824220541,-1.830243922874205e-05,8.570309118201505e-05,2.640943199413804,9.55513648743386e-05,-0.0004474425869114368
3.052610522104421,PASSED,-0.2628308006817672,-1.821692300841883e-05,8.53916397506878e-05,2.640943294742107,9.510490480771454e-05,-0.00044580505309914923
3.053610722144429,PASSED,-0.2628308188561191,-1.8131717268692042e-05,8.508180637752406e-05,2.6409433896247685,9.466008225723609e-05,-0.0004441675487313442
3.054610922184437,PASSED,-0.2628308369454194,-1.8046820275236295e-05,8.477378484122547e-05,2.640943484063399,9.421685664186914e-05,-0.00044259765979068024
3.055611122224445,PASSED,-0.26283085494997643,-1.7962230803634405e-05,8.446659610900205e-05,2.6409435780596167,9.37752428983165e-05,-0.00044095779939396944
3.056611322264453,PASSED,-0.2628308728700969,-1.787794737887185e-05,8.416131053159227e-05,2.6409436716150165,9.333523308285913e-05,-0.0004393778261662935
3.057611522304461,PASSED,-0.26283089070608634,-1.779396896065609e-05,8.385649000520512e-05,2.640943764731197,9.289680432655943e-05,-0.00043779604305529295
3.058611722344469,PASSED,-0.26283090845824947,-1.7710294962158378e-05,8.355233749271848e-05,2.6409438574097464,9.245996652959963e-05,-0.00043619896622945647
3.059611922384477,PASSED,-0.2628309261268898,-1.7626923782827157e-05,8.325040722355551e-05,2.640943949652253,9.202472139507512e-05,-0.00043460924672121483
3.060612122424485,PASSED,-0.2628309437123101,-1.75438547482211e-05,8.294811952772305e-05,2.640944041460292,9.159104036048249e-05,-0.00043306222650690065
3.061612322464493,PASSED,-0.2628309612148123,-1.7461087692699576e-05,8.264634618405871e-05,2.6409441328354437,9.115893631446445e-05,-0.0004314652590254789
3.062612522504501,PASSED,-0.2628309786346977,-1.73786214196261e-05,8.23462243330875e-05,2.6409442237792833,9.072841872932841e-05,-0.00042988580254307493
3.063612722544509,PASSED,-0.262830995972267,-1.7296455535374777e-05,8.20456575301458e-05,2.6409443142933755,9.029945177296726e-05,-0.0004283543922398826
3.064612922584517,PASSED,-0.26283101322782054,-1.7214589960608935e-05,8.174551958964062e-05,2.640944404379289,8.98720491060415e-05,-0.0004267681833830141
3.065613122624525,PASSED,-0.2628310304016582,-1.7133024001912925e-05,8.144625143359018e-05,2.6409444940385924,8.944623284394962e-05,-0.000425181647897791
3.066613322664533,PASSED,-0.26283104749407976,-1.7051757641730447e-05,8.11464326817332e-05,2.6409445832728466,8.902196413864189e-05,-0.0004236600769143592
3.067613522704541,PASSED,-0.26283106450538457,-1.6970790685935435e-05,8.084730453719992e-05,2.6409446720836187,8.85992554773909e-05,-0.000422074384142077
3.068613722744549,PASSED,-0.2628310814358721,-1.68901230875041e-05,8.054779436076072e-05,2.640944760472469,8.817812389102252e-05,-0.0004205030545192289
3.069613922784557,PASSED,-0.2628310982858418,-1.6809754898145277e-05,8.024845269086587e-05,2.6409448484409626,8.775854663420774e-05,-0.00041896005834514573
3.070614122824565,PASSED,-0.2628311150555931,-1.6729686242684035e-05,7.994879064149523e-05,2.640944935990664,8.734053245260547e-05,-0.00041738359710702096
3.071614322864573,PASSED,-0.2628311317454257,-1.6649917470627712e-05,7.964875966620705e-05,2.640945023123132,8.692408454483809e-05,-0.0004158241148742967
3.0726145229045807,PASSED,-0.2628311483556396,-1.65704486941555e-05,7.934878767621597e-05,2.6409451098399392,8.650920661594458e-05,-0.00041424713823962544
3.0736147229445887,PASSED,-0.26283116488653474,-1.6491280085738187e-05,7.904848891137306e-05,2.6409451961426473,8.609589183119808e-05,-0.00041269321575107765
3.0746149229845967,PASSED,-0.26283118133841193,-1.6412412490608627e-05,7.874699927501489e-05,2.6409452820328285,8.568414644112698e-05,-0.0004111135062844438
3.0756151230246047,PASSED,-0.26283119771157204,-1.6333846057247103e-05,7.844605608586249e-05,2.640945367512057,8.52739853416039e-05,-0.0004095261616821628
3.0766153230646127,PASSED,-0.2628312140063167,-1.6255581313376328e-05,7.814386906071758e-05,2.6409454525819016,8.48653872435983e-05,-0.0004079793888879098
3.0776155231046207,PASSED,-0.26283123022294785,-1.617761888314339e-05,7.784147101441927e-05,2.6409455372439394,8.445836255933814e-05,-0.00040638821450830385
3.0786157231446287,PASSED,-0.26283124636176824,-1.6099959623576517e-05,7.753778526850796e-05,2.640945621499754,8.405293831976453e-05,-0.0004047815896171571
3.0796159231846367,PASSED,-0.2628312624230811,-1.6022603907561657e-05,7.723433651242846e-05,2.6409457053509264,8.36490879224112e-05,-0.00040322960251079425
3.0806161232246447,PASSED,-0.2628312784071904,-1.594555233532478e-05,7.692972938650665e-05,2.6409457887990455,8.3246821106864e-05,-0.00040162495757145984
3.0816163232646527,PASSED,-0.26283129431440094,-1.5868806145627626e-05,7.662382990424811e-05,2.6409458718456977,8.284615542541372e-05,-0.00040002616403617293
3.0826165233046607,PASSED,-0.2628313101450182,-1.579236562768031e-05,7.631830997602957e-05,2.640945954492482,8.244708640592346e-05,-0.0003984309231263087
3.0836167233446687,PASSED,-0.2628313258993483,-1.5716231707396315e-05,7.601099382264154e-05,2.640946036740999,8.204961931015385e-05,-0.00039682454419849616
3.0846169233846767,PASSED,-0.2628313415776986,-1.5640405675283028e-05,7.570272430705148e-05,2.6409461185928484,8.16537524507907e-05,-0.00039522840280626
3.0856171234246847,PASSED,-0.2628313571803768,-1.556488758839719e-05,7.539499527169219e-05,2.6409462000496378,8.125949461313936e-05,-0.0003936107942147267
3.0866173234646928,PASSED,-0.26283137270769175,-1.54896786356694e-05,7.508492436519175e-05,2.6409462811129787,8.08668549134957e-05,-0.0003919923032629571
3.0876175235047008,PASSED,-0.2628313881599531,-1.541478019520095e-05,7.477411787061656e-05,2.6409463617844895,8.047583426809497e-05,-0.0003903728734925736
3.0886177235447088,PASSED,-0.2628314035374713,-1.5340192605624516e-05,7.446323738030856e-05,2.6409464420657924,8.008643836208003e-05,-0.000388744594363195
3.0896179235847168,PASSED,-0.2628314188405578,-1.5265916404417506e-05,7.415151042481429e-05,2.640946521958511,7.969866624035516e-05,-0.00038712380663266335
3.0906181236247248,PASSED,-0.2628314340695248,-1.519195328564646e-05,7.383752433519945e-05,2.6409466014642753,7.931252622427019e-05,-0.00038548415571982957
3.0916183236647328,PASSED,-0.2628314492246855,-1.5118303836259404e-05,7.352406608829359e-05,2.640946680584719,7.89280248958772e-05,-0.0003838461101750832
3.0926185237047408,PASSED,-0.26283146430635385,-1.5044968469330453e-05,7.320956748938831e-05,2.6409467593214826,7.854516554791717e-05,-0.0003822015064833177
3.0936187237447488,PASSED,-0.26283147931484474,-1.4971948495297423e-05,7.289357839545778e-05,2.6409468376762124,7.816395519781283e-05,-0.00038054957918503554
3.094618923784757,PASSED,-0.26283149425047375,-1.4899244750875199e-05,7.25771884400698e-05,2.6409469156505527,7.778438911642619e-05,-0.0003789104161877214
3.095619123824765,PASSED,-0.26283150911355746,-1.4826857761681397e-05,7.226018969628958e-05,2.64094699324616,7.740648224446e-05,-0.00037723784248515146
3.096619323864773,PASSED,-0.26283152390441306,-1.475478836792427e-05,7.194219646435157e-05,2.640947070464683,7.703022812486569e-05,-0.00037559830433376093
3.097619523904781,PASSED,-0.2628315386233587,-1.4683037520575632e-05,7.162328127149762e-05,2.6409471473077906,7.66556411390553e-05,-0.0003739127734614598
3.098619723944789,PASSED,-0.26283155327071295,-1.4611605586958616e-05,7.130436851402886e-05,2.640947223777141,7.628272108970073e-05,-0.0003722582332833279
3.099619923984797,PASSED,-0.2628315678467954,-1.4540493606843211e-05,7.098372118298667e-05,2.640947299874404,7.591146305983943e-05,-0.00037059122757994884
3.100620124024805,PASSED,-0.2628315823519261,-1.4469702179643721e-05,7.066323121049293e-05,2.6409473756012494,7.554188225607217e-05,-0.00036890718789212533
3.101620324064813,PASSED,-0.26283159678642576,-1.4399231349098628e-05,7.034256343482626e-05,2.640947450959357,7.517398766678776e-05,-0.00036721952354592185
3.102620524104821,PASSED,-0.2628316111506156,-1.4329082209146889e-05,7.002019096301401e-05,2.640947525950396,7.480775352246939e-05,-0.00036557722483334277
3.103620724144829,PASSED,-0.26283162544481736,-1.4259255357843993e-05,6.969795819615155e-05,2.640947600576053,7.4443208307552e-05,-0.00036385720830675524
3.104620924184837,PASSED,-0.26283163966935347,-1.4189750831186625e-05,6.937557229817647e-05,2.6409476748380056,7.408035402808075e-05,-0.0003621856602475597
3.105621124224845,PASSED,-0.2628316538245464,-1.4120568853560323e-05,6.905291451172111e-05,2.6409477487379385,7.37191700236102e-05,-0.00036051623395253737
3.106621324264853,PASSED,-0.2628316679107192,-1.4051710349731617e-05,6.872889670669492e-05,2.6409478222775413,7.335968411817959e-05,-0.0003587990197493461
3.107621524304861,PASSED,-0.2628316819281953,-1.398317549613178e-05,6.840549152859892e-05,2.6409478954585013,7.300189161616785e-05,-0.00035712149018668254
3.108621724344869,PASSED,-0.2628316958772981,-1.391496385341243e-05,6.808241017984779e-05,2.6409479682825037,7.26457712707583e-05,-0.0003554529155581345
3.109621924384877,PASSED,-0.26283170975835135,-1.3847076097585622e-05,6.77579862581146e-05,2.640948040751243,7.229135418113841e-05,-0.0003537265389943892
3.110622124424885,PASSED,-0.26283172357167883,-1.3779512499884661e-05,6.743400532952624e-05,2.6409481128664076,7.193863146290273e-05,-0.0003520535043965417
3.111622324464893,PASSED,-0.2628317373176045,-1.3712272501171322e-05,6.711066096921503e-05,2.640948184629688,7.158758517161733e-05,-0.0003503748158779632
3.112622524504901,PASSED,-0.2628317509964521,-1.3645356209043272e-05,6.678671290060553e-05,2.640948256042774,7.123823675687907e-05,-0.00034866414731177573
3.113622724544909,PASSED,-0.2628317646085454,-1.3578763883243572e-05,6.646273439909543e-05,2.6409483271073584,7.089058604317655e-05,-0.0003469750912963556
3.114622924584917,PASSED,-0.2628317781542079,-1.3512494889811853e-05,6.61398327868013e-05,2.64094839782513,7.054461550789881e-05,-0.0003453008312653254
3.115623124624925,PASSED,-0.26283179163376297,-1.3446548953934016e-05,6.581667127185907e-05,2.6409484681977733,7.020032595597217e-05,-0.00034361536570083075
3.116623324664933,PASSED,-0.2628318050475335,-1.3380925968108495e-05,6.549386219462988e-05,2.6409485382269775,6.98577334714823e-05,-0.0003419105636825512
3.117623524704941,PASSED,-0.2628318183958422,-1.3315625352955795e-05,6.51717837914144e-05,2.64094860791443,6.9516828749069e-05,-0.00034023416156713605
3.118623724744949,PASSED,-0.2628318316790111,-1.3250646518600136e-05,6.485020139849053e-05,2.640948677261804,6.917758149954003e-05,-0.00033858930817020564
3.119623924784957,PASSED,-0.26283184489736183,-1.3185989034756639e-05,6.452900547350283e-05,2.6409487462707837,6.884002489690356e-05,-0.0003368681322806493
3.120624124824965,PASSED,-0.26283185805121534,-1.3121652330525492e-05,6.420850340290758e-05,2.640948814943043,6.850415362582255e-05,-0.0003352066969479408
3.121624324864973,PASSED,-0.26283187114089185,-1.3057635245618619e-05,6.388947257618315e-05,2.640948883280258,6.816993814998561e-05,-0.00033355466176292724
3.122624524904981,PASSED,-0.2628318841667108,-1.299393733003765e-05,6.357021091748999e-05,2.6409489512840914,6.783738617223534e-05,-0.0003318835217418231
3.123624724944989,PASSED,-0.262831897128991,-1.293055785859e-05,6.325231180109144e-05,2.6409490189562086,6.750650489153738e-05,-0.0003302131200020353
3.124624924984997,PASSED,-0.26283191002805,-1.2867495260584604e-05,6.293612214159981e-05,2.6409490862982676,6.717727645281592e-05,-0.00032857198453440213
3.125625125025005,PASSED,-0.26283192286420454,-1.2804748943008346e-05,6.26197811993657e-05,2.6409491533119223,6.684969419647557e-05,-0.00032692243754432114
3.126625325065013,PASSED,-0.2628319356377702,-1.2742317960287303e-05,6.230511706882557e-05,2.6409492199988196,6.652376220759877e-05,-0.0003252716897651284
3.127625525105021,PASSED,-0.26283194834906154,-1.2680200522688784e-05,6.199231795164697e-05,2.640949286360604,6.619947194272261e-05,-0.0003236359816168472
3.128625725145029,PASSED,-0.2628319609983917,-1.2618395793414897e-05,6.167967015538006e-05,2.6409493523989087,6.587680543291156e-05,-0.000322020195273841
3.129625925185037,PASSED,-0.26283197358607274,-1.2556902561855953e-05,6.13689391613168e-05,2.640949418115364,6.555576961073624e-05,-0.0003203795734429723
3.130626125225045,PASSED,-0.26283198611241515,-1.2495718934416395e-05,6.106008629171926e-05,2.6409494835115868,6.523634770139324e-05,-0.0003187834666096812
3.131626325265053,PASSED,-0.26283199857772804,-1.2434843629099084e-05,6.0752118001039696e-05,2.640949548589196,6.491853713894048e-05,-0.0003171619596814931
3.132626525305061,PASSED,-0.2628320109823191,-1.2374275548570596e-05,6.0445388880118884e-05,2.6409496133497963,6.460233587012235e-05,-0.0003155608082425475
3.133626725345069,PASSED,-0.2628320233264944,-1.2314012656576466e-05,6.0141227403469474e-05,2.640949677794983,6.428771603213663e-05,-0.00031399252448116095
3.134626925385077,PASSED,-0.2628320356105583,-1.2254053092682975e-05,5.983845488683884e-05,2.640949741926348,6.397468541708666e-05,-0.0003123893420958673
3.135627125425085,PASSED,-0.26283204783481356,-1.2194395518029764e-05,5.9536987830791165e-05,2.6409498057454694,6.366323631276477e-05,-0.000310822279139241
3.136627325465093,PASSED,-0.26283205999956116,-1.2135038302313571e-05,5.9237367639795196e-05,2.6409498692539217,6.335334818945593e-05,-0.0003092653527552299
3.137627525505101,PASSED,-0.2628320721051,-1.2075978702564857e-05,5.8941087821325546e-05,2.6409499324532644,6.304501703183406e-05,-0.0003077083608662811
3.138627725545109,PASSED,-0.26283208415172765,-1.2017215713608472e-05,5.864425637975832e-05,2.64094999534505,6.273823658582604e-05,-0.00030616183610250326
3.139627925585117,PASSED,-0.2628320961397392,-1.1958747246332756e-05,5.835127453968596e-05,2.6409500579308194,6.243299009809126e-05,-0.0003046362554896307
3.140628125625125,PASSED,-0.2628321080694281,-1.190057070523954e-05,5.8060052128903194e-05,2.6409501202121026,6.21292657360718e-05,-0.000303116433039326
3.141628325665133,PASSED,-0.2628321199410855,-1.1842684670197519e-05,5.7770023650765974e-05,2.6409501821904247,6.182706493656951e-05,-0.0003015903771442894
3.142628525705141,PASSED,-0.2628321317550007,-1.1785086807309931e-05,5.7483089045470086e-05,2.6409502438672905,6.152636299843939e-05,-0.0003001096454540089
3.143628725745149,PASSED,-0.2628321435114607,-1.172777489560745e-05,5.719779347382255e-05,2.640950305244203,6.122715364151222e-05,-0.0002986091645759522
3.144628925785157,PASSED,-0.2628321552107505,-1.1670746676406135e-05,5.691516968631039e-05,2.640950366322647,6.092943186377831e-05,-0.00029713018650586863
3.145629125825165,PASSED,-0.26283216685315275,-1.1614000145434104e-05,5.6634105162508076e-05,2.6409504271040998,6.063317537449484e-05,-0.0002956740244685417
3.146629325865173,PASSED,-0.26283217843894785,-1.1557533010178562e-05,5.635582198423302e-05,2.640950487590023,6.0338372940260505e-05,-0.0002942213740782013
3.147629525905181,PASSED,-0.26283218996841407,-1.1501342852866373e-05,5.6079714197490525e-05,2.6409505477818698,6.0045022159138204e-05,-0.00029277038581837814
3.148629725945189,PASSED,-0.26283220144182706,-1.1445427149717803e-05,5.58063624492894e-05,2.6409506076810834,5.97531115121067e-05,-0.0002913374878402529
3.149629925985197,PASSED,-0.2628322128594605,-1.1389784002281324e-05,5.5534337427936775e-05,2.640950667289089,5.946261341622068e-05,-0.00028993850124987467
3.150630126025205,PASSED,-0.2628322242215855,-1.1334410859159844e-05,5.526568025051021e-05,2.6409507266073007,5.9173520863592665e-05,-0.0002885285868801113
3.151630326065213,PASSED,-0.26283223552847085,-1.1279305188003526e-05,5.499899842685575e-05,2.640950785637126,5.8885840427677825e-05,-0.0002871150019379903
3.152630526105221,PASSED,-0.26283224678038275,-1.1224464466088514e-05,5.4735204240447454e-05,2.64095084437995,5.8599531314674934e-05,-0.00028577185371282167
3.153630726145229,PASSED,-0.26283225797758536,-1.1169886823735441e-05,5.4472601094824444e-05,2.6409509028371545,5.8314592774677886e-05,-0.00028438299751986235
3.154630926185237,PASSED,-0.2628322691203401,-1.1115569517062666e-05,5.421377705807603e-05,2.640950961010105,5.803102803700755e-05,-0.0002830192311039825
3.155631126225245,PASSED,-0.262832280208906,-1.106150958419363e-05,5.395737007634302e-05,2.6409510189001506,5.774879502705796e-05,-0.0002817088625133359
3.156631326265253,PASSED,-0.2628322912435396,-1.1007705275335995e-05,5.3702268045162375e-05,2.6409510765086326,5.7467892685472076e-05,-0.00028036466096757344
3.157631526305261,PASSED,-0.26283230222449516,-1.0954154231556067e-05,5.345022760310546e-05,2.640951133836881,5.718832993026644e-05,-0.0002790281513643366
3.158631726345269,PASSED,-0.26283231315202443,-1.090085327857809e-05,5.320143656122374e-05,2.6409511908862022,5.691005543859065e-05,-0.00027777205188342873
3.159631926385277,PASSED,-0.2628323240263767,-1.0847800436040823e-05,5.295377985462954e-05,2.6409512476579087,5.663308384507143e-05,-0.0002764379546097532
3.160632126425285,PASSED,-0.26283233484779855,-1.0794993197232155e-05,5.2709544778027424e-05,2.64095130415328,5.635740041510386e-05,-0.0002751804135394366
3.161632326465293,PASSED,-0.26283234561653457,-1.0742429145675628e-05,5.246705607552548e-05,2.6409513603735957,5.608297285699442e-05,-0.0002739256544894415
3.162632526505301,PASSED,-0.2628323563328267,-1.0690105843991091e-05,5.22274654238772e-05,2.6409514163201155,5.580980763249707e-05,-0.0002726582711693036
3.163632726545309,PASSED,-0.26283236699691437,-1.0638020847728473e-05,5.199001682177627e-05,2.6409514719940956,5.5537896726155455e-05,-0.00027141266312314825
3.164632926585317,PASSED,-0.26283237760903483,-1.0586171826777248e-05,5.175502370419275e-05,2.6409515273967696,5.526720529456213e-05,-0.00027021061057345275
3.165633126625325,PASSED,-0.26283238816942284,-1.0534556511995916e-05,5.152217549942707e-05,2.640951582529365,5.4997732901053894e-05,-0.00026898024879807843
3.166633326665333,PASSED,-0.26283239867831076,-1.0483172304917012e-05,5.129222813188728e-05,2.640951637393095,5.4729479001957826e-05,-0.0002677696659613904
3.167633526705341,PASSED,-0.26283240913592876,-1.0432016947172418e-05,5.106411081973327e-05,2.6409516919891596,5.446241068955445e-05,-0.0002666007433647084
3.168633726745349,PASSED,-0.2628324195425047,-1.0381088509827146e-05,5.0837988362297246e-05,2.640951746318749,5.4196523824032884e-05,-0.00026541094695947215
3.169633926785357,PASSED,-0.262832429898264,-1.0330384361065905e-05,5.061492236053709e-05,2.6409518003830432,5.393182234137331e-05,-0.0002642285064596419
3.170634126825365,PASSED,-0.26283244020343,-1.0279902195789082e-05,5.0393660554345173e-05,2.640951854183204,5.366826828688239e-05,-0.0002631044198451147
3.171634326865373,PASSED,-0.26283245045822384,-1.0229640398726195e-05,5.0173888068581965e-05,2.640951907720386,5.340585864258693e-05,-0.00026194646059568766
3.172634526905381,PASSED,-0.2628324606628643,-1.0179596260855604e-05,4.995763773859696e-05,2.640951960995736,5.314460493255182e-05,-0.00026079187632804313
3.173634726945389,PASSED,-0.2628324708175684,-1.0129767807230124e-05,4.974233088340128e-05,2.640952014010383,5.288446629320058e-05,-0.0002597031480333669
3.174634926985397,PASSED,-0.2628324809225508,-1.008015334652824e-05,4.952921391420692e-05,2.640952066765446,5.262543176534143e-05,-0.000258588781076355
3.175635127025405,PASSED,-0.2628324909780241,-1.0030750221663695e-05,4.931906549810445e-05,2.6409521192620415,5.236752605189291e-05,-0.00025745033502995056
3.176635327065413,PASSED,-0.26283250098419914,-9.981556926865788e-06,4.9109447664442246e-05,2.6409521715012643,5.21107050694195e-05,-0.00025640141410237854
3.177635527105421,PASSED,-0.26283251094128457,-9.932571638887602e-06,4.890251485401656e-05,2.6409522234842044,5.185495329120891e-05,-0.00025531868761606477
3.178635727145429,PASSED,-0.2628325208494873,-9.883791940372452e-06,4.869782095590593e-05,2.6409522752119425,5.160029643233671e-05,-0.00025421563970962145
3.179635927185437,PASSED,-0.26283253070901236,-9.835216321643471e-06,4.8494150577695874e-05,2.6409523266855515,5.134670729102361e-05,-0.0002531714757154226
3.180636127225445,PASSED,-0.26283254052006294,-9.786843430429003e-06,4.829205163898571e-05,2.6409523779060904,5.10941576030523e-05,-0.0002521351628085685
3.181636327265453,PASSED,-0.2628325502828404,-9.738670671759657e-06,4.809323002291728e-05,2.640952428874611,5.08426639528044e-05,-0.00025106597520746315
3.182636527305461,PASSED,-0.2628325599975446,-9.690696913990803e-06,4.7894109599478994e-05,2.6409524795921535,5.059221209413802e-05,-0.0002500424476389816
3.183636727345469,PASSED,-0.26283256966437374,-9.642920915967826e-06,4.7697256971975235e-05,2.640952530059756,5.0342782931201425e-05,-0.00024902030646833527
3.184636927385477,PASSED,-0.2628325792835242,-9.595340228667214e-06,4.7502974186369364e-05,2.6409525802784453,5.009438374692376e-05,-0.000247985102817209
3.185637127425485,PASSED,-0.26283258885519123,-9.547953828558505e-06,4.7308684056936273e-05,2.640952630249236,4.984699347445245e-05,-0.00024699371890738944
3.186637327465493,PASSED,-0.2628325983795683,-9.500760743559082e-06,4.7116018961083626e-05,2.640952679973138,4.9600604393788834e-05,-0.0002459859885010953
3.187637527505501,PASSED,-0.26283260785684753,-9.453758792455458e-06,4.692590586531507e-05,2.6409527294511617,4.935523207260237e-05,-0.00024496320964337846
3.188637727545509,PASSED,-0.2628326172872198,-9.40694688525092e-06,4.6735908097353186e-05,2.640952778684298,4.911084427633464e-05,-0.00024400418735063103
3.189637927585517,PASSED,-0.26283262667087465,-9.360324142529885e-06,4.654729913682412e-05,2.640952827673534,4.886742763534966e-05,-0.00024302494340786677
3.190638127625525,PASSED,-0.2628326360080004,-9.313889101887649e-06,4.636020164584506e-05,2.640952876419858,4.8625012134739254e-05,-0.00024200920541210023
3.191638327665533,PASSED,-0.26283264529878414,-9.267640368338049e-06,4.6174421485435524e-05,2.6409529249242474,4.8383572031233715e-05,-0.00024106070223449841
3.192638527705541,PASSED,-0.2628326545434119,-9.221577179940483e-06,4.5989033005651695e-05,2.640952973187665,4.814307162963472e-05,-0.00024012686784198893
3.193638727745549,PASSED,-0.26283266374206876,-9.175698726974872e-06,4.58047329389138e-05,2.6409530212110863,4.790356043976238e-05,-0.0002391007378925776
3.194638927785557,PASSED,-0.2628326728949386,-9.130003555585795e-06,4.5622130355852704e-05,2.6409530689954677,4.766501385821993e-05,-0.00023817714397570222
3.195639127825565,PASSED,-0.26283268200220455,-9.084490955525134e-06,4.5439579863867206e-05,2.6409531165417657,4.7427393002632694e-05,-0.00023724999666159403
3.196639327865573,PASSED,-0.2628326910640488,-9.0391602145951e-06,4.525818164081238e-05,2.6409531638509294,4.7190732468014926e-05,-0.00023626755992187858
3.197639527905581,PASSED,-0.26283270008065257,-8.994010443717838e-06,4.507749703489481e-05,2.6409532109239073,4.6955030257452746e-05,-0.00023532531098903705
3.198639727945589,PASSED,-0.2628327090521967,-8.949040909852458e-06,4.48975584190366e-05,2.6409532577616424,4.6720253029381295e-05,-0.0002344118394597216
3.199639927985597,PASSED,-0.262832717978861,-8.904250952139857e-06,4.471822390830889e-05,2.640953304365076,4.648641699382748e-05,-0.00023345216628320892
3.200640128025605,PASSED,-0.26283272686082476,-8.859639990897208e-06,4.453945279887509e-05,2.6409533507351397,4.6253521030050816e-05,-0.00023252516210564038
3.201640328065613,PASSED,-0.2628327356982666,-8.815207265801508e-06,4.4361573293582424e-05,2.6409533968727694,4.602154909067458e-05,-0.00023160312422329822
3.202640528105621,PASSED,-0.2628327444913648,-8.770952577098719e-06,4.418343230892429e-05,2.6409534427788928,4.579050646209387e-05,-0.0002306689648189761
3.203640728145629,PASSED,-0.2628327532402969,-8.726875407912527e-06,4.4006327104368574e-05,2.6409534884544414,4.556039872977851e-05,-0.00022973357731295198
3.204640928185637,PASSED,-0.2628327619452403,-8.68297519016562e-06,4.38294781752689e-05,2.6409535339003374,4.5331207763952415e-05,-0.00022882922483486324
3.205641128225645,PASSED,-0.2628327706063717,-8.63925153047726e-06,4.36531140304213e-05,2.6409535791175025,4.510293343609256e-05,-0.00022790439654317573
3.206641328265653,PASSED,-0.2628327792238678,-8.595704311542834e-06,4.347662220376294e-05,2.640953624106862,4.487559285787225e-05,-0.0002269646993384005
3.207641528305661,PASSED,-0.2628327877979046,-8.552333286774398e-06,4.3300626478216934e-05,2.6409536688693365,4.464917074876658e-05,-0.00022606038228385717
3.208641728345669,PASSED,-0.26283279632865836,-8.509138201681276e-06,4.3124724169729874e-05,2.6409537134058407,4.442365348603953e-05,-0.00022515518302251028
3.209641928385677,PASSED,-0.2628328048163048,-8.46611862958982e-06,4.294947070593889e-05,2.6409537577172975,4.419906569061622e-05,-0.00022420953702384183
3.210642128425685,PASSED,-0.2628328132610196,-8.423274840810775e-06,4.277333416111441e-05,2.640953801804617,4.3975390818040255e-05,-0.00022331842961070207
3.211642328465693,PASSED,-0.2628328216629783,-8.380606543333838e-06,4.2598273020822206e-05,2.640953845668725,4.3752633595776916e-05,-0.00022238308403176713
3.212642528505701,PASSED,-0.2628328300223564,-8.338113729432141e-06,4.242250782228218e-05,2.640953889310531,4.3530793172947744e-05,-0.00022147864869410827
3.213642728545709,PASSED,-0.26283283833932936,-8.295796215700162e-06,4.224751767177686e-05,2.6409539327309526,4.330986245284124e-05,-0.00022056543438143895
3.214642928585717,PASSED,-0.2628328466140727,-8.253654402941302e-06,4.207134281691671e-05,2.640953975930906,4.308985430944676e-05,-0.00021963661606984216
3.215643128625725,PASSED,-0.26283285484676183,-8.211687968296512e-06,4.1896495863373806e-05,2.6409540189113057,4.2870759546358725e-05,-0.00021873352776682848
3.216643328665733,PASSED,-0.2628328630375724,-8.169897118841165e-06,4.172041851666242e-05,2.640954061673075,4.265258730074363e-05,-0.00021779805751392494
3.217643528705741,PASSED,-0.2628328711866801,-8.128282257006683e-06,4.154449071303022e-05,2.6409541042171236,4.243532682380406e-05,-0.00021690208989000616
3.218643728745749,PASSED,-0.2628328792942606,-8.086842849011457e-06,4.136935285002552e-05,2.6409541465443698,4.221897723968629e-05,-0.00021598124693628651
3.2196439287857572,PASSED,-0.26283288736048993,-8.045579527853784e-06,4.1192633362773125e-05,2.640954188655737,4.200356359377914e-05,-0.00021503524522105752
3.2206441288257652,PASSED,-0.2628328953855443,-8.004492933516178e-06,4.1015901654161435e-05,2.640954230552141,4.1789062179639214e-05,-0.00021414552675250018
3.2216443288657732,PASSED,-0.2628329033695998,-7.963582091080811e-06,4.084080295617138e-05,2.6409542722345027,4.1575471579487924e-05,-0.0002132206490838071
3.2226445289057812,PASSED,-0.2628329113128331,-7.922848067010587e-06,4.066283814625967e-05,2.6409543137037446,4.13628189746653e-05,-0.0002122739086484942
3.2236447289457892,PASSED,-0.26283291921542096,-7.882291371553075e-06,4.048593366501379e-05,2.64095435496079,4.11510869580346e-05,-0.0002113707552855113
3.2246449289857972,PASSED,-0.26283292707754036,-7.841911284318183e-06,4.030952294814463e-05,2.6409543960065616,4.09402681191146e-05,-0.00021045089467632518
3.2256451290258052,PASSED,-0.2628329348993685,-7.801708546947433e-06,4.013154698582038e-05,2.6409544368419833,4.07303826980042e-05,-0.00020950843873311715
3.2266453290658133,PASSED,-0.26283294268108304,-7.761683912514688e-06,3.995335939736187e-05,2.6409544774679854,4.0521431293917146e-05,-0.00020858004765633996
3.2276455291058213,PASSED,-0.26283295042286164,-7.721836929049304e-06,3.97760661774009e-05,2.640954517885495,4.0313401392762376e-05,-0.00020766313682038515
3.2286457291458293,PASSED,-0.26283295812488244,-7.682168071350642e-06,3.959738537950556e-05,2.6409545580954386,4.010629563495765e-05,-0.00020673417179429307
3.2296459291858373,PASSED,-0.26283296578732385,-7.642678072640367e-06,3.941840759745625e-05,2.640954598098752,3.9900135288658254e-05,-0.00020577779596945707
3.2306461292258453,PASSED,-0.26283297341036455,-7.603366775045738e-06,3.9239890926077326e-05,2.640954637896368,3.969490834207776e-05,-0.00020485971365452209
3.2316463292658533,PASSED,-0.26283298099418334,-7.564234176786577e-06,3.90610698145507e-05,2.6409546774892174,3.9490601333896566e-05,-0.0002039385378656286
3.2326465293058613,PASSED,-0.26283298853895953,-7.52528125003535e-06,3.8880831375675525e-05,2.6409547168782352,3.928723805059404e-05,-0.00020297978026045975
3.2336467293458693,PASSED,-0.2628329960448727,-7.486508245166762e-06,3.8701120530530016e-05,2.640954756064363,3.90848238491713e-05,-0.0002020371488642628
3.2346469293858773,PASSED,-0.26283300351210254,-7.447914680627307e-06,3.852186054540591e-05,2.6409547950485384,3.8883338273474675e-05,-0.0002011178602515342
3.2356471294258853,PASSED,-0.2628330109408291,-7.409501371218922e-06,3.834094198370461e-05,2.640954833831697,3.868278533434721e-05,-0.00020017632504474857
3.2366473294658933,PASSED,-0.2628330183312327,-7.371268773058371e-06,3.8160368945116056e-05,2.640954872414785,3.8483192022967274e-05,-0.00019920463560339216
3.2376475295059013,PASSED,-0.2628330256834938,-7.333216566713652e-06,3.7980097944453545e-05,2.640954910798741,3.8284532994202764e-05,-0.00019829529087192087
3.2386477295459093,PASSED,-0.26283303299779326,-7.295345107144205e-06,3.7799033986109495e-05,2.640954948984513,3.808681398359114e-05,-0.00019733482377142016
3.2396479295859173,PASSED,-0.2628330402743119,-7.2576549910146e-06,3.7617504225269274e-05,2.640954986973042,3.78900491895658e-05,-0.000196384774194625
3.2406481296259253,PASSED,-0.2628330475132311,-7.220146255301007e-06,3.7436223372476046e-05,2.6409550247652738,3.769422313936512e-05,-0.00019545356753804805
3.2416483296659333,PASSED,-0.262833054714732,-7.182818423903386e-06,3.7255570081051425e-05,2.6409550623621585,3.7499348417056905e-05,-0.0001944888254883337
3.2426485297059413,PASSED,-0.2628330618789962,-7.145672459139592e-06,3.707289455228801e-05,2.6409550997646423,3.7305425129745246e-05,-0.00019354626186053828
3.2436487297459493,PASSED,-0.26283306900620523,-7.108708511646462e-06,3.6891316120357826e-05,2.64095513697367,3.711243967811568e-05,-0.0001926115781422641
3.2446489297859573,PASSED,-0.26283307609654083,-7.0719256049230365e-06,3.671063379213639e-05,2.6409551739901955,3.692041125510039e-05,-0.00019163965293063877
3.2456491298259653,PASSED,-0.26283308315018483,-7.0353249283588955e-06,3.652737174547753e-05,2.6409552108151626,3.672933200270903e-05,-0.0001907056520318419
3.2466493298659733,PASSED,-0.26283309016731904,-6.998906311087103e-06,3.634611428933638e-05,2.640955247449526,3.653919953208647e-05,-0.0001897503496830348
3.2476495299059813,PASSED,-0.2628330971481254,-6.962669204021874e-06,3.616443558249114e-05,2.6409552838942303,3.6350015243139185e-05,-0.00018880691512345243
3.2486497299459893,PASSED,-0.2628331040927857,-6.92661405136707e-06,3.598229736967783e-05,2.640955320150229,3.616178516532577e-05,-0.00018784551960671292
3.2496499299859973,PASSED,-0.2628331110014819,-6.890740949911229e-06,3.580030417995008e-05,2.6409553562184698,3.5974504179674055e-05,-0.00018690462968171673
3.2506501300260053,PASSED,-0.2628331178743955,-6.8550492704612745e-06,3.561926296329124e-05,2.6409553920998996,3.578816298097209e-05,-0.00018596557804879748
3.2516503300660133,PASSED,-0.26283312471170844,-6.819539385147145e-06,3.543696688135557e-05,2.64095542779547,3.560277910088798e-05,-0.0001849960814409859
3.2526505301060213,PASSED,-0.26283313151360216,-6.784210973348943e-06,3.525604174276459e-05,2.640955463306127,3.5418343655910246e-05,-0.0001840616873355624
3.2536507301460293,PASSED,-0.26283313828025795,-6.7490635513595595e-06,3.507500882046319e-05,2.6409554986328168,3.523484345930201e-05,-0.00018312586945667746
3.2546509301860373,PASSED,-0.26283314501185706,-6.714097475966691e-06,3.4893453107806164e-05,2.6409555337764874,3.505229829269332e-05,-0.00018215803137670888
3.2556511302260454,PASSED,-0.26283315170858035,-6.679312075421637e-06,3.471336550321803e-05,2.6409555687380815,3.4870699095792564e-05,-0.00018122664058345728
3.2566513302660534,PASSED,-0.2628331583706085,-6.644707264519898e-06,3.453244116742092e-05,2.640955603518544,3.469003331818643e-05,-0.00018029186895458427
3.2576515303060614,PASSED,-0.26283316499812187,-6.6102826379621825e-06,3.435275015124478e-05,2.6409556381188146,3.4510312267233786e-05,-0.0001793405056180161
3.2586517303460694,PASSED,-0.26283317159130043,-6.5760376046943864e-06,3.4173222012164146e-05,2.640955672539834,3.4331533866652736e-05,-0.00017840366388973357
3.2596519303860774,PASSED,-0.26283317815032375,-6.541972171274926e-06,3.3993574357657685e-05,2.6409557067825378,3.4153684185477455e-05,-0.00017748035936565127
3.2606521304260854,PASSED,-0.2628331846753711,-6.508085799295439e-06,3.381490372737198e-05,2.640955740847863,3.397677219259012e-05,-0.00017653308190178905
3.2616523304660934,PASSED,-0.2628331911666211,-6.474377784913443e-06,3.363675481841166e-05,2.640955774736744,3.38007987884589e-05,-0.00017560028561749958
3.2626525305061014,PASSED,-0.26283319762425206,-6.44084756829996e-06,3.3459191143529836e-05,2.6409558084501095,3.3625745770107965e-05,-0.00017468817350656748
3.2636527305461094,PASSED,-0.2628332040484416,-6.407495048031341e-06,3.328140635201295e-05,2.6409558419888888,3.345162078732471e-05,-0.0001737495223010456
3.2646529305861174,PASSED,-0.26283321043936686,-6.374319374127841e-06,3.310518560449104e-05,2.6409558753540057,3.32784247752996e-05,-0.00017282700517449944
3.2656531306261254,PASSED,-0.26283321679720434,-6.341319597901715e-06,3.292950330721687e-05,2.6409559085463803,3.310613877537962e-05,-0.00017192532975029997
3.2666533306661334,PASSED,-0.2628332231221299,-6.308495625767073e-06,3.27536180195911e-05,2.6409559415669315,3.293477239809543e-05,-0.00017099374230678481
3.2676535307061414,PASSED,-0.26283322941431875,-6.275846457510527e-06,3.257953508118454e-05,2.6409559744165736,3.276432494991005e-05,-0.00017008325210443064
3.2686537307461494,PASSED,-0.26283323567394523,-6.243371025948381e-06,3.240602921612037e-05,2.6409560070962197,3.259478231994956e-05,-0.0001691822151978669
3.2696539307861574,PASSED,-0.2628332419011832,-6.21106927014454e-06,3.223224019565522e-05,2.640956039606774,3.242614114937772e-05,-0.00016828047415447833
3.2706541308261654,PASSED,-0.26283324809620545,-6.1789400183845305e-06,3.206059280291125e-05,2.640956071949139,3.225840312276443e-05,-0.00016737639491915066
3.2716543308661734,PASSED,-0.2628332542591841,-6.146982115374426e-06,3.1889443148233725e-05,2.6409561041242156,3.209156610279906e-05,-0.00016647743666285241
3.2726545309061814,PASSED,-0.2628332603902903,-6.1151953215378225e-06,3.171836096218283e-05,2.6409561361328957,3.192561367415104e-05,-0.00016560242330479195
3.2736547309461894,PASSED,-0.26283326648969446,-6.083578339003944e-06,3.1549396915009614e-05,2.6409561679760682,3.176054803211115e-05,-0.0001647077878632936
3.2746549309861974,PASSED,-0.26283327255756594,-6.052129948690921e-06,3.138105257836435e-05,2.640956199654619,3.159637250585115e-05,-0.00016382068519113808
3.2756551310262054,PASSED,-0.26283327859407307,-6.020849866756211e-06,3.1212768172273735e-05,2.6409562311694246,3.143306366151426e-05,-0.00016296761710072168
3.2766553310662134,PASSED,-0.26283328459938343,-5.989736811946974e-06,3.104657923387776e-05,2.6409562625213647,3.127063345839187e-05,-0.00016207192713683783
3.2776555311062214,PASSED,-0.2628332905736634,-5.958789208817979e-06,3.088161905907303e-05,2.6409562937113016,3.110906703297623e-05,-0.00016122942426817838
3.2786557311462294,PASSED,-0.26283329651707826,-5.928006813946664e-06,3.071624541281041e-05,2.6409563247401007,3.0948354847791093e-05,-0.0001603673591297818
3.2796559311862374,PASSED,-0.2628333024297925,-5.897388353846239e-06,3.055326989216853e-05,2.6409563556086235,3.078851135895783e-05,-0.00015949424196891784
3.2806561312262454,PASSED,-0.2628333083119693,-5.866932057441903e-06,3.0391647412447716e-05,2.6409563863177175,3.062950840968113e-05,-0.00015867542081523403
3.2816563312662534,PASSED,-0.26283331416377065,-5.836637429735453e-06,3.022994790245143e-05,2.6409564168682307,3.0471343860137436e-05,-0.00015782396869599505
3.2826565313062614,PASSED,-0.2628333199853575,-5.806503465500465e-06,3.0069975123346005e-05,2.640956447261003,3.0314027807691488e-05,-0.0001569774416125824
3.2836567313462695,PASSED,-0.26283332577688967,-5.776528426767508e-06,2.9911747806031564e-05,2.6409564774968692,3.0157537558482292e-05,-0.0001561654542736035
3.2846569313862775,PASSED,-0.26283333153852556,-5.746711089455281e-06,2.9754396983023748e-05,2.6409565075766563,3.000186750258819e-05,-0.0001553397903077709
3.2856571314262855,PASSED,-0.26283333727042274,-5.717051032370724e-06,2.959716381891121e-05,2.640956537501186,2.9847022486854468e-05,-0.00015451516601768932
3.2866573314662935,PASSED,-0.2628333429727372,-5.687546273167353e-06,2.9443156126344802e-05,2.640956567271275,2.969299047251572e-05,-0.0001537099132194552
3.2876575315063015,PASSED,-0.26283334864562385,-5.658195474499409e-06,2.928922702901038e-05,2.640956596887729,2.9539755791186335e-05,-0.0001529178600693386
3.2886577315463095,PASSED,-0.2628333542892363,-5.628998097997947e-06,2.913614281642852e-05,2.640956626351353,2.938732548596938e-05,-0.00015210526864869865
3.2896579315863175,PASSED,-0.2628333599037269,-5.5999522629239745e-06,2.898562991233454e-05,2.6409566556629365,2.9235683590115283e-05,-0.00015133298065770056
3.2906581316263255,PASSED,-0.26283336548924663,-5.571056455925753e-06,2.8835925055480334e-05,2.6409566848232764,2.9084831688495008e-05,-0.0001505311822619963
3.2916583316663335,PASSED,-0.26283337104594523,-5.542310218093435e-06,2.8686446350209427e-05,2.6409567138331487,2.893475623896477e-05,-0.00014977162770906193
3.2926585317063415,PASSED,-0.26283337657397127,-5.5137117591915745e-06,2.8539800602960577e-05,2.640956742693328,2.8785444501573512e-05,-0.0001490051438460565
3.2936587317463495,PASSED,-0.2628333820734717,-5.485259165502248e-06,2.839445574690502e-05,2.6409567714045843,2.8636907502480435e-05,-0.00014822490259108946
3.2946589317863575,PASSED,-0.2628333875445923,-5.4569521456853004e-06,2.8248729196975823e-05,2.6409567999676806,2.8489131202551286e-05,-0.0001474772314878613
3.2956591318263655,PASSED,-0.2628333929874776,-5.428789122128513e-06,2.810588646332865e-05,2.6409568283833673,2.8342093194556043e-05,-0.00014674519233349423
3.2966593318663735,PASSED,-0.26283339840227077,-5.400768181380856e-06,2.796431027054216e-05,2.640956856652393,2.8195803373954082e-05,-0.00014598623944759938
3.2976595319063815,PASSED,-0.26283340378911346,-5.372888389023983e-06,2.7823447081093485e-05,2.640956884775497,2.805025460328716e-05,-0.0001452571248131378
3.2986597319463895,PASSED,-0.2628334091481462,-5.345148445965552e-06,2.7684273709990116e-05,2.6409569127534165,2.7905434910236593e-05,-0.00014452807187551847
3.2996599319863975,PASSED,-0.2628334144795081,-5.31754713297084e-06,2.7546005851191375e-05,2.640956940586874,2.776133396207678e-05,-0.0001438161990160073
3.300660132026405,PASSED,-0.2628334197833369,-5.290082662994227e-06,2.7410112726894544e-05,2.6409569682765888,2.76179489301055e-05,-0.00014309758727478996
3.301660332066413,PASSED,-0.26283342505976914,-5.262753942278134e-06,2.727445937555846e-05,2.6409569958232724,2.7475274109247257e-05,-0.00014239297658054487
3.302660532106421,PASSED,-0.26283343030893985,-5.235559919636289e-06,2.714039815270229e-05,2.6409570232276343,2.7333304667055738e-05,-0.00014168708593216933
3.303660732146429,PASSED,-0.2628334355309829,-5.2084989118562785e-06,2.7008080864882146e-05,2.6409570504903708,2.7192027992767826e-05,-0.00014100306652507395
3.304660932186437,PASSED,-0.2628334407260307,-5.181569746093002e-06,2.6876555695540288e-05,2.6409570776121747,2.7051438394470783e-05,-0.00014031395281168918
3.305661132226445,PASSED,-0.2628334458942146,-5.1547713562220065e-06,2.6746279321299415e-05,2.6409571045937272,2.69115286036364e-05,-0.00013964034951617402
3.306661332266453,PASSED,-0.2628334510356645,-5.1281021297042804e-06,2.661785798201135e-05,2.6409571314357114,2.6772299306844192e-05,-0.0001389552616429007
3.307661532306461,PASSED,-0.26283345615050896,-5.101560708799598e-06,2.6490462853130062e-05,2.6409571581387947,2.663373385424988e-05,-0.00013830557989525364
3.308661732346469,PASSED,-0.26283346123887547,-5.075146207307516e-06,2.63638605847181e-05,2.640957184703647,2.6495832239700274e-05,-0.00013763230431917197
3.309661932386477,PASSED,-0.2628334663008901,-5.048857459545411e-06,2.6238672547028582e-05,2.6409572111309223,2.6358586725581677e-05,-0.00013698765398487974
3.310662132426485,PASSED,-0.2628334713366778,-5.022692761500802e-06,2.611538170966299e-05,2.6409572374212753,2.6221987205201397e-05,-0.00013634076464387517
3.311662332466493,PASSED,-0.2628334763463622,-4.996651033697993e-06,2.599262519823939e-05,2.64095726357535,2.60860316732734e-05,-0.00013569871011741657
3.312662532506501,PASSED,-0.26283348133006607,-4.970731629654869e-06,2.587058993971304e-05,2.640957289593791,2.595071805029429e-05,-0.00013505689822024082
3.313662732546509,PASSED,-0.2628334862879104,-4.9449326876960955e-06,2.575117663814666e-05,2.640957315477226,2.581602717489972e-05,-0.00013444686017745602
3.314662932586517,PASSED,-0.2628334912200157,-4.91925325856616e-06,2.563159745779403e-05,2.640957341226283,2.568195881274603e-05,-0.00013381603013784337
3.315663132626525,PASSED,-0.26283349612650087,-4.893692753306953e-06,2.5513110460149892e-05,2.6409573668415876,2.5548520450375884e-05,-0.0001331865838583435
3.316663332666533,PASSED,-0.2628335010074838,-4.868249286547281e-06,2.5397037626018997e-05,2.6409573923237506,2.5415685135041687e-05,-0.00013260113631809991
3.317663532706541,PASSED,-0.2628335058630815,-4.842922192501523e-06,2.528046499225021e-05,2.640957417673387,2.528345959048121e-05,-0.00013197515005539082
3.318663732746549,PASSED,-0.2628335106934097,-4.817710717673286e-06,2.5165481385562482e-05,2.640957442891096,2.51518369250271e-05,-0.0001313876757199176
3.319663932786557,PASSED,-0.2628335154985833,-4.792613196001411e-06,2.5052215196083595e-05,2.6409574679774837,2.502081386150189e-05,-0.00013077998872873905
3.320664132826565,PASSED,-0.2628335202787159,-4.767628874834366e-06,2.493905848101928e-05,2.640957492933139,2.48903790698353e-05,-0.00013020466029182897
3.321664332866573,PASSED,-0.2628335250339204,-4.742757131535161e-06,2.4826866511328906e-05,2.640957517758652,2.4760526121990938e-05,-0.00012961847287938375
3.322664532906581,PASSED,-0.2628335297643086,-4.717996646217527e-06,2.4716231188503527e-05,2.640957542454608,2.4631264715397543e-05,-0.00012902336240273293
3.323664732946589,PASSED,-0.26283353446999147,-4.693346449749314e-06,2.4606173321352033e-05,2.640957567021582,2.4502570829627748e-05,-0.00012847423468116863
3.324664932986597,PASSED,-0.262833539151079,-4.668806081136189e-06,2.44964988076408e-05,2.640957591460151,2.4374447783103857e-05,-0.00012788892108570187
3.325665133026605,PASSED,-0.2628335438076803,-4.644374495508199e-06,2.4388310174889212e-05,2.640957615770888,2.4246907498731853e-05,-0.0001273078598962044
3.326665333066613,PASSED,-0.2628335484399037,-4.620050430988796e-06,2.4281234082411664e-05,2.6409576399543533,2.4119915121747864e-05,-0.0001267820550425098
3.327665533106621,PASSED,-0.26283355304785677,-4.595833622425137e-06,2.417385821782321e-05,2.640957664011108,2.399347769597693e-05,-0.00012620767292321843
3.328665733146629,PASSED,-0.2628335576316462,-4.571723437349003e-06,2.406773631500944e-05,2.6409576879417145,2.3867615884270836e-05,-0.00012563123756134423
3.329665933186637,PASSED,-0.2628335621913779,-4.5477184959536265e-06,2.396307811562178e-05,2.6409577117467253,2.3742298301477033e-05,-0.0001251084796154463
3.330666133226645,PASSED,-0.2628335667271572,-4.523818559853201e-06,2.3857841423627885e-05,2.6409577354266847,2.3617510634303844e-05,-0.00012457379221168677
3.331666333266653,PASSED,-0.26283357123908857,-4.500023011067717e-06,2.3754020360055377e-05,2.6409577589821405,2.3493282163384834e-05,-0.00012399825672388962
3.332666533306661,PASSED,-0.26283357572727606,-4.476330835489758e-06,2.3650945723228166e-05,2.640957782413638,2.3369603792383946e-05,-0.00012346511385222247
3.333666733346669,PASSED,-0.2628335801918229,-4.45274169462814e-06,2.3547937620544875e-05,2.6409578057217153,2.3246446428000308e-05,-0.00012295219807124708
3.334666933386677,PASSED,-0.2628335846328318,-4.429255201865751e-06,2.344552952361726e-05,2.6409578289069082,2.3123825732330543e-05,-0.0001223996940687737
3.335667133426685,PASSED,-0.2628335890504048,-4.4058701854950655e-06,2.3344674268731637e-05,2.6409578519697456,2.3001742047770915e-05,-0.0001218730115535287
3.336667333466693,PASSED,-0.26283359344464363,-4.382586567471928e-06,2.324291385940736e-05,2.6409578749107663,2.2880190095449426e-05,-0.00012133791283346352
3.337667533506701,PASSED,-0.2628335978156492,-4.359404008021171e-06,2.3142323178323888e-05,2.6409578977304924,2.2759157485484465e-05,-0.00012082907471928632
3.338667733546709,PASSED,-0.2628336021635223,-4.336321713267487e-06,2.30422758039249e-05,2.6409579204294524,2.2638651233790333e-05,-0.00012029103634403048
3.339667933586717,PASSED,-0.2628336064883629,-4.313339208723935e-06,2.2942657036635814e-05,2.640957943008162,2.2518663698350646e-05,-0.00011978520150345909
3.340668133626725,PASSED,-0.26283361079027096,-4.290456519064062e-06,2.2842711408697802e-05,2.640957965467152,2.239920430253844e-05,-0.00011924219201804362
3.341668333666733,PASSED,-0.26283361506934566,-4.267672727493579e-06,2.274451167833885e-05,2.6409579878069334,2.2280258161401412e-05,-0.0001187487738830135
3.342668533706741,PASSED,-0.262833619325686,-4.244987740867953e-06,2.2645303257151108e-05,2.640958010028024,2.2161818095947485e-05,-0.00011823425983453801
3.343668733746749,PASSED,-0.2628336235593907,-4.222401534412301e-06,2.2546808587984662e-05,2.640958032130943,2.2043908421793767e-05,-0.0001176932836998375
3.3446689337867572,PASSED,-0.2628336277705581,-4.199913139309404e-06,2.2449452779504683e-05,2.640958054116202,2.1926508938625445e-05,-0.0001172036161473084
3.3456691338267652,PASSED,-0.26283363195928616,-4.177522838221798e-06,2.2350866626339333e-05,2.640958075984313,2.1809608983074852e-05,-0.00011669751515278942
3.3466693338667732,PASSED,-0.2628336361256728,-4.155230445040076e-06,2.2253410885310922e-05,2.6409580977357843,2.1693226267275323e-05,-0.00011617284956402008
3.3476695339067812,PASSED,-0.26283364026981554,-4.133035235014796e-06,2.215640945192623e-05,2.6409581193711253,2.1577353167059352e-05,-0.00011567326731726586
3.3486697339467892,PASSED,-0.2628336443918118,-4.110937345454784e-06,2.2058876298736527e-05,2.64095814089085,2.1461989554991043e-05,-0.00011515717523566965
3.3496699339867972,PASSED,-0.2628336484917588,-4.088936623668143e-06,2.1961952111911527e-05,2.6409581622954597,2.134712835014264e-05,-0.0001146638912568946
3.3506701340268052,PASSED,-0.26283365256975333,-4.067032681462319e-06,2.186526893510087e-05,2.640958183585464,2.1232775177264825e-05,-0.00011414602729175886
3.3516703340668133,PASSED,-0.26283365662589253,-4.045225792147623e-06,2.1767969567758992e-05,2.6409582047613642,2.1118924262151253e-05,-0.00011365417366144631
3.3526705341068213,PASSED,-0.262833660660273,-4.023515557563397e-06,2.167174459520369e-05,2.6409582258236717,2.100558341638305e-05,-0.00011313196050603786
3.3536707341468293,PASSED,-0.2628336646729916,-4.001901743548387e-06,2.1575193628216128e-05,2.6409582467728896,2.0892750438133034e-05,-0.00011263365674600165
3.3546709341868373,PASSED,-0.26283366866414465,-3.980384520541933e-06,2.147857592527824e-05,2.640958267609517,2.078040587363463e-05,-0.00011215183633333717
3.3556711342268453,PASSED,-0.26283367263382884,-3.958964036237216e-06,2.1381756557676574e-05,2.640958288334066,2.0668580022175962e-05,-0.00011160852820888392
3.3566713342668533,PASSED,-0.2628336765821406,-3.9376397375311666e-06,2.1285993471631614e-05,2.640958308947032,2.0557255225747803e-05,-0.00011113564190767881
3.3576715343068613,PASSED,-0.2628336805091762,-3.916411799580495e-06,2.118923427003084e-05,2.6409583294489263,2.0446428862758898e-05,-0.00011062017704305431
3.3586717343468693,PASSED,-0.26283368441503235,-3.895280704476887e-06,2.109233565932465e-05,2.640958349840246,2.033610876931279e-05,-0.0001101200377148066
3.3596719343868773,PASSED,-0.2628336882998053,-3.874245667612228e-06,2.0996837668215483e-05,2.6409583701214965,2.0226289473367903e-05,-0.00010961880143160747
3.3606721344268853,PASSED,-0.26283369216359154,-3.853306981919227e-06,2.089991770952282e-05,2.6409583902931817,2.0116976488884295e-05,-0.00010910910651827658
3.3616723344668933,PASSED,-0.26283369600648754,-3.832465077938662e-06,2.0803228161261044e-05,2.640958410355805,2.0008167656698494e-05,-0.0001086086492974889
3.3626725345069013,PASSED,-0.2628336998285896,-3.8117194671929192e-06,2.0707199135396632e-05,2.6409584303098708,1.98998613210347e-05,-0.00010810479324133608
3.3636727345469093,PASSED,-0.2628337036299944,-3.791070365288692e-06,2.061037041678107e-05,2.6409584501558814,1.9792057201219137e-05,-0.00010760367086504358
3.3646729345869173,PASSED,-0.2628337074107986,-3.7705181726879576e-06,2.0513407390037366e-05,2.6409584698943425,1.968475997015344e-05,-0.00010709293786612875
3.3656731346269253,PASSED,-0.26283371117109866,-3.7500622719218793e-06,2.041756301677186e-05,2.6409584895257576,1.957796677163334e-05,-0.00010659337228942272
3.3666733346669333,PASSED,-0.26283371491099133,-3.7297030747062976e-06,2.0320286681454802e-05,2.6409585090506313,1.9471677458650603e-05,-0.00010608660677827651
3.3676735347069413,PASSED,-0.2628337186305734,-3.7094410876354874e-06,2.0223120663713314e-05,2.6409585284694717,1.9365897738589012e-05,-0.00010557512891712926
3.3686737347469493,PASSED,-0.2628337223299417,-3.6892757333406626e-06,2.012684338223191e-05,2.6409585477827773,1.9260613664392148e-05,-0.0001050900377166895
3.3696739347869573,PASSED,-0.2628337260091931,-3.6692071588955504e-06,2.0029728487032004e-05,2.6409585669910616,1.9155845441085096e-05,-0.00010455368036729398
3.3706741348269653,PASSED,-0.2628337296684246,-3.6492358738545226e-06,1.993232274369178e-05,2.640958586094831,1.9051591118557783e-05,-0.00010405475063399126
3.3716743348669733,PASSED,-0.26283373330773324,-3.6293615968213064e-06,1.983557989289942e-05,2.640958605094585,1.894782011893003e-05,-0.00010358183229025779
3.3726745349069813,PASSED,-0.26283373692721623,-3.6095844329810416e-06,1.9738219805175122e-05,2.640958623990838,1.8844571028308512e-05,-0.00010302726284236146
3.3736747349469893,PASSED,-0.26283374052697067,-3.5899045539120804e-06,1.964098524481765e-05,2.64095864278409,1.874183368206481e-05,-0.00010254406851125845
3.3746749349869973,PASSED,-0.2628337441070941,-3.570322271531879e-06,1.9543147137123407e-05,2.6409586614748575,1.863959705151481e-05,-0.00010203167190916313
3.3756751350270053,PASSED,-0.2628337476676835,-3.5508369548676433e-06,1.9446763015643943e-05,2.6409586800636426,1.853786972870654e-05,-0.00010152442340767571
3.3766753350670133,PASSED,-0.2628337512088367,-3.5314490932532564e-06,1.9348594013548854e-05,2.6409586985509574,1.8436654388395896e-05,-0.00010100928491262517
3.3776755351070213,PASSED,-0.2628337547306508,-3.5121591943263707e-06,1.9250768869110052e-05,2.6409587169373085,1.833594538457694e-05,-0.00010050881642317461
3.3786757351470293,PASSED,-0.2628337582332236,-3.4929665502874163e-06,1.915389415218398e-05,2.6409587352232067,1.8235745237872526e-05,-9.999436689191198e-05
3.3796759351870374,PASSED,-0.26283376171665257,-3.4738714217306115e-06,1.9055951493219385e-05,2.6409587534091625,1.813606106546891e-05,-9.947737607809181e-05
3.3806761352270454,PASSED,-0.26283376518103535,-3.4548741752786507e-06,1.895810975778831e-05,2.6409587714956815,1.8036876794085762e-05,-9.898886825318287e-05
3.3816763352670534,PASSED,-0.2628337686264697,-3.435974507614046e-06,1.8860706269148433e-05,2.640958789483275,1.793820260192075e-05,-9.846440810623065e-05
3.3826765353070614,PASSED,-0.2628337720530531,-3.417172309809754e-06,1.876319216105489e-05,2.6409588073724555,1.7840051399257384e-05,-9.794239903478916e-05
3.3836767353470694,PASSED,-0.2628337754608833,-3.3984681056023776e-06,1.8664878904923527e-05,2.6409588251637315,1.774240131674373e-05,-9.745520483289683e-05
3.3846769353870774,PASSED,-0.26283377885005815,-3.3798615515757457e-06,1.8567670774437273e-05,2.6409588428576103,1.7645251719336287e-05,-9.694585912379977e-05
3.3856771354270854,PASSED,-0.26283378222067505,-3.361352230029123e-06,1.84704220614132e-05,2.640958860454608,1.754863240289417e-05,-9.640162132099307e-05
3.3866773354670934,PASSED,-0.26283378557283177,-3.3429410117607385e-06,1.8371749073031272e-05,2.640958877955228,1.7452511915763412e-05,-9.593306433726658e-05
3.3876775355071014,PASSED,-0.2628337889066259,-3.3246273962537865e-06,1.8274859796232734e-05,2.6409588953599816,1.735688913645603e-05,-9.541592262079619e-05
3.3886777355471094,PASSED,-0.2628337922221549,-3.3064107669752662e-06,1.8177808933378353e-05,2.640958912669383,1.726180125218406e-05,-9.486919203941814e-05
3.3896779355871174,PASSED,-0.2628337955195164,-3.2882920464127067e-06,1.8079328315346932e-05,2.6409589298839333,1.7167205329706065e-05,-9.4413742770379e-05
3.3906781356271254,PASSED,-0.26283379879880764,-3.270270651030608e-06,1.798277342660007e-05,2.6409589470041444,1.707310854703296e-05,-9.388547594158482e-05
3.3916783356671334,PASSED,-0.26283380206012597,-3.252346093651734e-06,1.7885746680390043e-05,2.6409589640305273,1.697954676471283e-05,-9.334598657249355e-05
3.3926785357071414,PASSED,-0.2628338053035686,-3.234519135547708e-06,1.778776571978294e-05,2.640958980963582,1.6886470444885488e-05,-9.289654199723344e-05
3.3936787357471494,PASSED,-0.2628338085292325,-3.2167890200388685e-06,1.7691682034877062e-05,2.6409589978038213,1.6793897275564348e-05,-9.235758753707307e-05
3.3946789357871574,PASSED,-0.2628338117372146,-3.199155379186034e-06,1.7594946731472434e-05,2.64095901455175,1.670185315300147e-05,-9.183514591341304e-05
3.3956791358271654,PASSED,-0.26283381492761154,-3.181618634593981e-06,1.7497943165774622e-05,2.6409590312078706,1.661029313068955e-05,-9.137660657759025e-05
3.3966793358671734,PASSED,-0.2628338181005199,-3.164178363235649e-06,1.7401823486703837e-05,2.6409590477726894,1.6519235680764173e-05,-9.084467882390528e-05
3.3976795359071814,PASSED,-0.26283382125603616,-3.1468343976159215e-06,1.730539370840953e-05,2.6409590642467085,1.642869784256917e-05,-9.033327777573128e-05
3.3986797359471894,PASSED,-0.26283382439425623,-3.1295861735878894e-06,1.7210110907780318e-05,2.640959080630428,1.6338645471531125e-05,-8.986509987958851e-05
3.3996799359871974,PASSED,-0.262833827515276,-3.1124337191535854e-06,1.7114016785319722e-05,2.640959096924352,1.6249094539740226e-05,-8.93414863984391e-05
3.4006801360272054,PASSED,-0.26283383061919124,-3.0953771437840364e-06,1.701828109236832e-05,2.6409591131289787,1.6160055112638182e-05,-8.883805423778307e-05
3.4016803360672134,PASSED,-0.2628338337060971,-3.078415286338672e-06,1.6924241680695055e-05,2.6409591292448034,1.607149796430625e-05,-8.836987772803155e-05
3.4026805361072214,PASSED,-0.26283383677608874,-3.061548391952797e-06,1.682866285599501e-05,2.6409591452723253,1.5983440280659186e-05,-8.784955425975064e-05
3.4036807361472294,PASSED,-0.2628338398292609,-3.044776528311813e-06,1.6733997497643493e-05,2.6409591612120358,1.589588089770148e-05,-8.736593542301143e-05
3.4046809361872374,PASSED,-0.2628338428657079,-3.0280983479252157e-06,1.6640968979233257e-05,2.64095917706443,1.5808806797717174e-05,-8.687954302516774e-05
3.4056811362272454,PASSED,-0.2628338458855238,-3.011514131977866e-06,1.654638059276011e-05,2.640959192829997,1.5722225403672462e-05,-8.638262805774725e-05
3.4066813362672534,PASSED,-0.26283384888880235,-2.9950238161135313e-06,1.6452939378717985e-05,2.6409592085092304,1.5636139892946762e-05,-8.58874325043314e-05
3.4076815363072614,PASSED,-0.2628338518756368,-2.978626181082376e-06,1.6360765466114044e-05,2.640959224102612,1.5550529228628093e-05,-8.542615219489153e-05
3.4086817363472695,PASSED,-0.26283385484612004,-2.9623212760150332e-06,1.6267664801495014e-05,2.6409592396106274,1.5465400183088444e-05,-8.493097443614991e-05
3.4096819363872775,PASSED,-0.2628338578003446,-2.946108943297727e-06,1.617544466117982e-05,2.640959255033764,1.538077035851719e-05,-8.442905799466303e-05
3.4106821364272855,PASSED,-0.26283386073840237,-2.9299880246300473e-06,1.608456800534592e-05,2.6409592703724973,1.5296605999737076e-05,-8.398789263708428e-05
3.4116823364672935,PASSED,-0.2628338636603851,-2.913958489609512e-06,1.599284636399518e-05,2.640959285627307,1.5212913125107195e-05,-8.349619595840874e-05
3.4126825365073015,PASSED,-0.26283386656638363,-2.8980201281355712e-06,1.590203821390373e-05,2.64095930079867,1.5129711459425008e-05,-8.300531216470692e-05
3.4136827365473095,PASSED,-0.2628338694564888,-2.8821718651411932e-06,1.5812412848027402e-05,2.640959315887057,1.5046971588595705e-05,-8.256290993903349e-05
3.4146829365873175,PASSED,-0.2628338723307906,-2.8664133517661024e-06,1.5722580393133788e-05,2.6409593308929384,1.4964694191953186e-05,-8.208705444484222e-05
3.4156831366273255,PASSED,-0.2628338751893787,-2.8507444994008023e-06,1.5633033680077584e-05,2.6409593458167846,1.4882898484699489e-05,-8.160147579293513e-05
3.4166833366673335,PASSED,-0.2628338780323419,-2.835164081449382e-06,1.5545340798982077e-05,2.6409593606590587,1.480156008931296e-05,-8.116300844892312e-05
3.4176835367073415,PASSED,-0.26283388085976905,-2.8196719557667383e-06,1.5456648938418314e-05,2.6409593754202234,1.4720674599665005e-05,-8.070047711397665e-05
3.4186837367473495,PASSED,-0.2628338836717477,-2.804267496599553e-06,1.5369665986362827e-05,2.640959390100733,1.4640250759392851e-05,-8.023941571093577e-05
3.4196839367873575,PASSED,-0.2628338864683655,-2.788950158397761e-06,1.5282453012078798e-05,2.6409594047010496,1.4560287803043714e-05,-7.977865010793968e-05
3.4206841368273655,PASSED,-0.26283388924970885,-2.773719034664151e-06,1.519690421463065e-05,2.6409594192216237,1.448077100103344e-05,-7.934223661182925e-05
3.4216843368673735,PASSED,-0.26283389201586416,-2.758573932028672e-06,1.5110568249377641e-05,2.6409594336629065,1.4401701872229527e-05,-7.888705693197048e-05
3.4226845369073815,PASSED,-0.2628338947669169,-2.743514143308091e-06,1.5025935701382952e-05,2.6409594480253404,1.4323076374615052e-05,-7.845112473614398e-05
3.4236847369473895,PASSED,-0.2628338975029519,-2.7285386736127544e-06,1.4941825691305576e-05,2.6409594623093735,1.4244896992283393e-05,-7.799822072866922e-05
3.4246849369873975,PASSED,-0.2628339002240534,-2.7136471520482573e-06,1.4857985479958678e-05,2.640959476515444,1.4167156450461632e-05,-7.75687558838223e-05
3.4256851370274055,PASSED,-0.26283390293030495,-2.6988390107996298e-06,1.4774911761073365e-05,2.6409594906439873,1.408984285156754e-05,-7.714349423427268e-05
3.4266853370674135,PASSED,-0.2628339056217896,-2.6841135108537715e-06,1.4692558735715014e-05,2.640959504695435,1.4012961679146914e-05,-7.670629121152757e-05
3.4276855371074215,PASSED,-0.2628339082985896,-2.6694699022036177e-06,1.46109752597797e-05,2.640959518670218,1.3936515536724159e-05,-7.627270989690538e-05
3.4286857371474295,PASSED,-0.26283391096078645,-2.6549072690865593e-06,1.4530405021910585e-05,2.6409595325687647,1.3860493116096512e-05,-7.585556111481043e-05
3.4296859371874375,PASSED,-0.26283391360846114,-2.6404254307848686e-06,1.444946048821128e-05,2.640959546391494,1.3784881500442882e-05,-7.544898534617572e-05
3.4306861372274455,PASSED,-0.26283391624169394,-2.6260237750839104e-06,1.4369785842789458e-05,2.640959560138827,1.3709694367250315e-05,-7.501256509016202e-05
3.4316863372674535,PASSED,-0.26283391886056423,-2.611700710710688e-06,1.4291916726844766e-05,2.6409595738111777,1.3634924711861215e-05,-7.460771558839262e-05
3.4326865373074615,PASSED,-0.26283392146515094,-2.5974564847878806e-06,1.4212432053449543e-05,2.6409595874089575,1.3560553802791332e-05,-7.421303805754129e-05
3.4336867373474695,PASSED,-0.26283392405553213,-2.5832901489160866e-06,1.4135605084023477e-05,2.6409596009325735,1.3486592240346973e-05,-7.379391203557165e-05
3.4346869373874775,PASSED,-0.2628339266317852,-2.569200414144703e-06,1.4059154562957272e-05,2.6409596143824334,1.3413043463146102e-05,-7.338535397773553e-05
3.4356871374274855,PASSED,-0.2628339291939869,-2.5551873871555366e-06,1.3982275273305011e-05,2.640959627758933,1.3339879662930228e-05,-7.301609770796777e-05
3.4366873374674936,PASSED,-0.2628339317422132,-2.541249994241368e-06,1.3907471341410293e-05,2.6409596410624707,1.326711123293366e-05,-7.260331818896802e-05
3.4376875375075016,PASSED,-0.26283393427653945,-2.527387207857951e-06,1.3832996411421206e-05,2.6409596542934435,1.3194750679432015e-05,-7.219871037676166e-05
3.4386877375475096,PASSED,-0.2628339367970401,-2.5135988061944996e-06,1.3758671831471871e-05,2.6409596674522358,1.3122761962655827e-05,-7.184872104247025e-05
3.4396879375875176,PASSED,-0.26283393930378907,-2.4998840960038852e-06,1.3685402430043264e-05,2.6409596805392312,1.3051148232747409e-05,-7.145706915237946e-05
3.4406881376275256,PASSED,-0.2628339417968594,-2.4862418903060314e-06,1.3613407876393957e-05,2.640959693554819,1.2979941401773178e-05,-7.104000552213015e-05
3.4416883376675336,PASSED,-0.26283394427632367,-2.4726718414865813e-06,1.3541142781487669e-05,2.6409597064993724,1.2909098535033942e-05,-7.07114408839725e-05
3.4426885377075416,PASSED,-0.2628339467422536,-2.459173417945881e-06,1.3469944046841816e-05,2.640959719373265,1.2838610155638869e-05,-7.033967173580842e-05
3.4436887377475496,PASSED,-0.2628339491947201,-2.4457453508651913e-06,1.3400149103255088e-05,2.640959732176874,1.276852168917045e-05,-6.992099629015708e-05
3.4446889377875576,PASSED,-0.26283395163379353,-2.4323871592849032e-06,1.333021989830978e-05,2.6409597449105573,1.2698782582668054e-05,-6.96178466438899e-05
3.4456891378275656,PASSED,-0.2628339540595436,-2.419098587598509e-06,1.3260806211784176e-05,2.640959757574684,1.26293932645799e-05,-6.923696571766384e-05
3.4466893378675736,PASSED,-0.26283395647203905,-2.4058784225304323e-06,1.3193070972271614e-05,2.640959770169613,1.2560386209226426e-05,-6.885378177734574e-05
3.4476895379075816,PASSED,-0.2628339588713483,-2.3927260651068214e-06,1.3125215057837861e-05,2.6409597826957003,1.249172377152287e-05,-6.853487498769683e-05
3.4486897379475896,PASSED,-0.26283396125753894,-2.3796413374903135e-06,1.3057735988954892e-05,2.6409597951532966,1.2423397717052818e-05,-6.81868407916218e-05
3.4496899379875976,PASSED,-0.26283396363067774,-2.3666229217028654e-06,1.2992202319776968e-05,2.640959807542758,1.2355444376896789e-05,-6.779767306563483e-05
3.4506901380276056,PASSED,-0.2628339659908311,-2.3536703631813953e-06,1.2926129322599612e-05,2.640959819864422,1.2287823804531726e-05,-6.750250523134904e-05
3.4516903380676136,PASSED,-0.26283396833806455,-2.340783208278164e-06,1.2861171956985795e-05,2.6409598321186403,1.2220538220862118e-05,-6.714096929511368e-05
3.4526905381076216,PASSED,-0.2628339706724431,-2.3279605367032592e-06,1.279700465351728e-05,2.6409598443057427,1.2153597881171643e-05,-6.680658662071568e-05
3.4536907381476296,PASSED,-0.262833972994031,-2.315202186895523e-06,1.2732579910549117e-05,2.6409598564260692,1.2086987705518601e-05,-6.647923500792616e-05
3.4546909381876376,PASSED,-0.2628339753028921,-2.3025071326527588e-06,1.2670037130908092e-05,2.6409598684799525,1.2020709709038691e-05,-6.614383746123267e-05
3.4556911382276456,PASSED,-0.26283397759908933,-2.2898744992061647e-06,1.2607697657051363e-05,2.640959880467725,1.19547670172375e-05,-6.580859469449656e-05
3.4566913382676536,PASSED,-0.26283397988268525,-2.2773044441140325e-06,1.2544960048852347e-05,2.640959892389705,1.1889133378321194e-05,-6.551700173084584e-05
3.4576915383076616,PASSED,-0.2628339821537419,-2.2647961618224333e-06,1.2483830453430146e-05,2.6409599042462237,1.1823830447905038e-05,-6.516021620636274e-05
3.4586917383476696,PASSED,-0.26283398441232037,-2.252348506939749e-06,1.2423537835520111e-05,2.640959916037598,1.1758854939750618e-05,-6.48523694531274e-05
3.4596919383876776,PASSED,-0.2628339866584816,-2.2399615013191863e-06,1.2362650810591112e-05,2.6409599277641447,1.1694178911347702e-05,-6.455846770277615e-05
3.4606921384276856,PASSED,-0.2628339888922859,-2.227634754240162e-06,1.2302811257980417e-05,2.6409599394261787,1.1629820893104575e-05,-6.422438527002801e-05
3.4616923384676936,PASSED,-0.2628339911137927,-2.215366979957579e-06,1.2244416298984068e-05,2.6409599510240134,1.1565783513077947e-05,-6.391270986436393e-05
3.4626925385077016,PASSED,-0.26283399332306145,-2.203158259443953e-06,1.2184923323387247e-05,2.640959962557957,1.1502044522997586e-05,-6.362317689102754e-05
3.4636927385477096,PASSED,-0.2628339955201506,-2.191008078122011e-06,1.2127019987645371e-05,2.6409599740283127,1.1438603952293565e-05,-6.331883324601526e-05
3.4646929385877177,PASSED,-0.2628339977051184,-2.1789157637688354e-06,1.2069177263528786e-05,2.640959985435386,1.1375477521461423e-05,-6.299816255622432e-05
3.4656931386277257,PASSED,-0.26283399987802264,-2.16688095646357e-06,1.2011893999756427e-05,2.640959996779481,1.1312653115792185e-05,-6.270856774458235e-05
3.4666933386677337,PASSED,-0.2628340020389204,-2.1549029919854316e-06,1.1955344797059283e-05,2.6409600080608917,1.125011196607298e-05,-6.24295377022857e-05
3.4676935387077417,PASSED,-0.26283400418786845,-2.142981593258233e-06,1.1898768013957735e-05,2.6409600192799174,1.1187873706722959e-05,-6.211074044851278e-05
3.4686937387477497,PASSED,-0.2628340063249233,-2.131116631724264e-06,1.1842423880642796e-05,2.640960030436853,1.1125937063568561e-05,-6.182057829165073e-05
3.4696939387877577,PASSED,-0.2628340084501409,-2.1193071797630607e-06,1.1787470681576779e-05,2.640960041531987,1.1064276978187962e-05,-6.155309010656451e-05
3.4706941388277657,PASSED,-0.2628340105635766,-2.1075528916809385e-06,1.1732166349152642e-05,2.6409600525656147,1.1002913698419412e-05,-6.123673954320549e-05
3.4716943388677737,PASSED,-0.2628340126652856,-2.0958538479294464e-06,1.1676962019718181e-05,2.640960063538019,1.0941839628724336e-05,-6.096562312965738e-05
3.4726945389077817,PASSED,-0.2628340147553227,-2.0842092355014105e-06,1.1623046033581127e-05,2.6409600744494868,1.0881039556643808e-05,-6.0689704714440714e-05
3.4736947389477897,PASSED,-0.2628340168337424,-2.072619044617153e-06,1.156828745137486e-05,2.640960085300308,1.0820537882709288e-05,-6.037632008123912e-05
3.4746949389877977,PASSED,-0.2628340189005987,-2.0610827284967243e-06,1.1515001899797975e-05,2.640960096090754,1.0760305830420405e-05,-6.013587376064479e-05
3.4756951390278057,PASSED,-0.2628340209559454,-2.049599677672856e-06,1.1461750106582113e-05,2.6409601068211157,1.0700353495265716e-05,-5.9829976084051366e-05
3.4766953390678137,PASSED,-0.26283402299983577,-2.0381701277477945e-06,1.1408083137381594e-05,2.640960117491667,1.0640691535290687e-05,-5.9549949235680146e-05
3.4776955391078217,PASSED,-0.2628340250323232,-2.026793837480301e-06,1.1355095020901907e-05,2.640960128102685,1.0581293432081617e-05,-5.929687252466227e-05
3.4786957391478297,PASSED,-0.2628340270534605,-2.015470001922636e-06,1.1302995915507192e-05,2.6409601386544503,1.0522176305983405e-05,-5.8997295147246606e-05
3.4796959391878377,PASSED,-0.2628340290633002,-2.00419860917934e-06,1.1250323961822016e-05,2.6409601491472317,1.0463333776607927e-05,-5.8739352194301664e-05
3.4806961392278457,PASSED,-0.26283403106189474,-1.99297975718831e-06,1.1197870677168143e-05,2.640960159581306,1.040475895319352e-05,-5.846513756114564e-05
3.4816963392678537,PASSED,-0.26283403304929626,-1.9818127229941914e-06,1.1146476538752482e-05,2.640960169956946,1.0346462667280471e-05,-5.818371814765092e-05
3.4826965393078617,PASSED,-0.26283403502555663,-1.970697359354322e-06,1.1094621707280554e-05,2.640960180274418,1.0288428861379833e-05,-5.7933864402631785e-05
3.4836967393478697,PASSED,-0.2628340369907276,-1.959633895730355e-06,1.104269156842443e-05,2.640960190533999,1.0230672522361034e-05,-5.7637988762910405e-05
3.4846969393878777,PASSED,-0.26283403894486057,-1.9486215816131584e-06,1.0992062483044708e-05,2.6409602007359534,1.017318519040032e-05,-5.7386894092585886e-05
3.4856971394278857,PASSED,-0.262834040888007,-1.9376606755031857e-06,1.0940135194591267e-05,2.640960210880549,1.0115952850943634e-05,-5.7129303032751725e-05
3.4866973394678937,PASSED,-0.2628340428202181,-1.926751021491488e-06,1.0889333223102049e-05,2.640960220968054,1.0058997092735462e-05,-5.6840061658452586e-05
3.4876975395079017,PASSED,-0.2628340447415447,-1.9158918148564967e-06,1.0839122242917441e-05,2.6409602309987372,1.0002314872884927e-05,-5.657699197859186e-05
3.4886977395479097,PASSED,-0.26283404665203786,-1.9050838867159842e-06,1.078713207224268e-05,2.640960240972861,9.945883504717107e-06,-5.63342856273081e-05
3.4896979395879177,PASSED,-0.2628340485517483,-1.8943267788550954e-06,1.0737091719986002e-05,2.6409602508906898,9.889716239714625e-06,-5.6055917919264806e-05
3.4906981396279257,PASSED,-0.26283405044072655,-1.883619505246652e-06,1.0687394867415073e-05,2.6409602607524914,9.833829428690493e-06,-5.577407309404452e-05
3.4916983396679337,PASSED,-0.26283405231902324,-1.8729632559166683e-06,1.0635485638362548e-05,2.6409602705585256,9.77819263462809e-06,-5.5545274707975576e-05
3.4926985397079418,PASSED,-0.2628340541866888,-1.8623577205159452e-06,1.0585568575629969e-05,2.6409602803090584,9.722816306906347e-06,-5.5263696397584885e-05
3.4936987397479498,PASSED,-0.2628340560437736,-1.8518017563814046e-06,1.053622784048122e-05,2.6409602900043523,9.66771537757844e-06,-5.4992417948124214e-05
3.4946989397879578,PASSED,-0.2628340578903278,-1.8412961853505265e-06,1.0485133157809181e-05,2.64096029964467,9.612870154064199e-06,-5.474709389165348e-05
3.4956991398279658,PASSED,-0.2628340597264018,-1.8308413295258846e-06,1.0434670935863754e-05,2.6409603092302723,9.55828091533664e-06,-5.4484001951495655e-05
3.4966993398679738,PASSED,-0.26283406155204564,-1.820436285297447e-06,1.0385293090153167e-05,2.640960318761423,9.503963406410226e-06,-5.4206513576360315e-05
3.4976995399079818,PASSED,-0.26283406336730947,-1.8100811133723055e-06,1.0335091148467014e-05,2.6409603282383816,9.449904078370184e-06,-5.396120434916319e-05
3.4986997399479898,PASSED,-0.26283406517224345,-1.7997764217367633e-06,1.0284425293592427e-05,2.6409603376614097,9.396099142146705e-06,-5.370075747302338e-05
3.4996999399879978,PASSED,-0.2628340669668975,-1.789521562747629e-06,1.0235148119495792e-05,2.6409603470307723,9.342568308203965e-06,-5.341755158921615e-05
3.500700140028006,PASSED,-0.2628340687513217,-1.7793165150339264e-06,1.0184980776507517e-05,2.640960356346727,9.289292908526601e-06,-5.318063173612613e-05
3.501700340068014,PASSED,-0.26283407052556607,-1.769161832316918e-06,1.0134484010675799e-05,2.6409603656095357,9.236270089569187e-06,-5.291761043827055e-05
3.502700540108022,PASSED,-0.2628340722896806,-1.7590570620994865e-06,1.0084961021935696e-05,2.640960374819458,9.183517841376537e-06,-5.264200669557263e-05
3.50370074014803,PASSED,-0.2628340740437152,-1.7490019906074502e-06,1.0035145138770054e-05,2.640960383976758,9.131030169848939e-06,-5.238478141561397e-05
3.504700940188038,PASSED,-0.26283407578772,-1.7389972170562413e-06,9.984525826168477e-06,2.6409603930816945,9.07879271978221e-06,-5.213922916747401e-05
3.505701140228046,PASSED,-0.26283407752174487,-1.7290423603857642e-06,9.935077233349401e-06,2.64096040213453,9.026820539705722e-06,-5.1860814015830824e-05
3.506701340268054,PASSED,-0.2628340792458398,-1.7191372942685632e-06,9.885058706435524e-06,2.6409604111355223,8.975112266496392e-06,-5.160657933833041e-05
3.507701540308062,PASSED,-0.2628340809600549,-1.709282578948749e-06,9.834486395400162e-06,2.6409604200849377,8.92366413736589e-06,-5.134249565861765e-05
3.50870174034807,PASSED,-0.26283408266443997,-1.6994774486045837e-06,9.785559643342021e-06,2.6409604289830324,8.872472978504214e-06,-5.109026766371377e-05
3.509701940388078,PASSED,-0.2628340843590452,-1.6897224812137733e-06,9.734572555789206e-06,2.6409604378300666,8.821541657934037e-06,-5.082535584115601e-05
3.510702140428086,PASSED,-0.26283408604392056,-1.6800179665158655e-06,9.684476125987048e-06,2.6409604466263064,8.770881605397689e-06,-5.0549850333142434e-05
3.511702340468094,PASSED,-0.2628340877191161,-1.6703630739315485e-06,9.635170223203512e-06,2.6409604553720087,8.720473770131805e-06,-5.031315855437955e-05
3.512702540508102,PASSED,-0.26283408938468195,-1.6607582287933774e-06,9.584628414816456e-06,2.64096046406744,8.670330814247017e-06,-5.0029487438393886e-05
3.51370274054811,PASSED,-0.26283409104066807,-1.651203710992625e-06,9.534444058042874e-06,2.6409604727128584,8.62045436961567e-06,-4.977441609331483e-05
3.514702940588118,PASSED,-0.2628340926871247,-1.641699247650656e-06,9.484476197919614e-06,2.640960481308524,8.57082690730963e-06,-4.952949311452293e-05
3.515703140628126,PASSED,-0.2628340943241018,-1.6322448399589755e-06,9.434362020854442e-06,2.6409604898546997,8.521466310812899e-06,-4.92479987515365e-05
3.516703340668134,PASSED,-0.2628340959516496,-1.6228405104245803e-06,9.384307876755572e-06,2.640960498351649,8.472377951562951e-06,-4.898193291555361e-05
3.517703540708142,PASSED,-0.26283409756981807,-1.6134862644945955e-06,9.334204632137616e-06,2.6409605067996322,8.423539841710709e-06,-4.8742227810036855e-05
3.51870374074815,PASSED,-0.26283409917865747,-1.6041822325808494e-06,9.283916768151716e-06,2.6409605151989104,8.374961207275298e-06,-4.846957218565931e-05
3.519703940788158,PASSED,-0.26283410077821795,-1.5949284271558573e-06,9.233731196219215e-06,2.640960523549745,8.326653274404307e-06,-4.820017332788115e-05
3.520704140828166,PASSED,-0.2628341023685495,-1.5857245068127663e-06,9.184046441005535e-06,2.6409605318524,8.278605203654016e-06,-4.7946669031894966e-05
3.521704340868174,PASSED,-0.2628341039497024,-1.5765709559219177e-06,9.133220524077432e-06,2.640960540107133,8.230808706106763e-06,-4.769638322416175e-05
3.522704540908182,PASSED,-0.2628341055217267,-1.567467605184226e-06,9.083437546768043e-06,2.6409605483142125,8.183289176170273e-06,-4.74016277447098e-05
3.52370474094819,PASSED,-0.26283410708467253,-1.5584138367166487e-06,9.033989081450041e-06,2.6409605564738916,8.136022852934834e-06,-4.717612022925729e-05
3.524704940988198,PASSED,-0.26283410863858986,-1.5494103672575797e-06,8.98312304414824e-06,2.64096056458644,8.089016757225119e-06,-4.689274603001816e-05
3.525705141028206,PASSED,-0.26283411018352887,-1.5404573352707372e-06,8.932971281972153e-06,2.6409605726521113,8.042274039393527e-06,-4.664269903263876e-05
3.526705341068214,PASSED,-0.2628341117195396,-1.531554008191891e-06,8.883564276762209e-06,2.640960580671172,7.9957915057633e-06,-4.637575669528834e-05
3.527705541108222,PASSED,-0.26283411324667194,-1.5227004113527597e-06,8.83361854737738e-06,2.640960588643883,7.949576215329211e-06,-4.610831292662242e-05
3.5287057411482294,PASSED,-0.26283411476497587,-1.5138971053891862e-06,8.783097574370998e-06,2.6409605965705025,7.903612540983056e-06,-4.586724862584188e-05
3.5297059411882374,PASSED,-0.26283411627450126,-1.5051435655796356e-06,8.733834633003718e-06,2.640960604451291,7.857908520891654e-06,-4.559520106844418e-05
3.5307061412282454,PASSED,-0.262834117775298,-1.496439737009167e-06,8.683824528778819e-06,2.6409606122865106,7.812474773675817e-06,-4.53261113140997e-05
3.5317063412682534,PASSED,-0.26283411926741584,-1.487785665210982e-06,8.634236644455732e-06,2.6409606200764197,7.76729417852899e-06,-4.508358436864638e-05
3.5327065413082614,PASSED,-0.26283412075090445,-1.479181271417179e-06,8.584498560034681e-06,2.6409606278212787,7.722368692085737e-06,-4.4820087826322794e-05
3.5337067413482695,PASSED,-0.2628341222258134,-1.4706265635397875e-06,8.534847422296535e-06,2.640960635521345,7.67770922439665e-06,-4.455238759759628e-05
3.5347069413882775,PASSED,-0.2628341236921923,-1.4621211367311107e-06,8.485813066263543e-06,2.6409606431768786,7.633306429034963e-06,-4.4303067204415006e-05
3.5357071414282855,PASSED,-0.2628341251500904,-1.4536650206509451e-06,8.436318089433488e-06,2.6409606507881347,7.589154099081593e-06,-4.405183845267331e-05
3.5367073414682935,PASSED,-0.26283412659955724,-1.4452585386055471e-06,8.386591349374467e-06,2.640960658355377,7.545272804340978e-06,-4.376759893257552e-05
3.5377075415083015,PASSED,-0.2628341280406419,-1.4369008192199548e-06,8.33847140973748e-06,2.640960665878858,7.501641936251537e-06,-4.353971419401634e-05
3.5387077415483095,PASSED,-0.26283412947339335,-1.4285920267167572e-06,8.289006565504433e-06,2.640960673358831,7.458252128692269e-06,-4.328986980276902e-05
3.5397079415883175,PASSED,-0.2628341308978607,-1.4203325310521547e-06,8.23982173066762e-06,2.6409606807955566,7.415138081903822e-06,-4.299683144556478e-05
3.5407081416283255,PASSED,-0.2628341323140926,-1.4121214310187517e-06,8.191952235226775e-06,2.640960688189288,7.372277631475948e-06,-4.276952974941326e-05
3.5417083416683335,PASSED,-0.2628341337221377,-1.403958807606266e-06,8.143070863991758e-06,2.640960695540279,7.329654964666292e-06,-4.2524758183150324e-05
3.5427085417083415,PASSED,-0.26283413512204457,-1.3958450248430238e-06,8.094257362742365e-06,2.6409607028487825,7.28729563390746e-06,-4.22490458092871e-05
3.5437087417483495,PASSED,-0.2628341365138614,-1.3877789919678486e-06,8.047216550130191e-06,2.640960710115049,7.2451894308246735e-06,-4.2010974598452945e-05
3.5447089417883575,PASSED,-0.2628341378976365,-1.3797610876727708e-06,7.998362791709716e-06,2.6409607173393335,7.203328903754743e-06,-4.176022871758199e-05
3.5457091418283655,PASSED,-0.2628341392734176,-1.3717913145873542e-06,7.95071328122116e-06,2.6409607245218836,7.161719092594794e-06,-4.150953278819444e-05
3.5467093418683735,PASSED,-0.26283414064125243,-1.3638688345955813e-06,7.903657798807625e-06,2.6409607316629446,7.120353447798894e-06,-4.12697194677027e-05
3.5477095419083815,PASSED,-0.2628341420011887,-1.355993839338566e-06,7.855886895820314e-06,2.6409607387627747,7.079249741885568e-06,-4.099303021040932e-05
3.5487097419483895,PASSED,-0.2628341433532736,-1.3481662609596003e-06,7.808706034396158e-06,2.640960745821614,7.038385753776452e-06,-4.077796004158693e-05
3.5497099419883975,PASSED,-0.26283414469755423,-1.3403854591323718e-06,7.762199022450204e-06,2.6409607528397077,6.997751878253651e-06,-4.0537819176943924e-05
3.5507101420284055,PASSED,-0.26283414603407745,-1.3326513947913169e-06,7.715307886791532e-06,2.640960759817304,6.957383115534943e-06,-4.025605841321804e-05
3.5517103420684135,PASSED,-0.2628341473628899,-1.3249639704859517e-06,7.668835251080692e-06,2.640960766754644,6.917253746843751e-06,-4.004490887650893e-05
3.5527105421084215,PASSED,-0.26283414868403787,-1.3173226261815545e-06,7.6230170066080025e-06,2.6409607736519702,6.877349872151161e-06,-3.9809851903310324e-05
3.5537107421484295,PASSED,-0.2628341499975676,-1.3097273020253236e-06,7.576862255979728e-06,2.6409607805095225,6.837700047758466e-06,-3.954313938561953e-05
3.5547109421884375,PASSED,-0.2628341513035247,-1.302177618904448e-06,7.531563697472907e-06,2.6409607873275416,6.7982918449585985e-06,-3.93182450760334e-05
3.5557111422284455,PASSED,-0.262834152601955,-1.294673441151004e-06,7.485920457424632e-06,2.6409607941062654,6.759109693832941e-06,-3.9091421825406354e-05
3.5567113422684535,PASSED,-0.26283415389290354,-1.2872144619358594e-06,7.441018386957737e-06,2.640960800845929,6.720166938647526e-06,-3.884364409208716e-05
3.5577115423084615,PASSED,-0.26283415517641545,-1.2798002196799428e-06,7.396391501889064e-06,2.6409608075467674,6.681462051003959e-06,-3.8612383344553226e-05
3.5587117423484695,PASSED,-0.26283415645253533,-1.2724304388156963e-06,7.352040439151678e-06,2.640960814209015,6.642985650323888e-06,-3.838574557041695e-05
3.5597119423884775,PASSED,-0.26283415772130764,-1.2651050014539796e-06,7.3077019767596606e-06,2.640960820832903,6.604742162260234e-06,-3.8148649725811504e-05
3.5607121424284855,PASSED,-0.26283415898277646,-1.2578235757104653e-06,7.263908254683789e-06,2.640960827418662,6.566729502996853e-06,-3.7921998955092994e-05
3.5617123424684936,PASSED,-0.26283416023698547,-1.2505855322501392e-06,7.220800264087386e-06,2.640960833966519,6.528940444744838e-06,-3.7700431116630434e-05
3.5627125425085016,PASSED,-0.2628341614839781,-1.2433908724466766e-06,7.177232829712558e-06,2.6409608404767027,6.491379285383592e-06,-3.746831152432177e-05
3.5637127425485096,PASSED,-0.26283416272379756,-1.2362392114898734e-06,7.134613041530433e-06,2.6409608469494352,6.4540415015824335e-06,-3.725076531904844e-05
3.5647129425885176,PASSED,-0.2628341639564865,-1.2291300320331206e-06,7.092223733567842e-06,2.6409608533849425,6.4169272162286675e-06,-3.702329871024333e-05
3.5657131426285256,PASSED,-0.2628341651820875,-1.222063298042536e-06,7.049740828595844e-06,2.6409608597834473,6.380036478645587e-06,-3.6802363498305286e-05
3.5667133426685336,PASSED,-0.26283416640064255,-1.2150383109484608e-06,7.008484604395123e-06,2.6409608661451642,6.343356171559476e-06,-3.659893614464815e-05
3.5677135427085416,PASSED,-0.26283416761219336,-1.2080547929527599e-06,6.966873589904853e-06,2.6409608724703153,6.3068982274574505e-06,-3.6363949406943766e-05
3.5687137427485496,PASSED,-0.26283416881678134,-1.2011127642233575e-06,6.925465489067275e-06,2.640960878759117,6.270661329420367e-06,-3.615219712384311e-05
3.5697139427885576,PASSED,-0.2628341700144476,-1.1942114617820008e-06,6.8851937428826356e-06,2.640960885011782,6.234627873325497e-06,-3.5954295408886916e-05
3.5707141428285656,PASSED,-0.2628341712052327,-1.1873505119354714e-06,6.844787248960337e-06,2.640960891228522,6.1988061954321405e-06,-3.573326621633769e-05
3.5717143428685736,PASSED,-0.26283417238917706,-1.18052989922032e-06,6.804496359278729e-06,2.6409608974095464,6.163199412682603e-06,-3.5522460438335994e-05
3.5727145429085816,PASSED,-0.26283417356632055,-1.1737489611451466e-06,6.765232552436091e-06,2.640960903555067,6.127800145716887e-06,-3.531713798396864e-05
3.5737147429485896,PASSED,-0.2628341747367028,-1.1670073327767332e-06,6.725892245732096e-06,2.6409609096652904,6.092604849771128e-06,-3.511406792028639e-05
3.5747149429885976,PASSED,-0.26283417590036295,-1.1603049778303175e-06,6.686663413538203e-06,2.6409609157404197,6.057612599033978e-06,-3.491103928172642e-05
3.5757151430286056,PASSED,-0.2628341770573399,-1.1536411249102533e-06,6.648645924415116e-06,2.6409609217806556,6.022819063995108e-06,-3.4715198876965205e-05
3.5767153430686136,PASSED,-0.26283417820767213,-1.1470155157482825e-06,6.6102513203413006e-06,2.6409609277862036,5.988232824827837e-06,-3.450026602747611e-05
3.5777155431086216,PASSED,-0.2628341793513977,-1.140427819932553e-06,6.5726588126549655e-06,2.640960933757261,5.953843984518681e-06,-3.431455649694254e-05
3.5787157431486296,PASSED,-0.26283418048855434,-1.1338777203622194e-06,6.535060075452426e-06,2.6409609396940223,5.91964077523346e-06,-3.412897781073909e-05
3.5797159431886376,PASSED,-0.2628341816191795,-1.1273649683637265e-06,6.497879947186491e-06,2.6409609455966825,5.8856366884495874e-06,-3.392082609929451e-05
3.5807161432286456,PASSED,-0.26283418274331,-1.1208886608399917e-06,6.461925908100447e-06,2.6409609514654377,5.851833407165037e-06,-3.3724918074720356e-05
3.5817163432686536,PASSED,-0.2628341838609826,-1.1144490136369701e-06,6.4247947329687675e-06,2.640960957300478,5.818212413069003e-06,-3.3551711443577185e-05
3.5827165433086616,PASSED,-0.26283418497223354,-1.1080455106536646e-06,6.389308483530297e-06,2.6409609631019944,5.7847787312585925e-06,-3.3354995388301073e-05
3.5837167433486696,PASSED,-0.26283418607709863,-1.101677417846206e-06,6.3539490234110896e-06,2.640960968870172,5.751537163108565e-06,-3.316594999117931e-05
3.5847169433886776,PASSED,-0.2628341871756134,-1.0953448397411837e-06,6.318330826096126e-06,2.6409609746051967,5.718477154827947e-06,-3.298938047357685e-05
3.5857171434286856,PASSED,-0.2628341882678131,-1.089047407168555e-06,6.283500403650299e-06,2.6409609803072485,5.6855909577122306e-06,-3.2817408210476775e-05
3.5867173434686936,PASSED,-0.2628341893537324,-1.082784174474745e-06,6.249720887249919e-06,2.6409609859765153,5.652899488576937e-06,-3.2607509751837707e-05
3.5877175435087016,PASSED,-0.2628341904334057,-1.076555365028357e-06,6.214868485813254e-06,2.640960991613175,5.620387094061605e-06,-3.2448984357663704e-05
3.5887177435487096,PASSED,-0.2628341915068673,-1.0703608746748493e-06,6.180904931970543e-06,2.6409609972174017,5.588033704881219e-06,-3.22896590622004e-05
3.5897179435887177,PASSED,-0.2628341925741508,-1.0641994983207358e-06,6.148357302208633e-06,2.640961002789375,5.555869607472565e-06,-3.208038963962432e-05
3.5907181436287257,PASSED,-0.2628341936352896,-1.0580712150729295e-06,6.11490054487111e-06,2.640961008329271,5.5238886045270336e-06,-3.191474514946957e-05
3.5917183436687337,PASSED,-0.26283419469031677,-1.0519762454986781e-06,6.081682260504881e-06,2.640961013837259,5.492058296588003e-06,-3.177401646540299e-05
3.5927185437087417,PASSED,-0.26283419573926503,-1.0459137767373007e-06,6.049659761959432e-06,2.640961019313509,5.4604016434782394e-06,-3.15784108726707e-05
3.5937187437487497,PASSED,-0.2628341967821667,-1.0398830331867e-06,6.018132743028091e-06,2.640961024758193,5.4289304649288735e-06,-3.139969033382937e-05
3.5947189437887577,PASSED,-0.2628341978190538,-1.0338844838266107e-06,5.9854937714637e-06,2.640961030171477,5.397610644041646e-06,-3.126657458949363e-05
3.5957191438287657,PASSED,-0.26283419884995823,-1.0279179486996554e-06,5.953896030616342e-06,2.6409610355535262,5.366450951076126e-06,-3.108843854953765e-05
3.5967193438687737,PASSED,-0.26283419987491136,-1.0219820367067338e-06,5.923922634458522e-06,2.640961040904507,5.335472692970368e-06,-3.090480447657157e-05
3.5977195439087817,PASSED,-0.26283420089394427,-1.016077288407056e-06,5.891965409823869e-06,2.64096104622458,5.304646833362789e-06,-3.0773229694918384e-05
3.5987197439487897,PASSED,-0.2628342019070878,-1.0102035946323298e-06,5.861512684661067e-06,2.640961051513903,5.273966561255212e-06,-3.061830038268437e-05
3.5997199439887977,PASSED,-0.26283420291437243,-1.0043596936443323e-06,5.8321598568885425e-06,2.6409610567726416,5.24346923706476e-06,-3.0416673395631227e-05
3.6007201440288057,PASSED,-0.26283420391582835,-9.985459030890973e-07,5.801544354132862e-06,2.640961062000948,5.213120779384469e-06,-3.0302980536730518e-05
3.6017203440688137,PASSED,-0.2628342049114855,-9.927623665735075e-07,5.771531289894593e-06,2.640961067198983,5.18291684193656e-06,-3.0137908722028865e-05
3.6027205441088217,PASSED,-0.2628342059013737,-9.870080551057065e-07,5.742831586405256e-06,2.6409610723669,5.152882174572771e-06,-2.99658397916305e-05
3.6037207441488297,PASSED,-0.2628342068855222,-9.812830410537513e-07,5.713135695655045e-06,2.6409610775048504,5.122992724591097e-06,-2.9838523441702964e-05
3.6047209441888377,PASSED,-0.2628342078639602,-9.755870417768278e-07,5.6845749977690886e-06,2.640961082612988,5.093249451825325e-06,-2.967977231515254e-05
3.6057211442288457,PASSED,-0.26283420883671654,-9.699196721367598e-07,5.655899401600559e-06,2.640961087691464,5.063669439992757e-06,-2.951350484417945e-05
3.6067213442688537,PASSED,-0.26283420980381983,-9.642811133741573e-07,5.62699833660406e-06,2.6409610927404295,5.034234303433795e-06,-2.9382891035483066e-05
3.6077215443088617,PASSED,-0.2628342107652986,-9.586707104695947e-07,5.599339283201564e-06,2.6409610977600253,5.004930249839087e-06,-2.925149530085669e-05
3.6087217443488697,PASSED,-0.2628342117211809,-9.530881510686651e-07,5.571372812748254e-06,2.6409611027504063,4.975792649403301e-06,-2.9061670525739907e-05
3.6097219443888777,PASSED,-0.26283421267149476,-9.47533797805761e-07,5.543006896341417e-06,2.6409611077117168,4.946804169663493e-06,-2.8939685882521137e-05
3.6107221444288857,PASSED,-0.2628342136162678,-9.420068224675121e-07,5.516287632853906e-06,2.640961112644101,4.917938842543425e-06,-2.8815754611767212e-05
3.6117223444688937,PASSED,-0.26283421455552763,-9.365071482478476e-07,5.488598610871624e-06,2.6409611175477004,4.889224760156299e-06,-2.8646300904031418e-05
3.6127225445089017,PASSED,-0.2628342154893015,-9.310349476555157e-07,5.461268579972167e-06,2.6409611224226617,4.860667205298878e-06,-2.8498390826346963e-05
3.6137227445489097,PASSED,-0.2628342164176166,-9.255897593068436e-07,5.434468194471961e-06,2.6409611272691227,4.8322322882301764e-06,-2.839260123027199e-05
3.6147229445889177,PASSED,-0.26283421734049994,-9.201713277303591e-07,5.407740497826197e-06,2.6409611320872233,4.8039359316809364e-06,-2.8232193428552628e-05
3.6157231446289257,PASSED,-0.2628342182579781,-9.147795555491513e-07,5.381126636795417e-06,2.640961136877111,4.775804292154015e-06,-2.8064603592499676e-05
3.6167233446689337,PASSED,-0.2628342191700779,-9.094145079394919e-07,5.354328258235421e-06,2.6409611416389147,4.747787569671537e-06,-2.7984801742463816e-05
3.6177235447089418,PASSED,-0.26283422007682555,-9.040756451063253e-07,5.328552549787487e-06,2.6409611463727805,4.719908333258126e-06,-2.7808859527376457e-05
3.6187237447489498,PASSED,-0.26283422097824755,-8.987628697068228e-07,5.3022572993125054e-06,2.6409611510788387,4.692179559645548e-06,-2.7675383002712616e-05
3.6197239447889578,PASSED,-0.26283422187437,-8.934764992574127e-07,5.275779216142077e-06,2.640961155757232,4.664580681174048e-06,-2.7547875450691228e-05
3.6207241448289658,PASSED,-0.2628342227652188,-8.882158268867015e-07,5.250601140423894e-06,2.640961160408094,4.637114438087e-06,-2.741182151128692e-05
3.6217243448689738,PASSED,-0.26283422365081993,-8.829809789461425e-07,5.224345807315815e-06,2.6409611650315563,4.609783154626225e-06,-2.7277591427100487e-05
3.6227245449089818,PASSED,-0.2628342245311991,-8.777721073324012e-07,5.198555484691529e-06,2.6409611696277584,4.582591311031705e-06,-2.713467837280112e-05
3.6237247449489898,PASSED,-0.26283422540638196,-8.725885610950058e-07,5.173540072531313e-06,2.640961174196831,4.555529325435213e-06,-2.7013523745618293e-05
3.6247249449889978,PASSED,-0.2628342262763941,-8.674304492757492e-07,5.147826317073301e-06,2.640961178738908,4.528596899383345e-06,-2.687836092270243e-05
3.625725145029006,PASSED,-0.2628342271412609,-8.622980068418895e-07,5.122186511717265e-06,2.6409611832541255,4.501806948749509e-06,-2.6731010441258683e-05
3.626725345069014,PASSED,-0.2628342280010077,-8.571905727872327e-07,5.097599083283232e-06,2.6409611877426133,4.475145463866083e-06,-2.6615134511538428e-05
3.627725545109022,PASSED,-0.2628342288556597,-8.521081490143168e-07,5.072306899337479e-06,2.6409611922044998,4.4486022719036126e-06,-2.6495230263090973e-05
3.62872574514903,PASSED,-0.26283422970524223,-8.470514672990299e-07,5.0462649259199845e-06,2.6409611966399202,4.4222049739834585e-06,-2.6332009691529403e-05
3.629725945189038,PASSED,-0.26283423054978017,-8.420194422042419e-07,5.022531874033328e-06,2.640961201049007,4.395944434131983e-06,-2.621289329143957e-05
3.630726145229046,PASSED,-0.26283423138929873,-8.370124396227704e-07,4.996649719763639e-06,2.640961205431886,4.369792646273969e-06,-2.611105090239577e-05
3.631726345269054,PASSED,-0.26283423222382274,-8.320305107670655e-07,4.972114946332463e-06,2.6409612097886925,4.343785531394351e-06,-2.5937824197765246e-05
3.632726545309062,PASSED,-0.2628342330533772,-8.270734152608112e-07,4.947082546202034e-06,2.6409612141195535,4.317914297775012e-06,-2.58268399003894e-05
3.63372674534907,PASSED,-0.262834233877987,-8.221410440847166e-07,4.92256359602296e-06,2.640961218424599,4.292153686417387e-06,-2.5716458995782574e-05
3.634726945389078,PASSED,-0.2628342346976768,-8.172335405553933e-07,4.897463484856908e-06,2.6409612227039596,4.266533988173952e-06,-2.555519107520123e-05
3.635727145429086,PASSED,-0.2628342355124715,-8.123507804815412e-07,4.8729577998488165e-06,2.6409612269577627,4.2410494217453e-06,-2.543748333095189e-05
3.636727345469094,PASSED,-0.26283423632239583,-8.074927413314635e-07,4.848093383563678e-06,2.6409612311861412,4.215684117023389e-06,-2.531718564921738e-05
3.637727545509102,PASSED,-0.26283423712747433,-8.026592304456657e-07,4.823789220620452e-06,2.6409612353892205,4.190446533220346e-06,-2.51845159055933e-05
3.63872774554911,PASSED,-0.2628342379277318,-7.978506090162575e-07,4.79850956860008e-06,2.640961239567129,4.165342497396e-06,-2.5050382436849254e-05
3.639727945589118,PASSED,-0.2628342387231929,-7.930665955132551e-07,4.774349459270777e-06,2.640961243719999,4.140371385229776e-06,-2.4918265319140143e-05
3.640728145629126,PASSED,-0.2628342395138822,-7.883069451485329e-07,4.749850968356328e-06,2.640961247847957,4.115521010393182e-06,-2.4805114514896074e-05
3.641728345669134,PASSED,-0.26283424029982433,-7.835723043653755e-07,4.724500659691413e-06,2.640961251951131,4.0907988656059795e-06,-2.4666831635407095e-05
3.642728545709142,PASSED,-0.26283424108104386,-7.788618692041743e-07,4.7010581622078875e-06,2.6409612560296463,4.06620694191811e-06,-2.454198505617706e-05
3.64372874574915,PASSED,-0.26283424185756543,-7.741760678661938e-07,4.675630121828936e-06,2.640961260083639,4.04174922305197e-06,-2.44015414061152e-05
3.644728945789158,PASSED,-0.2628342426294135,-7.695150856317433e-07,4.6512169761981585e-06,2.6409612641132325,4.01741475020889e-06,-2.428976046772281e-05
3.645729145829166,PASSED,-0.26283424339661277,-7.64878462456527e-07,4.626893974561837e-06,2.6409612681185552,3.993203538624233e-06,-2.415884566261383e-05
3.646729345869174,PASSED,-0.26283424415918766,-7.602663676985576e-07,4.602228613574447e-06,2.6409612720997346,3.969126945651679e-06,-2.402175784584659e-05
3.647729545909182,PASSED,-0.26283424491716284,-7.556790023207616e-07,4.577456553943702e-06,2.6409612760569017,3.945181540305853e-06,-2.38945036791453e-05
3.64872974594919,PASSED,-0.26283424567056285,-7.51116017148119e-07,4.553337585108371e-06,2.640961279990183,3.921356813481882e-06,-2.3778208920520134e-05
3.649729945989198,PASSED,-0.2628342464194122,-7.465775845893181e-07,4.528495874596092e-06,2.640961283899707,3.897662539883504e-06,-2.363831671695072e-05
3.650730146029206,PASSED,-0.26283424716373543,-7.420638932021343e-07,4.503821728908948e-06,2.6409612877856,3.874098006592677e-06,-2.351534434007724e-05
3.651730346069214,PASSED,-0.2628342479035572,-7.375746479840758e-07,4.479527544158285e-06,2.6409612916479914,3.85065888383421e-06,-2.3388308370726913e-05
3.652730546109222,PASSED,-0.262834248638902,-7.331098687896734e-07,4.454946961231563e-06,2.6409612954870125,3.827354991692271e-06,-2.3247614656081054e-05
3.65373074614923,PASSED,-0.2628342493697943,-7.286698296409271e-07,4.430100607089408e-06,2.640961299302787,3.80417253577821e-06,-2.313901675271269e-05
3.654730946189238,PASSED,-0.2628342500962588,-7.242541459178172e-07,4.406072467123648e-06,2.6409613030954464,3.7811173236577697e-06,-2.2999342365592217e-05
3.655731146229246,PASSED,-0.26283425081832007,-7.19863105831651e-07,4.381018498861057e-06,2.640961306865116,3.758195278200705e-06,-2.2870514184712887e-05
3.656731346269254,PASSED,-0.26283425153600254,-7.154967935725353e-07,4.356508099285474e-06,2.6409613106119254,3.7353989432056663e-06,-2.2746882201922976e-05
3.657731546309262,PASSED,-0.26283425224933094,-7.1115502201813e-07,4.331947191151957e-06,2.6409613143360042,3.7127307774581273e-06,-2.2615688111282912e-05
3.65873174634927,PASSED,-0.2628342529583297,-7.068375057373373e-07,4.307895673886458e-06,2.6409613180374785,3.6901918676658535e-06,-2.2487724246267644e-05
3.659731946389278,PASSED,-0.26283425366302343,-7.025447249866126e-07,4.282704135283511e-06,2.640961321716477,3.66777947068064e-06,-2.2362178811177223e-05
3.660732146429286,PASSED,-0.2628342543634367,-6.982767283498666e-07,4.258191637720982e-06,2.640961325373131,3.6455007563134436e-06,-2.222307140454246e-05
3.661732346469294,PASSED,-0.262834255059594,-6.940329037525011e-07,4.234246570461887e-06,2.640961329007564,3.6233429026293604e-06,-2.2114375203776806e-05
3.662732546509302,PASSED,-0.2628342557515199,-6.898137666551602e-07,4.209064115260123e-06,2.6409613326199084,3.601315456870537e-06,-2.1969492795520823e-05
3.66373274654931,PASSED,-0.262834256439239,-6.856193737046725e-07,4.184612173972761e-06,2.6409613362102875,3.579417794698346e-06,-2.184977508997084e-05
3.664732946589318,PASSED,-0.26283425712277575,-6.81449150939309e-07,4.160629826290629e-06,2.6409613397788316,3.5576448973937104e-06,-2.1721645447744596e-05
3.665733146629326,PASSED,-0.2628342578021545,-6.773033193838096e-07,4.1359660416386195e-06,2.6409613433256682,3.53600169700122e-06,-2.159090368898766e-05
3.666733346669334,PASSED,-0.26283425847740005,-6.731824997365579e-07,4.110722050993668e-06,2.6409613468509283,3.5144904232461262e-06,-2.1458187132498242e-05
3.667733546709342,PASSED,-0.2628342591485366,-6.690857623709213e-07,4.087414242065168e-06,2.6409613503547353,3.493100380773633e-06,-2.134461269915668e-05
3.66873374674935,PASSED,-0.2628342598155886,-6.650131909962218e-07,4.062676129789159e-06,2.6409613538372185,3.471837534209207e-06,-2.1208335807938664e-05
3.669733946789358,PASSED,-0.26283426047858055,-6.60965582537666e-07,4.037563344400271e-06,2.640961357298505,3.4507087083100264e-06,-2.107581929334154e-05
3.670734146829366,PASSED,-0.26283426113753683,-6.569421747644223e-07,4.013970725806159e-06,2.640961360738724,3.4297045657012055e-06,-2.0956358152473974e-05
3.671734346869374,PASSED,-0.2628342617924817,-6.529426355154029e-07,3.989918264494594e-06,2.6409613641579983,3.408819435965088e-06,-2.0837644125213393e-05
3.672734546909382,PASSED,-0.2628342624434395,-6.489677803834845e-07,3.964813043534295e-06,2.640961367556458,3.388069843602251e-06,-2.069089118791907e-05
3.67373474694939,PASSED,-0.2628342630904344,-6.450172139541252e-07,3.941068686575916e-06,2.640961370934228,3.367446998170363e-06,-2.057748159453402e-05
3.674734946989398,PASSED,-0.26283426373349067,-6.41090523030975e-07,3.917105747533007e-06,2.640961374291439,3.346947961109935e-06,-2.0446740704356842e-05
3.675735147029406,PASSED,-0.26283426437263246,-6.371880468103075e-07,3.892723202757117e-06,2.640961377628211,3.3265713765597583e-06,-2.0329813780722853e-05
3.676735347069414,PASSED,-0.26283426500788387,-6.333098520982914e-07,3.8685090515220664e-06,2.640961380944673,3.3063243279358755e-06,-2.0191871852656856e-05
3.677735547109422,PASSED,-0.2628342656392689,-6.294554849896667e-07,3.844939146693207e-06,2.640961384240949,3.2862029988238603e-06,-2.007430061825424e-05
3.67873574714943,PASSED,-0.26283426626681156,-6.25624876678423e-07,3.821054420943989e-06,2.640961387517163,3.2662002867744246e-06,-1.9954986336889814e-05
3.679735947189438,PASSED,-0.26283426689053574,-6.218184551207723e-07,3.796666315455268e-06,2.640961390773446,3.2463350121883654e-06,-1.9805466752172307e-05
3.680736147229446,PASSED,-0.26283426751046524,-6.180357424520145e-07,3.773410237626292e-06,2.6409613940099175,3.2265879106827942e-06,-1.970819134117006e-05
3.681736347269454,PASSED,-0.26283426812662386,-6.142765936368583e-07,3.7496412001759834e-06,2.6409613972266994,3.206951758201574e-06,-1.9588126574587365e-05
3.682736547309462,PASSED,-0.26283426873903515,-6.105411853365455e-07,3.725919700404124e-06,2.64096140042392,3.187457778151572e-06,-1.9431215700278772e-05
3.68373674734947,PASSED,-0.2628342693477228,-6.068292591826823e-07,3.7025971228357465e-06,2.6409614036016995,3.1680817646493635e-06,-1.9339212036828097e-05
3.684736947389478,PASSED,-0.26283426995271025,-6.031408063204641e-07,3.6790233551398388e-06,2.6409614067601628,3.1488188683622316e-06,-1.921201912066818e-05
3.685737147429486,PASSED,-0.2628342705540209,-5.994757816129105e-07,3.655692275829394e-06,2.6409614098994294,3.129687243116723e-06,-1.9078029328735193e-05
3.686737347469494,PASSED,-0.2628342711516781,-5.958339121844574e-07,3.6326541968689205e-06,2.640961413019623,3.110677007224687e-06,-1.8965040267569558e-05
3.687737547509502,PASSED,-0.262834271745705,-5.922150416246282e-07,3.6096814684691945e-06,2.6409614161208617,3.0917780015287285e-06,-1.8854982648217657e-05
3.68873774754951,PASSED,-0.2628342723361246,-5.886193259429624e-07,3.586405157130222e-06,2.64096141920327,3.073010271549915e-06,-1.8709561532543866e-05
3.689737947589518,PASSED,-0.26283427292295986,-5.850465420395204e-07,3.5637030676497654e-06,2.640961422266966,3.0543608318312094e-06,-1.8609358509480614e-05
3.690738147629526,PASSED,-0.2628342735062338,-5.814965361418826e-07,3.540874450963354e-06,2.6409614253120663,3.035817271871652e-06,-1.849969425960881e-05
3.691738347669534,PASSED,-0.26283427408596893,-5.779691975063544e-07,3.518314758571418e-06,2.640961428338696,3.017410323417399e-06,-1.8345117917348274e-05
3.692738547709542,PASSED,-0.26283427466218795,-5.744643192592064e-07,3.495920572865578e-06,2.6409614313469683,2.999117021276571e-06,-1.8258758289814665e-05
3.69373874774955,PASSED,-0.26283427523491326,-5.709817569071632e-07,3.4736568714948966e-06,2.640961434336996,2.980918680253123e-06,-1.8158062845870768e-05
3.694738947789558,PASSED,-0.2628342758041673,-5.675216545086103e-07,3.4510660832581597e-06,2.6409614373089063,2.9628665214371626e-06,-1.798155612935337e-05
3.695739147829566,PASSED,-0.2628342763699721,-5.640835409065296e-07,3.429478614628956e-06,2.6409614402628065,2.94492143978152e-06,-1.7920765339835284e-05
3.696739347869574,PASSED,-0.26283427693234984,-5.60667443663259e-07,3.4071763290315195e-06,2.6409614431988166,2.927074205903338e-06,-1.779821290374628e-05
3.697739547909582,PASSED,-0.2628342774913223,-5.57273143411287e-07,3.3857162005990276e-06,2.640961446117049,2.9093619117757797e-06,-1.765501494343333e-05
3.69873974794959,PASSED,-0.2628342780469114,-5.539006012566964e-07,3.363759457251828e-06,2.6409614490176168,2.891756264741081e-06,-1.757273509554205e-05
3.699739947989598,PASSED,-0.2628342785991386,-5.505494625372401e-07,3.342724894259291e-06,2.640961451900633,2.8742521542445677e-06,-1.7458360763827464e-05
3.700740148029606,PASSED,-0.2628342791480253,-5.472196112388462e-07,3.3212689011504284e-06,2.6409614547662086,2.856872931426548e-06,-1.732646418748109e-05
3.701740348069614,PASSED,-0.26283427969359285,-5.439110765790537e-07,3.3000451655538765e-06,2.640961457614458,2.839606373317838e-06,-1.722662072286217e-05
3.702740548109622,PASSED,-0.26283428023586236,-5.406236031514945e-07,3.2790922688959834e-06,2.640961460445487,2.8224327326672083e-06,-1.713832060247522e-05
3.70374074814963,PASSED,-0.26283428077485477,-5.373569106972501e-07,3.258425911143389e-06,2.6409614632594094,2.805382569621694e-06,-1.6991391340873285e-05
3.704740948189638,PASSED,-0.2628342813105909,-5.341109867951283e-07,3.237589229440736e-06,2.6409614660563308,2.7884424502903094e-06,-1.6905937991725705e-05
3.705741148229646,PASSED,-0.2628342818430912,-5.308855649702331e-07,3.217310221864988e-06,2.6409614688363594,2.7715957770162686e-06,-1.680716346225112e-05
3.706741348269654,PASSED,-0.2628342823723762,-5.276804180696147e-07,3.197038019787285e-06,2.6409614715996024,2.754864237250256e-06,-1.6681123968520675e-05
3.707741548309662,PASSED,-0.2628342828984663,-5.24495538294325e-07,3.1767742789580517e-06,2.6409614743461627,2.738237650396324e-06,-1.6590228777539466e-05
3.70874174834967,PASSED,-0.2628342834213813,-5.213305122981159e-07,3.157193807709847e-06,2.6409614770761505,2.7217147392240838e-06,-1.6478032768707748e-05
3.709741948389678,PASSED,-0.26283428394114133,-5.181853196693389e-07,3.137191842821915e-06,2.6409614797896657,2.7052955876456944e-06,-1.637989745151029e-05
3.710742148429686,PASSED,-0.2628342844577659,-5.150597896480503e-07,3.1177554735997817e-06,2.6409614824868126,2.6889770919869145e-06,-1.6277561130292768e-05
3.711742348469694,PASSED,-0.2628342849712748,-5.119539525372721e-07,3.097891535563746e-06,2.6409614851676917,2.6727606085302357e-06,-1.6175765007602635e-05
3.712742548509702,PASSED,-0.2628342854816872,-5.088669872681938e-07,3.079681091421408e-06,2.640961487832403,2.656641597168308e-06,-1.6081175598144353e-05
3.71374274854971,PASSED,-0.2628342859890222,-5.057990033259673e-07,3.060185842763364e-06,2.6409614904810526,2.640633586979245e-06,-1.5959233249675035e-05
3.714742948589718,PASSED,-0.262834286493299,-5.027505432909661e-07,3.0406428298263065e-06,2.6409614931137337,2.624715164255723e-06,-1.589121570608647e-05
3.715743148629726,PASSED,-0.26283428699453615,-4.997203112319051e-07,3.0232915452176456e-06,2.6409614957305467,2.6088883299461947e-06,-1.5783913378489454e-05
3.716743348669734,PASSED,-0.2628342874927524,-4.967083296791891e-07,3.0044415577148868e-06,2.6409614983315874,2.593169821634829e-06,-1.5674904933282998e-05
3.717743548709742,PASSED,-0.26283428798796615,-4.937152340617719e-07,2.985531657218692e-06,2.640961500916954,2.577545935833871e-06,-1.5589873046074002e-05
3.71874374874975,PASSED,-0.2628342884801955,-4.907400207639477e-07,2.9683343915611847e-06,2.6409615034867384,2.5620064148993084e-06,-1.5505952860221405e-05
3.719743948789758,PASSED,-0.2628342889694587,-4.877826898050445e-07,2.9499953371313723e-06,2.640961506041037,2.5465672617930486e-06,-1.5394619936951965e-05
3.720744148829766,PASSED,-0.26283428945577336,-4.84843020033898e-07,2.932786060489641e-06,2.6409615085799443,2.5312280856573845e-06,-1.5302213601472227e-05
3.721744348869774,PASSED,-0.26283428993915736,-4.819212464347997e-07,2.914431958170727e-06,2.640961511103551,2.515970389936303e-06,-1.5228017134154356e-05
3.722744548909782,PASSED,-0.262834290419628,-4.790167172854939e-07,2.897927276729053e-06,2.6409615136119493,2.5008043462654073e-06,-1.5124728028722995e-05
3.72374474894979,PASSED,-0.26283429089720267,-4.7612907456220604e-07,2.880786354327037e-06,2.640961516105225,2.4857298853424906e-06,-1.5040949519045865e-05
3.724744948989798,PASSED,-0.26283429137189845,-4.732588690268284e-07,2.863151656078025e-06,2.640961518583473,2.470746346722345e-06,-1.4945264687544833e-05
3.725745149029806,PASSED,-0.2628342918437322,-4.7040533335004584e-07,2.8471250239189757e-06,2.640961521046779,2.4558491606821507e-06,-1.4865133608627643e-05
3.726745349069814,PASSED,-0.26283429231272076,-4.675683150209452e-07,2.83028053255512e-06,2.640961523495231,2.441037462814382e-06,-1.4776074040529559e-05
3.727745549109822,PASSED,-0.2628342927788806,-4.647479335223082e-07,2.813782142691611e-06,2.640961525928916,2.42631376542678e-06,-1.4688779618984263e-05
3.72874574914983,PASSED,-0.26283429324222807,-4.61943749796222e-07,2.7977847816826474e-06,2.6409615283479173,2.4116725087343415e-06,-1.4609574741408092e-05
3.729745949189838,PASSED,-0.2628342937027794,-4.591555011509384e-07,2.781891221017576e-06,2.640961530752321,2.397116367328627e-06,-1.4520519181919224e-05
3.730746149229846,PASSED,-0.2628342941605506,-4.5638359578841623e-07,2.7652481235252184e-06,2.6409615331422116,2.382647016406335e-06,-1.4435238749207131e-05
3.731746349269854,PASSED,-0.26283429461555763,-4.536273457342831e-07,2.7502513412051096e-06,2.640961535517668,2.368252172947685e-06,-1.4367913264945406e-05
3.732746549309862,PASSED,-0.26283429506781597,-4.508862177230385e-07,2.735045791270897e-06,2.6409615378787765,2.353944191756093e-06,-1.4268026476023618e-05
3.73374674934987,PASSED,-0.2628342955173413,-4.481610474641271e-07,2.718586570671834e-06,2.6409615402256152,2.3397190452087167e-06,-1.4196559928277852e-05
3.734746949389878,PASSED,-0.2628342959641488,-4.454510294858833e-07,2.704305583291835e-06,2.6409615425582684,2.325570899712317e-06,-1.4115869208481209e-05
3.735747149429886,PASSED,-0.26283429640825373,-4.427558461284237e-07,2.68910187357149e-06,2.6409615448768107,2.3114984600076853e-06,-1.4043486702065187e-05
3.736747349469894,PASSED,-0.26283429684967113,-4.400758908563114e-07,2.673857537806037e-06,2.640961547181322,2.2975055171235216e-06,-1.395924700556218e-05
3.737747549509902,PASSED,-0.26283429728841584,-4.3741056698789875e-07,2.659634755483761e-06,2.64096154947188,2.283594560687487e-06,-1.3878762723016774e-05
3.73874774954991,PASSED,-0.2628342977245025,-4.3475977341097936e-07,2.6448994578765227e-06,2.6409615517485605,2.269753715862797e-06,-1.3815566225805672e-05
3.739747949589918,PASSED,-0.2628342981579458,-4.321237263881109e-07,2.630145399529701e-06,2.6409615540114393,2.255986697587463e-06,-1.3734652975019608e-05
3.740748149629926,PASSED,-0.26283429858876,-4.295019140898256e-07,2.616256897455613e-06,2.6409615562605957,2.2423078247915363e-06,-1.3641686009864319e-05
3.741748349669934,PASSED,-0.26283429901695937,-4.2689392513538946e-07,2.602476992423208e-06,2.6409615584960995,2.2286914681349873e-06,-1.3599470421005001e-05
3.742748549709942,PASSED,-0.2628342994425581,-4.2430051969406476e-07,2.5873577405924195e-06,2.6409615607180257,2.215143482382651e-06,-1.3513662639891016e-05
3.74374874974995,PASSED,-0.2628342998655702,-4.2172095594988256e-07,2.574367746575449e-06,2.640961562926449,2.2016839407913196e-06,-1.3423460892291586e-05
3.744748949789958,PASSED,-0.2628343002860094,-4.191547027397385e-07,2.560843519189844e-06,2.6409615651214375,2.188284725126379e-06,-1.3383052180040445e-05
3.745749149829966,PASSED,-0.2628343007038895,-4.1660254993542543e-07,2.5463589943951807e-06,2.640961567303069,2.1749584355398044e-06,-1.3288447857596693e-05
3.746749349869974,PASSED,-0.262834301119224,-4.140638560710795e-07,2.5335837776463104e-06,2.6409615694714077,2.161706722003969e-06,-1.322722398799439e-05
3.747749549909982,PASSED,-0.2628343015320265,-4.115384173482149e-07,2.5200086863435294e-06,2.640961571626528,2.148519418498831e-06,-1.3160689849899575e-05
3.74874974994999,PASSED,-0.2628343019423103,-4.090263856960864e-07,2.5067136293184508e-06,2.6409615737684997,2.1354069271481695e-06,-1.308035901783578e-05
3.749749949989998,PASSED,-0.2628343023500886,-4.06527521851442e-07,2.4936306548616576e-06,2.6409615758973906,2.122362874060326e-06,-1.3019849134514932e-05
3.7507501500300062,PASSED,-0.26283430275537445,-4.0404160680515454e-07,2.4807713072380068e-06,2.6409615780132696,2.1093825278590883e-06,-1.2954010912386334e-05
3.7517503500700142,PASSED,-0.262834303158181,-4.01568784180029e-07,2.467523503717187e-06,2.640961580116205,2.0964734330030263e-06,-1.2879150818512692e-05
3.7527505501100222,PASSED,-0.2628343035585211,-3.9910885474721054e-07,2.4548667188859886e-06,2.640961582206266,2.0836350225251253e-06,-1.2811250250826366e-05
3.7537507501500302,PASSED,-0.2628343039564076,-3.966615149503622e-07,2.4423218488232444e-06,2.640961584283512,2.070848228108973e-06,-1.2770490526369101e-05
3.7547509501900382,PASSED,-0.2628343043518532,-3.942269620191684e-07,2.429373652774176e-06,2.6409615863480194,2.0581438006099445e-06,-1.266038548080143e-05
3.755751150230046,PASSED,-0.2628343047448705,-3.9180511021226737e-07,2.41683724298563e-06,2.640961588399845,2.045502008104231e-06,-1.2629397188988304e-05
3.756751350270054,PASSED,-0.26283430513547207,-3.893954913095301e-07,2.404806675904991e-06,2.6409615904390638,2.0329194857813874e-06,-1.255127241208069e-05
3.757751550310062,PASSED,-0.2628343055236704,-3.8699840796397035e-07,2.3919344586629534e-06,2.6409615924657333,2.0204064745833945e-06,-1.2487503721934545e-05
3.75875175035007,PASSED,-0.2628343059094778,-3.8461385912702135e-07,2.3796250891398167e-06,2.6409615944799203,2.0079557006299074e-06,-1.2426287441189085e-05
3.759751950390078,PASSED,-0.2628343062929066,-3.8224139484479285e-07,2.3676904109542995e-06,2.6409615964816897,1.995569179465203e-06,-1.2360010313714675e-05
3.760752150430086,PASSED,-0.26283430667396906,-3.798811067551564e-07,2.3553532087578294e-06,2.6409615984711063,1.9832507089629304e-06,-1.2290777294644136e-05
3.761752350470094,PASSED,-0.26283430705267735,-3.7753297457210035e-07,2.3433181659215136e-06,2.6409616004482324,1.9709899218391988e-06,-1.2240793676456394e-05
3.762752550510102,PASSED,-0.2628343074290435,-3.751969587864545e-07,2.3311475321287436e-06,2.6409616024131277,1.9587873909549517e-06,-1.2177022356107058e-05
3.76375275055011,PASSED,-0.2628343078030797,-3.728728826479159e-07,2.3193618761451166e-06,2.6409616043658617,1.946662106120485e-06,-1.209079315337327e-05
3.764752950590118,PASSED,-0.2628343081747978,-3.705608359235492e-07,2.3071699565144086e-06,2.640961606306492,1.9345927480656167e-06,-1.2055067989197967e-05
3.765753150630126,PASSED,-0.2628343085442098,-3.682607002917655e-07,2.295446081963242e-06,2.6409616082350853,1.922578889391872e-06,-1.1986385796775311e-05
3.766753350670134,PASSED,-0.26283430891132753,-3.6597229534565726e-07,2.283710855538297e-06,2.6409616101516997,1.910635557791717e-06,-1.1914628802408249e-05
3.767753550710142,PASSED,-0.26283430927616286,-3.636958256738935e-07,2.2716422159141246e-06,2.6409616120563992,1.8987524159782263e-06,-1.1862150487546033e-05
3.76875375075015,PASSED,-0.26283430963872767,-3.6143133117219744e-07,2.259729358883971e-06,2.640961613949243,1.886923130095604e-06,-1.1807376146006587e-05
3.769753950790158,PASSED,-0.26283430999903357,-3.591781874079975e-07,2.2487533677439134e-06,2.640961615830295,1.8751642661633808e-06,-1.172652245636737e-05
3.770754150830166,PASSED,-0.26283431035709237,-3.5693689686945437e-07,2.236315319075977e-06,2.6409616176996145,1.8634648187445918e-06,-1.1681397393736784e-05
3.771754350870174,PASSED,-0.2628343107129158,-3.5470750122869966e-07,2.224782521873816e-06,2.6409616195572654,1.8518239873666781e-06,-1.1613787367365062e-05
3.772754550910182,PASSED,-0.2628343110665154,-3.524895098841403e-07,2.2134638930163794e-06,2.640961621403305,1.8402443589020155e-06,-1.1556855862860793e-05
3.77375475095019,PASSED,-0.26283431141790287,-3.5028302469497523e-07,2.2018327199308613e-06,2.640961623237795,1.8287234757469798e-06,-1.1496901349818601e-05
3.774754950990198,PASSED,-0.2628343117670898,-3.4808839840921914e-07,2.189821996306249e-06,2.640961625060799,1.817269208805067e-06,-1.1425844003308989e-05
3.775755151030206,PASSED,-0.26283431211408786,-3.459053569892467e-07,2.178521035749807e-06,2.640961626872374,1.805871905015175e-06,-1.1378276980947486e-05
3.776755351070214,PASSED,-0.26283431245890854,-3.437336027432322e-07,2.167243052857614e-06,2.6409616286725823,1.7945313216713693e-06,-1.1315454252377867e-05
3.777755551110222,PASSED,-0.26283431280156333,-3.415735485665857e-07,2.1552615925057256e-06,2.6409616304614834,1.7832564834129526e-06,-1.1247760929109142e-05
3.77875575115023,PASSED,-0.26283431314206385,-3.3942519621629225e-07,2.143746188818619e-06,2.6409616322391343,1.7720357420112357e-06,-1.1202728383455673e-05
3.779755951190238,PASSED,-0.26283431348042163,-3.372880587876268e-07,2.1327315885633965e-06,2.640961634005603,1.7608843943435158e-06,-1.1117093857229335e-05
3.780756151230246,PASSED,-0.2628343138166481,-3.3516244465816166e-07,2.120869156732904e-06,2.6409616357609442,1.7497903979705591e-06,-1.1078598050108637e-05
3.781756351270254,PASSED,-0.2628343141507548,-3.330484875994716e-07,2.10934899332828e-06,2.640961637505218,1.738745210769988e-06,-1.1022913300879382e-05
3.782756551310262,PASSED,-0.26283431448275324,-3.3094609288921873e-07,2.097758521535979e-06,2.6409616392384807,1.7277662377603004e-06,-1.0949679482226379e-05
3.78375675135027,PASSED,-0.26283431481265496,-3.288550918621009e-07,2.0864960308390523e-06,2.640961640960802,1.7168612468759217e-06,-1.0875198485813414e-05
3.784756951390278,PASSED,-0.2628343151404713,-3.267753279226023e-07,2.0752758786049046e-06,2.640961642672236,1.706001694355613e-06,-1.0849121876638836e-05
3.785757151430286,PASSED,-0.26283431546621383,-3.2470730772294116e-07,2.063183080365339e-06,2.6409616443728434,1.6951978634974837e-06,-1.0773636845789703e-05
3.786757351470294,PASSED,-0.262834315789894,-3.226508014320592e-07,2.0520550978930153e-06,2.640961646062682,1.6844647882625765e-06,-1.0706034160985547e-05
3.787757551510302,PASSED,-0.26283431611152336,-3.2060551154461135e-07,2.0407797471511275e-06,2.6409616477418156,1.673791844482068e-06,-1.0650883526857043e-05
3.78875775155031,PASSED,-0.2628343164311132,-3.185718009309405e-07,2.028997858017328e-06,2.6409616494102996,1.6631667477195515e-06,-1.0607905586289925e-05
3.789757951590318,PASSED,-0.26283431674867513,-3.165496866706741e-07,2.0175251950991e-06,2.6409616510681984,1.6526119579739235e-06,-1.0519379185187083e-05
3.790758151630326,PASSED,-0.26283431706422056,-3.1453899277736523e-07,2.0061396921154296e-06,2.6409616527155686,1.6421194857874725e-06,-1.0474534187293468e-05
3.791758351670334,PASSED,-0.2628343173777611,-3.1253968244152956e-07,1.994757431649104e-06,2.6409616543524708,1.6316754369577764e-06,-1.0423725257964484e-05
3.792758551710342,PASSED,-0.2628343176893081,-3.105520030382757e-07,1.9829607176569736e-06,2.6409616559789684,1.6213032828492997e-06,-1.0337773342151435e-05
3.79375875175035,PASSED,-0.2628343179988731,-3.0857565974907047e-07,1.9719316702374712e-06,2.6409616575951147,1.6109843181098566e-06,-1.0306425670970825e-05
3.794758951790358,PASSED,-0.2628343183064675,-3.0661070473633133e-07,1.9603039077402615e-06,2.6409616592009755,1.6007224943392658e-06,-1.0232089170337541e-05
3.795759151830366,PASSED,-0.2628343186121028,-3.046575056952884e-07,1.9484624632446167e-06,2.640961660796609,1.5905298740136326e-06,-1.0166307762497003e-05
3.796759351870374,PASSED,-0.26283431891579057,-3.027156274381659e-07,1.9374887863744214e-06,2.640961662382074,1.580390874437717e-06,-1.0120794118194628e-05
3.797759551910382,PASSED,-0.2628343192175422,-3.007852099762918e-07,1.92570324554052e-06,2.6409616639574307,1.5703090440173206e-06,-1.005585462186421e-05
3.79875975195039,PASSED,-0.2628343195173692,-2.988663064431815e-07,1.9143703914901823e-06,2.6409616655227386,1.5602927641550237e-06,-9.989896689251793e-06
3.799759951990398,PASSED,-0.262834319815283,-2.9695888464347146e-07,1.9027894051899135e-06,2.64096166707806,1.5503375842101501e-06,-9.93203544862157e-06
3.800760152030406,PASSED,-0.26283432011129515,-2.950630265858517e-07,1.891237159239737e-06,2.6409616686234534,1.540438591944762e-06,-9.876963476566e-06
3.801760352070414,PASSED,-0.26283432040541715,-2.9317871409160744e-07,1.8796960509139162e-06,2.6409616701589775,1.5305975874476017e-06,-9.817031844223108e-06
3.802760552110422,PASSED,-0.2628343206976604,-2.9130558825473787e-07,1.8687456941733726e-06,2.6409616716846966,1.5208252260911424e-06,-9.742581031283719e-06
3.80376075215043,PASSED,-0.2628343209880364,-2.8944401044552574e-07,1.856799219238004e-06,2.640961673200663,1.5111016776755874e-06,-9.710860005069434e-06
3.804760952190438,PASSED,-0.26283432127655665,-2.8759404614563795e-07,1.8454076869876246e-06,2.6409616747069404,1.5014378715633567e-06,-9.63243685033781e-06
3.805761152230446,PASSED,-0.2628343215632325,-2.8575531055200424e-07,1.8342875313977653e-06,2.640961676203594,1.4918525006406971e-06,-9.553993637541089e-06
3.806761352270454,PASSED,-0.26283432184807554,-2.839282623532076e-07,1.8222219770625374e-06,2.6409616776906755,1.4823083117639125e-06,-9.537652369613393e-06
3.807761552310462,PASSED,-0.2628343221310971,-2.8211263604642096e-07,1.8112291932693233e-06,2.640961679168248,1.472820449789497e-06,-9.45466837761665e-06
3.80876175235047,PASSED,-0.26283432241230864,-2.803081785906574e-07,1.7999429640930763e-06,2.6409616806363707,1.4634099010182968e-06,-9.381135700255902e-06
3.809761952390478,PASSED,-0.2628343226917217,-2.785154176891345e-07,1.7879728598095208e-06,2.6409616820951065,1.4540542560334604e-06,-9.33865117455651e-06
3.810762152430486,PASSED,-0.26283432296934744,-2.7673385569213394e-07,1.777288088461232e-06,2.6409616835445076,1.4447392017757294e-06,-9.299322979847106e-06
3.811762352470494,PASSED,-0.2628343232451975,-2.7496376918563805e-07,1.7652854518523442e-06,2.640961684984641,1.4355053137385487e-06,-9.19026474206958e-06
3.812762552510502,PASSED,-0.262834323519283,-2.732050065008608e-07,1.7544141733938474e-06,2.640961686415561,1.4263300864439711e-06,-9.165202329583309e-06
3.81376275255051,PASSED,-0.2628343237916155,-2.7145760553494304e-07,1.74272549426705e-06,2.6409616878373288,1.4171943097145783e-06,-9.116159662599333e-06
3.814762952590518,PASSED,-0.2628343240622062,-2.697215799385138e-07,1.7315589978707114e-06,2.6409616892500054,1.4081374812213814e-06,-9.0172743802619e-06
3.815763152630526,PASSED,-0.26283432433106646,-2.6799668584846884e-07,1.720450818161137e-06,2.640961690653645,1.3991357741538161e-06,-8.991328859101137e-06
3.816763352670534,PASSED,-0.26283432459820755,-2.662831591278991e-07,1.7089106555088214e-06,2.64096169204831,1.390181747675058e-06,-8.929158225196168e-06
3.817763552710542,PASSED,-0.2628343248636407,-2.6458093727722707e-07,1.6977626474475095e-06,2.640961693434059,1.3812997339598455e-06,-8.850584041890525e-06
3.81876375275055,PASSED,-0.2628343251273772,-2.628898229279592e-07,1.686682150481426e-06,2.640961694810948,1.3724707785368055e-06,-8.814536343806274e-06
3.819763952790558,PASSED,-0.2628343253894281,-2.6120966156123284e-07,1.6758141775563192e-06,2.6409616961790423,1.3637027428422696e-06,-8.737035261689035e-06
3.820764152830566,PASSED,-0.26283432564980463,-2.595409493502438e-07,1.663977566610853e-06,2.640961697538391,1.3549870334752014e-06,-8.701492103987983e-06
3.821764352870574,PASSED,-0.2628343259085179,-2.578834810213308e-07,1.6531288371144341e-06,2.6409616988890585,1.3463314696259034e-06,-8.624945012838313e-06
3.822764552910582,PASSED,-0.262834326165579,-2.5623653570012583e-07,1.642822977265368e-06,2.6409617002310983,1.3377373714095363e-06,-8.57353368538641e-06
3.82376475295059,PASSED,-0.2628343264209989,-2.5460075175328555e-07,1.6310912598901968e-06,2.6409617015645708,1.329196042573172e-06,-8.519858937016133e-06
3.824764952990598,PASSED,-0.2628343266747886,-2.5297644162509474e-07,1.6197893737245795e-06,2.640961702889532,1.3207143518508793e-06,-8.456245245810134e-06
3.825765153030606,PASSED,-0.2628343269269592,-2.5136265910860895e-07,1.6097779449932853e-06,2.640961704206042,1.3122943758089446e-06,-8.395796572684315e-06
3.826765353070614,PASSED,-0.26283432717752137,-2.497593695631601e-07,1.5989639457524533e-06,2.6409617055141523,1.3039199121740955e-06,-8.360241676292505e-06
3.827765553110622,PASSED,-0.2628343274264861,-2.481675774150254e-07,1.5870109497229005e-06,2.640961706813926,1.2956096541969716e-06,-8.276935511011529e-06
3.82876575315063,PASSED,-0.26283432767386405,-2.4658631505676075e-07,1.5774299639591885e-06,2.6409617081054133,1.2873565041483497e-06,-8.237293073695303e-06
3.829765953190638,PASSED,-0.2628343279196661,-2.450155617005146e-07,1.56630228443739e-06,2.640961709388674,1.2791533840643718e-06,-8.180338090832938e-06
3.830766153230646,PASSED,-0.2628343281639029,-2.4345577862041973e-07,1.5554369438665512e-06,2.640961710663762,1.2710106588563328e-06,-8.11764995284265e-06
3.831766353270654,PASSED,-0.2628343284065849,-2.419062532769305e-07,1.5455842765710599e-06,2.640961711930734,1.2629225626341311e-06,-8.068393735107663e-06
3.832766553310662,PASSED,-0.2628343286477229,-2.4036744356362156e-07,1.5342933378007745e-06,2.6409617131896463,1.2548895540448433e-06,-8.009418492074462e-06
3.83376675335067,PASSED,-0.2628343288873273,-2.388392460961262e-07,1.5241335539584724e-06,2.6409617144405493,1.2469067904447763e-06,-7.964993672061565e-06
3.834766953390678,PASSED,-0.2628343291254084,-2.3732107268567678e-07,1.5141999814433028e-06,2.6409617156835004,1.2389825948750967e-06,-7.89699683475827e-06
3.835767153430686,PASSED,-0.26283432936197676,-2.3581353100592917e-07,1.5031028119504607e-06,2.6409617169185564,1.2311182610378984e-06,-7.8425585054916e-06
3.836767353470694,PASSED,-0.26283432959704256,-2.3431611909766586e-07,1.4936179724718608e-06,2.640961718145765,1.2232928027680958e-06,-7.814058112676646e-06
3.837767553510702,PASSED,-0.262834329830616,-2.328286243783637e-07,1.4834125505223562e-06,2.640961719365184,1.2155284928598524e-06,-7.731144438621192e-06
3.83876775355071,PASSED,-0.26283433006270734,-2.3135176276126626e-07,1.472494328147483e-06,2.6409617205768647,1.2078231715017717e-06,-7.688105971053564e-06
3.839767953590718,PASSED,-0.2628343302933266,-2.2988478531510596e-07,1.4632995248355188e-06,2.640961721780861,1.2001610037065282e-06,-7.644875678036745e-06
3.840768153630726,PASSED,-0.26283433052248373,-2.2842748663508243e-07,1.4532981168155433e-06,2.6409617229772233,1.1925508980657355e-06,-7.586925615963795e-06
3.841768353670734,PASSED,-0.2628343307501887,-2.2698041830942732e-07,1.4429151315481622e-06,2.640961724166003,1.1849976454616428e-06,-7.530803929511734e-06
3.842768553710742,PASSED,-0.2628343309764513,-2.2554287207974763e-07,1.4339669617673713e-06,2.6409617253472546,1.1774959106756533e-06,-7.48235535697458e-06
3.84376875375075,PASSED,-0.2628343312012813,-2.2411509591859383e-07,1.4236489607448e-06,2.640961726521027,1.170039979270991e-06,-7.438315436454383e-06
3.844768953790758,PASSED,-0.2628343314246884,-2.22697133557448e-07,1.4141712947465215e-06,2.6409617276873694,1.1626341713350647e-06,-7.384136268907347e-06
3.845769153830766,PASSED,-0.2628343316466822,-2.2128849003095177e-07,1.4049583476627538e-06,2.6409617288463347,1.1552849166731897e-06,-7.326000257186896e-06
3.846769353870774,PASSED,-0.2628343318672721,-2.1988940611742646e-07,1.3951676241002826e-06,2.640961729997969,1.1479773623298637e-06,-7.295257067418451e-06
3.847769553910782,PASSED,-0.2628343320864676,-2.1849977517404985e-07,1.3859398228941747e-06,2.6409617311423252,1.1407214837844938e-06,-7.229626197337883e-06
3.84876975395079,PASSED,-0.2628343323042781,-2.1711930700560852e-07,1.3768203988061193e-06,2.6409617322794507,1.133520051317883e-06,-7.182636646125992e-06
3.849769953990798,PASSED,-0.26283433252071264,-2.1574785405169382e-07,1.367874657320436e-06,2.6409617334093927,1.1263571169673948e-06,-7.149799486729613e-06
3.850770154030806,PASSED,-0.2628343327357806,-2.143859922658068e-07,1.357853204931418e-06,2.640961734532198,1.1192415167316036e-06,-7.092800735165756e-06
3.851770354070814,PASSED,-0.26283433294949093,-2.1303291850788465e-07,1.3498874599159276e-06,2.6409617356479176,1.1121850519134748e-06,-7.032240873437136e-06
3.852770554110822,PASSED,-0.26283433316185256,-2.1168852950277043e-07,1.340723368579739e-06,2.640961736756597,1.1051688519943781e-06,-7.005505949536745e-06
3.85377075415083,PASSED,-0.26283433337287443,-2.1035332845820766e-07,1.3315194952180968e-06,2.6409617378582793,1.098187077183148e-06,-6.965954052359375e-06
3.854770954190838,PASSED,-0.2628343335825653,-2.0902674724889295e-07,1.323289018712446e-06,2.6409617389530133,1.0912659318925695e-06,-6.891272782724514e-06
3.855771154230846,PASSED,-0.2628343337909339,-2.0770866925633265e-07,1.314603975125519e-06,2.6409617400408445,1.0843914142292452e-06,-6.863347583724232e-06
3.856771354270854,PASSED,-0.2628343339979888,-2.0639926346516423e-07,1.3059403351970154e-06,2.640961741121819,1.077550285548054e-06,-6.826316079502453e-06
3.857771554310862,PASSED,-0.2628343342037385,-2.050983947388911e-07,1.2974876536572271e-06,2.6409617421959792,1.070757995210875e-06,-6.769606508963217e-06
3.85877175435087,PASSED,-0.2628343344081914,-2.0380578945886776e-07,1.2893503642673997e-06,2.6409617432633667,1.0640091859049781e-06,-6.734944503852685e-06
3.859771954390878,PASSED,-0.26283433461135586,-2.0252147371633212e-07,1.2809593280477677e-06,2.640961744324028,1.0573030760270997e-06,-6.686886793895716e-06
3.860772154430886,PASSED,-0.26283433481324014,-2.0124540903433374e-07,1.2728015846321421e-06,2.640961745378007,1.050645485532737e-06,-6.638059628006983e-06
3.861772354470894,PASSED,-0.26283433501385234,-1.9997738644972049e-07,1.2648365846006652e-06,2.6409617464253428,1.0440212585180476e-06,-6.615005272477782e-06
3.862772554510902,PASSED,-0.26283433521320043,-1.9871728092562908e-07,1.2569514837518744e-06,2.6409617474660827,1.0374450049467459e-06,-6.5504191038510804e-06
3.86377275455091,PASSED,-0.26283433541129253,-1.9746527069128138e-07,1.2487160680782564e-06,2.640961748500263,1.0309102329427091e-06,-6.524340604160444e-06
3.864772954590918,PASSED,-0.2628343356081363,-1.962207875269207e-07,1.2416612285489693e-06,2.640961749527926,1.0244078181180066e-06,-6.487797638397164e-06
3.865773154630926,PASSED,-0.26283433580373966,-1.9498424993906477e-07,1.2331218273939239e-06,2.640961750549116,1.017958980089215e-06,-6.422864955721507e-06
3.866773354670934,PASSED,-0.2628343359981102,-1.9375538437222934e-07,1.2260280597964617e-06,2.6409617515638684,1.0115425705324276e-06,-6.412105957497836e-06
3.867773554710942,PASSED,-0.2628343361912556,-1.9253383172274292e-07,1.2185690426130088e-06,2.640961752572223,1.0051579666840624e-06,-6.366269108943211e-06
3.86877375475095,PASSED,-0.2628343363831834,-1.9131997263979652e-07,1.2107191098353512e-06,2.6409617535742216,9.98826611013063e-07,-6.308080045703194e-06
3.869773954790958,PASSED,-0.2628343365739007,-1.9011336949450704e-07,1.2038591689255605e-06,2.6409617545699016,9.925290033403898e-07,-6.2906260906533e-06
3.870774154830966,PASSED,-0.26283433676341517,-1.8891399504943205e-07,1.1963846291746215e-06,2.6409617555593012,9.8626216882207e-07,-6.250973470097505e-06
3.871774354870974,PASSED,-0.26283433695173397,-1.8772205387658807e-07,1.1889788686235382e-06,2.640961756542459,9.800421929766335e-07,-6.199310762329235e-06
3.872774554910982,PASSED,-0.2628343371388641,-1.865369365312179e-07,1.1825429965345996e-06,2.640961757519411,9.738572985311805e-07,-6.1752835675354995e-06
3.87377475495099,PASSED,-0.2628343373248129,-1.853589802383918e-07,1.1748984903537686e-06,2.640961758490193,9.676999228026448e-07,-6.145437169202642e-06
3.874774954990998,PASSED,-0.26283433750958707,-1.8418803005342264e-07,1.1683179813793905e-06,2.6409617594548456,9.615915913267062e-07,-6.08359434709599e-06
3.8757751550310062,PASSED,-0.2628343376931937,-1.8302381797388927e-07,1.1614748116360453e-06,2.640961760413401,9.55516693267254e-07,-6.069100534356157e-06
3.8767753550710142,PASSED,-0.2628343378756395,-1.8186636097487955e-07,1.1547784572588169e-06,2.6409617613658978,9.494694045587489e-07,-6.032747491271102e-06
3.8777755551110222,PASSED,-0.26283433805693124,-1.8071580390146195e-07,1.1477428175234596e-06,2.64096176231237,9.434645637319126e-07,-5.986236383879824e-06
3.8787757551510302,PASSED,-0.2628343382370757,-1.7957176660217432e-07,1.141566953797074e-06,2.640961763252851,9.374926852146811e-07,-5.9623066061326895e-06
3.8797759551910382,PASSED,-0.26283433841607934,-1.7843425682394944e-07,1.134804994510081e-06,2.6409617641873773,9.315521310352503e-07,-5.926052561629498e-06
3.8807761552310462,PASSED,-0.26283433859394884,-1.7730332205144522e-07,1.128354624500312e-06,2.6409617651159834,9.256516486236461e-07,-5.8834356449208125e-06
3.8817763552710542,PASSED,-0.26283433877069046,-1.7617865324824542e-07,1.1222115889994516e-06,2.6409617660386973,9.19774489526774e-07,-5.872974731506342e-06
3.8827765553110622,PASSED,-0.2628343389463107,-1.7506049734708518e-07,1.1154521092674722e-06,2.6409617669555594,9.13937107387696e-07,-5.813653744125884e-06
3.8837767553510703,PASSED,-0.26283433912081583,-1.7394851485431656e-07,1.10966941510276e-06,2.640961767866601,9.081400435193372e-07,-5.786003951180458e-06
3.8847769553910783,PASSED,-0.2628343392942121,-1.728427368866849e-07,1.10318366931758e-06,2.6409617687718523,9.02359662133207e-07,-5.776633009429924e-06
3.8857771554310863,PASSED,-0.26283433946650575,-1.7174330282413742e-07,1.0969343247007085e-06,2.640961769671345,8.966150687076068e-07,-5.7232337030469846e-06
3.8867773554710943,PASSED,-0.26283433963770286,-1.70649773000407e-07,1.0912601564168524e-06,2.6409617705651147,8.909157970618977e-07,-5.6832969408173205e-06
3.8877775555111023,PASSED,-0.2628343398078095,-1.6956229235314862e-07,1.0849609744860638e-06,2.640961771453192,8.852368340567491e-07,-5.676073714702706e-06
3.8887777555511103,PASSED,-0.26283433997683164,-1.6848076606893192e-07,1.0792364907037978e-06,2.6409617723356087,8.795877496936083e-07,-5.631091462099509e-06
3.8897779555911183,PASSED,-0.26283434014477514,-1.6740503735859138e-07,1.073390190098367e-06,2.6409617732123913,8.739722899009475e-07,-5.60503867970167e-06
3.8907781556311263,PASSED,-0.26283434031164604,-1.6633544956416685e-07,1.0670528639752925e-06,2.640961774083576,8.683889967210417e-07,-5.568796180041973e-06
3.8917783556711343,PASSED,-0.26283434047745013,-1.6527168719521145e-07,1.0615687056088039e-06,2.6409617749491905,8.62835618119197e-07,-5.543100216379968e-06
3.8927785557111423,PASSED,-0.26283434064219313,-1.6421320323323898e-07,1.0564274662149273e-06,2.6409617758092656,8.573089380328985e-07,-5.515733332910766e-06
3.8937787557511503,PASSED,-0.26283434080588086,-1.631608722363886e-07,1.0496000172740006e-06,2.6409617766638327,8.518171132896997e-07,-5.475885683390759e-06
3.8947789557911583,PASSED,-0.2628343409685189,-1.621142567683265e-07,1.0446257685874968e-06,2.6409617775129166,8.463480719234086e-07,-5.464478488224847e-06
3.8957791558311663,PASSED,-0.262834341130113,-1.6107293003954478e-07,1.0391273689112197e-06,2.640961778356553,8.409143846316688e-07,-5.413159827416466e-06
3.8967793558711743,PASSED,-0.2628343412906687,-1.6003726071485148e-07,1.033363961881384e-06,2.6409617791947677,8.355111402557497e-07,-5.396634074920915e-06
3.8977795559111823,PASSED,-0.26283434145019163,-1.590073737066845e-07,1.0275690390240152e-06,2.64096178002759,8.301289874923251e-07,-5.37249855576034e-06
3.8987797559511903,PASSED,-0.2628343416086872,-1.5798279905469814e-07,1.0225783939612442e-06,2.6409617808550476,8.247791657236638e-07,-5.334703910595191e-06
3.8997799559911983,PASSED,-0.262834341766161,-1.5696362369557158e-07,1.0169066692367312e-06,2.6409617816771753,8.194675472583815e-07,-5.2962281684069315e-06
3.9007801560312063,PASSED,-0.2628343419226184,-1.5595009273961126e-07,1.0112804804427607e-06,2.6409617824939926,8.141684362402916e-07,-5.301032917878531e-06
3.9017803560712143,PASSED,-0.2628343420780649,-1.5494184273332997e-07,1.0062296901736224e-06,2.6409617833055314,8.088992414666259e-07,-5.2479693441903674e-06
3.9027805561112223,PASSED,-0.2628343422325058,-1.539388076590364e-07,1.000905330373516e-06,2.6409617841118234,8.036764730455539e-07,-5.205967805659745e-06
3.9037807561512303,PASSED,-0.2628343423859465,-1.529413987453599e-07,9.950779692118057e-07,2.640961784912893,7.984643950086573e-07,-5.216151524387744e-06
3.9047809561912383,PASSED,-0.2628343425383923,-1.5194917241056864e-07,9.90325245177578e-07,2.640961785708765,7.932719766173391e-07,-5.176596302605257e-06
3.9057811562312463,PASSED,-0.2628343426898485,-1.509621602689514e-07,9.848034059103407e-07,2.6409617864994748,7.881343575301574e-07,-5.111634276899156e-06
3.9067813562712543,PASSED,-0.2628343428403204,-1.4998058071162926e-07,9.794303249300123e-07,2.640961787285046,7.830109585650487e-07,-5.131242090581884e-06
3.9077815563112623,PASSED,-0.2628343429898133,-1.4900411639601278e-07,9.744869760741132e-07,2.640961788065504,7.778980978206617e-07,-5.100606513590255e-06
3.9087817563512703,PASSED,-0.26283434313833237,-1.4803285310509229e-07,9.69114167484802e-07,2.6409617888408783,7.728372624885058e-07,-5.0343212111997145e-06
3.9097819563912783,PASSED,-0.26283434328588284,-1.4706691292189306e-07,9.638241936755081e-07,2.6409617896111977,7.678016959472883e-07,-5.036396761229505e-06
3.9107821564312863,PASSED,-0.2628343434324699,-1.4610615452528944e-07,9.587145318889773e-07,2.6409617903764833,7.627683416000798e-07,-5.0313260711943625e-06
3.9117823564712944,PASSED,-0.26283434357809876,-1.4515057578454759e-07,9.534882133104552e-07,2.640961791136771,7.577894279961727e-07,-4.9439719590487985e-06
3.9127825565113024,PASSED,-0.2628343437227746,-1.4420011347883248e-07,9.484450339848567e-07,2.640961791892082,7.528359864038532e-07,-4.959754681166482e-06
3.9137827565513104,PASSED,-0.2628343438665026,-1.4325487704325953e-07,9.430973699650088e-07,2.6409617926424436,7.478837523998997e-07,-4.947220219144823e-06
3.9147829565913184,PASSED,-0.26283434400928785,-1.423146303456879e-07,9.383462493093552e-07,2.640961793387881,7.429775268245757e-07,-4.878895812776769e-06
3.9157831566313264,PASSED,-0.2628343441511355,-1.4137963451740696e-07,9.327622142619923e-07,2.640961794128429,7.381137050833411e-07,-4.85377236020659e-06
3.9167833566713344,PASSED,-0.2628343442920507,-1.4044981156894943e-07,9.278634379212376e-07,2.6409617948641047,7.332437504908525e-07,-4.8807427473431295e-06
3.9177835567113424,PASSED,-0.26283434443203857,-1.395249249631028e-07,9.22902051130253e-07,2.640961795594941,7.284120359766037e-07,-4.799029025519366e-06
3.9187837567513504,PASSED,-0.2628343445711042,-1.3860528089736206e-07,9.174720754810702e-07,2.640961796320963,7.236268954533986e-07,-4.775881521662166e-06
3.9197839567913584,PASSED,-0.26283434470925277,-1.376907225285841e-07,9.126158976425791e-07,2.640961797042194,7.188393692435397e-07,-4.7952893353233765e-06
3.9207841568313664,PASSED,-0.26283434484648927,-1.3678114071760154e-07,9.075590865425018e-07,2.6409617977586675,7.140917939005287e-07,-4.715766014802846e-06
3.9217843568713744,PASSED,-0.2628343449828189,-1.3587695203794258e-07,9.019417417365571e-07,2.6409617984704044,7.093795295266577e-07,-4.709929946583035e-06
3.9227845569113824,PASSED,-0.2628343451182467,-1.3497777744175785e-07,8.973298324834983e-07,2.640961799177432,7.046742685216505e-07,-4.702148377289938e-06
3.9237847569513904,PASSED,-0.2628343452527778,-1.34083433012921e-07,8.923541597391139e-07,2.64096179987978,7.000092721652345e-07,-4.640228342500153e-06
3.9247849569913984,PASSED,-0.26283434538641737,-1.3319452530517747e-07,8.866100730798238e-07,2.6409618005774735,6.953757656906536e-07,-4.62902522930126e-06
3.9257851570314064,PASSED,-0.26283434551917034,-1.3231048713975876e-07,8.823235603112611e-07,2.640961801270539,6.907527793291855e-07,-4.618960449579304e-06
3.9267853570714144,PASSED,-0.26283434565104197,-1.314315686446457e-07,8.766484516476081e-07,2.640961801959002,6.861628221824003e-07,-4.570621611589208e-06
3.9277855571114224,PASSED,-0.26283434578203724,-1.305579015468491e-07,8.71679528562574e-07,2.6409618026428885,6.816049994553446e-07,-4.549290137366578e-06
3.9287857571514304,PASSED,-0.2628343459121613,-1.2968926869849459e-07,8.666017282158477e-07,2.640961803322229,6.77070608485673e-07,-4.524458191208313e-06
3.9297859571914384,PASSED,-0.2628343460414193,-1.2882569069469522e-07,8.615621875217364e-07,2.640961803997046,6.725589884465962e-07,-4.503061270989007e-06
3.9307861572314464,PASSED,-0.26283434616981627,-1.2796724914825287e-07,8.563611190560353e-07,2.6409618046673717,6.680836190301691e-07,-4.456908180052643e-06
3.9317863572714544,PASSED,-0.26283434629735736,-1.2711386470482794e-07,8.513999930042038e-07,2.640961805333224,6.636226064602109e-07,-4.463748829895153e-06
3.9327865573114624,PASSED,-0.2628343464240477,-1.2626564778124135e-07,8.460948773081805e-07,2.640961805994638,6.591935530226498e-07,-4.40592317600518e-06
3.9337867573514704,PASSED,-0.2628343465498923,-1.2542253311430357e-07,8.411278600241844e-07,2.640961806651636,6.547983292893774e-07,-4.388090771450481e-06
3.9347869573914784,PASSED,-0.26283434667489636,-1.2458456232950437e-07,8.358660679825889e-07,2.6409618073042473,6.504200528226198e-07,-4.371733596962343e-06
3.9357871574314864,PASSED,-0.26283434679906503,-1.237517112549741e-07,8.308410788953923e-07,2.6409618079524937,6.460669065534249e-07,-4.340754717350049e-06
3.9367873574714944,PASSED,-0.2628343469224033,-1.2292377755548909e-07,8.259954465447307e-07,2.6409618085964075,6.417520733402407e-07,-4.297552210407038e-06
3.9377875575115024,PASSED,-0.2628343470449164,-1.2210129544182686e-07,8.201398917405103e-07,2.640961809236011,6.374552039855909e-07,-4.296414117478393e-06
3.9387877575515104,PASSED,-0.2628343471666094,-1.212837636905321e-07,8.157929909976216e-07,2.640961809871335,6.331842476670481e-07,-4.253984452585815e-06
3.9397879575915185,PASSED,-0.26283434728748756,-1.2047137033328323e-07,8.101269347496998e-07,2.640961810502405,6.289492879613791e-07,-4.2222765410577995e-06
3.9407881576315265,PASSED,-0.2628343474075558,-1.1966412645057816e-07,8.053218480086549e-07,2.640961811129244,6.247287022497636e-07,-4.219458491987232e-06
3.9417883576715345,PASSED,-0.2628343475268193,-1.188618273423082e-07,8.00283948444158e-07,2.6409618117518843,6.20540912691815e-07,-4.1666769352562666e-06
3.9427885577115425,PASSED,-0.26283434764528324,-1.1806497008880831e-07,7.945727902036988e-07,2.640961812370352,6.163903132241365e-07,-4.139881155959989e-06
3.9437887577515505,PASSED,-0.26283434776295284,-1.1727332152273501e-07,7.896990833197053e-07,2.640961812984671,6.122477103580296e-07,-4.144417339538283e-06
3.9447889577915585,PASSED,-0.26283434787983306,-1.1648622615543955e-07,7.853595566126338e-07,2.6409618135948683,6.081357943702061e-07,-4.090248420013796e-06
3.9457891578315665,PASSED,-0.26283434799592914,-1.157046612016182e-07,7.790352186271721e-07,2.64096181420097,6.040622938360468e-07,-4.062335276922883e-06
3.9467893578715745,PASSED,-0.2628343481112461,-1.1492836203739265e-07,7.744751279577914e-07,2.6409618148030063,6.000073758074677e-07,-4.049973196349863e-06
3.9477895579115825,PASSED,-0.2628343482257892,-1.1415679332606278e-07,7.696311002445956e-07,2.6409618154010026,5.95978437421121e-07,-4.0149151796779165e-06
3.9487897579515905,PASSED,-0.2628343483395635,-1.1339062342917973e-07,7.6386242797533e-07,2.6409618159949853,5.91980491177805e-07,-3.986633619074767e-06
3.9497899579915985,PASSED,-0.26283434845257403,-1.1262952266609162e-07,7.592596531633196e-07,2.6409618165849813,5.880065274898308e-07,-3.965517067240542e-06
3.9507901580316065,PASSED,-0.262834348564826,-1.1187338648223524e-07,7.540538709850931e-07,2.6409618171710143,5.840551003861671e-07,-3.942033794612446e-06
3.9517903580716145,PASSED,-0.2628343486763245,-1.1112243764122062e-07,7.488788210342935e-07,2.6409618177531162,5.801394057637584e-07,-3.898135174272996e-06
3.9527905581116225,PASSED,-0.26283434878707457,-1.103766141023007e-07,7.437866841770123e-07,2.6409618183313106,5.762474804254596e-07,-3.887785447649142e-06
3.9537907581516305,PASSED,-0.26283434889708135,-1.0963585610865272e-07,7.387388666285973e-07,2.6409618189056236,5.723743394564147e-07,-3.863377983308803e-06
3.9547909581916385,PASSED,-0.26283434900635,-1.0890037561128376e-07,7.333082511958655e-07,2.6409618194760838,5.68537086274628e-07,-3.819836647438777e-06
3.9557911582316465,PASSED,-0.2628343491148854,-1.0816954654092146e-07,7.291762831399362e-07,2.6409618200427145,5.64722625388224e-07,-3.810877045714108e-06
3.9567913582716545,PASSED,-0.26283434922269283,-1.0744414851554672e-07,7.228791868646375e-07,2.6409618206055465,5.609340334778498e-07,-3.773735153480939e-06
3.9577915583116625,PASSED,-0.2628343493297772,-1.0672366858055684e-07,7.18880433740051e-07,2.640961821164602,5.571732552880191e-07,-3.752140214064006e-06
3.9587917583516705,PASSED,-0.2628343494361436,-1.0600803025786202e-07,7.13476915331317e-07,2.6409618217199093,5.53436113744897e-07,-3.7271424291606257e-06
3.9597919583916785,PASSED,-0.26283434954179696,-1.0529760780158731e-07,7.08386150236951e-07,2.6409618222714952,5.497291273477058e-07,-3.6935490425448617e-06
3.9607921584316865,PASSED,-0.26283434964674246,-1.0459225437055517e-07,7.033316182289476e-07,2.640961822819384,5.460453010874566e-07,-3.677344405385362e-06
3.9617923584716945,PASSED,-0.26283434975098496,-1.0389167006063841e-07,6.987527710419641e-07,2.640961823363605,5.423891619511068e-07,-3.642002290326078e-06
3.9627925585117025,PASSED,-0.26283434985452947,-1.0319614323026095e-07,6.93376203267787e-07,2.6409618239041808,5.387581594872936e-07,-3.6236692461379005e-06
3.9637927585517105,PASSED,-0.2628343499573809,-1.0250576527130934e-07,6.883791294074983e-07,2.6409618244411366,5.351487839472797e-07,-3.599846402597745e-06
3.9647929585917185,PASSED,-0.2628343500595443,-1.018200588511176e-07,6.839246140479056e-07,2.6409618249745,5.315706497090929e-07,-3.5636594619128915e-06
3.9657931586317265,PASSED,-0.2628343501610245,-1.0113928831244554e-07,6.786678217548316e-07,2.6409618255043004,5.280237285984442e-07,-3.535762209805882e-06
3.9667933586717345,PASSED,-0.26283435026182644,-1.0046356815405582e-07,6.73755049479614e-07,2.6409618260305585,5.244909823700112e-07,-3.5307355741842475e-06
3.9677935587117426,PASSED,-0.26283435036195496,-9.979255722239335e-08,6.691815197843979e-07,2.6409618265532995,5.209833221317138e-07,-3.4922766810395526e-06
3.9687937587517506,PASSED,-0.26283435046141496,-9.912631449096858e-08,6.642835391850122e-07,2.640961827072551,5.175123084696275e-07,-3.456838316117472e-06
3.9697939587917586,PASSED,-0.26283435056021115,-9.846506465886749e-08,6.592273607118147e-07,2.640961827588336,5.140573172613021e-07,-3.453759803130728e-06
3.9707941588317666,PASSED,-0.2628343506583484,-9.780861324158673e-08,6.546007883267161e-07,2.6409618281006835,5.10629295578198e-07,-3.410862936419629e-06
3.9717943588717746,PASSED,-0.26283435075583156,-9.715676509047264e-08,6.500130596390098e-07,2.6409618286096137,5.072276281731374e-07,-3.395537050821283e-06
3.9727945589117826,PASSED,-0.2628343508526652,-9.650956651183309e-08,6.453222579732511e-07,2.640961829115156,5.038506032603066e-07,-3.364683487503853e-06
3.9737947589517906,PASSED,-0.26283435094885416,-9.586725949899368e-08,6.402968494168538e-07,2.64096182961733,5.004943906486425e-07,-3.350565361104303e-06
3.9747949589917986,PASSED,-0.2628343510444031,-9.522974205257699e-08,6.356645110832587e-07,2.6409618301161624,4.971637823182136e-07,-3.3173036433118057e-06
3.9757951590318066,PASSED,-0.26283435113931664,-9.459638653467906e-08,6.318161891077214e-07,2.640961830611676,4.938590654112812e-07,-3.2963257493461203e-06
3.9767953590718146,PASSED,-0.26283435123359933,-9.396790443150689e-08,6.262593792151279e-07,2.640961831103901,4.905839267897979e-07,-3.261013869574589e-06
3.9777955591118226,PASSED,-0.2628343513272559,-9.334435400324676e-08,6.217444609567882e-07,2.640961831592855,4.873233844287235e-07,-3.2602280220742576e-06
3.9787957591518306,PASSED,-0.2628343514202908,-9.272475361696168e-08,6.181710031706119e-07,2.640961832078562,4.840834962652241e-07,-3.2263282577827265e-06
3.9797959591918386,PASSED,-0.2628343515127086,-9.21097308133197e-08,6.129240039562321e-07,2.6409618325610484,4.808811554637562e-07,-3.1863491639246055e-06
3.9807961592318466,PASSED,-0.26283435160451374,-9.149967461993722e-08,6.081443196666221e-07,2.6409618330403366,4.776954028145208e-07,-3.1853549727759412e-06
3.9817963592718546,PASSED,-0.2628343516957106,-9.089343439407134e-08,6.049708299987215e-07,2.6409618335164486,4.7452419220820435e-07,-3.1617810286767346e-06
3.9827965593118626,PASSED,-0.2628343517863038,-9.029181307928854e-08,5.993883046388335e-07,2.64096183398941,4.713895414616346e-07,-3.1165638918317003e-06
3.98379675935187,PASSED,-0.2628343518762975,-8.969478932876014e-08,5.954473811214487e-07,2.6409618344592385,4.6826858780168154e-07,-3.1238801720341057e-06
3.984796959391878,PASSED,-0.26283435196569604,-8.910150805519127e-08,5.918372018671517e-07,2.6409618349259647,4.6517438733244625e-07,-3.0744140007027465e-06
3.985797159431886,PASSED,-0.26283435205450373,-8.851285380732307e-08,5.865322785355601e-07,2.6409618353896014,4.620988214488027e-07,-3.0763338056041384e-06
3.986797359471894,PASSED,-0.26283435214272494,-8.792870028541735e-08,5.82567684152483e-07,2.640961835850179,4.5904744169648153e-07,-3.034743716799152e-06
3.987797559511902,PASSED,-0.26283435223036367,-8.734799248554421e-08,5.794678770202331e-07,2.640961836307715,4.560209255864334e-07,-3.0210310388807047e-06
3.98879775955191,PASSED,-0.2628343523174242,-8.677186699949636e-08,5.738972253996005e-07,2.6409618367622345,4.5301299397230066e-07,-2.9991986643007927e-06
3.989797959591918,PASSED,-0.2628343524039106,-8.620015376502159e-08,5.702572405248971e-07,2.6409618372137524,4.5001984779837263e-07,-2.989111180346212e-06
3.990798159631926,PASSED,-0.26283435248982695,-8.56318574166674e-08,5.669890869070806e-07,2.6409618376622994,4.4706265707723663e-07,-2.935910414995853e-06
3.991798359671934,PASSED,-0.26283435257517734,-8.506793908949071e-08,5.618711540230909e-07,2.6409618381078883,4.441178553960342e-07,-2.950729192006745e-06
3.992798559711942,PASSED,-0.26283435265996574,-8.45081416562787e-08,5.584149526712603e-07,2.6409618385505427,4.41184659194013e-07,-2.9215075420308086e-06
3.99379875975195,PASSED,-0.2628343527441961,-8.395187602513559e-08,5.548327501243356e-07,2.6409618389902842,4.382884389259094e-07,-2.87936208548553e-06
3.994798959791958,PASSED,-0.2628343528278722,-8.339959807381514e-08,5.50574752117865e-07,2.640961839427132,4.3540754229083436e-07,-2.8819196681346703e-06
3.995799159831966,PASSED,-0.26283435291099805,-8.285130617258453e-08,5.467700006391059e-07,2.6409618398611086,4.325406907234025e-07,-2.8568061669633916e-06
3.996799359871974,PASSED,-0.26283435299357744,-8.230671817836749e-08,5.431333232689951e-07,2.640961840292232,4.297005191545122e-07,-2.829081836841486e-06
3.997799559911982,PASSED,-0.26283435307561404,-8.176576755136785e-08,5.394954961534075e-07,2.640961840720521,4.268758716791024e-07,-2.82169123445536e-06
3.99879975995199,PASSED,-0.2628343531571116,-8.122871066585863e-08,5.354311450797757e-07,2.6409618411459954,4.240686412365029e-07,-2.79758991469556e-06
3.999799959991998,PASSED,-0.26283435323807386,-8.069514634136552e-08,5.323197774353341e-07,2.6409618415686773,4.2128861551127003e-07,-2.7683162655909887e-06
4.000800160032006,PASSED,-0.26283435331850447,-8.016522935859508e-08,5.283151196605362e-07,2.64096184198858,4.185178927569522e-07,-2.772327080135724e-06
4.001800360072014,PASSED,-0.26283435339840694,-7.963907774957367e-08,5.247092685953362e-07,2.640961842405729,4.1577114608412525e-07,-2.7296930679544247e-06
4.002800560112022,PASSED,-0.26283435347778483,-7.91161598898775e-08,5.217235870967278e-07,2.6409618428201362,4.1304315024978535e-07,-2.726864345263617e-06
4.00380076015203,PASSED,-0.26283435355664175,-7.859680565102656e-08,5.177746733537316e-07,2.6409618432318243,4.103295817667983e-07,-2.704704574802723e-06
4.004800960192038,PASSED,-0.2628343536349809,-7.808084465566921e-08,5.14751876693111e-07,2.64096184364081,4.0763834947755417e-07,-2.682250765538407e-06
4.005801160232046,PASSED,-0.262834353712806,-7.756849188138166e-08,5.107533726838363e-07,2.6409618440471125,4.049640118747323e-07,-2.6690621610109245e-06
4.006801360272054,PASSED,-0.2628343537901201,-7.705916898679982e-08,5.083692425138367e-07,2.6409618444507497,4.0230581518188245e-07,-2.650953047409089e-06
4.007801560312062,PASSED,-0.26283435386692683,-7.655337152494572e-08,5.040829414142608e-07,2.640961844851733,3.996594564297917e-07,-2.6432958885451513e-06
4.00880176035207,PASSED,-0.26283435394322924,-7.605094068272128e-08,5.013294427645495e-07,2.6409618452500863,3.9703939083296857e-07,-2.6045787356751616e-06
4.009801960392078,PASSED,-0.2628343540190307,-7.555137713255378e-08,4.983862884361222e-07,2.6409618456458244,3.944368850783164e-07,-2.6011237673034744e-06
4.010802160432086,PASSED,-0.2628343540943343,-7.50550524315844e-08,4.949503093248789e-07,2.6409618460389623,3.918380261304009e-07,-2.5973490683235405e-06
4.011802360472094,PASSED,-0.26283435416914336,-7.456217822116286e-08,4.914901444860153e-07,2.640961846429518,3.892648390304707e-07,-2.5570791210013608e-06
4.012802560512102,PASSED,-0.2628343542434608,-7.4072119538664e-08,4.891043745074222e-07,2.6409618468175053,3.8670988865487915e-07,-2.553531211985081e-06
4.01380276055211,PASSED,-0.26283435431728974,-7.358504983565144e-08,4.857132553493129e-07,2.6409618472029455,3.8416725902427675e-07,-2.535361909680628e-06
4.014802960592118,PASSED,-0.2628343543906333,-7.310139176732213e-08,4.822879436493355e-07,2.6409618475858516,3.8164118721632516e-07,-2.5198784067989452e-06
4.015803160632126,PASSED,-0.2628343544634944,-7.262035845368959e-08,4.801968936213711e-07,2.640961847966238,3.7912858329693066e-07,-2.5077542611248873e-06
4.016803360672134,PASSED,-0.262834354535876,-7.214212161704071e-08,4.769301320005373e-07,2.6409618483441224,3.7663516835089696e-07,-2.4838554026394894e-06
4.017803560712142,PASSED,-0.26283435460778104,-7.166729365279622e-08,4.7342651907380923e-07,2.6409618487195163,3.741519059121085e-07,-2.482867129554395e-06
4.01880376075215,PASSED,-0.2628343546792124,-7.119505822585041e-08,4.714413655271363e-07,2.6409618490924385,3.71686762615721e-07,-2.4533274076096523e-06
4.019803960792158,PASSED,-0.26283435475017286,-7.072534952952766e-08,4.685535835198306e-07,2.640961849462902,3.692387773843192e-07,-2.444423780596533e-06
4.020804160832166,PASSED,-0.2628343548206653,-7.025886261166877e-08,4.651091407515923e-07,2.640961849830923,3.6680043667971966e-07,-2.4342853206014906e-06
4.021804360872174,PASSED,-0.26283435489069246,-6.979503698310212e-08,4.629699537767105e-07,2.640961850196515,3.6437871317763856e-07,-2.4133489564009168e-06
4.022804560912182,PASSED,-0.26283435496025714,-6.933376814022646e-08,4.6013476894163516e-07,2.6409618505596906,3.6197046647064306e-07,-2.4048452073918828e-06
4.02380476095219,PASSED,-0.2628343550293619,-6.887527906594267e-08,4.573919445118941e-07,2.640961850920467,3.5957815745660246e-07,-2.3839515518064762e-06
4.024804960992198,PASSED,-0.26283435509800956,-6.841944122599381e-08,4.548017702401795e-07,2.6409618512788575,3.5720058943530417e-07,-2.3733123342927234e-06
4.025805161032206,PASSED,-0.2628343551662027,-6.796625985006848e-08,4.521011130487888e-07,2.640961851634872,3.548276249380387e-07,-2.372732605914009e-06
4.026805361072214,PASSED,-0.2628343552339439,-6.751567959321903e-08,4.495663527165338e-07,2.6409618519885303,3.5248084122453946e-07,-2.329484451889459e-06
4.027805561112222,PASSED,-0.2628343553012358,-6.70676383645109e-08,4.470244793691723e-07,2.6409618523398413,3.5014392391530187e-07,-2.3418725474696976e-06
4.02880576115223,PASSED,-0.2628343553680809,-6.662211836904831e-08,4.4451700619153994e-07,2.6409618526888194,3.4781014201198983e-07,-2.328388140540246e-06
4.029805961192238,PASSED,-0.26283435543448175,-6.617912191491929e-08,4.41982752754026e-07,2.640961853035479,3.4550179550260544e-07,-2.294985421947183e-06
4.030806161232246,PASSED,-0.26283435550044093,-6.573865973217313e-08,4.3944846940757514e-07,2.6409618533798325,3.432056494041314e-07,-2.296919882825278e-06
4.031806361272254,PASSED,-0.2628343555659608,-6.53007212269506e-08,4.3693186243250536e-07,2.640961853721893,3.4091379016978e-07,-2.2884854687021505e-06
4.032806561312262,PASSED,-0.2628343556310439,-6.48649687958573e-08,4.349661435338213e-07,2.6409618540616724,3.3863904815187836e-07,-2.265579717367958e-06
4.03380676135227,PASSED,-0.2628343556956926,-6.443184702193358e-08,4.3189219418366655e-07,2.640961854399184,3.363815648756929e-07,-2.252085648730523e-06
4.034806961392278,PASSED,-0.26283435575990927,-6.40011539122559e-08,4.2989372000702057e-07,2.6409618547344405,3.341304347183177e-07,-2.2504931631382927e-06
4.035807161432286,PASSED,-0.2628343558236964,-6.357260309220558e-08,4.2765555341250994e-07,2.6409618550674554,3.3189403684533525e-07,-2.2270010128785945e-06
4.036807361472294,PASSED,-0.2628343558870563,-6.31465840803527e-08,4.2492798414647124e-07,2.640961855398239,3.296714875638549e-07,-2.219581460548143e-06
4.037807561512302,PASSED,-0.26283435594999127,-6.272291180336168e-08,4.2283513888735964e-07,2.640961855726803,3.274557604207666e-07,-2.21315759811511e-06
4.03880776155231,PASSED,-0.2628343560125037,-6.2301438470635e-08,4.205654619528926e-07,2.6409618560531625,3.2525777712730024e-07,-2.187867090367242e-06
4.039807961592318,PASSED,-0.2628343560745959,-6.188232161237869e-08,4.181511224585705e-07,2.640961856377329,3.2307384696906246e-07,-2.18130553681817e-06
4.040808161632326,PASSED,-0.2628343561362701,-6.146561286546334e-08,4.1574716321987973e-07,2.640961856699312,3.208918838684283e-07,-2.18240147651152e-06
4.041808361672334,PASSED,-0.26283435619752865,-6.105109853365336e-08,4.136924442034001e-07,2.6409618570191236,3.1872628108323793e-07,-2.1544036576429155e-06
4.042808561712342,PASSED,-0.26283435625837376,-6.063865336031443e-08,4.116136594292972e-07,2.6409618573367784,3.165803946184802e-07,-2.1402083361675863e-06
4.04380876175235,PASSED,-0.2628343563188077,-6.022865128370616e-08,4.089276880609024e-07,2.6409618576522873,3.1443832463174053e-07,-2.1433110871210317e-06
4.044808961792358,PASSED,-0.2628343563788328,-5.98209885596934e-08,4.0681941464732146e-07,2.6409618579656593,3.1230351466860244e-07,-2.129142547149487e-06
4.045809161832366,PASSED,-0.2628343564384511,-5.941526735799164e-08,4.0498905973806486e-07,2.6409618582769108,3.101930777335159e-07,-2.097966527044576e-06
4.046809361872374,PASSED,-0.2628343564976649,-5.901181063604078e-08,4.024351634260676e-07,2.6409618585860493,3.0808640608971735e-07,-2.112475054967949e-06
4.047809561912382,PASSED,-0.26283435655647647,-5.861091395629876e-08,3.998710239526657e-07,2.6409618588930854,3.059825344484066e-07,-2.0981360322059007e-06
4.04880976195239,PASSED,-0.2628343566148879,-5.821175175808073e-08,3.986896477282633e-07,2.6409618591980335,3.039066256763842e-07,-2.061090598566812e-06
4.049809961992398,PASSED,-0.2628343566729015,-5.781480460770842e-08,3.9578548546834157e-07,2.640961859500908,3.018436262091667e-07,-2.064272046317968e-06
4.050810162032406,PASSED,-0.26283435673051936,-5.7420417875866397e-08,3.9345422942448284e-07,2.640961859801713,2.997695764838853e-07,-2.0805681779236345e-06
4.051810362072414,PASSED,-0.26283435678774364,-5.702789282089289e-08,3.9190560533951406e-07,2.640961860100464,2.977216271603137e-07,-2.0262034206702177e-06
4.052810562112422,PASSED,-0.2628343568445766,-5.6637544815091726e-08,3.893096061089356e-07,2.640961860397172,2.956941177898212e-07,-2.028380003707438e-06
4.05381076215243,PASSED,-0.26283435690102036,-5.62494853595646e-08,3.8722602180591704e-07,2.6409618606918475,2.936591298461237e-07,-2.0393932370241343e-06
4.054810962192438,PASSED,-0.262834356957077,-5.586338272137318e-08,3.8535371578174944e-07,2.6409618609845045,2.916458670661967e-07,-1.995842475195557e-06
4.055811162232446,PASSED,-0.2628343570127488,-5.547966643141413e-08,3.826246727439088e-07,2.6409618612751484,2.8964398758794484e-07,-2.005904146956121e-06
4.056811362272454,PASSED,-0.26283435706803787,-5.5098079922974484e-08,3.8089439890349006e-07,2.6409618615637984,2.876515031364157e-07,-1.9835379879111046e-06
4.057811562312462,PASSED,-0.2628343571229464,-5.471843006106857e-08,3.7882017057419176e-07,2.6409618618504584,2.856676560755257e-07,-1.9840531095426388e-06
4.05881176235247,PASSED,-0.2628343571774764,-5.434099815544374e-08,3.7650639565860017e-07,2.6409618621351463,2.8370266677053916e-07,-1.952280101949097e-06
4.059811962392478,PASSED,-0.2628343572316301,-5.396596056086284e-08,3.740583938624251e-07,2.640961862417866,2.817400592662285e-07,-1.9694924392183276e-06
4.060812162432486,PASSED,-0.2628343572854097,-5.359289174591653e-08,3.724090956689105e-07,2.6409618626986338,2.79788838960299e-07,-1.9390388837369556e-06
4.061812362472494,PASSED,-0.2628343573388173,-5.32217920180696e-08,3.7022681596560447e-07,2.640961862977459,2.778594339334213e-07,-1.922982455638194e-06
4.0628125625125024,PASSED,-0.26283435739185507,-5.28531067884609e-08,3.676575053707584e-07,2.640961863254352,2.759283627100323e-07,-1.9364637352229283e-06
4.0638127625525104,PASSED,-0.2628343574445251,-5.2486607942505944e-08,3.657264063444241e-07,2.6409618635293266,2.7401375875328946e-07,-1.900030771089424e-06
4.0648129625925185,PASSED,-0.2628343574968296,-5.212193163846847e-08,3.6397623583284653e-07,2.640961863802394,2.7211906047906644e-07,-1.891143276312036e-06
4.0658131626325265,PASSED,-0.2628343575487707,-5.1759698177590514e-08,3.610716109080297e-07,2.6409618640735646,2.7022359806453964e-07,-1.898341840003341e-06
4.0668133626725345,PASSED,-0.26283435760035057,-5.1399623897897474e-08,3.59409392216382e-07,2.640961864342847,2.683376476452416e-07,-1.8776894721612382e-06
4.0678135627125425,PASSED,-0.2628343576515713,-5.1041460973806014e-08,3.573319453415189e-07,2.6409618646102553,2.66474018483967e-07,-1.8542556206835862e-06
4.0688137627525505,PASSED,-0.26283435770243513,-5.068569448626045e-08,3.547228490149352e-07,2.6409618648758,2.64616558904446e-07,-1.8595955520792017e-06
4.0698139627925585,PASSED,-0.2628343577529442,-5.0332100592913106e-08,3.52841256235615e-07,2.640961865139492,2.6276413864274933e-07,-1.8476367347749368e-06
4.0708141628325665,PASSED,-0.2628343578031006,-4.998030276105538e-08,3.511022156057921e-07,2.6409618654013456,2.6093689158911867e-07,-1.8136539328677502e-06
4.0718143628725745,PASSED,-0.26283435785290654,-4.963104299273581e-08,3.480314701287599e-07,2.640961865661367,2.5910990754542625e-07,-1.8358707842422247e-06
4.0728145629125825,PASSED,-0.26283435790236426,-4.9284011100820896e-08,3.4636550643901824e-07,2.640961865919573,2.5729425868056115e-07,-1.8021675852803894e-06
4.0738147629525905,PASSED,-0.2628343579514758,-4.8938688339398894e-08,3.446275980773218e-07,2.6409618661759686,2.5549617491448485e-07,-1.7953612199401748e-06
4.0748149629925985,PASSED,-0.2628343580002434,-4.859585434641683e-08,3.4163825625189405e-07,2.6409618664305703,2.537056807252362e-07,-1.7872495021209877e-06
4.0758151630326065,PASSED,-0.2628343580486692,-4.8255395078645336e-08,3.3967327545121746e-07,2.640961866683389,2.51928424200058e-07,-1.7705945405496142e-06
4.0768153630726145,PASSED,-0.2628343580967555,-4.791677063629197e-08,3.379252202881364e-07,2.6409618669344317,2.5015754262203383e-07,-1.7710729363405046e-06
4.0778155631126225,PASSED,-0.2628343581445043,-4.758034582710696e-08,3.3542453511625777e-07,2.640961867183715,2.4840307745416643e-07,-1.7433933222186995e-06
4.0788157631526305,PASSED,-0.2628343581919179,-4.7246435365981524e-08,3.3290107846489294e-07,2.640961867431249,2.4666356527942153e-07,-1.7369247430957015e-06
4.0798159631926385,PASSED,-0.2628343582389985,-4.691444984910614e-08,3.313751424823785e-07,2.6409618676770408,2.449214832357558e-07,-1.7455202440457667e-06
4.0808161632326465,PASSED,-0.26283435828574825,-4.6584501999267796e-08,3.289963214089856e-07,2.6409618679211095,2.4320602628828274e-07,-1.695414749757972e-06
4.0818163632726545,PASSED,-0.2628343583321693,-4.62570643668745e-08,3.2639850638282765e-07,2.6409618681634583,2.414967212520882e-07,-1.7185652271522812e-06
4.0828165633126625,PASSED,-0.2628343583782639,-4.593181302255815e-08,3.244865696053675e-07,2.640961868404105,2.397920259472273e-07,-1.6954486899998934e-06
4.0838167633526705,PASSED,-0.2628343584240342,-4.5608418594178645e-08,3.2266633422893385e-07,2.6409618686430587,2.381102580838853e-07,-1.6726473122367747e-06
4.0848169633926785,PASSED,-0.26283435846948244,-4.5287576803538784e-08,3.196254282471495e-07,2.6409618688803307,2.364343408717697e-07,-1.6780971453681353e-06
4.0858171634326865,PASSED,-0.26283435851461084,-4.496888416871251e-08,3.1807077254569037e-07,2.640961869115933,2.3476604922391283e-07,-1.661754649516037e-06
4.0868173634726945,PASSED,-0.2628343585594215,-4.465211281342611e-08,3.1590507711354197e-07,2.6409618693498764,2.331171472591518e-07,-1.6403335082577172e-06
4.0878175635127025,PASSED,-0.26283435860391674,-4.4337859527589103e-08,3.131520916526464e-07,2.640961869582171,2.3147325875298313e-07,-1.6462585047759758e-06
4.0888177635527105,PASSED,-0.26283435864809873,-4.402571491114715e-08,3.114729663014851e-07,2.640961869812834,2.2984637721718062e-07,-1.6139635564868748e-06
4.0898179635927185,PASSED,-0.2628343586919696,-4.3715487431374264e-08,3.093971554204836e-07,2.640961870041871,2.282286430614365e-07,-1.6202478885823e-06
4.0908181636327265,PASSED,-0.2628343587355315,-4.340776226929631e-08,3.0661049984960584e-07,2.6409618702692956,2.2661833028976555e-07,-1.6036893603967027e-06
4.0918183636727345,PASSED,-0.26283435877878686,-4.3102480565303216e-08,3.0439584008874464e-07,2.6409618704951194,2.2502540548114468e-07,-1.5857484407703115e-06
4.0928185637127426,PASSED,-0.2628343588217376,-4.279882247849344e-08,3.031662512904684e-07,2.6409618707193534,2.2344150953110246e-07,-1.5826609562234722e-06
4.0938187637527506,PASSED,-0.26283435886438616,-4.2497537135118354e-08,3.000314047648362e-07,2.6409618709420077,2.2186420790069854e-07,-1.5737287465241878e-06
4.094818963792759,PASSED,-0.2628343589067345,-4.219872442693361e-08,2.980002437980171e-07,2.6409618711630967,2.2030767780609726e-07,-1.5450643266526666e-06
4.095819163832767,PASSED,-0.26283435894878504,-4.19018938791821e-08,2.9605075038716285e-07,2.640961871382631,2.1876091000254054e-07,-1.547903454826082e-06
4.096819363872775,PASSED,-0.26283435899053975,-4.160715285207477e-08,2.938678782541111e-07,2.640961871600619,2.1721512021668518e-07,-1.5443806732082522e-06
4.097819563912783,PASSED,-0.262834359032001,-4.1314758186251235e-08,2.9141252420315676e-07,2.6409618718170758,2.1569111597176486e-07,-1.5104199593950143e-06
4.098819763952791,PASSED,-0.2628343590731708,-4.102447779719433e-08,2.8952563229273634e-07,2.6409618720320105,2.1417923399604404e-07,-1.5128566532713632e-06
4.099819963992799,PASSED,-0.2628343591140514,-4.07362686832238e-08,2.873314350890651e-07,2.6409618722454358,2.1266982243894788e-07,-1.5071148263126796e-06
4.100820164032807,PASSED,-0.262834359154645,-4.0450429591898043e-08,2.8484419548354054e-07,2.6409618724573636,2.1117969939070259e-07,-1.478795196200359e-06
4.101820364072815,PASSED,-0.2628343591949536,-4.016652994102826e-08,2.8326995446061394e-07,2.640961872667804,2.0970144400596896e-07,-1.4778955104224455e-06
4.102820564112823,PASSED,-0.26283435923497955,-3.988486553014792e-08,2.805940484935013e-07,2.6409618728767668,2.0822324367985004e-07,-1.4784035365832673e-06
4.103820764152831,PASSED,-0.2628343592747249,-3.960545131988802e-08,2.7862765143749787e-07,2.640961873084265,2.0676682954114696e-07,-1.4417545401162641e-06
4.104820964192839,PASSED,-0.2628343593141918,-3.932792930037059e-08,2.767849315707141e-07,2.6409618732903097,2.053232153990138e-07,-1.444853876811076e-06
4.105821164232847,PASSED,-0.2628343593533824,-3.9052718999529446e-08,2.741605470214368e-07,2.640961873494914,2.0388340407243104e-07,-1.4364496264305673e-06
4.106821364272855,PASSED,-0.26283435939229877,-3.877971301477032e-08,2.722362765842577e-07,2.640961873698084,2.0245378516211743e-07,-1.4250650995689705e-06
4.107821564312863,PASSED,-0.2628343594309431,-3.8508576406518985e-08,2.7040349602938846e-07,2.640961873899836,2.0104494737707162e-07,-1.3980195753636947e-06
4.108821764352871,PASSED,-0.26283435946931727,-3.823941965267181e-08,2.683255923923804e-07,2.6409618741001766,1.9963916259759674e-07,-1.4109615822156795e-06
4.109821964392879,PASSED,-0.26283435950742373,-3.7972869667188556e-08,2.653662475438336e-07,2.6409618742991197,1.9824266149788191e-07,-1.3868607780475745e-06
4.110822164432887,PASSED,-0.26283435954526424,-3.7707996882773577e-08,2.645438089957469e-07,2.6409618744966736,1.9686224742635697e-07,-1.3761162671764932e-06
4.111822364472895,PASSED,-0.26283435958284096,-3.7444929768626114e-08,2.620826509152734e-07,2.64096187469285,1.9548985456533945e-07,-1.3699105902448856e-06
4.112822564512903,PASSED,-0.26283435962015606,-3.7184584790739334e-08,2.591865292011138e-07,2.6409618748876595,1.9412671262905486e-07,-1.3586295003110488e-06
4.113822764552911,PASSED,-0.26283435965721136,-3.692581732322207e-08,2.58488093061373e-07,2.640961875081115,1.927803779005697e-07,-1.3381382139345725e-06
4.114822964592919,PASSED,-0.2628343596940091,-3.6669081619048205e-08,2.555674449155308e-07,2.640961875273224,1.9143865818301145e-07,-1.3441073866407286e-06
4.115823164632927,PASSED,-0.2628343597305511,-3.641459431384166e-08,2.537672120672333e-07,2.6409618754640016,1.9011066368379254e-07,-1.3172525742710107e-06
4.116823364672935,PASSED,-0.2628343597668395,-3.616188786240921e-08,2.5199927767592303e-07,2.640961875653452,1.8879094543175604e-07,-1.32136203721348e-06
4.117823564712943,PASSED,-0.2628343598028762,-3.591113867223533e-08,2.499157985058587e-07,2.64096187584159,1.8748143274109826e-07,-1.301613126287282e-06
4.118823764752951,PASSED,-0.2628343598386632,-3.566239602724389e-08,2.479605426485008e-07,2.640961876028422,1.8618208423704813e-07,-1.2978387558920356e-06
4.119823964792959,PASSED,-0.26283435987420245,-3.541570336589437e-08,2.4584740715020225e-07,2.640961876213963,1.848953717389387e-07,-1.2792949929210425e-06
4.120824164832967,PASSED,-0.2628343599094959,-3.517078867399614e-08,2.4429288173025267e-07,2.6409618763982206,1.8361902922382438e-07,-1.2743741965764549e-06
4.121824364872975,PASSED,-0.2628343599445454,-3.492776979044922e-08,2.421695514247155e-07,2.6409618765812026,1.8234519289927227e-07,-1.2734777432025338e-06
4.122824564912983,PASSED,-0.2628343599793529,-3.468676934508237e-08,2.4022104132826056e-07,2.6409618767629226,1.8108883396761403e-07,-1.2449463906287041e-06
4.123824764952991,PASSED,-0.2628343600139203,-3.444766382717953e-08,2.3836183561923382e-07,2.640961876943389,1.7984326081385117e-07,-1.2459909958522814e-06
4.124824964992999,PASSED,-0.26283436004824945,-3.421029999713172e-08,2.3669849300020398e-07,2.6409618771226113,1.7860073139943446e-07,-1.2402216934596617e-06
4.125825165033007,PASSED,-0.26283436008234207,-3.397465026427741e-08,2.349505594237125e-07,2.6409618773005983,1.7737000683214515e-07,-1.2243931498423714e-06
4.126825365073015,PASSED,-0.2628343601162002,-3.37411326480736e-08,2.325623207238745e-07,2.640961877477361,1.761528943490555e-07,-1.2122587052545138e-06
4.127825565113023,PASSED,-0.2628343601498255,-3.3509163508616605e-08,2.3157368527907978e-07,2.640961877652911,1.7494581233879496e-07,-1.2036308802645235e-06
4.128825765153031,PASSED,-0.2628343601832197,-3.327895075046677e-08,2.2930547339700106e-07,2.6409618778272526,1.7373815743880015e-07,-1.2103375798149693e-06
4.129825965193039,PASSED,-0.2628343602163848,-3.30508381799048e-08,2.273173020052836e-07,2.640961878000397,1.7254520405089727e-07,-1.1813639266281654e-06
4.130826165233047,PASSED,-0.26283436024932233,-3.2824037957929775e-08,2.2645550195485012e-07,2.6409618781723543,1.7136741710252723e-07,-1.1754022961979917e-06
4.131826365273055,PASSED,-0.2628343602820341,-3.259905432578097e-08,2.2400238561144451e-07,2.640961878343133,1.701903016322132e-07,-1.1782575863913698e-06
4.132826565313063,PASSED,-0.26283436031452184,-3.237603455516129e-08,2.2236469395850965e-07,2.6409618785127402,1.690220211839851e-07,-1.1616290227859348e-06
4.133826765353071,PASSED,-0.26283436034678714,-3.215434387268193e-08,2.212413414932695e-07,2.640961878681189,1.6787153070211694e-07,-1.1430647879229893e-06
4.134826965393079,PASSED,-0.26283436037883173,-3.1934476565579224e-08,2.1895128417565974e-07,2.640961878848486,1.667235704383473e-07,-1.1512239143340666e-06
4.135827165433087,PASSED,-0.2628343604106573,-3.1716421646518685e-08,2.174573423171254e-07,2.6409618790146356,1.6557510958294604e-07,-1.1466188161127467e-06
4.136827365473095,PASSED,-0.26283436044226544,-3.149968458024919e-08,2.162568822377467e-07,2.640961879179654,1.6445321089960637e-07,-1.1054185948242987e-06
4.137827565513103,PASSED,-0.26283436047365766,-3.128445162189151e-08,2.1455034243763407e-07,2.6409618793435437,1.633319635456712e-07,-1.131799860009115e-06
4.138827765553111,PASSED,-0.26283436050483566,-3.1071098286277786e-08,2.125553310644487e-07,2.640961879506313,1.6220488105604873e-07,-1.1239375760313494e-06
4.139827965593119,PASSED,-0.26283436053580095,-3.0859204935773046e-08,2.114520301316043e-07,2.6409618796679757,1.6111027334412416e-07,-1.0750544691867197e-06
4.140828165633127,PASSED,-0.26283436056655507,-3.064864400918162e-08,2.0996685756463555e-07,2.6409618798285335,1.6001323303270163e-07,-1.1116975395797366e-06
4.141828365673135,PASSED,-0.2628343605970995,-3.043983391176382e-08,2.0803892398658876e-07,2.640961879987999,1.5891329659504862e-07,-1.0920957030351975e-06
4.142828565713143,PASSED,-0.2628343606274358,-3.023248819841684e-08,2.068835729205719e-07,2.6409618801463743,1.57833450086943e-07,-1.071680378152545e-06
4.143828765753151,PASSED,-0.26283436065756544,-3.002644345382722e-08,2.0548552570231106e-07,2.6409618803036707,1.5675990299548479e-07,-1.0747915669953293e-06
4.144828965793159,PASSED,-0.2628343606874898,-2.9821982143797245e-08,2.0377849958175755e-07,2.640961880459898,1.5569230546681517e-07,-1.062801503119137e-06
4.145829165833167,PASSED,-0.2628343607172104,-2.9618957326985017e-08,2.0252236163254068e-07,2.640961880615062,1.546333505244471e-07,-1.0563905685340052e-06
4.146829365873175,PASSED,-0.26283436074672856,-2.9417153370282925e-08,2.0132502008179324e-07,2.6409618807691664,1.5357580275528376e-07,-1.0583192362495323e-06
4.147829565913183,PASSED,-0.2628343607760458,-2.921700641523534e-08,1.9936157835811305e-07,2.6409618809222235,1.5253304851397932e-07,-1.0323775780076966e-06
4.148829765953191,PASSED,-0.26283436080516337,-2.9018025705608042e-08,1.987267971400915e-07,2.6409618810742383,1.5149765801221022e-07,-1.0373991176100506e-06
4.149829965993199,PASSED,-0.2628343608340827,-2.8820247512807575e-08,1.971457899073815e-07,2.6409618812252162,1.5045896399356076e-07,-1.0395572860090453e-06
4.150830166033207,PASSED,-0.262834360862805,-2.8624089674317672e-08,1.9549920421158697e-07,2.6409618813751683,1.4943895143829238e-07,-1.0069827347745925e-06
4.151830366073215,PASSED,-0.2628343608913318,-2.8429173212656904e-08,1.9452796662688796e-07,2.640961881524098,1.4842297583237024e-07,-1.0219708533538319e-06
4.152830566113223,PASSED,-0.2628343609196641,-2.8235355823173358e-08,1.933436713879834e-07,2.640961881672013,1.4740483699394952e-07,-1.015584161798644e-06
4.153830766153231,PASSED,-0.26283436094780344,-2.8043031876744066e-08,1.916441297901656e-07,2.6409618818189204,1.4640452497129426e-07,-9.901305965596763e-07
4.154830966193239,PASSED,-0.26283436097575097,-2.7851905868258957e-08,1.9078059428173325e-07,2.6409618819648246,1.4540628362663658e-07,-1.0036485100563254e-06
4.155831166233247,PASSED,-0.2628343610035079,-2.7661710972580922e-08,1.898044299422388e-07,2.6409618821097367,1.4441371741366854e-07,-9.851780149091624e-07
4.156831366273255,PASSED,-0.26283436103107544,-2.747300895150033e-08,1.879670818394919e-07,2.64096188225366,1.4343114471637732e-07,-9.808358188792328e-07
4.157831566313263,PASSED,-0.26283436105845487,-2.7285600097481037e-08,1.8703670213915755e-07,2.640961882396597,1.424451192728881e-07,-9.89485193229173e-07
4.158831766353271,PASSED,-0.2628343610856473,-2.7099052192206543e-08,1.8622204069805184e-07,2.640961882538562,1.414770836660724e-07,-9.537358825400832e-07
4.159831966393279,PASSED,-0.26283436111265385,-2.691378416985853e-08,1.8463201011465458e-07,2.6409618826795556,1.4051306130430698e-07,-9.708800145823225e-07
4.160832166433287,PASSED,-0.2628343611394758,-2.6729760802211902e-08,1.8361760600127393e-07,2.6409618828195836,1.3954310672698771e-07,-9.693376191438996e-07
4.161832366473295,PASSED,-0.2628343611661141,-2.6546677469908504e-08,1.827271498381448e-07,2.6409618829586567,1.385962016683114e-07,-9.319500183646095e-07
4.162832566513303,PASSED,-0.26283436119257003,-2.636491422700391e-08,1.8112063828222572e-07,2.6409618830967743,1.3764579074426482e-07,-9.627181945012515e-07
4.163832766553311,PASSED,-0.2628343612188446,-2.61841581084197e-08,1.8051310545220385e-07,2.640961883233947,1.3669562753011085e-07,-9.417932272557809e-07
4.164832966593319,PASSED,-0.262834361244939,-2.600426217769326e-08,1.7948448090926082e-07,2.6409618833701773,1.3576215903609736e-07,-9.27918671851959e-07
4.165833166633327,PASSED,-0.2628343612708541,-2.5825674164214057e-08,1.7799036852583893e-07,2.640961883505473,1.3483079041946422e-07,-9.336685798206237e-07
4.166833366673335,PASSED,-0.2628343612965911,-2.5648192757031446e-08,1.771420996204601e-07,2.6409618836398376,1.338977233900266e-07,-9.326659958489489e-07
4.167833566713343,PASSED,-0.26283436132215104,-2.5471497528263512e-08,1.7639731486625103e-07,2.6409618837732793,1.3298032953332103e-07,-9.072124306099811e-07
4.168833766753351,PASSED,-0.2628343613475349,-2.5295892143748395e-08,1.750774309476949e-07,2.6409618839058,1.3206378806154828e-07,-9.22760832547921e-07
4.169833966793359,PASSED,-0.26283436137274374,-2.5121576899949748e-08,1.738071190326155e-07,2.6409618840374085,1.311502896826409e-07,-9.073234098137238e-07
4.170834166833367,PASSED,-0.2628343613977785,-2.4947893939116432e-08,1.736001887004509e-07,2.640961884168109,1.3024833497261832e-07,-8.983755768284757e-07
4.171834366873375,PASSED,-0.2628343614226402,-2.4775292226525974e-08,1.7193606185045927e-07,2.640961884297905,1.2934527079379872e-07,-9.061899134803525e-07
4.172834566913383,PASSED,-0.26283436144732986,-2.460384018097668e-08,1.7112936801518053e-07,2.640961884426801,1.2844469782873616e-07,-8.968283327840641e-07
4.173834766953391,PASSED,-0.26283436147184847,-2.443325496171717e-08,1.7022245342239471e-07,2.6409618845548053,1.2755974179257617e-07,-8.770411717439547e-07
4.174834966993399,PASSED,-0.2628343614961968,-2.4263377558890134e-08,1.696473690967969e-07,2.6409618846819214,1.2667531845659415e-07,-8.8934477880742e-07
4.175835167033407,PASSED,-0.262834361520376,-2.4094663846406358e-08,1.680912747417634e-07,2.6409618848081524,1.2578685224519188e-07,-8.87880499798816e-07
4.176835367073415,PASSED,-0.262834361544387,-2.392710847226591e-08,1.6719810707290656e-07,2.64096188493351,1.2492046238333722e-07,-8.520627698918849e-07
4.177835567113423,PASSED,-0.26283436156823065,-2.3760180391510765e-08,1.6674806320996866e-07,2.6409618850579886,1.2404475360851898e-07,-8.914727781024847e-07
4.178835767153431,PASSED,-0.2628343615919078,-2.3594039540223918e-08,1.6573604333810037e-07,2.6409618851816017,1.2317463344471017e-07,-8.558850876130202e-07
4.179835967193439,PASSED,-0.2628343616154196,-2.3429252412430068e-08,1.6415451743101197e-07,2.640961885304349,1.22319509264997e-07,-8.546169077799613e-07
4.180836167233447,PASSED,-0.2628343616387668,-2.3265029088174078e-08,1.6426919547264027e-07,2.640961885426238,1.2146082114438848e-07,-8.614022624942246e-07
4.181836367273455,PASSED,-0.26283436166195023,-2.3101570806780743e-08,1.62917672007131e-07,2.640961885547272,1.2060502904226365e-07,-8.5205199521191e-07
4.182836567313463,PASSED,-0.26283436168497093,-2.293949930140157e-08,1.6150739429386523e-07,2.640961885667456,1.1976112044243005e-07,-8.38479669581387e-07
4.183836767353471,PASSED,-0.26283436170782976,-2.2778126099933405e-08,1.612837395843688e-07,2.6409618857867945,1.189171941721213e-07,-8.47557337460334e-07
4.184836967393479,PASSED,-0.2628343617305275,-2.2617243773262924e-08,1.606147180612221e-07,2.6409618859052935,1.1807743016068688e-07,-8.34568460750458e-07
4.185837167433487,PASSED,-0.2628343617530652,-2.245773308251613e-08,1.587746725371753e-07,2.6409618860229567,1.1724685727451155e-07,-8.279091697919023e-07
4.186837367473495,PASSED,-0.26283436177544356,-2.2298966121949106e-08,1.587618192535906e-07,2.6409618861397868,1.1641491568073899e-07,-8.346298764263156e-07
4.187837567513503,PASSED,-0.26283436179766356,-2.214090096689678e-08,1.5760071225148516e-07,2.64096188625579,1.1558835937976474e-07,-8.211739173395228e-07
4.188837767553511,PASSED,-0.2628343618197261,-2.1983933969913227e-08,1.5654452013826268e-07,2.640961886370972,1.1477304160873843e-07,-8.114136734841589e-07
4.189837967593519,PASSED,-0.2628343618416319,-2.182761571738051e-08,1.5616740746235136e-07,2.6409618864853357,1.1395569291828364e-07,-8.213053684352179e-07
4.190838167633527,PASSED,-0.26283436186338194,-2.1672193027790078e-08,1.5492621100915846e-07,2.6409618865988875,1.1314473803067281e-07,-8.040545670612262e-07
4.191838367673535,PASSED,-0.262834361884977,-2.1517729195881816e-08,1.5415557917432814e-07,2.64096188671163,1.1234059166333821e-07,-8.042075675168714e-07
4.192838567713543,PASSED,-0.262834361906418,-2.1364132498223427e-08,1.5322410998109785e-07,2.640961886823567,1.1153415050466251e-07,-8.079302194482377e-07
4.193838767753551,PASSED,-0.2628343619277058,-2.1211321748190353e-08,1.525351767343915e-07,2.6409618869347042,1.1073652777506557e-07,-7.907510696960798e-07
4.194838967793559,PASSED,-0.2628343619488412,-2.1059304094398276e-08,1.51672638497199e-07,2.6409618870450458,1.0994664201991828e-07,-7.893088787814246e-07
4.195839167833567,PASSED,-0.26283436196982507,-2.0908188556759175e-08,1.5074413706703602e-07,2.6409618871545963,1.0915473946017327e-07,-7.93631680387399e-07
4.196839367873575,PASSED,-0.26283436199065824,-2.075805635555167e-08,1.497242439678184e-07,2.6409618872633605,1.0837012198479977e-07,-7.786080053642422e-07
4.197839567913583,PASSED,-0.2628343620113417,-2.0608676093643448e-08,1.49150940535155e-07,2.6409618873713425,1.075934666746874e-07,-7.7535351327779e-07
4.198839767953591,PASSED,-0.2628343620318761,-2.0459953248524652e-08,1.4843744817455648e-07,2.640961887478545,1.0681319861437941e-07,-7.835444249947936e-07
4.199839967993599,PASSED,-0.26283436205226235,-2.0312320062415303e-08,1.4709701139920848e-07,2.640961887584976,1.060439320410599e-07,-7.597480055359825e-07
4.200840168033607,PASSED,-0.26283436207250144,-2.0165693839586315e-08,1.463123637821742e-07,2.6409618876906373,1.0528008599374222e-07,-7.665780751721422e-07
4.201840368073615,PASSED,-0.2628343620925941,-2.0019512790938246e-08,1.4609350522532963e-07,2.6409618877955356,1.0451548905897708e-07,-7.632761744938e-07
4.202840568113623,PASSED,-0.2628343621125412,-1.9874440151889125e-08,1.443920615983155e-07,2.6409618878996746,1.0375984976215598e-07,-7.505480450393192e-07
4.203840768153631,PASSED,-0.26283436213234357,-1.973031401360004e-08,1.439488560829343e-07,2.6409618880030563,1.0300567269715427e-07,-7.565964116432918e-07
4.204840968193639,PASSED,-0.26283436215200207,-1.958661712823407e-08,1.435289048879943e-07,2.6409618881056898,1.0225800838746346e-07,-7.417095750558175e-07
4.205841168233647,PASSED,-0.2628343621715177,-1.9444228831738485e-08,1.4162789090064677e-07,2.6409618882075736,1.0151141497321537e-07,-7.498493070429397e-07
4.206841368273655,PASSED,-0.2628343621908911,-1.9302717356641303e-08,1.41433864561537e-07,2.6409618883087163,1.0077156349172125e-07,-7.331862644615849e-07
4.207841568313663,PASSED,-0.2628343622101234,-1.9161617539622724e-08,1.4087711865660647e-07,2.6409618884091235,1.00042027257848e-07,-7.271028801476936e-07
4.208841768353671,PASSED,-0.2628343622292152,-1.9021582254798633e-08,1.3947406226907786e-07,2.6409618885087958,9.930549254609057e-08,-7.428225994972362e-07
4.209841968393679,PASSED,-0.2628343622481675,-1.888276538032045e-08,1.3837874928425538e-07,2.6409618886077397,9.857768058425372e-08,-7.178048700632576e-07
4.210842168433687,PASSED,-0.2628343622669811,-1.8744416835418626e-08,1.3832840864686764e-07,2.6409618887059616,9.786497677093104e-08,-7.09303108828975e-07
4.211842368473695,PASSED,-0.26283436228565693,-1.8607005047609003e-08,1.3680070725145963e-07,2.640961888803461,9.713962606924088e-08,-7.360490969309454e-07
4.212842568513703,PASSED,-0.2628343623041959,-1.847069732630099e-08,1.3597906401238547e-07,2.6409618889002484,9.642771010051797e-08,-6.958272165842285e-07
4.213842768553711,PASSED,-0.26283436232259877,-1.8334985312037727e-08,1.355339810971856e-07,2.640961888996324,9.572568539575891e-08,-7.061563635422729e-07
4.214842968593719,PASSED,-0.26283436234086655,-1.820026179714427e-08,1.3418320409096843e-07,2.6409618890916957,9.501798685227182e-08,-7.087266634503119e-07
4.215843168633727,PASSED,-0.2628343623590001,-1.806661460431832e-08,1.3328985198260402e-07,2.6409618891863667,9.432050248990744e-08,-6.899894949737674e-07
4.216843368673735,PASSED,-0.2628343623770002,-1.7933502462011974e-08,1.3299366918884456e-07,2.6409618892803373,9.362306973826014e-08,-7.023949227629965e-07
4.217843568713743,PASSED,-0.26283436239486774,-1.7801401697442138e-08,1.3150549482383124e-07,2.6409618893736195,9.293646155335614e-08,-6.76083692998018e-07
4.218843768753751,PASSED,-0.26283436241260383,-1.7670511364972074e-08,1.3048022423422113e-07,2.6409618894662144,9.225466200037818e-08,-6.856101262979241e-07
4.219843968793759,PASSED,-0.2628343624302091,-1.7539976354649253e-08,1.3057153438188662e-07,2.640961889558126,9.156953285579434e-08,-6.848084901077832e-07
4.220844168833767,PASSED,-0.26283436244768454,-1.7410569394888882e-08,1.2863057667936442e-07,2.6409618896493594,9.089345638183191e-08,-6.702551298655356e-07
4.221844368873775,PASSED,-0.2628343624650311,-1.728242740265488e-08,1.2781626927043063e-07,2.6409618897399216,9.022912883440782e-08,-6.603758257964478e-07
4.222844568913783,PASSED,-0.2628343624822497,-1.7154610716102633e-08,1.2781696474012507e-07,2.640961889829816,8.956206904363569e-08,-6.715157674226119e-07
4.223844768953791,PASSED,-0.26283436249934106,-1.7027776750047152e-08,1.2617863359905336e-07,2.6409618899190437,8.889241158526837e-08,-6.684185856637949e-07
4.224844968993799,PASSED,-0.2628343625163062,-1.6902344579893293e-08,1.249345278570632e-07,2.640961890007614,8.824258449440786e-08,-6.374327609916576e-07
4.225845169033807,PASSED,-0.262834362533146,-1.6777263945962507e-08,1.2517803797993299e-07,2.6409618900955305,8.759341196535583e-08,-6.569990410922793e-07
4.226845369073815,PASSED,-0.2628343625498615,-1.6653297868358907e-08,1.2315810401937983e-07,2.6409618901827976,8.693937186687828e-08,-6.520674700677166e-07
4.227845569113823,PASSED,-0.26283436256645343,-1.6530442929961495e-08,1.2265282798276666e-07,2.640961890269418,8.629777964842908e-08,-6.346087173702072e-07
4.228845769153831,PASSED,-0.26283436258292275,-1.640804996582989e-08,1.222197215641599e-07,2.6409618903553995,8.566457056198763e-08,-6.322759991556173e-07
4.229845969193839,PASSED,-0.2628343625992704,-1.628691376149199e-08,1.2041385952039277e-07,2.6409618904407464,8.50305257913673e-08,-6.352239515967804e-07
4.230846169233847,PASSED,-0.26283436261549725,-1.6166643218881364e-08,1.2017499800411766e-07,2.6409618905254617,8.439869069211626e-08,-6.295758643538794e-07
4.231846369273855,PASSED,-0.26283436263160415,-1.6047023349396394e-08,1.192497838055387e-07,2.6409618906095504,8.37761766607648e-08,-6.17806142683176e-07
4.232846569313863,PASSED,-0.2628343626475922,-1.5928733375575323e-08,1.1765010049809344e-07,2.6409618906930197,8.316159128541975e-08,-6.124381971196253e-07
4.233846769353871,PASSED,-0.2628343626634621,-1.5811084214647974e-08,1.1764853454685145e-07,2.640961890775873,8.254577748881075e-08,-6.180641962685775e-07
4.234846969393879,PASSED,-0.2628343626792149,-1.5694242836532805e-08,1.1630327382738233e-07,2.6409618908581134,8.193301734425348e-08,-6.092241100830796e-07
4.235847169433887,PASSED,-0.26283436269485144,-1.5578597667324813e-08,1.1520643279506777e-07,2.640961890939746,8.13300492288575e-08,-5.987974522712612e-07
4.236847369473895,PASSED,-0.2628343627103727,-1.546376458476155e-08,1.1458418240872388e-07,2.640961891020779,8.073446769531837e-08,-5.934375877176918e-07
4.237847569513903,PASSED,-0.2628343627257795,-1.5349685294598576e-08,1.137426953324741e-07,2.640961891101213,8.01355498898718e-08,-6.025712839325088e-07
4.238847769553911,PASSED,-0.2628343627410728,-1.5236756658203553e-08,1.1238593043672383e-07,2.6409618911810555,7.954522618466688e-08,-5.8215865271985e-07
4.239847969593919,PASSED,-0.2628343627562535,-1.5124503991280443e-08,1.1216382458070082e-07,2.64096189126031,7.896336362015275e-08,-5.816651723769946e-07
4.240848169633927,PASSED,-0.2628343627713225,-1.5013160217459994e-08,1.1079707331361383e-07,2.6409618913389803,7.837838167803904e-08,-5.871931219381741e-07
4.241848369673935,PASSED,-0.2628343627862807,-1.490302918030545e-08,1.0968701304850407e-07,2.6409618914170716,7.780103898402761e-08,-5.707757420602494e-07
4.242848569713943,PASSED,-0.26283436280112893,-1.4793482345005352e-08,1.0945338346782413e-07,2.6409618914945905,7.723498222855602e-08,-5.6291076441249e-07
4.243848769753951,PASSED,-0.2628343628158682,-1.4684769893871733e-08,1.0821849624414917e-07,2.6409618915715414,7.666791394612836e-08,-5.698399611044197e-07
4.244848969793959,PASSED,-0.2628343628304993,-1.4577282741362109e-08,1.069995900199399e-07,2.6409618916479234,7.609666691956601e-08,-5.72185070200981e-07
4.245849169833967,PASSED,-0.26283436284502326,-1.4470492358750559e-08,1.0665091100595695e-07,2.6409618917237516,7.555156519269702e-08,-5.270461646476677e-07
4.246849369873975,PASSED,-0.26283436285944084,-1.4364460325952405e-08,1.0561944732628431e-07,2.640961891799019,7.49941347537602e-08,-5.776866217962217e-07
4.247849569913983,PASSED,-0.26283436287375295,-1.4259537962963344e-08,1.0445764009758071e-07,2.6409618918737388,7.443787703099189e-08,-5.41971790083052e-07
4.248849769953991,PASSED,-0.26283436288796047,-1.415538720031936e-08,1.0394617767491627e-07,2.640961891947912,7.390543695380193e-08,-5.260856019278955e-07
4.249849969993999,PASSED,-0.2628343629020643,-1.405204428606995e-08,1.0294073863240984e-07,2.6409618920215436,7.336370037498273e-08,-5.521705634133988e-07
4.250850170034007,PASSED,-0.26283436291606527,-1.3949677445083625e-08,1.0198424255560009e-07,2.64096189209464,7.282426903894419e-08,-5.309385177886404e-07
4.251850370074015,PASSED,-0.26283436292996426,-1.3848186831583932e-08,1.0116152746242329e-07,2.6409618921672013,7.229760602191644e-08,-5.238126831871668e-07
4.252850570114023,PASSED,-0.26283436294376217,-1.3747519869185774e-08,1.0033725235531212e-07,2.640961892239237,7.177367826514714e-08,-5.24004472490722e-07
4.253850770154031,PASSED,-0.2628343629574598,-1.3647604356309042e-08,9.96343532243477e-08,2.6409618923107483,7.124919022501914e-08,-5.248104185528528e-07
4.254850970194039,PASSED,-0.262834362971058,-1.354861391353318e-08,9.856116914353763e-08,2.64096189238174,7.073160616883192e-08,-5.127664812767853e-07
4.255851170234047,PASSED,-0.26283436298455765,-1.3450518792407e-08,9.778442244794476e-08,2.6409618924522196,7.022590022759596e-08,-5.009989145420768e-07
4.256851370274055,PASSED,-0.26283436299795954,-1.3353162852145606e-08,9.70702854703583e-08,2.6409618925221836,6.970771300482376e-08,-5.296460949256379e-07
4.257851570314063,PASSED,-0.2628343630112645,-1.3256573907317338e-08,9.626805106687357e-08,2.6409618925916476,6.920943836036655e-08,-4.773603441448997e-07
4.258851770354071,PASSED,-0.2628343630244734,-1.3160967819526906e-08,9.516477893947016e-08,2.6409618926606084,6.871708354058123e-08,-5.023511368789407e-07
4.259851970394079,PASSED,-0.26283436303758695,-1.3066092091784029e-08,9.468302694514664e-08,2.6409618927290683,6.82058882231384e-08,-5.170914378187548e-07
4.260852170434087,PASSED,-0.2628343630506061,-1.2971968955496529e-08,9.374987584907105e-08,2.6409618927970366,6.772034860393087e-08,-4.645050734667138e-07
4.261852370474095,PASSED,-0.26283436306353164,-1.287890384306488e-08,9.26086034866998e-08,2.640961892864518,6.724606033654044e-08,-4.808103966728983e-07
4.262852570514103,PASSED,-0.2628343630763642,-1.2786234636503798e-08,9.270960861066996e-08,2.640961892931514,6.675043033728312e-08,-5.055097343136152e-07
4.263852770554111,PASSED,-0.2628343630891047,-1.2694482739214976e-08,9.111342307425562e-08,2.6409618929980287,6.627012268717785e-08,-4.6350626063303027e-07
4.264852970594119,PASSED,-0.26283436310175384,-1.2603776073762995e-08,9.043549370379605e-08,2.6409618930640657,6.580436602688524e-08,-4.6725692673233165e-07
4.265853170634127,PASSED,-0.2628343631143125,-1.2513534575394734e-08,9.01121681445708e-08,2.6409618931296297,6.532778555407693e-08,-4.827961701922928e-07
4.266853370674135,PASSED,-0.2628343631267813,-1.2423909262758441e-08,8.930074229744163e-08,2.6409618931947247,6.485805411434154e-08,-4.610216194307927e-07
4.267853570714143,PASSED,-0.2628343631391611,-1.2335389131344142e-08,8.799972415886946e-08,2.6409618932593593,6.44074004307167e-08,-4.437417264208684e-07
4.268853770754151,PASSED,-0.2628343631514526,-1.2247542040761278e-08,8.774533486552724e-08,2.6409618933235266,6.393614868363683e-08,-4.895917608525324e-07
4.269853970794159,PASSED,-0.26283436316365644,-1.216009279521019e-08,8.725185267479367e-08,2.6409618933872405,6.348024180479018e-08,-4.334502908427364e-07
4.270854170834167,PASSED,-0.2628343631757735,-1.2073731565918724e-08,8.576748036924769e-08,2.6409618934505,6.30407310797019e-08,-4.435510145853107e-07
4.271854370874175,PASSED,-0.26283436318780445,-1.1988136062370844e-08,8.548085233363426e-08,2.6409618935133095,6.258289445567172e-08,-4.673603636600918e-07
4.272854570914183,PASSED,-0.26283436319974995,-1.190277867478787e-08,8.527507774920015e-08,2.6409618935756747,6.214005672490075e-08,-4.2648930884488046e-07
4.273854770954191,PASSED,-0.26283436321161063,-1.1818384224803248e-08,8.380736480823603e-08,2.6409618936375963,6.170625507174403e-08,-4.3867654936461564e-07
4.274854970994199,PASSED,-0.2628343632233874,-1.173493095935862e-08,8.321719920222267e-08,2.640961893699079,6.126104421770857e-08,-4.4956705714935826e-07
4.275855171034207,PASSED,-0.2628343632350807,-1.1651630968573733e-08,8.335518517332996e-08,2.640961893760126,6.082723416030147e-08,-4.2330539091226465e-07
4.276855371074215,PASSED,-0.2628343632466913,-1.1569208050498532e-08,8.180140667645016e-08,2.6409618938207395,6.040124296491183e-08,-4.27781731707883e-07
4.277855571114223,PASSED,-0.26283436325821985,-1.1487827278433014e-08,8.110034899156456e-08,2.6409618938809283,5.997497011938764e-08,-4.2526692140171543e-07
4.278855771154231,PASSED,-0.26283436326966697,-1.1406492790785085e-08,8.149058008550503e-08,2.6409618939406894,5.95470846275116e-08,-4.2963120552559373e-07
4.279855971194239,PASSED,-0.2628343632810333,-1.1325888342972307e-08,8.001369296429455e-08,2.640961894000031,5.913113327892268e-08,-4.0683144396447125e-07
4.280856171234247,PASSED,-0.2628343632923195,-1.1246343405301548e-08,7.923243414173303e-08,2.640961894058953,5.871641897134169e-08,-4.199695499920012e-07
4.281856371274255,PASSED,-0.26283436330352616,-1.1166987104496654e-08,7.943887858033567e-08,2.64096189411746,5.8296879331080695e-08,-4.192530337736629e-07
4.282856571314263,PASSED,-0.262834363314654,-1.1088359343591902e-08,7.808701578769632e-08,2.6409618941755535,5.7886788869664185e-08,-4.039820798450795e-07
4.283856771354271,PASSED,-0.26283436332570337,-1.1010382077498505e-08,7.790409963053151e-08,2.6409618942332402,5.74859987887617e-08,-3.9866208160741773e-07
4.284856971394279,PASSED,-0.262834363336675,-1.0932817383838589e-08,7.73384230128398e-08,2.64096189429052,5.7077933320699695e-08,-4.143343923650703e-07
4.285857171434287,PASSED,-0.26283436334756954,-1.0856100382556308e-08,7.630272012857614e-08,2.640961894347398,5.6673933893619856e-08,-3.971094502230186e-07
4.286857371474295,PASSED,-0.2628343633583875,-1.077980638726811e-08,7.62881787279464e-08,2.640961894403874,5.62782201954408e-08,-3.947831968164137e-07
4.287857571514303,PASSED,-0.26283436336912935,-1.0703787964493115e-08,7.583858547302684e-08,2.640961894459954,5.588278179033511e-08,-3.958752106318811e-07
4.288857771554311,PASSED,-0.26283436337979577,-1.0628739345690499e-08,7.45219743556745e-08,2.6409618945156392,5.5487409865004856e-08,-3.9503640179582646e-07
4.289857971594319,PASSED,-0.2628343633903872,-1.0554184244911583e-08,7.457718506107686e-08,2.6409618945709363,5.510307045774142e-08,-3.772080775751741e-07
4.290858171634327,PASSED,-0.2628343634009042,-1.047985814714756e-08,7.415870623265367e-08,2.6409618946258413,5.471156384110541e-08,-4.010389760099052e-07
4.291858371674335,PASSED,-0.2628343634113473,-1.0406147436219934e-08,7.341204739094359e-08,2.6409618946803604,5.432285487012491e-08,-3.80488967627565e-07
4.292858571714343,PASSED,-0.262834363421717,-1.0333151500458029e-08,7.271852800921127e-08,2.640961894734498,5.3950449175161395e-08,-3.6701684652080976e-07
4.293858771754351,PASSED,-0.2628343634320138,-1.0260412929752851e-08,7.275193250249058e-08,2.640961894788257,5.357186452447262e-08,-3.862965201340961e-07
4.294858971794359,PASSED,-0.2628343634422382,-1.0188279974182163e-08,7.17203042828201e-08,2.640961894841633,5.3181405314476974e-08,-3.9323433657000583e-07
4.295859171834367,PASSED,-0.2628343634523907,-1.0116661244889615e-08,7.155101263236488e-08,2.640961894894638,5.281760427894151e-08,-3.4417883484577596e-07
4.296859371874375,PASSED,-0.2628343634624718,-1.0045408915123811e-08,7.105320785476255e-08,2.640961894947268,5.2450654450930146e-08,-3.82130490121758e-07
4.297859571914383,PASSED,-0.26283436347248185,-9.974623294859331e-09,7.060722853762707e-08,2.640961894999529,5.207079246193033e-08,-3.7834965491852656e-07
4.298859771954391,PASSED,-0.26283436348242145,-9.904440636021481e-09,6.989961237133189e-08,2.64096189505142,5.170614593725722e-08,-3.5551110450949404e-07
4.299859971994399,PASSED,-0.26283436349229095,-9.834513181822278e-09,6.994601541778424e-08,2.6409618951029463,5.134757277644563e-08,-3.606145316796581e-07
4.300860172034407,PASSED,-0.26283436350209083,-9.765072880692882e-09,6.91031582704726e-08,2.6409618951541063,5.0976488488234254e-08,-3.7806412589918876e-07
4.301860372074415,PASSED,-0.26283436351182154,-9.69625897652567e-09,6.862106809837137e-08,2.640961895204909,5.062114137435398e-08,-3.4020243920099806e-07
4.302860572114423,PASSED,-0.2628343635214835,-9.627712885263592e-09,6.849610670454977e-08,2.6409618952553515,5.0267648906137805e-08,-3.623524875596274e-07
4.303860772154431,PASSED,-0.26283436353107714,-9.559491959703378e-09,6.803747146398848e-08,2.640961895305438,4.9905257629730266e-08,-3.6241713563947745e-07
4.304860972194439,PASSED,-0.2628343635406029,-9.491941589214575e-09,6.722563650534438e-08,2.6409618953551677,4.955089079623412e-08,-3.4899996540059475e-07
4.305861172234447,PASSED,-0.26283436355006107,-9.424461813545535e-09,6.764920177817059e-08,2.6409618954045473,4.920643235844299e-08,-3.4143075271814935e-07
4.306861372274455,PASSED,-0.26283436355945217,-9.357529394322934e-09,6.645456418555318e-08,2.640961895453575,4.8853140622514754e-08,-3.6119905806830246e-07
4.307861572314463,PASSED,-0.26283436356877654,-9.291230345773413e-09,6.619537145883312e-08,2.640961895502254,4.850128256550399e-08,-3.4563072297240873e-07
4.308861772354471,PASSED,-0.26283436357803464,-9.224919880887654e-09,6.638719383704312e-08,2.640961895550588,4.8163780045611126e-08,-3.320837178398271e-07
4.309861972394479,PASSED,-0.2628343635872267,-9.159151273186087e-09,6.535621694458233e-08,2.640961895598576,4.78176402190099e-08,-3.5551056577549527e-07
4.310862172434487,PASSED,-0.26283436359635326,-9.093897637554479e-09,6.518524808962625e-08,2.6409618956462237,4.747380444997453e-08,-3.360525712086225e-07
4.311862372474495,PASSED,-0.26283436360541457,-9.02869115238836e-09,6.522064321711366e-08,2.640961895693531,4.713921421833212e-08,-3.3361533859827496e-07
4.312862572514503,PASSED,-0.2628343636144111,-8.96421717569588e-09,6.39761990093914e-08,2.6409618957404986,4.679886384277506e-08,-3.448404001962417e-07
4.313862772554511,PASSED,-0.26283436362334317,-8.89999851398533e-09,6.438030351132384e-08,2.6409618957871293,4.6460596536097573e-08,-3.33885244331649e-07
4.314862972594519,PASSED,-0.2628343636322111,-8.835768987597235e-09,6.412900830594193e-08,2.640961895833428,4.6134191074604584e-08,-3.21418939600561e-07
4.315863172634527,PASSED,-0.2628343636410153,-8.772430719437041e-09,6.28111080630297e-08,2.6409618958793906,4.579641455459996e-08,-3.4868157360733317e-07
4.316863372674535,PASSED,-0.26283436364975604,-8.709124443096517e-09,6.36363885255219e-08,2.6409618959250247,4.54663726386154e-08,-3.1761547756938207e-07
4.317863572714543,PASSED,-0.2628343636584337,-8.646055724711147e-09,6.269027162527086e-08,2.6409618959703285,4.514336292526333e-08,-3.266058705405314e-07
4.318863772754551,PASSED,-0.2628343636670487,-8.583847648002997e-09,6.188661343006838e-08,2.6409618960153036,4.4809164137744406e-08,-3.392607321711821e-07
4.319863972794559,PASSED,-0.2628343636756013,-8.521541312853023e-09,6.25861496299101e-08,2.6409618960599546,4.448651925505629e-08,-3.1156764969940826e-07
4.320864172834567,PASSED,-0.26283436368409185,-8.459456653506017e-09,6.175033249173548e-08,2.640961896104281,4.416805688764087e-08,-3.230588458927577e-07
4.321864372874575,PASSED,-0.26283436369252067,-8.398032067693732e-09,6.120742135931903e-08,2.640961896148287,4.384413919200731e-08,-3.2449026212743797e-07
4.322864572914583,PASSED,-0.26283436370088814,-8.336980680042126e-09,6.094736517979526e-08,2.6409618961919703,4.3521888662606275e-08,-3.2075737425009534e-07
4.323864772954591,PASSED,-0.2628343637091945,-8.275778467634411e-09,6.137211055966334e-08,2.640961896235336,4.320681644049819e-08,-3.1128212068007045e-07
4.3248649729945985,PASSED,-0.2628343637174402,-8.21527886700776e-09,5.991792733797608e-08,2.6409618962783834,4.288969271932287e-08,-3.210181215054906e-07
4.3258651730346065,PASSED,-0.26283436372562535,-8.155178696193467e-09,6.022166646516833e-08,2.640961896321116,4.257349831429539e-08,-3.12978594042136e-07
4.3268653730746145,PASSED,-0.2628343637337505,-8.095062560050345e-09,6.004578259509225e-08,2.640961896363535,4.226338072102702e-08,-3.0821025941919477e-07
4.3278655731146225,PASSED,-0.2628343637418159,-8.035455466515056e-09,5.9314634162086406e-08,2.640961896405642,4.195212715324888e-08,-3.1328244001743127e-07
4.3288657731546305,PASSED,-0.2628343637498218,-7.976270626469206e-09,5.909831063502686e-08,2.640961896447438,4.163945596082643e-08,-3.12263694025794e-07
4.3298659731946385,PASSED,-0.2628343637577686,-7.917288800131426e-09,5.890417013961358e-08,2.6409618964889274,4.1336460538768344e-08,-2.9681657407961913e-07
4.3308661732346465,PASSED,-0.2628343637656565,-7.85848216701375e-09,5.874160843638673e-08,2.640961896530107,4.10273676175656e-08,-3.172771526181667e-07
4.3318663732746545,PASSED,-0.26283436377348596,-7.800211916391874e-09,5.795601207886796e-08,2.6409618965709822,4.0720376620932375e-08,-3.0013355930992636e-07
4.3328665733146625,PASSED,-0.26283436378125724,-7.742334761456267e-09,5.782458350676858e-08,2.640961896611552,4.041988846690448e-08,-3.007245505065557e-07
4.3338667733546705,PASSED,-0.2628343637889705,-7.684313471402702e-09,5.815242775142943e-08,2.640961896651823,4.0121799941853805e-08,-2.963311747467449e-07
4.3348669733946785,PASSED,-0.2628343637966264,-7.627139896341652e-09,5.652100660079792e-08,2.640961896691791,3.981731632099757e-08,-3.099185849292328e-07
4.3358671734346865,PASSED,-0.262834363804225,-7.570163605958255e-09,5.727981290512997e-08,2.6409618967314605,3.95176764575241e-08,-2.927873825029637e-07
4.3368673734746945,PASSED,-0.26283436381176656,-7.51301109288217e-09,5.70676465233894e-08,2.640961896770836,3.923077819185508e-08,-2.829721877797272e-07
4.3378675735147025,PASSED,-0.2628343638192516,-7.45679775939941e-09,5.564379145567411e-08,2.640961896809912,3.8927775119774205e-08,-3.163569949483007e-07
4.3388677735547105,PASSED,-0.26283436382668035,-7.400740214351264e-09,5.6333380776460625e-08,2.6409618968486948,3.8630348698808e-08,-2.8480603831147413e-07
4.3398679735947185,PASSED,-0.26283436383405306,-7.34457871914537e-09,5.604690482551536e-08,2.6409618968871853,3.8349658803740577e-08,-2.779457995713845e-07
4.3408681736347265,PASSED,-0.26283436384137016,-7.289305878318678e-09,5.475679816081026e-08,2.640961896925386,3.805639496488912e-08,-3.034758650381748e-07
4.3418683736747345,PASSED,-0.26283436384863185,-7.234220384471154e-09,5.530462430533201e-08,2.6409618969632955,3.7761162699753024e-08,-2.8973653186803927e-07
4.3428685737147426,PASSED,-0.2628343638558385,-7.1790953845304e-09,5.5005250364369455e-08,2.640961897000922,3.7486251265556204e-08,-2.6502803574934353e-07
4.343868773754751,PASSED,-0.2628343638629905,-7.12476228550224e-09,5.388499813735446e-08,2.640961897038259,3.7196400306586824e-08,-3.063995744493941e-07
4.344868973794759,PASSED,-0.26283436387008813,-7.0706406581025705e-09,5.427938024121266e-08,2.6409618970753144,3.690766452699486e-08,-2.7695991635367096e-07
4.345869173834767,PASSED,-0.26283436387713166,-7.016418523226064e-09,5.4183971300036604e-08,2.640961897112087,3.663611339224185e-08,-2.679452803525778e-07
4.346869373874775,PASSED,-0.2628343638841215,-6.962975778557189e-09,5.2948593581433715e-08,2.640961897148576,3.6349201658222856e-08,-2.9955603646326576e-07
4.347869573914783,PASSED,-0.26283436389105785,-6.9097711715080055e-09,5.3375282694348334e-08,2.6409618971847912,3.607338956852692e-08,-2.5998279185104454e-07
4.348869773954791,PASSED,-0.2628343638979412,-6.8568298553237155e-09,5.265200517758442e-08,2.6409618972207274,3.580229894359604e-08,-2.784958469841088e-07
4.349869973994799,PASSED,-0.2628343639047718,-6.8042396920517526e-09,5.2548935334882124e-08,2.6409618972563877,3.55195030295807e-08,-2.8566262536948755e-07
4.350870174034807,PASSED,-0.26283436391154996,-6.752045894027838e-09,5.195703981660308e-08,2.640961897291775,3.5249942301459465e-08,-2.5882612995572706e-07
4.351870374074815,PASSED,-0.262834363918276,-6.700088162499e-09,5.195819267032784e-08,2.6409618973268887,3.4981011676623174e-08,-2.756669547566696e-07
4.352870574114823,PASSED,-0.26283436392495035,-6.648447919829138e-09,5.142827600288532e-08,2.640961897361734,3.4709513876536036e-08,-2.687183636407849e-07
4.353870774154831,PASSED,-0.2628343639315732,-6.597213140828447e-09,5.1105780999228076e-08,2.6409618973963096,3.4440944203478906e-08,-2.6847054600135964e-07
4.354870974194839,PASSED,-0.26283436393814513,-6.546458233979291e-09,5.0520990749107504e-08,2.640961897430619,3.417665056991666e-08,-2.615090252695049e-07
4.355871174234847,PASSED,-0.26283436394466625,-6.495790346063228e-09,5.0765819360699304e-08,2.6409618974646647,3.3914734584984496e-08,-2.621872913739318e-07
4.356871374274855,PASSED,-0.2628343639511369,-6.445399578110955e-09,5.0140733679988736e-08,2.6409618974984466,3.365052089954766e-08,-2.655646148120991e-07
4.357871574314863,PASSED,-0.2628343639575576,-6.395792900607293e-09,4.925064005277633e-08,2.6409618975319673,3.3389452235448736e-08,-2.5807136362347755e-07
4.358871774354871,PASSED,-0.26283436396392856,-6.346285964474594e-09,4.9677800185980674e-08,2.640961897565226,3.312927334442215e-08,-2.615839092953312e-07
4.359871974394879,PASSED,-0.2628343639702502,-6.296796309993605e-09,4.936422401099506e-08,2.6409618975982307,3.2877264138993007e-08,-2.4562606951834085e-07
4.360872174434887,PASSED,-0.26283436397652277,-6.248168060847977e-09,4.813759923538387e-08,2.6409618976309783,3.262112855437384e-08,-2.6314192801971783e-07
4.361872374474895,PASSED,-0.26283436398274673,-6.199883637840546e-09,4.838230552212873e-08,2.640961897663471,3.236290666847111e-08,-2.5494185782473554e-07
4.362872574514903,PASSED,-0.26283436398892235,-6.151414695506322e-09,4.852670020895464e-08,2.640961897695713,3.2118240299698144e-08,-2.3781604273845395e-07
4.363872774554911,PASSED,-0.2628343639950501,-6.10375127057186e-09,4.708790808480051e-08,2.6409618977277023,3.186502993294539e-08,-2.634732494289494e-07
4.364872974594919,PASSED,-0.2628343640011302,-6.056537347924147e-09,4.7297932356321114e-08,2.6409618977594462,3.161754286070176e-08,-2.3682962078674165e-07
4.365873174634927,PASSED,-0.26283436400716303,-6.009192425922859e-09,4.737624843126592e-08,2.640961897790942,3.137590697841856e-08,-2.4484005661416374e-07
4.366873374674935,PASSED,-0.2628343640131491,-5.96258359862578e-09,4.609721320762137e-08,2.6409618978221943,3.1129631087950925e-08,-2.4723311303661373e-07
4.367873574714943,PASSED,-0.26283436401908855,-5.916442664095795e-09,4.617008207822615e-08,2.6409618978532006,3.088219756586678e-08,-2.475671281158391e-07
4.368873774754951,PASSED,-0.26283436402498195,-5.87032493176126e-09,4.608283250540769e-08,2.6409618978839684,3.064825146493495e-08,-2.248654161424892e-07
4.369873974794959,PASSED,-0.26283436403082944,-5.824549882033492e-09,4.556986120934152e-08,2.6409618979144964,3.0411610724288175e-08,-2.444909569829734e-07
4.370874174834967,PASSED,-0.2628343640366316,-5.779473363124684e-09,4.474762404178627e-08,2.64096189794479,3.017349827010361e-08,-2.3386011898562856e-07
4.371874374874975,PASSED,-0.26283436404238864,-5.734658800214354e-09,4.485918882269235e-08,2.6409618979748446,2.9936039838993526e-08,-2.398573058597198e-07
4.372874574914983,PASSED,-0.26283436404810095,-5.689987212791243e-09,4.4546519823390296e-08,2.640961898004668,2.970734046847553e-08,-2.212607469568492e-07
4.373874774954991,PASSED,-0.262834364053769,-5.645841110959907e-09,4.3879156503299945e-08,2.6409618980342584,2.9476911977315142e-08,-2.365403206294126e-07
4.374874974994999,PASSED,-0.262834364059393,-5.602114964798593e-09,4.362413926665562e-08,2.64096189806362,2.9244719886536444e-08,-2.2929327087822005e-07
4.375875175035007,PASSED,-0.2628343640649734,-5.5586924863193855e-09,4.328803795424271e-08,2.640961898092754,2.9021506121087325e-08,-2.191607618297195e-07
4.376875375075015,PASSED,-0.2628343640705106,-5.5155662266255686e-09,4.301840752019998e-08,2.6409618981216596,2.8792921285417462e-08,-2.3486755156329213e-07
4.377875575115023,PASSED,-0.26283436407600486,-5.472905310314015e-09,4.2422588839122384e-08,2.640961898150344,2.857177528880235e-08,-2.119982933163308e-07
4.378875775155031,PASSED,-0.2628343640814567,-5.4307471092157445e-09,4.1981942604369906e-08,2.6409618981788068,2.8354996269981105e-08,-2.199661691578516e-07
4.379875975195039,PASSED,-0.2628343640868663,-5.388489240733931e-09,4.244181906677573e-08,2.640961898207049,2.8130608495401906e-08,-2.2733551152676052e-07
4.380876175235047,PASSED,-0.26283436409223415,-5.3470246401259535e-09,4.08131216354447e-08,2.6409618982350747,2.7916798655141378e-08,-2.0479272608304204e-07
4.381876375275055,PASSED,-0.26283436409756067,-5.306087232724461e-09,4.1020264578857e-08,2.6409618982628804,2.769902879674963e-08,-2.2642127993088084e-07
4.382876575315063,PASSED,-0.262834364102846,-5.264725559001954e-09,4.158927981827491e-08,2.640961898290475,2.7485077484941032e-08,-2.0563799972708167e-07
4.383876775355071,PASSED,-0.26283436410809075,-5.2243697831453014e-09,3.9533439882237633e-08,2.640961898317855,2.7276531291341895e-08,-2.1048498951384048e-07
4.384876975395079,PASSED,-0.26283436411329514,-5.184471853844062e-09,4.014092224724009e-08,2.640961898345027,2.7067150167791494e-08,-2.086452129081073e-07
4.385877175435087,PASSED,-0.2628343641184595,-5.144376429561491e-09,4.006509230612475e-08,2.640961898371989,2.6857044554759574e-08,-2.1107921311446235e-07
4.386877375475095,PASSED,-0.26283436412358435,-5.105031175618135e-09,3.886536170151026e-08,2.640961898398745,2.6651852842277058e-08,-2.0126671206121964e-07
4.387877575515103,PASSED,-0.26283436412866995,-5.066126160057455e-09,3.893145146679274e-08,2.6409618984252936,2.6446301578723774e-08,-2.084076312146583e-07
4.388877775555111,PASSED,-0.2628343641337166,-5.027176530227295e-09,3.896174873907195e-08,2.64096189845164,2.6244114062511892e-08,-1.9804077287670127e-07
4.389877975595119,PASSED,-0.2628343641387248,-4.988905144491084e-09,3.7811143734302626e-08,2.6409618984777867,2.6048365710546674e-08,-1.9422007135756227e-07
4.390878175635127,PASSED,-0.26283436414369477,-4.9510442021981274e-09,3.789414133206047e-08,2.6409618985037353,2.5849957413336027e-08,-2.0120044777937331e-07
4.391878375675135,PASSED,-0.2628343641486269,-4.913220036627592e-09,3.7777515062850794e-08,2.640961898529483,2.5646555698437757e-08,-2.0486922631086462e-07
4.392878575715143,PASSED,-0.26283436415352157,-4.875953878317916e-09,3.692525380756026e-08,2.6409618985550365,2.545567857928924e-08,-1.815490477069491e-07
4.393878775755151,PASSED,-0.26283436415837913,-4.839158147940954e-09,3.6709381423228734e-08,2.640961898580397,2.5268156049004143e-08,-1.9150485200385946e-07
4.394878975795159,PASSED,-0.2628343641631999,-4.8022668944451336e-09,3.7012501544215994e-08,2.640961898605566,2.5070766928772333e-08,-2.0131196571711466e-07
4.395879175835167,PASSED,-0.2628343641679842,-4.766126743672327e-09,3.555858359186558e-08,2.6409618986305423,2.4879094961482058e-08,-1.8524530167237668e-07
4.396879375875175,PASSED,-0.2628343641727325,-4.730351448794092e-09,3.591976906914799e-08,2.640961898655332,2.4698262537740248e-08,-1.7789050512143402e-07
4.397879575915183,PASSED,-0.26283436417744493,-4.694553447311681e-09,3.571682309125281e-08,2.6409618986799335,2.4508615132817282e-08,-1.9748533812398943e-07
4.398879775955191,PASSED,-0.2628343641821219,-4.659278956867579e-09,3.49796020126698e-08,2.64096189870435,2.4320760095908157e-08,-1.8143483609921397e-07
4.399879975995199,PASSED,-0.26283436418676387,-4.624509382152741e-09,3.462955651628298e-08,2.640961898728587,2.4150201329522517e-08,-1.6330805324325384e-07
4.400880176035207,PASSED,-0.26283436419137096,-4.5897392729099595e-09,3.486381106044868e-08,2.6409618987526375,2.396028735901697e-08,-2.0765124868041252e-07
4.401880376075215,PASSED,-0.2628343641959437,-4.555532549679648e-09,3.3768664676887065e-08,2.6409618987765104,2.3777285776702587e-08,-1.6656847140369222e-07
4.402880576115223,PASSED,-0.2628343642004823,-4.521666603006002e-09,3.3930801338151706e-08,2.640961898800205,2.3611591347338468e-08,-1.651117346710707e-07
4.403880776155231,PASSED,-0.262834364204987,-4.487830992964759e-09,3.3772149176638025e-08,2.640961898823723,2.3429470056378045e-08,-1.9346099515332275e-07
4.404880976195239,PASSED,-0.26283436420945827,-4.454490393781595e-09,3.30528991875137e-08,2.640961898847067,2.325285247194886e-08,-1.653886439464285e-07
4.405881176235247,PASSED,-0.2628343642138964,-4.421694769473845e-09,3.2624107721240414e-08,2.640961898870238,2.3088553794628702e-08,-1.6357203290264163e-07
4.406881376275255,PASSED,-0.2628343642183016,-4.388775453240235e-09,3.311612190852167e-08,2.640961898893236,2.2911655853026565e-08,-1.8578188073513225e-07
4.407881576315263,PASSED,-0.2628343642226742,-4.356274548404766e-09,3.209076012010125e-08,2.640961898916062,2.2736893560742276e-08,-1.6741589998372686e-07
4.408881776355271,PASSED,-0.2628343642270146,-4.3243813205813574e-09,3.176153962561356e-08,2.6409618989387225,2.258076036689438e-08,-1.4861138975733853e-07
4.409881976395279,PASSED,-0.26283436423132295,-4.292379583810379e-09,3.216186820122231e-08,2.640961898961215,2.241203954541888e-08,-1.8212710928760845e-07
4.410882176435287,PASSED,-0.2628343642355996,-4.260662035097017e-09,3.1421335721455844e-08,2.640961898983542,2.223919137503215e-08,-1.6666221111947483e-07
4.411882376475295,PASSED,-0.26283436423984485,-4.2297409549199195e-09,3.058757648085768e-08,2.640961899005706,2.208492252406033e-08,-1.4600661087337957e-07
4.412882576515303,PASSED,-0.26283436424405904,-4.198769439849405e-09,3.1227474130286556e-08,2.6409618990277064,2.192126828034948e-08,-1.754193322691652e-07
4.413882776555311,PASSED,-0.2628343642482423,-4.167716670637308e-09,3.093629926663652e-08,2.640961899049545,2.17540912550208e-08,-1.6168215403502463e-07
4.414882976595319,PASSED,-0.26283436425239504,-4.137481076612703e-09,2.9768457196584273e-08,2.640961899071226,2.1603101246912176e-08,-1.438619108243536e-07
4.415883176635327,PASSED,-0.2628343642565174,-4.107382364009315e-09,3.0318882874591314e-08,2.6409618990927495,2.1448440197589267e-08,-1.6186047498861108e-07
4.416883376675335,PASSED,-0.2628343642606098,-4.077295652157485e-09,2.9931931169987536e-08,2.640961899114114,2.128222308849956e-08,-1.6912153182377114e-07
4.417883576715343,PASSED,-0.2628343642646724,-4.047761753223933e-09,2.9268544109261644e-08,2.640961899135324,2.113084939403703e-08,-1.3954180288837283e-07
4.418883776755351,PASSED,-0.2628343642687055,-4.0183943990571365e-09,2.9433227538486925e-08,2.640961899156378,2.0981375060160493e-08,-1.5609602120198008e-07
4.419883976795359,PASSED,-0.26283436427270923,-3.98908769721758e-09,2.9222351373601366e-08,2.6409618991772814,2.082518885488712e-08,-1.5624632798763147e-07
4.420884176835367,PASSED,-0.262834364276684,-3.960247796236824e-09,2.8584934052193856e-08,2.6409618991980324,2.0674915362996837e-08,-1.4629160115871863e-07
4.421884376875375,PASSED,-0.26283436428063,-3.931738392228862e-09,2.845905064514085e-08,2.6409618992186306,2.0523211101352673e-08,-1.5531270196779677e-07
4.422884576915383,PASSED,-0.26283436428454743,-3.9031201585175645e-09,2.8724355755401747e-08,2.6409618992390826,2.0377411364334814e-08,-1.3945776038456776e-07
4.423884776955391,PASSED,-0.2628343642884365,-3.874840944278295e-09,2.798245322851583e-08,2.6409618992593895,2.0236979034146506e-08,-1.410820433908007e-07
4.424884976995399,PASSED,-0.2628343642922975,-3.8470588738368755e-09,2.7648481916688108e-08,2.6409618992795467,2.008168314067947e-08,-1.6477179351785911e-07
4.425885177035407,PASSED,-0.26283436429613066,-3.819357409515367e-09,2.7736785924721767e-08,2.640961899299557,1.9933298988922804e-08,-1.3745905724920316e-07
4.426885377075415,PASSED,-0.2628343642999361,-3.79164926735287e-09,2.7689046321013528e-08,2.6409618993194246,1.9800062097768608e-08,-1.3042211375752334e-07
4.427885577115423,PASSED,-0.2628343643037141,-3.764302032008427e-09,2.7119361360063484e-08,2.6409618993391493,1.965426473118034e-08,-1.5604753514209253e-07
4.428885777155431,PASSED,-0.262834364307465,-3.737423646123451e-09,2.6717735568251243e-08,2.640961899358732,1.950765904810035e-08,-1.4031111503858864e-07
4.429885977195439,PASSED,-0.26283436431118884,-3.7103948429148063e-09,2.7236181635573817e-08,2.640961899378172,1.937146633898861e-08,-1.3344710516050774e-07
4.430886177235447,PASSED,-0.2628343643148858,-3.6834782788565485e-09,2.6703485673380595e-08,2.6409618993974715,1.9229878101132582e-08,-1.4701565965303938e-07
4.431886377275455,PASSED,-0.26283436431855617,-3.657095220385421e-09,2.616944033629242e-08,2.640961899416634,1.9091799392038015e-08,-1.3212074205558385e-07
4.432886577315463,PASSED,-0.2628343643222002,-3.6309475204199123e-09,2.6133206384985722e-08,2.6409618994356583,1.895770397438341e-08,-1.3541186805395104e-07
4.433886777355471,PASSED,-0.26283436432581786,-3.6045336914450546e-09,2.660091070143866e-08,2.6409618994545454,1.8818390271470108e-08,-1.4191492615286905e-07
4.434886977395479,PASSED,-0.2628343643294095,-3.5785351179442458e-09,2.5597015367055275e-08,2.640961899473298,1.868400749310057e-08,-1.2936134651398348e-07
4.435887177435487,PASSED,-0.2628343643329753,-3.5530787646840725e-09,2.5362578522251933e-08,2.6409618994919124,1.854705549229099e-08,-1.4201243700664292e-07
4.436887377475495,PASSED,-0.2628343643365154,-3.527309100315959e-09,2.60410549320211e-08,2.6409618995103945,1.8413817092681597e-08,-1.2738904134455767e-07
4.437887577515503,PASSED,-0.26283436434003,-3.501736548298985e-09,2.5260216740275365e-08,2.6409618995287425,1.8283154272573434e-08,-1.3284533928390335e-07
4.438887777555511,PASSED,-0.26283436434351914,-3.4765256493290606e-09,2.5178020456357273e-08,2.6409618995469604,1.8152116170361738e-08,-1.2983327749688898e-07
4.439887977595519,PASSED,-0.2628343643469832,-3.4514581340215877e-09,2.4993845208216758e-08,2.6409618995650423,1.801503972199845e-08,-1.4190522894089154e-07
4.440888177635527,PASSED,-0.26283436435042223,-3.4265395524873452e-09,2.4868405751592492e-08,2.6409618995829973,1.788974646365583e-08,-1.1421861127710272e-07
4.441888377675535,PASSED,-0.26283436435383634,-3.4016913100350736e-09,2.4834800252724452e-08,2.6409618996008213,1.7762782806676686e-08,-1.354603541138386e-07
4.442888577715543,PASSED,-0.2628343643572257,-3.377066158305221e-09,2.4485386047938317e-08,2.6409618996185174,1.7629009767446934e-08,-1.3264816264036066e-07
4.443888777755551,PASSED,-0.2628343643605906,-3.352691961929878e-09,2.4300069926946123e-08,2.640961899636083,1.750044348456831e-08,-1.2584502970413857e-07
4.444888977795559,PASSED,-0.262834364363931,-3.328200947768839e-09,2.461831031710053e-08,2.6409618996535245,1.7381403958229988e-08,-1.1450252409444426e-07
4.445889177835567,PASSED,-0.26283436436724716,-3.3039868793559556e-09,2.3944573810072526e-08,2.640961899670836,1.724841790162561e-08,-1.4530841161099885e-07
4.446889377875575,PASSED,-0.2628343643705392,-3.2800695536479075e-09,2.3899160306698245e-08,2.6409618996880244,1.7121893636095848e-08,-1.1400150147560624e-07
4.447889577915583,PASSED,-0.2628343643738072,-3.256041370871109e-09,2.4114197756865625e-08,2.640961899705085,1.7001378517334947e-08,-1.248575302844288e-07
4.448889777955591,PASSED,-0.26283436437705143,-3.232226743986012e-09,2.3614912970584904e-08,2.6409618997220203,1.6870844562399284e-08,-1.343182380364874e-07
4.449889977995599,PASSED,-0.26283436438027186,-3.2085864411256272e-09,2.365722945358462e-08,2.6409618997388336,1.6750006418732736e-08,-1.1185141408659274e-07
4.450890178035607,PASSED,-0.26283436438346874,-3.1851193370879134e-09,2.3340353760466378e-08,2.6409618997555246,1.663377994584229e-08,-1.191431787596816e-07
4.451890378075615,PASSED,-0.26283436438664215,-3.161699064096067e-09,2.3473552479432386e-08,2.6409618997720914,1.6503475599336894e-08,-1.3774512500253972e-07
4.452890578115623,PASSED,-0.2628343643897922,-3.1383207855739166e-09,2.331476255062911e-08,2.640961899788536,1.6380314757908133e-08,-1.1343798571291315e-07
4.453890778155631,PASSED,-0.2628343643929191,-3.1153431062182098e-09,2.275295722575851e-08,2.6409618998048607,1.6268922560682074e-08,-1.1002833823482085e-07
4.454890978195639,PASSED,-0.26283436439602287,-3.0923252613987883e-09,2.319443654853073e-08,2.6409618998210673,1.6148048214090806e-08,-1.2810501882889718e-07
4.455891178235647,PASSED,-0.2628343643991036,-3.069264565564198e-09,2.2971535358629365e-08,2.6409618998371496,1.6017655299716015e-08,-1.3191817807205364e-07
4.456891378275655,PASSED,-0.2628343644021616,-3.046580992861902e-09,2.2491597598073782e-08,2.6409618998531132,1.5903162365086747e-08,-1.028761056674084e-07
4.457891578315663,PASSED,-0.2628343644051968,-3.0239125417410447e-09,2.2786353469379314e-08,2.640961899868959,1.5791234558519133e-08,-1.1796227383442037e-07
4.458891778355671,PASSED,-0.26283436440820945,-3.0013033379852816e-09,2.249110394668613e-08,2.640961899884688,1.566835870737571e-08,-1.2615156934942764e-07
4.459891978395679,PASSED,-0.26283436441119956,-2.978900732015834e-09,2.2343607317955557e-08,2.6409618999002977,1.5549038500624038e-08,-1.1476596501983328e-07
4.460892178435687,PASSED,-0.2628343644141673,-2.9565555550515546e-09,2.234622339516248e-08,2.640961899915793,1.5439838412038895e-08,-1.0548950429534737e-07
4.461892378475695,PASSED,-0.2628343644171127,-2.934179685222514e-09,2.2395634118292406e-08,2.6409618999311695,1.5318949735123262e-08,-1.311547919958241e-07
4.462892578515703,PASSED,-0.262834364420036,-2.9122101092712718e-09,2.1685537173208514e-08,2.6409618999464315,1.5200886179297077e-08,-1.0933606504642637e-07
4.463892778555711,PASSED,-0.26283436442293723,-2.8903215957280506e-09,2.202383112322912e-08,2.6409618999615776,1.5091552700173845e-08,-1.0933175517443638e-07
4.464892978595719,PASSED,-0.2628343644258165,-2.8683028258804947e-09,2.2015395663773656e-08,2.640961899976609,1.4974621886453432e-08,-1.2199685275106332e-07
4.465893178635727,PASSED,-0.2628343644286739,-2.8464948107031878e-09,2.1669761519662583e-08,2.640961899991526,1.4857502408086658e-08,-1.138678954439161e-07
4.466893378675735,PASSED,-0.2628343644315096,-2.824815903124198e-09,2.1685004951874596e-08,2.6409619000063307,1.4749690098282298e-08,-1.0377525271132309e-07
4.467893578715743,PASSED,-0.2628343644343237,-2.8032835607322124e-09,2.1430567352059444e-08,2.6409619000210225,1.463740586530111e-08,-1.1795688649443285e-07
4.468893778755751,PASSED,-0.26283436443711616,-2.781842033455662e-09,2.144883389287777e-08,2.6409619000356024,1.452148313063916e-08,-1.1456663344029558e-07
4.469893978795759,PASSED,-0.26283436443988734,-2.7605574548046445e-09,2.117507515644437e-08,2.6409619000500695,1.4411245655866025e-08,-1.0735136899502931e-07
4.470894178835767,PASSED,-0.2628343644426372,-2.739160000804734e-09,2.1545706562220956e-08,2.6409619000644255,1.4301980057226634e-08,-1.1054175173563014e-07
4.471894378875775,PASSED,-0.2628343644453658,-2.7179619806632344e-09,2.0966229194352568e-08,2.6409619000786706,1.4188959051628753e-08,-1.1467384150604693e-07
4.472894578915783,PASSED,-0.26283436444807323,-2.6970319657644664e-09,2.0905872035044742e-08,2.640961900092804,1.4076949357493327e-08,-1.1023359588834481e-07
4.473894778955791,PASSED,-0.2628343644507598,-2.6761584683964306e-09,2.0851914256696282e-08,2.640961900106832,1.397574192651365e-08,-9.518998770723414e-08
4.474894978995799,PASSED,-0.2628343644534255,-2.6552888919865037e-09,2.0881351178747357e-08,2.6409619001207467,1.3860384323816387e-08,-1.2880267935727915e-07
4.475895179035807,PASSED,-0.26283436445607034,-2.6344086465576025e-09,2.0879508262337394e-08,2.6409619001345552,1.3749769088763327e-08,-9.849027218358008e-08
4.476895379075815,PASSED,-0.26283436445869457,-2.6139372302044514e-09,2.0199355080360492e-08,2.640961900148255,1.3650232487407374e-08,-1.0023415413753565e-07
4.477895579115823,PASSED,-0.26283436446129815,-2.5933005571411283e-09,2.092821838529809e-08,2.640961900161849,1.3540616280681598e-08,-1.1587090845127069e-07
4.478895779155831,PASSED,-0.26283436446388136,-2.572970071461339e-09,1.9931997209450964e-08,2.640961900175336,1.3431032721236145e-08,-1.0539199344157352e-07
4.479895979195839,PASSED,-0.26283436446644426,-2.5528003459503572e-09,2.032821104533517e-08,2.640961900188714,1.3325182696148833e-08,-1.0615537951780306e-07
4.480896179235847,PASSED,-0.26283436446898684,-2.5324432774544577e-09,2.0376306796275343e-08,2.640961900201988,1.3221144218005721e-08,-1.0262721055998563e-07
4.481896379275855,PASSED,-0.2628343644715093,-2.512421314573281e-09,1.9785733604443856e-08,2.640961900215158,1.3119316380953081e-08,-1.012949213810755e-07
4.482896579315863,PASSED,-0.26283436447401176,-2.4925495444961366e-09,1.9929127725612214e-08,2.6409619002282216,1.301092213068327e-08,-1.1312713619563407e-07
4.483896779355871,PASSED,-0.26283436447649433,-2.472543051141207e-09,2.005807044114164e-08,2.6409619002411833,1.2909036649092764e-08,-9.439104518708706e-08
4.484896979395879,PASSED,-0.26283436447895714,-2.45290367626552e-09,1.9360244498716573e-08,2.6409619002540405,1.2807523001708196e-08,-1.0626204884955568e-07
4.485897179435887,PASSED,-0.26283436448140024,-2.4333096682051514e-09,1.974985043480365e-08,2.6409619002667957,1.2702067437654769e-08,-1.0491790752267303e-07
4.486897379475895,PASSED,-0.2628343644838237,-2.4136070945506055e-09,1.9671055801040606e-08,2.640961900279449,1.2602732215067548e-08,-9.561343263025209e-08
4.487897579515903,PASSED,-0.26283436448622777,-2.3944287188235987e-09,1.8849922344318177e-08,2.6409619002920004,1.2501586523004127e-08,-1.0483386501886793e-07
4.488897779555911,PASSED,-0.2628343644886125,-2.375256751717185e-09,1.9386663614477264e-08,2.6409619003044487,1.2395388906740822e-08,-1.0710678375959656e-07
4.489897979595919,PASSED,-0.2628343644909781,-2.35582544390453e-09,1.9461070611440325e-08,2.6409619003167975,1.2298802951496026e-08,-8.957206956826329e-08
4.490898179635927,PASSED,-0.2628343644933246,-2.3369282357492993e-09,1.852129985109102e-08,2.6409619003290494,1.2206583219817505e-08,-9.398483975202914e-08
4.491898379675935,PASSED,-0.26283436449565206,-2.318180875117162e-09,1.8898067819501375e-08,2.6409619003412015,1.2101597539557789e-08,-1.1231957393150699e-07
4.492898579715943,PASSED,-0.2628343644979607,-2.299097340244467e-09,1.9207179574824254e-08,2.6409619003532536,1.1999801056823876e-08,-9.478108860218247e-08
4.493898779755951,PASSED,-0.26283436450025055,-2.280443405256673e-09,1.8285105263106603e-08,2.6409619003652085,1.1908882367752336e-08,-8.834375605111201e-08
4.494898979795959,PASSED,-0.26283436450252184,-2.2621570843084887e-09,1.8287131404903006e-08,2.6409619003770675,1.181191229516643e-08,-1.0272095027576824e-07
4.495899179835967,PASSED,-0.26283436450477465,-2.2436144495010898e-09,1.8712970409062876e-08,2.640961900388825,1.170537225957352e-08,-1.0908609247100612e-07
4.496899379875975,PASSED,-0.2628343645070091,-2.2252408943128962e-09,1.8147278374280238e-08,2.6409619004004914,1.1619544606790173e-08,-7.032202632490825e-08
4.497899579915983,PASSED,-0.26283436450922537,-2.2072723032733455e-09,1.7849466149731205e-08,2.6409619004120626,1.1529221757521251e-08,-1.0365673123159796e-07
4.498899779955991,PASSED,-0.2628343645114235,-2.1890322768450104e-09,1.850039994740405e-08,2.640961900423537,1.142170230351861e-08,-1.1009460251666717e-07
4.499899979995999,PASSED,-0.26283436451360365,-2.1710083623677574e-09,1.770625749715254e-08,2.640961900434922,1.1339174611971209e-08,-6.414975090122307e-08
4.500900180036007,PASSED,-0.262834364515766,-2.1535876644883537e-09,1.7230324800904675e-08,2.640961900446208,1.1243442657861232e-08,-1.1678675624914664e-07
4.501900380076015,PASSED,-0.2628343645179106,-2.135776369629402e-09,1.819860823098313e-08,2.640961900457405,1.1144477114543953e-08,-8.708473469603195e-08
4.502900580116023,PASSED,-0.2628343645200376,-2.118096698552052e-09,1.7333712974928453e-08,2.6409619004685103,1.106393832117314e-08,-7.617483248733434e-08
4.503900780156031,PASSED,-0.26283436452214726,-2.101047048871908e-09,1.6860274150288257e-08,2.6409619004795233,1.0968857157733653e-08,-1.0768538407425466e-07
4.504900980196039,PASSED,-0.2628343645242395,-2.08372757962955e-09,1.7625599303737855e-08,2.6409619004904474,1.087469679844483e-08,-8.514367609853368e-08
4.505901180236047,PASSED,-0.26283436452631465,-2.06642462285283e-09,1.7087861758708033e-08,2.64096190050128,1.0790075478831486e-08,-8.427308195655278e-08
4.506901380276055,PASSED,-0.2628343645283727,-2.0496606778614154e-09,1.6548000479886086e-08,2.6409619005120244,1.0700770190339404e-08,-9.266009284910151e-08
4.507901580316063,PASSED,-0.2628343645304139,-2.032874142445951e-09,1.6945558705850058e-08,2.6409619005226825,1.0613129051169462e-08,-8.429517005050154e-08
4.508901780356071,PASSED,-0.26283436453243836,-2.015986233939048e-09,1.6849475040938472e-08,2.6409619005332514,1.052605336720461e-08,-8.892935990775387e-08
4.509901980396079,PASSED,-0.2628343645344462,-1.9995690001654254e-09,1.612907292874522e-08,2.6409619005437337,1.043829122837855e-08,-8.69839914382656e-08
4.510902180436087,PASSED,-0.26283436453643755,-1.9831954253311193e-09,1.653657610467969e-08,2.6409619005541285,1.0351475645188293e-08,-8.670331102491655e-08
4.511902380476095,PASSED,-0.2628343645384126,-1.9668490762261242e-09,1.6219531105205074e-08,2.6409619005644416,1.027247579935831e-08,-7.386420236669319e-08
4.512902580516103,PASSED,-0.26283436454037135,-1.9506370901874646e-09,1.6206955994295852e-08,2.6409619005746667,1.0182397212084421e-08,-1.0088817721201882e-07
4.513902780556111,PASSED,-0.2628343645423141,-1.9347542105897005e-09,1.5666828666743022e-08,2.64096190058481,1.0098075105333983e-08,-7.327805977605257e-08
4.514902980596119,PASSED,-0.26283436454424103,-1.9191051851349044e-09,1.563715664683161e-08,2.6409619005948684,1.0020099392835625e-08,-8.110748097989448e-08
4.515903180636127,PASSED,-0.26283436454615206,-1.903023877398819e-09,1.6377408462254105e-08,2.6409619006048466,9.93709061182734e-09,-8.427631436054527e-08
4.516903380676135,PASSED,-0.26283436454804754,-1.8875871792884856e-09,1.4809557875719607e-08,2.6409619006147436,9.856138824973086e-09,-7.873543518339576e-08
4.517903580716143,PASSED,-0.26283436454992753,-1.87246344963916e-09,1.5333177498395707e-08,2.640961900624556,9.771001290442139e-09,-8.940560076264937e-08
4.518903780756151,PASSED,-0.26283436455179215,-1.8569217539534156e-09,1.5680707810643465e-08,2.640961900634291,9.695141401850473e-09,-6.682941381100836e-08
4.519903980796159,PASSED,-0.2628343645536416,-1.8418650051263532e-09,1.4640776171341709e-08,2.640961900643947,9.619205336271384e-09,-8.200716675780791e-08
4.520904180836167,PASSED,-0.262834364555476,-1.8270266997448644e-09,1.4969991521586684e-08,2.640961900653524,9.535504066581107e-09,-8.48306716452596e-08
4.521904380876175,PASSED,-0.26283436455729553,-1.8119929484703863e-09,1.507625777640584e-08,2.640961900663023,9.459689216151737e-09,-6.980430295210895e-08
4.522904580916183,PASSED,-0.2628343645591003,-1.797320302821364e-09,1.440357089743289e-08,2.6409619006724436,9.383763709759025e-09,-8.000630868644833e-08
4.523904780956191,PASSED,-0.2628343645608904,-1.7827902855599468e-09,1.46143148374068e-08,2.6409619006817904,9.308567218213422e-09,-7.198994678503998e-08
4.524904980996199,PASSED,-0.262834364562666,-1.7684212339963396e-09,1.420554271440772e-08,2.64096190069106,9.232200596422532e-09,-7.928440512812257e-08
4.525905181036207,PASSED,-0.2628343645644274,-1.7542913836304542e-09,1.4079388800203483e-08,2.640961900700257,9.159699714313078e-09,-6.79785334303433e-08
4.526905381076215,PASSED,-0.26283436456617454,-1.7400401712340243e-09,1.4365761460581033e-08,2.640961900709376,9.081649656522891e-09,-8.476440736341329e-08
4.527905581116223,PASSED,-0.26283436456790765,-1.726021833671839e-09,1.3786721629921485e-08,2.6409619007184255,9.012572428975495e-09,-5.86191076700498e-08
4.528905781156231,PASSED,-0.26283436456962683,-1.712284028494457e-09,1.3705194209021975e-08,2.6409619007274006,8.94135211758107e-09,-7.962111387734167e-08
4.529905981196239,PASSED,-0.26283436457133225,-1.6985619074263611e-09,1.3733405640811887e-08,2.6409619007363045,8.864885830000412e-09,-7.43630700495362e-08
4.530906181236247,PASSED,-0.26283436457302406,-1.6849611186067112e-09,1.3512377605541834e-08,2.640961900745137,8.79766604953391e-09,-6.245758741114756e-08
4.531906381276255,PASSED,-0.2628343645747024,-1.6716534886170627e-09,1.3171131579052998e-08,2.6409619007538985,8.727836964817858e-09,-7.47434162526541e-08
4.532906581316263,PASSED,-0.2628343645763674,-1.6583900401782093e-09,1.332499301205361e-08,2.6409619007625906,8.655635834305309e-09,-7.050627335248094e-08
4.533906781356271,PASSED,-0.26283436457801923,-1.6451929483880356e-09,1.3111824308920298e-08,2.640961900771214,8.588904362335273e-09,-6.421493771507188e-08
4.534906981396279,PASSED,-0.26283436457965803,-1.6323484039527708e-09,1.2666357852827895e-08,2.6409619007797716,8.526317909751624e-09,-6.150079582936655e-08
4.535907181436287,PASSED,-0.2628343645812839,-1.619394076938248e-09,1.3146306455653033e-08,2.640961900788259,8.452826188071667e-09,-8.148567224701737e-08
4.536907381476295,PASSED,-0.2628343645828969,-1.6065547777949526e-09,1.2634627601723605e-08,2.6409619007966807,8.38578483630555e-09,-5.7411804778849795e-08
4.537907581516303,PASSED,-0.26283436458449727,-1.5941597490865996e-09,1.2235296112772627e-08,2.640961900805035,8.324093651881025e-09,-6.454410418830848e-08
4.538907781556311,PASSED,-0.2628343645860851,-1.5815705805728357e-09,1.2825083447758256e-08,2.640961900813326,8.258466369114828e-09,-6.63494018181216e-08
4.539907981596319,PASSED,-0.26283436458766063,-1.5693100666105895e-09,1.1884134305238161e-08,2.640961900821551,8.191890375776831e-09,-6.672705435124575e-08
4.540908181636327,PASSED,-0.2628343645892238,-1.5572235864055026e-09,1.2221377471652676e-08,2.6409619008297107,8.127730496676431e-09,-6.24484289331688e-08
4.541908381676335,PASSED,-0.2628343645907749,-1.5450004900770164e-09,1.2224242233041884e-08,2.6409619008378087,8.06785732400409e-09,-5.815633516512307e-08
4.542908581716343,PASSED,-0.262834364592314,-1.5330988589492605e-09,1.1686557057565069e-08,2.640961900845845,8.006482484183632e-09,-6.35205095906824e-08
4.543908781756351,PASSED,-0.2628343645938413,-1.5214468551241808e-09,1.162896833675609e-08,2.640961900853817,7.939526252389318e-09,-6.924671326340212e-08
4.544908981796359,PASSED,-0.26283436459535675,-1.5095398159925167e-09,1.209241966160257e-08,2.6409619008617304,7.882704900073098e-09,-4.853777835143055e-08
4.545909181836367,PASSED,-0.26283436459686055,-1.4979143993794082e-09,1.1314081247445868e-08,2.6409619008695806,7.822281572241234e-09,-6.834702748548869e-08
4.546909381876375,PASSED,-0.2628343645983529,-1.4867815798847832e-09,1.1011978326077897e-08,2.640961900877371,7.75726941595481e-09,-6.278890882037914e-08
4.547909581916383,PASSED,-0.26283436459983384,-1.4752616332189768e-09,1.1858592225625039e-08,2.640961900885103,7.703564208834164e-09,-4.764940598749088e-08
4.548909781956391,PASSED,-0.26283436460130355,-1.46394733203053e-09,1.0951440496994436e-08,2.640961900892775,7.644023435039051e-09,-6.746835233352651e-08
4.549909981996399,PASSED,-0.26283436460276205,-1.4530157900037706e-09,1.0918276379936075e-08,2.64096190090039,7.584185818810628e-09,-5.4750458825022026e-08
4.550910182036407,PASSED,-0.26283436460420956,-1.4419875320002967e-09,1.1101579085832618e-08,2.6409619009079464,7.52819637953528e-09,-5.681542624223293e-08
4.551910382076415,PASSED,-0.26283436460564613,-1.4309828622233594e-09,1.094006357100693e-08,2.6409619009154457,7.470592246718877e-09,-5.812993719918429e-08
4.552910582116423,PASSED,-0.2628343646070719,-1.4203738541915e-09,1.0388304339094443e-08,2.6409619009228904,7.4175656289430566e-09,-4.9624404826910433e-08
4.553910782156431,PASSED,-0.26283436460848697,-1.409807641224052e-09,1.0684818719683424e-08,2.6409619009302774,7.3590572849831506e-09,-6.443097004857085e-08
4.554910982196439,PASSED,-0.2628343646098914,-1.3990805033494324e-09,1.0755350644577273e-08,2.640961900937612,7.306321152579457e-09,-4.4939573973775556e-08
4.555911182236447,PASSED,-0.26283436461128534,-1.3886330973028036e-09,1.0242109647996586e-08,2.6409619009448875,7.249264912239782e-09,-6.513401791694034e-08
4.556911382276455,PASSED,-0.26283436461266885,-1.3784479013556827e-09,1.0147253479870634e-08,2.6409619009521106,7.1935682210193545e-09,-4.9405140089418955e-08
4.557911582316463,PASSED,-0.2628343646140421,-1.368105894472964e-09,1.0471842484617573e-08,2.640961900959282,7.148367145562585e-09,-4.239836570166916e-08
4.558911782356471,PASSED,-0.26283436461540516,-1.357900184766255e-09,1.0028287854769416e-08,2.640961900966396,7.0854058418626055e-09,-7.66699290321861e-08
4.559911982396479,PASSED,-0.26283436461675813,-1.3480133763943372e-09,9.792488716683443e-09,2.6409619009734593,7.0330497324216305e-09,-3.614689638016765e-08
4.560912182436487,PASSED,-0.26283436461810106,-1.3378909312765591e-09,1.034241605184122e-08,2.6409619009804697,6.989938621639614e-09,-4.775392038324849e-08
4.561912382476495,PASSED,-0.2628343646194341,-1.328067880729233e-09,9.476806877649548e-09,2.6409619009874303,6.93364565962937e-09,-6.198565642824206e-08
4.562912582516503,PASSED,-0.2628343646207574,-1.3185382545917401e-09,9.564838977388275e-09,2.640961900994338,6.879753619557957e-09,-4.849629583352676e-08
4.563912782556511,PASSED,-0.2628343646220709,-1.3085514025112999e-09,1.026819414914146e-08,2.6409619010011967,6.836171547514233e-09,-4.030592285052198e-08
4.564912982596519,PASSED,-0.26283436462337467,-1.2988348018301572e-09,9.348871702476923e-09,2.640961901008003,6.781771373535198e-09,-6.379634139804269e-08
4.565913182636527,PASSED,-0.26283436462466897,-1.2896284086188652e-09,9.111407550502026e-09,2.640961901014759,6.726889679108081e-09,-4.8938596446500973e-08
4.566913382676535,PASSED,-0.2628343646259537,-1.2799988389468048e-09,9.97501108643234e-09,2.640961901021468,6.687239395534039e-09,-3.34580749924036e-08
4.567913582716543,PASSED,-0.26283436462722914,-1.2706715689150073e-09,8.895442662041137e-09,2.6409619010281253,6.633851610485456e-09,-6.66742584193682e-08
4.568913782756551,PASSED,-0.26283436462849513,-1.2614917186332556e-09,9.36945536155861e-09,2.640961901034736,6.582503795596543e-09,-4.113018586861034e-08
4.569913982796559,PASSED,-0.26283436462975196,-1.2521118430979935e-09,9.386822317731246e-09,2.640961901041298,6.541477693136491e-09,-4.095671352101266e-08
4.570914182836567,PASSED,-0.2628343646309996,-1.2429426624815908e-09,9.024086148850565e-09,2.640961901047812,6.490041202631383e-09,-5.84230084945046e-08
4.571914382876575,PASSED,-0.262834364632238,-1.2339753737848246e-09,8.929423728709832e-09,2.6409619010542773,6.438564307076368e-09,-4.684615359535379e-08
4.572914582916583,PASSED,-0.2628343646334675,-1.2250463970645886e-09,8.928678714586761e-09,2.640961901060694,6.393911339589928e-09,-4.319084341383123e-08
4.573914782956591,PASSED,-0.26283436463468796,-1.2160131968996063e-09,9.10288113191259e-09,2.6409619010670657,6.349782129297073e-09,-4.475478821220411e-08
4.574914982996599,PASSED,-0.26283436463589954,-1.2071008329715428e-09,8.785352458830637e-09,2.640961901073392,6.303181638405149e-09,-4.783095934506982e-08
4.575915183036607,PASSED,-0.2628343646371023,-1.1983539212672095e-09,8.721284534668771e-09,2.6409619010796694,6.252986175539563e-09,-5.177179854593017e-08
4.576915383076615,PASSED,-0.26283436463829624,-1.1895133782244737e-09,8.920048714780428e-09,2.640961901085903,6.2113120838258144e-09,-3.4942287158961394e-08
4.577915583116623,PASSED,-0.2628343646394815,-1.1809422344030928e-09,8.338540559114577e-09,2.640961901092091,6.167376279038511e-09,-4.993148320619826e-08
4.578915783156631,PASSED,-0.26283436464065807,-1.1722801331435814e-09,8.87780839310931e-09,2.640961901098234,6.118601996461629e-09,-4.8002815490671245e-08
4.579915983196639,PASSED,-0.262834364641826,-1.1636135798974237e-09,8.525716481523133e-09,2.6409619011043306,6.073850979387416e-09,-4.25831514632406e-08
4.580916183236647,PASSED,-0.26283436464298543,-1.1551746924061988e-09,8.381001497692741e-09,2.640961901110385,6.033376971529283e-09,-3.906791212139319e-08
4.581916383276655,PASSED,-0.26283436464413634,-1.1466923421641152e-09,8.549916071677753e-09,2.640961901116394,5.987009644712019e-09,-5.123360328117836e-08
4.582916583316663,PASSED,-0.2628343646452788,-1.1382091048469772e-09,8.438784814111631e-09,2.6409619011223575,5.938861047801285e-09,-4.6091925997103005e-08
4.583916783356671,PASSED,-0.26283436464641285,-1.1298665979668313e-09,8.27832159083543e-09,2.640961901128278,5.8999566953219125e-09,-3.411263680088553e-08
4.584916983396679,PASSED,-0.26283436464753857,-1.1216044215914541e-09,8.251412898404934e-09,2.640961901134156,5.8580523486970975e-09,-4.7098819840767804e-08
4.585917183436687,PASSED,-0.262834364648656,-1.1132374764288362e-09,8.44396667209308e-09,2.6409619011399896,5.809727801262372e-09,-4.914169916402993e-08
4.586917383476695,PASSED,-0.2628343646497652,-1.105034643024845e-09,8.042077891923251e-09,2.6409619011457806,5.769579296486285e-09,-3.415304185079182e-08
4.587917583516703,PASSED,-0.2628343646508661,-1.0968658203498291e-09,8.253319197077818e-09,2.640961901151528,5.727731840171739e-09,-4.697706595705018e-08
4.588917783556711,PASSED,-0.2628343646519589,-1.0886903790279157e-09,8.123522738470397e-09,2.6409619011572327,5.681268403209098e-09,-4.6121017633035534e-08
4.589917983596719,PASSED,-0.2628343646530436,-1.0806115016062891e-09,8.049113877064262e-09,2.6409619011628958,5.642181743144548e-09,-3.439708835222583e-08
4.590918183636727,PASSED,-0.2628343646541202,-1.07247073033594e-09,8.201876199205825e-09,2.6409619011685157,5.6003388121955905e-09,-4.6806826013445e-08
4.591918383676735,PASSED,-0.26283436465518867,-1.0643870504737701e-09,8.00488230414605e-09,2.6409619011740957,5.557507519852526e-09,-4.018093656281185e-08
4.592918583716743,PASSED,-0.2628343646562492,-1.0566168151986034e-09,7.613803922514217e-09,2.6409619011796313,5.5151628120571325e-09,-4.378722195044811e-08
4.5939187837567514,PASSED,-0.2628343646573018,-1.0486534630300288e-09,8.196384332614858e-09,2.640961901185127,5.475176897201868e-09,-3.7451710125141505e-08
4.5949189837967594,PASSED,-0.2628343646583464,-1.0404715156626952e-09,8.172322723812567e-09,2.6409619011905803,5.433275782981047e-09,-4.486738361794298e-08
4.5959191838367675,PASSED,-0.26283436465938315,-1.0328379283860821e-09,7.274430311813193e-09,2.6409619011959933,5.391486940925564e-09,-3.973648101384264e-08
4.5969193838767755,PASSED,-0.262834364660412,-1.0250568397930853e-09,8.118860780452726e-09,2.6409619012013654,5.352671695049585e-09,-3.8201089117403535e-08
4.5979195839167835,PASSED,-0.26283436466143306,-1.0170356034740693e-09,7.956153344724997e-09,2.6409619012066936,5.306589681758059e-09,-5.133596274094097e-08
4.5989197839567915,PASSED,-0.2628343646624463,-1.0093485269028099e-09,7.507692055615964e-09,2.6409619012119854,5.271286442819935e-09,-2.4614756402913136e-08
4.5999199839967995,PASSED,-0.26283436466345184,-1.0017136863569739e-09,7.719606205982616e-09,2.6409619012172327,5.22932175798726e-09,-5.3531303785849506e-08
4.6009201840368075,PASSED,-0.2628343646644496,-9.93949877877809e-10,7.793276661286405e-09,2.640961901222443,5.187189203640574e-09,-3.4533388053909717e-08
4.6019203840768155,PASSED,-0.2628343646654397,-9.862702687319517e-10,7.603830802237762e-09,2.640961901227612,5.151606577250698e-09,-3.628211861385404e-08
4.6029205841168235,PASSED,-0.2628343646664221,-9.78632107840893e-10,7.661047616939217e-09,2.640961901232741,5.109505161729141e-09,-4.598094679336039e-08
4.6039207841568315,PASSED,-0.2628343646673969,-9.709544401304102e-10,7.688747772845094e-09,2.6409619012378305,5.067329400915755e-09,-3.9638970160068785e-08
4.6049209841968395,PASSED,-0.2628343646683641,-9.63405839455604e-10,7.455169276113453e-09,2.6409619012428776,5.02702035340804e-09,-4.07557657394787e-08
4.6059211842368475,PASSED,-0.2628343646693237,-9.559128622573703e-10,7.518182479647502e-09,2.6409619012478878,4.991565406975869e-09,-3.192106689396825e-08
4.6069213842768555,PASSED,-0.2628343646702758,-9.483846940925507e-10,7.534825288267702e-09,2.6409619012528593,4.9539452886027176e-09,-4.141948602593939e-08
4.6079215843168635,PASSED,-0.26283436467122046,-9.407869748269975e-10,7.639648583743573e-09,2.640961901257791,4.910241785915675e-09,-4.5226180461110855e-08
4.6089217843568715,PASSED,-0.26283436467215754,-9.332400528672057e-10,7.485104210490785e-09,2.6409619012626835,4.872052225705845e-09,-3.349848004230989e-08
4.6099219843968795,PASSED,-0.26283436467308724,-9.26055774340673e-10,6.9837280705605345e-09,2.6409619012675374,4.836387388507759e-09,-3.710907530193615e-08
4.6109221844368875,PASSED,-0.2628343646740095,-9.186635398475674e-10,7.664572108135672e-09,2.6409619012723513,4.793066602453429e-09,-4.7461926555925684e-08
4.6119223844768955,PASSED,-0.26283436467492444,-9.110943688869545e-10,7.50557019559782e-09,2.64096190127713,4.759194672003185e-09,-2.4811933046455842e-08
4.6129225845169035,PASSED,-0.26283436467583193,-9.03805073859253e-10,7.145111582437289e-09,2.6409619012818664,4.717941116048861e-09,-5.221463789290313e-08
4.6139227845569115,PASSED,-0.26283436467673216,-8.966486568760781e-10,7.1639539169999495e-09,2.6409619012865653,4.676178779706117e-09,-3.4794135309304987e-08
4.6149229845969195,PASSED,-0.2628343646776251,-8.893268351780404e-10,7.427066885396194e-09,2.640961901291229,4.6491909000387075e-09,-2.1783709239478937e-08
4.6159231846369275,PASSED,-0.26283436467851085,-8.820190817160304e-10,7.228211179752566e-09,2.6409619012958507,4.602850294427781e-09,-6.271186985855781e-08
4.6169233846769355,PASSED,-0.2628343646793893,-8.74866378014061e-10,7.102365383447189e-09,2.64096190130044,4.566290189070572e-09,-1.912559568964367e-08
4.6179235847169435,PASSED,-0.26283436468026056,-8.676043897586361e-10,7.3684035034100105e-09,2.640961901304988,4.534133803165949e-09,-4.084357938127504e-08
4.6189237847569515,PASSED,-0.2628343646811247,-8.605748758581375e-10,6.803587498557687e-09,2.6409619013094976,4.487230759260327e-09,-5.0942686921853056e-08
4.6199239847969595,PASSED,-0.2628343646819816,-8.534247240026425e-10,7.381194760119817e-09,2.6409619013139736,4.457605453428635e-09,-1.5413718438252304e-08
4.6209241848369675,PASSED,-0.26283436468283156,-8.463384904118505e-10,6.889592811239994e-09,2.6409619013184096,4.420670712448695e-09,-5.128208934106591e-08
4.6219243848769755,PASSED,-0.2628343646836744,-8.393981958230496e-10,6.974095773841563e-09,2.640961901322811,4.378862799209657e-09,-3.5491795837686966e-08
4.6229245849169835,PASSED,-0.26283436468451027,-8.324004544677861e-10,7.0135050762115e-09,2.640961901327173,4.3448401309865634e-09,-3.304324981336567e-08
4.6239247849569916,PASSED,-0.2628343646853391,-8.252732579273975e-10,7.202990849840157e-09,2.6409619013315,4.309891702260016e-09,-3.6218548002001476e-08
4.6249249849969996,PASSED,-0.262834364686161,-8.184591460321278e-10,6.554859258889242e-09,2.6409619013357934,4.275916765869211e-09,-3.247919531667383e-08
4.625925185037008,PASSED,-0.26283436468697596,-8.115971956371843e-10,7.066677818979608e-09,2.640961901340046,4.232769344415679e-09,-5.025957221143735e-08
4.626925385077016,PASSED,-0.2628343646877841,-8.045918193662402e-10,6.964508572253837e-09,2.6409619013442645,4.198874140656689e-09,-2.298562479069144e-08
4.627925585117024,PASSED,-0.26283436468858534,-7.97866729052592e-10,6.5654781412445875e-09,2.6409619013484478,4.17005790554432e-09,-3.2703308660154064e-08
4.628925785157032,PASSED,-0.26283436468937976,-7.911339109771398e-10,6.844378031590613e-09,2.640961901352597,4.130576892192685e-09,-4.399948314595583e-08
4.62992598519704,PASSED,-0.2628343646901675,-7.843103416024831e-10,6.809696936700726e-09,2.640961901356709,4.092170437674957e-09,-3.467776876557487e-08
4.630926185237048,PASSED,-0.2628343646909485,-7.775788483616552e-10,6.679357443579296e-09,2.6409619013607872,4.062209069574844e-09,-2.681710098980543e-08
4.631926385277056,PASSED,-0.2628343646917228,-7.709268772326449e-10,6.633713585964326e-09,2.6409619013648276,4.023260109920374e-09,-4.703686543091149e-08
4.632926585317064,PASSED,-0.26283436469249044,-7.643732011704159e-10,6.500317713072118e-09,2.6409619013688372,3.990292282866833e-09,-2.358846813529332e-08
4.633926785357072,PASSED,-0.2628343646932515,-7.57697260550133e-10,6.793022558423368e-09,2.640961901372809,3.956853386804785e-09,-4.0005848013217915e-08
4.63492698539708,PASSED,-0.262834364694006,-7.512289385451457e-10,6.251854969363294e-09,2.64096190137675,3.922834597466482e-09,-3.0027416888360024e-08
4.635927185437088,PASSED,-0.26283436469475396,-7.447958280546001e-10,6.5539475046670665e-09,2.6409619013806536,3.8866911489839065e-09,-4.0220802878719394e-08
4.636927385477096,PASSED,-0.2628343646954955,-7.382919492177363e-10,6.470499724994973e-09,2.640961901384523,3.850811787907518e-09,-3.298506654150061e-08
4.637927585517104,PASSED,-0.26283436469623056,-7.31836122349538e-10,6.4460449636671774e-09,2.6409619013883616,3.824579213306357e-09,-2.1730913307601385e-08
4.638927785557112,PASSED,-0.2628343646969593,-7.255083451783278e-10,6.2489319762388e-09,2.640961901392166,3.789383397927583e-09,-4.417241675955476e-08
4.63992798559712,PASSED,-0.2628343646976817,-7.19210523364929e-10,6.330415038171982e-09,2.640961901395937,3.750258703242722e-09,-3.5759546635065994e-08
4.640928185637128,PASSED,-0.2628343646983977,-7.129081584382129e-10,6.2836648524121895e-09,2.6409619013996752,3.7232583249465415e-09,-2.116093273692329e-08
4.641928385677136,PASSED,-0.2628343646991076,-7.067346414924369e-10,6.100085008018674e-09,2.640961901403384,3.696562870093654e-09,-3.03851362635304e-08
4.642928585717144,PASSED,-0.26283436469981125,-7.006304419032799e-10,6.1069426432491396e-09,2.6409619014070564,3.6532413298117254e-09,-5.1945809627526605e-08
4.643928785757152,PASSED,-0.26283436470050875,-6.944808123350093e-10,6.178087518285017e-09,2.640961901410697,3.620924616669075e-09,-1.9230648819400028e-08
4.64492898579716,PASSED,-0.2628343647012002,-6.883358638793693e-10,6.122855747209978e-09,2.6409619014143075,3.5997422423190015e-09,-2.2483524703855916e-08
4.645929185837168,PASSED,-0.26283436470188554,-6.823199621328781e-10,5.9445990793455185e-09,2.6409619014178864,3.562809548528256e-09,-4.656547318200475e-08
4.646929385877176,PASSED,-0.26283436470256494,-6.764112115044465e-10,5.884851661155705e-09,2.6409619014214316,3.524304721182357e-09,-3.3131063455162006e-08
4.647929585917184,PASSED,-0.2628343647032384,-6.705018772334325e-10,5.925656010919541e-09,2.6409619014249497,3.5061998109267458e-09,-8.087474789243423e-09
4.648929785957192,PASSED,-0.262834364703906,-6.645368023388698e-10,5.991354150324747e-09,2.6409619014284327,3.469906055658519e-09,-5.5097942254216137e-08
4.6499299859972,PASSED,-0.26283436470456767,-6.588548861554655e-10,5.475624205457242e-09,2.6409619014318872,3.432442493385405e-09,-2.5707308952379274e-08
4.650930186037208,PASSED,-0.2628343647052236,-6.531454734386741e-10,5.865271724347554e-09,2.640961901435311,3.41353745539485e-09,-1.4370190682672467e-08
4.651930386077216,PASSED,-0.2628343647058738,-6.472757490885352e-10,5.872692767333165e-09,2.6409619014387045,3.3792960611682627e-09,-4.748886325586321e-08
4.652930586117224,PASSED,-0.26283436470651833,-6.417026004584837e-10,5.3734525385303995e-09,2.640961901442071,3.348377793739569e-09,-1.9871203543914446e-08
4.653930786157232,PASSED,-0.26283436470715726,-6.361520778401654e-10,5.6685693381769266e-09,2.640961901445408,3.3257904011207537e-09,-2.4398185335415413e-08
4.65493098619724,PASSED,-0.2628343647077906,-6.3047009273703e-10,5.6909289464412175e-09,2.6409619014487142,3.289913949207959e-09,-4.3528629631047834e-08
4.655931186237248,PASSED,-0.2628343647084184,-6.250291138005899e-10,5.2743455964393985e-09,2.6409619014519903,3.2587415070786547e-09,-2.2934983794808887e-08
4.656931386277256,PASSED,-0.26283436470904076,-6.196340183155157e-10,5.475595410830762e-09,2.6409619014552406,3.240346757931716e-09,-1.5367926048358506e-08
4.657931586317264,PASSED,-0.2628343647096577,-6.143027844963274e-10,5.2349927580935284e-09,2.6409619014584615,3.2067286789416833e-09,-4.578484761781519e-08
4.658931786357272,PASSED,-0.26283436471026933,-6.08948039088272e-10,5.434580508029926e-09,2.6409619014616545,3.174621748818146e-09,-2.2988318460685192e-08
4.65993198639728,PASSED,-0.2628343647108756,-6.036595831400972e-10,5.1910395749380315e-09,2.640961901464821,3.1560763696451564e-09,-1.558341964785873e-08
4.660932186437288,PASSED,-0.2628343647114767,-5.98454329775011e-10,5.214729225184885e-09,2.6409619014679575,3.1230069373594513e-09,-4.4726774044269087e-08
4.661932386477296,PASSED,-0.2628343647120726,-5.932797026397552e-10,5.147892408636467e-09,2.640961901471069,3.0943038363868198e-09,-1.802065225820627e-08
4.662932586517304,PASSED,-0.2628343647126633,-5.881130998464628e-10,5.17907638306306e-09,2.6409619014741534,3.0749986267819925e-09,-2.0161581169241e-08
4.663932786557312,PASSED,-0.26283436471324906,-5.83189462412967e-10,4.753344800450915e-09,2.6409619014772105,3.043233038520064e-09,-3.950159299038739e-08
4.66493298659732,PASSED,-0.2628343647138297,-5.781398775702639e-10,5.247078204204667e-09,2.6409619014802437,3.017953699856292e-09,-1.5797835779361454e-08
4.665933186637328,PASSED,-0.2628343647144054,-5.731612705519362e-10,4.7996262277428965e-09,2.640961901483248,2.9927964383166375e-09,-3.139687871318395e-08
4.666933386677336,PASSED,-0.2628343647149763,-5.684728952989141e-10,4.61420793654172e-09,2.640961901486227,2.9646642876358817e-09,-2.5955665325803282e-08
4.667933586717344,PASSED,-0.2628343647155423,-5.635447404102591e-10,5.137452856730652e-09,2.6409619014891814,2.943178390550912e-09,-1.8506051591080525e-08
4.668933786757352,PASSED,-0.26283436471610344,-5.587053473004387e-10,4.6406866118801534e-09,2.640961901492113,2.9210594810174106e-09,-2.4527481495115546e-08
4.66993398679736,PASSED,-0.26283436471665994,-5.541651274835085e-10,4.473241953630172e-09,2.6409619014950176,2.8899113896648498e-09,-3.556183125752454e-08
4.670934186837368,PASSED,-0.2628343647172117,-5.494868111684936e-10,4.8150325559380625e-09,2.6409619014978976,2.865457391487164e-09,-1.7048776124460256e-08
4.671934386877376,PASSED,-0.26283436471775895,-5.44820601110359e-10,4.566995059598904e-09,2.640961901500755,2.8493928823784208e-09,-1.54083310982648e-08
4.672934586917384,PASSED,-0.26283436471830157,-5.403378497879237e-10,4.426588830993104e-09,2.6409619015035877,2.8209001031589015e-09,-3.721574463368876e-08
4.673934786957392,PASSED,-0.26283436471883964,-5.358600643371893e-10,4.511916530561842e-09,2.6409619015063965,2.793160150829236e-09,-2.1422757460316063e-08
4.6749349869974,PASSED,-0.2628343647193733,-5.314766044601573e-10,4.297822108012161e-09,2.6409619015091823,2.7767246694889536e-09,-1.3110630593593655e-08
4.675935187037408,PASSED,-0.26283436471990257,-5.270816690732779e-10,4.459677572790747e-09,2.6409619015119468,2.7550601282099983e-09,-2.7367148402529754e-08
4.676935387077416,PASSED,-0.2628343647204275,-5.2270352153941e-10,4.323794174585995e-09,2.640961901514687,2.725294536045031e-09,-3.136455467325892e-08
4.677935587117424,PASSED,-0.26283436472094807,-5.184888623077456e-10,4.14190260305013e-09,2.640961901517405,2.7068938608241058e-09,-9.758088919368913e-09
4.678935787157432,PASSED,-0.2628343647214645,-5.14353824860594e-10,4.130460676552679e-09,2.6409619015201002,2.687244938928076e-09,-2.6242810547137334e-08
4.67993598719744,PASSED,-0.26283436472197663,-5.100109671927602e-10,4.484455662021132e-09,2.6409619015227737,2.6599448090349908e-09,-2.8005009457050417e-08
4.680936187237448,PASSED,-0.26283436472248467,-5.059401814383514e-10,3.795005816000693e-09,2.6409619015254284,2.644668036779221e-09,-6.791280788249573e-09
4.681936387277456,PASSED,-0.26283436472298866,-5.021106506865981e-10,3.852547375588279e-09,2.6409619015280574,2.619376414980278e-09,-3.7625182472739186e-08
4.682936587317464,PASSED,-0.2628343647234886,-4.979326780702586e-10,4.3949227768403615e-09,2.6409619015306673,2.595996113662102e-09,-1.388371388180071e-08
4.683936787357472,PASSED,-0.2628343647239845,-4.938503524460643e-10,3.8739275224303205e-09,2.640961901533258,2.5845143991871304e-09,-9.88038153708529e-09
4.68493698739748,PASSED,-0.2628343647244765,-4.901521972266108e-10,3.580973684135402e-09,2.640961901535824,2.5538370536026775e-09,-4.454198828269764e-08
4.685937187437488,PASSED,-0.26283436472496463,-4.861620414739219e-10,4.262943798391329e-09,2.6409619015383745,2.537271845115496e-09,2.0859780431621727e-09
4.686937387477496,PASSED,-0.2628343647254489,-4.822031408375584e-10,3.7562051950115996e-09,2.640961901540903,2.525337594081574e-09,-2.1281070418644664e-08
4.687937587517504,PASSED,-0.26283436472592936,-4.786073127008917e-10,3.488910097770091e-09,2.6409619015434114,2.494379352590173e-09,-3.7409688873238964e-08
4.688937787557512,PASSED,-0.2628343647264061,-4.748623104886092e-10,3.915730288624135e-09,2.6409619015459005,2.4768644638099936e-09,-4.251688718139428e-09
4.68993798759752,PASSED,-0.26283436472687915,-4.712018888151445e-10,3.490215930025094e-09,2.6409619015483705,2.465860606391914e-09,-1.55053032180399e-08
4.690938187637528,PASSED,-0.2628343647273485,-4.675400857523911e-10,3.776194484572243e-09,2.6409619015508192,2.4355900049765178e-09,-4.011413354696678e-08
4.691938387677536,PASSED,-0.26283436472781424,-4.639277876448764e-10,3.50303385614304e-09,2.640961901553251,2.4203957667693564e-09,1.419025352708978e-09
4.692938587717544,PASSED,-0.26283436472827637,-4.604065281750656e-10,3.533409878922579e-09,2.640961901555664,2.4094169066088186e-09,-1.9244117169368795e-08
4.693938787757552,PASSED,-0.26283436472873506,-4.568872299217352e-10,3.509890502935611e-09,2.6409619015580597,2.3841349820218527e-09,-2.9307129532030523e-08
4.69493898779756,PASSED,-0.26283436472919025,-4.533848015604159e-10,3.4974536002417473e-09,2.6409619015604346,2.362252684460602e-09,-1.6932409580730137e-08
4.695939187837568,PASSED,-0.2628343647296419,-4.4994658387565203e-10,3.398727074445308e-09,2.640961901562792,2.3510154474742638e-09,-7.440455256744e-09
4.696939387877576,PASSED,-0.2628343647300902,-4.466291409208153e-10,3.263253541764365e-09,2.6409619015651336,2.3356258643191557e-09,-2.06890017540178e-08
4.697939587917584,PASSED,-0.2628343647305351,-4.4326078360534517e-10,3.4384264979406948e-09,2.6409619015674575,2.3136791341716545e-09,-2.2785215743156232e-08
4.698939787957592,PASSED,-0.2628343647309767,-4.3988725965879153e-10,3.330255578962234e-09,2.6409619015697623,2.29478670255667e-09,-1.6297242196203223e-08
4.6999399879976,PASSED,-0.262834364731415,-4.3672804691711874e-10,3.045184183479785e-09,2.6409619015720502,2.280679414065388e-09,-1.2647319354668173e-08
4.700940188037608,PASSED,-0.26283436473185007,-4.33406367909606e-10,3.506008890201442e-09,2.6409619015743218,2.263796029278544e-09,-1.9707428408294276e-08
4.701940388077616,PASSED,-0.26283436473228183,-4.2999898126731356e-10,3.3416384770197724e-09,2.6409619015765746,2.2420108115838688e-09,-2.3170410552262884e-08
4.702940588117624,PASSED,-0.26283436473271043,-4.270800387815062e-10,2.63714515833245e-09,2.6409619015788124,2.2295503251799673e-09,-5.320536971660541e-09
4.703940788157632,PASSED,-0.26283436473313593,-4.240168954002047e-10,3.3471421966142323e-09,2.6409619015810346,2.2170321942381994e-09,-1.7316526921839287e-08
4.70494098819764,PASSED,-0.26283436473355815,-4.205656723543601e-10,3.5206102786648026e-09,2.6409619015832386,2.19342476266615e-09,-2.7801368005522705e-08
4.705941188237648,PASSED,-0.26283436473397737,-4.1767004452410176e-10,2.478972864653976e-09,2.6409619015854267,2.1786376996152443e-09,-6.1108597478276145e-09
4.706941388277656,PASSED,-0.2628343647343935,-4.146853957573962e-10,3.3217660347399985e-09,2.6409619015875996,2.1681239823892278e-09,-1.3448955544809008e-08
4.707941588317664,PASSED,-0.2628343647348066,-4.1154271142363143e-10,3.023296533114638e-09,2.6409619015897565,2.1478585333050278e-09,-2.480977811046084e-08
4.708941788357672,PASSED,-0.26283436473521665,-4.085037396086084e-10,3.0494220029619905e-09,2.6409619015918975,2.130583165660693e-09,-1.2252427333584011e-08
4.70994198839768,PASSED,-0.26283436473562377,-4.056007561077045e-10,2.805357832865129e-09,2.6409619015940216,2.1177902803795626e-09,-1.315319057949495e-08
4.710942188437688,PASSED,-0.2628343647360279,-4.0262826232963915e-10,3.083917741532216e-09,2.6409619015961336,2.1062303417279724e-09,-1.0497770699653433e-08
4.711942388477696,PASSED,-0.262834364736429,-3.9959596828203555e-10,2.997878251651231e-09,2.640961901598225,2.081083962615092e-09,-3.491211805503136e-08
4.712942588517704,PASSED,-0.26283436473682725,-3.968266469809943e-10,2.6169500006346284e-09,2.640961901600305,2.0713167152177443e-09,6.9959997077747865e-09
4.713942788557712,PASSED,-0.2628343647372226,-3.939659290959348e-10,3.0232298080094328e-09,2.6409619016023687,2.061422434343491e-09,-2.1154467928938282e-08
4.71494298859772,PASSED,-0.2628343647376151,-3.9101779115454963e-10,2.898076696969007e-09,2.64096190160442,2.0411167957029844e-09,-1.973975244821931e-08
4.715943188637728,PASSED,-0.2628343647380047,-3.881522256052689e-10,2.843891450821803e-09,2.640961901606454,2.0255717339158367e-09,-1.2748601346433278e-08
4.716943388677736,PASSED,-0.2628343647383915,-3.854144350240351e-10,2.667056668175175e-09,2.6409619016084718,2.0109357318781805e-09,-1.5894269165137804e-08
4.717943588717744,PASSED,-0.2628343647387755,-3.8265445216210204e-10,2.8219336577716397e-09,2.640961901610477,1.9978688464852855e-09,-1.1181962878066646e-08
4.718943788757752,PASSED,-0.2628343647391567,-3.7976028984164184e-10,2.942314762252536e-09,2.6409619016124664,1.9819194109586756e-09,-1.9127750625638672e-08
4.71994398879776,PASSED,-0.2628343647395351,-3.769271407565271e-10,2.760371967022863e-09,2.640961901614443,1.9690360183657547e-09,-8.720487237775333e-09
4.720944188837768,PASSED,-0.2628343647399108,-3.743940943167154e-10,2.381496088337611e-09,2.640961901616405,1.9563008853692903e-09,-1.54115635022573e-08
4.721944388877776,PASSED,-0.26283436474028365,-3.7157622220227e-10,3.1087894651839054e-09,2.6409619016183505,1.9359831790872114e-09,-2.358846813529332e-08
4.722944588917784,PASSED,-0.26283436474065386,-3.687102155514323e-10,2.7041514412735875e-09,2.640961901620283,1.9250825431032924e-09,-2.4420812163362934e-09
4.723944788957792,PASSED,-0.26283436474102134,-3.6623474515959124e-10,2.323016358886028e-09,2.6409619016222012,1.9143981549464716e-09,-1.6179259450476853e-08
4.7249449889978,PASSED,-0.2628343647413861,-3.634930775407786e-10,3.0207684587636908e-09,2.6409619016241064,1.8969443586017507e-09,-1.8303487607550314e-08
4.725945189037808,PASSED,-0.2628343647417482,-3.60602312115034e-10,2.80409673706524e-09,2.640961901625995,1.8799344790720004e-09,-1.6147474144550568e-08
4.726945389077816,PASSED,-0.26283436474210764,-3.581932543876522e-10,2.145698387592872e-09,2.6409619016278736,1.8739984923801676e-09,8.716716099784079e-10
4.727945589117824,PASSED,-0.2628343647424644,-3.55518391278914e-10,3.027639589501706e-09,2.6409619016297357,1.8567331451882095e-09,-2.9356693059915574e-08
4.728945789157832,PASSED,-0.26283436474281857,-3.5273013183893737e-10,2.6286726736265582e-09,2.6409619016315835,1.8355486159021408e-09,-1.573642010350389e-08
4.72994598919784,PASSED,-0.26283436474317007,-3.5024120653062034e-10,2.3957603981106617e-09,2.6409619016334194,1.8320232483611168e-09,4.615334167296057e-09
4.730946189237848,PASSED,-0.2628343647435189,-3.475509390108023e-10,2.8866056009562515e-09,2.640961901635239,1.8148996959576299e-09,-3.1616143450675426e-08
4.731946389277856,PASSED,-0.2628343647438652,-3.448982109320694e-10,2.496809730584092e-09,2.640961901637049,1.7995373727428584e-09,-4.526443057502215e-09
4.732946589317864,PASSED,-0.2628343647442088,-3.423164371253535e-10,2.6384165241371263e-09,2.640961901638842,1.7890668619835417e-09,-1.4433222560526282e-08
4.733946789357872,PASSED,-0.26283436474454985,-3.398027577950732e-10,2.4305212010423948e-09,2.6409619016406225,1.7723389558287373e-09,-1.8257695217656517e-08
4.73494698939788,PASSED,-0.2628343647448883,-3.371962248213352e-10,2.723874155535049e-09,2.6409619016423904,1.7608525004945768e-09,-6.972295411829762e-09
4.735947189437888,PASSED,-0.26283436474522415,-3.345541640910078e-10,2.5875184468556194e-09,2.640961901644142,1.7454811265486262e-09,-2.0970759635364343e-08
4.736947389477896,PASSED,-0.2628343647455575,-3.3211540476359704e-10,2.339586581114111e-09,2.6409619016458845,1.7366781052622423e-09,-6.911957203969699e-10
4.737947589517904,PASSED,-0.2628343647458882,-3.2943420517447083e-10,2.9089415944675797e-09,2.6409619016476107,1.7204849464745978e-09,-2.652780083247638e-08
4.738947789557912,PASSED,-0.26283436474621646,-3.268699642834983e-10,2.3344404219758382e-09,2.6409619016493244,1.7041033385341902e-09,-9.617479345695017e-09
4.73994798959792,PASSED,-0.26283436474654204,-3.243788400136504e-10,2.595580168429312e-09,2.640961901651023,1.693535532414699e-09,-1.1201357302021666e-08
4.740948189637928,PASSED,-0.26283436474686517,-3.2195451192346525e-10,2.3101600380224274e-09,2.6409619016527115,1.6824673501571685e-09,-1.0979398894536436e-08
4.741948389677936,PASSED,-0.26283436474718574,-3.1925857976082153e-10,2.9531135790579564e-09,2.640961901654384,1.6644923825420565e-09,-2.263868009549608e-08
4.742948589717944,PASSED,-0.26283436474750377,-3.166770713204704e-10,2.3337716812132394e-09,2.6409619016560444,1.6531186303604345e-09,-3.863800239039025e-09
4.743948789757952,PASSED,-0.2628343647478193,-3.1434619137476636e-10,2.328952122031284e-09,2.6409619016576915,1.6434387656176841e-09,-1.355724107855787e-08
4.74494898979796,PASSED,-0.26283436474813227,-3.1168110893228394e-10,2.8891693227831837e-09,2.640961901659325,1.624933360507402e-09,-2.1804181131431458e-08
4.745949189837968,PASSED,-0.2628343647484428,-3.091943473750601e-10,2.2184897135176067e-09,2.640961901660948,1.6167595805315588e-09,9.131541278822011e-10
4.746949389877976,PASSED,-0.26283436474875077,-3.06822579015392e-10,2.4739541237683196e-09,2.640961901662556,1.6037957010792247e-09,-2.221523517247814e-08
4.747949589917984,PASSED,-0.2628343647490563,-3.0427027473358e-10,2.6045377205077644e-09,2.64096190166415,1.5836656897223105e-09,-1.8739862146538268e-08
4.748949789957992,PASSED,-0.2628343647493593,-3.017412183770937e-10,2.478735447138676e-09,2.640961901665732,1.576795538276644e-09,1.0429890215810864e-09
4.749949989998,PASSED,-0.2628343647496598,-2.992828195579228e-10,2.444841067192323e-09,2.6409619016673025,1.5675769375836238e-09,-1.6059660502754226e-08
4.750950190038008,PASSED,-0.2628343647499579,-2.968645050122016e-10,2.4006301980738048e-09,2.640961901668856,1.5428954859116653e-09,-3.0429312451427944e-08
4.751950390078016,PASSED,-0.2628343647502535,-2.9431605174391987e-10,2.6470019817537203e-09,2.6409619016704,1.5373631187316962e-09,1.1065596334336525e-08
4.752950590118024,PASSED,-0.2628343647505466,-2.918398153480098e-10,2.3623926720142574e-09,2.64096190167193,1.5290291192646245e-09,-2.126706333467715e-08
4.753950790158032,PASSED,-0.26283436475083727,-2.8950126520622314e-10,2.3226551216349776e-09,2.6409619016734474,1.5063966884835139e-09,-2.3542675745399522e-08
4.75495099019804,PASSED,-0.2628343647511255,-2.8697845807717906e-10,2.6562418006501355e-09,2.640961901674952,1.497935116805538e-09,1.5924977003066587e-09
4.755951190238048,PASSED,-0.26283436475141125,-2.844989375291708e-10,2.3617063795802754e-09,2.640961901676445,1.4912032045039506e-09,-1.228151896951654e-08
4.756951390278056,PASSED,-0.2628343647516945,-2.82099367566959e-10,2.4248123506328866e-09,2.6409619016779238,1.4697659012256682e-09,-2.7541159484126183e-08
4.757951590318064,PASSED,-0.26283436475197547,-2.797571388323723e-10,2.2871729905559352e-09,2.6409619016793897,1.4567052651471587e-09,-3.4069538080985483e-09
4.758951790358072,PASSED,-0.26283436475225397,-2.772900152757694e-10,2.5870906006342376e-09,2.6409619016808437,1.4517218679119162e-09,-6.034359520005035e-09
4.75995199039808,PASSED,-0.26283436475253,-2.7488726631562263e-10,2.2798545331550665e-09,2.6409619016822856,1.4352439343325322e-09,-2.3440316285636915e-08
4.760952190438088,PASSED,-0.2628343647528037,-2.724899261077811e-10,2.47566399096591e-09,2.640961901683713,1.4170759921990675e-09,-1.4653026032016511e-08
4.761952390478096,PASSED,-0.262834364753075,-2.700274865410081e-10,2.4536232839777802e-09,2.640961901685129,1.4120487420163268e-09,1.3899337167764476e-09
4.762952590518104,PASSED,-0.2628343647533439,-2.6771753414148916e-10,2.214171809879675e-09,2.640961901686534,1.4018204460628483e-09,-1.797378240031497e-08
4.763952790558112,PASSED,-0.26283436475361044,-2.6540559227195833e-10,2.3771219092982652e-09,2.6409619016879247,1.380370213168596e-09,-2.3767866556877254e-08
4.76495299059812,PASSED,-0.26283436475387456,-2.628411701326876e-10,2.689288959252346e-09,2.640961901689306,1.375547466411781e-09,7.807333109893132e-09
4.765953190638128,PASSED,-0.26283436475413635,-2.6062294774066016e-10,1.9041780138775245e-09,2.640961901690671,1.362213261208706e-09,-2.7428564078387318e-08
4.766953390678136,PASSED,-0.2628343647543958,-2.583350552097032e-10,2.5437022090098755e-09,2.6409619016920254,1.3440801212915605e-09,-1.1936190476317432e-08
4.767953590718144,PASSED,-0.26283436475465294,-2.558282526741925e-10,2.4822027531778943e-09,2.640961901693368,1.3385049786320905e-09,-1.3344441149051398e-09
4.768953790758152,PASSED,-0.26283436475490773,-2.535675430173198e-10,2.1130475926692954e-09,2.6409619016946975,1.3245547849748438e-09,-2.2360693352140788e-08
4.76995399079816,PASSED,-0.2628343647551602,-2.5143436499284916e-10,2.1465983123381366e-09,2.6409619016960173,1.3115257187086611e-09,-6.807981542210841e-09
4.770954190838168,PASSED,-0.26283436475541044,-2.491524301389607e-10,2.3721592149220975e-09,2.6409619016973216,1.2991282641826135e-09,-1.6123769848605542e-08
4.771954390878176,PASSED,-0.2628343647556583,-2.4661022154826884e-10,2.6555748412050473e-09,2.640961901698617,1.2899657995722632e-09,-4.52159445151346e-09
4.772954590918184,PASSED,-0.26283436475590394,-2.4445939649704724e-10,1.8143251912325524e-09,2.640961901699899,1.2770984612525053e-09,-1.8431167565254198e-08
4.773954790958192,PASSED,-0.26283436475614724,-2.422349496159152e-10,2.497861341065014e-09,2.6409619017011705,1.2640615294699409e-09,-9.440774594104834e-09
4.7749549909982,PASSED,-0.26283436475638833,-2.3986710447120933e-10,2.2811676804663755e-09,2.6409619017024277,1.251755551976881e-09,-1.4216112759029806e-08
4.775955191038208,PASSED,-0.2628343647566272,-2.378153972315988e-10,1.898733612373325e-09,2.640961901703676,1.2426931841434985e-09,-5.62653788295086e-09
4.776955391078216,PASSED,-0.26283436475686384,-2.355915392617987e-10,2.4406075414179622e-09,2.640961901704911,1.2299741054201966e-09,-1.744743928353567e-08
4.777955591118224,PASSED,-0.2628343647570983,-2.332774270235724e-10,2.229782036098439e-09,2.640961901706135,1.2161246550207164e-09,-1.1450791143443176e-08
4.778955791158232,PASSED,-0.2628343647573306,-2.31190172903332e-10,1.9922355096684108e-09,2.640961901707349,1.2110539828776764e-09,-8.172594761046012e-10
4.779955991198239,PASSED,-0.26283436475756067,-2.289860705179141e-10,2.345346969250912e-09,2.640961901708549,1.1938820521611018e-09,-2.8075044876887992e-08
4.780956191238247,PASSED,-0.26283436475778854,-2.2673575402382921e-10,2.1869628439741925e-09,2.64096190170974,1.182660115220328e-09,1.3468349968764027e-11
4.781956391278255,PASSED,-0.26283436475801436,-2.2478264116409737e-10,1.7972128702369556e-09,2.640961901710915,1.171676621947401e-09,-1.8314801021524075e-08
4.782956591318263,PASSED,-0.262834364758238,-2.2265145248638257e-10,2.3538392160333406e-09,2.640961901712086,1.165964317611849e-09,2.689360121762801e-09
4.783956791358271,PASSED,-0.2628343647584595,-2.2034364293376406e-10,2.2771231103419975e-09,2.640961901713242,1.1521280123219384e-09,-2.4853415564359634e-08
4.784956991398279,PASSED,-0.26283436475867894,-2.18464308073038e-10,1.6141426943154626e-09,2.6409619017143884,1.1367713996875539e-09,-9.02541068106815e-09
4.785957191438287,PASSED,-0.2628343647588963,-2.1642210633819908e-10,2.3275744285212283e-09,2.640961901715523,1.130847803877692e-09,-3.855719229057766e-09
4.786957391478295,PASSED,-0.26283436475911165,-2.14159960448836e-10,2.218526863257656e-09,2.640961901716646,1.1185516313434094e-09,-1.7923141404432417e-08
4.787957591518303,PASSED,-0.2628343647593249,-2.1231354467244572e-10,1.59834171847866e-09,2.640961901717759,1.1056232005881932e-09,-9.598623655738748e-09
4.788957791558311,PASSED,-0.2628343647595362,-2.1033058892175395e-10,2.2393651055005174e-09,2.6409619017188617,1.098753695623325e-09,-5.05009250428776e-09
4.789957991598319,PASSED,-0.2628343647597455,-2.0818682746394468e-10,2.0800256926817493e-09,2.6409619017199546,1.0886578204867396e-09,-1.3459730224784018e-08
4.790958191638327,PASSED,-0.26283436475995275,-2.0637578567252775e-10,1.6317191905737361e-09,2.640961901721038,1.0782158626293567e-09,-8.43010961244878e-09
4.791958391678335,PASSED,-0.2628343647601581,-2.043842007976952e-10,2.231495331005101e-09,2.6409619017221084,1.064309737413208e-09,-1.7556802285282036e-08
4.792958591718343,PASSED,-0.2628343647603615,-2.023136696630007e-10,1.9632216704874174e-09,2.6409619017231702,1.0559222955334601e-09,-2.274534942724869e-09
4.793958791758351,PASSED,-0.262834364760563,-2.0050763975126875e-10,1.7012354058949736e-09,2.640961901724224,1.0515069394265004e-09,-5.842570216449835e-09
4.794958991798359,PASSED,-0.2628343647607625,-1.9858271252472292e-10,2.0740551069797536e-09,2.640961901725265,1.0340196338270573e-09,-2.52504625214388e-08
4.795959191838367,PASSED,-0.26283436476096017,-1.9678179607524616e-10,1.6188240111414134e-09,2.6409619017262957,1.0234930947318706e-09,-7.105901443519901e-10
4.796959391878375,PASSED,-0.262834364761156,-1.9496089651114664e-10,1.9556165994049603e-09,2.6409619017273185,1.0220025255041277e-09,-2.010555283337094e-09
4.797959591918383,PASSED,-0.26283436476135,-1.9304532987873098e-10,1.888866654422813e-09,2.6409619017283323,1.0090502827061666e-09,-2.024670114104359e-08
4.798959791958391,PASSED,-0.26283436476154226,-1.912615954369952e-10,1.713646299944414e-09,2.640961901729337,9.968302871593073e-10,-6.868858484069654e-09
4.799959991998399,PASSED,-0.2628343647617326,-1.8952820268688801e-10,1.7465570502156879e-09,2.640961901730328,9.867616719630586e-10,-1.2201786337701458e-08
4.800960192038407,PASSED,-0.2628343647619213,-1.878137150144875e-10,1.693108087190386e-09,2.6409619017313126,9.802582906237415e-10,-2.704444673727817e-09
4.801960392078415,PASSED,-0.26283436476210814,-1.8599894775968965e-10,1.895873366536147e-09,2.640961901732289,9.744895269651204e-10,-7.811642981883136e-09
4.802960592118423,PASSED,-0.26283436476229327,-1.8416492009243866e-10,1.7927972010609057e-09,2.640961901733256,9.615826455698542e-10,-1.630370700418823e-08
4.803960792158431,PASSED,-0.26283436476247674,-1.8264094654548215e-10,1.3447577775535445e-09,2.6409619017342156,9.548096817375621e-10,-4.1913505102793656e-10
4.804960992198439,PASSED,-0.26283436476265853,-1.8102749283402276e-10,1.7925843340633274e-09,2.6409619017351615,9.416147931465639e-10,-2.1712057617645114e-08
4.805961192238447,PASSED,-0.26283436476283867,-1.7921283250846844e-10,1.8293776532149572e-09,2.640961901736104,9.372885436429974e-10,7.264289239152566e-09
4.806961392278455,PASSED,-0.2628343647630171,-1.77550920730026e-10,1.550267861927413e-09,2.6409619017370356,9.300697235533393e-10,-1.6874226308865074e-08
4.807961592318463,PASSED,-0.26283436476319394,-1.7615602867510304e-10,1.291308183586689e-09,2.6409619017379584,9.154061383349473e-10,-1.3189824491409987e-08
4.808961792358471,PASSED,-0.2628343647633692,-1.7448899238496572e-10,1.917521694504434e-09,2.6409619017388724,9.103800733670038e-10,4.1644138103418376e-10
4.809961992398479,PASSED,-0.2628343647635428,-1.727341678816647e-10,1.646359709165458e-09,2.6409619017397805,9.072990536281493e-10,-5.4126604854468874e-09
4.810962192438487,PASSED,-0.26283436476371497,-1.7140918505560887e-10,1.1107315706493973e-09,2.6409619017406776,8.908590469222771e-10,-2.379157085282228e-08
4.811962392478495,PASSED,-0.2628343647638856,-1.699866781217344e-10,1.630357176024552e-09,2.640961901741568,8.839577566514827e-10,4.35889678389079e-09
4.812962592518503,PASSED,-0.2628343647640547,-1.6824994657877326e-10,1.8076477875855216e-09,2.640961901742451,8.838908458888378e-10,-3.0174491270018928e-09
4.813962792558511,PASSED,-0.2628343647642223,-1.668094093870084e-10,1.1957967945510713e-09,2.640961901743326,8.70831610518725e-10,-1.9753759532186826e-08
4.814962992598519,PASSED,-0.2628343647643885,-1.655776555186663e-10,1.2557252508694319e-09,2.6409619017441943,8.619064043614244e-10,-1.706170574043027e-09
4.815963192638527,PASSED,-0.26283436476455324,-1.639611658836955e-10,1.856999224371707e-09,2.640961901745054,8.579695517921549e-10,-5.4239738994206496e-09
4.816963392678535,PASSED,-0.2628343647647165,-1.623548118034078e-10,1.439257317565003e-09,2.6409619017459076,8.499305630627991e-10,-9.78233194931269e-09
4.817963592718543,PASSED,-0.2628343647648784,-1.6133161690875326e-10,7.458199460475694e-10,2.640961901746751,8.37655724394867e-10,-1.3936509813678265e-08
4.818963792758551,PASSED,-0.2628343647650389,-1.5989978730474657e-10,1.8891693759794528e-09,2.6409619017475903,8.364170671849396e-10,7.226577859240027e-09
4.819963992798559,PASSED,-0.26283436476519806,-1.583088568599361e-10,1.3921044906978577e-09,2.6409619017484207,8.29555535483253e-10,-1.6253604742304428e-08
4.820964192838567,PASSED,-0.26283436476535593,-1.5722880188968135e-10,8.720219566260044e-10,2.6409619017492445,8.169998009083724e-10,-1.009048779659801e-08
4.821964392878575,PASSED,-0.2628343647655124,-1.5596273533935718e-10,1.5287629461229661e-09,2.6409619017500625,8.152835021351529e-10,3.866493909032777e-09
4.822964592918583,PASSED,-0.2628343647656676,-1.544724610345727e-10,1.4646152105588296e-09,2.640961901750873,8.086634310117063e-10,-1.3611114478432927e-08
4.823964792958591,PASSED,-0.26283436476582156,-1.5331232389041287e-10,9.571517665604562e-10,2.6409619017516746,7.946961056132995e-10,-1.4204799345056044e-08
4.824964992998599,PASSED,-0.26283436476597427,-1.5219477790026637e-10,1.224475472537214e-09,2.6409619017524744,7.986835991784516e-10,1.6115688838624286e-08
4.825965193038607,PASSED,-0.2628343647661257,-1.5071028900403162e-10,1.6578311786997576e-09,2.640961901753265,7.904453866163578e-10,-2.447414682923924e-08
4.826965393078615,PASSED,-0.2628343647662759,-1.4953727001769566e-10,8.498108580934465e-10,2.640961901754047,7.710839331820611e-10,-1.5952991171001616e-08
4.827965593118623,PASSED,-0.26283436476642497,-1.4852125217270846e-10,1.1268225029163659e-09,2.6409619017548276,7.822443467001776e-10,2.923601664419545e-08
4.828965793158631,PASSED,-0.2628343647665728,-1.472004582299017e-10,1.450108236067027e-09,2.6409619017556,7.753963910952595e-10,-3.090393710432719e-08
4.829965993198639,PASSED,-0.2628343647667195,-1.4609340341402875e-10,8.783525357435614e-10,2.6409619017563655,7.530463646762939e-10,-1.664741929539109e-08
4.830966193238647,PASSED,-0.262834364766865,-1.4502033611876018e-10,1.2028771349519268e-09,2.640961901757124,7.572178897754192e-10,1.80508213621363e-08
4.831966393278655,PASSED,-0.2628343647670094,-1.4383184566114425e-10,1.1788993393919524e-09,2.640961901757878,7.574462052440897e-10,-1.1653355126973388e-08
4.832966593318663,PASSED,-0.2628343647671527,-1.4275847135074483e-10,1.0030242910710657e-09,2.640961901758625,7.38979912222117e-10,-2.3008251618638964e-08
4.833966793358671,PASSED,-0.2628343647672949,-1.416164446089536e-10,1.2346950422713283e-09,2.640961901759367,7.380092213031682e-10,1.372101621417804e-08
4.834966993398679,PASSED,-0.262834364767436,-1.4052883389853662e-10,9.895544891807743e-10,2.6409619017601043,7.404578750742893e-10,-5.066254524250277e-09
4.835967193438687,PASSED,-0.26283436476757605,-1.3953587682368793e-10,9.95225465293995e-10,2.6409619017608357,7.260438314441185e-10,-2.0645903034117753e-08
4.836967393478695,PASSED,-0.26283436476771505,-1.3845092770725963e-10,1.1447648838511897e-09,2.6409619017615618,7.209761762114715e-10,5.3178433016667885e-09
4.837967593518703,PASSED,-0.262834364767853,-1.374404183620571e-10,9.210056527700826e-10,2.6409619017622816,7.213746238769474e-10,-2.881149425318001e-09
4.838967793558711,PASSED,-0.2628343647679899,-1.3643742701336136e-10,1.057648479312858e-09,2.640961901762998,7.132938293892885e-10,-1.1547224529219526e-08
4.839967993598719,PASSED,-0.2628343647681258,-1.3539706755933367e-10,1.0288334371709011e-09,2.640961901763705,7.011395593902768e-10,-1.255896697887308e-08
4.840968193638727,PASSED,-0.2628343647682608,-1.3446250788122598e-10,8.717105053988849e-10,2.640961901764411,7.052374934251729e-10,1.5202534710742085e-08
4.841968393678735,PASSED,-0.26283436476839467,-1.3348677530907617e-10,1.0450806166504518e-09,2.640961901765109,6.985918863101854e-10,-2.121103499880709e-08
4.842968593718743,PASSED,-0.2628343647685277,-1.3248359644107199e-10,9.752443689066813e-10,2.640961901765804,6.880251576586918e-10,-3.470524419951115e-09
4.8439687937587514,PASSED,-0.2628343647686596,-1.3141710322105237e-10,1.1273257874282205e-09,2.640961901766494,6.896563364601088e-10,5.032314282328991e-09
4.8449689937987594,PASSED,-0.2628343647687907,-1.306493691659155e-10,5.280062336093191e-10,2.6409619017671777,6.826919065646609e-10,-1.4962259347299332e-08
4.8459691938387675,PASSED,-0.2628343647689208,-1.2972992748744054e-10,1.1803986417187013e-09,2.6409619017678554,6.715668339968623e-10,-8.566948048131423e-09
4.8469693938787755,PASSED,-0.26283436476905003,-1.286520514397044e-10,1.0095276517477842e-09,2.6409619017685317,6.770579341525273e-10,1.486313229152923e-08
4.8479695939187835,PASSED,-0.26283436476917826,-1.2775650705314585e-10,8.1955554309904e-10,2.6409619017692014,6.697868568649904e-10,-2.2027217006914193e-08
4.8489697939587915,PASSED,-0.26283436476930566,-1.2700860309261966e-10,7.001362388109899e-10,2.640961901769865,6.552517058319005e-10,-9.540440383873687e-09
4.8499699939987995,PASSED,-0.2628343647694321,-1.2602149840600423e-10,1.1784169851517308e-09,2.6409619017705275,6.63846668047967e-10,2.0685230616026545e-08
4.8509701940388075,PASSED,-0.26283436476955774,-1.2512124096782574e-10,7.148177401963368e-10,2.6409619017711825,6.555618011215813e-10,-2.7598265287993745e-08
4.8519703940788155,PASSED,-0.2628343647696824,-1.2423773240068819e-10,9.959691184316896e-10,2.640961901771834,6.423360969458546e-10,-3.643996767548795e-09
4.8529705941188235,PASSED,-0.2628343647698062,-1.2333195566738976e-10,8.456484765429129e-10,2.6409619017724792,6.462022676144881e-10,8.872948959421742e-09
4.8539707941588315,PASSED,-0.26283436476992916,-1.2248178296071296e-10,8.531888600994192e-10,2.6409619017731196,6.40051972537952e-10,-1.6165791100508086e-08
4.8549709941988395,PASSED,-0.26283436477005123,-1.2168469535481213e-10,7.596867697684011e-10,2.6409619017737604,6.375411488633752e-10,6.592487942710616e-09
4.8559711942388475,PASSED,-0.2628343647701725,-1.2086367722705007e-10,8.619056997578464e-10,2.6409619017743915,6.294872910756538e-10,-1.781808827467606e-08
4.8569713942788555,PASSED,-0.26283436477029287,-1.1989931358868118e-10,1.0326689307762527e-09,2.6409619017750194,6.233304234443329e-10,1.6172794642491845e-09
4.8579715943188635,PASSED,-0.26283436477041244,-1.1911950439151262e-10,6.11236041430101e-10,2.640961901775643,6.238984645726155e-10,-1.314510956951369e-10
4.8589717943588715,PASSED,-0.2628343647705311,-1.1833313440886678e-10,9.031259434563107e-10,2.6409619017762624,6.173122259442904e-10,-1.0889430316745091e-08
4.8599719943988795,PASSED,-0.26283436477064903,-1.1745587339249724e-10,8.600177316450408e-10,2.6409619017768797,6.144281673553791e-10,2.4528558963113048e-09
4.8609721944388875,PASSED,-0.26283436477076605,-1.1662361236750192e-10,8.137565538954871e-10,2.640961901777491,6.096659743000236e-10,-9.57222568979997e-09
4.8619723944788955,PASSED,-0.2628343647708823,-1.158034476006018e-10,8.244369089031915e-10,2.640961901778097,6.020894348351952e-10,-6.246081981514005e-09
4.8629725945189035,PASSED,-0.2628343647709977,-1.1498523898618009e-10,8.140564181007279e-10,2.6409619017787005,6.023857385345081e-10,4.657894153197351e-09
4.8639727945589115,PASSED,-0.2628343647711123,-1.1422044545916851e-10,7.319515996188255e-10,2.640961901779298,5.959952758413289e-10,-1.3756033924096827e-08
4.8649729945989195,PASSED,-0.2628343647712261,-1.1333597113055266e-10,9.861561479471938e-10,2.6409619017798924,5.905655913615215e-10,1.2121514971887626e-10
4.8659731946389275,PASSED,-0.2628343647713391,-1.1253487573764348e-10,6.777215562171627e-10,2.640961901780481,5.873632487261484e-10,-5.418047825434393e-09
4.8669733946789355,PASSED,-0.2628343647714512,-1.1176910512830142e-10,8.244699780919709e-10,2.640961901781068,5.853608821995923e-10,2.747543393627862e-10
4.8679735947189435,PASSED,-0.2628343647715626,-1.1097679949333224e-10,7.70862739553976e-10,2.6409619017816484,5.781254691027727e-10,-1.224219138760775e-08
4.8689737947589515,PASSED,-0.26283436477167316,-1.1020725392683304e-10,7.686674511293724e-10,2.6409619017822252,5.734209205852836e-10,3.2054672925658384e-10
4.8699739947989595,PASSED,-0.26283436477178296,-1.094077083105165e-10,8.201310597746415e-10,2.6409619017828,5.752131808523269e-10,2.7734026255678884e-09
4.8709741948389675,PASSED,-0.2628343647718919,-1.0846468801801179e-10,1.0249464476580877e-09,2.6409619017833657,5.614683525954041e-10,-2.4756982178583284e-08
4.8719743948789755,PASSED,-0.262834364772,-1.0766811449194686e-10,6.443249116694722e-10,2.640961901783932,5.622861508055075e-10,1.786765180256111e-08
4.8729745949189835,PASSED,-0.26283436477210737,-1.0703241549264338e-10,6.299483910594913e-10,2.6409619017844927,5.649042902926355e-10,-7.548202056494112e-09
4.8739747949589916,PASSED,-0.26283436477221395,-1.0622999615087497e-10,9.173999755743536e-10,2.6409619017850487,5.497227662078446e-10,-2.027040543698861e-08
4.8749749949989996,PASSED,-0.26283436477231975,-1.0535880620141547e-10,8.403832653829101e-10,2.6409619017856008,5.475050138285881e-10,9.817349659231476e-09
4.875975195039008,PASSED,-0.2628343647724247,-1.045419764253998e-10,8.011274497708721e-10,2.6409619017861514,5.546317104044597e-10,5.332927853631804e-09
4.876975395079016,PASSED,-0.26283436477252897,-1.0385741780272703e-10,6.068460712740364e-10,2.6409619017866923,5.358425002236359e-10,-3.487063553712757e-08
4.877975595119024,PASSED,-0.2628343647726323,-1.0289468855606396e-10,1.1999846969224285e-09,2.6409619017872332,5.343183139943708e-10,2.0706779975976568e-08
4.878975795159032,PASSED,-0.2628343647727349,-1.0217212138528991e-10,4.0428882000845955e-10,2.6409619017877675,5.391859911666816e-10,-5.6917246967996784e-09
4.87997599519904,PASSED,-0.2628343647728367,-1.0152499659741459e-10,8.090154331198845e-10,2.6409619017883004,5.280589791564875e-10,-1.4750536885790363e-08
4.880976195239048,PASSED,-0.26283436477293776,-1.0053261913575971e-10,1.1146188140115508e-09,2.6409619017888284,5.241547738675421e-10,3.3266824422847147e-09
4.881976395279056,PASSED,-0.26283436477303795,-9.979453358663529e-11,4.870633725330006e-10,2.6409619017893515,5.233271706986615e-10,-3.5971269096574964e-09
4.882976595319064,PASSED,-0.2628343647731374,-9.911317062535804e-11,8.10896020440071e-10,2.6409619017898707,5.168383351773104e-10,-8.416641262480016e-09
4.883976795359072,PASSED,-0.262834364773236,-9.824170067880098e-11,9.118525639684076e-10,2.6409619017903854,5.115710251247264e-10,-3.1677559126532993e-09
4.88497699539908,PASSED,-0.2628343647733339,-9.743150392251142e-11,7.424262178369998e-10,2.640961901790895,5.080738872452369e-10,-3.716725857380121e-09
4.885977195439088,PASSED,-0.2628343647734309,-9.664425744262296e-11,8.171266545894332e-10,2.6409619017914014,5.047114328654352e-10,-3.1262733947495063e-09
4.886977395479096,PASSED,-0.2628343647735272,-9.581265598806336e-11,8.412513212063912e-10,2.640961901791905,5.021366075918068e-10,-2.207193192881049e-09
4.887977595519104,PASSED,-0.26283436477362265,-9.503341314659505e-11,7.379038549762552e-10,2.640961901792405,4.979369605779467e-10,-5.527949561179508e-09
4.888977795559112,PASSED,-0.26283436477371724,-9.418333392507078e-11,9.248627992229624e-10,2.6409619017928967,4.872788626402652e-10,-1.4078196855349663e-08
4.88997799559912,PASSED,-0.2628343647738111,-9.350217496685603e-11,5.186897308759297e-10,2.6409619017933887,4.911233762021489e-10,1.57929871733727e-08
4.890978195639128,PASSED,-0.2628343647739042,-9.275981130601686e-11,8.914796141479805e-10,2.640961901793873,4.845471580262006e-10,-2.1489021742162382e-08
4.891978395679136,PASSED,-0.26283436477399647,-9.179085044876714e-11,1.0206150193175262e-09,2.640961901794354,4.746391933083792e-10,-2.187260034927278e-09
4.892978595719144,PASSED,-0.26283436477408795,-9.102528191066741e-11,5.955375506211893e-10,2.640961901794833,4.793957835301477e-10,9.385823726232275e-09
4.893978795759152,PASSED,-0.26283436477417865,-9.033323047680149e-11,7.563940226957381e-10,2.640961901795305,4.707140851402824e-10,-2.0726713133930337e-08
4.89497899579916,PASSED,-0.2628343647742685,-8.941443967746683e-11,1.027055317093928e-09,2.640961901795777,4.676392069690137e-10,8.693011803839054e-09
4.895979195839168,PASSED,-0.26283436477435757,-8.860259423881642e-11,6.683721863547185e-10,2.64096190179624,4.6222148238397853e-10,-1.4824882177617941e-08
4.896979395879176,PASSED,-0.2628343647744459,-8.800893618772658e-11,5.438486275799418e-10,2.6409619017967016,4.57659806122958e-10,2.280461016711125e-09
4.897979595919184,PASSED,-0.26283436477453337,-8.715578410926575e-11,1.0593543790480974e-09,2.6409619017971564,4.5341404347880484e-10,-8.596578418062703e-09
4.898979795959192,PASSED,-0.26283436477462013,-8.628470414588661e-11,7.455636862664725e-10,2.64096190179761,4.516158571377752e-10,2.7340750436590975e-09
4.8999799959992,PASSED,-0.262834364774706,-8.55208648552311e-11,7.760230269148759e-10,2.6409619017980606,4.508159448964304e-10,-3.155903764680787e-09
4.900980196039208,PASSED,-0.26283436477479116,-8.471674638840015e-11,8.228487601083179e-10,2.6409619017985033,4.385611471332519e-10,-1.832072709551033e-08
4.901980396079216,PASSED,-0.26283436477487543,-8.384373752974686e-11,9.064489243499634e-10,2.640961901798945,4.387937724739124e-10,1.2601526964774375e-08
4.902980596119224,PASSED,-0.262834364774959,-8.321714750650709e-11,4.4001742249963117e-10,2.6409619017993795,4.3542496103292545e-10,-1.4015703711494597e-08
4.903980796159232,PASSED,-0.26283436477504174,-8.245627996850122e-11,9.747676150100285e-10,2.6409619017998116,4.2702135713321523e-10,-4.6622040251873555e-09
4.90498099619924,PASSED,-0.2628343647751237,-8.14996999342035e-11,9.444549804895046e-10,2.64096190180024,4.279822430933867e-10,4.709612617077405e-09
4.905981196239248,PASSED,-0.2628343647752049,-8.083329869303811e-11,4.810320816159989e-10,2.6409619018006647,4.2387385761891494e-10,-9.987050868837901e-09
4.906981396279256,PASSED,-0.26283436477528527,-8.005472907417605e-11,9.7692797702612e-10,2.6409619018010844,4.1532393356514405e-10,-7.591839510392907e-09
4.907981596319264,PASSED,-0.26283436477536487,-7.914919472864248e-11,8.579385912051832e-10,2.6409619018014996,4.134337314571278e-10,1.9108894935682402e-09
4.908981796359272,PASSED,-0.26283436477544364,-7.843234136659992e-11,6.227965426008088e-10,2.6409619018019126,4.1326941758750894e-10,-1.5477827784103621e-09
4.90998199639928,PASSED,-0.26283436477552174,-7.773417504813355e-11,7.484128357100652e-10,2.6409619018023167,3.9873577500961557e-10,-2.3190882444215406e-08
4.910982196439288,PASSED,-0.262834364775599,-7.687904256846952e-11,9.262789089666694e-10,2.6409619018027213,4.01095429924143e-10,1.9393346487022698e-08
4.911982396479296,PASSED,-0.26283436477567557,-7.616427455213088e-11,5.737607545866264e-10,2.6409619018031214,4.0499230843070527e-10,-6.434100147077951e-09
4.912982596519304,PASSED,-0.26283436477575134,-7.54182227796315e-11,8.609124511079098e-10,2.6409619018035158,3.8714620598809423e-10,-2.545410397296651e-08
4.913982796559312,PASSED,-0.26283436477582633,-7.457742521924521e-11,8.273876332385377e-10,2.6409619018039083,3.886138251474905e-10,1.9415434580971473e-08
4.91498299659932,PASSED,-0.26283436477590055,-7.386871322709822e-11,6.295948980859525e-10,2.640961901804295,3.9108823040375184e-10,-8.819614293545435e-09
4.915983196639328,PASSED,-0.26283436477597405,-7.31048229315137e-11,8.534205605835874e-10,2.640961901804679,3.7760845927421427e-10,-1.6586542353532277e-08
4.916983396679336,PASSED,-0.2628343647760467,-7.220687210766386e-11,9.276376660273404e-10,2.6409619018050594,3.783692594272498e-10,1.2325695157414088e-08
4.917983596719344,PASSED,-0.2628343647761187,-7.170291619381775e-11,2.2150141239194906e-10,2.6409619018054356,3.7776113648946017e-10,-9.230668334592114e-09
4.918983796759352,PASSED,-0.26283436477619,-7.096358242360141e-11,1.0845553420992828e-09,2.6409619018058077,3.668725681471131e-10,-1.1993835014183742e-08
4.91998399679936,PASSED,-0.2628343647762605,-7.004580532860052e-11,8.065915969352934e-10,2.6409619018061754,3.6568013431427865e-10,6.008500288065008e-09
4.920984196839368,PASSED,-0.26283436477633026,-6.941411863487474e-11,5.150834249194359e-10,2.6409619018065396,3.651252382955656e-10,-4.930493556565135e-09
4.921984396879376,PASSED,-0.2628343647763993,-6.880889922440619e-11,6.653100675012983e-10,2.6409619018068984,3.544695107874785e-10,-1.4472550142435074e-08
4.922984596919384,PASSED,-0.26283436477646765,-6.790344284704845e-11,1.0655539172620272e-09,2.6409619018072554,3.54965577053528e-10,1.047514387170591e-08
4.923984796959392,PASSED,-0.26283436477653527,-6.724076169481909e-11,3.940993088742481e-10,2.64096190180761,3.571273010969145e-10,-3.380555842159771e-09
4.9249849969994,PASSED,-0.26283436477660216,-6.665790431626811e-11,7.086960916688063e-10,2.640961901807958,3.4313864183215714e-10,-2.1060728213155684e-08
4.925985197039408,PASSED,-0.2628343647766684,-6.578801106113898e-11,9.773580307693443e-10,2.6409619018083035,3.411846536186889e-10,1.0783838452989981e-08
4.926985397079416,PASSED,-0.2628343647767339,-6.515794176200146e-11,3.985434780496425e-10,2.640961901808647,3.4831005723296357e-10,4.686447055131131e-09
4.927985597119424,PASSED,-0.2628343647767987,-6.455482705959963e-11,7.394955186366074e-10,2.640961901808985,3.3431062328823125e-10,-2.6456687944641305e-08
4.928985797159432,PASSED,-0.26283436477686284,-6.370034848062222e-11,9.311339525379514e-10,2.64096190180932,3.282727081238345e-10,7.57460002243289e-09
4.92998599719944,PASSED,-0.26283436477692634,-6.318672957318846e-11,2.352755440309724e-10,2.64096190180965,3.324927192828474e-10,1.983618583399566e-09
4.930986197239448,PASSED,-0.2628343647769892,-6.256002996077844e-11,8.876489913293879e-10,2.6409619018099795,3.28525158875649e-10,-7.935013067597015e-09
4.931986397279456,PASSED,-0.2628343647770513,-6.174486994030818e-11,7.66834039897504e-10,2.640961901810303,3.197154572876806e-10,-9.392827268216033e-09
4.932986597319464,PASSED,-0.2628343647771128,-6.119033007531315e-11,4.130104150600524e-10,2.6409619018106247,3.1960415484353875e-10,6.076380771907579e-09
4.933986797359472,PASSED,-0.26283436477717365,-6.060696446197444e-11,6.96935745524469e-10,2.640961901810942,3.173234783332281e-10,-7.852048031789428e-09
4.93498699739948,PASSED,-0.2628343647772338,-5.978664043291016e-11,9.025828847574731e-10,2.6409619018112553,3.0941550971236837e-10,-7.945249013573275e-09
4.935987197439488,PASSED,-0.26283436477729344,-5.931231991885752e-11,1.8881226691609673e-10,2.6409619018115675,3.1152950192346557e-10,8.820153027544186e-09
4.936987397479496,PASSED,-0.2628343647773524,-5.875753602887098e-11,7.987649720335074e-10,2.6409619018118753,3.0781730143167495e-10,-1.2067102838013819e-08
4.937987597519504,PASSED,-0.2628343647774108,-5.8004595376947804e-11,7.223911051829501e-10,2.640961901812179,2.99204022259651e-10,-6.310730061364073e-09
4.938987797559512,PASSED,-0.2628343647774685,-5.740556714899587e-11,5.167863097979223e-10,2.6409619018124815,3.017306847137911e-10,8.418257464476268e-09
4.93998799759952,PASSED,-0.2628343647775257,-5.694161244485655e-11,4.2873363370025673e-10,2.6409619018127803,2.995098076773418e-10,-9.3136333703997e-09
4.940988197639528,PASSED,-0.26283436477758226,-5.623417988474585e-11,8.932318443843287e-10,2.6409619018130748,2.8973297081481637e-10,-1.0085639190609254e-08
4.941988397679536,PASSED,-0.2628343647776382,-5.562434476264063e-11,4.2090397391914123e-10,2.6409619018133665,2.9018335243777184e-10,7.474395498665284e-09
4.942988597719544,PASSED,-0.2628343647776936,-5.51694044581947e-11,4.776311914637818e-10,2.6409619018136588,2.950647134536509e-10,3.1526713606882836e-09
4.943988797759552,PASSED,-0.26283436477774846,-5.457883385287727e-11,6.658635478865314e-10,2.6409619018139434,2.8045079950994367e-10,-2.645830414663756e-08
4.94498899779956,PASSED,-0.2628343647778028,-5.4040570465511265e-11,4.531966136856496e-10,2.6409619018142254,2.758535668050056e-10,9.97681492286164e-09
4.945989197839568,PASSED,-0.26283436477785654,-5.348675482195194e-11,6.208949968084395e-10,2.640961901814507,2.8697562246241117e-10,1.1885549480434879e-08
4.946989397879576,PASSED,-0.2628343647779098,-5.294252327448873e-11,4.931225812330562e-10,2.6409619018147845,2.760930879408501e-10,-2.6061257189558393e-08
4.947989597919584,PASSED,-0.2628343647779625,-5.2464907251611225e-11,4.672783173071333e-10,2.640961901815061,2.7002909805091383e-10,7.26752164314507e-09
4.948989797959592,PASSED,-0.2628343647780147,-5.191479781026038e-11,6.053301907133092e-10,2.640961901815333,2.739759710725602e-10,1.733107273980555e-09
4.9499899979996,PASSED,-0.2628343647780664,-5.141726266332264e-11,4.256717844207059e-10,2.640961901815602,2.67534651889899e-10,-1.1890936820422385e-08
4.950990198039608,PASSED,-0.26283436477811756,-5.1000818275304544e-11,4.1029279041635827e-10,2.64096190181587,2.6543402028197083e-10,4.42623853373461e-09
4.951990398079616,PASSED,-0.26283436477816824,-5.044695267950782e-11,6.495807993836264e-10,2.640961901816134,2.6476211123872914e-10,-4.070674094559239e-09
4.952990598119624,PASSED,-0.2628343647782184,-4.98705391547041e-11,5.276353417504521e-10,2.6409619018163966,2.6034815584016604e-10,-4.642809601232336e-09
4.953990798159632,PASSED,-0.26283436477826816,-4.9587105978564206e-11,1.2063173239952197e-10,2.6409619018166564,2.5838727183151375e-10,-1.729336135989301e-10
4.95499099819964,PASSED,-0.2628343647783174,-4.9055857950135733e-11,8.049922257811073e-10,2.6409619018169144,2.57665799260387e-10,-1.0871652094786322e-09
4.955991198239648,PASSED,-0.26283436477836625,-4.8479754681928567e-11,4.2351062982454427e-10,2.6409619018171684,2.5215702862956303e-10,-8.456507578387558e-09
4.956991398279656,PASSED,-0.2628343647784146,-4.8250541901252475e-11,9.968088124378478e-11,2.6409619018174197,2.4869070633480216e-10,-1.3953210567639533e-10
4.957991598319664,PASSED,-0.26283436477846256,-4.779773545114955e-11,6.882234960090112e-10,2.640961901817671,2.524539788096743e-10,6.365142195237879e-09
4.958991798359672,PASSED,-0.26283436477851,-4.712969332592831e-11,6.545878780293945e-10,2.6409619018179193,2.487078380759624e-10,-1.0486996019678422e-08
4.95999199839968,PASSED,-0.2628343647785571,-4.690301821165644e-11,-5.860006156648217e-11,2.6409619018181654,2.419355207244688e-10,-4.295864906036974e-09
4.960992198439688,PASSED,-0.2628343647786038,-4.660725788208442e-11,5.320005903310206e-10,2.6409619018184096,2.4404821997396897e-10,6.3850753531916506e-09
4.961992398479696,PASSED,-0.2628343647786501,-4.595987701636577e-11,7.243010493104107e-10,2.64096190181865,2.3974470504514975e-10,-1.1429241783493155e-08
4.962992598519704,PASSED,-0.2628343647786959,-4.55457247767244e-11,2.0738636652867758e-10,2.640961901818891,2.3922547321715396e-10,6.754108142335785e-09
4.963992798559712,PASSED,-0.2628343647787414,-4.5445609671894436e-11,2.8600930364152097e-11,2.6409619018191264,2.3542707528556325e-10,-1.0833401980875033e-08
4.96499299859972,PASSED,-0.26283436477878647,-4.486374189750337e-11,9.507123370756824e-10,2.6409619018193617,2.324387177944939e-10,2.241672168801085e-09
4.965993198639728,PASSED,-0.2628343647788312,-4.445114924906904e-11,5.384618934009466e-11,2.6409619018195962,2.367940589339929e-10,5.764453786631004e-09
4.966993398679736,PASSED,-0.2628343647788755,-4.416964480153606e-11,4.332766196615848e-10,2.6409619018198263,2.2864010436930368e-10,-1.7432893465569407e-08
4.967993598719744,PASSED,-0.2628343647789195,-4.380277368660498e-11,3.226007784440714e-10,2.6409619018200563,2.2622625281450194e-10,7.598843052376665e-09
4.968993798759752,PASSED,-0.2628343647789632,-4.3568797288914247e-11,1.748934771885186e-10,2.6409619018202837,2.2980495502140218e-10,8.986083099159359e-10
4.96999399879976,PASSED,-0.2628343647790065,-4.308587617556009e-11,6.882728707979062e-10,2.640961901820511,2.2705514894497956e-10,-5.182082333981647e-09
4.970994198839768,PASSED,-0.2628343647790495,-4.274922297272303e-11,1.0224009086315704e-10,2.640961901820735,2.2117260466582244e-10,-6.3495189092741136e-09
4.971994398879776,PASSED,-0.2628343647790921,-4.2562958351146747e-11,2.4228097538503837e-10,2.6409619018209587,2.2295775364408228e-10,7.208260903282508e-09
4.972994598919784,PASSED,-0.26283436477913447,-4.2102755067258246e-11,6.054848228908028e-10,2.640961901821178,2.1952267792124896e-10,-1.0530633473577218e-08
4.973994798959792,PASSED,-0.26283436477917643,-4.177210326883731e-11,1.4742978210768554e-10,2.6409619018213975,2.1634123816502737e-10,1.7180227220155395e-09
4.9749949989998,PASSED,-0.2628343647792181,-4.1661691042348515e-11,8.573385607620885e-11,2.6409619018216155,2.197009988748354e-10,4.454252701669639e-09
4.975995199039808,PASSED,-0.26283436477925953,-4.11925648391654e-11,7.247211012543822e-10,2.6409619018218327,2.1714642999955998e-10,-7.227116593238777e-09
4.976995399079816,PASSED,-0.2628343647793006,-4.085691899954185e-11,7.626233186966373e-11,2.640961901822047,2.1156719296169942e-10,-4.480650667608417e-09
4.977995599119824,PASSED,-0.2628343647793414,-4.0740944354411636e-11,1.424495206372539e-10,2.640961901822259,2.1086166691693568e-10,1.8112237037993864e-09
4.978995799159832,PASSED,-0.2628343647793819,-4.02970276123519e-11,6.448948896747187e-10,2.64096190182247,2.1158260075406367e-10,-5.926073986256172e-12
4.97999599919984,PASSED,-0.2628343647794221,-4.000804485282213e-11,5.170800609981582e-11,2.640961901822681,2.1071879466046702e-10,-1.4357261066702455e-09
4.980996199239848,PASSED,-0.26283436477946204,-3.98443473420734e-11,2.3835718051467053e-10,2.640961901822888,2.0464004345896495e-10,-9.174101264723305e-09
4.981996399279856,PASSED,-0.26283436477950173,-3.953208366066409e-11,3.6153468200573933e-10,2.640961901823097,2.0885876165638084e-10,1.3147264505508694e-08
4.982996599319864,PASSED,-0.26283436477954114,-3.9326207546416645e-11,1.0210373574190807e-10,2.640961901823304,2.094510458146072e-10,-7.777702739961851e-09
4.983996799359872,PASSED,-0.2628343647795803,-3.9046879014621146e-11,3.9747839583123203e-10,2.6409619018235087,2.005807905251792e-10,-9.598623655738748e-09
4.98499699939988,PASSED,-0.2628343647796192,-3.879419308667791e-11,1.5615761601790432e-10,2.6409619018237094,1.9790403677898714e-10,1.9378261935057684e-09
4.985997199439888,PASSED,-0.2628343647796578,-3.8443403546072133e-11,4.805441569976867e-10,2.640961901823911,2.0421821473794324e-10,9.231745802589616e-09
4.986997399479896,PASSED,-0.2628343647796962,-3.817024142641427e-11,1.3490742809798346e-10,2.640961901824112,2.0178970961837545e-10,-1.0202005734339375e-08
4.987997599519904,PASSED,-0.2628343647797343,-3.803912120982924e-11,1.285954089097311e-10,2.6409619018243102,1.936351085728877e-10,-6.789664586253322e-09
4.988997799559912,PASSED,-0.2628343647797722,-3.77677542298529e-11,3.665480273540713e-10,2.640961901824509,1.9920744981556425e-10,1.3813678461963137e-08
4.98999799959992,PASSED,-0.2628343647798098,-3.756329465854431e-11,9.640060061160697e-11,2.6409619018247055,1.9781525341599305e-10,-1.1529446307260758e-08
4.990998199639928,PASSED,-0.26283436477984723,-3.726205396135467e-11,4.3780076157499733e-10,2.6409619018249,1.904129405263606e-10,-4.650890611213594e-09
4.991998399679936,PASSED,-0.26283436477988437,-3.702840671345473e-11,9.754490544990621e-11,2.640961901825093,1.9287915702584092e-10,7.210954573276261e-09
4.992998599719944,PASSED,-0.26283436477992134,-3.688264571943354e-11,1.779050530687153e-10,2.6409619018252863,1.9492311381710056e-10,-1.4007083967514588e-09
4.993998799759952,PASSED,-0.262834364779958,-3.6507475078378305e-11,5.066810330462465e-10,2.6409619018254773,1.8816049367758453e-10,-1.0337227968025767e-08
4.99499899979996,PASSED,-0.26283436477999444,-3.6303813478108944e-11,1.6486450847767084e-12,2.6409619018256674,1.8806028915381692e-10,6.724477772404504e-09
4.995999199839968,PASSED,-0.26283436478003064,-3.617144998535478e-11,2.1950672453375013e-10,2.6409619018258588,1.9542381319553932e-10,7.789554887934362e-09
4.996999399879976,PASSED,-0.26283436478006666,-3.587036810087493e-11,3.5546532444391783e-10,2.6409619018260475,1.8706912634291564e-10,-1.911751467966241e-08
4.997999599919984,PASSED,-0.26283436478010247,-3.573743443830382e-11,-1.542077867744086e-11,2.6409619018262336,1.806691819313585e-10,2.078435767179665e-09
4.998999799959992,PASSED,-0.26283436478013805,-3.548867673978366e-11,4.2487668331856087e-10,2.6409619018264197,1.8924733564666394e-10,1.2911299014055948e-08
5.0,PASSED,-0.2628343647801734,-3.5206004942371465e-11,1.878685401412808e-10,2.6409619018266026,1.8308648138375226e-10,-1.887562311422341e-08
